State/UT,District,Market,Commodity Group,Commodity,Variety,Grade,Min Price,Max Price,Modal Price,Price Unit,Price Date,price_order_flag,statistical_outlier_flag,price_lag_1,price_lag_2,price_lag_3,price_lag_7,price_lag_14,price_lag_30,price_ma_3,price_ma_7,price_ma_14,price_ma_30,price_std_7,price_std_14,price_std_30,price_change_1,price_change_1_pct,price_change_3,price_change_3_pct,price_change_7,price_change_7_pct,price_change_14,price_change_14_pct,price_range,price_range_pct,year,month,day,day_of_week,day_of_year,week_of_year,is_weekend,month_sin,month_cos,day_of_year_sin,day_of_year_cos,price_next_observation,price_after_3_observations,price_after_7_observations,future_price_change_3,future_price_change_7,target_date_3,target_date_7
Maharashtra,Wardha,APMC Hinganghat,Fibre Crops,Cotton,Other,FAQ,6000.0,7160.0,6500.0,Rs./Quintal,2024-01-01,0,0,,,,,,,,,,,,,,,,,,,,,,1160.0,0.17846153846153845,2024,1,1,0,1,1,0,0.49999999999999994,0.8660254037844387,0.017201575418260506,0.9998520419557735,6500.0,6500.0,6500.0,0.0,0.0,2024-01-04,2024-01-09
Maharashtra,Wardha,APMC Hinganghat,Fibre Crops,Cotton,Other,FAQ,6000.0,7150.0,6500.0,Rs./Quintal,2024-01-02,0,0,6500.0,,,,,,,,,,,,,0.0,0.0,,,,,,,1150.0,0.17692307692307693,2024,1,2,1,2,1,0,0.49999999999999994,0.8660254037844387,0.03439806061360801,0.9994082116062598,6500.0,6600.0,6500.0,100.0,0.0,2024-01-05,2024-01-10
Maharashtra,Wardha,APMC Hinganghat,Fibre Crops,Cotton,Other,FAQ,6100.0,7150.0,6500.0,Rs./Quintal,2024-01-03,0,0,6500.0,6500.0,,,,,,,,,,,,0.0,0.0,,,,,,,1050.0,0.16153846153846155,2024,1,3,2,3,1,0,0.49999999999999994,0.8660254037844387,0.051584366869408364,0.9986686402879997,6500.0,6500.0,6500.0,0.0,0.0,2024-01-06,2024-01-11
Maharashtra,Wardha,APMC Hinganghat,Fibre Crops,Cotton,Other,FAQ,6000.0,7175.0,6500.0,Rs./Quintal,2024-01-04,0,0,6500.0,6500.0,6500.0,,,,6500.0,,,,,,,0.0,0.0,0.0,0.0,,,,,1175.0,0.18076923076923077,2024,1,4,3,4,1,0,0.49999999999999994,0.8660254037844387,0.06875540848113941,0.9976335468520451,6600.0,6500.0,6500.0,0.0,0.0,2024-01-08,2024-01-12
Maharashtra,Wardha,APMC Hinganghat,Fibre Crops,Cotton,Other,FAQ,6000.0,7205.0,6600.0,Rs./Quintal,2024-01-05,0,0,6500.0,6500.0,6500.0,,,,6500.0,,,,,,,100.0,0.015384615384615385,100.0,0.015384615384615385,,,,,1205.0,0.18257575757575759,2024,1,5,4,5,1,0,0.49999999999999994,0.8660254037844387,0.08590610426133272,0.9963032375991965,6500.0,6500.0,6500.0,-100.0,-100.0,2024-01-09,2024-01-13
Maharashtra,Wardha,APMC Hinganghat,Fibre Crops,Cotton,Other,FAQ,6000.0,7145.0,6500.0,Rs./Quintal,2024-01-06,0,0,6600.0,6500.0,6500.0,,,,6533.333333333333,,,,,,,-100.0,-0.015151515151515152,0.0,0.0,,,,,1145.0,0.17615384615384616,2024,1,6,5,6,1,1,0.49999999999999994,0.8660254037844387,0.10303137904317879,0.9946781061893646,6500.0,6500.0,6500.0,0.0,0.0,2024-01-10,2024-01-15
Maharashtra,Wardha,APMC Hinganghat,Fibre Crops,Cotton,Other,FAQ,6000.0,7195.0,6500.0,Rs./Quintal,2024-01-08,0,0,6500.0,6600.0,6500.0,,,,6533.333333333333,,,,,,,0.0,0.0,0.0,0.0,,,,,1195.0,0.18384615384615385,2024,1,8,0,8,2,0,0.49999999999999994,0.8660254037844387,0.13718540405660057,0.9905453876091833,6500.0,6500.0,6500.0,0.0,0.0,2024-01-11,2024-01-16
Maharashtra,Wardha,APMC Hinganghat,Fibre Crops,Cotton,Other,FAQ,6000.0,7160.0,6500.0,Rs./Quintal,2024-01-09,0,0,6500.0,6500.0,6600.0,6500.0,,,6533.333333333333,6514.285714285715,,,37.79644730092276,,,0.0,0.0,-100.0,-0.015151515151515152,0.0,0.0,,,1160.0,0.17846153846153845,2024,1,9,1,9,2,0,0.49999999999999994,0.8660254037844387,0.1542040475626894,0.988039023376751,6500.0,6500.0,6500.0,0.0,0.0,2024-01-12,2024-01-17
Maharashtra,Wardha,APMC Hinganghat,Fibre Crops,Cotton,Other,FAQ,6000.0,7140.0,6500.0,Rs./Quintal,2024-01-10,0,0,6500.0,6500.0,6500.0,6500.0,,,6500.0,6514.285714285715,,,37.79644730092276,,,0.0,0.0,0.0,0.0,0.0,0.0,,,1140.0,0.1753846153846154,2024,1,10,2,10,2,0,0.49999999999999994,0.8660254037844387,0.17117705961019986,0.985240282501282,6500.0,6500.0,6500.0,0.0,0.0,2024-01-13,2024-01-18
Maharashtra,Wardha,APMC Hinganghat,Fibre Crops,Cotton,Other,FAQ,6000.0,7145.0,6500.0,Rs./Quintal,2024-01-11,0,0,6500.0,6500.0,6500.0,6500.0,,,6500.0,6514.285714285715,,,37.79644730092276,,,0.0,0.0,0.0,0.0,0.0,0.0,,,1145.0,0.17615384615384616,2024,1,11,3,11,2,0,0.49999999999999994,0.8660254037844387,0.18809941761179758,0.9821499931752291,6500.0,6500.0,6400.0,0.0,-100.0,2024-01-15,2024-01-19
Maharashtra,Wardha,APMC Hinganghat,Fibre Crops,Cotton,Other,FAQ,6000.0,7160.0,6500.0,Rs./Quintal,2024-01-12,0,0,6500.0,6500.0,6500.0,6500.0,,,6500.0,6514.285714285715,,,37.79644730092276,,,0.0,0.0,0.0,0.0,0.0,0.0,,,1160.0,0.17846153846153845,2024,1,12,4,12,2,0,0.49999999999999994,0.8660254037844387,0.20496611396949532,0.9787690698649216,6500.0,6500.0,6400.0,0.0,-100.0,2024-01-16,2024-01-20
Maharashtra,Wardha,APMC Hinganghat,Fibre Crops,Cotton,Other,FAQ,6000.0,7195.0,6500.0,Rs./Quintal,2024-01-13,0,0,6500.0,6500.0,6500.0,6600.0,,,6500.0,6514.285714285715,,,37.79644730092276,,,0.0,0.0,0.0,0.0,-100.0,-0.015151515151515152,,,1195.0,0.18384615384615385,2024,1,13,5,13,2,1,0.49999999999999994,0.8660254037844387,0.22177215755648186,0.975098513039961,6500.0,6500.0,6400.0,0.0,-100.0,2024-01-17,2024-01-23
Maharashtra,Wardha,APMC Hinganghat,Fibre Crops,Cotton,Other,FAQ,6000.0,7160.0,6500.0,Rs./Quintal,2024-01-15,0,0,6500.0,6500.0,6500.0,6500.0,,,6500.0,6500.0,,,0.0,,,0.0,0.0,0.0,0.0,0.0,0.0,,,1160.0,0.17846153846153845,2024,1,15,0,15,3,0,0.49999999999999994,0.8660254037844387,0.2551824131233728,0.9668929289391521,6500.0,6500.0,6400.0,0.0,-100.0,2024-01-18,2024-01-24
Maharashtra,Wardha,APMC Hinganghat,Fibre Crops,Cotton,Other,FAQ,6000.0,7145.0,6500.0,Rs./Quintal,2024-01-16,0,0,6500.0,6500.0,6500.0,6500.0,,,6500.0,6500.0,,,0.0,,,0.0,0.0,0.0,0.0,0.0,0.0,,,1145.0,0.17615384615384616,2024,1,16,1,16,3,0,0.49999999999999994,0.8660254037844387,0.2717767384711357,0.9623603298276545,6500.0,6400.0,6500.0,-100.0,0.0,2024-01-19,2024-01-25
Maharashtra,Wardha,APMC Hinganghat,Fibre Crops,Cotton,Other,FAQ,6000.0,7100.0,6500.0,Rs./Quintal,2024-01-17,0,0,6500.0,6500.0,6500.0,6500.0,6500.0,,6500.0,6500.0,6507.142857142857,,0.0,26.726124191242462,,0.0,0.0,0.0,0.0,0.0,0.0,0.0,0.0,1100.0,0.16923076923076924,2024,1,17,2,17,3,0,0.49999999999999994,0.8660254037844387,0.2882906407095177,0.9575429528116719,6500.0,6400.0,6500.0,-100.0,0.0,2024-01-20,2024-01-27
Maharashtra,Wardha,APMC Hinganghat,Fibre Crops,Cotton,Other,FAQ,6000.0,7111.0,6500.0,Rs./Quintal,2024-01-18,0,0,6500.0,6500.0,6500.0,6500.0,6500.0,,6500.0,6500.0,6507.142857142857,,0.0,26.726124191242462,,0.0,0.0,0.0,0.0,0.0,0.0,0.0,0.0,1111.0,0.17092307692307693,2024,1,18,3,18,3,0,0.49999999999999994,0.8660254037844387,0.3047192331091634,0.9524422234305676,6400.0,6400.0,6400.0,-100.0,-100.0,2024-01-23,2024-01-29
Maharashtra,Wardha,APMC Hinganghat,Fibre Crops,Cotton,Other,FAQ,6000.0,7070.0,6400.0,Rs./Quintal,2024-01-19,0,0,6500.0,6500.0,6500.0,6500.0,6500.0,,6500.0,6500.0,6507.142857142857,,0.0,26.726124191242462,,-100.0,-0.015384615384615385,-100.0,-0.015384615384615385,-100.0,-0.015384615384615385,-100.0,-0.015384615384615385,1070.0,0.1671875,2024,1,19,4,19,3,0,0.49999999999999994,0.8660254037844387,0.321057654185271,0.9470596510722283,6400.0,6400.0,6300.0,0.0,-100.0,2024-01-24,2024-01-30
Maharashtra,Wardha,APMC Hinganghat,Fibre Crops,Cotton,Other,FAQ,6000.0,7145.0,6400.0,Rs./Quintal,2024-01-20,0,0,6400.0,6500.0,6500.0,6500.0,6500.0,,6466.666666666667,6485.714285714285,6500.0,,37.79644730092264,39.22322702763682,,0.0,0.0,-100.0,-0.015384615384615385,-100.0,-0.015384615384615385,-100.0,-0.015384615384615385,1145.0,0.17890625,2024,1,20,5,20,3,1,0.49999999999999994,0.8660254037844387,0.3373010691361842,0.9413968285264122,6400.0,6500.0,6300.0,100.0,-100.0,2024-01-25,2024-02-01
Maharashtra,Wardha,APMC Hinganghat,Fibre Crops,Cotton,Other,FAQ,6000.0,7140.0,6400.0,Rs./Quintal,2024-01-23,0,0,6400.0,6400.0,6500.0,6500.0,6600.0,,6433.333333333333,6471.428571428572,6492.857142857143,,48.795003647426554,47.46311465493237,,0.0,0.0,-100.0,-0.015384615384615385,-100.0,-0.015384615384615385,-200.0,-0.030303030303030304,1140.0,0.178125,2024,1,23,1,23,4,0,0.49999999999999994,0.8660254037844387,0.38541335945432564,0.9227440286201427,6400.0,6500.0,6300.0,100.0,-100.0,2024-01-27,2024-02-02
Maharashtra,Wardha,APMC Hinganghat,Fibre Crops,Cotton,Other,FAQ,6000.0,7130.0,6400.0,Rs./Quintal,2024-01-24,0,0,6400.0,6400.0,6400.0,6500.0,6500.0,,6400.0,6457.142857142857,6478.571428571428,,53.452248382484896,42.58153136263208,,0.0,0.0,0.0,0.0,-100.0,-0.015384615384615385,-100.0,-0.015384615384615385,1130.0,0.1765625,2024,1,24,2,24,4,0,0.49999999999999994,0.8660254037844387,0.4012289854475009,0.9159777842484877,6500.0,6400.0,6300.0,0.0,-100.0,2024-01-29,2024-02-03
Maharashtra,Wardha,APMC Hinganghat,Fibre Crops,Cotton,Other,FAQ,6000.0,7200.0,6500.0,Rs./Quintal,2024-01-25,0,0,6400.0,6400.0,6400.0,6500.0,6500.0,,6400.0,6442.857142857143,6471.428571428572,,53.45224838248516,46.88072309384963,,100.0,0.015625,100.0,0.015625,0.0,0.0,0.0,0.0,1200.0,0.18461538461538463,2024,1,25,3,25,4,0,0.49999999999999994,0.8660254037844387,0.4169258813287287,0.908940487313808,6500.0,6300.0,6400.0,-200.0,-100.0,2024-01-30,2024-02-05
Maharashtra,Wardha,APMC Hinganghat,Fibre Crops,Cotton,Other,FAQ,6000.0,7125.0,6500.0,Rs./Quintal,2024-01-27,0,0,6500.0,6400.0,6400.0,6500.0,6500.0,,6433.333333333333,6442.857142857143,6471.428571428572,,53.45224838248516,46.88072309384963,,0.0,0.0,100.0,0.015625,0.0,0.0,0.0,0.0,1125.0,0.17307692307692307,2024,1,27,5,27,4,1,0.49999999999999994,0.8660254037844387,0.44794493940789115,0.8940611451454876,6400.0,6300.0,6300.0,-200.0,-200.0,2024-02-01,2024-02-06
Maharashtra,Wardha,APMC Hinganghat,Fibre Crops,Cotton,Other,FAQ,6000.0,6980.0,6400.0,Rs./Quintal,2024-01-29,0,0,6500.0,6500.0,6400.0,6500.0,6500.0,,6466.666666666667,6442.857142857143,6471.428571428572,,53.45224838248516,46.88072309384963,,-100.0,-0.015384615384615385,0.0,0.0,-100.0,-0.015384615384615385,-100.0,-0.015384615384615385,980.0,0.153125,2024,1,29,0,29,5,0,0.49999999999999994,0.8660254037844387,0.4784338202547012,0.8781236129591848,6300.0,6300.0,6300.0,-100.0,-100.0,2024-02-02,2024-02-07
Maharashtra,Wardha,APMC Hinganghat,Fibre Crops,Cotton,Other,FAQ,6000.0,6930.0,6300.0,Rs./Quintal,2024-01-30,0,0,6400.0,6500.0,6500.0,6400.0,6500.0,,6466.666666666667,6428.571428571428,6464.285714285715,,48.795003647427414,49.72451580988482,,-100.0,-0.015625,-200.0,-0.03076923076923077,-100.0,-0.015625,-200.0,-0.03076923076923077,930.0,0.14761904761904762,2024,1,30,1,30,5,0,0.49999999999999994,0.8660254037844387,0.49346814167723735,0.8697638720650646,6300.0,6300.0,6300.0,0.0,0.0,2024-02-03,2024-02-08
Maharashtra,Wardha,APMC Hinganghat,Fibre Crops,Cotton,Other,FAQ,6000.0,6930.0,6300.0,Rs./Quintal,2024-02-01,0,0,6300.0,6400.0,6500.0,6400.0,6500.0,,6400.0,6414.285714285715,6450.0,,69.0065559342365,65.04436355879923,,0.0,0.0,-200.0,-0.03076923076923077,-100.0,-0.015625,-200.0,-0.03076923076923077,930.0,0.14761904761904762,2024,2,1,3,32,5,0,0.8660254037844386,0.5000000000000001,0.5230943033491326,0.8522748088519838,6300.0,6400.0,6300.0,100.0,0.0,2024-02-05,2024-02-12
Maharashtra,Wardha,APMC Hinganghat,Fibre Crops,Cotton,Other,FAQ,6000.0,6930.0,6300.0,Rs./Quintal,2024-02-02,0,0,6300.0,6300.0,6400.0,6400.0,6500.0,,6333.333333333333,6400.0,6435.714285714285,,81.64965809277406,74.49463436684925,,0.0,0.0,-100.0,-0.015625,-100.0,-0.015625,-200.0,-0.03076923076923077,930.0,0.14761904761904762,2024,2,2,4,33,5,0,0.8660254037844386,0.5000000000000001,0.5376773767406141,0.8431506618282,6300.0,6300.0,6400.0,0.0,100.0,2024-02-06,2024-02-13
Maharashtra,Wardha,APMC Hinganghat,Fibre Crops,Cotton,Other,FAQ,6000.0,6960.0,6300.0,Rs./Quintal,2024-02-03,0,0,6300.0,6300.0,6300.0,6400.0,6500.0,,6300.0,6385.714285714285,6421.428571428572,,89.97354108424565,80.17837257372733,,0.0,0.0,0.0,0.0,-100.0,-0.015625,-200.0,-0.03076923076923077,960.0,0.1523809523809524,2024,2,3,5,34,5,1,0.8660254037844386,0.5000000000000001,0.5521013427459208,0.8337770129585915,6400.0,6300.0,6500.0,0.0,200.0,2024-02-07,2024-02-14
Maharashtra,Wardha,APMC Hinganghat,Fibre Crops,Cotton,Other,FAQ,6000.0,6925.0,6400.0,Rs./Quintal,2024-02-05,0,0,6300.0,6300.0,6300.0,6500.0,6500.0,,6300.0,6371.428571428572,6407.142857142857,,95.11897312113665,82.87419301647448,,100.0,0.015873015873015872,100.0,0.015873015873015872,-100.0,-0.015384615384615385,-100.0,-0.015384615384615385,925.0,0.14453125,2024,2,5,0,36,6,0,0.8660254037844386,0.5000000000000001,0.580454927809098,0.8142923779467267,6300.0,6300.0,6600.0,-100.0,200.0,2024-02-08,2024-02-15
Maharashtra,Wardha,APMC Hinganghat,Fibre Crops,Cotton,Other,FAQ,6000.0,6975.0,6300.0,Rs./Quintal,2024-02-06,0,0,6400.0,6300.0,6300.0,6500.0,6500.0,,6333.333333333333,6357.142857142857,6400.0,,78.67957924694807,78.44645405527359,,-100.0,-0.015625,0.0,0.0,-200.0,-0.03076923076923077,-200.0,-0.03076923076923077,975.0,0.15476190476190477,2024,2,6,1,37,6,0,0.8660254037844386,0.5000000000000001,0.5943761565849831,0.804187157621448,6300.0,6300.0,6600.0,0.0,300.0,2024-02-12,2024-02-16
Maharashtra,Wardha,APMC Hinganghat,Fibre Crops,Cotton,Other,FAQ,6000.0,6985.0,6300.0,Rs./Quintal,2024-02-07,0,0,6300.0,6400.0,6300.0,6400.0,6500.0,,6333.333333333333,6328.571428571428,6385.714285714285,,48.79500364743569,77.03288865196434,,0.0,0.0,0.0,0.0,-100.0,-0.015625,-200.0,-0.03076923076923077,985.0,0.15634920634920635,2024,2,7,2,38,6,0,0.8660254037844386,0.5000000000000001,0.6081214998935418,0.7938439653781019,6300.0,6400.0,6500.0,100.0,200.0,2024-02-13,2024-02-17
Maharashtra,Wardha,APMC Hinganghat,Fibre Crops,Cotton,Other,FAQ,6000.0,6960.0,6300.0,Rs./Quintal,2024-02-08,0,0,6300.0,6300.0,6400.0,6300.0,6400.0,6500.0,6333.333333333333,6314.285714285715,6371.428571428572,6443.333333333333,37.796447300936265,72.62730392025637,85.83598366625698,0.0,0.0,-100.0,-0.015625,0.0,0.0,-100.0,-0.015625,960.0,0.1523809523809524,2024,2,8,3,39,6,0,0.8660254037844386,0.5000000000000001,0.6216868902665479,0.7832658619336791,6300.0,6500.0,6500.0,200.0,200.0,2024-02-14,2024-02-19
Maharashtra,Wardha,APMC Hinganghat,Fibre Crops,Cotton,Other,FAQ,6000.0,6945.0,6300.0,Rs./Quintal,2024-02-12,0,0,6300.0,6300.0,6300.0,6300.0,6400.0,6500.0,6300.0,6314.285714285715,6364.285714285715,6436.666666666667,37.796447300936265,74.49463436684931,88.99179866642179,0.0,0.0,0.0,0.0,0.0,0.0,-100.0,-0.015625,945.0,0.15,2024,2,12,0,43,7,0,0.8660254037844386,0.5000000000000001,0.6740694616546162,0.7386679638813748,6400.0,6600.0,6500.0,300.0,200.0,2024-02-15,2024-02-20
Maharashtra,Wardha,APMC Hinganghat,Fibre Crops,Cotton,Other,FAQ,6000.0,7001.0,6400.0,Rs./Quintal,2024-02-13,0,0,6300.0,6300.0,6300.0,6300.0,6400.0,6500.0,6300.0,6314.285714285715,6357.142857142857,6430.0,37.796447300936265,75.5928946018456,91.53857298880872,100.0,0.015873015873015872,100.0,0.015873015873015872,100.0,0.015873015873015872,0.0,0.0,1001.0,0.15640625,2024,2,13,1,44,7,0,0.8660254037844386,0.5000000000000001,0.6866759803451553,0.726963615332308,6500.0,6600.0,6500.0,200.0,100.0,2024-02-16,2024-02-21
Maharashtra,Wardha,APMC Hinganghat,Fibre Crops,Cotton,Other,FAQ,6000.0,7160.0,6500.0,Rs./Quintal,2024-02-14,0,0,6400.0,6300.0,6300.0,6300.0,6400.0,6500.0,6333.333333333333,6328.571428571428,6357.142857142857,6426.666666666667,48.79500364743569,75.5928946018456,90.7187139319729,100.0,0.015625,200.0,0.031746031746031744,200.0,0.031746031746031744,100.0,0.015625,1160.0,0.17846153846153845,2024,2,14,2,45,7,0,0.8660254037844386,0.5000000000000001,0.6990793005655562,0.7150441465537444,6600.0,6500.0,6500.0,0.0,0.0,2024-02-17,2024-02-22
Maharashtra,Wardha,APMC Hinganghat,Fibre Crops,Cotton,Other,FAQ,6000.0,7300.0,6600.0,Rs./Quintal,2024-02-15,0,0,6500.0,6400.0,6300.0,6400.0,6500.0,6600.0,6400.0,6357.142857142857,6364.285714285715,6426.666666666667,78.67957924694807,84.18973861410964,90.7187139319729,100.0,0.015384615384615385,300.0,0.047619047619047616,200.0,0.03125,100.0,0.015384615384615385,1300.0,0.19696969696969696,2024,2,15,3,46,7,0,0.8660254037844386,0.5000000000000001,0.7112757519738152,0.7029130847082615,6600.0,6500.0,6500.0,-100.0,-100.0,2024-02-19,2024-02-23
Maharashtra,Wardha,APMC Hinganghat,Fibre Crops,Cotton,Other,FAQ,6000.0,7325.0,6600.0,Rs./Quintal,2024-02-16,0,0,6600.0,6500.0,6400.0,6300.0,6500.0,6500.0,6500.0,6385.714285714285,6371.428571428572,6426.666666666667,121.49857925879225,99.44903161976947,90.7187139319729,0.0,0.0,200.0,0.03125,300.0,0.047619047619047616,100.0,0.015384615384615385,1325.0,0.20075757575757575,2024,2,16,4,47,7,0,0.8660254037844386,0.5000000000000001,0.7232617254437388,0.6905740195722293,6500.0,6500.0,6500.0,-100.0,-100.0,2024-02-20,2024-02-24
Maharashtra,Wardha,APMC Hinganghat,Fibre Crops,Cotton,Other,FAQ,6000.0,7370.0,6500.0,Rs./Quintal,2024-02-17,0,0,6600.0,6600.0,6500.0,6300.0,6400.0,6500.0,6566.666666666667,6428.571428571428,6378.571428571428,6430.0,138.0131118684701,112.17137594956024,95.23111632886206,-100.0,-0.015151515151515152,0.0,0.0,200.0,0.031746031746031744,100.0,0.015625,1370.0,0.21076923076923076,2024,2,17,5,48,7,1,0.8660254037844386,0.5000000000000001,0.7350336741329412,0.6780306024735382,6500.0,6500.0,6700.0,0.0,200.0,2024-02-21,2024-02-27
Maharashtra,Wardha,APMC Hinganghat,Fibre Crops,Cotton,Other,FAQ,6000.0,7340.0,6500.0,Rs./Quintal,2024-02-19,0,0,6500.0,6600.0,6600.0,6300.0,6300.0,6500.0,6566.666666666667,6457.142857142857,6385.714285714285,6430.0,127.24180205606838,116.73205911990762,95.23111632886206,0.0,0.0,-100.0,-0.015151515151515152,200.0,0.031746031746031744,200.0,0.031746031746031744,1340.0,0.20615384615384616,2024,2,19,0,50,8,0,0.8660254037844386,0.5000000000000001,0.7579216274973472,0.6523456189565257,6500.0,6500.0,6500.0,0.0,0.0,2024-02-22,2024-02-28
Maharashtra,Wardha,APMC Hinganghat,Fibre Crops,Cotton,Other,FAQ,6000.0,7310.0,6500.0,Rs./Quintal,2024-02-20,0,0,6500.0,6500.0,6600.0,6300.0,6300.0,6500.0,6533.333333333333,6485.714285714285,6400.0,6430.0,106.90449676496604,117.66968108291012,95.23111632886206,0.0,0.0,-100.0,-0.015151515151515152,200.0,0.031746031746031744,200.0,0.031746031746031744,1310.0,0.20153846153846153,2024,2,20,1,51,8,0,0.8660254037844386,0.5000000000000001,0.7690308592589181,0.6392116531380588,6500.0,6500.0,6500.0,0.0,0.0,2024-02-23,2024-02-29
Maharashtra,Wardha,APMC Hinganghat,Fibre Crops,Cotton,Other,FAQ,6000.0,7345.0,6500.0,Rs./Quintal,2024-02-21,0,0,6500.0,6500.0,6500.0,6400.0,6300.0,6500.0,6500.0,6514.285714285715,6414.285714285715,6430.0,69.00655593422765,116.73205911990719,95.23111632886206,0.0,0.0,0.0,0.0,100.0,0.015625,200.0,0.031746031746031744,1345.0,0.20692307692307693,2024,2,21,2,52,8,0,0.8660254037844386,0.5000000000000001,0.7799125224167177,0.6258885343075018,6500.0,6500.0,6500.0,0.0,0.0,2024-02-24,2024-03-01
Maharashtra,Wardha,APMC Hinganghat,Fibre Crops,Cotton,Other,FAQ,6000.0,7245.0,6500.0,Rs./Quintal,2024-02-22,0,0,6500.0,6500.0,6500.0,6500.0,6300.0,6500.0,6500.0,6528.571428571428,6428.571428571428,6430.0,48.79500364741433,113.87288073563785,95.23111632886206,0.0,0.0,0.0,0.0,0.0,0.0,200.0,0.031746031746031744,1245.0,0.19153846153846155,2024,2,22,3,53,8,0,0.8660254037844386,0.5000000000000001,0.7905633969115482,0.612380204990065,6500.0,6700.0,6500.0,200.0,0.0,2024-02-27,2024-03-04
Maharashtra,Wardha,APMC Hinganghat,Fibre Crops,Cotton,Other,FAQ,6000.0,7370.0,6500.0,Rs./Quintal,2024-02-23,0,0,6500.0,6500.0,6500.0,6600.0,6400.0,6500.0,6500.0,6528.571428571428,6442.857142857143,6430.0,48.79500364741433,108.94095588038347,95.23111632886206,0.0,0.0,0.0,0.0,-100.0,-0.015151515151515152,100.0,0.015625,1370.0,0.21076923076923076,2024,2,23,4,54,8,0,0.8660254037844386,0.5000000000000001,0.8009803309782905,0.5986906625177214,6500.0,6500.0,6500.0,0.0,0.0,2024-02-28,2024-03-05
Maharashtra,Wardha,APMC Hinganghat,Fibre Crops,Cotton,Other,FAQ,6000.0,7370.0,6500.0,Rs./Quintal,2024-02-24,0,0,6500.0,6500.0,6500.0,6600.0,6300.0,6500.0,6500.0,6514.285714285715,6450.0,6430.0,37.79644730090832,109.19284281983272,95.23111632886206,0.0,0.0,0.0,0.0,-100.0,-0.015151515151515152,200.0,0.031746031746031744,1370.0,0.21076923076923076,2024,2,24,5,55,8,1,0.8660254037844386,0.5000000000000001,0.8111602420785621,0.5848239578463322,6700.0,6500.0,6500.0,0.0,0.0,2024-02-29,2024-03-06
Maharashtra,Wardha,APMC Hinganghat,Fibre Crops,Cotton,Other,FAQ,6000.0,7530.0,6700.0,Rs./Quintal,2024-02-27,0,0,6500.0,6500.0,6500.0,6500.0,6300.0,6500.0,6500.0,6500.0,6464.285714285715,6430.0,0.0,100.82080720186138,95.23111632886206,200.0,0.03076923076923077,200.0,0.03076923076923077,200.0,0.03076923076923077,400.0,0.06349206349206349,1530.0,0.22835820895522388,2024,2,27,1,58,9,0,0.8660254037844386,0.5000000000000001,0.8402480696078469,0.5422021592729844,6500.0,6500.0,6500.0,-200.0,-200.0,2024-03-01,2024-03-07
Maharashtra,Wardha,APMC Hinganghat,Fibre Crops,Cotton,Other,FAQ,6000.0,7785.0,6500.0,Rs./Quintal,2024-02-28,0,0,6700.0,6500.0,6500.0,6500.0,6300.0,6500.0,6566.666666666667,6528.571428571428,6492.857142857143,6436.666666666667,75.59289460184547,107.16117059605196,106.6199610389814,-200.0,-0.029850746268656716,0.0,0.0,0.0,0.0,200.0,0.031746031746031744,1785.0,0.2746153846153846,2024,2,28,2,59,9,0,0.8660254037844386,0.5000000000000001,0.8494504794814806,0.527668345562516,6500.0,6500.0,6500.0,0.0,0.0,2024-03-04,2024-03-09
Maharashtra,Wardha,APMC Hinganghat,Fibre Crops,Cotton,Other,FAQ,6000.0,7700.0,6500.0,Rs./Quintal,2024-02-29,0,0,6500.0,6700.0,6500.0,6500.0,6300.0,6500.0,6566.666666666667,6528.571428571428,6507.142857142857,6436.666666666667,75.59289460184547,91.68747682531702,106.6199610389814,0.0,0.0,0.0,0.0,0.0,0.0,200.0,0.031746031746031744,1700.0,0.26153846153846155,2024,2,29,3,60,9,0,0.8660254037844386,0.5000000000000001,0.8584015232918917,0.512978386299228,6500.0,6500.0,7000.0,0.0,500.0,2024-03-05,2024-03-11
Maharashtra,Wardha,APMC Hinganghat,Fibre Crops,Cotton,Other,FAQ,6200.0,7770.0,6500.0,Rs./Quintal,2024-03-01,0,0,6500.0,6500.0,6700.0,6500.0,6400.0,6400.0,6566.666666666667,6528.571428571428,6521.428571428572,6436.666666666667,75.59289460184547,69.92932067530407,106.6199610389814,0.0,0.0,-200.0,-0.029850746268656716,0.0,0.0,100.0,0.015625,1570.0,0.24153846153846154,2024,3,1,4,61,9,0,1.0,6.123233995736766e-17,0.8670985522812081,0.4981366284784055,6500.0,6500.0,7000.0,0.0,500.0,2024-03-06,2024-03-12
Maharashtra,Wardha,APMC Hinganghat,Fibre Crops,Cotton,Other,FAQ,6000.0,7635.0,6500.0,Rs./Quintal,2024-03-04,0,0,6500.0,6500.0,6500.0,6500.0,6500.0,6400.0,6500.0,6528.571428571428,6528.571428571428,6440.0,75.59289460184547,61.1249845502094,106.9966161243843,0.0,0.0,0.0,0.0,0.0,0.0,0.0,0.0,1635.0,0.25153846153846154,2024,3,4,0,64,10,0,1.0,6.123233995736766e-17,0.8916401947968874,0.45274469960737107,6500.0,6500.0,7000.0,0.0,500.0,2024-03-07,2024-03-13
Maharashtra,Wardha,APMC Hinganghat,Fibre Crops,Cotton,Other,FAQ,6000.0,7700.0,6500.0,Rs./Quintal,2024-03-05,0,0,6500.0,6500.0,6500.0,6500.0,6600.0,6400.0,6500.0,6528.571428571428,6528.571428571428,6443.333333333333,75.59289460184547,61.1249845502094,107.2648457158107,0.0,0.0,0.0,0.0,0.0,0.0,-100.0,-0.015151515151515152,1700.0,0.26153846153846155,2024,3,5,1,65,10,0,1.0,6.123233995736766e-17,0.8992961915530253,0.4373400963303323,6500.0,6500.0,4700.0,0.0,-1800.0,2024-03-09,2024-03-14
Maharashtra,Wardha,APMC Hinganghat,Fibre Crops,Cotton,Other,FAQ,6000.0,7785.0,6500.0,Rs./Quintal,2024-03-06,0,0,6500.0,6500.0,6500.0,6500.0,6600.0,6400.0,6500.0,6528.571428571428,6521.428571428572,6446.666666666667,75.59289460184547,57.89342235218071,107.42546199601544,0.0,0.0,0.0,0.0,0.0,0.0,-100.0,-0.015151515151515152,1785.0,0.2746153846153846,2024,3,6,2,66,10,0,1.0,6.123233995736766e-17,0.9066860720977985,0.4218060770826634,6500.0,7000.0,7000.0,500.0,500.0,2024-03-11,2024-03-15
Maharashtra,Wardha,APMC Hinganghat,Fibre Crops,Cotton,Other,FAQ,6000.0,7900.0,6500.0,Rs./Quintal,2024-03-07,0,0,6500.0,6500.0,6500.0,6700.0,6500.0,6500.0,6500.0,6528.571428571428,6514.285714285715,6450.0,75.59289460184547,53.45224838248149,107.47894741730084,0.0,0.0,0.0,0.0,-200.0,-0.029850746268656716,0.0,0.0,1900.0,0.2923076923076923,2024,3,7,3,67,10,0,1.0,6.123233995736766e-17,0.9138076496466615,0.4061472386305789,6500.0,7000.0,7000.0,500.0,500.0,2024-03-12,2024-03-16
Maharashtra,Wardha,APMC Hinganghat,Fibre Crops,Cotton,Other,FAQ,6000.0,7915.0,6500.0,Rs./Quintal,2024-03-09,0,0,6500.0,6500.0,6500.0,6500.0,6500.0,6500.0,6500.0,6500.0,6514.285714285715,6450.0,0.0,53.45224838248149,107.47894741730084,0.0,0.0,0.0,0.0,0.0,0.0,0.0,0.0,1915.0,0.2946153846153846,2024,3,9,5,69,10,1,1.0,6.123233995736766e-17,0.9272375462179537,0.374473674486883,7000.0,7000.0,6700.0,500.0,200.0,2024-03-13,2024-03-18
Maharashtra,Wardha,APMC Hinganghat,Fibre Crops,Cotton,Other,FAQ,6500.0,8095.0,7000.0,Rs./Quintal,2024-03-11,0,0,6500.0,6500.0,6500.0,6500.0,6500.0,6400.0,6500.0,6500.0,6514.285714285715,6450.0,0.0,53.45224838248149,107.47894741730084,500.0,0.07692307692307693,500.0,0.07692307692307693,500.0,0.07692307692307693,500.0,0.07692307692307693,1595.0,0.22785714285714287,2024,3,11,0,71,11,0,1.0,6.123233995736766e-17,0.9395699859530622,0.342356891994542,7000.0,4700.0,7000.0,-2300.0,0.0,2024-03-14,2024-03-19
Maharashtra,Wardha,APMC Hinganghat,Fibre Crops,Cotton,Other,FAQ,6500.0,8030.0,7000.0,Rs./Quintal,2024-03-12,0,0,7000.0,6500.0,6500.0,6500.0,6500.0,6300.0,6666.666666666667,6571.428571428572,6550.0,6470.0,188.98223650461358,140.05493427717636,146.56997857913996,0.0,0.0,500.0,0.07692307692307693,500.0,0.07692307692307693,500.0,0.07692307692307693,1530.0,0.21857142857142858,2024,3,12,1,72,11,0,1.0,6.123233995736766e-17,0.945320046913132,0.3261441535642696,7000.0,7000.0,6500.0,0.0,-500.0,2024-03-15,2024-03-22
Maharashtra,Wardha,APMC Hinganghat,Fibre Crops,Cotton,Other,FAQ,6500.0,7950.0,7000.0,Rs./Quintal,2024-03-13,0,0,7000.0,7000.0,6500.0,6500.0,6500.0,6300.0,6833.333333333333,6642.857142857143,6585.714285714285,6493.333333333333,243.97501823713313,183.37495365063654,172.0732268608302,0.0,0.0,500.0,0.07692307692307693,500.0,0.07692307692307693,500.0,0.07692307692307693,1450.0,0.20714285714285716,2024,3,13,2,73,11,0,1.0,6.123233995736766e-17,0.9507903724625832,0.3098349038318025,4700.0,7000.0,6500.0,0.0,-500.0,2024-03-16,2024-03-27
Maharashtra,Wardha,APMC Hinganghat,Fibre Crops,Cotton,Other,FAQ,4000.0,5640.0,4700.0,Rs./Quintal,2024-03-14,0,0,7000.0,7000.0,7000.0,6500.0,6500.0,6300.0,7000.0,6714.285714285715,6621.428571428572,6516.666666666667,267.26124191242417,211.8728625617477,191.33529575668663,-2300.0,-0.32857142857142857,-2300.0,-0.32857142857142857,-1800.0,-0.27692307692307694,-1800.0,-0.27692307692307694,1640.0,0.34893617021276596,2024,3,14,3,74,11,0,1.0,6.123233995736766e-17,0.9559793438440766,0.2934339689665273,7000.0,6700.0,6500.0,2000.0,1800.0,2024-03-18,2024-03-28
Maharashtra,Wardha,APMC Hinganghat,Fibre Crops,Cotton,Other,FAQ,6500.0,7845.0,7000.0,Rs./Quintal,2024-03-15,0,0,4700.0,7000.0,7000.0,6500.0,6500.0,6300.0,6233.333333333333,6457.142857142857,6492.857142857143,6463.333333333333,814.1603913585717,556.7270919804917,381.9038815103135,2300.0,0.48936170212765956,0.0,0.0,500.0,0.07692307692307693,500.0,0.07692307692307693,1345.0,0.19214285714285714,2024,3,15,4,75,11,0,1.0,6.123233995736766e-17,0.9608854255574977,0.27694620226893646,7000.0,7000.0,6700.0,0.0,-300.0,2024-03-19,2024-03-30
Maharashtra,Wardha,APMC Hinganghat,Fibre Crops,Cotton,Other,FAQ,6200.0,7865.0,7000.0,Rs./Quintal,2024-03-16,0,0,7000.0,4700.0,7000.0,6500.0,6700.0,6400.0,6233.333333333333,6528.571428571428,6528.571428571428,6486.666666666667,840.0680244565231,573.0197626187496,392.80892374628223,0.0,0.0,0.0,0.0,500.0,0.07692307692307693,300.0,0.04477611940298507,1665.0,0.23785714285714285,2024,3,16,5,76,11,1,1.0,6.123233995736766e-17,0.9655071658143364,0.2603764827344581,6700.0,6500.0,6700.0,-500.0,-300.0,2024-03-22,2024-04-01
Maharashtra,Wardha,APMC Hinganghat,Fibre Crops,Cotton,Other,FAQ,6000.0,7900.0,6700.0,Rs./Quintal,2024-03-18,0,0,7000.0,7000.0,4700.0,6500.0,6500.0,6300.0,6233.333333333333,6600.0,6550.0,6506.666666666667,858.2928793055821,585.3992720291916,403.376553208241,-300.0,-0.04285714285714286,2000.0,0.425531914893617,200.0,0.03076923076923077,200.0,0.03076923076923077,1900.0,0.2835820895522388,2024,3,18,0,78,12,0,1.0,6.123233995736766e-17,0.9738922359149924,0.22701082094141847,7000.0,6500.0,6800.0,-200.0,100.0,2024-03-27,2024-04-02
Maharashtra,Wardha,APMC Hinganghat,Fibre Crops,Cotton,Other,FAQ,6000.0,7905.0,7000.0,Rs./Quintal,2024-03-19,0,0,6700.0,7000.0,7000.0,7000.0,6500.0,6300.0,6900.0,6628.571428571428,6564.285714285715,6520.0,857.7378887016041,586.5244999239065,402.92037375417846,300.0,0.04477611940298507,0.0,0.0,0.0,0.0,500.0,0.07692307692307693,1905.0,0.27214285714285713,2024,3,19,1,79,12,0,1.0,6.123233995736766e-17,0.9776530844816641,0.2102247521189836,6500.0,6500.0,6500.0,-500.0,-500.0,2024-03-28,2024-04-03
Maharashtra,Wardha,APMC Hinganghat,Fibre Crops,Cotton,Other,FAQ,6000.0,7777.0,6500.0,Rs./Quintal,2024-03-22,0,0,7000.0,6700.0,7000.0,7000.0,6500.0,6300.0,6900.0,6628.571428571428,6600.0,6543.333333333333,857.7378887016041,597.4303950445411,409.9481324074643,-500.0,-0.07142857142857142,-500.0,-0.07142857142857142,-500.0,-0.07142857142857142,0.0,0.0,1777.0,0.2733846153846154,2024,3,22,4,82,12,0,1.0,6.123233995736766e-17,0.9871957872910085,0.15951325197263655,6500.0,6700.0,6600.0,200.0,100.0,2024-03-30,2024-04-04
Maharashtra,Wardha,APMC Hinganghat,Fibre Crops,Cotton,Other,FAQ,6000.0,7725.0,6500.0,Rs./Quintal,2024-03-27,0,0,6500.0,7000.0,6700.0,7000.0,6500.0,6300.0,6733.333333333333,6557.142857142857,6600.0,6550.0,842.332362861483,597.4303950445411,407.47329085305796,0.0,0.0,-200.0,-0.029850746268656716,-500.0,-0.07142857142857142,0.0,0.0,1725.0,0.2653846153846154,2024,3,27,2,87,13,0,1.0,6.123233995736766e-17,0.9972495210773451,0.07411742515094437,6500.0,6700.0,6500.0,200.0,0.0,2024-04-01,2024-04-05
Maharashtra,Wardha,APMC Hinganghat,Fibre Crops,Cotton,Other,FAQ,6000.0,7625.0,6500.0,Rs./Quintal,2024-03-28,0,0,6500.0,6500.0,7000.0,4700.0,6500.0,6400.0,6666.666666666667,6485.714285714285,6600.0,6556.666666666667,819.4074514114275,597.4303950445411,404.8697818186548,0.0,0.0,-500.0,-0.07142857142857142,1800.0,0.3829787234042553,0.0,0.0,1625.0,0.25,2024,3,28,3,88,13,0,1.0,6.123233995736766e-17,0.998376906467142,0.056952196034039754,6700.0,6800.0,6500.0,300.0,0.0,2024-04-02,2024-04-06
Maharashtra,Wardha,APMC Hinganghat,Fibre Crops,Cotton,Other,FAQ,6000.0,7800.0,6700.0,Rs./Quintal,2024-03-30,0,0,6500.0,6500.0,6500.0,7000.0,6500.0,6500.0,6500.0,6742.857142857143,6600.0,6560.0,250.7132682112028,597.4303950445411,403.94605307281256,200.0,0.03076923076923077,200.0,0.03076923076923077,-300.0,-0.04285714285714286,200.0,0.03076923076923077,1800.0,0.26865671641791045,2024,3,30,5,90,13,1,1.0,6.123233995736766e-17,0.9997451236925734,0.022576263041545485,6700.0,6500.0,6500.0,-200.0,-200.0,2024-04-03,2024-04-08
Maharashtra,Wardha,APMC Hinganghat,Fibre Crops,Cotton,Other,FAQ,6000.0,8025.0,6700.0,Rs./Quintal,2024-04-01,0,0,6700.0,6500.0,6500.0,7000.0,6500.0,6600.0,6566.666666666667,6700.0,6614.285714285715,6566.666666666667,223.60679774997803,597.2464287907432,404.57157700404554,0.0,0.0,200.0,0.03076923076923077,-300.0,-0.04285714285714286,200.0,0.03076923076923077,2025.0,0.30223880597014924,2024,4,1,0,92,14,0,0.8660254037844387,-0.49999999999999983,0.9999300657962057,-0.011826390691832589,6800.0,6600.0,6500.0,-100.0,-200.0,2024-04-04,2024-04-13
Maharashtra,Wardha,APMC Hinganghat,Fibre Crops,Cotton,Other,FAQ,6200.0,8050.0,6800.0,Rs./Quintal,2024-04-02,0,0,6700.0,6700.0,6500.0,6700.0,6500.0,6600.0,6633.333333333333,6657.142857142857,6628.571428571428,6570.0,181.26539343499178,596.6941897186158,405.26704690900414,100.0,0.014925373134328358,300.0,0.046153846153846156,100.0,0.014925373134328358,300.0,0.046153846153846156,1850.0,0.27205882352941174,2024,4,2,1,93,14,0,0.8660254037844387,-0.49999999999999983,0.9995786855478958,-0.029025013321975237,6500.0,6500.0,6500.0,-300.0,-300.0,2024-04-05,2024-04-15
Maharashtra,Wardha,APMC Hinganghat,Fibre Crops,Cotton,Other,FAQ,6000.0,7950.0,6500.0,Rs./Quintal,2024-04-03,0,0,6800.0,6700.0,6700.0,7000.0,7000.0,6500.0,6733.333333333333,6671.428571428572,6650.0,6576.666666666667,188.98223650461247,597.10841690472,407.41686973801984,-300.0,-0.04411764705882353,-200.0,-0.029850746268656716,-500.0,-0.07142857142857142,-500.0,-0.07142857142857142,1950.0,0.3,2024,4,3,2,94,14,0,0.8660254037844387,-0.49999999999999983,0.9989315138848577,-0.046215046983708354,6600.0,6500.0,6500.0,0.0,0.0,2024-04-06,2024-04-19
Maharashtra,Wardha,APMC Hinganghat,Fibre Crops,Cotton,Other,FAQ,6000.0,7950.0,6600.0,Rs./Quintal,2024-04-04,0,0,6500.0,6800.0,6700.0,6500.0,7000.0,6500.0,6666.666666666667,6600.0,6614.285714285715,6576.666666666667,129.09944487357762,589.4680037733406,407.41686973801984,100.0,0.015384615384615385,-100.0,-0.014925373134328358,100.0,0.015384615384615385,-400.0,-0.05714285714285714,1950.0,0.29545454545454547,2024,4,4,3,95,14,0,0.8660254037844387,-0.49999999999999983,0.9979887423155984,-0.06339140486951038,6500.0,6500.0,6500.0,-100.0,-100.0,2024-04-08,2024-04-22
Maharashtra,Wardha,APMC Hinganghat,Fibre Crops,Cotton,Other,FAQ,6000.0,7820.0,6500.0,Rs./Quintal,2024-04-05,0,0,6600.0,6500.0,6800.0,6500.0,7000.0,6500.0,6633.333333333333,6614.285714285715,6585.714285714285,6580.0,121.49857925878834,578.934223521839,407.1769927786638,-100.0,-0.015151515151515152,-300.0,-0.04411764705882353,0.0,0.0,-500.0,-0.07142857142857142,1820.0,0.28,2024,4,5,4,96,14,0,0.8660254037844387,-0.49999999999999983,0.9967506498213929,-0.08054900421874167,6500.0,6500.0,6500.0,0.0,0.0,2024-04-13,2024-04-24
Maharashtra,Wardha,APMC Hinganghat,Fibre Crops,Cotton,Other,FAQ,6000.0,7855.0,6500.0,Rs./Quintal,2024-04-06,0,0,6500.0,6600.0,6500.0,6500.0,4700.0,6500.0,6533.333333333333,6614.285714285715,6550.0,6580.0,121.49857925878834,566.7043728028273,407.1769927786638,0.0,0.0,0.0,0.0,0.0,0.0,1800.0,0.3829787234042553,1855.0,0.2853846153846154,2024,4,6,5,97,14,1,0.8660254037844387,-0.49999999999999983,0.9952176027737294,-0.09768276782171598,6500.0,6500.0,6500.0,0.0,0.0,2024-04-15,2024-04-27
Maharashtra,Wardha,APMC Hinganghat,Fibre Crops,Cotton,Other,FAQ,6000.0,7940.0,6500.0,Rs./Quintal,2024-04-08,0,0,6500.0,6500.0,6600.0,6700.0,7000.0,6500.0,6533.333333333333,6614.285714285715,6678.571428571428,6580.0,121.49857925878834,200.68563793835588,407.1769927786638,0.0,0.0,-100.0,-0.015151515151515152,-200.0,-0.029850746268656716,-500.0,-0.07142857142857142,1940.0,0.29846153846153844,2024,4,8,0,99,15,0,0.8660254037844387,-0.49999999999999983,0.9912685467787256,-0.13185851571739118,6500.0,6500.0,6500.0,0.0,0.0,2024-04-19,2024-04-29
Maharashtra,Wardha,APMC Hinganghat,Fibre Crops,Cotton,Other,FAQ,6000.0,7650.0,6500.0,Rs./Quintal,2024-04-13,0,0,6500.0,6500.0,6500.0,6700.0,7000.0,6500.0,6500.0,6585.714285714285,6642.857142857143,6580.0,121.4985792587877,182.7747066926739,407.1769927786638,0.0,0.0,0.0,0.0,-200.0,-0.029850746268656716,-500.0,-0.07142857142857142,1650.0,0.25384615384615383,2024,4,13,5,104,15,1,0.8660254037844387,-0.49999999999999983,0.9762766110869321,-0.21652708524481437,6500.0,6500.0,6500.0,0.0,0.0,2024-04-22,2024-04-30
Maharashtra,Wardha,APMC Hinganghat,Fibre Crops,Cotton,Other,FAQ,6000.0,7715.0,6500.0,Rs./Quintal,2024-04-15,0,0,6500.0,6500.0,6500.0,6800.0,6700.0,6500.0,6500.0,6557.142857142857,6607.142857142857,6580.0,113.38934190276382,154.24399110243579,407.1769927786638,0.0,0.0,0.0,0.0,-300.0,-0.04411764705882353,-200.0,-0.029850746268656716,1715.0,0.26384615384615384,2024,4,15,0,106,16,0,0.8660254037844387,-0.49999999999999983,0.9682507501166718,-0.2499809690726521,6500.0,6500.0,6500.0,0.0,0.0,2024-04-24,2024-05-02
Maharashtra,Wardha,APMC Hinganghat,Fibre Crops,Cotton,Other,FAQ,6000.0,7565.0,6500.0,Rs./Quintal,2024-04-19,0,0,6500.0,6500.0,6500.0,6500.0,7000.0,6700.0,6500.0,6514.285714285715,6592.857142857143,6580.0,37.796447300906905,154.2439911024357,407.1769927786638,0.0,0.0,0.0,0.0,0.0,0.0,-500.0,-0.07142857142857142,1565.0,0.24076923076923076,2024,4,19,4,110,16,0,0.8660254037844387,-0.49999999999999983,0.9487718864399473,-0.31596187665790293,6500.0,6500.0,6500.0,0.0,0.0,2024-04-27,2024-05-03
Maharashtra,Wardha,APMC Hinganghat,Fibre Crops,Cotton,Other,FAQ,6000.0,7670.0,6500.0,Rs./Quintal,2024-04-22,0,0,6500.0,6500.0,6500.0,6600.0,6500.0,6500.0,6500.0,6514.285714285715,6557.142857142857,6573.333333333333,37.796447300906905,101.63498575623338,406.7815929559943,0.0,0.0,0.0,0.0,-100.0,-0.015151515151515152,0.0,0.0,1670.0,0.2569230769230769,2024,4,22,0,113,17,0,0.8660254037844387,-0.49999999999999983,0.9312100364121947,-0.3644830148102912,6500.0,6500.0,6500.0,0.0,0.0,2024-04-29,2024-05-04
Maharashtra,Wardha,APMC Hinganghat,Fibre Crops,Cotton,Other,FAQ,6000.0,7705.0,6500.0,Rs./Quintal,2024-04-24,0,0,6500.0,6500.0,6500.0,6500.0,6500.0,6500.0,6500.0,6500.0,6557.142857142857,6573.333333333333,0.0,101.63498575623338,406.7815929559943,0.0,0.0,0.0,0.0,0.0,0.0,0.0,0.0,1705.0,0.2623076923076923,2024,4,24,2,115,17,0,0.8660254037844387,-0.49999999999999983,0.9181214482844365,-0.39629913726891813,6500.0,6500.0,6500.0,0.0,0.0,2024-04-30,2024-05-06
Maharashtra,Wardha,APMC Hinganghat,Fibre Crops,Cotton,Other,FAQ,6000.0,7685.0,6500.0,Rs./Quintal,2024-04-27,0,0,6500.0,6500.0,6500.0,6500.0,6500.0,6500.0,6500.0,6500.0,6557.142857142857,6573.333333333333,0.0,101.63498575623338,406.7815929559943,0.0,0.0,0.0,0.0,0.0,0.0,0.0,0.0,1685.0,0.2592307692307692,2024,4,27,5,118,17,1,0.8660254037844387,-0.49999999999999983,0.8964562582905575,-0.44313223418263453,6500.0,6500.0,6500.0,0.0,0.0,2024-05-02,2024-05-07
Maharashtra,Wardha,APMC Hinganghat,Fibre Crops,Cotton,Other,FAQ,6000.0,7740.0,6500.0,Rs./Quintal,2024-04-29,0,0,6500.0,6500.0,6500.0,6500.0,6700.0,6500.0,6500.0,6500.0,6557.142857142857,6573.333333333333,0.0,101.63498575623338,406.7815929559943,0.0,0.0,0.0,0.0,0.0,0.0,-200.0,-0.029850746268656716,1740.0,0.2676923076923077,2024,4,29,0,120,18,0,0.8660254037844387,-0.49999999999999983,0.8806828564301475,-0.47370635037968,6500.0,6500.0,6500.0,0.0,0.0,2024-05-03,2024-05-08
Maharashtra,Wardha,APMC Hinganghat,Fibre Crops,Cotton,Other,FAQ,6000.0,7700.0,6500.0,Rs./Quintal,2024-04-30,0,0,6500.0,6500.0,6500.0,6500.0,6700.0,6500.0,6500.0,6500.0,6542.857142857143,6573.333333333333,0.0,93.761446187696,406.7815929559943,0.0,0.0,0.0,0.0,0.0,0.0,-200.0,-0.029850746268656716,1700.0,0.26153846153846155,2024,4,30,1,121,18,0,0.8660254037844387,-0.49999999999999983,0.8724040568049612,-0.48878539428899265,6500.0,6500.0,6500.0,0.0,0.0,2024-05-04,2024-05-09
Maharashtra,Wardha,APMC Hinganghat,Fibre Crops,Cotton,Other,FAQ,6000.0,7540.0,6500.0,Rs./Quintal,2024-05-02,0,0,6500.0,6500.0,6500.0,6500.0,6800.0,6500.0,6500.0,6500.0,6528.571428571428,6573.333333333333,0.0,82.54203058555211,406.7815929559943,0.0,0.0,0.0,0.0,0.0,0.0,-300.0,-0.04411764705882353,1540.0,0.23692307692307693,2024,5,2,3,123,18,0,0.49999999999999994,-0.8660254037844387,0.8550745085896932,-0.518505144391157,6500.0,6500.0,6500.0,0.0,0.0,2024-05-06,2024-05-13
Maharashtra,Wardha,APMC Hinganghat,Fibre Crops,Cotton,Other,FAQ,6000.0,7475.0,6500.0,Rs./Quintal,2024-05-03,0,0,6500.0,6500.0,6500.0,6500.0,6500.0,6500.0,6500.0,6500.0,6507.142857142857,6573.333333333333,0.0,26.726124191231264,406.7815929559943,0.0,0.0,0.0,0.0,0.0,0.0,0.0,0.0,1475.0,0.22692307692307692,2024,5,3,4,124,18,0,0.49999999999999994,-0.8660254037844387,0.8460288880917339,-0.533137056031809,6500.0,6500.0,6500.0,0.0,0.0,2024-05-07,2024-05-14
Maharashtra,Wardha,APMC Hinganghat,Fibre Crops,Cotton,Other,FAQ,6000.0,7600.0,6500.0,Rs./Quintal,2024-05-04,0,0,6500.0,6500.0,6500.0,6500.0,6600.0,6500.0,6500.0,6500.0,6507.142857142857,6573.333333333333,0.0,26.726124191231264,406.7815929559943,0.0,0.0,0.0,0.0,0.0,0.0,-100.0,-0.015151515151515152,1600.0,0.24615384615384617,2024,5,4,5,125,18,1,0.49999999999999994,-0.8660254037844387,0.8367329140344921,-0.5476112038402312,6500.0,6500.0,6500.0,0.0,0.0,2024-05-08,2024-05-15
Maharashtra,Wardha,APMC Hinganghat,Fibre Crops,Cotton,Other,FAQ,6000.0,7625.0,6500.0,Rs./Quintal,2024-05-06,0,0,6500.0,6500.0,6500.0,6500.0,6500.0,7000.0,6500.0,6500.0,6500.0,6573.333333333333,0.0,0.0,406.7815929559943,0.0,0.0,0.0,0.0,0.0,0.0,0.0,0.0,1625.0,0.25,2024,5,6,0,127,19,0,0.49999999999999994,-0.8660254037844387,0.8174009818249189,-0.5760691233798758,6500.0,6500.0,6500.0,0.0,0.0,2024-05-09,2024-05-16
Maharashtra,Wardha,APMC Hinganghat,Fibre Crops,Cotton,Other,FAQ,6000.0,7550.0,6500.0,Rs./Quintal,2024-05-07,0,0,6500.0,6500.0,6500.0,6500.0,6500.0,7000.0,6500.0,6500.0,6500.0,6556.666666666667,0.0,0.0,398.8633274982655,0.0,0.0,0.0,0.0,0.0,0.0,0.0,0.0,1550.0,0.23846153846153847,2024,5,7,1,128,19,0,0.49999999999999994,-0.8660254037844387,0.8073707443023492,-0.5900444739548627,6500.0,6500.0,6500.0,0.0,0.0,2024-05-13,2024-05-17
Maharashtra,Wardha,APMC Hinganghat,Fibre Crops,Cotton,Other,FAQ,6000.0,7520.0,6500.0,Rs./Quintal,2024-05-08,0,0,6500.0,6500.0,6500.0,6500.0,6500.0,7000.0,6500.0,6500.0,6500.0,6540.0,0.0,0.0,390.04862649993106,0.0,0.0,0.0,0.0,0.0,0.0,0.0,0.0,1520.0,0.23384615384615384,2024,5,8,2,129,19,0,0.49999999999999994,-0.8660254037844387,0.7971015927871943,-0.6038452208771035,6500.0,6500.0,6500.0,0.0,0.0,2024-05-14,2024-05-18
Maharashtra,Wardha,APMC Hinganghat,Fibre Crops,Cotton,Other,FAQ,6000.0,7515.0,6500.0,Rs./Quintal,2024-05-09,0,0,6500.0,6500.0,6500.0,6500.0,6500.0,4700.0,6500.0,6500.0,6500.0,6523.333333333333,0.0,0.0,380.2751574877048,0.0,0.0,0.0,0.0,0.0,0.0,0.0,0.0,1515.0,0.23307692307692307,2024,5,9,3,130,19,0,0.49999999999999994,-0.8660254037844387,0.7865965660866021,-0.6174672802835514,6500.0,6500.0,6500.0,0.0,0.0,2024-05-15,2024-05-20
Maharashtra,Wardha,APMC Hinganghat,Fibre Crops,Cotton,Other,FAQ,6000.0,7580.0,6500.0,Rs./Quintal,2024-05-13,0,0,6500.0,6500.0,6500.0,6500.0,6500.0,7000.0,6500.0,6500.0,6500.0,6583.333333333333,0.0,0.0,162.06285143762034,0.0,0.0,0.0,0.0,0.0,0.0,0.0,0.0,1580.0,0.24307692307692308,2024,5,13,0,134,20,0,0.49999999999999994,-0.8660254037844387,0.742280907086982,-0.6700888411055113,6500.0,6500.0,6500.0,0.0,0.0,2024-05-16,2024-05-21
Maharashtra,Wardha,APMC Hinganghat,Fibre Crops,Cotton,Other,FAQ,6000.0,7600.0,6500.0,Rs./Quintal,2024-05-14,0,0,6500.0,6500.0,6500.0,6500.0,6500.0,7000.0,6500.0,6500.0,6500.0,6566.666666666667,0.0,0.0,142.23180044375238,0.0,0.0,0.0,0.0,0.0,0.0,0.0,0.0,1600.0,0.24615384615384617,2024,5,14,1,135,20,0,0.49999999999999994,-0.8660254037844387,0.7306444969184916,-0.6827580970759147,6500.0,6500.0,6500.0,0.0,0.0,2024-05-17,2024-05-22
Maharashtra,Wardha,APMC Hinganghat,Fibre Crops,Cotton,Other,FAQ,6000.0,7495.0,6500.0,Rs./Quintal,2024-05-15,0,0,6500.0,6500.0,6500.0,6500.0,6500.0,6700.0,6500.0,6500.0,6500.0,6550.0,0.0,0.0,116.70771035014108,0.0,0.0,0.0,0.0,0.0,0.0,0.0,0.0,1495.0,0.23,2024,5,15,2,136,20,0,0.49999999999999994,-0.8660254037844387,0.7187918772884232,-0.6952253139408723,6500.0,6500.0,6500.0,0.0,0.0,2024-05-18,2024-05-24
Maharashtra,Wardha,APMC Hinganghat,Fibre Crops,Cotton,Other,FAQ,6000.0,7600.0,6500.0,Rs./Quintal,2024-05-16,0,0,6500.0,6500.0,6500.0,6500.0,6500.0,7000.0,6500.0,6500.0,6500.0,6543.333333333333,0.0,0.0,113.51236704106005,0.0,0.0,0.0,0.0,0.0,0.0,0.0,0.0,1600.0,0.24615384615384617,2024,5,16,3,137,20,0,0.49999999999999994,-0.8660254037844387,0.7067265555776159,-0.7074868024503348,6500.0,6500.0,6500.0,0.0,0.0,2024-05-20,2024-05-25
Maharashtra,Wardha,APMC Hinganghat,Fibre Crops,Cotton,Other,FAQ,6000.0,7510.0,6500.0,Rs./Quintal,2024-05-17,0,0,6500.0,6500.0,6500.0,6500.0,6500.0,6500.0,6500.0,6500.0,6500.0,6526.666666666667,0.0,0.0,73.96799556440584,0.0,0.0,0.0,0.0,0.0,0.0,0.0,0.0,1510.0,0.2323076923076923,2024,5,17,4,138,20,0,0.49999999999999994,-0.8660254037844387,0.6944521021088763,-0.719538934232584,6500.0,6500.0,6500.0,0.0,0.0,2024-05-21,2024-05-27
Maharashtra,Wardha,APMC Hinganghat,Fibre Crops,Cotton,Other,FAQ,6000.0,7515.0,6500.0,Rs./Quintal,2024-05-18,0,0,6500.0,6500.0,6500.0,6500.0,6500.0,6500.0,6500.0,6500.0,6500.0,6526.666666666667,0.0,0.0,73.96799556440584,0.0,0.0,0.0,0.0,0.0,0.0,0.0,0.0,1515.0,0.23307692307692307,2024,5,18,5,139,20,1,0.49999999999999994,-0.8660254037844387,0.6819721490904629,-0.7313781428679254,6500.0,6500.0,6500.0,0.0,0.0,2024-05-22,2024-05-28
Maharashtra,Wardha,APMC Hinganghat,Fibre Crops,Cotton,Other,FAQ,6000.0,7520.0,6500.0,Rs./Quintal,2024-05-20,0,0,6500.0,6500.0,6500.0,6500.0,6500.0,6500.0,6500.0,6500.0,6500.0,6526.666666666667,0.0,0.0,73.96799556440584,0.0,0.0,0.0,0.0,0.0,0.0,0.0,0.0,1520.0,0.23384615384615384,2024,5,20,0,141,21,0,0.49999999999999994,-0.8660254037844387,0.6564105761979381,-0.7544038410927472,6500.0,6500.0,6500.0,0.0,0.0,2024-05-24,2024-05-29
Maharashtra,Wardha,APMC Hinganghat,Fibre Crops,Cotton,Other,FAQ,6000.0,7450.0,6500.0,Rs./Quintal,2024-05-21,0,0,6500.0,6500.0,6500.0,6500.0,6500.0,6700.0,6500.0,6500.0,6500.0,6526.666666666667,0.0,0.0,73.96799556440584,0.0,0.0,0.0,0.0,0.0,0.0,0.0,0.0,1450.0,0.2230769230769231,2024,5,21,1,142,21,0,0.49999999999999994,-0.8660254037844387,0.6433365204044917,-0.765583517007675,6500.0,6500.0,6500.0,0.0,0.0,2024-05-25,2024-05-30
Maharashtra,Wardha,APMC Hinganghat,Fibre Crops,Cotton,Other,FAQ,6000.0,7485.0,6500.0,Rs./Quintal,2024-05-22,0,0,6500.0,6500.0,6500.0,6500.0,6500.0,6700.0,6500.0,6500.0,6500.0,6520.0,0.0,0.0,66.43638388299074,0.0,0.0,0.0,0.0,0.0,0.0,0.0,0.0,1485.0,0.22846153846153847,2024,5,22,2,143,21,0,0.49999999999999994,-0.8660254037844387,0.6300720909843687,-0.7765366444428655,6500.0,6500.0,6500.0,0.0,0.0,2024-05-27,2024-05-31
Maharashtra,Wardha,APMC Hinganghat,Fibre Crops,Cotton,Other,FAQ,6000.0,7670.0,6500.0,Rs./Quintal,2024-05-24,0,0,6500.0,6500.0,6500.0,6500.0,6500.0,6800.0,6500.0,6500.0,6500.0,6513.333333333333,0.0,0.0,57.1346463723348,0.0,0.0,0.0,0.0,0.0,0.0,0.0,0.0,1670.0,0.2569230769230769,2024,5,24,4,145,21,0,0.49999999999999994,-0.8660254037844387,0.6029878670694714,-0.7977503570459932,6500.0,6500.0,6500.0,0.0,0.0,2024-05-28,2024-06-01
Maharashtra,Wardha,APMC Hinganghat,Fibre Crops,Cotton,Other,FAQ,6000.0,7600.0,6500.0,Rs./Quintal,2024-05-25,0,0,6500.0,6500.0,6500.0,6500.0,6500.0,6500.0,6500.0,6500.0,6500.0,6503.333333333333,0.0,0.0,18.25741858349831,0.0,0.0,0.0,0.0,0.0,0.0,0.0,0.0,1600.0,0.24615384615384617,2024,5,25,5,146,21,1,0.49999999999999994,-0.8660254037844387,0.5891760872322963,-0.8080046647350754,6500.0,6500.0,6500.0,0.0,0.0,2024-05-29,2024-06-03
Maharashtra,Wardha,APMC Hinganghat,Fibre Crops,Cotton,Other,FAQ,6000.0,7600.0,6500.0,Rs./Quintal,2024-05-27,0,0,6500.0,6500.0,6500.0,6500.0,6500.0,6600.0,6500.0,6500.0,6500.0,6503.333333333333,0.0,0.0,18.25741858349831,0.0,0.0,0.0,0.0,0.0,0.0,0.0,0.0,1600.0,0.24615384615384617,2024,5,27,0,148,22,0,0.49999999999999994,-0.8660254037844387,0.5610336262283677,-0.8277930117131022,6500.0,6500.0,6500.0,0.0,0.0,2024-05-30,2024-06-04
Maharashtra,Wardha,APMC Hinganghat,Fibre Crops,Cotton,Other,FAQ,6000.0,7600.0,6500.0,Rs./Quintal,2024-05-28,0,0,6500.0,6500.0,6500.0,6500.0,6500.0,6500.0,6500.0,6500.0,6500.0,6500.0,0.0,0.0,0.0,0.0,0.0,0.0,0.0,0.0,0.0,0.0,0.0,1600.0,0.24615384615384617,2024,5,28,1,149,22,0,0.49999999999999994,-0.8660254037844387,0.5467112728685939,-0.8373211953118121,6500.0,6500.0,6500.0,0.0,0.0,2024-05-31,2024-06-05
Maharashtra,Wardha,APMC Hinganghat,Fibre Crops,Cotton,Other,FAQ,6000.0,7685.0,6500.0,Rs./Quintal,2024-05-29,0,0,6500.0,6500.0,6500.0,6500.0,6500.0,6500.0,6500.0,6500.0,6500.0,6500.0,0.0,0.0,0.0,0.0,0.0,0.0,0.0,0.0,0.0,0.0,0.0,1685.0,0.2592307692307692,2024,5,29,2,150,22,0,0.49999999999999994,-0.8660254037844387,0.5322271388474397,-0.8466016020976267,6500.0,6500.0,6500.0,0.0,0.0,2024-06-01,2024-06-06
Maharashtra,Wardha,APMC Hinganghat,Fibre Crops,Cotton,Other,FAQ,6000.0,7755.0,6500.0,Rs./Quintal,2024-05-30,0,0,6500.0,6500.0,6500.0,6500.0,6500.0,6500.0,6500.0,6500.0,6500.0,6500.0,0.0,0.0,0.0,0.0,0.0,0.0,0.0,0.0,0.0,0.0,0.0,1755.0,0.27,2024,5,30,3,151,22,0,0.49999999999999994,-0.8660254037844387,0.5175855102531889,-0.8556314858488706,6500.0,6500.0,6500.0,0.0,0.0,2024-06-03,2024-06-07
Maharashtra,Wardha,APMC Hinganghat,Fibre Crops,Cotton,Other,FAQ,6000.0,7645.0,6500.0,Rs./Quintal,2024-05-31,0,0,6500.0,6500.0,6500.0,6500.0,6500.0,6500.0,6500.0,6500.0,6500.0,6500.0,0.0,0.0,0.0,0.0,0.0,0.0,0.0,0.0,0.0,0.0,0.0,1645.0,0.2530769230769231,2024,5,31,4,152,22,0,0.49999999999999994,-0.8660254037844387,0.5027907197793043,-0.8644081744776648,6500.0,6500.0,6500.0,0.0,0.0,2024-06-04,2024-06-08
Maharashtra,Wardha,APMC Hinganghat,Fibre Crops,Cotton,Other,FAQ,6000.0,7615.0,6500.0,Rs./Quintal,2024-06-01,0,0,6500.0,6500.0,6500.0,6500.0,6500.0,6500.0,6500.0,6500.0,6500.0,6500.0,0.0,0.0,0.0,0.0,0.0,0.0,0.0,0.0,0.0,0.0,0.0,1615.0,0.24846153846153846,2024,6,1,5,153,22,1,1.2246467991473532e-16,-1.0,0.4878471454423119,-0.8729290708206411,6500.0,6500.0,6500.0,0.0,0.0,2024-06-05,2024-06-10
Maharashtra,Wardha,APMC Hinganghat,Fibre Crops,Cotton,Other,FAQ,6000.0,7670.0,6500.0,Rs./Quintal,2024-06-03,0,0,6500.0,6500.0,6500.0,6500.0,6500.0,6500.0,6500.0,6500.0,6500.0,6500.0,0.0,0.0,0.0,0.0,0.0,0.0,0.0,0.0,0.0,0.0,0.0,1670.0,0.2569230769230769,2024,6,3,0,155,23,0,1.2246467991473532e-16,-1.0,0.4575313760742512,-0.8891934772070711,6500.0,6500.0,6500.0,0.0,0.0,2024-06-06,2024-06-11
Maharashtra,Wardha,APMC Hinganghat,Fibre Crops,Cotton,Other,FAQ,6000.0,7575.0,6500.0,Rs./Quintal,2024-06-04,0,0,6500.0,6500.0,6500.0,6500.0,6500.0,6500.0,6500.0,6500.0,6500.0,6500.0,0.0,0.0,0.0,0.0,0.0,0.0,0.0,0.0,0.0,0.0,0.0,1575.0,0.2423076923076923,2024,6,4,1,156,23,0,1.2246467991473532e-16,-1.0,0.44216815196707204,-0.8969321743510065,6500.0,6500.0,6500.0,0.0,0.0,2024-06-07,2024-06-12
Maharashtra,Wardha,APMC Hinganghat,Fibre Crops,Cotton,Other,FAQ,6000.0,7615.0,6500.0,Rs./Quintal,2024-06-05,0,0,6500.0,6500.0,6500.0,6500.0,6500.0,6500.0,6500.0,6500.0,6500.0,6500.0,0.0,0.0,0.0,0.0,0.0,0.0,0.0,0.0,0.0,0.0,0.0,1615.0,0.24846153846153846,2024,6,5,2,157,23,0,1.2246467991473532e-16,-1.0,0.42667408318992467,-0.9044054548343001,6500.0,6500.0,6500.0,0.0,0.0,2024-06-08,2024-06-13
Maharashtra,Wardha,APMC Hinganghat,Fibre Crops,Cotton,Other,FAQ,6000.0,7710.0,6500.0,Rs./Quintal,2024-06-06,0,0,6500.0,6500.0,6500.0,6500.0,6500.0,6500.0,6500.0,6500.0,6500.0,6500.0,0.0,0.0,0.0,0.0,0.0,0.0,0.0,0.0,0.0,0.0,0.0,1710.0,0.2630769230769231,2024,6,6,3,158,23,0,1.2246467991473532e-16,-1.0,0.4110537546870351,-0.9116111071930239,6500.0,6500.0,6500.0,0.0,0.0,2024-06-10,2024-06-18
Maharashtra,Wardha,APMC Hinganghat,Fibre Crops,Cotton,Other,FAQ,6000.0,7720.0,6500.0,Rs./Quintal,2024-06-07,0,0,6500.0,6500.0,6500.0,6500.0,6500.0,6500.0,6500.0,6500.0,6500.0,6500.0,0.0,0.0,0.0,0.0,0.0,0.0,0.0,0.0,0.0,0.0,0.0,1720.0,0.26461538461538464,2024,6,7,4,159,23,0,1.2246467991473532e-16,-1.0,0.3953117887649151,-0.9185469991587165,6500.0,6500.0,6500.0,0.0,0.0,2024-06-11,2024-06-19
Maharashtra,Wardha,APMC Hinganghat,Fibre Crops,Cotton,Other,FAQ,6000.0,7685.0,6500.0,Rs./Quintal,2024-06-08,0,0,6500.0,6500.0,6500.0,6500.0,6500.0,6500.0,6500.0,6500.0,6500.0,6500.0,0.0,0.0,0.0,0.0,0.0,0.0,0.0,0.0,0.0,0.0,0.0,1685.0,0.2592307692307692,2024,6,8,5,160,23,1,1.2246467991473532e-16,-1.0,0.37945284372454435,-0.925211078289358,6500.0,6500.0,6500.0,0.0,0.0,2024-06-12,2024-06-20
Maharashtra,Wardha,APMC Hinganghat,Fibre Crops,Cotton,Other,FAQ,6000.0,7660.0,6500.0,Rs./Quintal,2024-06-10,0,0,6500.0,6500.0,6500.0,6500.0,6500.0,6500.0,6500.0,6500.0,6500.0,6500.0,0.0,0.0,0.0,0.0,0.0,0.0,0.0,0.0,0.0,0.0,0.0,1660.0,0.2553846153846154,2024,6,10,0,162,24,0,1.2246467991473532e-16,-1.0,0.3474028211842774,-0.9377159910299093,6500.0,6500.0,6500.0,0.0,0.0,2024-06-13,2024-06-21
Maharashtra,Wardha,APMC Hinganghat,Fibre Crops,Cotton,Other,FAQ,6000.0,7611.0,6500.0,Rs./Quintal,2024-06-11,0,0,6500.0,6500.0,6500.0,6500.0,6500.0,6500.0,6500.0,6500.0,6500.0,6500.0,0.0,0.0,0.0,0.0,0.0,0.0,0.0,0.0,0.0,0.0,0.0,1611.0,0.24784615384615385,2024,6,11,1,163,24,0,1.2246467991473532e-16,-1.0,0.3312212278016865,-0.9435531242349544,6500.0,6500.0,6500.0,0.0,0.0,2024-06-18,2024-06-22
Maharashtra,Wardha,APMC Hinganghat,Fibre Crops,Cotton,Other,FAQ,6000.0,7590.0,6500.0,Rs./Quintal,2024-06-12,0,0,6500.0,6500.0,6500.0,6500.0,6500.0,6500.0,6500.0,6500.0,6500.0,6500.0,0.0,0.0,0.0,0.0,0.0,0.0,0.0,0.0,0.0,0.0,0.0,1590.0,0.24461538461538462,2024,6,12,2,164,24,0,1.2246467991473532e-16,-1.0,0.31494162072895193,-0.9491110448902284,6500.0,6500.0,6500.0,0.0,0.0,2024-06-19,2024-06-24
Maharashtra,Wardha,APMC Hinganghat,Fibre Crops,Cotton,Other,FAQ,6000.0,7610.0,6500.0,Rs./Quintal,2024-06-13,0,0,6500.0,6500.0,6500.0,6500.0,6500.0,6500.0,6500.0,6500.0,6500.0,6500.0,0.0,0.0,0.0,0.0,0.0,0.0,0.0,0.0,0.0,0.0,0.0,1610.0,0.24769230769230768,2024,6,13,3,165,24,0,1.2246467991473532e-16,-1.0,0.2985688173637202,-0.9543881083175908,6500.0,6500.0,6500.0,0.0,0.0,2024-06-20,2024-06-25
Maharashtra,Wardha,APMC Hinganghat,Fibre Crops,Cotton,Other,FAQ,6000.0,7750.0,6500.0,Rs./Quintal,2024-06-18,0,0,6500.0,6500.0,6500.0,6500.0,6500.0,6500.0,6500.0,6500.0,6500.0,6500.0,0.0,0.0,0.0,0.0,0.0,0.0,0.0,0.0,0.0,0.0,0.0,1750.0,0.2692307692307692,2024,6,18,1,170,25,0,1.2246467991473532e-16,-1.0,0.21547731504673012,-0.976508846196619,6500.0,6500.0,6500.0,0.0,0.0,2024-06-21,2024-06-26
Maharashtra,Wardha,APMC Hinganghat,Fibre Crops,Cotton,Other,FAQ,6000.0,7700.0,6500.0,Rs./Quintal,2024-06-19,0,0,6500.0,6500.0,6500.0,6500.0,6500.0,6500.0,6500.0,6500.0,6500.0,6500.0,0.0,0.0,0.0,0.0,0.0,0.0,0.0,0.0,0.0,0.0,0.0,1700.0,0.26153846153846155,2024,6,19,2,171,25,0,1.2246467991473532e-16,-1.0,0.19864794288017112,-0.9800709131432666,6500.0,6500.0,6500.0,0.0,0.0,2024-06-22,2024-06-27
Maharashtra,Wardha,APMC Hinganghat,Fibre Crops,Cotton,Other,FAQ,6000.0,7695.0,6500.0,Rs./Quintal,2024-06-20,0,0,6500.0,6500.0,6500.0,6500.0,6500.0,6500.0,6500.0,6500.0,6500.0,6500.0,0.0,0.0,0.0,0.0,0.0,0.0,0.0,0.0,0.0,0.0,0.0,1695.0,0.26076923076923075,2024,6,20,3,172,25,0,1.2246467991473532e-16,-1.0,0.18175978759137534,-0.9833429613388902,6500.0,6500.0,6500.0,0.0,0.0,2024-06-24,2024-06-28
Maharashtra,Wardha,APMC Hinganghat,Fibre Crops,Cotton,Other,FAQ,6000.0,7655.0,6500.0,Rs./Quintal,2024-06-21,0,0,6500.0,6500.0,6500.0,6500.0,6500.0,6500.0,6500.0,6500.0,6500.0,6500.0,0.0,0.0,0.0,0.0,0.0,0.0,0.0,0.0,0.0,0.0,0.0,1655.0,0.25461538461538463,2024,6,21,4,173,25,0,1.2246467991473532e-16,-1.0,0.16481784665719793,-0.9863240225317866,6500.0,6500.0,6500.0,0.0,0.0,2024-06-25,2024-06-29
Maharashtra,Wardha,APMC Hinganghat,Fibre Crops,Cotton,Other,FAQ,6000.0,7670.0,6500.0,Rs./Quintal,2024-06-22,0,0,6500.0,6500.0,6500.0,6500.0,6500.0,6500.0,6500.0,6500.0,6500.0,6500.0,0.0,0.0,0.0,0.0,0.0,0.0,0.0,0.0,0.0,0.0,0.0,1670.0,0.2569230769230769,2024,6,22,5,174,25,1,1.2246467991473532e-16,-1.0,0.14782713347053048,-0.9890132145779883,6500.0,6500.0,7150.0,0.0,650.0,2024-06-26,2024-11-11
Maharashtra,Wardha,APMC Hinganghat,Fibre Crops,Cotton,Other,FAQ,6000.0,7700.0,6500.0,Rs./Quintal,2024-06-24,0,0,6500.0,6500.0,6500.0,6500.0,6500.0,6500.0,6500.0,6500.0,6500.0,6500.0,0.0,0.0,0.0,0.0,0.0,0.0,0.0,0.0,0.0,0.0,0.0,1700.0,0.26153846153846155,2024,6,24,0,176,26,0,1.2246467991473532e-16,-1.0,0.11371951458594969,-0.9935128947338007,6500.0,6500.0,7100.0,0.0,600.0,2024-06-27,2024-11-12
Maharashtra,Wardha,APMC Hinganghat,Fibre Crops,Cotton,Other,FAQ,6000.0,7805.0,6500.0,Rs./Quintal,2024-06-25,0,0,6500.0,6500.0,6500.0,6500.0,6500.0,6500.0,6500.0,6500.0,6500.0,6500.0,0.0,0.0,0.0,0.0,0.0,0.0,0.0,0.0,0.0,0.0,0.0,1805.0,0.2776923076923077,2024,6,25,1,177,26,0,1.2246467991473532e-16,-1.0,0.0966127018812031,-0.9953220513156602,6500.0,6500.0,7100.0,0.0,600.0,2024-06-28,2024-11-13
Maharashtra,Wardha,APMC Hinganghat,Fibre Crops,Cotton,Other,FAQ,6000.0,7905.0,6500.0,Rs./Quintal,2024-06-26,0,0,6500.0,6500.0,6500.0,6500.0,6500.0,6500.0,6500.0,6500.0,6500.0,6500.0,0.0,0.0,0.0,0.0,0.0,0.0,0.0,0.0,0.0,0.0,0.0,1905.0,0.29307692307692307,2024,6,26,2,178,26,0,1.2246467991473532e-16,-1.0,0.07947729992362097,-0.9968366760893436,6500.0,6500.0,7100.0,0.0,600.0,2024-06-29,2024-11-14
Maharashtra,Wardha,APMC Hinganghat,Fibre Crops,Cotton,Other,FAQ,6000.0,7925.0,6500.0,Rs./Quintal,2024-06-27,0,0,6500.0,6500.0,6500.0,6500.0,6500.0,6500.0,6500.0,6500.0,6500.0,6500.0,0.0,0.0,0.0,0.0,0.0,0.0,0.0,0.0,0.0,0.0,0.0,1925.0,0.29615384615384616,2024,6,27,3,179,26,0,1.2246467991473532e-16,-1.0,0.062318379354325076,-0.998056320853012,6500.0,7150.0,7000.0,650.0,500.0,2024-11-11,2024-11-16
Maharashtra,Wardha,APMC Hinganghat,Fibre Crops,Cotton,Other,FAQ,6000.0,7930.0,6500.0,Rs./Quintal,2024-06-28,0,0,6500.0,6500.0,6500.0,6500.0,6500.0,6500.0,6500.0,6500.0,6500.0,6500.0,0.0,0.0,0.0,0.0,0.0,0.0,0.0,0.0,0.0,0.0,0.0,1930.0,0.2969230769230769,2024,6,28,4,180,26,0,1.2246467991473532e-16,-1.0,0.04514101777397193,-0.9989806246941579,6500.0,7100.0,6900.0,600.0,400.0,2024-11-12,2024-11-18
Maharashtra,Wardha,APMC Hinganghat,Fibre Crops,Cotton,Other,FAQ,6000.0,7900.0,6500.0,Rs./Quintal,2024-06-29,0,0,6500.0,6500.0,6500.0,6500.0,6500.0,6500.0,6500.0,6500.0,6500.0,6500.0,0.0,0.0,0.0,0.0,0.0,0.0,0.0,0.0,0.0,0.0,0.0,1900.0,0.2923076923076923,2024,6,29,5,181,26,1,1.2246467991473532e-16,-1.0,0.02795029824021032,-0.999609314096404,7150.0,7100.0,6900.0,600.0,400.0,2024-11-13,2024-11-19
Maharashtra,Wardha,APMC Hinganghat,Fibre Crops,Cotton,Other,FAQ,7000.0,7350.0,7150.0,Rs./Quintal,2024-11-11,0,0,6500.0,6500.0,6500.0,6500.0,6500.0,6500.0,6500.0,6500.0,6500.0,6500.0,0.0,0.0,0.0,650.0,0.1,650.0,0.1,650.0,0.1,650.0,0.1,350.0,0.04895104895104895,2024,11,11,0,316,46,0,-0.5000000000000004,0.8660254037844384,-0.7494423368521953,0.6620696215153815,7100.0,7100.0,6900.0,-50.0,-250.0,2024-11-14,2024-11-21
Maharashtra,Wardha,APMC Hinganghat,Fibre Crops,Cotton,Other,FAQ,6800.0,7370.0,7100.0,Rs./Quintal,2024-11-12,0,0,7150.0,6500.0,6500.0,6500.0,6500.0,6500.0,6716.666666666667,6592.857142857143,6546.428571428572,6521.666666666667,245.67690745599765,173.71980724307582,118.67322079278597,-50.0,-0.006993006993006993,600.0,0.09230769230769231,600.0,0.09230769230769231,600.0,0.09230769230769231,570.0,0.08028169014084507,2024,11,12,1,317,46,0,-0.5000000000000004,0.8660254037844384,-0.7379428103031386,0.6748632518680403,7100.0,7000.0,7000.0,-100.0,-100.0,2024-11-16,2024-11-22
Maharashtra,Wardha,APMC Hinganghat,Fibre Crops,Cotton,Other,FAQ,6900.0,7375.0,7100.0,Rs./Quintal,2024-11-13,0,0,7100.0,7150.0,6500.0,6500.0,6500.0,6500.0,6916.666666666667,6678.571428571428,6589.285714285715,6541.666666666667,305.3101467594642,227.1720556255607,158.70343918515246,0.0,0.0,600.0,0.09230769230769231,600.0,0.09230769230769231,600.0,0.09230769230769231,475.0,0.06690140845070422,2024,11,13,2,318,46,0,-0.5000000000000004,0.8660254037844384,-0.7262249146041543,0.6874571793269664,7100.0,6900.0,7000.0,-200.0,-100.0,2024-11-18,2024-11-23
Maharashtra,Wardha,APMC Hinganghat,Fibre Crops,Cotton,Other,FAQ,6900.0,7350.0,7100.0,Rs./Quintal,2024-11-14,0,0,7100.0,7100.0,7150.0,6500.0,6500.0,6500.0,7116.666666666667,6764.285714285715,6632.142857142857,6561.666666666667,330.0432872042259,262.83011686195755,188.3152773360698,0.0,0.0,-50.0,-0.006993006993006993,600.0,0.09230769230769231,600.0,0.09230769230769231,450.0,0.06338028169014084,2024,11,14,3,319,46,0,-0.5000000000000004,0.8660254037844384,-0.7142921172691032,0.699847677146407,7000.0,6900.0,7000.0,-200.0,-100.0,2024-11-19,2024-11-25
Maharashtra,Wardha,APMC Hinganghat,Fibre Crops,Cotton,Other,FAQ,6800.0,7210.0,7000.0,Rs./Quintal,2024-11-16,0,0,7100.0,7100.0,7100.0,6500.0,6500.0,6500.0,7100.0,6850.0,6675.0,6581.666666666667,327.87192621509945,287.39546594571334,211.9219656860276,-100.0,-0.014084507042253521,-100.0,-0.014084507042253521,500.0,0.07692307692307693,500.0,0.07692307692307693,410.0,0.05857142857142857,2024,11,16,5,321,46,1,-0.5000000000000004,0.8660254037844384,-0.6897960046655887,0.7240037789593305,6900.0,6900.0,7100.0,-100.0,100.0,2024-11-21,2024-11-26
Maharashtra,Wardha,APMC Hinganghat,Fibre Crops,Cotton,Other,FAQ,6800.0,7130.0,6900.0,Rs./Quintal,2024-11-18,0,0,7000.0,7100.0,7100.0,6500.0,6500.0,6500.0,7066.666666666667,6921.428571428572,6710.714285714285,6598.333333333333,291.34335822350903,294.9436526554827,224.5621538005462,-100.0,-0.014285714285714285,-200.0,-0.028169014084507043,400.0,0.06153846153846154,400.0,0.06153846153846154,330.0,0.04782608695652174,2024,11,18,0,323,47,0,-0.5000000000000004,0.8660254037844384,-0.6644834655228552,0.7473029667054297,6900.0,7000.0,7100.0,100.0,200.0,2024-11-22,2024-11-27
Maharashtra,Wardha,APMC Hinganghat,Fibre Crops,Cotton,Other,FAQ,6800.0,7110.0,6900.0,Rs./Quintal,2024-11-19,0,0,6900.0,7000.0,7100.0,6500.0,6500.0,6500.0,7000.0,6978.571428571428,6739.285714285715,6611.666666666667,227.0410074141201,292.3239584832151,230.32336089661544,0.0,0.0,-200.0,-0.028169014084507043,400.0,0.06153846153846154,400.0,0.06153846153846154,310.0,0.04492753623188406,2024,11,19,1,324,47,0,-0.5000000000000004,0.8660254037844384,-0.6515303615068021,0.75862255966641,6900.0,7000.0,7100.0,100.0,200.0,2024-11-23,2024-11-28
Maharashtra,Wardha,APMC Hinganghat,Fibre Crops,Cotton,Other,FAQ,6800.0,7155.0,6900.0,Rs./Quintal,2024-11-21,0,0,6900.0,6900.0,7000.0,7150.0,6500.0,6500.0,6933.333333333333,7035.714285714285,6767.857142857143,6625.0,102.93317295817518,286.6297148004602,235.1631861876576,0.0,0.0,-100.0,-0.014285714285714285,-250.0,-0.03496503496503497,400.0,0.06153846153846154,355.0,0.05144927536231884,2024,11,21,3,326,47,0,-0.5000000000000004,0.8660254037844384,-0.6250496486104377,0.7805849965070866,7000.0,7000.0,7100.0,100.0,200.0,2024-11-25,2024-12-02
Maharashtra,Wardha,APMC Hinganghat,Fibre Crops,Cotton,Other,FAQ,6900.0,7200.0,7000.0,Rs./Quintal,2024-11-22,0,0,6900.0,6900.0,6900.0,7100.0,6500.0,6500.0,6900.0,7000.0,6796.428571428572,6638.333333333333,99.99999999999731,277.6718357191597,239.13757883108892,100.0,0.014492753623188406,100.0,0.014492753623188406,-100.0,-0.014084507042253521,500.0,0.07692307692307693,300.0,0.04285714285714286,2024,11,22,4,327,47,0,-0.5000000000000004,0.8660254037844384,-0.6115298757991053,0.7912213413483807,7000.0,7100.0,7000.0,100.0,0.0,2024-11-26,2024-12-03
Maharashtra,Wardha,APMC Hinganghat,Fibre Crops,Cotton,Other,FAQ,6900.0,7290.0,7000.0,Rs./Quintal,2024-11-23,0,0,7000.0,6900.0,6900.0,7100.0,6500.0,6500.0,6933.333333333333,6985.714285714285,6832.142857142857,6655.0,89.97354108424057,268.61979340062226,246.47515087732447,0.0,0.0,100.0,0.014492753623188406,-100.0,-0.014084507042253521,500.0,0.07692307692307693,390.0,0.055714285714285716,2024,11,23,5,328,47,1,-0.5000000000000004,0.8660254037844384,-0.5978291414589552,0.801623551065242,7000.0,7100.0,7100.0,100.0,100.0,2024-11-27,2024-12-04
Maharashtra,Wardha,APMC Hinganghat,Fibre Crops,Cotton,Other,FAQ,6900.0,7345.0,7000.0,Rs./Quintal,2024-11-25,0,0,7000.0,7000.0,6900.0,7100.0,6500.0,6500.0,6966.666666666667,6971.428571428572,6867.857142857143,6671.666666666667,75.5928946018414,253.89817981680204,252.46486042046786,0.0,0.0,100.0,0.014492753623188406,-100.0,-0.014084507042253521,500.0,0.07692307692307693,445.0,0.06357142857142857,2024,11,25,0,330,48,0,-0.5000000000000004,0.8660254037844384,-0.5699010576127624,0.821713322596059,7100.0,7100.0,7100.0,100.0,100.0,2024-11-28,2024-12-05
Maharashtra,Wardha,APMC Hinganghat,Fibre Crops,Cotton,Other,FAQ,7000.0,7370.0,7100.0,Rs./Quintal,2024-11-26,0,0,7000.0,7000.0,7000.0,7000.0,6500.0,6500.0,7000.0,6957.142857142857,6903.571428571428,6688.333333333333,53.45224838247861,232.43219500474657,257.20089200967914,100.0,0.014285714285714285,100.0,0.014285714285714285,100.0,0.014285714285714285,600.0,0.09230769230769231,370.0,0.05211267605633803,2024,11,26,1,331,48,0,-0.5000000000000004,0.8660254037844384,-0.5556819724760489,0.8313949395234058,7100.0,7100.0,7000.0,0.0,-100.0,2024-12-02,2024-12-06
Maharashtra,Wardha,APMC Hinganghat,Fibre Crops,Cotton,Other,FAQ,6900.0,7380.0,7100.0,Rs./Quintal,2024-11-27,0,0,7100.0,7000.0,7000.0,6900.0,6500.0,6500.0,7033.333333333333,6971.428571428572,6946.428571428572,6708.333333333333,75.5928946018414,206.12196325540555,265.2530780260595,0.0,0.0,100.0,0.014285714285714285,200.0,0.028985507246376812,600.0,0.09230769230769231,480.0,0.0676056338028169,2024,11,27,2,332,48,0,-0.5000000000000004,0.8660254037844384,-0.5412984521036173,0.8408305333122887,7100.0,7000.0,7000.0,-100.0,-100.0,2024-12-03,2024-12-07
Maharashtra,Wardha,APMC Hinganghat,Fibre Crops,Cotton,Other,FAQ,6900.0,7370.0,7100.0,Rs./Quintal,2024-11-28,0,0,7100.0,7100.0,7000.0,6900.0,6500.0,6500.0,7066.666666666667,7000.0,6989.285714285715,6728.333333333333,81.64965809276958,164.29168646573987,271.54834882047516,0.0,0.0,100.0,0.014285714285714285,200.0,0.028985507246376812,600.0,0.09230769230769231,470.0,0.06619718309859154,2024,11,28,3,333,48,0,-0.5000000000000004,0.8660254037844384,-0.5267547528105542,0.8500173118187018,7100.0,7100.0,7000.0,0.0,-100.0,2024-12-04,2024-12-09
Maharashtra,Wardha,APMC Hinganghat,Fibre Crops,Cotton,Other,FAQ,6900.0,7380.0,7100.0,Rs./Quintal,2024-12-02,0,0,7100.0,7100.0,7100.0,6900.0,7150.0,6500.0,7100.0,7028.571428571428,7032.142857142857,6748.333333333333,75.59289460184306,86.8401335282671,276.2068606770251,0.0,0.0,0.0,0.0,200.0,0.028985507246376812,-50.0,-0.006993006993006993,480.0,0.0676056338028169,2024,12,2,0,337,49,0,-2.4492935982947064e-16,1.0,-0.46706492487743034,0.8842230238742036,7000.0,7100.0,7100.0,0.0,0.0,2024-12-05,2024-12-10
Maharashtra,Wardha,APMC Hinganghat,Fibre Crops,Cotton,Other,FAQ,6900.0,7295.0,7000.0,Rs./Quintal,2024-12-03,0,0,7100.0,7100.0,7100.0,7000.0,7100.0,6500.0,7100.0,7057.142857142857,7028.571428571428,6768.333333333333,53.45224838248254,82.54203058554653,279.3105222079757,-100.0,-0.014084507042253521,-100.0,-0.014084507042253521,0.0,0.0,-100.0,-0.014084507042253521,395.0,0.056428571428571425,2024,12,3,1,338,49,0,-2.4492935982947064e-16,1.0,-0.451785789832884,0.8921264484954345,7100.0,7000.0,7100.0,0.0,100.0,2024-12-06,2024-12-11
Maharashtra,Wardha,APMC Hinganghat,Fibre Crops,Cotton,Other,FAQ,6900.0,7300.0,7100.0,Rs./Quintal,2024-12-04,0,0,7000.0,7100.0,7100.0,7000.0,7100.0,6500.0,7066.666666666667,7057.142857142857,7021.428571428572,6785.0,53.45224838248254,80.1783725737181,277.6595533854491,100.0,0.014285714285714285,0.0,0.0,100.0,0.014285714285714285,0.0,0.0,400.0,0.056338028169014086,2024,12,4,2,339,49,0,-2.4492935982947064e-16,1.0,-0.4363729641045924,0.8997658785476209,7100.0,7000.0,7100.0,-100.0,0.0,2024-12-07,2024-12-12
Maharashtra,Wardha,APMC Hinganghat,Fibre Crops,Cotton,Other,FAQ,6900.0,7300.0,7100.0,Rs./Quintal,2024-12-05,0,0,7100.0,7000.0,7100.0,7000.0,7100.0,6500.0,7066.666666666667,7071.428571428572,7021.428571428572,6805.0,48.795003647424544,80.1783725737181,278.03187611842503,0.0,0.0,0.0,0.0,100.0,0.014285714285714285,0.0,0.0,400.0,0.056338028169014086,2024,12,5,3,340,49,0,-2.4492935982947064e-16,1.0,-0.42083100859565564,0.9071390534005044,7000.0,7000.0,7000.0,-100.0,-100.0,2024-12-09,2024-12-13
Maharashtra,Wardha,APMC Hinganghat,Fibre Crops,Cotton,Other,FAQ,6900.0,7265.0,7000.0,Rs./Quintal,2024-12-06,0,0,7100.0,7100.0,7000.0,7100.0,7000.0,6500.0,7066.666666666667,7085.714285714285,7021.428571428572,6825.0,37.796447300920796,80.1783725737181,276.9134061087669,-100.0,-0.014084507042253521,0.0,0.0,-100.0,-0.014084507042253521,0.0,0.0,365.0,0.052142857142857144,2024,12,6,4,341,49,0,-2.4492935982947064e-16,1.0,-0.4051645224207563,0.9142437912130223,7000.0,7100.0,7000.0,100.0,0.0,2024-12-10,2024-12-14
Maharashtra,Wardha,APMC Hinganghat,Fibre Crops,Cotton,Other,FAQ,6900.0,7245.0,7000.0,Rs./Quintal,2024-12-07,0,0,7000.0,7100.0,7100.0,7100.0,6900.0,6500.0,7066.666666666667,7071.428571428572,7021.428571428572,6841.666666666667,48.79500364742429,80.1783725737181,271.67530484821043,0.0,0.0,-100.0,-0.014084507042253521,-100.0,-0.014084507042253521,100.0,0.014492753623188406,345.0,0.04928571428571429,2024,12,7,5,342,49,1,-2.4492935982947064e-16,1.0,-0.3893781415452015,0.9210779895789526,7000.0,7100.0,7000.0,100.0,0.0,2024-12-11,2024-12-16
Maharashtra,Wardha,APMC Hinganghat,Fibre Crops,Cotton,Other,FAQ,6900.0,7250.0,7000.0,Rs./Quintal,2024-12-09,0,0,7000.0,7000.0,7100.0,7100.0,6900.0,6500.0,7033.333333333333,7057.142857142857,7028.571428571428,6858.333333333333,53.45224838248182,72.6273039202459,265.25307802606017,0.0,0.0,-100.0,-0.014084507042253521,-100.0,-0.014084507042253521,100.0,0.014492753623188406,350.0,0.05,2024,12,9,0,344,50,0,-2.4492935982947064e-16,1.0,-0.3574644155648614,0.9339267592294762,7100.0,7100.0,7000.0,100.0,0.0,2024-12-12,2024-12-17
Maharashtra,Wardha,APMC Hinganghat,Fibre Crops,Cotton,Other,FAQ,6900.0,7250.0,7100.0,Rs./Quintal,2024-12-10,0,0,7000.0,7000.0,7000.0,7100.0,6900.0,6500.0,7000.0,7042.857142857143,7035.714285714285,6875.0,53.45224838248084,63.332369377652874,257.55816216255334,100.0,0.014285714285714285,100.0,0.014285714285714285,0.0,0.0,200.0,0.028985507246376812,350.0,0.04929577464788732,2024,12,10,1,345,50,0,-2.4492935982947064e-16,1.0,-0.34134651424503615,0.9399375283564133,7100.0,7000.0,7050.0,-100.0,-50.0,2024-12-13,2024-12-18
Maharashtra,Wardha,APMC Hinganghat,Fibre Crops,Cotton,Other,FAQ,6900.0,7250.0,7100.0,Rs./Quintal,2024-12-11,0,0,7100.0,7000.0,7000.0,7000.0,7000.0,6500.0,7033.333333333333,7042.857142857143,7050.0,6895.0,53.45224838248084,51.887452166261525,250.63711919275227,0.0,0.0,100.0,0.014285714285714285,100.0,0.014285714285714285,100.0,0.014285714285714285,350.0,0.04929577464788732,2024,12,11,2,346,50,0,-2.4492935982947064e-16,1.0,-0.3251276029999093,0.9456701548465688,7100.0,7000.0,7050.0,-100.0,-50.0,2024-12-14,2024-12-19
Maharashtra,Wardha,APMC Hinganghat,Fibre Crops,Cotton,Other,FAQ,6900.0,7245.0,7100.0,Rs./Quintal,2024-12-12,0,0,7100.0,7100.0,7000.0,7100.0,7000.0,6500.0,7066.666666666667,7057.142857142857,7057.142857142857,6915.0,53.45224838248182,51.35525910129352,241.81426329113657,0.0,0.0,100.0,0.014285714285714285,0.0,0.0,100.0,0.014285714285714285,345.0,0.048591549295774646,2024,12,12,3,347,50,0,-2.4492935982947064e-16,1.0,-0.30881248126625377,0.9511229423235357,7000.0,7000.0,7050.0,-100.0,-50.0,2024-12-16,2024-12-21
Maharashtra,Wardha,APMC Hinganghat,Fibre Crops,Cotton,Other,FAQ,6900.0,7275.0,7000.0,Rs./Quintal,2024-12-13,0,0,7100.0,7100.0,7100.0,7100.0,7000.0,6500.0,7100.0,7057.142857142857,7064.285714285715,6935.0,53.45224838248182,49.724515809867704,230.8716616172972,-100.0,-0.014084507042253521,-100.0,-0.014084507042253521,-100.0,-0.014084507042253521,0.0,0.0,375.0,0.05357142857142857,2024,12,13,4,348,50,0,-2.4492935982947064e-16,1.0,-0.29240597695107734,0.9562942772197719,7000.0,7000.0,7000.0,0.0,0.0,2024-12-17,2024-12-23
Maharashtra,Wardha,APMC Hinganghat,Fibre Crops,Cotton,Other,FAQ,6900.0,7250.0,7000.0,Rs./Quintal,2024-12-14,0,0,7000.0,7100.0,7100.0,7000.0,7100.0,6500.0,7066.666666666667,7042.857142857143,7064.285714285715,6951.666666666667,53.45224838248084,49.724515809867704,215.9515164829023,0.0,0.0,-100.0,-0.014084507042253521,0.0,0.0,-100.0,-0.014084507042253521,350.0,0.05,2024,12,14,5,349,50,1,-2.4492935982947064e-16,1.0,-0.27591294500296043,0.9611826292540837,7000.0,7050.0,7050.0,50.0,50.0,2024-12-18,2024-12-24
Maharashtra,Wardha,APMC Hinganghat,Fibre Crops,Cotton,Other,FAQ,6900.0,7225.0,7000.0,Rs./Quintal,2024-12-16,0,0,7000.0,7000.0,7100.0,7000.0,7100.0,6500.0,7033.333333333333,7042.857142857143,7057.142857142857,6968.333333333333,53.45224838248084,51.35525910129352,198.4784072913738,0.0,0.0,-100.0,-0.014084507042253521,0.0,0.0,-100.0,-0.014084507042253521,325.0,0.04642857142857143,2024,12,16,0,351,51,0,-2.4492935982947064e-16,1.0,-0.2426868445825954,0.9701046827361175,7000.0,7050.0,7000.0,50.0,0.0,2024-12-19,2024-12-26
Maharashtra,Wardha,APMC Hinganghat,Fibre Crops,Cotton,Other,FAQ,6900.0,7210.0,7000.0,Rs./Quintal,2024-12-17,0,0,7000.0,7000.0,7000.0,7000.0,7100.0,6500.0,7000.0,7042.857142857143,7050.0,6985.0,53.45224838248084,51.887452166261525,177.7008334445777,0.0,0.0,0.0,0.0,0.0,0.0,-100.0,-0.014084507042253521,310.0,0.04428571428571428,2024,12,17,1,352,51,0,-2.4492935982947064e-16,1.0,-0.22596360824801906,0.974135744004672,7050.0,7050.0,7000.0,50.0,0.0,2024-12-21,2024-12-27
Maharashtra,Wardha,APMC Hinganghat,Fibre Crops,Cotton,Other,FAQ,6900.0,7200.0,7050.0,Rs./Quintal,2024-12-18,0,0,7000.0,7000.0,7000.0,7100.0,7100.0,6500.0,7000.0,7042.857142857143,7042.857142857143,7001.666666666667,53.45224838248084,51.35525910129414,152.27206444123775,50.0,0.007142857142857143,50.0,0.007142857142857143,-50.0,-0.007042253521126761,-50.0,-0.007042253521126761,300.0,0.0425531914893617,2024,12,18,2,353,51,0,-2.4492935982947064e-16,1.0,-0.20917350564635637,0.9778785428342386,7050.0,7000.0,7000.0,-50.0,-50.0,2024-12-23,2024-12-28
Maharashtra,Wardha,APMC Hinganghat,Fibre Crops,Cotton,Other,FAQ,6900.0,7175.0,7050.0,Rs./Quintal,2024-12-19,0,0,7050.0,7000.0,7000.0,7100.0,7000.0,6500.0,7016.666666666667,7035.714285714285,7039.285714285715,7020.0,47.55948656056195,48.74806279609539,119.33725030494857,0.0,0.0,50.0,0.007142857142857143,-50.0,-0.007042253521126761,50.0,0.007142857142857143,275.0,0.03900709219858156,2024,12,19,3,354,51,0,-2.4492935982947064e-16,1.0,-0.19232150523909483,0.9813319716704275,7050.0,7050.0,7000.0,0.0,-50.0,2024-12-24,2024-12-30
Maharashtra,Wardha,APMC Hinganghat,Fibre Crops,Cotton,Other,FAQ,6900.0,7210.0,7050.0,Rs./Quintal,2024-12-21,0,0,7050.0,7050.0,7000.0,7100.0,7100.0,7150.0,7033.333333333333,7028.571428571428,7042.857142857143,7038.333333333333,39.339789623465265,47.463114654915636,67.8275365367553,0.0,0.0,50.0,0.007142857142857143,-50.0,-0.007042253521126761,-50.0,-0.007042253521126761,310.0,0.04397163120567376,2024,12,21,5,356,51,1,-2.4492935982947064e-16,1.0,-0.15845177496083632,0.9873667175937016,7000.0,7000.0,7100.0,-50.0,50.0,2024-12-26,2024-12-31
Maharashtra,Wardha,APMC Hinganghat,Fibre Crops,Cotton,Other,FAQ,6900.0,7260.0,7000.0,Rs./Quintal,2024-12-23,0,0,7050.0,7050.0,7050.0,7000.0,7100.0,7100.0,7050.0,7021.428571428572,7039.285714285715,7035.0,26.726124191231374,44.629118765181545,64.5274600728206,-50.0,-0.0070921985815602835,-50.0,-0.0070921985815602835,0.0,0.0,-100.0,-0.014084507042253521,360.0,0.05142857142857143,2024,12,23,0,358,52,0,-2.4492935982947064e-16,1.0,-0.12439450483979998,0.9922328391893008,7050.0,7000.0,7100.0,0.0,100.0,2024-12-27,2025-01-01
Maharashtra,Wardha,APMC Hinganghat,Fibre Crops,Cotton,Other,FAQ,6900.0,7235.0,7050.0,Rs./Quintal,2024-12-24,0,0,7000.0,7050.0,7050.0,7000.0,7000.0,7100.0,7033.333333333333,7021.428571428572,7032.142857142857,7031.666666666667,26.726124191231374,42.09486930703683,63.6305789280108,50.0,0.007142857142857143,0.0,0.0,50.0,0.007142857142857143,50.0,0.007142857142857143,335.0,0.0475177304964539,2024,12,24,1,359,52,0,-2.4492935982947064e-16,1.0,-0.10730813165636247,0.9942258118156161,7000.0,7000.0,7200.0,-50.0,150.0,2024-12-28,2025-01-02
Maharashtra,Wardha,APMC Hinganghat,Fibre Crops,Cotton,Other,FAQ,6900.0,7240.0,7000.0,Rs./Quintal,2024-12-26,0,0,7050.0,7000.0,7050.0,7000.0,7000.0,7100.0,7033.333333333333,7028.571428571428,7035.714285714285,7030.0,26.726124191232095,41.27101529275923,62.42236557628276,-50.0,-0.0070921985815602835,-50.0,-0.0070921985815602835,0.0,0.0,0.0,0.0,340.0,0.04857142857142857,2024,12,26,3,361,52,0,-2.4492935982947064e-16,1.0,-0.07304518821104743,0.9973286321364752,7000.0,7000.0,7100.0,0.0,100.0,2024-12-30,2025-01-03
Maharashtra,Wardha,APMC Hinganghat,Fibre Crops,Cotton,Other,FAQ,6900.0,7245.0,7000.0,Rs./Quintal,2024-12-27,0,0,7000.0,7050.0,7000.0,7000.0,7000.0,7000.0,7016.666666666667,7028.571428571428,7035.714285714285,7026.666666666667,26.726124191232095,41.27101529275923,61.21377652769636,0.0,0.0,0.0,0.0,0.0,0.0,0.0,0.0,345.0,0.04928571428571429,2024,12,27,4,362,52,0,-2.4492935982947064e-16,1.0,-0.05587875690537313,0.9984375616565666,7000.0,7100.0,7100.0,100.0,100.0,2024-12-31,2025-01-04
Maharashtra,Wardha,APMC Hinganghat,Fibre Crops,Cotton,Other,FAQ,6900.0,7210.0,7000.0,Rs./Quintal,2024-12-28,0,0,7000.0,7000.0,7050.0,7050.0,7100.0,6900.0,7016.666666666667,7028.571428571428,7035.714285714285,7026.666666666667,26.726124191232095,41.27101529275923,61.21377652769636,0.0,0.0,-50.0,-0.0070921985815602835,-50.0,-0.0070921985815602835,-100.0,-0.014084507042253521,310.0,0.04428571428571428,2024,12,28,5,363,52,1,-2.4492935982947064e-16,1.0,-0.03869579017652689,0.9992510374388481,7000.0,7100.0,7200.0,100.0,200.0,2025-01-01,2025-01-06
Maharashtra,Wardha,APMC Hinganghat,Fibre Crops,Cotton,Other,FAQ,6900.0,7270.0,7000.0,Rs./Quintal,2024-12-30,0,0,7000.0,7000.0,7000.0,7050.0,7100.0,6900.0,7000.0,7021.428571428572,7028.571428571428,7030.0,26.726124191231566,37.79644730090305,56.62946716794444,0.0,0.0,0.0,0.0,-50.0,-0.0070921985815602835,-100.0,-0.014084507042253521,370.0,0.05285714285714286,2024,12,30,0,365,1,0,-2.4492935982947064e-16,1.0,-0.004300592702981974,0.9999907524084426,7100.0,7200.0,7100.0,200.0,100.0,2025-01-02,2025-01-07
Maharashtra,Wardha,APMC Hinganghat,Fibre Crops,Cotton,Other,FAQ,6900.0,7300.0,7100.0,Rs./Quintal,2024-12-31,0,0,7000.0,7000.0,7000.0,7050.0,7100.0,6900.0,7000.0,7014.285714285715,7021.428571428572,7033.333333333333,24.39750182370074,32.310308632920965,51.41671091114949,100.0,0.014285714285714285,100.0,0.014285714285714285,50.0,0.0070921985815602835,0.0,0.0,400.0,0.056338028169014086,2024,12,31,1,366,1,0,-2.4492935982947064e-16,1.0,0.012901459949419653,0.9999167727021953,7100.0,7100.0,7150.0,0.0,50.0,2025-01-03,2025-01-08
Maharashtra,Wardha,APMC Hinganghat,Fibre Crops,Cotton,Other,FAQ,6900.0,7300.0,7100.0,Rs./Quintal,2025-01-01,0,0,7100.0,7000.0,7000.0,7000.0,7000.0,7000.0,7033.333333333333,7021.428571428572,7021.428571428572,7040.0,39.339789623464924,32.310308632920965,46.237766322390385,0.0,0.0,100.0,0.014285714285714285,100.0,0.014285714285714285,100.0,0.014285714285714285,400.0,0.056338028169014086,2025,1,1,2,1,1,0,0.49999999999999994,0.8660254037844387,0.017201575418260506,0.9998520419557735,7200.0,7100.0,7100.0,0.0,0.0,2025-01-04,2025-01-09
Maharashtra,Wardha,APMC Hinganghat,Fibre Crops,Cotton,Other,FAQ,7000.0,7400.0,7200.0,Rs./Quintal,2025-01-02,0,0,7100.0,7100.0,7000.0,7050.0,7000.0,7000.0,7066.666666666667,7035.714285714285,7028.571428571428,7043.333333333333,47.55948656056192,37.79644730090305,46.85512030559532,100.0,0.014084507042253521,200.0,0.02857142857142857,150.0,0.02127659574468085,200.0,0.02857142857142857,400.0,0.05555555555555555,2025,1,2,3,2,1,0,0.49999999999999994,0.8660254037844387,0.03439806061360801,0.9994082116062598,7100.0,7200.0,7100.0,0.0,-100.0,2025-01-06,2025-01-10
Maharashtra,Wardha,APMC Hinganghat,Fibre Crops,Cotton,Other,FAQ,6900.0,7395.0,7100.0,Rs./Quintal,2025-01-03,0,0,7200.0,7100.0,7100.0,7000.0,7000.0,7000.0,7133.333333333333,7057.142857142857,7042.857142857143,7050.0,78.6795792469421,58.366029559940294,54.13902920038271,-100.0,-0.013888888888888888,0.0,0.0,100.0,0.014285714285714285,100.0,0.014285714285714285,495.0,0.06971830985915493,2025,1,3,4,3,1,0,0.49999999999999994,0.8660254037844387,0.051584366869408364,0.9986686402879997,7100.0,7100.0,7100.0,0.0,0.0,2025-01-07,2025-01-11
Maharashtra,Wardha,APMC Hinganghat,Fibre Crops,Cotton,Other,FAQ,6900.0,7430.0,7100.0,Rs./Quintal,2025-01-04,0,0,7100.0,7200.0,7100.0,7000.0,7000.0,7100.0,7133.333333333333,7071.428571428572,7050.0,7053.333333333333,75.59289460184377,58.83484054144138,54.032769963109864,0.0,0.0,0.0,0.0,100.0,0.014285714285714285,100.0,0.014285714285714285,530.0,0.07464788732394366,2025,1,4,5,4,1,1,0.49999999999999994,0.8660254037844387,0.06875540848113941,0.9976335468520451,7200.0,7150.0,7100.0,50.0,0.0,2025-01-08,2025-01-13
Maharashtra,Wardha,APMC Hinganghat,Fibre Crops,Cotton,Other,FAQ,7000.0,7475.0,7200.0,Rs./Quintal,2025-01-06,0,0,7100.0,7100.0,7200.0,7000.0,7050.0,7100.0,7133.333333333333,7085.714285714285,7057.142857142857,7053.333333333333,69.0065559342342,58.36602955993952,54.032769963109864,100.0,0.014084507042253521,0.0,0.0,200.0,0.02857142857142857,150.0,0.02127659574468085,475.0,0.06597222222222222,2025,1,6,0,6,2,0,0.49999999999999994,0.8660254037844387,0.10303137904317879,0.9946781061893646,7100.0,7100.0,7100.0,-100.0,-100.0,2025-01-09,2025-01-14
Maharashtra,Wardha,APMC Hinganghat,Fibre Crops,Cotton,Other,FAQ,7000.0,7450.0,7100.0,Rs./Quintal,2025-01-07,0,0,7200.0,7100.0,7100.0,7000.0,7050.0,7100.0,7133.333333333333,7114.285714285715,7067.857142857143,7056.666666666667,69.00655593423531,69.63405128885833,59.788900672946546,-100.0,-0.013888888888888888,0.0,0.0,100.0,0.014285714285714285,50.0,0.0070921985815602835,450.0,0.06338028169014084,2025,1,7,1,7,2,0,0.49999999999999994,0.8660254037844387,0.1201261651823505,0.9927586335250793,7150.0,7100.0,7100.0,0.0,0.0,2025-01-10,2025-01-15
Maharashtra,Wardha,APMC Hinganghat,Fibre Crops,Cotton,Other,FAQ,7000.0,7455.0,7150.0,Rs./Quintal,2025-01-08,0,0,7100.0,7200.0,7100.0,7100.0,7050.0,7100.0,7133.333333333333,7128.571428571428,7071.428571428572,7056.666666666667,48.79500364742732,69.92932067529415,59.788900672946546,50.0,0.007042253521126761,50.0,0.007042253521126761,50.0,0.007042253521126761,100.0,0.014184397163120567,455.0,0.06363636363636363,2025,1,8,2,8,2,0,0.49999999999999994,0.8660254037844387,0.13718540405660057,0.9905453876091833,7100.0,7100.0,7100.0,-50.0,-50.0,2025-01-11,2025-01-16
Maharashtra,Wardha,APMC Hinganghat,Fibre Crops,Cotton,Other,FAQ,7000.0,7385.0,7100.0,Rs./Quintal,2025-01-09,0,0,7150.0,7100.0,7200.0,7100.0,7000.0,7000.0,7150.0,7135.714285714285,7078.571428571428,7058.333333333333,47.55948656056823,72.62730392024378,61.7047102283864,-50.0,-0.006993006993006993,-100.0,-0.013888888888888888,0.0,0.0,100.0,0.014285714285714285,385.0,0.054225352112676053,2025,1,9,3,9,2,0,0.49999999999999994,0.8660254037844387,0.1542040475626894,0.988039023376751,7100.0,7100.0,7100.0,0.0,0.0,2025-01-13,2025-01-17
Maharashtra,Wardha,APMC Hinganghat,Fibre Crops,Cotton,Other,FAQ,7000.0,7440.0,7100.0,Rs./Quintal,2025-01-10,0,0,7100.0,7150.0,7100.0,7200.0,7050.0,7100.0,7116.666666666667,7135.714285714285,7085.714285714285,7061.666666666667,47.55948656056823,69.13913349339799,61.14332136159906,0.0,0.0,0.0,0.0,-100.0,-0.013888888888888888,50.0,0.0070921985815602835,440.0,0.061971830985915494,2025,1,10,4,10,2,0,0.49999999999999994,0.8660254037844387,0.17117705961019986,0.985240282501282,7100.0,7100.0,7100.0,0.0,0.0,2025-01-14,2025-01-18
Maharashtra,Wardha,APMC Hinganghat,Fibre Crops,Cotton,Other,FAQ,7000.0,7400.0,7100.0,Rs./Quintal,2025-01-11,0,0,7100.0,7100.0,7150.0,7100.0,7000.0,7100.0,7116.666666666667,7121.428571428572,7089.285714285715,7061.666666666667,39.33978962347255,68.44023622156807,61.14332136159906,0.0,0.0,-50.0,-0.006993006993006993,0.0,0.0,100.0,0.014285714285714285,400.0,0.056338028169014086,2025,1,11,5,11,2,1,0.49999999999999994,0.8660254037844387,0.18809941761179758,0.9821499931752291,7100.0,7100.0,7200.0,0.0,100.0,2025-01-15,2025-01-23
Maharashtra,Wardha,APMC Hinganghat,Fibre Crops,Cotton,Other,FAQ,7000.0,7400.0,7100.0,Rs./Quintal,2025-01-13,0,0,7100.0,7100.0,7100.0,7100.0,7000.0,7000.0,7100.0,7121.428571428572,7096.428571428572,7061.666666666667,39.33978962347255,63.44072252680711,61.14332136159906,0.0,0.0,0.0,0.0,0.0,0.0,100.0,0.014285714285714285,400.0,0.056338028169014086,2025,1,13,0,13,3,0,0.49999999999999994,0.8660254037844387,0.22177215755648186,0.975098513039961,7100.0,7100.0,7200.0,0.0,100.0,2025-01-16,2025-01-24
Maharashtra,Wardha,APMC Hinganghat,Fibre Crops,Cotton,Other,FAQ,7000.0,7390.0,7100.0,Rs./Quintal,2025-01-14,0,0,7100.0,7100.0,7100.0,7200.0,7000.0,7000.0,7100.0,7121.428571428572,7103.571428571428,7065.0,39.33978962347255,57.05694090548946,60.386684990478585,0.0,0.0,0.0,0.0,-100.0,-0.013888888888888888,100.0,0.014285714285714285,390.0,0.054929577464788736,2025,1,14,1,14,3,0,0.49999999999999994,0.8660254037844387,0.23851257519407648,0.9711394088771653,7100.0,7100.0,7175.0,0.0,75.0,2025-01-17,2025-01-25
Maharashtra,Wardha,APMC Hinganghat,Fibre Crops,Cotton,Other,FAQ,7000.0,7380.0,7100.0,Rs./Quintal,2025-01-15,0,0,7100.0,7100.0,7100.0,7100.0,7000.0,7000.0,7100.0,7107.142857142857,7110.714285714285,7068.333333333333,18.89822365045987,48.74806279609064,59.427343836012696,0.0,0.0,0.0,0.0,0.0,0.0,100.0,0.014285714285714285,380.0,0.05352112676056338,2025,1,15,2,15,3,0,0.49999999999999994,0.8660254037844387,0.2551824131233728,0.9668929289391521,7100.0,7100.0,7175.0,0.0,75.0,2025-01-18,2025-01-27
Maharashtra,Wardha,APMC Hinganghat,Fibre Crops,Cotton,Other,FAQ,7000.0,7360.0,7100.0,Rs./Quintal,2025-01-16,0,0,7100.0,7100.0,7100.0,7150.0,7100.0,7100.0,7100.0,7107.142857142857,7117.857142857143,7071.666666666667,18.89822365045987,37.247317183396646,58.255284403399266,0.0,0.0,0.0,0.0,-50.0,-0.006993006993006993,0.0,0.0,360.0,0.05070422535211268,2025,1,16,3,16,3,0,0.49999999999999994,0.8660254037844387,0.2717767384711357,0.9623603298276545,7100.0,7200.0,7180.0,100.0,80.0,2025-01-23,2025-01-28
Maharashtra,Wardha,APMC Hinganghat,Fibre Crops,Cotton,Other,FAQ,7000.0,7315.0,7100.0,Rs./Quintal,2025-01-17,0,0,7100.0,7100.0,7100.0,7100.0,7100.0,7100.0,7100.0,7100.0,7117.857142857143,7071.666666666667,0.0,37.247317183396646,58.255284403399266,0.0,0.0,0.0,0.0,0.0,0.0,0.0,0.0,315.0,0.044366197183098595,2025,1,17,4,17,3,0,0.49999999999999994,0.8660254037844387,0.2882906407095177,0.9575429528116719,7100.0,7200.0,7175.0,100.0,75.0,2025-01-24,2025-01-29
Maharashtra,Wardha,APMC Hinganghat,Fibre Crops,Cotton,Other,FAQ,7000.0,7410.0,7100.0,Rs./Quintal,2025-01-18,0,0,7100.0,7100.0,7100.0,7100.0,7200.0,7100.0,7100.0,7100.0,7117.857142857143,7071.666666666667,0.0,37.247317183396646,58.255284403399266,0.0,0.0,0.0,0.0,0.0,0.0,-100.0,-0.013888888888888888,410.0,0.057746478873239436,2025,1,18,5,18,3,1,0.49999999999999994,0.8660254037844387,0.3047192331091634,0.9524422234305676,7200.0,7175.0,7180.0,75.0,80.0,2025-01-25,2025-01-30
Maharashtra,Wardha,APMC Hinganghat,Fibre Crops,Cotton,Other,FAQ,7000.0,7325.0,7200.0,Rs./Quintal,2025-01-23,0,0,7100.0,7100.0,7100.0,7100.0,7100.0,7000.0,7100.0,7100.0,7110.714285714285,7071.666666666667,0.0,28.946711176057025,58.255284403399266,100.0,0.014084507042253521,100.0,0.014084507042253521,100.0,0.014084507042253521,100.0,0.014084507042253521,325.0,0.04513888888888889,2025,1,23,3,23,4,0,0.49999999999999994,0.8660254037844387,0.38541335945432564,0.9227440286201427,7200.0,7175.0,7165.0,-25.0,-35.0,2025-01-27,2025-01-31
Maharashtra,Wardha,APMC Hinganghat,Fibre Crops,Cotton,Other,FAQ,7000.0,7280.0,7200.0,Rs./Quintal,2025-01-24,0,0,7200.0,7100.0,7100.0,7100.0,7100.0,7000.0,7133.333333333333,7114.285714285715,7117.857142857143,7078.333333333333,37.79644730092264,37.24731718339648,61.14332136159981,0.0,0.0,100.0,0.014084507042253521,100.0,0.014084507042253521,100.0,0.014084507042253521,280.0,0.03888888888888889,2025,1,24,4,24,4,0,0.49999999999999994,0.8660254037844387,0.4012289854475009,0.9159777842484877,7175.0,7180.0,7170.0,-20.0,-30.0,2025-01-28,2025-02-01
Maharashtra,Wardha,APMC Hinganghat,Fibre Crops,Cotton,Other,FAQ,6900.0,7250.0,7175.0,Rs./Quintal,2025-01-25,0,0,7200.0,7200.0,7100.0,7100.0,7200.0,7000.0,7166.666666666667,7128.571428571428,7125.0,7085.0,48.795003647426554,42.74252071323019,63.177363907861,-25.0,-0.003472222222222222,75.0,0.01056338028169014,75.0,0.01056338028169014,-25.0,-0.003472222222222222,350.0,0.04878048780487805,2025,1,25,5,25,4,1,0.49999999999999994,0.8660254037844387,0.4169258813287287,0.908940487313808,7175.0,7175.0,7170.0,0.0,-5.0,2025-01-29,2025-02-03
Maharashtra,Wardha,APMC Hinganghat,Fibre Crops,Cotton,Other,FAQ,7125.0,7270.0,7175.0,Rs./Quintal,2025-01-27,0,0,7175.0,7200.0,7200.0,7100.0,7100.0,7000.0,7191.666666666667,7139.285714285715,7123.214285714285,7090.833333333333,49.70148986940022,39.788244439812246,63.137552809038695,0.0,0.0,-25.0,-0.003472222222222222,75.0,0.01056338028169014,75.0,0.01056338028169014,145.0,0.020209059233449476,2025,1,27,0,27,5,0,0.49999999999999994,0.8660254037844387,0.44794493940789115,0.8940611451454876,7180.0,7180.0,7180.0,5.0,5.0,2025-01-30,2025-02-04
Maharashtra,Wardha,APMC Hinganghat,Fibre Crops,Cotton,Other,FAQ,7125.0,7260.0,7180.0,Rs./Quintal,2025-01-28,0,0,7175.0,7175.0,7200.0,7100.0,7150.0,7050.0,7183.333333333333,7150.0,7128.571428571428,7096.666666666667,47.871355387816955,41.43709650821076,62.53734516456091,5.0,0.0006968641114982578,-20.0,-0.002777777777777778,80.0,0.011267605633802818,30.0,0.004195804195804196,135.0,0.018802228412256268,2025,1,28,1,28,5,0,0.49999999999999994,0.8660254037844387,0.4632579225674917,0.88622350294858,7175.0,7165.0,7190.0,-15.0,10.0,2025-01-31,2025-02-05
Maharashtra,Wardha,APMC Hinganghat,Fibre Crops,Cotton,Other,FAQ,7125.0,7285.0,7175.0,Rs./Quintal,2025-01-29,0,0,7180.0,7175.0,7175.0,7100.0,7100.0,7050.0,7176.666666666667,7161.428571428572,7130.714285714285,7101.0,43.27376858581947,43.3615011296607,63.685650416456404,-5.0,-0.0006963788300835655,0.0,0.0,75.0,0.01056338028169014,75.0,0.01056338028169014,160.0,0.02229965156794425,2025,1,29,2,29,5,0,0.49999999999999994,0.8660254037844387,0.4784338202547012,0.8781236129591848,7180.0,7170.0,7200.0,-5.0,25.0,2025-02-01,2025-02-06
Maharashtra,Wardha,APMC Hinganghat,Fibre Crops,Cotton,Other,FAQ,7125.0,7275.0,7180.0,Rs./Quintal,2025-01-30,0,0,7175.0,7180.0,7175.0,7100.0,7100.0,7050.0,7176.666666666667,7172.142857142857,7136.071428571428,7105.166666666667,33.77093706837572,43.90455432079488,64.3198276574702,5.0,0.0006968641114982578,5.0,0.0006968641114982578,80.0,0.011267605633802818,80.0,0.011267605633802818,150.0,0.020891364902506964,2025,1,30,3,30,5,0,0.49999999999999994,0.8660254037844387,0.49346814167723735,0.8697638720650646,7165.0,7170.0,7180.0,-10.0,0.0,2025-02-03,2025-02-07
Maharashtra,Wardha,APMC Hinganghat,Fibre Crops,Cotton,Other,FAQ,7125.0,7255.0,7165.0,Rs./Quintal,2025-01-31,0,0,7180.0,7175.0,7180.0,7200.0,7100.0,7000.0,7178.333333333333,7183.571428571428,7141.785714285715,7109.5,11.443442705425726,44.05447427100208,64.85195341753871,-15.0,-0.0020891364902506965,-15.0,-0.0020891364902506965,-35.0,-0.004861111111111111,65.0,0.009154929577464789,130.0,0.018143754361479414,2025,1,31,4,31,5,0,0.49999999999999994,0.8660254037844387,0.5083564379375122,0.8611467540480452,7170.0,7180.0,7200.0,15.0,35.0,2025-02-04,2025-02-08
Maharashtra,Wardha,APMC Hinganghat,Fibre Crops,Cotton,Other,FAQ,7125.0,7265.0,7170.0,Rs./Quintal,2025-02-01,0,0,7165.0,7180.0,7175.0,7200.0,7100.0,7050.0,7173.333333333333,7178.571428571428,7146.428571428572,7115.0,10.69044967649641,42.71680318941138,62.18714802362326,5.0,0.0006978367062107466,-5.0,-0.0006968641114982578,-30.0,-0.004166666666666667,70.0,0.009859154929577466,140.0,0.019525801952580194,2025,2,1,5,32,5,1,0.8660254037844386,0.5000000000000001,0.5230943033491326,0.8522748088519838,7170.0,7190.0,7210.0,20.0,40.0,2025-02-05,2025-02-13
Maharashtra,Wardha,APMC Hinganghat,Fibre Crops,Cotton,Other,FAQ,7125.0,7265.0,7170.0,Rs./Quintal,2025-02-03,0,0,7170.0,7165.0,7180.0,7175.0,7100.0,7000.0,7171.666666666667,7174.285714285715,7151.428571428572,7119.0,5.345224838248055,40.9234074182839,61.71961069894479,0.0,0.0,-10.0,-0.001392757660167131,-5.0,-0.0006968641114982578,70.0,0.009859154929577466,140.0,0.019525801952580194,2025,2,3,0,34,6,0,0.8660254037844386,0.5000000000000001,0.5521013427459208,0.8337770129585915,7180.0,7200.0,7200.0,30.0,30.0,2025-02-06,2025-02-14
Maharashtra,Wardha,APMC Hinganghat,Fibre Crops,Cotton,Other,FAQ,7125.0,7285.0,7180.0,Rs./Quintal,2025-02-04,0,0,7170.0,7170.0,7165.0,7175.0,7100.0,7000.0,7168.333333333333,7173.571428571428,7156.428571428572,7124.666666666667,5.563486402641468,38.352041938815304,58.116015558274206,10.0,0.001394700139470014,15.0,0.00209351011863224,5.0,0.0006968641114982578,80.0,0.011267605633802818,160.0,0.022284122562674095,2025,2,4,1,35,6,0,0.8660254037844386,0.5000000000000001,0.5663619330814524,0.8241566360566663,7190.0,7180.0,7200.0,0.0,20.0,2025-02-07,2025-02-15
Maharashtra,Wardha,APMC Hinganghat,Fibre Crops,Cotton,Other,FAQ,7125.0,7285.0,7190.0,Rs./Quintal,2025-02-05,0,0,7180.0,7170.0,7170.0,7180.0,7100.0,7000.0,7173.333333333333,7174.285714285715,7162.142857142857,7130.666666666667,6.074928962939255,35.12145332291862,53.94335044723361,10.0,0.001392757660167131,20.0,0.002789400278940028,10.0,0.001392757660167131,90.0,0.01267605633802817,160.0,0.022253129346314324,2025,2,5,2,36,6,0,0.8660254037844386,0.5000000000000001,0.580454927809098,0.8142923779467267,7200.0,7200.0,7210.0,10.0,20.0,2025-02-08,2025-02-17
Maharashtra,Wardha,APMC Hinganghat,Fibre Crops,Cotton,Other,FAQ,7125.0,7290.0,7200.0,Rs./Quintal,2025-02-06,0,0,7190.0,7180.0,7170.0,7175.0,7100.0,7000.0,7180.0,7175.714285714285,7168.571428571428,7137.0,8.380817098475093,30.848798220445264,49.000351863639324,10.0,0.0013908205841446453,30.0,0.0041841004184100415,25.0,0.003484320557491289,100.0,0.014084507042253521,165.0,0.022916666666666665,2025,2,6,3,37,6,0,0.8660254037844386,0.5000000000000001,0.5943761565849831,0.804187157621448,7180.0,7210.0,7238.0,10.0,38.0,2025-02-13,2025-02-18
Maharashtra,Wardha,APMC Hinganghat,Fibre Crops,Cotton,Other,FAQ,7125.0,7290.0,7180.0,Rs./Quintal,2025-02-07,0,0,7200.0,7190.0,7180.0,7180.0,7100.0,7100.0,7190.0,7179.285714285715,7175.714285714285,7143.666666666667,12.39239398064107,24.718191903663257,42.95011808691626,-20.0,-0.002777777777777778,0.0,0.0,0.0,0.0,80.0,0.011267605633802818,165.0,0.02298050139275766,2025,2,7,4,38,6,0,0.8660254037844386,0.5000000000000001,0.6081214998935418,0.7938439653781019,7200.0,7200.0,7238.0,20.0,58.0,2025-02-14,2025-02-20
Maharashtra,Wardha,APMC Hinganghat,Fibre Crops,Cotton,Other,FAQ,7125.0,7300.0,7200.0,Rs./Quintal,2025-02-08,0,0,7180.0,7200.0,7190.0,7165.0,7200.0,7100.0,7190.0,7179.285714285715,7181.428571428572,7146.333333333333,12.39239398064107,11.673205911872918,42.627766030880856,20.0,0.002785515320334262,10.0,0.0013908205841446453,35.0,0.004884856943475227,0.0,0.0,175.0,0.024305555555555556,2025,2,8,5,39,6,1,0.8660254037844386,0.5000000000000001,0.6216868902665479,0.7832658619336791,7210.0,7200.0,7200.0,0.0,0.0,2025-02-15,2025-02-21
Maharashtra,Wardha,APMC Hinganghat,Fibre Crops,Cotton,Other,FAQ,7125.0,7325.0,7210.0,Rs./Quintal,2025-02-13,0,0,7200.0,7180.0,7200.0,7170.0,7200.0,7200.0,7193.333333333333,7184.285714285715,7181.428571428572,7149.666666666667,12.724180205607292,11.673205911872918,42.78924561419404,10.0,0.001388888888888889,10.0,0.001388888888888889,40.0,0.005578800557880056,10.0,0.001388888888888889,200.0,0.027739251040221916,2025,2,13,3,44,7,0,0.8660254037844386,0.5000000000000001,0.6866759803451553,0.726963615332308,7200.0,7210.0,7220.0,0.0,10.0,2025-02-17,2025-02-22
Maharashtra,Wardha,APMC Hinganghat,Fibre Crops,Cotton,Other,FAQ,7125.0,7350.0,7200.0,Rs./Quintal,2025-02-14,0,0,7210.0,7200.0,7180.0,7170.0,7175.0,7100.0,7196.666666666667,7190.0,7182.142857142857,7150.0,14.14213562373148,13.114039117497725,43.23153382940882,-10.0,-0.0013869625520110957,20.0,0.002785515320334262,30.0,0.0041841004184100415,25.0,0.003484320557491289,225.0,0.03125,2025,2,14,4,45,7,0,0.8660254037844386,0.5000000000000001,0.6990793005655562,0.7150441465537444,7200.0,7238.0,7250.0,38.0,50.0,2025-02-18,2025-02-24
Maharashtra,Wardha,APMC Hinganghat,Fibre Crops,Cotton,Other,FAQ,7125.0,7325.0,7200.0,Rs./Quintal,2025-02-15,0,0,7200.0,7210.0,7200.0,7180.0,7175.0,7100.0,7203.333333333333,7194.285714285715,7183.928571428572,7153.333333333333,11.338934190277932,13.753121523696645,43.0983905078807,0.0,0.0,0.0,0.0,20.0,0.002785515320334262,25.0,0.003484320557491289,200.0,0.027777777777777776,2025,2,15,5,46,7,1,0.8660254037844386,0.5000000000000001,0.7112757519738152,0.7029130847082615,7210.0,7238.0,7258.0,38.0,58.0,2025-02-20,2025-02-25
Maharashtra,Wardha,APMC Hinganghat,Fibre Crops,Cotton,Other,FAQ,7125.0,7355.0,7210.0,Rs./Quintal,2025-02-17,0,0,7200.0,7200.0,7210.0,7190.0,7180.0,7200.0,7203.333333333333,7197.142857142857,7185.714285714285,7156.666666666667,9.511897312115218,14.122696252760859,42.696469476399535,10.0,0.001388888888888889,0.0,0.0,20.0,0.0027816411682892906,30.0,0.004178272980501393,230.0,0.0319001386962552,2025,2,17,0,48,8,0,0.8660254037844386,0.5000000000000001,0.7350336741329412,0.6780306024735382,7238.0,7200.0,7248.0,-10.0,38.0,2025-02-21,2025-02-28
Maharashtra,Wardha,APMC Hinganghat,Fibre Crops,Cotton,Other,FAQ,7121.0,7355.0,7238.0,Rs./Quintal,2025-02-18,0,0,7210.0,7200.0,7200.0,7200.0,7175.0,7100.0,7203.333333333333,7200.0,7187.857142857143,7157.0,10.000000000002055,15.406577730301155,43.08371962300514,28.0,0.003883495145631068,38.0,0.005277777777777778,38.0,0.005277777777777778,63.0,0.00878048780487805,234.0,0.03232937275490467,2025,2,18,1,49,8,0,0.8660254037844386,0.5000000000000001,0.746588114532413,0.6652865452111116,7238.0,7220.0,7222.0,-18.0,-16.0,2025-02-22,2025-03-01
Maharashtra,Wardha,APMC Hinganghat,Fibre Crops,Cotton,Other,FAQ,7121.0,7355.0,7238.0,Rs./Quintal,2025-02-20,0,0,7238.0,7210.0,7200.0,7180.0,7180.0,7150.0,7216.0,7205.428571428572,7192.357142857143,7161.6,17.501020378416946,19.90596023165879,44.14209032129154,0.0,0.0,38.0,0.005277777777777778,58.0,0.00807799442896936,58.0,0.00807799442896936,234.0,0.03232937275490467,2025,2,20,3,51,8,0,0.8660254037844386,0.5000000000000001,0.7690308592589181,0.6392116531380588,7200.0,7250.0,7235.0,12.0,-3.0,2025-02-24,2025-03-03
Maharashtra,Wardha,APMC Hinganghat,Fibre Crops,Cotton,Other,FAQ,7126.0,7380.0,7200.0,Rs./Quintal,2025-02-21,0,0,7238.0,7238.0,7210.0,7200.0,7165.0,7100.0,7228.666666666667,7213.714285714285,7196.5,7164.533333333334,17.182493859686286,22.940558641112307,46.219665417075596,-38.0,-0.005250069079856314,-10.0,-0.0013869625520110957,0.0,0.0,35.0,0.004884856943475227,254.0,0.035277777777777776,2025,2,21,4,52,8,0,0.8660254037844386,0.5000000000000001,0.7799125224167177,0.6258885343075018,7220.0,7258.0,7210.0,58.0,10.0,2025-02-25,2025-03-04
Maharashtra,Wardha,APMC Hinganghat,Fibre Crops,Cotton,Other,FAQ,7125.0,7360.0,7220.0,Rs./Quintal,2025-02-22,0,0,7200.0,7238.0,7238.0,7210.0,7170.0,7100.0,7225.333333333333,7213.714285714285,7199.0,7167.866666666667,17.182493859686286,21.074957797132104,44.9948145160684,20.0,0.002777777777777778,-18.0,-0.0024868748273003593,10.0,0.0013869625520110957,50.0,0.00697350069735007,235.0,0.03254847645429363,2025,2,22,5,53,8,1,0.8660254037844386,0.5000000000000001,0.7905633969115482,0.612380204990065,7250.0,7248.0,7190.0,28.0,-30.0,2025-02-28,2025-03-05
Maharashtra,Wardha,APMC Hinganghat,Fibre Crops,Cotton,Other,FAQ,7130.0,7370.0,7250.0,Rs./Quintal,2025-02-24,0,0,7220.0,7200.0,7238.0,7200.0,7170.0,7100.0,7219.333333333333,7215.142857142857,7202.571428571428,7171.866666666667,17.23783214742851,19.991206858150495,44.078091620686465,30.0,0.004155124653739612,12.0,0.0016579165515335729,50.0,0.006944444444444444,80.0,0.011157601115760111,240.0,0.03310344827586207,2025,2,24,0,55,9,0,0.8660254037844386,0.5000000000000001,0.8111602420785621,0.5848239578463322,7258.0,7222.0,7198.0,-28.0,-52.0,2025-03-01,2025-03-06
Maharashtra,Wardha,APMC Hinganghat,Fibre Crops,Cotton,Other,FAQ,7121.0,7395.0,7258.0,Rs./Quintal,2025-02-25,0,0,7250.0,7220.0,7200.0,7200.0,7180.0,7100.0,7223.333333333333,7222.285714285715,7208.285714285715,7176.866666666667,20.047562492852652,21.3520979744153,44.1523485792046,8.0,0.001103448275862069,58.0,0.008055555555555555,58.0,0.008055555555555555,78.0,0.010863509749303621,274.0,0.03775144667952604,2025,2,25,1,56,9,0,0.8660254037844386,0.5000000000000001,0.8211001178128892,0.5707841943569036,7248.0,7235.0,7198.0,-23.0,-60.0,2025-03-03,2025-03-07
Maharashtra,Wardha,APMC Hinganghat,Fibre Crops,Cotton,Other,FAQ,7121.0,7385.0,7248.0,Rs./Quintal,2025-02-28,0,0,7258.0,7250.0,7220.0,7210.0,7190.0,7100.0,7242.666666666667,7230.571428571428,7213.857142857143,7182.133333333333,21.251330490563017,23.474559528387726,44.0906068136689,-10.0,-0.0013777900248002205,28.0,0.003878116343490305,38.0,0.005270457697642164,58.0,0.008066759388038943,264.0,0.03642384105960265,2025,2,28,4,59,9,0,0.8660254037844386,0.5000000000000001,0.8494504794814806,0.527668345562516,7222.0,7210.0,7196.0,-38.0,-52.0,2025-03-04,2025-03-08
Maharashtra,Wardha,APMC Hinganghat,Fibre Crops,Cotton,Other,FAQ,7125.0,7320.0,7222.0,Rs./Quintal,2025-03-01,0,0,7248.0,7258.0,7250.0,7238.0,7200.0,7100.0,7252.0,7236.0,7218.0,7187.066666666667,19.933221850303838,24.0512273794574,42.846102573621415,-26.0,-0.00358719646799117,-28.0,-0.0038620689655172414,-16.0,-0.0022105554020447637,22.0,0.0030555555555555557,195.0,0.027000830794793686,2025,3,1,5,60,9,1,1.0,6.123233995736766e-17,0.8584015232918917,0.512978386299228,7235.0,7190.0,7190.0,-32.0,-32.0,2025-03-05,2025-03-10
Maharashtra,Wardha,APMC Hinganghat,Fibre Crops,Cotton,Other,FAQ,7125.0,7345.0,7235.0,Rs./Quintal,2025-03-03,0,0,7222.0,7248.0,7258.0,7238.0,7180.0,7100.0,7242.666666666667,7233.714285714285,7219.571428571428,7191.133333333333,20.572751280229625,23.497018749336988,39.992010696417964,13.0,0.001800055386319579,-23.0,-0.003168917057040507,-3.0,-0.0004144791378833932,55.0,0.00766016713091922,220.0,0.0304077401520387,2025,3,3,0,62,10,0,1.0,6.123233995736766e-17,0.8755389928586302,0.4831474640149687,7210.0,7198.0,7180.0,-37.0,-55.0,2025-03-06,2025-03-11
Maharashtra,Wardha,APMC Hinganghat,Fibre Crops,Cotton,Other,FAQ,7125.0,7300.0,7210.0,Rs./Quintal,2025-03-04,0,0,7235.0,7222.0,7248.0,7200.0,7200.0,7100.0,7235.0,7233.285714285715,7223.5,7195.633333333333,20.49970963789949,20.816967931063004,36.856182126228646,-25.0,-0.0034554250172771253,-38.0,-0.0052428256070640175,10.0,0.001388888888888889,10.0,0.001388888888888889,175.0,0.024271844660194174,2025,3,4,1,63,10,0,1.0,6.123233995736766e-17,0.8837203473619977,0.4680153284438345,7190.0,7198.0,7185.0,-12.0,-25.0,2025-03-07,2025-03-12
Maharashtra,Wardha,APMC Hinganghat,Fibre Crops,Cotton,Other,FAQ,7125.0,7250.0,7190.0,Rs./Quintal,2025-03-05,0,0,7210.0,7235.0,7222.0,7220.0,7210.0,7100.0,7222.333333333333,7234.714285714285,7224.214285714285,7199.3,17.988091298732105,20.10808705053533,32.190328382629495,-20.0,-0.0027739251040221915,-32.0,-0.004430905566325118,-30.0,-0.004155124653739612,-20.0,-0.0027739251040221915,125.0,0.017385257301808066,2025,3,5,2,64,10,0,1.0,6.123233995736766e-17,0.8916401947968874,0.45274469960737107,7198.0,7196.0,7190.0,6.0,0.0,2025-03-08,2025-03-17
Maharashtra,Wardha,APMC Hinganghat,Fibre Crops,Cotton,Other,FAQ,7121.0,7275.0,7198.0,Rs./Quintal,2025-03-06,0,0,7190.0,7210.0,7235.0,7250.0,7200.0,7200.0,7211.666666666667,7230.428571428572,7222.785714285715,7202.3,24.480312789786986,21.832151912709314,26.265422398951277,8.0,0.0011126564673157164,-37.0,-0.005114029025570145,-52.0,-0.007172413793103448,-2.0,-0.0002777777777777778,154.0,0.021394831897749374,2025,3,6,3,65,10,0,1.0,6.123233995736766e-17,0.8992961915530253,0.4373400963303323,7198.0,7190.0,7260.0,-8.0,62.0,2025-03-10,2025-03-19
Maharashtra,Wardha,APMC Hinganghat,Fibre Crops,Cotton,Other,FAQ,7121.0,7270.0,7198.0,Rs./Quintal,2025-03-07,0,0,7198.0,7190.0,7210.0,7258.0,7200.0,7200.0,7199.333333333333,7223.0,7222.642857142857,7202.233333333334,25.423086620893027,21.998626330667165,26.27399833500746,0.0,0.0,-12.0,-0.001664355062413315,-60.0,-0.008266740148801324,-2.0,-0.0002777777777777778,149.0,0.020700194498471797,2025,3,7,4,66,10,0,1.0,6.123233995736766e-17,0.9066860720977985,0.4218060770826634,7196.0,7180.0,7520.0,-18.0,322.0,2025-03-11,2025-03-20
Maharashtra,Wardha,APMC Hinganghat,Fibre Crops,Cotton,Other,FAQ,7121.0,7230.0,7196.0,Rs./Quintal,2025-03-08,0,0,7198.0,7198.0,7190.0,7248.0,7210.0,7175.0,7195.333333333333,7214.428571428572,7222.5,7202.166666666667,21.46203735946677,22.162858743606844,26.28239653871616,-2.0,-0.0002778549597110308,6.0,0.0008344923504867872,-52.0,-0.00717439293598234,-14.0,-0.001941747572815534,109.0,0.015147304057809894,2025,3,8,5,67,10,1,1.0,6.123233995736766e-17,0.9138076496466615,0.4061472386305789,7190.0,7185.0,7200.0,-11.0,4.0,2025-03-12,2025-03-21
Maharashtra,Wardha,APMC Hinganghat,Fibre Crops,Cotton,Other,FAQ,7121.0,7240.0,7190.0,Rs./Quintal,2025-03-10,0,0,7196.0,7198.0,7198.0,7222.0,7238.0,7175.0,7197.333333333333,7207.0,7221.5,7202.866666666667,16.278820596102992,23.06762633242006,25.80929174216363,-6.0,-0.0008337965536409116,-8.0,-0.0011114198388441233,-32.0,-0.004430905566325118,-48.0,-0.0066316662061342915,119.0,0.01655076495132128,2025,3,10,0,69,11,0,1.0,6.123233995736766e-17,0.9272375462179537,0.374473674486883,7180.0,7190.0,7220.0,0.0,30.0,2025-03-17,2025-03-22
Maharashtra,Wardha,APMC Hinganghat,Fibre Crops,Cotton,Other,FAQ,7131.0,7245.0,7180.0,Rs./Quintal,2025-03-11,0,0,7190.0,7196.0,7198.0,7235.0,7238.0,7180.0,7194.666666666667,7202.428571428572,7218.071428571428,7203.366666666667,15.851994016079827,23.975834903866716,25.392753966933594,-10.0,-0.0013908205841446453,-18.0,-0.0025006946373992774,-55.0,-0.007601935038009675,-58.0,-0.00801326333241227,114.0,0.015877437325905294,2025,3,11,1,70,11,0,1.0,6.123233995736766e-17,0.9335418911179212,0.35846832151248087,7185.0,7260.0,7270.0,80.0,90.0,2025-03-19,2025-03-24
Maharashtra,Wardha,APMC Hinganghat,Fibre Crops,Cotton,Other,FAQ,7121.0,7230.0,7185.0,Rs./Quintal,2025-03-12,0,0,7180.0,7190.0,7196.0,7210.0,7200.0,7175.0,7188.666666666667,7194.571428571428,7213.928571428572,7203.366666666667,9.289010404012181,25.244844974748023,25.392753966933594,5.0,0.0006963788300835655,-11.0,-0.001528627015008338,-25.0,-0.0034674063800277394,-15.0,-0.0020833333333333333,109.0,0.015170494084899096,2025,3,12,2,71,11,0,1.0,6.123233995736766e-17,0.9395699859530622,0.342356891994542,7190.0,7520.0,7200.0,335.0,15.0,2025-03-20,2025-03-25
Maharashtra,Wardha,APMC Hinganghat,Fibre Crops,Cotton,Other,FAQ,7141.0,7235.0,7190.0,Rs./Quintal,2025-03-17,0,0,7185.0,7180.0,7190.0,7190.0,7220.0,7180.0,7185.0,7191.0,7212.857142857143,7203.7,6.8556546004111745,26.18236970775105,25.071140160905173,5.0,0.0006958942240779402,0.0,0.0,0.0,0.0,-30.0,-0.004155124653739612,94.0,0.013073713490959666,2025,3,17,0,76,12,0,1.0,6.123233995736766e-17,0.9655071658143364,0.2603764827344581,7260.0,7200.0,7250.0,10.0,60.0,2025-03-21,2025-03-26
Maharashtra,Wardha,APMC Hinganghat,Fibre Crops,Cotton,Other,FAQ,7131.0,7510.0,7260.0,Rs./Quintal,2025-03-19,0,0,7190.0,7185.0,7180.0,7198.0,7250.0,7165.0,7185.0,7191.0,7210.714285714285,7204.033333333334,6.8556546004111745,26.773777559994564,24.810291709588594,70.0,0.009735744089012517,80.0,0.011142061281337047,62.0,0.008613503751041956,10.0,0.001379310344827586,379.0,0.05220385674931129,2025,3,19,2,78,12,0,1.0,6.123233995736766e-17,0.9738922359149924,0.22701082094141847,7520.0,7220.0,7300.0,-40.0,40.0,2025-03-22,2025-03-27
Maharashtra,Wardha,APMC Hinganghat,Fibre Crops,Cotton,Other,FAQ,7161.0,7525.0,7520.0,Rs./Quintal,2025-03-20,0,0,7260.0,7190.0,7185.0,7198.0,7258.0,7170.0,7211.666666666667,7199.857142857143,7211.428571428572,7207.2,27.217816293921445,28.00745583616046,25.703079112517365,260.0,0.03581267217630854,335.0,0.04662491301322199,322.0,0.044734648513475965,262.0,0.03609809864976578,364.0,0.04840425531914894,2025,3,20,3,79,12,0,1.0,6.123233995736766e-17,0.9776530844816641,0.2102247521189836,7200.0,7270.0,7280.0,-250.0,-240.0,2025-03-24,2025-04-01
Maharashtra,Wardha,APMC Hinganghat,Fibre Crops,Cotton,Other,FAQ,7125.0,7555.0,7200.0,Rs./Quintal,2025-03-21,0,0,7520.0,7260.0,7190.0,7196.0,7248.0,7170.0,7323.333333333333,7245.857142857143,7230.142857142857,7218.866666666667,123.90914490253047,86.9755554897118,62.01653468805693,-320.0,-0.0425531914893617,10.0,0.0013908205841446453,4.0,0.0005558643690939411,-48.0,-0.006622516556291391,430.0,0.059722222222222225,2025,3,21,4,80,12,0,1.0,6.123233995736766e-17,0.981124629771712,0.19337647441020586,7220.0,7200.0,7400.0,0.0,200.0,2025-03-25,2025-04-02
Maharashtra,Wardha,APMC Hinganghat,Fibre Crops,Cotton,Other,FAQ,7125.0,7575.0,7220.0,Rs./Quintal,2025-03-22,0,0,7200.0,7520.0,7260.0,7190.0,7222.0,7180.0,7326.666666666667,7246.428571428572,7226.714285714285,7219.866666666667,123.64985125056081,87.16335554260901,61.44059835677963,20.0,0.002777777777777778,-40.0,-0.005509641873278237,30.0,0.004172461752433936,-2.0,-0.00027693159789531985,450.0,0.062326869806094184,2025,3,22,5,81,12,1,1.0,6.123233995736766e-17,0.984305844499033,0.17647097349152166,7270.0,7250.0,7370.0,30.0,150.0,2025-03-26,2025-04-03
Maharashtra,Wardha,APMC Hinganghat,Fibre Crops,Cotton,Other,FAQ,7125.0,7640.0,7270.0,Rs./Quintal,2025-03-24,0,0,7220.0,7200.0,7520.0,7180.0,7235.0,7190.0,7313.333333333333,7250.714285714285,7226.571428571428,7221.2,121.87522893751434,87.17331479979143,60.977893111177586,50.0,0.006925207756232687,-250.0,-0.03324468085106383,90.0,0.012534818941504178,35.0,0.0048375950241879755,515.0,0.07083906464924347,2025,3,24,0,83,13,0,1.0,6.123233995736766e-17,0.9897936029670716,0.14250832791617088,7200.0,7300.0,7350.0,30.0,80.0,2025-03-27,2025-04-04
Maharashtra,Wardha,APMC Hinganghat,Fibre Crops,Cotton,Other,FAQ,7125.0,7685.0,7200.0,Rs./Quintal,2025-03-25,0,0,7270.0,7220.0,7200.0,7185.0,7210.0,7200.0,7230.0,7263.571428571428,7229.071428571428,7223.866666666667,117.85281377330708,87.93219790593277,61.314752307883126,-70.0,-0.009628610729023384,0.0,0.0,15.0,0.0020876826722338203,-10.0,-0.0013869625520110957,560.0,0.07777777777777778,2025,3,25,1,84,13,0,1.0,6.123233995736766e-17,0.992098522791769,0.12546123335273648,7250.0,7280.0,7305.0,80.0,105.0,2025-04-01,2025-04-05
Maharashtra,Wardha,APMC Hinganghat,Fibre Crops,Cotton,Other,FAQ,7125.0,7680.0,7250.0,Rs./Quintal,2025-03-26,0,0,7200.0,7270.0,7220.0,7190.0,7190.0,7180.0,7230.0,7265.714285714285,7228.357142857143,7223.866666666667,116.31238725334252,88.13940631211246,61.314752307883126,50.0,0.006944444444444444,30.0,0.004155124653739612,60.0,0.008344923504867872,60.0,0.008344923504867872,555.0,0.07655172413793103,2025,3,26,2,85,13,0,1.0,6.123233995736766e-17,0.9941098647022418,0.10837701279187609,7300.0,7400.0,7300.0,150.0,50.0,2025-04-02,2025-04-07
Maharashtra,Wardha,APMC Hinganghat,Fibre Crops,Cotton,Other,FAQ,7125.0,7700.0,7300.0,Rs./Quintal,2025-03-27,0,0,7250.0,7200.0,7270.0,7260.0,7198.0,7200.0,7240.0,7274.285714285715,7232.642857142857,7226.2,111.93110125685124,87.58785228631038,60.91848708699085,50.0,0.006896551724137931,30.0,0.0041265474552957355,40.0,0.005509641873278237,102.0,0.014170602945262572,575.0,0.07876712328767123,2025,3,27,3,86,13,0,1.0,6.123233995736766e-17,0.9958270335100595,0.09126072172931188,7280.0,7370.0,7300.0,70.0,0.0,2025-04-03,2025-04-08
Maharashtra,Wardha,APMC Hinganghat,Fibre Crops,Cotton,Other,FAQ,7125.0,8000.0,7280.0,Rs./Quintal,2025-04-01,0,0,7300.0,7250.0,7200.0,7520.0,7198.0,7210.0,7250.0,7280.0,7239.928571428572,7229.533333333334,112.10114480533511,88.71949251232748,62.15871416888223,-20.0,-0.0027397260273972603,80.0,0.011111111111111112,-240.0,-0.031914893617021274,82.0,0.011392053348152265,875.0,0.1201923076923077,2025,4,1,1,91,14,0,0.8660254037844387,-0.49999999999999983,0.9999855506507186,0.005375731557583884,7400.0,7350.0,7370.0,70.0,90.0,2025-04-04,2025-04-10
Maharashtra,Wardha,APMC Hinganghat,Fibre Crops,Cotton,Other,FAQ,7125.0,8070.0,7400.0,Rs./Quintal,2025-04-02,0,0,7280.0,7300.0,7250.0,7200.0,7196.0,7200.0,7276.666666666667,7245.714285714285,7245.785714285715,7231.866666666667,39.940431835900434,88.44483597692707,62.71156376528516,120.0,0.016483516483516484,150.0,0.020689655172413793,200.0,0.027777777777777776,204.0,0.028349082823790995,945.0,0.1277027027027027,2025,4,2,2,92,14,0,0.8660254037844387,-0.49999999999999983,0.9999300657962057,-0.011826390691832589,7370.0,7305.0,7310.0,-95.0,-90.0,2025-04-05,2025-04-11
Maharashtra,Wardha,APMC Hinganghat,Fibre Crops,Cotton,Other,FAQ,7125.0,7915.0,7370.0,Rs./Quintal,2025-04-03,0,0,7400.0,7280.0,7300.0,7220.0,7190.0,7200.0,7326.666666666667,7274.285714285715,7260.357142857143,7238.533333333334,65.28326555791189,96.08618498541456,69.47325624537635,-30.0,-0.004054054054054054,70.0,0.009589041095890411,150.0,0.02077562326869806,180.0,0.025034770514603615,790.0,0.10719131614654002,2025,4,3,3,93,14,0,0.8660254037844387,-0.49999999999999983,0.9995786855478958,-0.029025013321975237,7350.0,7300.0,7310.0,-70.0,-60.0,2025-04-07,2025-04-12
Maharashtra,Wardha,APMC Hinganghat,Fibre Crops,Cotton,Other,FAQ,7125.0,7930.0,7350.0,Rs./Quintal,2025-04-04,0,0,7370.0,7400.0,7280.0,7270.0,7180.0,7210.0,7350.0,7295.714285714285,7273.214285714285,7244.2,69.00655593423585,97.9718786743688,73.06227858290863,-20.0,-0.0027137042062415195,70.0,0.009615384615384616,80.0,0.011004126547455296,170.0,0.023676880222841225,805.0,0.10952380952380952,2025,4,4,4,94,14,0,0.8660254037844387,-0.49999999999999983,0.9989315138848577,-0.046215046983708354,7305.0,7300.0,7370.0,-50.0,20.0,2025-04-08,2025-04-15
Maharashtra,Wardha,APMC Hinganghat,Fibre Crops,Cotton,Other,FAQ,7125.0,8000.0,7305.0,Rs./Quintal,2025-04-05,0,0,7350.0,7370.0,7400.0,7200.0,7185.0,7238.0,7373.333333333333,7307.142857142857,7285.357142857143,7248.866666666667,70.64330251677247,96.04614847748313,75.24109906499362,-45.0,-0.006122448979591836,-95.0,-0.012837837837837839,105.0,0.014583333333333334,120.0,0.016701461377870562,875.0,0.11978097193702943,2025,4,5,5,95,14,1,0.8660254037844387,-0.49999999999999983,0.9979887423155984,-0.06339140486951038,7300.0,7370.0,7340.0,65.0,35.0,2025-04-10,2025-04-16
Maharashtra,Wardha,APMC Hinganghat,Fibre Crops,Cotton,Other,FAQ,7125.0,7985.0,7300.0,Rs./Quintal,2025-04-07,0,0,7305.0,7350.0,7370.0,7250.0,7190.0,7238.0,7341.666666666667,7322.142857142857,7293.928571428572,7251.1,53.06106096259484,91.65526069562414,75.89891189989916,-5.0,-0.0006844626967830253,-70.0,-0.009497964721845319,50.0,0.006896551724137931,110.0,0.015299026425591099,860.0,0.1178082191780822,2025,4,7,0,97,15,0,0.8660254037844387,-0.49999999999999983,0.9952176027737294,-0.09768276782171598,7300.0,7310.0,7350.0,10.0,50.0,2025-04-11,2025-04-17
Maharashtra,Wardha,APMC Hinganghat,Fibre Crops,Cotton,Other,FAQ,7125.0,7980.0,7300.0,Rs./Quintal,2025-04-08,0,0,7300.0,7305.0,7350.0,7300.0,7260.0,7200.0,7318.333333333333,7329.285714285715,7301.785714285715,7253.166666666667,44.387364139336995,86.63822088822722,76.37253673814004,0.0,0.0,-50.0,-0.006802721088435374,0.0,0.0,40.0,0.005509641873278237,855.0,0.11712328767123288,2025,4,8,1,98,15,0,0.8660254037844387,-0.49999999999999983,0.9933900548258936,-0.11478762552212701,7370.0,7310.0,7200.0,10.0,-100.0,2025-04-12,2025-04-19
Maharashtra,Wardha,APMC Hinganghat,Fibre Crops,Cotton,Other,FAQ,7125.0,7985.0,7370.0,Rs./Quintal,2025-04-10,0,0,7300.0,7300.0,7305.0,7280.0,7520.0,7220.0,7301.666666666667,7329.285714285715,7304.642857142857,7256.5,44.387364139336995,85.80981398313415,76.153995525417,70.0,0.009589041095890411,65.0,0.00889801505817933,90.0,0.012362637362637362,-150.0,-0.0199468085106383,860.0,0.11668928086838534,2025,4,10,3,100,15,0,0.8660254037844387,-0.49999999999999983,0.9888537064205885,-0.1488903868564548,7310.0,7370.0,7200.0,0.0,-170.0,2025-04-15,2025-04-21
Maharashtra,Wardha,APMC Hinganghat,Fibre Crops,Cotton,Other,FAQ,7125.0,8000.0,7310.0,Rs./Quintal,2025-04-11,0,0,7370.0,7300.0,7300.0,7400.0,7200.0,7250.0,7323.333333333333,7342.142857142857,7293.928571428572,7261.5,40.60553563012664,63.25098270527361,78.56108978106599,-60.0,-0.008141112618724558,10.0,0.0013698630136986301,-90.0,-0.012162162162162163,110.0,0.015277777777777777,875.0,0.11969904240766074,2025,4,11,4,101,15,0,0.8660254037844387,-0.49999999999999983,0.986146248341595,-0.16587819893463143,7310.0,7340.0,7200.0,30.0,-110.0,2025-04-16,2025-04-22
Maharashtra,Wardha,APMC Hinganghat,Fibre Crops,Cotton,Other,FAQ,7125.0,8045.0,7310.0,Rs./Quintal,2025-04-12,0,0,7310.0,7370.0,7300.0,7370.0,7220.0,7258.0,7326.666666666667,7329.285714285715,7301.785714285715,7263.5,32.71449365706432,57.231216026815574,79.02062149016655,0.0,0.0,10.0,0.0013698630136986301,-60.0,-0.008141112618724558,90.0,0.012465373961218837,920.0,0.12585499316005472,2025,4,12,5,102,15,1,0.8660254037844387,-0.49999999999999983,0.9831469737221499,-0.1828169249850199,7370.0,7350.0,7200.0,40.0,-110.0,2025-04-17,2025-04-23
Maharashtra,Wardha,APMC Hinganghat,Fibre Crops,Cotton,Other,FAQ,7125.0,8035.0,7370.0,Rs./Quintal,2025-04-15,0,0,7310.0,7310.0,7370.0,7350.0,7270.0,7248.0,7330.0,7320.714285714285,7308.214285714285,7265.233333333334,27.75316369782246,52.1686297890008,79.46488416964111,60.0,0.008207934336525308,0.0,0.0,20.0,0.0027210884353741495,100.0,0.013755158184319119,910.0,0.12347354138398914,2025,4,15,1,105,16,0,0.8660254037844387,-0.49999999999999983,0.9724075561219968,-0.23328854407545518,7340.0,7200.0,7200.0,-170.0,-170.0,2025-04-19,2025-04-24
Maharashtra,Wardha,APMC Hinganghat,Fibre Crops,Cotton,Other,FAQ,7125.0,8020.0,7340.0,Rs./Quintal,2025-04-16,0,0,7370.0,7310.0,7310.0,7305.0,7200.0,7222.0,7330.0,7323.571428571428,7315.357142857143,7269.3,31.978415339398406,53.366089986389184,81.6443718101769,-30.0,-0.004070556309362279,30.0,0.004103967168262654,35.0,0.004791238877481177,140.0,0.019444444444444445,895.0,0.12193460490463215,2025,4,16,2,106,16,0,0.8660254037844387,-0.49999999999999983,0.9682507501166718,-0.2499809690726521,7350.0,7200.0,7300.0,-140.0,-40.0,2025-04-21,2025-04-25
Maharashtra,Wardha,APMC Hinganghat,Fibre Crops,Cotton,Other,FAQ,7125.0,8030.0,7350.0,Rs./Quintal,2025-04-17,0,0,7340.0,7370.0,7310.0,7300.0,7250.0,7235.0,7340.0,7328.571428571428,7325.357142857143,7273.233333333334,31.320159337914998,41.991953703297995,82.12802593317781,10.0,0.0013623978201634877,40.0,0.005471956224350205,50.0,0.00684931506849315,100.0,0.013793103448275862,905.0,0.12312925170068027,2025,4,17,3,107,16,0,0.8660254037844387,-0.49999999999999983,0.9638074231367307,-0.26659942067929354,7200.0,7200.0,7310.0,-150.0,-40.0,2025-04-22,2025-04-26
Maharashtra,Wardha,APMC Hinganghat,Fibre Crops,Cotton,Other,FAQ,7125.0,8020.0,7200.0,Rs./Quintal,2025-04-19,0,0,7350.0,7340.0,7370.0,7300.0,7300.0,7210.0,7353.333333333333,7335.714285714285,7332.5,7277.066666666667,29.358214555805873,36.307977508598825,82.96153380908896,-150.0,-0.02040816326530612,-170.0,-0.023066485753052916,-100.0,-0.0136986301369863,-100.0,-0.0136986301369863,895.0,0.12430555555555556,2025,4,19,5,109,16,1,0.8660254037844387,-0.49999999999999983,0.9540665500578387,-0.2995947563972602,7200.0,7200.0,7420.0,0.0,220.0,2025-04-23,2025-04-28
Maharashtra,Wardha,APMC Hinganghat,Fibre Crops,Cotton,Other,FAQ,7125.0,8060.0,7200.0,Rs./Quintal,2025-04-21,0,0,7200.0,7350.0,7340.0,7370.0,7280.0,7190.0,7296.666666666667,7321.428571428572,7325.357142857143,7276.733333333334,58.99959644736941,50.32449647091047,83.2598480592726,0.0,0.0,-140.0,-0.01907356948228883,-170.0,-0.023066485753052916,-80.0,-0.01098901098901099,935.0,0.12986111111111112,2025,4,21,0,111,17,0,0.8660254037844387,-0.49999999999999983,0.9431964659565866,-0.33223549871590435,7200.0,7200.0,7370.0,0.0,170.0,2025-04-24,2025-04-29
Maharashtra,Wardha,APMC Hinganghat,Fibre Crops,Cotton,Other,FAQ,7125.0,8030.0,7200.0,Rs./Quintal,2025-04-22,0,0,7200.0,7200.0,7350.0,7310.0,7400.0,7198.0,7250.0,7297.142857142857,7319.642857142857,7277.066666666667,69.69320524371852,59.564583104688445,82.9199586362202,0.0,0.0,-150.0,-0.02040816326530612,-110.0,-0.015047879616963064,-200.0,-0.02702702702702703,905.0,0.12569444444444444,2025,4,22,1,112,17,0,0.8660254037844387,-0.49999999999999983,0.9373419384643772,-0.3484108069446808,7200.0,7300.0,7370.0,100.0,170.0,2025-04-25,2025-05-02
Maharashtra,Wardha,APMC Hinganghat,Fibre Crops,Cotton,Other,FAQ,7125.0,8005.0,7200.0,Rs./Quintal,2025-04-23,0,0,7200.0,7200.0,7200.0,7310.0,7370.0,7198.0,7200.0,7281.428571428572,7305.357142857143,7277.133333333333,78.19389819088195,62.710086469808154,82.8549764735913,0.0,0.0,0.0,0.0,-110.0,-0.015047879616963064,-170.0,-0.023066485753052916,880.0,0.12222222222222222,2025,4,23,2,113,17,0,0.8660254037844387,-0.49999999999999983,0.9312100364121947,-0.3644830148102912,7200.0,7310.0,7350.0,110.0,150.0,2025-04-26,2025-05-03
Maharashtra,Wardha,APMC Hinganghat,Fibre Crops,Cotton,Other,FAQ,7125.0,7985.0,7200.0,Rs./Quintal,2025-04-24,0,0,7200.0,7200.0,7200.0,7370.0,7350.0,7196.0,7200.0,7265.714285714285,7293.214285714285,7277.2,82.43323416704246,65.621500429945,82.78988777165944,0.0,0.0,0.0,0.0,-170.0,-0.023066485753052916,-150.0,-0.02040816326530612,860.0,0.11944444444444445,2025,4,24,3,114,17,0,0.8660254037844387,-0.49999999999999983,0.9248025743285089,-0.38044736628785164,7300.0,7420.0,7345.0,220.0,145.0,2025-04-28,2025-05-05
Maharashtra,Wardha,APMC Hinganghat,Fibre Crops,Cotton,Other,FAQ,7125.0,7975.0,7300.0,Rs./Quintal,2025-04-25,0,0,7200.0,7200.0,7200.0,7340.0,7305.0,7190.0,7200.0,7241.428571428572,7282.5,7277.333333333333,70.81162132225296,67.84456216514805,82.65772105845465,100.0,0.013888888888888888,100.0,0.013888888888888888,-40.0,-0.005449591280653951,-5.0,-0.0006844626967830253,850.0,0.11643835616438356,2025,4,25,4,115,17,0,0.8660254037844387,-0.49999999999999983,0.9181214482844365,-0.39629913726891813,7310.0,7370.0,7340.0,70.0,40.0,2025-04-29,2025-05-06
Maharashtra,Wardha,APMC Hinganghat,Fibre Crops,Cotton,Other,FAQ,7125.0,7970.0,7310.0,Rs./Quintal,2025-04-26,0,0,7300.0,7200.0,7200.0,7350.0,7300.0,7180.0,7233.333333333333,7235.714285714285,7282.142857142857,7281.0,62.67831705280449,67.73007188360766,81.0746782187785,10.0,0.0013698630136986301,110.0,0.015277777777777777,-40.0,-0.005442176870748299,10.0,0.0013698630136986301,845.0,0.11559507523939809,2025,4,26,5,116,17,1,0.8660254037844387,-0.49999999999999983,0.9111686353326631,-0.41203363695942635,7420.0,7370.0,7325.0,60.0,15.0,2025-05-02,2025-05-07
Maharashtra,Wardha,APMC Hinganghat,Fibre Crops,Cotton,Other,FAQ,7125.0,7990.0,7420.0,Rs./Quintal,2025-04-28,0,0,7310.0,7300.0,7200.0,7200.0,7300.0,7185.0,7270.0,7230.0,7282.857142857143,7285.333333333333,51.31601439447339,67.98513088884981,78.93617383831405,110.0,0.015047879616963064,220.0,0.030555555555555555,220.0,0.030555555555555555,120.0,0.01643835616438356,865.0,0.11657681940700809,2025,4,28,0,118,18,0,0.8660254037844387,-0.49999999999999983,0.8964562582905575,-0.44313223418263453,7370.0,7350.0,7330.0,-70.0,-90.0,2025-05-03,2025-05-08
Maharashtra,Wardha,APMC Hinganghat,Fibre Crops,Cotton,Other,FAQ,7125.0,7960.0,7370.0,Rs./Quintal,2025-04-29,0,0,7420.0,7310.0,7300.0,7200.0,7370.0,7190.0,7343.333333333333,7261.428571428572,7291.428571428572,7293.166666666667,85.7182538764032,77.24657252609292,80.28487354130256,-50.0,-0.006738544474393531,70.0,0.009589041095890411,170.0,0.02361111111111111,0.0,0.0,835.0,0.11329715061058344,2025,4,29,1,119,18,0,0.8660254037844387,-0.49999999999999983,0.8887010478292915,-0.45848712914008766,7370.0,7345.0,7310.0,-25.0,-60.0,2025-05-05,2025-05-09
Maharashtra,Wardha,APMC Hinganghat,Fibre Crops,Cotton,Other,FAQ,7125.0,7945.0,7370.0,Rs./Quintal,2025-05-02,0,0,7370.0,7420.0,7310.0,7200.0,7310.0,7260.0,7366.666666666667,7285.714285714285,7291.428571428572,7299.166666666667,89.41609528065146,77.24657252609292,79.02513058749466,0.0,0.0,60.0,0.008207934336525308,170.0,0.02361111111111111,60.0,0.008207934336525308,820.0,0.1112618724559023,2025,5,2,4,122,18,0,0.49999999999999994,-0.8660254037844387,0.8638670987837349,-0.503719798736334,7350.0,7340.0,7270.0,-30.0,-100.0,2025-05-06,2025-05-10
Maharashtra,Wardha,APMC Hinganghat,Fibre Crops,Cotton,Other,FAQ,7125.0,7950.0,7350.0,Rs./Quintal,2025-05-03,0,0,7370.0,7370.0,7420.0,7200.0,7310.0,7520.0,7386.666666666667,7310.0,7295.714285714285,7302.833333333333,85.24474568363185,79.972522753758,79.69427934878601,-20.0,-0.0027137042062415195,-70.0,-0.009433962264150943,150.0,0.020833333333333332,40.0,0.005471956224350205,825.0,0.11224489795918367,2025,5,3,5,123,18,1,0.49999999999999994,-0.8660254037844387,0.8550745085896932,-0.518505144391157,7345.0,7325.0,7370.0,-25.0,20.0,2025-05-07,2025-05-12
Maharashtra,Wardha,APMC Hinganghat,Fibre Crops,Cotton,Other,FAQ,7125.0,7975.0,7345.0,Rs./Quintal,2025-05-05,0,0,7350.0,7370.0,7370.0,7200.0,7370.0,7200.0,7363.333333333333,7331.428571428572,7298.571428571428,7297.166666666667,70.57586259446462,81.22685638259138,69.05374385384647,-5.0,-0.0006802721088435374,-25.0,-0.0033921302578018998,145.0,0.02013888888888889,-25.0,-0.0033921302578018998,850.0,0.11572498298162015,2025,5,5,0,125,19,0,0.49999999999999994,-0.8660254037844387,0.8367329140344921,-0.5476112038402312,7340.0,7330.0,7410.0,-15.0,65.0,2025-05-08,2025-05-13
Maharashtra,Wardha,APMC Hinganghat,Fibre Crops,Cotton,Other,FAQ,7125.0,7975.0,7340.0,Rs./Quintal,2025-05-06,0,0,7345.0,7350.0,7370.0,7300.0,7340.0,7220.0,7355.0,7352.142857142857,7296.785714285715,7302.0,40.39978783537376,79.79799358515051,67.0640455601908,-5.0,-0.0006807351940095302,-30.0,-0.004070556309362279,40.0,0.005479452054794521,0.0,0.0,850.0,0.11580381471389646,2025,5,6,1,126,19,0,0.49999999999999994,-0.8660254037844387,0.8271893372462497,-0.5619233046832195,7325.0,7310.0,7400.0,-30.0,60.0,2025-05-09,2025-05-15
Maharashtra,Wardha,APMC Hinganghat,Fibre Crops,Cotton,Other,FAQ,7125.0,7960.0,7325.0,Rs./Quintal,2025-05-07,0,0,7340.0,7345.0,7350.0,7310.0,7350.0,7270.0,7345.0,7357.857142857143,7296.785714285715,7306.0,34.13907131830826,79.79799358515051,65.56649691148829,-15.0,-0.0020435967302452314,-25.0,-0.003401360544217687,15.0,0.002051983584131327,-25.0,-0.003401360544217687,835.0,0.11399317406143344,2025,5,7,2,127,19,0,0.49999999999999994,-0.8660254037844387,0.8174009818249189,-0.5760691233798758,7330.0,7270.0,7370.0,-55.0,45.0,2025-05-10,2025-05-16
Maharashtra,Wardha,APMC Hinganghat,Fibre Crops,Cotton,Other,FAQ,7125.0,7935.0,7330.0,Rs./Quintal,2025-05-08,0,0,7325.0,7340.0,7345.0,7420.0,7200.0,7200.0,7336.666666666667,7360.0,7295.0,7307.833333333333,30.956959368350162,78.78890980136897,65.29354582529287,5.0,0.0006825938566552901,-15.0,-0.0020422055820285907,-90.0,-0.012129380053908356,130.0,0.018055555555555554,810.0,0.11050477489768076,2025,5,8,3,128,19,0,0.49999999999999994,-0.8660254037844387,0.8073707443023492,-0.5900444739548627,7310.0,7370.0,7340.0,40.0,10.0,2025-05-12,2025-05-17
Maharashtra,Wardha,APMC Hinganghat,Fibre Crops,Cotton,Other,FAQ,7125.0,7925.0,7310.0,Rs./Quintal,2025-05-09,0,0,7330.0,7325.0,7340.0,7370.0,7200.0,7250.0,7331.666666666667,7347.142857142857,7304.285714285715,7312.166666666667,17.76164943006602,74.26193617749985,62.12727943969202,-20.0,-0.002728512960436562,-30.0,-0.004087193460490463,-60.0,-0.008141112618724558,110.0,0.015277777777777777,800.0,0.1094391244870041,2025,5,9,4,129,19,0,0.49999999999999994,-0.8660254037844387,0.7971015927871943,-0.6038452208771035,7270.0,7410.0,7410.0,100.0,100.0,2025-05-13,2025-05-19
Maharashtra,Wardha,APMC Hinganghat,Fibre Crops,Cotton,Other,FAQ,7125.0,7895.0,7270.0,Rs./Quintal,2025-05-10,0,0,7310.0,7330.0,7325.0,7370.0,7200.0,7300.0,7321.666666666667,7338.571428571428,7312.142857142857,7314.166666666667,19.303342913066484,67.92853387407658,61.01276482234884,-40.0,-0.005471956224350205,-55.0,-0.007508532423208191,-100.0,-0.013568521031207599,70.0,0.009722222222222222,770.0,0.10591471801925723,2025,5,10,5,130,19,1,0.49999999999999994,-0.8660254037844387,0.7865965660866021,-0.6174672802835514,7370.0,7400.0,7370.0,130.0,100.0,2025-05-15,2025-05-20
Maharashtra,Wardha,APMC Hinganghat,Fibre Crops,Cotton,Other,FAQ,7125.0,7875.0,7370.0,Rs./Quintal,2025-05-12,0,0,7270.0,7310.0,7330.0,7350.0,7200.0,7280.0,7303.333333333333,7324.285714285715,7317.142857142857,7313.166666666667,27.451255500829696,61.29105486601806,61.496892735282394,100.0,0.013755158184319119,40.0,0.005457025920873124,20.0,0.0027210884353741495,170.0,0.02361111111111111,750.0,0.10176390773405698,2025,5,12,0,132,20,0,0.49999999999999994,-0.8660254037844387,0.7648913904341226,-0.6441592666722685,7410.0,7370.0,7320.0,0.0,-50.0,2025-05-16,2025-05-21
Maharashtra,Wardha,APMC Hinganghat,Fibre Crops,Cotton,Other,FAQ,7125.0,7895.0,7410.0,Rs./Quintal,2025-05-13,0,0,7370.0,7270.0,7310.0,7345.0,7200.0,7400.0,7316.666666666667,7327.142857142857,7329.285714285715,7316.166666666667,31.339158526406948,52.508502712785734,62.01617327060203,40.0,0.005427408412483039,100.0,0.013679890560875513,65.0,0.008849557522123894,210.0,0.029166666666666667,770.0,0.1039136302294197,2025,5,13,1,133,20,0,0.49999999999999994,-0.8660254037844387,0.753697664392914,-0.6572212950663319,7400.0,7340.0,7350.0,-70.0,-60.0,2025-05-17,2025-05-22
Maharashtra,Wardha,APMC Hinganghat,Fibre Crops,Cotton,Other,FAQ,7125.0,8035.0,7400.0,Rs./Quintal,2025-05-15,0,0,7410.0,7370.0,7270.0,7340.0,7300.0,7370.0,7350.0,7336.428571428572,7344.285714285715,7316.5,44.41417620106751,41.59591061889958,62.50724095988154,-10.0,-0.001349527665317139,130.0,0.017881705639614855,60.0,0.008174386920980926,100.0,0.0136986301369863,910.0,0.12297297297297298,2025,5,15,3,135,20,0,0.49999999999999994,-0.8660254037844387,0.7306444969184916,-0.6827580970759147,7370.0,7410.0,7345.0,10.0,-55.0,2025-05-19,2025-05-23
Maharashtra,Wardha,APMC Hinganghat,Fibre Crops,Cotton,Other,FAQ,7125.0,8045.0,7370.0,Rs./Quintal,2025-05-16,0,0,7400.0,7410.0,7370.0,7325.0,7310.0,7350.0,7393.333333333333,7345.0,7351.428571428572,7317.5,50.57996968498278,41.99031808860796,63.62267541992489,-30.0,-0.004054054054054054,0.0,0.0,45.0,0.0061433447098976105,60.0,0.008207934336525308,920.0,0.1248303934871099,2025,5,16,4,136,20,0,0.49999999999999994,-0.8660254037844387,0.7187918772884232,-0.6952253139408723,7340.0,7370.0,7370.0,0.0,0.0,2025-05-20,2025-05-24
Maharashtra,Wardha,APMC Hinganghat,Fibre Crops,Cotton,Other,FAQ,7125.0,8010.0,7340.0,Rs./Quintal,2025-05-17,0,0,7370.0,7400.0,7410.0,7330.0,7420.0,7305.0,7393.333333333333,7351.428571428572,7355.714285714285,7318.166666666667,50.47394424472399,40.47112659548443,64.07812221912677,-30.0,-0.004070556309362279,-70.0,-0.009446693657219974,10.0,0.001364256480218281,-80.0,-0.01078167115902965,885.0,0.12057220708446867,2025,5,17,5,137,20,1,0.49999999999999994,-0.8660254037844387,0.7067265555776159,-0.7074868024503348,7410.0,7320.0,7315.0,-20.0,-25.0,2025-05-21,2025-05-26
Maharashtra,Wardha,APMC Hinganghat,Fibre Crops,Cotton,Other,FAQ,7125.0,8035.0,7410.0,Rs./Quintal,2025-05-19,0,0,7340.0,7370.0,7400.0,7310.0,7370.0,7300.0,7370.0,7352.857142857143,7350.0,7319.333333333333,49.90467102863871,36.10880992004335,64.14871371483054,70.0,0.009536784741144414,10.0,0.0013513513513513514,100.0,0.013679890560875513,40.0,0.005427408412483039,910.0,0.12280701754385964,2025,5,19,0,139,21,0,0.49999999999999994,-0.8660254037844387,0.6819721490904629,-0.7313781428679254,7370.0,7350.0,7360.0,-60.0,-50.0,2025-05-22,2025-05-27
Maharashtra,Wardha,APMC Hinganghat,Fibre Crops,Cotton,Other,FAQ,7125.0,8025.0,7370.0,Rs./Quintal,2025-05-20,0,0,7410.0,7340.0,7370.0,7270.0,7370.0,7300.0,7373.333333333333,7367.142857142857,7352.857142857143,7323.0,49.90467102863899,39.25823214568435,66.11901494981588,-40.0,-0.005398110661268556,0.0,0.0,100.0,0.013755158184319119,0.0,0.0,900.0,0.12211668928086838,2025,5,20,1,140,21,0,0.49999999999999994,-0.8660254037844387,0.6692903895412567,-0.7430009249440493,7320.0,7345.0,7300.0,-25.0,-70.0,2025-05-23,2025-05-28
Maharashtra,Wardha,APMC Hinganghat,Fibre Crops,Cotton,Other,FAQ,7125.0,7990.0,7320.0,Rs./Quintal,2025-05-21,0,0,7370.0,7410.0,7340.0,7370.0,7350.0,7370.0,7373.333333333333,7381.428571428572,7352.857142857143,7325.333333333333,26.095064302524865,39.25823214568435,66.51332940477947,-50.0,-0.0067842605156037995,-20.0,-0.0027247956403269754,-50.0,-0.0067842605156037995,-30.0,-0.004081632653061225,865.0,0.11816939890710383,2025,5,21,2,141,21,0,0.49999999999999994,-0.8660254037844387,0.6564105761979381,-0.7544038410927472,7350.0,7370.0,7400.0,50.0,80.0,2025-05-24,2025-05-29
Maharashtra,Wardha,APMC Hinganghat,Fibre Crops,Cotton,Other,FAQ,7125.0,7920.0,7350.0,Rs./Quintal,2025-05-22,0,0,7320.0,7370.0,7410.0,7410.0,7345.0,7310.0,7366.666666666667,7374.285714285715,7350.714285714285,7323.666666666667,35.05098327539376,40.23283880957175,65.97979488704308,30.0,0.004098360655737705,-60.0,-0.008097165991902834,-60.0,-0.008097165991902834,5.0,0.0006807351940095302,795.0,0.10816326530612246,2025,5,22,3,142,21,0,0.49999999999999994,-0.8660254037844387,0.6433365204044917,-0.765583517007675,7345.0,7315.0,7310.0,-35.0,-40.0,2025-05-26,2025-05-30
Maharashtra,Wardha,APMC Hinganghat,Fibre Crops,Cotton,Other,FAQ,7125.0,7920.0,7345.0,Rs./Quintal,2025-05-23,0,0,7350.0,7320.0,7370.0,7400.0,7340.0,7310.0,7346.666666666667,7365.714285714285,7351.071428571428,7325.0,32.071349029498414,40.20039090067522,66.09815063407095,-5.0,-0.0006802721088435374,-25.0,-0.0033921302578018998,-55.0,-0.007432432432432433,5.0,0.0006811989100817438,795.0,0.10823689584751532,2025,5,23,4,143,21,0,0.49999999999999994,-0.8660254037844387,0.6300720909843687,-0.7765366444428655,7370.0,7360.0,7370.0,15.0,25.0,2025-05-27,2025-05-31
Maharashtra,Wardha,APMC Hinganghat,Fibre Crops,Cotton,Other,FAQ,7125.0,7890.0,7370.0,Rs./Quintal,2025-05-24,0,0,7345.0,7350.0,7320.0,7370.0,7325.0,7370.0,7338.333333333333,7357.857142857143,7351.428571428572,7326.166666666667,28.84688643759167,40.1165883312168,66.13313809298597,25.0,0.0034036759700476512,50.0,0.006830601092896175,0.0,0.0,45.0,0.0061433447098976105,765.0,0.10379918588873813,2025,5,24,5,144,21,1,0.49999999999999994,-0.8660254037844387,0.6166212130956382,-0.7872599821916922,7315.0,7300.0,7725.0,-70.0,355.0,2025-05-28,2025-06-02
Maharashtra,Wardha,APMC Hinganghat,Fibre Crops,Cotton,Other,FAQ,7125.0,7935.0,7315.0,Rs./Quintal,2025-05-26,0,0,7370.0,7345.0,7350.0,7340.0,7330.0,7340.0,7355.0,7357.857142857143,7354.642857142857,7326.166666666667,28.84688643759167,39.6360503016146,66.13313809298597,-55.0,-0.007462686567164179,-35.0,-0.004761904761904762,-25.0,-0.0034059945504087193,-15.0,-0.0020463847203274215,810.0,0.11073137388926863,2025,5,26,0,146,22,0,0.49999999999999994,-0.8660254037844387,0.5891760872322963,-0.8080046647350754,7360.0,7400.0,7745.0,85.0,430.0,2025-05-29,2025-06-03
Maharashtra,Wardha,APMC Hinganghat,Fibre Crops,Cotton,Other,FAQ,7125.0,7910.0,7360.0,Rs./Quintal,2025-05-27,0,0,7315.0,7370.0,7345.0,7410.0,7310.0,7350.0,7343.333333333333,7354.285714285715,7353.571428571428,7325.333333333333,32.714493657070946,40.54572781381155,66.11032228515177,45.0,0.006151742993848257,15.0,0.0020422055820285907,-50.0,-0.006747638326585695,50.0,0.006839945280437756,785.0,0.10665760869565218,2025,5,27,1,147,22,0,0.49999999999999994,-0.8660254037844387,0.5751899607119775,-0.8180198708443175,7300.0,7310.0,7730.0,-50.0,370.0,2025-05-30,2025-06-04
Maharashtra,Wardha,APMC Hinganghat,Fibre Crops,Cotton,Other,FAQ,7125.0,7800.0,7300.0,Rs./Quintal,2025-05-28,0,0,7360.0,7315.0,7370.0,7370.0,7270.0,7200.0,7348.333333333333,7347.142857142857,7357.142857142857,7325.666666666667,22.334044054087883,38.56634073072345,66.2640139157963,-60.0,-0.008152173913043478,-70.0,-0.009497964721845319,-70.0,-0.009497964721845319,30.0,0.0041265474552957355,675.0,0.09246575342465753,2025,5,28,2,148,22,0,0.49999999999999994,-0.8660254037844387,0.5610336262283677,-0.8277930117131022,7400.0,7370.0,7725.0,70.0,425.0,2025-05-31,2025-06-05
Maharashtra,Wardha,APMC Hinganghat,Fibre Crops,Cotton,Other,FAQ,7125.0,7890.0,7400.0,Rs./Quintal,2025-05-29,0,0,7300.0,7360.0,7315.0,7320.0,7370.0,7200.0,7325.0,7337.142857142857,7359.285714285715,7329.0,25.796825201496777,33.903547741293345,62.10946954289291,100.0,0.0136986301369863,85.0,0.01161995898838004,80.0,0.01092896174863388,30.0,0.004070556309362279,765.0,0.10337837837837838,2025,5,29,3,149,22,0,0.49999999999999994,-0.8660254037844387,0.5467112728685939,-0.8373211953118121,7310.0,7725.0,7900.0,325.0,500.0,2025-06-02,2025-11-26
Maharashtra,Wardha,APMC Hinganghat,Fibre Crops,Cotton,Other,FAQ,7125.0,7595.0,7310.0,Rs./Quintal,2025-05-30,0,0,7400.0,7300.0,7360.0,7350.0,7410.0,7200.0,7353.333333333333,7348.571428571428,7361.428571428572,7335.666666666667,33.505507720664085,35.54133949617548,58.40898214663007,-90.0,-0.012162162162162163,-50.0,-0.006793478260869565,-40.0,-0.005442176870748299,-100.0,-0.01349527665317139,470.0,0.06429548563611491,2025,5,30,4,150,22,0,0.49999999999999994,-0.8660254037844387,0.5322271388474397,-0.8466016020976267,7370.0,7745.0,7948.0,435.0,638.0,2025-06-03,2025-11-27
Maharashtra,Wardha,APMC Hinganghat,Fibre Crops,Cotton,Other,FAQ,7121.0,7890.0,7370.0,Rs./Quintal,2025-05-31,0,0,7310.0,7400.0,7300.0,7345.0,7400.0,7200.0,7336.666666666667,7342.857142857143,7354.285714285715,7339.333333333333,36.49853226012338,35.074489022870054,52.780177400610015,60.0,0.008207934336525308,70.0,0.009589041095890411,25.0,0.0034036759700476512,-30.0,-0.004054054054054054,769.0,0.10434192672998643,2025,5,31,5,151,22,1,0.49999999999999994,-0.8660254037844387,0.5175855102531889,-0.8556314858488706,7725.0,7730.0,7818.0,360.0,448.0,2025-06-04,2025-12-01
Maharashtra,Wardha,APMC Hinganghat,Fibre Crops,Cotton,Other,FAQ,7710.0,7895.0,7725.0,Rs./Quintal,2025-06-02,0,0,7370.0,7310.0,7400.0,7370.0,7370.0,7200.0,7360.0,7346.428571428572,7352.142857142857,7345.0,37.93791921397559,32.916811563578776,45.99475232439503,355.0,0.04816824966078698,325.0,0.04391891891891892,355.0,0.04816824966078698,355.0,0.04816824966078698,185.0,0.02394822006472492,2025,6,2,0,153,23,0,1.2246467991473532e-16,-1.0,0.4878471454423119,-0.8729290708206411,7745.0,7725.0,7818.0,0.0,93.0,2025-06-05,2025-12-02
Maharashtra,Wardha,APMC Hinganghat,Fibre Crops,Cotton,Other,FAQ,7710.0,7850.0,7745.0,Rs./Quintal,2025-06-03,0,0,7725.0,7370.0,7310.0,7315.0,7340.0,7300.0,7468.333333333333,7397.142857142857,7377.5,7362.5,149.1044696082027,105.16927746767298,77.80113907509713,20.0,0.0025889967637540453,435.0,0.05950752393980848,430.0,0.05878332194121668,405.0,0.055177111716621256,140.0,0.018076178179470628,2025,6,3,1,154,23,0,1.2246467991473532e-16,-1.0,0.47275920928627757,-0.881191653407483,7730.0,7900.0,7818.0,155.0,73.0,2025-11-26,2025-12-03
Maharashtra,Wardha,APMC Hinganghat,Fibre Crops,Cotton,Other,FAQ,7710.0,7810.0,7730.0,Rs./Quintal,2025-06-04,0,0,7745.0,7725.0,7370.0,7360.0,7410.0,7310.0,7613.333333333333,7458.571428571428,7406.428571428572,7377.333333333333,192.02244412469025,142.9689123204942,103.61345050928584,-15.0,-0.001936733376371853,360.0,0.048846675712347354,370.0,0.050271739130434784,320.0,0.043184885290148446,100.0,0.0129366106080207,2025,6,4,2,155,23,0,1.2246467991473532e-16,-1.0,0.4575313760742512,-0.8891934772070711,7725.0,7948.0,7900.0,218.0,170.0,2025-11-27,2025-12-04
Maharashtra,Wardha,APMC Hinganghat,Fibre Crops,Cotton,Other,FAQ,7710.0,7765.0,7725.0,Rs./Quintal,2025-06-05,0,0,7730.0,7745.0,7725.0,7300.0,7370.0,7420.0,7733.333333333333,7511.428571428572,7429.285714285715,7391.333333333333,210.41059632922457,167.12336694853568,121.10079396459034,-5.0,-0.000646830530401035,0.0,0.0,425.0,0.05821917808219178,355.0,0.04816824966078698,55.0,0.007119741100323625,2025,6,5,3,156,23,0,1.2246467991473532e-16,-1.0,0.44216815196707204,-0.8969321743510065,7900.0,7818.0,7890.0,93.0,165.0,2025-12-01,2025-12-05
Maharashtra,Wardha,APMC Hinganghat,Fibre Crops,Cotton,Other,FAQ,7810.0,8110.0,7900.0,Rs./Quintal,2025-11-26,0,0,7725.0,7730.0,7745.0,7400.0,7320.0,7370.0,7733.333333333333,7572.142857142857,7454.642857142857,7401.5,200.30928466701297,183.5595091696106,135.53311085463477,175.0,0.022653721682847898,155.0,0.020012911555842477,500.0,0.06756756756756757,580.0,0.07923497267759563,300.0,0.0379746835443038,2025,11,26,2,330,48,0,-0.5000000000000004,0.8660254037844384,-0.5699010576127624,0.821713322596059,7948.0,7818.0,7900.0,-82.0,0.0,2025-12-02,2025-12-08
Maharashtra,Wardha,APMC Hinganghat,Fibre Crops,Cotton,Other,FAQ,7736.0,8110.0,7948.0,Rs./Quintal,2025-11-27,0,0,7900.0,7725.0,7730.0,7310.0,7350.0,7370.0,7785.0,7643.571428571428,7496.071428571428,7419.166666666667,217.13502492140694,213.79518030319056,163.03735204217278,48.0,0.0060759493670886075,218.0,0.028201811125485123,638.0,0.08727770177838577,598.0,0.08136054421768707,374.0,0.04705586311021641,2025,11,27,3,331,48,0,-0.5000000000000004,0.8660254037844384,-0.5556819724760489,0.8313949395234058,7818.0,7818.0,7874.0,-130.0,-74.0,2025-12-03,2025-12-09
Maharashtra,Wardha,APMC Hinganghat,Fibre Crops,Cotton,Other,FAQ,7710.0,8060.0,7818.0,Rs./Quintal,2025-12-01,0,0,7948.0,7900.0,7725.0,7370.0,7345.0,7350.0,7857.666666666667,7734.714285714285,7538.785714285715,7438.433333333333,185.35705569316517,240.44323768707844,189.0963416800696,-130.0,-0.016356316054353295,93.0,0.012038834951456311,448.0,0.06078697421981004,473.0,0.06439754935330157,350.0,0.04476848298797646,2025,12,1,0,335,49,0,-2.4492935982947064e-16,1.0,-0.4972040784469378,0.8676336233547726,7818.0,7900.0,7800.0,82.0,-18.0,2025-12-04,2025-12-10
Maharashtra,Wardha,APMC Hinganghat,Fibre Crops,Cotton,Other,FAQ,7710.0,8060.0,7818.0,Rs./Quintal,2025-12-02,0,0,7818.0,7948.0,7900.0,7725.0,7370.0,7345.0,7888.666666666667,7798.714285714285,7572.571428571428,7454.033333333334,92.5485715461841,244.31937304264298,200.50926254869194,0.0,0.0,-82.0,-0.010379746835443038,93.0,0.012038834951456311,448.0,0.06078697421981004,350.0,0.04476848298797646,2025,12,2,1,336,49,0,-2.4492935982947064e-16,1.0,-0.4822058478963526,0.8760579434344281,7818.0,7890.0,7830.0,72.0,12.0,2025-12-05,2025-12-11
Maharashtra,Wardha,APMC Hinganghat,Fibre Crops,Cotton,Other,FAQ,7710.0,8060.0,7818.0,Rs./Quintal,2025-12-03,0,0,7818.0,7818.0,7948.0,7745.0,7315.0,7340.0,7861.333333333333,7812.0,7604.571428571428,7469.8,86.69294473408858,245.08388337486357,210.01155961617476,0.0,0.0,-130.0,-0.016356316054353295,73.0,0.009425435765009683,503.0,0.06876281613123718,350.0,0.04476848298797646,2025,12,3,2,337,49,0,-2.4492935982947064e-16,1.0,-0.46706492487743034,0.8842230238742036,7900.0,7900.0,7800.0,82.0,-18.0,2025-12-08,2025-12-12
Maharashtra,Wardha,APMC Hinganghat,Fibre Crops,Cotton,Other,FAQ,7710.0,8060.0,7900.0,Rs./Quintal,2025-12-04,0,0,7818.0,7818.0,7818.0,7730.0,7360.0,7325.0,7818.0,7822.428571428572,7640.5,7485.733333333334,81.52679956689158,236.0716156006504,217.81199316800854,82.0,0.010488616014325915,82.0,0.010488616014325915,170.0,0.02199223803363519,540.0,0.07336956521739131,350.0,0.04430379746835443,2025,12,4,3,338,49,0,-2.4492935982947064e-16,1.0,-0.451785789832884,0.8921264484954345,7890.0,7874.0,7715.0,-26.0,-185.0,2025-12-09,2025-12-13
Maharashtra,Wardha,APMC Hinganghat,Fibre Crops,Cotton,Other,FAQ,7710.0,8060.0,7890.0,Rs./Quintal,2025-12-05,0,0,7900.0,7818.0,7818.0,7725.0,7300.0,7330.0,7845.333333333333,7846.714285714285,7679.071428571428,7504.9,74.41486026710305,230.77110347224027,228.2301243376455,-10.0,-0.0012658227848101266,72.0,0.00920951650038373,165.0,0.021359223300970873,590.0,0.08082191780821918,350.0,0.044359949302915085,2025,12,5,4,339,49,0,-2.4492935982947064e-16,1.0,-0.4363729641045924,0.8997658785476209,7900.0,7800.0,7900.0,-90.0,10.0,2025-12-10,2025-12-15
Maharashtra,Wardha,APMC Hinganghat,Fibre Crops,Cotton,Other,FAQ,7710.0,8060.0,7900.0,Rs./Quintal,2025-12-08,0,0,7890.0,7900.0,7818.0,7900.0,7400.0,7310.0,7869.333333333333,7870.285714285715,7721.214285714285,7523.566666666667,52.274003372349796,209.07311145639642,236.1939126392147,10.0,0.0012674271229404308,82.0,0.010488616014325915,0.0,0.0,500.0,0.06756756756756757,350.0,0.04430379746835443,2025,12,8,0,342,50,0,-2.4492935982947064e-16,1.0,-0.3893781415452015,0.9210779895789526,7874.0,7830.0,7830.0,-70.0,-70.0,2025-12-11,2025-12-16
Maharashtra,Wardha,APMC Hinganghat,Fibre Crops,Cotton,Other,FAQ,7710.0,8060.0,7874.0,Rs./Quintal,2025-12-09,0,0,7900.0,7890.0,7900.0,7948.0,7310.0,7270.0,7896.666666666667,7870.285714285715,7756.928571428572,7543.233333333334,52.274003372349796,191.98936840984211,242.28277627220226,-26.0,-0.003291139240506329,-26.0,-0.003291139240506329,-74.0,-0.009310518369401107,564.0,0.07715458276333789,350.0,0.0444500889001778,2025,12,9,1,343,50,0,-2.4492935982947064e-16,1.0,-0.37347653741307074,0.9276396261490467,7800.0,7800.0,7800.0,-74.0,-74.0,2025-12-12,2025-12-17
Maharashtra,Wardha,APMC Hinganghat,Fibre Crops,Cotton,Other,FAQ,7710.0,8060.0,7800.0,Rs./Quintal,2025-12-10,0,0,7874.0,7900.0,7890.0,7818.0,7370.0,7370.0,7888.0,7859.714285714285,7797.214285714285,7563.366666666667,39.973800943940546,144.22694646945902,243.88500446379263,-74.0,-0.009398018796037593,-90.0,-0.011406844106463879,-18.0,-0.0023023791250959325,430.0,0.05834464043419267,350.0,0.04487179487179487,2025,12,10,2,344,50,0,-2.4492935982947064e-16,1.0,-0.3574644155648614,0.9339267592294762,7830.0,7715.0,7850.0,-85.0,50.0,2025-12-13,2025-12-18
Maharashtra,Wardha,APMC Hinganghat,Fibre Crops,Cotton,Other,FAQ,7710.0,8060.0,7830.0,Rs./Quintal,2025-12-11,0,0,7800.0,7874.0,7900.0,7818.0,7725.0,7410.0,7858.0,7857.142857142857,7827.928571428572,7577.7,43.52558087466742,75.80690478563713,244.76296063039683,30.0,0.0038461538461538464,-70.0,-0.008860759493670886,12.0,0.0015349194167306216,105.0,0.013592233009708738,350.0,0.04469987228607918,2025,12,11,3,345,50,0,-2.4492935982947064e-16,1.0,-0.34134651424503615,0.9399375283564133,7800.0,7900.0,7825.0,70.0,-5.0,2025-12-15,2025-12-19
Maharashtra,Wardha,APMC Hinganghat,Fibre Crops,Cotton,Other,FAQ,7710.0,8060.0,7800.0,Rs./Quintal,2025-12-12,0,0,7830.0,7800.0,7874.0,7818.0,7745.0,7400.0,7834.666666666667,7858.857142857143,7835.428571428572,7591.7,41.93418880194553,69.79609233679408,246.84284404288093,-30.0,-0.0038314176245210726,-74.0,-0.009398018796037593,-18.0,-0.0023023791250959325,55.0,0.0071013557133634605,350.0,0.04487179487179487,2025,12,12,4,346,50,0,-2.4492935982947064e-16,1.0,-0.3251276029999093,0.9456701548465688,7715.0,7830.0,7735.0,30.0,-65.0,2025-12-16,2025-12-20
Maharashtra,Wardha,APMC Hinganghat,Fibre Crops,Cotton,Other,FAQ,7710.0,7725.0,7715.0,Rs./Quintal,2025-12-13,0,0,7800.0,7830.0,7800.0,7900.0,7730.0,7370.0,7810.0,7856.285714285715,7839.357142857143,7605.033333333334,45.27587394966323,65.74497014139443,246.93409470229614,-85.0,-0.010897435897435897,-85.0,-0.010897435897435897,-185.0,-0.02341772151898734,-15.0,-0.0019404915912031048,15.0,0.0019442644199611147,2025,12,13,5,347,50,1,-2.4492935982947064e-16,1.0,-0.30881248126625377,0.9511229423235357,7900.0,7800.0,7900.0,85.0,185.0,2025-12-17,2025-12-22
Maharashtra,Wardha,APMC Hinganghat,Fibre Crops,Cotton,Other,FAQ,7710.0,8060.0,7900.0,Rs./Quintal,2025-12-15,0,0,7715.0,7800.0,7830.0,7890.0,7725.0,7340.0,7781.666666666667,7829.857142857143,7838.285714285715,7616.533333333334,65.14196950106212,67.755702083492,243.622196674789,185.0,0.023979261179520414,70.0,0.008939974457215836,10.0,0.0012674271229404308,175.0,0.022653721682847898,350.0,0.04430379746835443,2025,12,15,0,349,51,0,-2.4492935982947064e-16,1.0,-0.27591294500296043,0.9611826292540837,7830.0,7850.0,7785.0,-50.0,-115.0,2025-12-18,2025-12-23
Maharashtra,Wardha,APMC Hinganghat,Fibre Crops,Cotton,Other,FAQ,7710.0,8060.0,7830.0,Rs./Quintal,2025-12-16,0,0,7900.0,7715.0,7800.0,7900.0,7900.0,7410.0,7805.0,7831.285714285715,7850.785714285715,7635.2,66.77003890398151,61.06009470044091,243.15673957348184,-70.0,-0.008860759493670886,30.0,0.0038461538461538464,-70.0,-0.008860759493670886,-70.0,-0.008860759493670886,350.0,0.04469987228607918,2025,12,16,1,350,51,0,-2.4492935982947064e-16,1.0,-0.2593382659754056,0.9657865518844574,7800.0,7825.0,7780.0,-5.0,-50.0,2025-12-19,2025-12-25
Maharashtra,Wardha,APMC Hinganghat,Fibre Crops,Cotton,Other,FAQ,7710.0,8060.0,7800.0,Rs./Quintal,2025-12-17,0,0,7830.0,7900.0,7715.0,7874.0,7948.0,7370.0,7815.0,7821.285714285715,7845.785714285715,7649.2,59.62302207961203,59.56790381427616,241.8308613830079,-30.0,-0.0038314176245210726,85.0,0.01101749837977965,-74.0,-0.009398018796037593,-148.0,-0.018621036738802214,350.0,0.04487179487179487,2025,12,17,2,351,51,0,-2.4492935982947064e-16,1.0,-0.2426868445825954,0.9701046827361175,7850.0,7735.0,7865.0,-65.0,65.0,2025-12-20,2025-12-26
Maharashtra,Wardha,APMC Hinganghat,Fibre Crops,Cotton,Other,FAQ,7710.0,8060.0,7850.0,Rs./Quintal,2025-12-18,0,0,7800.0,7830.0,7900.0,7800.0,7818.0,7320.0,7843.333333333333,7810.714285714285,7835.214285714285,7663.533333333334,55.1081188383884,52.778460891330674,237.41477357706708,50.0,0.00641025641025641,-50.0,-0.006329113924050633,50.0,0.00641025641025641,32.0,0.004093118444614991,350.0,0.044585987261146494,2025,12,18,3,352,51,0,-2.4492935982947064e-16,1.0,-0.22596360824801906,0.974135744004672,7825.0,7900.0,7895.0,50.0,45.0,2025-12-22,2025-12-29
Maharashtra,Wardha,APMC Hinganghat,Fibre Crops,Cotton,Other,FAQ,7710.0,8060.0,7825.0,Rs./Quintal,2025-12-19,0,0,7850.0,7800.0,7830.0,7830.0,7818.0,7350.0,7826.666666666667,7817.857142857143,7837.5,7681.2,56.705168992582536,52.66841120114888,230.59135372732354,-25.0,-0.0031847133757961785,-5.0,-0.0006385696040868455,-5.0,-0.0006385696040868455,7.0,0.0008953696597595293,350.0,0.04472843450479233,2025,12,19,4,353,51,0,-2.4492935982947064e-16,1.0,-0.20917350564635637,0.9778785428342386,7735.0,7785.0,7895.0,-40.0,70.0,2025-12-23,2025-12-30
Maharashtra,Wardha,APMC Hinganghat,Fibre Crops,Cotton,Other,FAQ,7710.0,7775.0,7735.0,Rs./Quintal,2025-12-20,0,0,7825.0,7850.0,7800.0,7800.0,7818.0,7345.0,7825.0,7817.142857142857,7838.0,7697.033333333334,56.55801909376494,52.50201461328223,223.2566921163156,-90.0,-0.011501597444089457,-65.0,-0.008333333333333333,-65.0,-0.008333333333333333,-83.0,-0.010616525965720132,65.0,0.008403361344537815,2025,12,20,5,354,51,1,-2.4492935982947064e-16,1.0,-0.19232150523909483,0.9813319716704275,7900.0,7780.0,7940.0,45.0,205.0,2025-12-25,2025-12-31
Maharashtra,Wardha,APMC Hinganghat,Fibre Crops,Cotton,Other,FAQ,7710.0,8010.0,7900.0,Rs./Quintal,2025-12-22,0,0,7735.0,7825.0,7850.0,7715.0,7900.0,7370.0,7803.333333333333,7807.857142857143,7832.071428571428,7710.033333333334,64.6050270784767,59.19389818561877,213.17848816449276,165.0,0.021331609566903685,50.0,0.006369426751592357,185.0,0.023979261179520414,0.0,0.0,300.0,0.0379746835443038,2025,12,22,0,356,52,0,-2.4492935982947064e-16,1.0,-0.15845177496083632,0.9873667175937016,7785.0,7865.0,7945.0,-35.0,45.0,2025-12-26,2026-01-01
Maharashtra,Wardha,APMC Hinganghat,Fibre Crops,Cotton,Other,FAQ,7710.0,8010.0,7785.0,Rs./Quintal,2025-12-23,0,0,7900.0,7735.0,7825.0,7900.0,7890.0,7315.0,7820.0,7834.285714285715,7832.071428571428,7727.7,57.76594811743219,59.19389818561877,205.86305290588484,-115.0,-0.014556962025316455,-40.0,-0.005111821086261981,-115.0,-0.014556962025316455,-105.0,-0.013307984790874524,300.0,0.038535645472061654,2025,12,23,1,357,52,0,-2.4492935982947064e-16,1.0,-0.14144406768794202,0.9899462489023779,7780.0,7895.0,7990.0,110.0,205.0,2025-12-29,2026-01-02
Maharashtra,Wardha,APMC Hinganghat,Fibre Crops,Cotton,Other,FAQ,7710.0,7825.0,7780.0,Rs./Quintal,2025-12-25,0,0,7785.0,7900.0,7735.0,7830.0,7900.0,7360.0,7806.666666666667,7817.857142857143,7824.571428571428,7743.366666666667,52.03021100422342,57.92795828993321,190.6980793591575,-5.0,-0.0006422607578676942,45.0,0.005817711700064641,-50.0,-0.006385696040868455,-120.0,-0.015189873417721518,115.0,0.014781491002570694,2025,12,25,3,359,52,0,-2.4492935982947064e-16,1.0,-0.10730813165636247,0.9942258118156161,7865.0,7895.0,7820.0,115.0,40.0,2025-12-30,2026-01-03
Maharashtra,Wardha,APMC Hinganghat,Fibre Crops,Cotton,Other,FAQ,7710.0,8010.0,7865.0,Rs./Quintal,2025-12-26,0,0,7780.0,7785.0,7900.0,7800.0,7874.0,7300.0,7821.666666666667,7810.714285714285,7816.0,7757.366666666667,53.49677337845656,54.696364666075226,176.46910119952503,85.0,0.010925449871465296,-35.0,-0.004430379746835443,65.0,0.008333333333333333,-9.0,-0.001143002286004572,300.0,0.03814367450731087,2025,12,26,4,360,52,0,-2.4492935982947064e-16,1.0,-0.09019000427034513,0.9959245770286599,7895.0,7940.0,7820.0,75.0,-45.0,2025-12-31,2026-01-05
Maharashtra,Wardha,APMC Hinganghat,Fibre Crops,Cotton,Other,FAQ,7710.0,8010.0,7895.0,Rs./Quintal,2025-12-29,0,0,7865.0,7780.0,7785.0,7850.0,7800.0,7400.0,7810.0,7820.0,7815.357142857143,7776.2,56.8624070307833,54.01083529869086,154.79227460008954,30.0,0.003814367450731087,110.0,0.014129736673089274,45.0,0.005732484076433121,95.0,0.01217948717948718,300.0,0.03799873337555415,2025,12,29,0,363,1,0,-2.4492935982947064e-16,1.0,-0.03869579017652689,0.9992510374388481,7895.0,7945.0,7810.0,50.0,-85.0,2026-01-01,2026-01-06
Maharashtra,Wardha,APMC Hinganghat,Fibre Crops,Cotton,Other,FAQ,7710.0,8010.0,7895.0,Rs./Quintal,2025-12-30,0,0,7895.0,7865.0,7780.0,7825.0,7830.0,7310.0,7846.666666666667,7826.428571428572,7822.142857142857,7792.7,63.02871605562151,57.7699111766199,138.87209446356482,0.0,0.0,115.0,0.014781491002570694,70.0,0.008945686900958467,65.0,0.008301404853128991,300.0,0.03799873337555415,2025,12,30,1,364,1,0,-2.4492935982947064e-16,1.0,-0.021501372740813793,0.999768818762748,7940.0,7990.0,7880.0,95.0,-15.0,2026-01-02,2026-01-07
Maharashtra,Wardha,APMC Hinganghat,Fibre Crops,Cotton,Other,FAQ,7710.0,8010.0,7940.0,Rs./Quintal,2025-12-31,0,0,7895.0,7895.0,7865.0,7735.0,7800.0,7370.0,7885.0,7836.428571428572,7826.785714285715,7812.2,68.11230222424422,60.97310702442223,105.91746949788501,45.0,0.005699810006333122,75.0,0.009535918626827717,205.0,0.026502908855850032,140.0,0.017948717948717947,300.0,0.037783375314861464,2025,12,31,2,365,1,0,-2.4492935982947064e-16,1.0,-0.004300592702981974,0.9999907524084426,7945.0,7820.0,7900.0,-120.0,-40.0,2026-01-03,2026-01-09
Maharashtra,Wardha,APMC Hinganghat,Fibre Crops,Cotton,Other,FAQ,7710.0,8010.0,7945.0,Rs./Quintal,2026-01-01,0,0,7940.0,7895.0,7895.0,7900.0,7715.0,7725.0,7910.0,7865.714285714285,7836.785714285715,7831.2,60.925403255995676,67.38543391036721,68.30428875317392,5.0,0.0006297229219143577,50.0,0.006333122229259025,45.0,0.00569620253164557,230.0,0.029812054439403757,300.0,0.03775959723096287,2026,1,1,3,1,1,0,0.49999999999999994,0.8660254037844387,0.017201575418260506,0.9998520419557735,7990.0,7820.0,7895.0,-125.0,-50.0,2026-01-05,2026-01-10
Maharashtra,Wardha,APMC Hinganghat,Fibre Crops,Cotton,Other,FAQ,7710.0,8010.0,7990.0,Rs./Quintal,2026-01-02,0,0,7945.0,7940.0,7895.0,7785.0,7900.0,7745.0,7926.666666666667,7872.142857142857,7853.214285714285,7838.533333333334,67.19729302938535,63.324777713933315,68.3190957974619,45.0,0.005663939584644431,95.0,0.012032932235592146,205.0,0.026332691072575465,90.0,0.01139240506329114,300.0,0.03754693366708386,2026,1,2,4,2,1,0,0.49999999999999994,0.8660254037844387,0.03439806061360801,0.9994082116062598,7820.0,7810.0,8000.0,-180.0,10.0,2026-01-06,2026-01-12
Maharashtra,Wardha,APMC Hinganghat,Fibre Crops,Cotton,Other,FAQ,7711.0,7985.0,7820.0,Rs./Quintal,2026-01-03,0,0,7990.0,7945.0,7940.0,7780.0,7830.0,7730.0,7958.333333333333,7901.428571428572,7859.642857142857,7846.7,67.55949758758145,72.36298155060099,71.32980708875128,-170.0,-0.02127659574468085,-120.0,-0.015113350125944584,40.0,0.005141388174807198,-10.0,-0.001277139208173691,274.0,0.0350383631713555,2026,1,3,5,3,1,1,0.49999999999999994,0.8660254037844387,0.051584366869408364,0.9986686402879997,7820.0,7880.0,8000.0,60.0,180.0,2026-01-07,2026-01-13
Maharashtra,Wardha,APMC Hinganghat,Fibre Crops,Cotton,Other,FAQ,7710.0,8015.0,7820.0,Rs./Quintal,2026-01-05,0,0,7820.0,7990.0,7945.0,7865.0,7800.0,7725.0,7918.333333333333,7907.142857142857,7858.928571428572,7849.7,56.33657358954475,72.72653127738104,68.07052630714918,0.0,0.0,-125.0,-0.015733165512901194,-45.0,-0.00572155117609663,20.0,0.002564102564102564,305.0,0.03900255754475703,2026,1,5,0,5,2,0,0.49999999999999994,0.8660254037844387,0.08590610426133272,0.9963032375991965,7810.0,7900.0,8000.0,80.0,180.0,2026-01-09,2026-01-14
Maharashtra,Wardha,APMC Hinganghat,Fibre Crops,Cotton,Other,FAQ,7715.0,8045.0,7810.0,Rs./Quintal,2026-01-06,0,0,7820.0,7820.0,7990.0,7895.0,7850.0,7900.0,7876.666666666667,7900.714285714285,7860.357142857143,7852.866666666667,63.99404734222393,71.66868980867874,64.16720256537327,-10.0,-0.0012787723785166241,-180.0,-0.02252816020025031,-85.0,-0.010766307789740342,-40.0,-0.005095541401273885,330.0,0.04225352112676056,2026,1,6,1,6,2,0,0.49999999999999994,0.8660254037844387,0.10303137904317879,0.9946781061893646,7880.0,7895.0,8000.0,85.0,190.0,2026-01-10,2026-01-16
Maharashtra,Wardha,APMC Hinganghat,Fibre Crops,Cotton,Other,FAQ,7710.0,8065.0,7880.0,Rs./Quintal,2026-01-07,0,0,7810.0,7820.0,7820.0,7895.0,7825.0,7948.0,7816.666666666667,7888.571428571428,7857.5,7849.866666666667,72.7274756490729,72.90008969071728,63.99123503205493,70.0,0.008962868117797696,60.0,0.0076726342710997444,-15.0,-0.0018999366687777073,55.0,0.007028753993610224,355.0,0.0450507614213198,2026,1,7,2,7,2,0,0.49999999999999994,0.8660254037844387,0.1201261651823505,0.9927586335250793,7900.0,8000.0,8000.0,120.0,120.0,2026-01-12,2026-01-17
Maharashtra,Wardha,APMC Hinganghat,Fibre Crops,Cotton,Other,FAQ,7716.0,8170.0,7900.0,Rs./Quintal,2026-01-09,0,0,7880.0,7810.0,7820.0,7940.0,7735.0,7818.0,7836.666666666667,7886.428571428572,7861.428571428572,7847.6,72.72747564907297,72.49478950577075,61.5532289974144,20.0,0.0025380710659898475,80.0,0.010230179028132993,-40.0,-0.005037783375314861,165.0,0.021331609566903685,454.0,0.057468354430379745,2026,1,9,4,9,2,0,0.49999999999999994,0.8660254037844387,0.1542040475626894,0.988039023376751,7895.0,8000.0,8000.0,100.0,100.0,2026-01-13,2026-01-19
Maharashtra,Wardha,APMC Hinganghat,Fibre Crops,Cotton,Other,FAQ,7712.0,8185.0,7895.0,Rs./Quintal,2026-01-10,0,0,7900.0,7880.0,7810.0,7945.0,7900.0,7818.0,7863.333333333333,7880.714285714285,7873.214285714285,7850.333333333333,69.30780207575653,63.17275285507263,62.01241996482009,-5.0,-0.0006329113924050633,85.0,0.01088348271446863,-50.0,-0.0062932662051604785,-5.0,-0.0006329113924050633,473.0,0.059911336288790376,2026,1,10,5,10,2,1,0.49999999999999994,0.8660254037844387,0.17117705961019986,0.985240282501282,8000.0,8000.0,8000.0,105.0,105.0,2026-01-14,2026-01-20
Maharashtra,Wardha,APMC Hinganghat,Fibre Crops,Cotton,Other,FAQ,7710.0,8300.0,8000.0,Rs./Quintal,2026-01-12,0,0,7895.0,7900.0,7880.0,7990.0,7785.0,7818.0,7891.666666666667,7873.571428571428,7872.857142857143,7852.9,63.947523128629086,63.023630663183866,62.22115728432961,105.0,0.013299556681443952,120.0,0.015228426395939087,10.0,0.0012515644555694619,215.0,0.027617212588310854,590.0,0.07375,2026,1,12,0,12,3,0,0.49999999999999994,0.8660254037844387,0.20496611396949532,0.9787690698649216,8000.0,8000.0,8000.0,0.0,0.0,2026-01-16,2026-01-21
Maharashtra,Wardha,APMC Hinganghat,Fibre Crops,Cotton,Other,FAQ,7710.0,8350.0,8000.0,Rs./Quintal,2026-01-13,0,0,8000.0,7895.0,7900.0,7820.0,7780.0,7900.0,7931.666666666667,7875.0,7888.214285714285,7858.966666666666,67.01989754294985,66.088726574288,67.36134332627933,0.0,0.0,100.0,0.012658227848101266,180.0,0.023017902813299233,220.0,0.028277634961439587,640.0,0.08,2026,1,13,1,13,3,0,0.49999999999999994,0.8660254037844387,0.22177215755648186,0.975098513039961,8000.0,8000.0,8000.0,0.0,0.0,2026-01-17,2026-01-22
Maharashtra,Wardha,APMC Hinganghat,Fibre Crops,Cotton,Other,FAQ,7710.0,8305.0,8000.0,Rs./Quintal,2026-01-14,0,0,8000.0,8000.0,7895.0,7820.0,7865.0,7890.0,7965.0,7900.714285714285,7903.928571428572,7862.3,76.29048495873403,64.51531038998661,71.79047578753999,0.0,0.0,105.0,0.013299556681443952,180.0,0.023017902813299233,135.0,0.017164653528289893,595.0,0.074375,2026,1,14,2,14,3,0,0.49999999999999994,0.8660254037844387,0.23851257519407648,0.9711394088771653,8000.0,8000.0,8100.0,0.0,100.0,2026-01-19,2026-01-23
Maharashtra,Wardha,APMC Hinganghat,Fibre Crops,Cotton,Other,FAQ,7710.0,8300.0,8000.0,Rs./Quintal,2026-01-16,0,0,8000.0,8000.0,8000.0,7810.0,7895.0,7900.0,8000.0,7926.428571428572,7913.571428571428,7865.966666666666,74.87290819083388,68.2311842597315,75.94302916113642,0.0,0.0,0.0,0.0,190.0,0.024327784891165175,105.0,0.013299556681443952,590.0,0.07375,2026,1,16,4,16,3,0,0.49999999999999994,0.8660254037844387,0.2717767384711357,0.9623603298276545,8000.0,8000.0,8000.0,0.0,0.0,2026-01-20,2026-01-24
Maharashtra,Wardha,APMC Hinganghat,Fibre Crops,Cotton,Other,FAQ,7710.0,8355.0,8000.0,Rs./Quintal,2026-01-17,0,0,8000.0,8000.0,8000.0,7880.0,7895.0,7874.0,8000.0,7953.571428571428,7921.071428571428,7869.3,58.217572212230664,71.7146742688367,79.59516100354811,0.0,0.0,0.0,0.0,120.0,0.015228426395939087,105.0,0.013299556681443952,645.0,0.080625,2026,1,17,5,17,3,1,0.49999999999999994,0.8660254037844387,0.2882906407095177,0.9575429528116719,8000.0,8000.0,8000.0,0.0,0.0,2026-01-21,2026-01-27
Maharashtra,Wardha,APMC Hinganghat,Fibre Crops,Cotton,Other,FAQ,7710.0,8295.0,8000.0,Rs./Quintal,2026-01-19,0,0,8000.0,8000.0,8000.0,7900.0,7940.0,7800.0,8000.0,7970.714285714285,7928.571428571428,7873.5,50.03570153971989,74.22493286848709,83.09892318490739,0.0,0.0,0.0,0.0,100.0,0.012658227848101266,60.0,0.007556675062972292,585.0,0.073125,2026,1,19,0,19,4,0,0.49999999999999994,0.8660254037844387,0.321057654185271,0.9470596510722283,8000.0,8000.0,7900.0,0.0,-100.0,2026-01-22,2026-01-28
Maharashtra,Wardha,APMC Hinganghat,Fibre Crops,Cotton,Other,FAQ,7710.0,8275.0,8000.0,Rs./Quintal,2026-01-20,0,0,8000.0,8000.0,8000.0,7895.0,7945.0,7830.0,8000.0,7985.0,7932.857142857143,7880.166666666667,39.686269665974145,76.62883283705118,84.99983096675116,0.0,0.0,0.0,0.0,105.0,0.013299556681443952,55.0,0.006922592825676526,565.0,0.070625,2026,1,20,1,20,4,0,0.49999999999999994,0.8660254037844387,0.3373010691361842,0.9413968285264122,8000.0,8100.0,7900.0,100.0,-100.0,2026-01-23,2026-01-30
Maharashtra,Wardha,APMC Hinganghat,Fibre Crops,Cotton,Other,FAQ,7710.0,8280.0,8000.0,Rs./Quintal,2026-01-21,0,0,8000.0,8000.0,8000.0,8000.0,7990.0,7800.0,8000.0,8000.0,7936.785714285715,7885.833333333333,0.0,78.68161604394876,87.17880291773591,0.0,0.0,0.0,0.0,0.0,0.0,10.0,0.0012515644555694619,570.0,0.07125,2026,1,21,2,21,4,0,0.49999999999999994,0.8660254037844387,0.3534446712740877,0.9354554315134164,8000.0,8000.0,7900.0,0.0,-100.0,2026-01-24,2026-01-31
Maharashtra,Wardha,APMC Hinganghat,Fibre Crops,Cotton,Other,FAQ,7710.0,8335.0,8000.0,Rs./Quintal,2026-01-22,0,0,8000.0,8000.0,8000.0,8000.0,7820.0,7715.0,8000.0,8000.0,7937.5,7892.5,0.0,79.24523766320823,88.03163616294906,0.0,0.0,0.0,0.0,0.0,0.0,180.0,0.023017902813299233,625.0,0.078125,2026,1,22,3,22,4,0,0.49999999999999994,0.8660254037844387,0.3694836834473831,0.9292372181882051,8100.0,8000.0,7900.0,0.0,-100.0,2026-01-27,2026-02-02
Maharashtra,Wardha,APMC Hinganghat,Fibre Crops,Cotton,Other,FAQ,7710.0,8330.0,8100.0,Rs./Quintal,2026-01-23,0,0,8000.0,8000.0,8000.0,8000.0,7820.0,7900.0,8000.0,8000.0,7950.357142857143,7902.0,0.0,73.0769953729475,83.4761993748977,100.0,0.0125,100.0,0.0125,100.0,0.0125,280.0,0.03580562659846547,620.0,0.07654320987654321,2026,1,23,4,23,4,0,0.49999999999999994,0.8660254037844387,0.38541335945432564,0.9227440286201427,8000.0,7900.0,7900.0,-200.0,-200.0,2026-01-28,2026-02-03
Maharashtra,Wardha,APMC Hinganghat,Fibre Crops,Cotton,Other,FAQ,7710.0,8335.0,8000.0,Rs./Quintal,2026-01-24,0,0,8100.0,8000.0,8000.0,8000.0,7810.0,7830.0,8033.333333333333,8014.285714285715,7970.357142857143,7908.666666666667,37.79644730092264,72.97165639721332,90.96165669398582,-100.0,-0.012345679012345678,0.0,0.0,0.0,0.0,190.0,0.024327784891165175,625.0,0.078125,2026,1,24,5,24,4,1,0.49999999999999994,0.8660254037844387,0.4012289854475009,0.9159777842484877,8000.0,7900.0,7920.0,-100.0,-80.0,2026-01-30,2026-02-05
Maharashtra,Wardha,APMC Hinganghat,Fibre Crops,Cotton,Other,FAQ,7710.0,8350.0,8000.0,Rs./Quintal,2026-01-27,0,0,8000.0,8100.0,8000.0,8000.0,7880.0,7800.0,8033.333333333333,8014.285714285715,7983.928571428572,7914.333333333333,37.79644730092264,56.71041728431923,91.18693695520881,0.0,0.0,0.0,0.0,0.0,0.0,120.0,0.015228426395939087,640.0,0.08,2026,1,27,1,27,5,0,0.49999999999999994,0.8660254037844387,0.44794493940789115,0.8940611451454876,7900.0,7900.0,7800.0,-100.0,-200.0,2026-01-31,2026-02-09
Maharashtra,Wardha,APMC Hinganghat,Fibre Crops,Cotton,Other,FAQ,7710.0,8245.0,7900.0,Rs./Quintal,2026-01-28,0,0,8000.0,8000.0,8100.0,8000.0,7900.0,7850.0,8033.333333333333,8014.285714285715,7992.5,7921.0,37.79644730092264,48.2282234635658,89.84085546316757,-100.0,-0.0125,-200.0,-0.024691358024691357,-100.0,-0.0125,0.0,0.0,535.0,0.06772151898734177,2026,1,28,2,28,5,0,0.49999999999999994,0.8660254037844387,0.4632579225674917,0.88622350294858,7900.0,7900.0,7880.0,0.0,-20.0,2026-02-02,2026-02-11
Maharashtra,Wardha,APMC Hinganghat,Fibre Crops,Cotton,Other,FAQ,7710.0,8185.0,7900.0,Rs./Quintal,2026-01-30,0,0,7900.0,8000.0,8000.0,8000.0,7895.0,7825.0,7966.666666666667,8000.0,7992.5,7922.666666666667,57.73502691896255,48.2282234635658,88.93753458175141,0.0,0.0,-100.0,-0.0125,-100.0,-0.0125,5.0,0.0006333122229259025,475.0,0.060126582278481014,2026,1,30,4,30,5,0,0.49999999999999994,0.8660254037844387,0.49346814167723735,0.8697638720650646,7900.0,7900.0,7850.0,0.0,-50.0,2026-02-03,2026-02-12
Maharashtra,Wardha,APMC Hinganghat,Fibre Crops,Cotton,Other,FAQ,7710.0,8145.0,7900.0,Rs./Quintal,2026-01-31,0,0,7900.0,7900.0,8000.0,8000.0,8000.0,7735.0,7933.333333333333,7985.714285714285,7992.857142857143,7925.166666666667,69.00655593423535,47.46311465482796,87.13330387221154,0.0,0.0,-100.0,-0.0125,-100.0,-0.0125,-100.0,-0.0125,435.0,0.05506329113924051,2026,1,31,5,31,5,1,0.49999999999999994,0.8660254037844387,0.5083564379375122,0.8611467540480452,7900.0,7920.0,7900.0,20.0,0.0,2026-02-05,2026-02-13
Maharashtra,Wardha,APMC Hinganghat,Fibre Crops,Cotton,Other,FAQ,7710.0,8075.0,7900.0,Rs./Quintal,2026-02-02,0,0,7900.0,7900.0,7900.0,8000.0,8000.0,7900.0,7900.0,7971.428571428572,7985.714285714285,7930.666666666667,75.59289460184536,53.4522483823928,79.59740653090303,0.0,0.0,0.0,0.0,-100.0,-0.0125,-100.0,-0.0125,365.0,0.046202531645569624,2026,2,2,0,33,6,0,0.8660254037844386,0.5000000000000001,0.5376773767406141,0.8431506618282,7900.0,7800.0,7880.0,-100.0,-20.0,2026-02-09,2026-02-16
Maharashtra,Wardha,APMC Hinganghat,Fibre Crops,Cotton,Other,FAQ,7710.0,8105.0,7900.0,Rs./Quintal,2026-02-03,0,0,7900.0,7900.0,7900.0,8100.0,8000.0,7785.0,7900.0,7957.142857142857,7978.571428571428,7930.666666666667,78.6795792469443,57.89342235209951,79.59740653090303,0.0,0.0,0.0,0.0,-200.0,-0.024691358024691357,-100.0,-0.0125,395.0,0.05,2026,2,3,1,34,6,0,0.8660254037844386,0.5000000000000001,0.5521013427459208,0.8337770129585915,7920.0,7880.0,7890.0,-20.0,-10.0,2026-02-11,2026-02-17
Maharashtra,Wardha,APMC Hinganghat,Fibre Crops,Cotton,Other,FAQ,7710.0,8150.0,7920.0,Rs./Quintal,2026-02-05,0,0,7900.0,7900.0,7900.0,8000.0,8000.0,7780.0,7900.0,7928.571428571428,7971.428571428572,7934.5,48.795003647427045,61.124984550133256,74.97528328360879,20.0,0.002531645569620253,20.0,0.002531645569620253,-80.0,-0.01,-80.0,-0.01,440.0,0.05555555555555555,2026,2,5,3,36,6,0,0.8660254037844386,0.5000000000000001,0.580454927809098,0.8142923779467267,7800.0,7850.0,7790.0,-70.0,-130.0,2026-02-12,2026-02-18
Maharashtra,Wardha,APMC Hinganghat,Fibre Crops,Cotton,Other,FAQ,7710.0,8010.0,7800.0,Rs./Quintal,2026-02-09,0,0,7920.0,7900.0,7900.0,8000.0,8000.0,7865.0,7906.666666666667,7917.142857142857,7965.714285714285,7939.166666666667,37.289089429433005,61.98191866785498,69.1585301959183,-120.0,-0.015151515151515152,-100.0,-0.012658227848101266,-200.0,-0.025,-200.0,-0.025,300.0,0.038461538461538464,2026,2,9,0,40,7,0,0.8660254037844386,0.5000000000000001,0.6350683134867438,0.7724559775191742,7880.0,7900.0,7780.0,100.0,-20.0,2026-02-13,2026-02-19
Maharashtra,Wardha,APMC Hinganghat,Fibre Crops,Cotton,Other,FAQ,7710.0,8010.0,7880.0,Rs./Quintal,2026-02-11,0,0,7800.0,7920.0,7900.0,7900.0,8000.0,7895.0,7873.333333333333,7888.571428571428,7951.428571428572,7937.0,39.76119189552149,75.12626733670795,72.4997027342931,80.0,0.010256410256410256,-20.0,-0.002531645569620253,-20.0,-0.002531645569620253,-120.0,-0.015,300.0,0.03807106598984772,2026,2,11,2,42,7,0,0.8660254037844386,0.5000000000000001,0.6612634749656386,0.7501537286959042,7850.0,7880.0,7885.0,0.0,5.0,2026-02-16,2026-02-20
Maharashtra,Wardha,APMC Hinganghat,Fibre Crops,Cotton,Other,FAQ,7710.0,8010.0,7850.0,Rs./Quintal,2026-02-12,0,0,7880.0,7800.0,7920.0,7900.0,8000.0,7895.0,7866.666666666667,7885.714285714285,7942.857142857143,7936.5,39.52094080237554,75.99884325313589,72.85022424414991,-30.0,-0.0038071065989847717,-70.0,-0.008838383838383838,-50.0,-0.006329113924050633,-150.0,-0.01875,300.0,0.03821656050955414,2026,2,12,3,43,7,0,0.8660254037844386,0.5000000000000001,0.6740694616546162,0.7386679638813748,7900.0,7890.0,7800.0,40.0,-50.0,2026-02-17,2026-02-21
Maharashtra,Wardha,APMC Hinganghat,Fibre Crops,Cotton,Other,FAQ,7710.0,8010.0,7900.0,Rs./Quintal,2026-02-13,0,0,7850.0,7880.0,7800.0,7900.0,8000.0,7940.0,7843.333333333333,7878.571428571428,7932.142857142857,7935.0,40.99941927579603,77.87352383369041,74.18522949934969,50.0,0.006369426751592357,100.0,0.01282051282051282,0.0,0.0,-100.0,-0.0125,300.0,0.0379746835443038,2026,2,13,4,44,7,0,0.8660254037844386,0.5000000000000001,0.6866759803451553,0.726963615332308,7880.0,7790.0,7780.0,-110.0,-120.0,2026-02-18,2026-02-23
Maharashtra,Wardha,APMC Hinganghat,Fibre Crops,Cotton,Other,FAQ,7710.0,8010.0,7880.0,Rs./Quintal,2026-02-16,0,0,7900.0,7850.0,7880.0,7900.0,8000.0,7945.0,7876.666666666667,7878.571428571428,7925.0,7933.666666666667,40.99941927579603,75.72724334482332,74.45124918868872,-20.0,-0.002531645569620253,0.0,0.0,-20.0,-0.002531645569620253,-120.0,-0.015,300.0,0.03807106598984772,2026,2,16,0,47,8,0,0.8660254037844386,0.5000000000000001,0.7232617254437388,0.6905740195722293,7890.0,7780.0,7820.0,-100.0,-60.0,2026-02-19,2026-02-24
Maharashtra,Wardha,APMC Hinganghat,Fibre Crops,Cotton,Other,FAQ,7710.0,8010.0,7890.0,Rs./Quintal,2026-02-17,0,0,7880.0,7900.0,7850.0,7900.0,8100.0,7990.0,7876.666666666667,7875.714285714285,7916.428571428572,7931.5,39.940431835900824,73.33874438904864,75.0534292446946,10.0,0.0012690355329949238,40.0,0.005095541401273885,-10.0,-0.0012658227848101266,-210.0,-0.025925925925925925,300.0,0.03802281368821293,2026,2,17,1,48,8,0,0.8660254037844386,0.5000000000000001,0.7350336741329412,0.6780306024735382,7790.0,7885.0,7800.0,-5.0,-90.0,2026-02-20,2026-02-25
Maharashtra,Wardha,APMC Hinganghat,Fibre Crops,Cotton,Other,FAQ,7710.0,8010.0,7790.0,Rs./Quintal,2026-02-18,0,0,7890.0,7880.0,7900.0,7920.0,8000.0,7820.0,7890.0,7874.285714285715,7901.428571428572,7928.166666666667,39.09694909544194,50.96863935591304,74.58486641980127,-100.0,-0.012674271229404309,-110.0,-0.013924050632911392,-130.0,-0.016414141414141416,-210.0,-0.02625,300.0,0.038510911424903725,2026,2,18,2,49,8,0,0.8660254037844386,0.5000000000000001,0.746588114532413,0.6652865452111116,7780.0,7800.0,7830.0,10.0,40.0,2026-02-21,2026-02-26
Maharashtra,Wardha,APMC Hinganghat,Fibre Crops,Cotton,Other,FAQ,7710.0,7865.0,7780.0,Rs./Quintal,2026-02-19,0,0,7790.0,7890.0,7880.0,7800.0,8000.0,7820.0,7853.333333333333,7855.714285714285,7886.428571428572,7927.166666666667,44.29339411136794,50.627925230823884,76.26726297899945,-10.0,-0.0012836970474967907,-100.0,-0.012690355329949238,-20.0,-0.002564102564102564,-220.0,-0.0275,155.0,0.01992287917737789,2026,2,19,3,50,8,0,0.8660254037844386,0.5000000000000001,0.7579216274973472,0.6523456189565257,7885.0,7780.0,7860.0,0.0,80.0,2026-02-23,2026-02-27
Maharashtra,Wardha,APMC Hinganghat,Fibre Crops,Cotton,Other,FAQ,7710.0,8010.0,7885.0,Rs./Quintal,2026-02-20,0,0,7780.0,7790.0,7890.0,7880.0,7900.0,7810.0,7820.0,7852.857142857143,7870.714285714285,7925.833333333333,48.892496259409775,46.65161976142815,78.52172259667527,105.0,0.013496143958868894,-5.0,-0.0006337135614702154,5.0,0.0006345177664974619,-15.0,-0.0018987341772151898,300.0,0.03804692454026633,2026,2,20,4,51,8,0,0.8660254037844386,0.5000000000000001,0.7690308592589181,0.6392116531380588,7800.0,7820.0,7800.0,-65.0,-85.0,2026-02-24,2026-02-28
Maharashtra,Wardha,APMC Hinganghat,Fibre Crops,Cotton,Other,FAQ,7710.0,7900.0,7800.0,Rs./Quintal,2026-02-21,0,0,7885.0,7780.0,7790.0,7850.0,7900.0,7880.0,7818.333333333333,7853.571428571428,7869.642857142857,7928.333333333333,49.38912546589499,46.09623235530097,75.8552766029811,-85.0,-0.01077996195307546,10.0,0.0012836970474967907,-50.0,-0.006369426751592357,-100.0,-0.012658227848101266,190.0,0.02435897435897436,2026,2,21,5,52,8,1,0.8660254037844386,0.5000000000000001,0.7799125224167177,0.6258885343075018,7780.0,7800.0,7850.0,0.0,50.0,2026-02-25,2026-03-05
Maharashtra,Wardha,APMC Hinganghat,Fibre Crops,Cotton,Other,FAQ,7710.0,7895.0,7780.0,Rs./Quintal,2026-02-23,0,0,7800.0,7885.0,7780.0,7900.0,7900.0,7900.0,7821.666666666667,7846.428571428572,7862.5,7925.666666666667,53.44111133717763,48.70436720261053,78.95582935106654,-20.0,-0.002564102564102564,0.0,0.0,-120.0,-0.015189873417721518,-120.0,-0.015189873417721518,185.0,0.02377892030848329,2026,2,23,0,54,9,0,0.8660254037844386,0.5000000000000001,0.8009803309782905,0.5986906625177214,7820.0,7830.0,7870.0,50.0,90.0,2026-02-26,2026-03-06
Maharashtra,Wardha,APMC Hinganghat,Fibre Crops,Cotton,Other,FAQ,7710.0,8010.0,7820.0,Rs./Quintal,2026-02-24,0,0,7780.0,7800.0,7885.0,7880.0,7900.0,7895.0,7821.666666666667,7829.285714285715,7853.928571428572,7921.666666666667,52.63305135785302,52.04208989722222,83.22521722181408,40.0,0.005141388174807198,-65.0,-0.008243500317057704,-60.0,-0.007614213197969543,-80.0,-0.010126582278481013,300.0,0.03836317135549872,2026,2,24,1,55,9,0,0.8660254037844386,0.5000000000000001,0.8111602420785621,0.5848239578463322,7800.0,7860.0,7900.0,40.0,80.0,2026-02-27,2026-03-09
Maharashtra,Wardha,APMC Hinganghat,Fibre Crops,Cotton,Other,FAQ,7710.0,8010.0,7800.0,Rs./Quintal,2026-02-25,0,0,7820.0,7780.0,7800.0,7890.0,7900.0,8000.0,7800.0,7820.714285714285,7848.214285714285,7919.166666666667,47.647015596345796,50.975376516319336,85.1578993170972,-20.0,-0.0025575447570332483,0.0,0.0,-90.0,-0.011406844106463879,-100.0,-0.012658227848101266,300.0,0.038461538461538464,2026,2,25,2,56,9,0,0.8660254037844386,0.5000000000000001,0.8211001178128892,0.5707841943569036,7830.0,7800.0,7830.0,0.0,30.0,2026-02-28,2026-03-10
Maharashtra,Wardha,APMC Hinganghat,Fibre Crops,Cotton,Other,FAQ,7710.0,8010.0,7830.0,Rs./Quintal,2026-02-26,0,0,7800.0,7820.0,7780.0,7790.0,7920.0,8000.0,7800.0,7807.857142857143,7841.071428571428,7912.5,36.726142239689224,50.16045682171398,86.43065787496059,30.0,0.0038461538461538464,50.0,0.006426735218508998,40.0,0.005134788189987163,-90.0,-0.011363636363636364,300.0,0.038314176245210725,2026,2,26,3,57,9,0,0.8660254037844386,0.5000000000000001,0.8307970168121247,0.5565755266413303,7860.0,7850.0,7800.0,20.0,-30.0,2026-03-05,2026-03-11
Maharashtra,Wardha,APMC Hinganghat,Fibre Crops,Cotton,Other,FAQ,7710.0,8010.0,7860.0,Rs./Quintal,2026-02-27,0,0,7830.0,7800.0,7820.0,7780.0,7800.0,8000.0,7816.666666666667,7813.571428571428,7834.642857142857,7906.833333333333,36.59625273557468,44.741319988098276,86.06816998790109,30.0,0.0038314176245210726,40.0,0.005115089514066497,80.0,0.010282776349614395,60.0,0.007692307692307693,300.0,0.03816793893129771,2026,2,27,4,58,9,0,0.8660254037844386,0.5000000000000001,0.8402480696078469,0.5422021592729844,7800.0,7870.0,7830.0,10.0,-30.0,2026-03-06,2026-03-12
Maharashtra,Wardha,APMC Hinganghat,Fibre Crops,Cotton,Other,FAQ,7710.0,7950.0,7800.0,Rs./Quintal,2026-02-28,0,0,7860.0,7830.0,7800.0,7885.0,7880.0,8000.0,7830.0,7825.0,7838.928571428572,7902.166666666667,36.85557397916398,44.03576218983821,84.62578205555596,-60.0,-0.007633587786259542,0.0,0.0,-85.0,-0.01077996195307546,-80.0,-0.01015228426395939,240.0,0.03076923076923077,2026,2,28,5,59,9,1,0.8660254037844386,0.5000000000000001,0.8494504794814806,0.527668345562516,7850.0,7900.0,7800.0,100.0,0.0,2026-03-09,2026-03-13
Maharashtra,Wardha,APMC Hinganghat,Fibre Crops,Cotton,Other,FAQ,7710.0,8010.0,7850.0,Rs./Quintal,2026-03-05,0,0,7800.0,7860.0,7830.0,7800.0,7850.0,8000.0,7830.0,7812.857142857143,7833.214285714285,7895.5,26.276913640618684,43.48329223148136,84.53065144958605,50.0,0.00641025641025641,20.0,0.002554278416347382,50.0,0.00641025641025641,0.0,0.0,300.0,0.03821656050955414,2026,3,5,3,64,10,0,1.0,6.123233995736766e-17,0.8916401947968874,0.45274469960737107,7870.0,7830.0,7800.0,-20.0,-50.0,2026-03-10,2026-03-16
Maharashtra,Wardha,APMC Hinganghat,Fibre Crops,Cotton,Other,FAQ,7710.0,8010.0,7870.0,Rs./Quintal,2026-03-06,0,0,7850.0,7800.0,7860.0,7780.0,7900.0,8000.0,7836.666666666667,7820.0,7833.214285714285,7890.5,28.867513459486748,43.48329223148136,82.54935827571728,20.0,0.0025477707006369425,10.0,0.001272264631043257,90.0,0.011568123393316195,-30.0,-0.0037974683544303796,300.0,0.03811944091486658,2026,3,6,4,65,10,0,1.0,6.123233995736766e-17,0.8992961915530253,0.4373400963303323,7900.0,7800.0,7900.0,-70.0,30.0,2026-03-11,2026-03-17
Maharashtra,Wardha,APMC Hinganghat,Fibre Crops,Cotton,Other,FAQ,7710.0,8015.0,7900.0,Rs./Quintal,2026-03-09,0,0,7870.0,7850.0,7800.0,7820.0,7880.0,8000.0,7840.0,7832.857142857143,7831.071428571428,7886.166666666667,28.11540841738653,40.581284594408686,79.9750320233446,30.0,0.0038119440914866584,100.0,0.01282051282051282,80.0,0.010230179028132993,20.0,0.0025380710659898475,305.0,0.03860759493670886,2026,3,9,0,68,11,0,1.0,6.123233995736766e-17,0.9206588168102428,0.3903682146763026,7830.0,7830.0,8000.0,-70.0,100.0,2026-03-12,2026-03-18
Maharashtra,Wardha,APMC Hinganghat,Fibre Crops,Cotton,Other,FAQ,7710.0,8010.0,7830.0,Rs./Quintal,2026-03-10,0,0,7900.0,7870.0,7850.0,7800.0,7890.0,8000.0,7873.333333333333,7844.285714285715,7832.5,7882.833333333333,36.903993847617095,42.73127120099815,77.09916737036744,-70.0,-0.008860759493670886,-20.0,-0.0025477707006369425,30.0,0.0038461538461538464,-60.0,-0.0076045627376425855,300.0,0.038314176245210725,2026,3,10,1,69,11,0,1.0,6.123233995736766e-17,0.9272375462179537,0.374473674486883,7800.0,7800.0,7900.0,-30.0,70.0,2026-03-13,2026-03-20
Maharashtra,Wardha,APMC Hinganghat,Fibre Crops,Cotton,Other,FAQ,7710.0,8005.0,7800.0,Rs./Quintal,2026-03-11,0,0,7830.0,7900.0,7870.0,7830.0,7790.0,8000.0,7866.666666666667,7848.571428571428,7828.214285714285,7877.166666666667,32.3669437485102,39.399684831568536,74.39043474545417,-30.0,-0.0038314176245210726,-70.0,-0.008894536213468869,-30.0,-0.0038314176245210726,10.0,0.0012836970474967907,295.0,0.03782051282051282,2026,3,11,2,70,11,0,1.0,6.123233995736766e-17,0.9335418911179212,0.35846832151248087,7830.0,7800.0,7900.0,0.0,100.0,2026-03-16,2026-03-21
Maharashtra,Wardha,APMC Hinganghat,Fibre Crops,Cotton,Other,FAQ,7710.0,8005.0,7830.0,Rs./Quintal,2026-03-12,0,0,7800.0,7830.0,7900.0,7860.0,7780.0,8100.0,7843.333333333333,7844.285714285715,7828.928571428572,7870.5,36.903993847617095,38.738699167351655,71.9236904043983,30.0,0.0038461538461538464,-70.0,-0.008860759493670886,-30.0,-0.003816793893129771,50.0,0.006426735218508998,295.0,0.037675606641123884,2026,3,12,3,71,11,0,1.0,6.123233995736766e-17,0.9395699859530622,0.342356891994542,7800.0,7900.0,7900.0,70.0,70.0,2026-03-17,2026-03-23
Maharashtra,Wardha,APMC Hinganghat,Fibre Crops,Cotton,Other,FAQ,7710.0,8000.0,7800.0,Rs./Quintal,2026-03-13,0,0,7830.0,7800.0,7830.0,7800.0,7885.0,8000.0,7820.0,7840.0,7832.5,7861.5,36.514837167014136,36.09549300641735,57.70241732826798,-30.0,-0.0038314176245210726,-30.0,-0.0038314176245210726,0.0,0.0,-85.0,-0.01077996195307546,290.0,0.03717948717948718,2026,3,13,4,72,11,0,1.0,6.123233995736766e-17,0.945320046913132,0.3261441535642696,7800.0,8000.0,7950.0,200.0,150.0,2026-03-18,2026-03-24
Maharashtra,Wardha,APMC Hinganghat,Fibre Crops,Cotton,Other,FAQ,7710.0,8000.0,7800.0,Rs./Quintal,2026-03-16,0,0,7800.0,7830.0,7800.0,7850.0,7800.0,8000.0,7810.0,7840.0,7826.428571428572,7854.833333333333,36.514837167014136,33.65141278474612,52.464821273617964,0.0,0.0,0.0,0.0,-50.0,-0.006369426751592357,0.0,0.0,290.0,0.03717948717948718,2026,3,16,0,75,12,0,1.0,6.123233995736766e-17,0.9608854255574977,0.27694620226893646,7900.0,7900.0,7900.0,100.0,100.0,2026-03-20,2026-03-25
Maharashtra,Wardha,APMC Hinganghat,Fibre Crops,Cotton,Other,FAQ,7710.0,8060.0,7900.0,Rs./Quintal,2026-03-17,0,0,7800.0,7800.0,7830.0,7870.0,7780.0,7900.0,7810.0,7832.857142857143,7826.428571428572,7848.166666666667,39.036002917944806,33.65141278474612,45.64637941864875,100.0,0.01282051282051282,70.0,0.008939974457215836,30.0,0.0038119440914866584,120.0,0.015424164524421594,350.0,0.04430379746835443,2026,3,17,1,76,12,0,1.0,6.123233995736766e-17,0.9655071658143364,0.2603764827344581,8000.0,7900.0,7900.0,0.0,0.0,2026-03-21,2026-03-27
Maharashtra,Wardha,APMC Hinganghat,Fibre Crops,Cotton,Other,FAQ,7710.0,8120.0,8000.0,Rs./Quintal,2026-03-18,0,0,7900.0,7800.0,7800.0,7900.0,7820.0,7900.0,7833.333333333333,7837.142857142857,7835.0,7848.166666666667,44.986770542124646,36.10880991998801,45.64637941864875,100.0,0.012658227848101266,200.0,0.02564102564102564,100.0,0.012658227848101266,180.0,0.023017902813299233,410.0,0.05125,2026,3,18,2,77,12,0,1.0,6.123233995736766e-17,0.969843196967294,0.24372971360968387,7900.0,7900.0,8000.0,-100.0,0.0,2026-03-23,2026-03-28
Maharashtra,Wardha,APMC Hinganghat,Fibre Crops,Cotton,Other,FAQ,7710.0,8150.0,7900.0,Rs./Quintal,2026-03-20,0,0,8000.0,7900.0,7800.0,7830.0,7800.0,7900.0,7900.0,7851.428571428572,7847.857142857143,7851.5,74.48234050846685,56.59281979844037,52.672540775364304,-100.0,-0.0125,100.0,0.01282051282051282,70.0,0.008939974457215836,100.0,0.01282051282051282,440.0,0.05569620253164557,2026,3,20,4,79,12,0,1.0,6.123233995736766e-17,0.9776530844816641,0.2102247521189836,7900.0,7950.0,8000.0,50.0,100.0,2026-03-24,2026-03-30
Maharashtra,Wardha,APMC Hinganghat,Fibre Crops,Cotton,Other,FAQ,7710.0,8180.0,7900.0,Rs./Quintal,2026-03-21,0,0,7900.0,8000.0,7900.0,7800.0,7830.0,7900.0,7933.333333333333,7861.428571428572,7855.0,7851.5,75.81305327988797,56.398308757981596,52.672540775364304,0.0,0.0,0.0,0.0,100.0,0.01282051282051282,70.0,0.008939974457215836,470.0,0.05949367088607595,2026,3,21,5,80,12,1,1.0,6.123233995736766e-17,0.981124629771712,0.19337647441020586,7900.0,7900.0,8100.0,0.0,200.0,2026-03-25,2026-03-31
Maharashtra,Wardha,APMC Hinganghat,Fibre Crops,Cotton,Other,FAQ,7710.0,8160.0,7900.0,Rs./Quintal,2026-03-23,0,0,7900.0,7900.0,8000.0,7830.0,7860.0,7900.0,7933.333333333333,7875.714285714285,7860.0,7851.5,71.61404491139587,57.109880594602785,52.672540775364304,0.0,0.0,-100.0,-0.0125,70.0,0.008939974457215836,40.0,0.005089058524173028,450.0,0.056962025316455694,2026,3,23,0,82,13,0,1.0,6.123233995736766e-17,0.9871957872910085,0.15951325197263655,7950.0,7900.0,8000.0,0.0,100.0,2026-03-27,2026-04-01
Maharashtra,Wardha,APMC Hinganghat,Fibre Crops,Cotton,Other,FAQ,7710.0,8155.0,7950.0,Rs./Quintal,2026-03-24,0,0,7900.0,7900.0,7900.0,7800.0,7800.0,7920.0,7900.0,7885.714285714285,7862.857142857143,7851.5,69.00655593423501,58.101843136130036,52.672540775364304,50.0,0.006329113924050633,50.0,0.006329113924050633,150.0,0.019230769230769232,150.0,0.019230769230769232,445.0,0.0559748427672956,2026,3,24,1,83,13,0,1.0,6.123233995736766e-17,0.9897936029670716,0.14250832791617088,7900.0,8000.0,8000.0,50.0,50.0,2026-03-28,2026-04-02
Maharashtra,Wardha,APMC Hinganghat,Fibre Crops,Cotton,Other,FAQ,7710.0,8135.0,7900.0,Rs./Quintal,2026-03-25,0,0,7950.0,7900.0,7900.0,7800.0,7850.0,7800.0,7916.666666666667,7907.142857142857,7873.571428571428,7852.5,60.749289629394156,59.43414492031257,54.278178761482565,-50.0,-0.006289308176100629,0.0,0.0,100.0,0.01282051282051282,50.0,0.006369426751592357,425.0,0.05379746835443038,2026,3,25,2,84,13,0,1.0,6.123233995736766e-17,0.992098522791769,0.12546123335273648,7900.0,8000.0,8100.0,100.0,200.0,2026-03-30,2026-04-03
Maharashtra,Wardha,APMC Hinganghat,Fibre Crops,Cotton,Other,FAQ,7710.0,8200.0,7900.0,Rs./Quintal,2026-03-27,0,0,7900.0,7950.0,7900.0,7900.0,7870.0,7880.0,7916.666666666667,7921.428571428572,7877.142857142857,7855.833333333333,39.33978962346891,59.41102868711677,54.01282308377868,0.0,0.0,0.0,0.0,0.0,0.0,30.0,0.0038119440914866584,490.0,0.0620253164556962,2026,3,27,4,86,13,0,1.0,6.123233995736766e-17,0.9958270335100595,0.09126072172931188,8000.0,8100.0,8100.0,200.0,200.0,2026-03-31,2026-04-04
Maharashtra,Wardha,APMC Hinganghat,Fibre Crops,Cotton,Other,FAQ,7710.0,8280.0,8000.0,Rs./Quintal,2026-03-28,0,0,7900.0,7900.0,7950.0,8000.0,7900.0,7850.0,7916.666666666667,7921.428571428572,7879.285714285715,7856.5,39.33978962346891,59.67402291600644,54.443105386690114,100.0,0.012658227848101266,50.0,0.006289308176100629,0.0,0.0,100.0,0.012658227848101266,570.0,0.07125,2026,3,28,5,87,13,1,1.0,6.123233995736766e-17,0.9972495210773451,0.07411742515094437,8000.0,8000.0,8200.0,0.0,200.0,2026-04-01,2026-04-06
Maharashtra,Wardha,APMC Hinganghat,Fibre Crops,Cotton,Other,FAQ,7710.0,8360.0,8000.0,Rs./Quintal,2026-03-30,0,0,8000.0,7900.0,7900.0,7900.0,7830.0,7900.0,7933.333333333333,7921.428571428572,7886.428571428572,7861.5,39.33978962346891,67.77872855068169,60.38882632437841,0.0,0.0,100.0,0.012658227848101266,100.0,0.012658227848101266,170.0,0.021711366538952746,650.0,0.08125,2026,3,30,0,89,14,0,1.0,6.123233995736766e-17,0.9992088560679753,0.03977011384605572,8100.0,8000.0,8200.0,0.0,200.0,2026-04-02,2026-04-07
Maharashtra,Wardha,APMC Hinganghat,Fibre Crops,Cotton,Other,FAQ,7710.0,8405.0,8100.0,Rs./Quintal,2026-03-31,0,0,8000.0,8000.0,7900.0,7900.0,7800.0,7880.0,7966.666666666667,7935.714285714285,7898.571428571428,7864.833333333333,47.559486560563855,71.98901015021922,65.15873632559651,100.0,0.0125,200.0,0.02531645569620253,200.0,0.02531645569620253,300.0,0.038461538461538464,695.0,0.08580246913580247,2026,3,31,1,90,14,0,1.0,6.123233995736766e-17,0.9997451236925734,0.022576263041545485,8000.0,8100.0,8000.0,0.0,-100.0,2026-04-03,2026-04-08
Maharashtra,Wardha,APMC Hinganghat,Fibre Crops,Cotton,Other,FAQ,7710.0,8470.0,8000.0,Rs./Quintal,2026-04-01,0,0,8100.0,8000.0,8000.0,7900.0,7830.0,7890.0,8033.333333333333,7964.285714285715,7920.0,7872.166666666667,74.80132415430698,84.03296056625014,78.03274437959189,-100.0,-0.012345679012345678,0.0,0.0,100.0,0.012658227848101266,170.0,0.021711366538952746,760.0,0.095,2026,4,1,2,91,14,0,0.8660254037844387,-0.49999999999999983,0.9999855506507186,0.005375731557583884,8000.0,8100.0,8000.0,100.0,0.0,2026-04-04,2026-04-09
Maharashtra,Wardha,APMC Hinganghat,Fibre Crops,Cotton,Other,FAQ,7710.0,8435.0,8000.0,Rs./Quintal,2026-04-02,0,0,8000.0,8100.0,8000.0,7950.0,7800.0,7790.0,8033.333333333333,7978.571428571428,7932.142857142857,7875.833333333333,69.86381310057406,82.2920289090526,81.41087080400213,0.0,0.0,0.0,0.0,50.0,0.006289308176100629,200.0,0.02564102564102564,725.0,0.090625,2026,4,2,3,92,14,0,0.8660254037844387,-0.49999999999999983,0.9999300657962057,-0.011826390691832589,8100.0,8200.0,8000.0,200.0,0.0,2026-04-06,2026-04-10
Maharashtra,Wardha,APMC Hinganghat,Fibre Crops,Cotton,Other,FAQ,7710.0,8550.0,8100.0,Rs./Quintal,2026-04-03,0,0,8000.0,8000.0,8100.0,7900.0,7800.0,7780.0,8033.333333333333,7985.714285714285,7946.428571428572,7882.833333333333,69.00655593423203,74.58677371476097,82.79267139542068,100.0,0.0125,0.0,0.0,200.0,0.02531645569620253,300.0,0.038461538461538464,840.0,0.1037037037037037,2026,4,3,4,93,14,0,0.8660254037844387,-0.49999999999999983,0.9995786855478958,-0.029025013321975237,8100.0,8200.0,8000.0,100.0,-100.0,2026-04-07,2026-04-11
Maharashtra,Wardha,APMC Hinganghat,Fibre Crops,Cotton,Other,FAQ,7710.0,8640.0,8100.0,Rs./Quintal,2026-04-04,0,0,8100.0,8000.0,8000.0,7900.0,7900.0,7885.0,8033.333333333333,8014.285714285715,7967.857142857143,7893.5,69.00655593423092,72.34304723680336,89.43452623437547,0.0,0.0,100.0,0.0125,200.0,0.02531645569620253,200.0,0.02531645569620253,930.0,0.11481481481481481,2026,4,4,5,94,14,1,0.8660254037844387,-0.49999999999999983,0.9989315138848577,-0.046215046983708354,8200.0,8000.0,8000.0,-100.0,-100.0,2026-04-08,2026-04-13
Maharashtra,Wardha,APMC Hinganghat,Fibre Crops,Cotton,Other,FAQ,7710.0,8700.0,8200.0,Rs./Quintal,2026-04-06,0,0,8100.0,8100.0,8000.0,8000.0,8000.0,7800.0,8066.666666666667,8042.857142857143,7982.142857142857,7900.666666666667,53.45224838247773,77.47739833484958,97.02233419858526,100.0,0.012345679012345678,200.0,0.025,200.0,0.025,200.0,0.025,990.0,0.12073170731707317,2026,4,6,0,96,15,0,0.8660254037844387,-0.49999999999999983,0.9967506498213929,-0.08054900421874167,8200.0,8000.0,8100.0,-200.0,-100.0,2026-04-09,2026-04-15
Maharashtra,Wardha,APMC Hinganghat,Fibre Crops,Cotton,Other,FAQ,7710.0,8700.0,8200.0,Rs./Quintal,2026-04-07,0,0,8200.0,8100.0,8100.0,8000.0,7900.0,7780.0,8133.333333333333,8071.428571428572,7996.428571428572,7914.0,75.59289460183945,97.00175596003486,109.40591927506732,0.0,0.0,100.0,0.012345679012345678,200.0,0.025,300.0,0.0379746835443038,990.0,0.12073170731707317,2026,4,7,1,97,15,0,0.8660254037844387,-0.49999999999999983,0.9952176027737294,-0.09768276782171598,8000.0,8000.0,8000.0,-200.0,-200.0,2026-04-10,2026-04-16
Maharashtra,Wardha,APMC Hinganghat,Fibre Crops,Cotton,Other,FAQ,7710.0,8695.0,8000.0,Rs./Quintal,2026-04-08,0,0,8200.0,8200.0,8100.0,8100.0,7900.0,7820.0,8166.666666666667,8100.0,8017.857142857143,7928.0,81.64965809276624,106.71158623763326,118.1874606803863,-200.0,-0.024390243902439025,-100.0,-0.012345679012345678,-100.0,-0.012345679012345678,100.0,0.012658227848101266,985.0,0.123125,2026,4,8,2,98,15,0,0.8660254037844387,-0.49999999999999983,0.9933900548258936,-0.11478762552212701,8000.0,8000.0,8200.0,0.0,200.0,2026-04-11,2026-04-20
Maharashtra,Wardha,APMC Hinganghat,Fibre Crops,Cotton,Other,FAQ,7710.0,8550.0,8000.0,Rs./Quintal,2026-04-09,0,0,8000.0,8200.0,8200.0,8000.0,7900.0,7800.0,8133.333333333333,8085.714285714285,8025.0,7934.0,89.97354108423824,101.43205380179697,117.07940129205264,0.0,0.0,-200.0,-0.024390243902439025,0.0,0.0,100.0,0.012658227848101266,840.0,0.105,2026,4,9,3,99,15,0,0.8660254037844387,-0.49999999999999983,0.9912685467787256,-0.13185851571739118,8000.0,8000.0,8000.0,0.0,0.0,2026-04-13,2026-04-21
Maharashtra,Wardha,APMC Hinganghat,Fibre Crops,Cotton,Other,FAQ,7710.0,8640.0,8000.0,Rs./Quintal,2026-04-10,0,0,8000.0,8000.0,8200.0,8000.0,7950.0,7830.0,8066.666666666667,8085.714285714285,8032.142857142857,7940.666666666667,89.97354108423824,95.28730413680155,114.85923418763477,0.0,0.0,-200.0,-0.024390243902439025,0.0,0.0,50.0,0.006289308176100629,930.0,0.11625,2026,4,10,4,100,15,0,0.8660254037844387,-0.49999999999999983,0.9888537064205885,-0.1488903868564548,8000.0,8100.0,8200.0,100.0,200.0,2026-04-15,2026-04-23
Maharashtra,Wardha,APMC Hinganghat,Fibre Crops,Cotton,Other,FAQ,7710.0,8650.0,8000.0,Rs./Quintal,2026-04-11,0,0,8000.0,8000.0,8000.0,8100.0,7900.0,7860.0,8000.0,8085.714285714285,8035.714285714285,7946.333333333333,89.97354108423824,92.87827316634693,113.39535152348836,0.0,0.0,0.0,0.0,-100.0,-0.012345679012345678,100.0,0.012658227848101266,940.0,0.1175,2026,4,11,5,101,15,1,0.8660254037844387,-0.49999999999999983,0.986146248341595,-0.16587819893463143,8000.0,8000.0,8200.0,0.0,200.0,2026-04-16,2026-04-24
Maharashtra,Wardha,APMC Hinganghat,Fibre Crops,Cotton,Other,FAQ,7710.0,8540.0,8000.0,Rs./Quintal,2026-04-13,0,0,8000.0,8000.0,8000.0,8100.0,7900.0,7800.0,8000.0,8071.428571428572,8042.857142857143,7951.0,95.1189731211292,85.16306272519842,112.59785016632449,0.0,0.0,0.0,0.0,-100.0,-0.012345679012345678,100.0,0.012658227848101266,830.0,0.10375,2026,4,13,0,103,16,0,0.8660254037844387,-0.49999999999999983,0.9798567700958665,-0.1997015525660636,8100.0,8200.0,8200.0,200.0,200.0,2026-04-20,2026-04-25
Maharashtra,Wardha,APMC Hinganghat,Fibre Crops,Cotton,Other,FAQ,7710.0,8505.0,8100.0,Rs./Quintal,2026-04-15,0,0,8000.0,8000.0,8000.0,8200.0,8000.0,7850.0,8000.0,8057.142857142857,8050.0,7957.666666666667,97.59000729484862,75.9554525312007,109.21927748672296,100.0,0.0125,100.0,0.0125,-100.0,-0.012195121951219513,100.0,0.0125,795.0,0.09814814814814815,2026,4,15,2,105,16,0,0.8660254037844387,-0.49999999999999983,0.9724075561219968,-0.23328854407545518,8000.0,8000.0,8200.0,-100.0,100.0,2026-04-21,2026-04-27
Maharashtra,Wardha,APMC Hinganghat,Fibre Crops,Cotton,Other,FAQ,7710.0,8570.0,8000.0,Rs./Quintal,2026-04-16,0,0,8100.0,8000.0,8000.0,8200.0,8000.0,7870.0,8033.333333333333,8042.857142857143,8057.142857142857,7966.0,78.67957924693863,75.59289460177006,110.25362610351974,-100.0,-0.012345679012345678,0.0,0.0,-200.0,-0.024390243902439025,0.0,0.0,860.0,0.1075,2026,4,16,3,106,16,0,0.8660254037844387,-0.49999999999999983,0.9682507501166718,-0.2499809690726521,8200.0,8200.0,8200.0,200.0,200.0,2026-04-23,2026-04-28
Maharashtra,Wardha,APMC Hinganghat,Fibre Crops,Cotton,Other,FAQ,7710.0,8700.0,8200.0,Rs./Quintal,2026-04-20,0,0,8000.0,8100.0,8000.0,8000.0,8100.0,7900.0,8033.333333333333,8014.285714285715,8057.142857142857,7970.333333333333,37.79644730091114,75.59289460177006,108.89676646776837,200.0,0.025,200.0,0.025,200.0,0.025,100.0,0.012345679012345678,990.0,0.12073170731707317,2026,4,20,0,110,17,0,0.8660254037844387,-0.49999999999999983,0.9487718864399473,-0.31596187665790293,8000.0,8200.0,8300.0,0.0,100.0,2026-04-24,2026-04-29
Maharashtra,Wardha,APMC Hinganghat,Fibre Crops,Cotton,Other,FAQ,7710.0,8750.0,8000.0,Rs./Quintal,2026-04-21,0,0,8200.0,8000.0,8100.0,8000.0,8000.0,7830.0,8100.0,8042.857142857143,8064.285714285715,7980.333333333333,78.67957924693863,84.18973861404123,115.77276593976089,-200.0,-0.024390243902439025,-100.0,-0.012345679012345678,0.0,0.0,0.0,0.0,1040.0,0.13,2026,4,21,1,111,17,0,0.8660254037844387,-0.49999999999999983,0.9431964659565866,-0.33223549871590435,8200.0,8200.0,8300.0,200.0,300.0,2026-04-25,2026-04-30
Maharashtra,Wardha,APMC Hinganghat,Fibre Crops,Cotton,Other,FAQ,7710.0,8775.0,8200.0,Rs./Quintal,2026-04-23,0,0,8000.0,8200.0,8000.0,8000.0,8000.0,7800.0,8066.666666666667,8042.857142857143,8064.285714285715,7986.0,78.67957924693864,84.18973861404123,112.2681519000106,200.0,0.025,200.0,0.025,200.0,0.025,200.0,0.025,1065.0,0.1298780487804878,2026,4,23,3,113,17,0,0.8660254037844387,-0.49999999999999983,0.9312100364121947,-0.3644830148102912,8200.0,8200.0,8000.0,0.0,-200.0,2026-04-27,2026-05-01
Maharashtra,Wardha,APMC Hinganghat,Fibre Crops,Cotton,Other,FAQ,7710.0,8740.0,8200.0,Rs./Quintal,2026-04-24,0,0,8200.0,8000.0,8200.0,8000.0,8100.0,7830.0,8133.333333333333,8071.428571428572,8078.571428571428,7999.333333333333,95.11897312112946,89.25823753033245,113.16552823902984,0.0,0.0,0.0,0.0,200.0,0.025,100.0,0.012345679012345678,1030.0,0.12560975609756098,2026,4,24,4,114,17,0,0.8660254037844387,-0.49999999999999983,0.9248025743285089,-0.38044736628785164,8200.0,8200.0,8200.0,0.0,0.0,2026-04-28,2026-05-02
Maharashtra,Wardha,APMC Hinganghat,Fibre Crops,Cotton,Other,FAQ,7710.0,8825.0,8200.0,Rs./Quintal,2026-04-25,0,0,8200.0,8200.0,8000.0,8000.0,8100.0,7800.0,8133.333333333333,8100.0,8085.714285714285,8011.666666666667,99.99999999999532,94.9262293098024,114.2315655794062,0.0,0.0,200.0,0.025,200.0,0.025,100.0,0.012345679012345678,1115.0,0.13597560975609757,2026,4,25,5,115,17,1,0.8660254037844387,-0.49999999999999983,0.9181214482844365,-0.39629913726891813,8200.0,8300.0,8000.0,100.0,-200.0,2026-04-29,2026-05-05
Maharashtra,Wardha,APMC Hinganghat,Fibre Crops,Cotton,Other,FAQ,7710.0,8800.0,8200.0,Rs./Quintal,2026-04-27,0,0,8200.0,8200.0,8200.0,8100.0,8200.0,7800.0,8200.0,8128.571428571428,8092.857142857143,8025.0,95.11897312112893,99.72489631502766,111.99599746546956,0.0,0.0,0.0,0.0,100.0,0.012345679012345678,0.0,0.0,1090.0,0.1329268292682927,2026,4,27,0,117,18,0,0.8660254037844387,-0.49999999999999983,0.9039461929224011,-0.42764620926777464,8200.0,8300.0,8500.0,100.0,300.0,2026-04-30,2026-05-06
Maharashtra,Wardha,APMC Hinganghat,Fibre Crops,Cotton,Other,FAQ,7710.0,8805.0,8200.0,Rs./Quintal,2026-04-28,0,0,8200.0,8200.0,8200.0,8000.0,8200.0,7900.0,8200.0,8142.857142857143,8092.857142857143,8038.333333333333,97.59000729484812,99.72489631502766,108.0256461674483,0.0,0.0,0.0,0.0,200.0,0.025,0.0,0.0,1095.0,0.13353658536585367,2026,4,28,1,118,18,0,0.8660254037844387,-0.49999999999999983,0.8964562582905575,-0.44313223418263453,8300.0,8000.0,8200.0,-200.0,0.0,2026-05-01,2026-05-07
Maharashtra,Wardha,APMC Hinganghat,Fibre Crops,Cotton,Other,FAQ,7710.0,8900.0,8300.0,Rs./Quintal,2026-04-29,0,0,8200.0,8200.0,8200.0,8200.0,8000.0,8000.0,8200.0,8171.428571428572,8092.857142857143,8048.333333333333,75.59289460183862,99.72489631502766,108.66218875201054,100.0,0.012195121951219513,100.0,0.012195121951219513,100.0,0.012195121951219513,300.0,0.0375,1190.0,0.14337349397590363,2026,4,29,2,119,18,0,0.8660254037844387,-0.49999999999999983,0.8887010478292915,-0.45848712914008766,8300.0,8200.0,8500.0,-100.0,200.0,2026-05-02,2026-05-11
Maharashtra,Wardha,APMC Hinganghat,Fibre Crops,Cotton,Other,FAQ,7710.0,9000.0,8300.0,Rs./Quintal,2026-04-30,0,0,8300.0,8200.0,8200.0,8000.0,8000.0,7900.0,8233.333333333334,8185.714285714285,8114.285714285715,8058.333333333333,89.97354108423792,109.94504121559939,117.50519675477176,0.0,0.0,100.0,0.012195121951219513,300.0,0.0375,300.0,0.0375,1290.0,0.15542168674698795,2026,4,30,3,120,18,0,0.8660254037844387,-0.49999999999999983,0.8806828564301475,-0.47370635037968,8000.0,8000.0,8500.0,-300.0,200.0,2026-05-05,2026-05-12
Maharashtra,Wardha,APMC Hinganghat,Fibre Crops,Cotton,Other,FAQ,7710.0,9200.0,8000.0,Rs./Quintal,2026-05-01,0,0,8300.0,8300.0,8200.0,8200.0,8000.0,7900.0,8266.666666666666,8228.57142857143,8135.714285714285,8071.666666666667,48.79500364741511,115.07283885324848,121.54418334810194,-300.0,-0.03614457831325301,-200.0,-0.024390243902439025,-200.0,-0.024390243902439025,0.0,0.0,1490.0,0.18625,2026,5,1,4,121,18,0,0.49999999999999994,-0.8660254037844387,0.8724040568049612,-0.48878539428899265,8200.0,8500.0,8500.0,500.0,500.0,2026-05-06,2026-05-13
Maharashtra,Wardha,APMC Hinganghat,Fibre Crops,Cotton,Other,FAQ,7710.0,9375.0,8200.0,Rs./Quintal,2026-05-02,0,0,8000.0,8300.0,8300.0,8200.0,8000.0,7900.0,8200.0,8200.0,8135.714285714285,8075.0,99.99999999999443,115.07283885324848,117.99327859294937,200.0,0.025,-100.0,-0.012048192771084338,0.0,0.0,200.0,0.025,1665.0,0.2030487804878049,2026,5,2,5,122,18,1,0.49999999999999994,-0.8660254037844387,0.8638670987837349,-0.503719798736334,8000.0,8200.0,8500.0,0.0,300.0,2026-05-07,2026-05-14
Maharashtra,Wardha,APMC Hinganghat,Fibre Crops,Cotton,Other,FAQ,7710.0,9400.0,8000.0,Rs./Quintal,2026-05-05,0,0,8200.0,8000.0,8300.0,8200.0,8000.0,7950.0,8166.666666666667,8200.0,8150.0,8085.0,99.99999999999443,109.19284281977532,115.33310079045403,-200.0,-0.024390243902439025,-300.0,-0.03614457831325301,-200.0,-0.024390243902439025,0.0,0.0,1690.0,0.21125,2026,5,5,1,125,19,0,0.49999999999999994,-0.8660254037844387,0.8367329140344921,-0.5476112038402312,8500.0,8500.0,8500.0,500.0,500.0,2026-05-11,2026-05-15
Maharashtra,Wardha,APMC Hinganghat,Fibre Crops,Cotton,Other,FAQ,7710.0,10070.0,8500.0,Rs./Quintal,2026-05-06,0,0,8000.0,8200.0,8000.0,8200.0,8100.0,7900.0,8066.666666666667,8171.428571428572,8150.0,8086.666666666667,125.35663410559732,109.19284281977532,113.6641554312311,500.0,0.0625,500.0,0.0625,300.0,0.036585365853658534,400.0,0.04938271604938271,2360.0,0.2776470588235294,2026,5,6,2,126,19,0,0.49999999999999994,-0.8660254037844387,0.8271893372462497,-0.5619233046832195,8200.0,8500.0,8500.0,0.0,0.0,2026-05-12,2026-05-16
Maharashtra,Wardha,APMC Hinganghat,Fibre Crops,Cotton,Other,FAQ,7710.0,9900.0,8200.0,Rs./Quintal,2026-05-07,0,0,8500.0,8000.0,8200.0,8200.0,8000.0,7900.0,8233.333333333334,8214.285714285714,8178.571428571428,8106.666666666667,177.2810520855806,142.38934396475062,131.1312407432369,-300.0,-0.03529411764705882,0.0,0.0,0.0,0.0,200.0,0.025,2190.0,0.26707317073170733,2026,5,7,3,127,19,0,0.49999999999999994,-0.8660254037844387,0.8174009818249189,-0.5760691233798758,8500.0,8500.0,8500.0,300.0,300.0,2026-05-13,2026-05-18
Maharashtra,Wardha,APMC Hinganghat,Fibre Crops,Cotton,Other,FAQ,7710.0,9900.0,8500.0,Rs./Quintal,2026-05-11,0,0,8200.0,8500.0,8000.0,8300.0,8200.0,8000.0,8233.333333333334,8214.285714285714,8192.857142857143,8116.666666666667,177.2810520855806,132.8057326976106,126.17266039001998,300.0,0.036585365853658534,500.0,0.0625,200.0,0.024096385542168676,300.0,0.036585365853658534,2190.0,0.2576470588235294,2026,5,11,0,131,20,0,0.49999999999999994,-0.8660254037844387,0.7758587728069828,-0.6309066211876704,8500.0,8500.0,8000.0,0.0,-500.0,2026-05-14,2026-05-19
Maharashtra,Wardha,APMC Hinganghat,Fibre Crops,Cotton,Other,FAQ,7710.0,9965.0,8500.0,Rs./Quintal,2026-05-12,0,0,8500.0,8200.0,8500.0,8300.0,8000.0,8000.0,8400.0,8242.857142857143,8214.285714285714,8133.333333333333,207.0196678027036,156.1909228975571,142.23180044378847,0.0,0.0,0.0,0.0,200.0,0.024096385542168676,500.0,0.0625,2255.0,0.26529411764705885,2026,5,12,1,132,20,0,0.49999999999999994,-0.8660254037844387,0.7648913904341226,-0.6441592666722685,8500.0,8500.0,8200.0,0.0,-300.0,2026-05-15,2026-05-20
Maharashtra,Wardha,APMC Hinganghat,Fibre Crops,Cotton,Other,FAQ,7710.0,10050.0,8500.0,Rs./Quintal,2026-05-13,0,0,8500.0,8500.0,8200.0,8000.0,8200.0,8100.0,8400.0,8271.42857142857,8250.0,8150.0,228.86885410852918,160.52797503618018,154.80800121889646,0.0,0.0,300.0,0.036585365853658534,500.0,0.0625,300.0,0.036585365853658534,2340.0,0.2752941176470588,2026,5,13,2,133,20,0,0.49999999999999994,-0.8660254037844387,0.753697664392914,-0.6572212950663319,8500.0,8500.0,8200.0,0.0,-300.0,2026-05-16,2026-05-21
Maharashtra,Wardha,APMC Hinganghat,Fibre Crops,Cotton,Other,FAQ,7710.0,10060.0,8500.0,Rs./Quintal,2026-05-14,0,0,8500.0,8500.0,8500.0,8200.0,8200.0,8000.0,8500.0,8342.857142857143,8271.42857142857,8163.333333333333,207.01966780270308,172.88756430147106,167.09141279519932,0.0,0.0,0.0,0.0,300.0,0.036585365853658534,300.0,0.036585365853658534,2350.0,0.27647058823529413,2026,5,14,3,134,20,0,0.49999999999999994,-0.8660254037844387,0.742280907086982,-0.6700888411055113,8500.0,8500.0,8500.0,0.0,0.0,2026-05-18,2026-05-23
Maharashtra,Wardha,APMC Hinganghat,Fibre Crops,Cotton,Other,FAQ,7710.0,10030.0,8500.0,Rs./Quintal,2026-05-15,0,0,8500.0,8500.0,8500.0,8000.0,8200.0,8000.0,8500.0,8385.714285714286,8292.857142857143,8180.0,203.54009783963957,181.71950369171478,174.98768429573323,0.0,0.0,0.0,0.0,500.0,0.0625,300.0,0.036585365853658534,2320.0,0.27294117647058824,2026,5,15,4,135,20,0,0.49999999999999994,-0.8660254037844387,0.7306444969184916,-0.6827580970759147,8500.0,8000.0,8200.0,-500.0,-300.0,2026-05-19,2026-05-25
Maharashtra,Wardha,APMC Hinganghat,Fibre Crops,Cotton,Other,FAQ,7710.0,9810.0,8500.0,Rs./Quintal,2026-05-16,0,0,8500.0,8500.0,8500.0,8500.0,8200.0,8100.0,8500.0,8457.142857142857,8314.285714285714,8196.666666666666,113.3893419027619,187.52289237535786,180.96167118147574,0.0,0.0,0.0,0.0,0.0,0.0,300.0,0.036585365853658534,2100.0,0.24705882352941178,2026,5,16,5,136,20,1,0.49999999999999994,-0.8660254037844387,0.7187918772884232,-0.6952253139408723,8500.0,8200.0,8210.0,-300.0,-290.0,2026-05-20,2026-05-26
Maharashtra,Wardha,APMC Hinganghat,Fibre Crops,Cotton,Other,FAQ,7710.0,9830.0,8500.0,Rs./Quintal,2026-05-18,0,0,8500.0,8500.0,8500.0,8200.0,8200.0,8100.0,8500.0,8457.142857142857,8335.714285714286,8210.0,113.3893419027619,190.5746082736783,188.1855284113508,0.0,0.0,0.0,0.0,300.0,0.036585365853658534,300.0,0.036585365853658534,2120.0,0.24941176470588236,2026,5,18,0,138,21,0,0.49999999999999994,-0.8660254037844387,0.6944521021088763,-0.719538934232584,8000.0,8200.0,8400.0,-300.0,-100.0,2026-05-21,2026-05-27
Maharashtra,Wardha,APMC Hinganghat,Fibre Crops,Cotton,Other,FAQ,7710.0,9895.0,8000.0,Rs./Quintal,2026-05-19,0,0,8500.0,8500.0,8500.0,8500.0,8300.0,8200.0,8500.0,8500.0,8357.142857142857,8223.333333333334,0.0,191.0065875395422,194.19743478782638,-500.0,-0.058823529411764705,-500.0,-0.058823529411764705,-500.0,-0.058823529411764705,-300.0,-0.03614457831325301,2185.0,0.273125,2026,5,19,1,139,21,0,0.49999999999999994,-0.8660254037844387,0.6819721490904629,-0.7313781428679254,8200.0,8500.0,8200.0,500.0,200.0,2026-05-23,2026-05-29
Maharashtra,Wardha,APMC Hinganghat,Fibre Crops,Cotton,Other,FAQ,7710.0,9845.0,8200.0,Rs./Quintal,2026-05-20,0,0,8000.0,8500.0,8500.0,8500.0,8300.0,8200.0,8333.333333333334,8428.57142857143,8335.714285714286,8216.666666666666,188.98223650461378,213.42317247533163,198.41324575734635,200.0,0.025,-300.0,-0.03529411764705882,-300.0,-0.03529411764705882,-100.0,-0.012048192771084338,2135.0,0.2603658536585366,2026,5,20,2,140,21,0,0.49999999999999994,-0.8660254037844387,0.6692903895412567,-0.7430009249440493,8200.0,8200.0,8200.0,0.0,0.0,2026-05-25,2026-05-30
Maharashtra,Wardha,APMC Hinganghat,Fibre Crops,Cotton,Other,FAQ,7710.0,9775.0,8200.0,Rs./Quintal,2026-05-21,0,0,8200.0,8000.0,8500.0,8500.0,8000.0,8000.0,8233.333333333334,8385.714285714286,8328.57142857143,8216.666666666666,203.54009783964332,216.3635524139209,198.41324575734635,0.0,0.0,-300.0,-0.03529411764705882,-300.0,-0.03529411764705882,200.0,0.025,2065.0,0.25182926829268293,2026,5,21,3,141,21,0,0.49999999999999994,-0.8660254037844387,0.6564105761979381,-0.7544038410927472,8500.0,8210.0,8100.0,10.0,-100.0,2026-05-26,2026-06-02
Maharashtra,Wardha,APMC Hinganghat,Fibre Crops,Cotton,Other,FAQ,7710.0,9580.0,8500.0,Rs./Quintal,2026-05-23,0,0,8200.0,8200.0,8000.0,8500.0,8200.0,8000.0,8133.333333333333,8342.857142857143,8342.857142857143,8223.333333333334,207.01966780270678,198.89806323949978,194.19743478782638,300.0,0.036585365853658534,500.0,0.0625,0.0,0.0,300.0,0.036585365853658534,1870.0,0.22,2026,5,23,5,143,21,1,0.49999999999999994,-0.8660254037844387,0.6300720909843687,-0.7765366444428655,8200.0,8400.0,8000.0,-100.0,-500.0,2026-05-27,2026-06-03
Maharashtra,Wardha,APMC Hinganghat,Fibre Crops,Cotton,Other,FAQ,7710.0,9450.0,8200.0,Rs./Quintal,2026-05-25,0,0,8500.0,8200.0,8200.0,8500.0,8000.0,8000.0,8300.0,8342.857142857143,8364.285714285714,8240.0,207.01966780270678,198.48325973640357,195.81835354792005,-300.0,-0.03529411764705882,0.0,0.0,-300.0,-0.03529411764705882,200.0,0.025,1740.0,0.2121951219512195,2026,5,25,0,145,22,0,0.49999999999999994,-0.8660254037844387,0.6029878670694714,-0.7977503570459932,8210.0,8200.0,8200.0,0.0,0.0,2026-05-29,2026-06-04
Maharashtra,Wardha,APMC Hinganghat,Fibre Crops,Cotton,Other,FAQ,7710.0,9480.0,8210.0,Rs./Quintal,2026-05-26,0,0,8200.0,8500.0,8200.0,8500.0,8500.0,8000.0,8300.0,8300.0,8378.57142857143,8246.666666666666,200.0000000000008,176.19295117552275,190.70347687434915,10.0,0.0012195121951219512,10.0,0.0012195121951219512,-290.0,-0.03411764705882353,-290.0,-0.03411764705882353,1770.0,0.21559074299634592,2026,5,26,1,146,22,0,0.49999999999999994,-0.8660254037844387,0.5891760872322963,-0.8080046647350754,8400.0,8200.0,8000.0,-10.0,-210.0,2026-05-30,2026-06-05
Maharashtra,Wardha,APMC Hinganghat,Fibre Crops,Cotton,Other,FAQ,7710.0,9500.0,8400.0,Rs./Quintal,2026-05-27,0,0,8210.0,8200.0,8500.0,8500.0,8200.0,8000.0,8303.333333333334,8258.57142857143,8357.857142857143,8253.666666666666,180.77873874145936,177.85813583724743,185.10916319529417,190.0,0.023142509135200974,-100.0,-0.011764705882352941,-100.0,-0.011764705882352941,200.0,0.024390243902439025,1790.0,0.2130952380952381,2026,5,27,2,147,22,0,0.49999999999999994,-0.8660254037844387,0.5751899607119775,-0.8180198708443175,8200.0,8100.0,8200.0,-300.0,-200.0,2026-06-02,2026-06-06
Maharashtra,Wardha,APMC Hinganghat,Fibre Crops,Cotton,Other,FAQ,7710.0,9400.0,8200.0,Rs./Quintal,2026-05-29,0,0,8400.0,8210.0,8200.0,8000.0,8500.0,8100.0,8270.0,8244.285714285714,8372.142857142857,8267.0,161.43699935858945,172.14388308476327,180.55756556503042,-200.0,-0.023809523809523808,0.0,0.0,200.0,0.025,-300.0,-0.03529411764705882,1690.0,0.20609756097560974,2026,5,29,4,149,22,0,0.49999999999999994,-0.8660254037844387,0.5467112728685939,-0.8373211953118121,8200.0,8000.0,8000.0,-200.0,-200.0,2026-06-03,2026-06-08
Maharashtra,Wardha,APMC Hinganghat,Fibre Crops,Cotton,Other,FAQ,7710.0,9390.0,8200.0,Rs./Quintal,2026-05-30,0,0,8200.0,8400.0,8210.0,8200.0,8500.0,8000.0,8270.0,8272.857142857143,8350.714285714286,8270.333333333334,124.46074156325983,173.6691941910634,178.27687364931157,0.0,0.0,-10.0,-0.001218026796589525,0.0,0.0,-300.0,-0.03529411764705882,1680.0,0.2048780487804878,2026,5,30,5,150,22,1,0.49999999999999994,-0.8660254037844387,0.5322271388474397,-0.8466016020976267,8100.0,8200.0,8000.0,0.0,-200.0,2026-06-04,2026-06-09
Maharashtra,Wardha,APMC Hinganghat,Fibre Crops,Cotton,Other,FAQ,7710.0,9240.0,8100.0,Rs./Quintal,2026-06-02,0,0,8200.0,8200.0,8400.0,8200.0,8500.0,8200.0,8266.666666666666,8272.857142857143,8329.285714285714,8277.0,124.46074156325983,172.33528527099412,171.4270730640936,-100.0,-0.012195121951219513,-300.0,-0.03571428571428571,-100.0,-0.012195121951219513,-400.0,-0.047058823529411764,1530.0,0.18888888888888888,2026,6,2,1,153,23,0,1.2246467991473532e-16,-1.0,0.4878471454423119,-0.8729290708206411,8000.0,8000.0,8000.0,-100.0,-100.0,2026-06-05,2026-06-10
Maharashtra,Wardha,APMC Hinganghat,Fibre Crops,Cotton,Other,FAQ,7710.0,9280.0,8000.0,Rs./Quintal,2026-06-03,0,0,8100.0,8200.0,8200.0,8500.0,8500.0,8000.0,8166.666666666667,8258.57142857143,8300.714285714286,8273.666666666666,139.09571901255418,174.99293549315615,173.92989735929248,-100.0,-0.012345679012345678,-200.0,-0.024390243902439025,-500.0,-0.058823529411764705,-500.0,-0.058823529411764705,1570.0,0.19625,2026,6,3,2,154,23,0,1.2246467991473532e-16,-1.0,0.47275920928627757,-0.881191653407483,8200.0,8200.0,,200.0,,2026-06-06,
Maharashtra,Wardha,APMC Hinganghat,Fibre Crops,Cotton,Other,FAQ,7710.0,9280.0,8200.0,Rs./Quintal,2026-06-04,0,0,8000.0,8100.0,8200.0,8200.0,8500.0,8200.0,8100.0,8187.142857142857,8265.0,8273.666666666666,121.75306782093834,182.07141456028853,173.92989735929248,200.0,0.025,0.0,0.0,0.0,0.0,-300.0,-0.03529411764705882,1570.0,0.19146341463414634,2026,6,4,3,155,23,0,1.2246467991473532e-16,-1.0,0.4575313760742512,-0.8891934772070711,8000.0,8000.0,,-200.0,,2026-06-08,
Maharashtra,Wardha,APMC Hinganghat,Fibre Crops,Cotton,Other,FAQ,7710.0,9255.0,8000.0,Rs./Quintal,2026-06-05,0,0,8200.0,8000.0,8100.0,8210.0,8500.0,8200.0,8100.0,8187.142857142857,8243.57142857143,8273.666666666666,121.75306782093834,169.5063939277867,173.92989735929248,-200.0,-0.024390243902439025,-100.0,-0.012345679012345678,-210.0,-0.025578562728380026,-500.0,-0.058823529411764705,1545.0,0.193125,2026,6,5,4,156,23,0,1.2246467991473532e-16,-1.0,0.44216815196707204,-0.8969321743510065,8200.0,8000.0,,0.0,,2026-06-09,
Maharashtra,Wardha,APMC Hinganghat,Fibre Crops,Cotton,Other,FAQ,7710.0,9175.0,8200.0,Rs./Quintal,2026-06-06,0,0,8000.0,8200.0,8000.0,8400.0,8500.0,8200.0,8066.666666666667,8157.142857142857,8207.857142857143,8267.0,139.72762620115628,163.9032815848116,180.55756556503042,200.0,0.025,200.0,0.025,-200.0,-0.023809523809523808,-300.0,-0.03529411764705882,1465.0,0.17865853658536585,2026,6,6,5,157,23,1,1.2246467991473532e-16,-1.0,0.42667408318992467,-0.9044054548343001,8000.0,8000.0,,-200.0,,2026-06-10,
Maharashtra,Wardha,APMC Hinganghat,Fibre Crops,Cotton,Other,FAQ,7710.0,9010.0,8000.0,Rs./Quintal,2026-06-08,0,0,8200.0,8000.0,8200.0,8200.0,8000.0,8200.0,8133.333333333333,8128.571428571428,8186.428571428572,8267.0,95.11897312113726,140.74565946886213,180.55756556503042,-200.0,-0.024390243902439025,-200.0,-0.024390243902439025,-200.0,-0.024390243902439025,0.0,0.0,1300.0,0.1625,2026,6,8,0,159,24,0,1.2246467991473532e-16,-1.0,0.3953117887649151,-0.9185469991587165,8000.0,,,,,,
Maharashtra,Wardha,APMC Hinganghat,Fibre Crops,Cotton,Other,FAQ,7710.0,8575.0,8000.0,Rs./Quintal,2026-06-09,0,0,8000.0,8200.0,8000.0,8200.0,8200.0,8200.0,8066.666666666667,8100.0,8186.428571428572,8260.333333333334,100.00000000000324,140.74565946886213,186.70432707127597,0.0,0.0,0.0,0.0,-200.0,-0.024390243902439025,-200.0,-0.024390243902439025,865.0,0.108125,2026,6,9,1,160,24,0,1.2246467991473532e-16,-1.0,0.37945284372454435,-0.925211078289358,8000.0,,,,,,
Maharashtra,Wardha,APMC Hinganghat,Fibre Crops,Cotton,Other,FAQ,7710.0,8700.0,8000.0,Rs./Quintal,2026-06-10,0,0,8000.0,8000.0,8200.0,8100.0,8200.0,8300.0,8066.666666666667,8071.428571428572,8172.142857142857,8253.666666666666,95.11897312113778,149.16065533137512,192.41627526931606,0.0,0.0,-200.0,-0.024390243902439025,-100.0,-0.012345679012345678,-200.0,-0.024390243902439025,990.0,0.12375,2026,6,10,2,161,24,0,1.2246467991473532e-16,-1.0,0.36348161248290634,-0.9316013725767187,,,,,,,
