State/UT,District,Market,Commodity Group,Commodity,Variety,Grade,Min Price,Max Price,Modal Price,Price Unit,Price Date,outlier_flag,price_lag_1,price_lag_2,price_lag_3,price_lag_7,price_lag_14,price_lag_30,price_ma_3,price_ma_7,price_ma_14,price_ma_30,price_std_7,price_std_14,price_std_30,price_change_1,price_change_1_pct,price_change_3,price_change_3_pct,price_change_7,price_change_7_pct,price_change_14,price_change_14_pct,price_range,price_range_pct,year,month,day,day_of_week,day_of_year,week_of_year,is_weekend,month_sin,month_cos,day_of_year_sin,day_of_year_cos,price_next_observation,price_after_3_observations,price_after_7_observations,future_price_change_3,future_price_change_7
Maharashtra,Raigad,APMC Alibagh,Cereals,Rice,Other,Local,3000.0,3500.0,3250.0,Rs./Quintal,2025-01-26,0,,,,,,,,,,,,,,,,,,,,,,500.0,0.15384615384615385,2025,1,26,6,26,4,1,0.49999999999999994,0.8660254037844387,0.4324994021339788,0.901634220265486,3250.0,3250.0,3250.0,0.0,0.0
Maharashtra,Raigad,APMC Alibagh,Cereals,Rice,Other,Local,3000.0,3500.0,3250.0,Rs./Quintal,2025-01-27,0,3250.0,,,,,,,,,,,,,0.0,0.0,,,,,,,500.0,0.15384615384615385,2025,1,27,0,27,5,0,0.49999999999999994,0.8660254037844387,0.44794493940789115,0.8940611451454876,3250.0,3250.0,3250.0,0.0,0.0
Maharashtra,Raigad,APMC Alibagh,Cereals,Rice,Other,Local,3000.0,3500.0,3250.0,Rs./Quintal,2025-01-28,0,3250.0,3250.0,,,,,3250.0,,,,,,,0.0,0.0,,,,,,,500.0,0.15384615384615385,2025,1,28,1,28,5,0,0.49999999999999994,0.8660254037844387,0.4632579225674917,0.88622350294858,3250.0,3250.0,3250.0,0.0,0.0
Maharashtra,Raigad,APMC Alibagh,Cereals,Rice,Other,Local,3000.0,3500.0,3250.0,Rs./Quintal,2025-01-29,0,3250.0,3250.0,3250.0,,,,3250.0,,,,,,,0.0,0.0,0.0,0.0,,,,,500.0,0.15384615384615385,2025,1,29,2,29,5,0,0.49999999999999994,0.8660254037844387,0.4784338202547012,0.8781236129591848,3250.0,3250.0,3250.0,0.0,0.0
Maharashtra,Raigad,APMC Alibagh,Cereals,Rice,Other,Local,3000.0,3500.0,3250.0,Rs./Quintal,2025-01-30,0,3250.0,3250.0,3250.0,,,,3250.0,,,,,,,0.0,0.0,0.0,0.0,,,,,500.0,0.15384615384615385,2025,1,30,3,30,5,0,0.49999999999999994,0.8660254037844387,0.49346814167723735,0.8697638720650646,3250.0,3250.0,3250.0,0.0,0.0
Maharashtra,Raigad,APMC Alibagh,Cereals,Rice,Other,Local,3000.0,3500.0,3250.0,Rs./Quintal,2025-01-31,0,3250.0,3250.0,3250.0,,,,3250.0,,,,,,,0.0,0.0,0.0,0.0,,,,,500.0,0.15384615384615385,2025,1,31,4,31,5,0,0.49999999999999994,0.8660254037844387,0.5083564379375122,0.8611467540480452,3250.0,3250.0,3250.0,0.0,0.0
Maharashtra,Raigad,APMC Alibagh,Cereals,Rice,Other,Local,3000.0,3500.0,3250.0,Rs./Quintal,2025-02-01,0,3250.0,3250.0,3250.0,,,,3250.0,3250.0,,,0.0,,,0.0,0.0,0.0,0.0,,,,,500.0,0.15384615384615385,2025,2,1,5,32,5,1,0.8660254037844386,0.5000000000000001,0.5230943033491326,0.8522748088519838,3250.0,3250.0,3250.0,0.0,0.0
Maharashtra,Raigad,APMC Alibagh,Cereals,Rice,Other,Local,3000.0,3500.0,3250.0,Rs./Quintal,2025-02-02,0,3250.0,3250.0,3250.0,3250.0,,,3250.0,3250.0,,,0.0,,,0.0,0.0,0.0,0.0,0.0,0.0,,,500.0,0.15384615384615385,2025,2,2,6,33,5,1,0.8660254037844386,0.5000000000000001,0.5376773767406141,0.8431506618282,3250.0,3250.0,3250.0,0.0,0.0
Maharashtra,Raigad,APMC Alibagh,Cereals,Rice,Other,Local,3000.0,3500.0,3250.0,Rs./Quintal,2025-02-03,0,3250.0,3250.0,3250.0,3250.0,,,3250.0,3250.0,,,0.0,,,0.0,0.0,0.0,0.0,0.0,0.0,,,500.0,0.15384615384615385,2025,2,3,0,34,6,0,0.8660254037844386,0.5000000000000001,0.5521013427459208,0.8337770129585915,3250.0,3250.0,3250.0,0.0,0.0
Maharashtra,Raigad,APMC Alibagh,Cereals,Rice,Other,Local,3000.0,3500.0,3250.0,Rs./Quintal,2025-02-04,0,3250.0,3250.0,3250.0,3250.0,,,3250.0,3250.0,,,0.0,,,0.0,0.0,0.0,0.0,0.0,0.0,,,500.0,0.15384615384615385,2025,2,4,1,35,6,0,0.8660254037844386,0.5000000000000001,0.5663619330814524,0.8241566360566663,3250.0,3250.0,3250.0,0.0,0.0
Maharashtra,Raigad,APMC Alibagh,Cereals,Rice,Other,Local,3000.0,3500.0,3250.0,Rs./Quintal,2025-02-05,0,3250.0,3250.0,3250.0,3250.0,,,3250.0,3250.0,,,0.0,,,0.0,0.0,0.0,0.0,0.0,0.0,,,500.0,0.15384615384615385,2025,2,5,2,36,6,0,0.8660254037844386,0.5000000000000001,0.580454927809098,0.8142923779467267,3250.0,3250.0,3250.0,0.0,0.0
Maharashtra,Raigad,APMC Alibagh,Cereals,Rice,Other,Local,3000.0,3500.0,3250.0,Rs./Quintal,2025-02-06,0,3250.0,3250.0,3250.0,3250.0,,,3250.0,3250.0,,,0.0,,,0.0,0.0,0.0,0.0,0.0,0.0,,,500.0,0.15384615384615385,2025,2,6,3,37,6,0,0.8660254037844386,0.5000000000000001,0.5943761565849831,0.804187157621448,3250.0,3250.0,3250.0,0.0,0.0
Maharashtra,Raigad,APMC Alibagh,Cereals,Rice,Other,Local,3000.0,3500.0,3250.0,Rs./Quintal,2025-02-07,0,3250.0,3250.0,3250.0,3250.0,,,3250.0,3250.0,,,0.0,,,0.0,0.0,0.0,0.0,0.0,0.0,,,500.0,0.15384615384615385,2025,2,7,4,38,6,0,0.8660254037844386,0.5000000000000001,0.6081214998935418,0.7938439653781019,3250.0,3250.0,3250.0,0.0,0.0
Maharashtra,Raigad,APMC Alibagh,Cereals,Rice,Other,Local,3000.0,3500.0,3250.0,Rs./Quintal,2025-02-08,0,3250.0,3250.0,3250.0,3250.0,,,3250.0,3250.0,3250.0,,0.0,0.0,,0.0,0.0,0.0,0.0,0.0,0.0,,,500.0,0.15384615384615385,2025,2,8,5,39,6,1,0.8660254037844386,0.5000000000000001,0.6216868902665479,0.7832658619336791,3250.0,3250.0,3250.0,0.0,0.0
Maharashtra,Raigad,APMC Alibagh,Cereals,Rice,Other,Local,3000.0,3500.0,3250.0,Rs./Quintal,2025-02-09,0,3250.0,3250.0,3250.0,3250.0,3250.0,,3250.0,3250.0,3250.0,,0.0,0.0,,0.0,0.0,0.0,0.0,0.0,0.0,0.0,0.0,500.0,0.15384615384615385,2025,2,9,6,40,6,1,0.8660254037844386,0.5000000000000001,0.6350683134867438,0.7724559775191742,3250.0,3250.0,3250.0,0.0,0.0
Maharashtra,Raigad,APMC Alibagh,Cereals,Rice,Other,Local,3000.0,3500.0,3250.0,Rs./Quintal,2025-02-10,0,3250.0,3250.0,3250.0,3250.0,3250.0,,3250.0,3250.0,3250.0,,0.0,0.0,,0.0,0.0,0.0,0.0,0.0,0.0,0.0,0.0,500.0,0.15384615384615385,2025,2,10,0,41,7,0,0.8660254037844386,0.5000000000000001,0.6482618097757122,0.7614175109532997,3250.0,3250.0,3250.0,0.0,0.0
Maharashtra,Raigad,APMC Alibagh,Cereals,Rice,Other,Local,3000.0,3500.0,3250.0,Rs./Quintal,2025-02-13,0,3250.0,3250.0,3250.0,3250.0,3250.0,,3250.0,3250.0,3250.0,,0.0,0.0,,0.0,0.0,0.0,0.0,0.0,0.0,0.0,0.0,500.0,0.15384615384615385,2025,2,13,3,44,7,0,0.8660254037844386,0.5000000000000001,0.6866759803451553,0.726963615332308,3250.0,3250.0,2600.0,0.0,-650.0
Maharashtra,Raigad,APMC Alibagh,Cereals,Rice,Other,Local,3000.0,3500.0,3250.0,Rs./Quintal,2025-02-14,0,3250.0,3250.0,3250.0,3250.0,3250.0,,3250.0,3250.0,3250.0,,0.0,0.0,,0.0,0.0,0.0,0.0,0.0,0.0,0.0,0.0,500.0,0.15384615384615385,2025,2,14,4,45,7,0,0.8660254037844386,0.5000000000000001,0.6990793005655562,0.7150441465537444,3250.0,3250.0,2600.0,0.0,-650.0
Maharashtra,Raigad,APMC Alibagh,Cereals,Rice,Other,Local,3000.0,3500.0,3250.0,Rs./Quintal,2025-02-15,0,3250.0,3250.0,3250.0,3250.0,3250.0,,3250.0,3250.0,3250.0,,0.0,0.0,,0.0,0.0,0.0,0.0,0.0,0.0,0.0,0.0,500.0,0.15384615384615385,2025,2,15,5,46,7,1,0.8660254037844386,0.5000000000000001,0.7112757519738152,0.7029130847082615,3250.0,3250.0,2600.0,0.0,-650.0
Maharashtra,Raigad,APMC Alibagh,Cereals,Rice,Other,Local,3000.0,3500.0,3250.0,Rs./Quintal,2025-02-16,0,3250.0,3250.0,3250.0,3250.0,3250.0,,3250.0,3250.0,3250.0,,0.0,0.0,,0.0,0.0,0.0,0.0,0.0,0.0,0.0,0.0,500.0,0.15384615384615385,2025,2,16,6,47,7,1,0.8660254037844386,0.5000000000000001,0.7232617254437388,0.6905740195722293,3250.0,3250.0,2600.0,0.0,-650.0
Maharashtra,Raigad,APMC Alibagh,Cereals,Rice,Other,Local,3000.0,3500.0,3250.0,Rs./Quintal,2025-02-17,0,3250.0,3250.0,3250.0,3250.0,3250.0,,3250.0,3250.0,3250.0,,0.0,0.0,,0.0,0.0,0.0,0.0,0.0,0.0,0.0,0.0,500.0,0.15384615384615385,2025,2,17,0,48,8,0,0.8660254037844386,0.5000000000000001,0.7350336741329412,0.6780306024735382,3250.0,2600.0,2600.0,-650.0,-650.0
Maharashtra,Raigad,APMC Alibagh,Cereals,Rice,Other,Local,3000.0,3500.0,3250.0,Rs./Quintal,2025-02-18,0,3250.0,3250.0,3250.0,3250.0,3250.0,,3250.0,3250.0,3250.0,,0.0,0.0,,0.0,0.0,0.0,0.0,0.0,0.0,0.0,0.0,500.0,0.15384615384615385,2025,2,18,1,49,8,0,0.8660254037844386,0.5000000000000001,0.746588114532413,0.6652865452111116,3250.0,2600.0,2600.0,-650.0,-650.0
Maharashtra,Raigad,APMC Alibagh,Cereals,Rice,Other,Local,3000.0,3500.0,3250.0,Rs./Quintal,2025-02-19,0,3250.0,3250.0,3250.0,3250.0,3250.0,,3250.0,3250.0,3250.0,,0.0,0.0,,0.0,0.0,0.0,0.0,0.0,0.0,0.0,0.0,500.0,0.15384615384615385,2025,2,19,2,50,8,0,0.8660254037844386,0.5000000000000001,0.7579216274973472,0.6523456189565257,2600.0,2600.0,2600.0,-650.0,-650.0
Maharashtra,Raigad,APMC Alibagh,Cereals,Rice,Other,Local,2500.0,2700.0,2600.0,Rs./Quintal,2025-02-20,0,3250.0,3250.0,3250.0,3250.0,3250.0,,3033.3333333333335,3157.1428571428573,3203.5714285714284,,245.67690745599774,173.71980724307582,,-650.0,-19.999999999999996,-650.0,-19.999999999999996,-650.0,-19.999999999999996,-650.0,-19.999999999999996,200.0,0.07692307692307693,2025,2,20,3,51,8,0,0.8660254037844386,0.5000000000000001,0.7690308592589181,0.6392116531380588,2600.0,2600.0,2600.0,0.0,0.0
Maharashtra,Raigad,APMC Alibagh,Cereals,Rice,Other,Local,2500.0,2700.0,2600.0,Rs./Quintal,2025-02-21,0,2600.0,3250.0,3250.0,3250.0,3250.0,,2816.6666666666665,3064.285714285714,3157.1428571428573,,317.1675237082734,236.03873774083294,,0.0,0.0,-650.0,-19.999999999999996,-650.0,-19.999999999999996,-650.0,-19.999999999999996,200.0,0.07692307692307693,2025,2,21,4,52,8,0,0.8660254037844386,0.5000000000000001,0.7799125224167177,0.6258885343075018,2600.0,2600.0,2600.0,0.0,0.0
Maharashtra,Raigad,APMC Alibagh,Cereals,Rice,Other,Local,2500.0,2700.0,2600.0,Rs./Quintal,2025-02-22,0,2600.0,2600.0,3250.0,3250.0,3250.0,,2600.0,2971.4285714285716,3110.714285714286,,347.439614486152,276.779953857108,,0.0,0.0,-650.0,-19.999999999999996,-650.0,-19.999999999999996,-650.0,-19.999999999999996,200.0,0.07692307692307693,2025,2,22,5,53,8,1,0.8660254037844386,0.5000000000000001,0.7905633969115482,0.612380204990065,2600.0,2600.0,2600.0,0.0,0.0
Maharashtra,Raigad,APMC Alibagh,Cereals,Rice,Other,Local,2500.0,2700.0,2600.0,Rs./Quintal,2025-02-23,0,2600.0,2600.0,2600.0,3250.0,3250.0,,2600.0,2878.5714285714284,3064.285714285714,,347.4396144861522,304.724700110022,,0.0,0.0,0.0,0.0,-650.0,-19.999999999999996,-650.0,-19.999999999999996,200.0,0.07692307692307693,2025,2,23,6,54,8,1,0.8660254037844386,0.5000000000000001,0.8009803309782905,0.5986906625177214,2600.0,2600.0,2600.0,0.0,0.0
Maharashtra,Raigad,APMC Alibagh,Cereals,Rice,Other,Local,2500.0,2700.0,2600.0,Rs./Quintal,2025-02-24,0,2600.0,2600.0,2600.0,3250.0,3250.0,,2600.0,2785.714285714286,3017.8571428571427,,317.1675237082741,323.20935276425047,,0.0,0.0,0.0,0.0,-650.0,-19.999999999999996,-650.0,-19.999999999999996,200.0,0.07692307692307693,2025,2,24,0,55,9,0,0.8660254037844386,0.5000000000000001,0.8111602420785621,0.5848239578463322,2600.0,2600.0,2600.0,0.0,0.0
Maharashtra,Raigad,APMC Alibagh,Cereals,Rice,Other,Local,2500.0,2700.0,2600.0,Rs./Quintal,2025-02-25,0,2600.0,2600.0,2600.0,3250.0,3250.0,,2600.0,2692.8571428571427,2971.4285714285716,,245.67690745599896,333.80918415851204,,0.0,0.0,0.0,0.0,-650.0,-19.999999999999996,-650.0,-19.999999999999996,200.0,0.07692307692307693,2025,2,25,1,56,9,0,0.8660254037844386,0.5000000000000001,0.8211001178128892,0.5707841943569036,2600.0,2600.0,2600.0,0.0,0.0
Maharashtra,Raigad,APMC Alibagh,Cereals,Rice,Other,Local,2500.0,2700.0,2600.0,Rs./Quintal,2025-02-26,0,2600.0,2600.0,2600.0,3250.0,3250.0,,2600.0,2600.0,2925.0,3098.3333333333335,0.0,337.268439080801,279.61899364884965,0.0,0.0,0.0,0.0,-650.0,-19.999999999999996,-650.0,-19.999999999999996,200.0,0.07692307692307693,2025,2,26,2,57,9,0,0.8660254037844386,0.5000000000000001,0.8307970168121247,0.5565755266413303,2600.0,2600.0,2600.0,0.0,0.0
Maharashtra,Raigad,APMC Alibagh,Cereals,Rice,Other,Local,2500.0,2700.0,2600.0,Rs./Quintal,2025-02-27,0,2600.0,2600.0,2600.0,2600.0,3250.0,3250.0,2600.0,2600.0,2878.5714285714284,3076.6666666666665,0.0,333.80918415851204,292.3546893207224,0.0,0.0,0.0,0.0,0.0,0.0,-650.0,-19.999999999999996,200.0,0.07692307692307693,2025,2,27,3,58,9,0,0.8660254037844386,0.5000000000000001,0.8402480696078469,0.5422021592729844,2600.0,2600.0,2600.0,0.0,0.0
Maharashtra,Raigad,APMC Alibagh,Cereals,Rice,Other,Local,2500.0,2700.0,2600.0,Rs./Quintal,2025-02-28,0,2600.0,2600.0,2600.0,2600.0,3250.0,3250.0,2600.0,2600.0,2832.1428571428573,3055.0,0.0,323.20935276425047,302.9595398046094,0.0,0.0,0.0,0.0,0.0,0.0,-650.0,-19.999999999999996,200.0,0.07692307692307693,2025,2,28,4,59,9,0,0.8660254037844386,0.5000000000000001,0.8494504794814806,0.527668345562516,2600.0,2600.0,2600.0,0.0,0.0
Maharashtra,Raigad,APMC Alibagh,Cereals,Rice,Other,Local,2500.0,2700.0,2600.0,Rs./Quintal,2025-03-01,0,2600.0,2600.0,2600.0,2600.0,3250.0,3250.0,2600.0,2600.0,2785.714285714286,3033.3333333333335,0.0,304.724700110022,311.6511459654997,0.0,0.0,0.0,0.0,0.0,0.0,-650.0,-19.999999999999996,200.0,0.07692307692307693,2025,3,1,5,60,9,1,1.0,6.123233995736766e-17,0.8584015232918917,0.512978386299228,2600.0,2600.0,2600.0,0.0,0.0
Maharashtra,Raigad,APMC Alibagh,Cereals,Rice,Other,Local,2500.0,2700.0,2600.0,Rs./Quintal,2025-03-02,0,2600.0,2600.0,2600.0,2600.0,3250.0,3250.0,2600.0,2600.0,2739.285714285714,3011.6666666666665,0.0,276.779953857108,318.58613660481467,0.0,0.0,0.0,0.0,0.0,0.0,-650.0,-19.999999999999996,200.0,0.07692307692307693,2025,3,2,6,61,9,1,1.0,6.123233995736766e-17,0.8670985522812081,0.4981366284784055,2600.0,2600.0,2600.0,0.0,0.0
Maharashtra,Raigad,APMC Alibagh,Cereals,Rice,Other,Local,2500.0,2700.0,2600.0,Rs./Quintal,2025-03-03,0,2600.0,2600.0,2600.0,2600.0,3250.0,3250.0,2600.0,2600.0,2692.8571428571427,2990.0,0.0,236.03873774083294,323.8773714295859,0.0,0.0,0.0,0.0,0.0,0.0,-650.0,-19.999999999999996,200.0,0.07692307692307693,2025,3,3,0,62,10,0,1.0,6.123233995736766e-17,0.8755389928586302,0.4831474640149687,2600.0,2600.0,2600.0,0.0,0.0
Maharashtra,Raigad,APMC Alibagh,Cereals,Rice,Other,Local,2500.0,2700.0,2600.0,Rs./Quintal,2025-03-04,0,2600.0,2600.0,2600.0,2600.0,3250.0,3250.0,2600.0,2600.0,2646.4285714285716,2968.3333333333335,0.0,173.71980724307582,327.6045064459251,0.0,0.0,0.0,0.0,0.0,0.0,-650.0,-19.999999999999996,200.0,0.07692307692307693,2025,3,4,1,63,10,0,1.0,6.123233995736766e-17,0.8837203473619977,0.4680153284438345,2600.0,2600.0,3100.0,0.0,500.0
Maharashtra,Raigad,APMC Alibagh,Cereals,Rice,Other,Local,2500.0,2700.0,2600.0,Rs./Quintal,2025-03-05,0,2600.0,2600.0,2600.0,2600.0,3250.0,3250.0,2600.0,2600.0,2600.0,2946.6666666666665,0.0,0.0,329.82057121320116,0.0,0.0,0.0,0.0,0.0,0.0,-650.0,-19.999999999999996,200.0,0.07692307692307693,2025,3,5,2,64,10,0,1.0,6.123233995736766e-17,0.8916401947968874,0.45274469960737107,2600.0,2600.0,3100.0,0.0,500.0
Maharashtra,Raigad,APMC Alibagh,Cereals,Rice,Other,Local,2500.0,2700.0,2600.0,Rs./Quintal,2025-03-06,0,2600.0,2600.0,2600.0,2600.0,2600.0,3250.0,2600.0,2600.0,2600.0,2925.0,0.0,0.0,330.55595801514505,0.0,0.0,0.0,0.0,0.0,0.0,0.0,0.0,200.0,0.07692307692307693,2025,3,6,3,65,10,0,1.0,6.123233995736766e-17,0.8992961915530253,0.4373400963303323,2600.0,2600.0,2600.0,0.0,0.0
Maharashtra,Raigad,APMC Alibagh,Cereals,Rice,Other,Local,2500.0,2700.0,2600.0,Rs./Quintal,2025-03-07,0,2600.0,2600.0,2600.0,2600.0,2600.0,3250.0,2600.0,2600.0,2600.0,2903.3333333333335,0.0,0.0,329.82057121320116,0.0,0.0,0.0,0.0,0.0,0.0,0.0,0.0,200.0,0.07692307692307693,2025,3,7,4,66,10,0,1.0,6.123233995736766e-17,0.9066860720977985,0.4218060770826634,2600.0,2600.0,2600.0,0.0,0.0
Maharashtra,Raigad,APMC Alibagh,Cereals,Rice,Other,Local,2500.0,2700.0,2600.0,Rs./Quintal,2025-03-08,0,2600.0,2600.0,2600.0,2600.0,2600.0,3250.0,2600.0,2600.0,2600.0,2881.6666666666665,0.0,0.0,327.6045064459251,0.0,0.0,0.0,0.0,0.0,0.0,0.0,0.0,200.0,0.07692307692307693,2025,3,8,5,67,10,1,1.0,6.123233995736766e-17,0.9138076496466615,0.4061472386305789,2600.0,3100.0,2600.0,500.0,0.0
Maharashtra,Raigad,APMC Alibagh,Cereals,Rice,Other,Local,2500.0,2700.0,2600.0,Rs./Quintal,2025-03-09,0,2600.0,2600.0,2600.0,2600.0,2600.0,3250.0,2600.0,2600.0,2600.0,2860.0,0.0,0.0,323.8773714295859,0.0,0.0,0.0,0.0,0.0,0.0,0.0,0.0,200.0,0.07692307692307693,2025,3,9,6,68,10,1,1.0,6.123233995736766e-17,0.9206588168102428,0.3903682146763026,2600.0,3100.0,2600.0,500.0,0.0
Maharashtra,Raigad,APMC Alibagh,Cereals,Rice,Other,Local,2500.0,2700.0,2600.0,Rs./Quintal,2025-03-10,0,2600.0,2600.0,2600.0,2600.0,2600.0,3250.0,2600.0,2600.0,2600.0,2838.3333333333335,0.0,0.0,318.58613660481467,0.0,0.0,0.0,0.0,0.0,0.0,0.0,0.0,200.0,0.07692307692307693,2025,3,10,0,69,11,0,1.0,6.123233995736766e-17,0.9272375462179537,0.374473674486883,3100.0,2600.0,2600.0,0.0,0.0
Maharashtra,Raigad,APMC Alibagh,Cereals,Rice,Other,Local,3000.0,3250.0,3100.0,Rs./Quintal,2025-03-11,0,2600.0,2600.0,2600.0,2600.0,2600.0,3250.0,2766.6666666666665,2671.4285714285716,2635.714285714286,2833.3333333333335,188.98223650461358,133.6306209562122,313.03115778964633,500.0,19.23076923076923,500.0,19.23076923076923,500.0,19.23076923076923,500.0,19.23076923076923,250.0,0.08064516129032258,2025,3,11,1,70,11,0,1.0,6.123233995736766e-17,0.9335418911179212,0.35846832151248087,3100.0,2600.0,2600.0,-500.0,-500.0
Maharashtra,Raigad,APMC Alibagh,Cereals,Rice,Other,Local,3000.0,3250.0,3100.0,Rs./Quintal,2025-03-12,0,3100.0,2600.0,2600.0,2600.0,2600.0,3250.0,2933.3333333333335,2742.8571428571427,2671.4285714285716,2828.3333333333335,243.9750182371332,181.56825980064067,307.29165449055114,0.0,0.0,500.0,19.23076923076923,500.0,19.23076923076923,500.0,19.23076923076923,250.0,0.08064516129032258,2025,3,12,2,71,11,0,1.0,6.123233995736766e-17,0.9395699859530622,0.342356891994542,2600.0,2600.0,2600.0,-500.0,-500.0
Maharashtra,Raigad,APMC Alibagh,Cereals,Rice,Other,Local,2500.0,2700.0,2600.0,Rs./Quintal,2025-03-13,0,3100.0,3100.0,2600.0,2600.0,2600.0,3250.0,2933.3333333333335,2742.8571428571427,2671.4285714285716,2806.6666666666665,243.9750182371332,181.56825980064067,299.34795038934016,-500.0,-16.129032258064512,0.0,0.0,0.0,0.0,0.0,0.0,200.0,0.07692307692307693,2025,3,13,3,72,11,0,1.0,6.123233995736766e-17,0.945320046913132,0.3261441535642696,2600.0,2600.0,2600.0,0.0,0.0
Maharashtra,Raigad,APMC Alibagh,Cereals,Rice,Other,Local,2500.0,2700.0,2600.0,Rs./Quintal,2025-03-14,0,2600.0,3100.0,3100.0,2600.0,2600.0,3250.0,2766.6666666666665,2742.8571428571427,2671.4285714285716,2785.0,243.9750182371332,181.56825980064067,289.5150523154908,0.0,0.0,-500.0,-16.129032258064512,0.0,0.0,0.0,0.0,200.0,0.07692307692307693,2025,3,14,4,73,11,0,1.0,6.123233995736766e-17,0.9507903724625832,0.3098349038318025,2600.0,2600.0,2600.0,0.0,0.0
Maharashtra,Raigad,APMC Alibagh,Cereals,Rice,Other,Local,2500.0,2700.0,2600.0,Rs./Quintal,2025-03-15,0,2600.0,2600.0,3100.0,2600.0,2600.0,3250.0,2600.0,2742.8571428571427,2671.4285714285716,2763.3333333333335,243.9750182371332,181.56825980064067,277.59227522459594,0.0,0.0,-500.0,-16.129032258064512,0.0,0.0,0.0,0.0,200.0,0.07692307692307693,2025,3,15,5,74,11,1,1.0,6.123233995736766e-17,0.9559793438440766,0.2934339689665273,2600.0,2600.0,2600.0,0.0,0.0
Maharashtra,Raigad,APMC Alibagh,Cereals,Rice,Other,Local,2500.0,2700.0,2600.0,Rs./Quintal,2025-03-16,0,2600.0,2600.0,2600.0,2600.0,2600.0,3250.0,2600.0,2742.8571428571427,2671.4285714285716,2741.6666666666665,243.9750182371332,181.56825980064067,263.29586522328486,0.0,0.0,0.0,0.0,0.0,0.0,0.0,0.0,200.0,0.07692307692307693,2025,3,16,6,75,11,1,1.0,6.123233995736766e-17,0.9608854255574977,0.27694620226893646,2600.0,2600.0,2600.0,0.0,0.0
Maharashtra,Raigad,APMC Alibagh,Cereals,Rice,Other,Local,2500.0,2700.0,2600.0,Rs./Quintal,2025-03-17,0,2600.0,2600.0,2600.0,2600.0,2600.0,3250.0,2600.0,2742.8571428571427,2671.4285714285716,2720.0,243.9750182371332,181.56825980064067,246.21269190513402,0.0,0.0,0.0,0.0,0.0,0.0,0.0,0.0,200.0,0.07692307692307693,2025,3,17,0,76,12,0,1.0,6.123233995736766e-17,0.9655071658143364,0.2603764827344581,2600.0,2600.0,2600.0,0.0,0.0
Maharashtra,Raigad,APMC Alibagh,Cereals,Rice,Other,Local,2500.0,2700.0,2600.0,Rs./Quintal,2025-03-18,0,2600.0,2600.0,2600.0,3100.0,2600.0,3250.0,2600.0,2671.4285714285716,2671.4285714285716,2698.3333333333335,188.9822365046136,181.56825980064067,225.7108821010866,0.0,0.0,0.0,0.0,-500.0,-16.129032258064512,0.0,0.0,200.0,0.07692307692307693,2025,3,18,1,77,12,0,1.0,6.123233995736766e-17,0.969843196967294,0.24372971360968387,2600.0,2600.0,2600.0,0.0,0.0
Maharashtra,Raigad,APMC Alibagh,Cereals,Rice,Other,Local,2500.0,2700.0,2600.0,Rs./Quintal,2025-03-19,0,2600.0,2600.0,2600.0,3100.0,2600.0,3250.0,2600.0,2600.0,2671.4285714285716,2676.6666666666665,0.0,181.56825980064067,200.74573613083973,0.0,0.0,0.0,0.0,-500.0,-16.129032258064512,0.0,0.0,200.0,0.07692307692307693,2025,3,19,2,78,12,0,1.0,6.123233995736766e-17,0.9738922359149924,0.22701082094141847,2600.0,2600.0,2600.0,0.0,0.0
Maharashtra,Raigad,APMC Alibagh,Cereals,Rice,Other,Local,2500.0,2700.0,2600.0,Rs./Quintal,2025-03-20,0,2600.0,2600.0,2600.0,2600.0,2600.0,3250.0,2600.0,2600.0,2671.4285714285716,2655.0,0.0,181.56825980064067,169.35475925629822,0.0,0.0,0.0,0.0,0.0,0.0,0.0,0.0,200.0,0.07692307692307693,2025,3,20,3,79,12,0,1.0,6.123233995736766e-17,0.9776530844816641,0.2102247521189836,2600.0,2600.0,2600.0,0.0,0.0
Maharashtra,Raigad,APMC Alibagh,Cereals,Rice,Other,Local,2500.0,2700.0,2600.0,Rs./Quintal,2025-03-21,0,2600.0,2600.0,2600.0,2600.0,2600.0,3250.0,2600.0,2600.0,2671.4285714285716,2633.3333333333335,0.0,181.56825980064067,126.85406585123175,0.0,0.0,0.0,0.0,0.0,0.0,0.0,0.0,200.0,0.07692307692307693,2025,3,21,4,80,12,0,1.0,6.123233995736766e-17,0.981124629771712,0.19337647441020586,2600.0,2600.0,2600.0,0.0,0.0
Maharashtra,Raigad,APMC Alibagh,Cereals,Rice,Other,Local,2500.0,2700.0,2600.0,Rs./Quintal,2025-03-22,0,2600.0,2600.0,2600.0,2600.0,2600.0,2600.0,2600.0,2600.0,2671.4285714285716,2633.3333333333335,0.0,181.56825980064067,126.85406585123175,0.0,0.0,0.0,0.0,0.0,0.0,0.0,0.0,200.0,0.07692307692307693,2025,3,22,5,81,12,1,1.0,6.123233995736766e-17,0.984305844499033,0.17647097349152166,2600.0,2600.0,2600.0,0.0,0.0
Maharashtra,Raigad,APMC Alibagh,Cereals,Rice,Other,Local,2500.0,2700.0,2600.0,Rs./Quintal,2025-03-23,0,2600.0,2600.0,2600.0,2600.0,2600.0,2600.0,2600.0,2600.0,2671.4285714285716,2633.3333333333335,0.0,181.56825980064067,126.85406585123175,0.0,0.0,0.0,0.0,0.0,0.0,0.0,0.0,200.0,0.07692307692307693,2025,3,23,6,82,12,1,1.0,6.123233995736766e-17,0.9871957872910085,0.15951325197263655,2600.0,2600.0,2600.0,0.0,0.0
Maharashtra,Raigad,APMC Alibagh,Cereals,Rice,Other,Local,2500.0,2700.0,2600.0,Rs./Quintal,2025-03-24,0,2600.0,2600.0,2600.0,2600.0,2600.0,2600.0,2600.0,2600.0,2671.4285714285716,2633.3333333333335,0.0,181.56825980064067,126.85406585123175,0.0,0.0,0.0,0.0,0.0,0.0,0.0,0.0,200.0,0.07692307692307693,2025,3,24,0,83,13,0,1.0,6.123233995736766e-17,0.9897936029670716,0.14250832791617088,2600.0,2600.0,2600.0,0.0,0.0
Maharashtra,Raigad,APMC Alibagh,Cereals,Rice,Other,Local,2500.0,2700.0,2600.0,Rs./Quintal,2025-03-25,0,2600.0,2600.0,2600.0,2600.0,3100.0,2600.0,2600.0,2600.0,2635.714285714286,2633.3333333333335,0.0,133.6306209562122,126.85406585123175,0.0,0.0,0.0,0.0,0.0,0.0,-500.0,-16.129032258064512,200.0,0.07692307692307693,2025,3,25,1,84,13,0,1.0,6.123233995736766e-17,0.992098522791769,0.12546123335273648,2600.0,2600.0,2600.0,0.0,0.0
Maharashtra,Raigad,APMC Alibagh,Cereals,Rice,Other,Local,2500.0,2700.0,2600.0,Rs./Quintal,2025-03-26,0,2600.0,2600.0,2600.0,2600.0,3100.0,2600.0,2600.0,2600.0,2600.0,2633.3333333333335,0.0,0.0,126.85406585123175,0.0,0.0,0.0,0.0,0.0,0.0,-500.0,-16.129032258064512,200.0,0.07692307692307693,2025,3,26,2,85,13,0,1.0,6.123233995736766e-17,0.9941098647022418,0.10837701279187609,2600.0,2600.0,2600.0,0.0,0.0
Maharashtra,Raigad,APMC Alibagh,Cereals,Rice,Other,Local,2500.0,2700.0,2600.0,Rs./Quintal,2025-03-27,0,2600.0,2600.0,2600.0,2600.0,2600.0,2600.0,2600.0,2600.0,2600.0,2633.3333333333335,0.0,0.0,126.85406585123175,0.0,0.0,0.0,0.0,0.0,0.0,0.0,0.0,200.0,0.07692307692307693,2025,3,27,3,86,13,0,1.0,6.123233995736766e-17,0.9958270335100595,0.09126072172931188,2600.0,2600.0,2600.0,0.0,0.0
Maharashtra,Raigad,APMC Alibagh,Cereals,Rice,Other,Local,2500.0,2700.0,2600.0,Rs./Quintal,2025-03-28,0,2600.0,2600.0,2600.0,2600.0,2600.0,2600.0,2600.0,2600.0,2600.0,2633.3333333333335,0.0,0.0,126.85406585123175,0.0,0.0,0.0,0.0,0.0,0.0,0.0,0.0,200.0,0.07692307692307693,2025,3,28,4,87,13,0,1.0,6.123233995736766e-17,0.9972495210773451,0.07411742515094437,2600.0,2600.0,2600.0,0.0,0.0
Maharashtra,Raigad,APMC Alibagh,Cereals,Rice,Other,Local,2500.0,2700.0,2600.0,Rs./Quintal,2025-03-29,0,2600.0,2600.0,2600.0,2600.0,2600.0,2600.0,2600.0,2600.0,2600.0,2633.3333333333335,0.0,0.0,126.85406585123175,0.0,0.0,0.0,0.0,0.0,0.0,0.0,0.0,200.0,0.07692307692307693,2025,3,29,5,88,13,1,1.0,6.123233995736766e-17,0.998376906467142,0.056952196034039754,2600.0,2600.0,2600.0,0.0,0.0
Maharashtra,Raigad,APMC Alibagh,Cereals,Rice,Other,Local,2500.0,2700.0,2600.0,Rs./Quintal,2025-03-30,0,2600.0,2600.0,2600.0,2600.0,2600.0,2600.0,2600.0,2600.0,2600.0,2633.3333333333335,0.0,0.0,126.85406585123175,0.0,0.0,0.0,0.0,0.0,0.0,0.0,0.0,200.0,0.07692307692307693,2025,3,30,6,89,13,1,1.0,6.123233995736766e-17,0.9992088560679753,0.03977011384605572,2600.0,2600.0,2600.0,0.0,0.0
Maharashtra,Raigad,APMC Alibagh,Cereals,Rice,Other,Local,2500.0,2700.0,2600.0,Rs./Quintal,2025-03-31,0,2600.0,2600.0,2600.0,2600.0,2600.0,2600.0,2600.0,2600.0,2600.0,2633.3333333333335,0.0,0.0,126.85406585123175,0.0,0.0,0.0,0.0,0.0,0.0,0.0,0.0,200.0,0.07692307692307693,2025,3,31,0,90,14,0,1.0,6.123233995736766e-17,0.9997451236925734,0.022576263041545485,2600.0,2600.0,2600.0,0.0,0.0
Maharashtra,Raigad,APMC Alibagh,Cereals,Rice,Other,Local,2500.0,2700.0,2600.0,Rs./Quintal,2025-04-01,0,2600.0,2600.0,2600.0,2600.0,2600.0,2600.0,2600.0,2600.0,2600.0,2633.3333333333335,0.0,0.0,126.85406585123175,0.0,0.0,0.0,0.0,0.0,0.0,0.0,0.0,200.0,0.07692307692307693,2025,4,1,1,91,14,0,0.8660254037844387,-0.49999999999999983,0.9999855506507186,0.005375731557583884,2600.0,2600.0,2600.0,0.0,0.0
Maharashtra,Raigad,APMC Alibagh,Cereals,Rice,Other,Local,2500.0,2700.0,2600.0,Rs./Quintal,2025-04-02,0,2600.0,2600.0,2600.0,2600.0,2600.0,2600.0,2600.0,2600.0,2600.0,2633.3333333333335,0.0,0.0,126.85406585123175,0.0,0.0,0.0,0.0,0.0,0.0,0.0,0.0,200.0,0.07692307692307693,2025,4,2,2,92,14,0,0.8660254037844387,-0.49999999999999983,0.9999300657962057,-0.011826390691832589,2600.0,2600.0,2600.0,0.0,0.0
Maharashtra,Raigad,APMC Alibagh,Cereals,Rice,Other,Local,2500.0,2700.0,2600.0,Rs./Quintal,2025-04-03,0,2600.0,2600.0,2600.0,2600.0,2600.0,2600.0,2600.0,2600.0,2600.0,2633.3333333333335,0.0,0.0,126.85406585123175,0.0,0.0,0.0,0.0,0.0,0.0,0.0,0.0,200.0,0.07692307692307693,2025,4,3,3,93,14,0,0.8660254037844387,-0.49999999999999983,0.9995786855478958,-0.029025013321975237,2600.0,2600.0,2600.0,0.0,0.0
Maharashtra,Raigad,APMC Alibagh,Cereals,Rice,Other,Local,2500.0,2700.0,2600.0,Rs./Quintal,2025-04-04,0,2600.0,2600.0,2600.0,2600.0,2600.0,2600.0,2600.0,2600.0,2600.0,2633.3333333333335,0.0,0.0,126.85406585123175,0.0,0.0,0.0,0.0,0.0,0.0,0.0,0.0,200.0,0.07692307692307693,2025,4,4,4,94,14,0,0.8660254037844387,-0.49999999999999983,0.9989315138848577,-0.046215046983708354,2600.0,2600.0,2600.0,0.0,0.0
Maharashtra,Raigad,APMC Alibagh,Cereals,Rice,Other,Local,2500.0,2700.0,2600.0,Rs./Quintal,2025-04-05,0,2600.0,2600.0,2600.0,2600.0,2600.0,2600.0,2600.0,2600.0,2600.0,2633.3333333333335,0.0,0.0,126.85406585123175,0.0,0.0,0.0,0.0,0.0,0.0,0.0,0.0,200.0,0.07692307692307693,2025,4,5,5,95,14,1,0.8660254037844387,-0.49999999999999983,0.9979887423155984,-0.06339140486951038,2600.0,2600.0,2600.0,0.0,0.0
Maharashtra,Raigad,APMC Alibagh,Cereals,Rice,Other,Local,2500.0,2700.0,2600.0,Rs./Quintal,2025-04-06,0,2600.0,2600.0,2600.0,2600.0,2600.0,2600.0,2600.0,2600.0,2600.0,2633.3333333333335,0.0,0.0,126.85406585123175,0.0,0.0,0.0,0.0,0.0,0.0,0.0,0.0,200.0,0.07692307692307693,2025,4,6,6,96,14,1,0.8660254037844387,-0.49999999999999983,0.9967506498213929,-0.08054900421874167,2600.0,2600.0,2600.0,0.0,0.0
Maharashtra,Raigad,APMC Alibagh,Cereals,Rice,Other,Local,2500.0,2700.0,2600.0,Rs./Quintal,2025-04-07,0,2600.0,2600.0,2600.0,2600.0,2600.0,2600.0,2600.0,2600.0,2600.0,2633.3333333333335,0.0,0.0,126.85406585123175,0.0,0.0,0.0,0.0,0.0,0.0,0.0,0.0,200.0,0.07692307692307693,2025,4,7,0,97,15,0,0.8660254037844387,-0.49999999999999983,0.9952176027737294,-0.09768276782171598,2600.0,2600.0,2600.0,0.0,0.0
Maharashtra,Raigad,APMC Alibagh,Cereals,Rice,Other,Local,2500.0,2700.0,2600.0,Rs./Quintal,2025-04-08,0,2600.0,2600.0,2600.0,2600.0,2600.0,2600.0,2600.0,2600.0,2600.0,2633.3333333333335,0.0,0.0,126.85406585123175,0.0,0.0,0.0,0.0,0.0,0.0,0.0,0.0,200.0,0.07692307692307693,2025,4,8,1,98,15,0,0.8660254037844387,-0.49999999999999983,0.9933900548258936,-0.11478762552212701,2600.0,2600.0,2600.0,0.0,0.0
Maharashtra,Raigad,APMC Alibagh,Cereals,Rice,Other,Local,2500.0,2700.0,2600.0,Rs./Quintal,2025-04-09,0,2600.0,2600.0,2600.0,2600.0,2600.0,2600.0,2600.0,2600.0,2600.0,2633.3333333333335,0.0,0.0,126.85406585123175,0.0,0.0,0.0,0.0,0.0,0.0,0.0,0.0,200.0,0.07692307692307693,2025,4,9,2,99,15,0,0.8660254037844387,-0.49999999999999983,0.9912685467787256,-0.13185851571739118,2600.0,2600.0,2600.0,0.0,0.0
Maharashtra,Raigad,APMC Alibagh,Cereals,Rice,Other,Local,2500.0,2700.0,2600.0,Rs./Quintal,2025-04-10,0,2600.0,2600.0,2600.0,2600.0,2600.0,3100.0,2600.0,2600.0,2600.0,2616.6666666666665,0.0,0.0,91.28709291752854,0.0,0.0,0.0,0.0,0.0,0.0,0.0,0.0,200.0,0.07692307692307693,2025,4,10,3,100,15,0,0.8660254037844387,-0.49999999999999983,0.9888537064205885,-0.1488903868564548,2600.0,2600.0,2600.0,0.0,0.0
Maharashtra,Raigad,APMC Alibagh,Cereals,Rice,Other,Local,2500.0,2700.0,2600.0,Rs./Quintal,2025-04-11,0,2600.0,2600.0,2600.0,2600.0,2600.0,3100.0,2600.0,2600.0,2600.0,2600.0,0.0,0.0,0.0,0.0,0.0,0.0,0.0,0.0,0.0,0.0,0.0,200.0,0.07692307692307693,2025,4,11,4,101,15,0,0.8660254037844387,-0.49999999999999983,0.986146248341595,-0.16587819893463143,2600.0,2600.0,2600.0,0.0,0.0
Maharashtra,Raigad,APMC Alibagh,Cereals,Rice,Other,Local,2500.0,2700.0,2600.0,Rs./Quintal,2025-04-12,0,2600.0,2600.0,2600.0,2600.0,2600.0,2600.0,2600.0,2600.0,2600.0,2600.0,0.0,0.0,0.0,0.0,0.0,0.0,0.0,0.0,0.0,0.0,0.0,200.0,0.07692307692307693,2025,4,12,5,102,15,1,0.8660254037844387,-0.49999999999999983,0.9831469737221499,-0.1828169249850199,2600.0,2600.0,2600.0,0.0,0.0
Maharashtra,Raigad,APMC Alibagh,Cereals,Rice,Other,Local,2500.0,2700.0,2600.0,Rs./Quintal,2025-04-13,0,2600.0,2600.0,2600.0,2600.0,2600.0,2600.0,2600.0,2600.0,2600.0,2600.0,0.0,0.0,0.0,0.0,0.0,0.0,0.0,0.0,0.0,0.0,0.0,200.0,0.07692307692307693,2025,4,13,6,103,15,1,0.8660254037844387,-0.49999999999999983,0.9798567700958665,-0.1997015525660636,2600.0,2600.0,2600.0,0.0,0.0
Maharashtra,Raigad,APMC Alibagh,Cereals,Rice,Other,Local,2500.0,2700.0,2600.0,Rs./Quintal,2025-04-14,0,2600.0,2600.0,2600.0,2600.0,2600.0,2600.0,2600.0,2600.0,2600.0,2600.0,0.0,0.0,0.0,0.0,0.0,0.0,0.0,0.0,0.0,0.0,0.0,200.0,0.07692307692307693,2025,4,14,0,104,16,0,0.8660254037844387,-0.49999999999999983,0.9762766110869321,-0.21652708524481437,2600.0,2600.0,2600.0,0.0,0.0
Maharashtra,Raigad,APMC Alibagh,Cereals,Rice,Other,Local,2500.0,2700.0,2600.0,Rs./Quintal,2025-04-15,0,2600.0,2600.0,2600.0,2600.0,2600.0,2600.0,2600.0,2600.0,2600.0,2600.0,0.0,0.0,0.0,0.0,0.0,0.0,0.0,0.0,0.0,0.0,0.0,200.0,0.07692307692307693,2025,4,15,1,105,16,0,0.8660254037844387,-0.49999999999999983,0.9724075561219968,-0.23328854407545518,2600.0,2600.0,2600.0,0.0,0.0
Maharashtra,Raigad,APMC Alibagh,Cereals,Rice,Other,Local,2500.0,2700.0,2600.0,Rs./Quintal,2025-04-16,0,2600.0,2600.0,2600.0,2600.0,2600.0,2600.0,2600.0,2600.0,2600.0,2600.0,0.0,0.0,0.0,0.0,0.0,0.0,0.0,0.0,0.0,0.0,0.0,200.0,0.07692307692307693,2025,4,16,2,106,16,0,0.8660254037844387,-0.49999999999999983,0.9682507501166718,-0.2499809690726521,2600.0,2600.0,2600.0,0.0,0.0
Maharashtra,Raigad,APMC Alibagh,Cereals,Rice,Other,Local,2500.0,2700.0,2600.0,Rs./Quintal,2025-04-17,0,2600.0,2600.0,2600.0,2600.0,2600.0,2600.0,2600.0,2600.0,2600.0,2600.0,0.0,0.0,0.0,0.0,0.0,0.0,0.0,0.0,0.0,0.0,0.0,200.0,0.07692307692307693,2025,4,17,3,107,16,0,0.8660254037844387,-0.49999999999999983,0.9638074231367307,-0.26659942067929354,2600.0,2600.0,2600.0,0.0,0.0
Maharashtra,Raigad,APMC Alibagh,Cereals,Rice,Other,Local,2500.0,2700.0,2600.0,Rs./Quintal,2025-04-18,0,2600.0,2600.0,2600.0,2600.0,2600.0,2600.0,2600.0,2600.0,2600.0,2600.0,0.0,0.0,0.0,0.0,0.0,0.0,0.0,0.0,0.0,0.0,0.0,200.0,0.07692307692307693,2025,4,18,4,108,16,0,0.8660254037844387,-0.49999999999999983,0.9590788900341131,-0.28313898122818354,2600.0,2600.0,2600.0,0.0,0.0
Maharashtra,Raigad,APMC Alibagh,Cereals,Rice,Other,Local,2500.0,2700.0,2600.0,Rs./Quintal,2025-04-19,0,2600.0,2600.0,2600.0,2600.0,2600.0,2600.0,2600.0,2600.0,2600.0,2600.0,0.0,0.0,0.0,0.0,0.0,0.0,0.0,0.0,0.0,0.0,0.0,200.0,0.07692307692307693,2025,4,19,5,109,16,1,0.8660254037844387,-0.49999999999999983,0.9540665500578387,-0.2995947563972602,2600.0,2600.0,2600.0,0.0,0.0
Maharashtra,Raigad,APMC Alibagh,Cereals,Rice,Other,Local,2500.0,2700.0,2600.0,Rs./Quintal,2025-04-20,0,2600.0,2600.0,2600.0,2600.0,2600.0,2600.0,2600.0,2600.0,2600.0,2600.0,0.0,0.0,0.0,0.0,0.0,0.0,0.0,0.0,0.0,0.0,0.0,200.0,0.07692307692307693,2025,4,20,6,110,16,1,0.8660254037844387,-0.49999999999999983,0.9487718864399473,-0.31596187665790293,2600.0,2600.0,2600.0,0.0,0.0
Maharashtra,Raigad,APMC Alibagh,Cereals,Rice,Other,Local,2500.0,2700.0,2600.0,Rs./Quintal,2025-04-21,0,2600.0,2600.0,2600.0,2600.0,2600.0,2600.0,2600.0,2600.0,2600.0,2600.0,0.0,0.0,0.0,0.0,0.0,0.0,0.0,0.0,0.0,0.0,0.0,200.0,0.07692307692307693,2025,4,21,0,111,17,0,0.8660254037844387,-0.49999999999999983,0.9431964659565866,-0.33223549871590435,2600.0,2600.0,2600.0,0.0,0.0
Maharashtra,Raigad,APMC Alibagh,Cereals,Rice,Other,Local,2500.0,2700.0,2600.0,Rs./Quintal,2025-04-22,0,2600.0,2600.0,2600.0,2600.0,2600.0,2600.0,2600.0,2600.0,2600.0,2600.0,0.0,0.0,0.0,0.0,0.0,0.0,0.0,0.0,0.0,0.0,0.0,200.0,0.07692307692307693,2025,4,22,1,112,17,0,0.8660254037844387,-0.49999999999999983,0.9373419384643772,-0.3484108069446808,2600.0,2600.0,2600.0,0.0,0.0
Maharashtra,Raigad,APMC Alibagh,Cereals,Rice,Other,Local,2500.0,2700.0,2600.0,Rs./Quintal,2025-04-23,0,2600.0,2600.0,2600.0,2600.0,2600.0,2600.0,2600.0,2600.0,2600.0,2600.0,0.0,0.0,0.0,0.0,0.0,0.0,0.0,0.0,0.0,0.0,0.0,200.0,0.07692307692307693,2025,4,23,2,113,17,0,0.8660254037844387,-0.49999999999999983,0.9312100364121947,-0.3644830148102912,2600.0,2600.0,2600.0,0.0,0.0
Maharashtra,Raigad,APMC Alibagh,Cereals,Rice,Other,Local,2500.0,2700.0,2600.0,Rs./Quintal,2025-04-24,0,2600.0,2600.0,2600.0,2600.0,2600.0,2600.0,2600.0,2600.0,2600.0,2600.0,0.0,0.0,0.0,0.0,0.0,0.0,0.0,0.0,0.0,0.0,0.0,200.0,0.07692307692307693,2025,4,24,3,114,17,0,0.8660254037844387,-0.49999999999999983,0.9248025743285089,-0.38044736628785164,2600.0,2600.0,2600.0,0.0,0.0
Maharashtra,Raigad,APMC Alibagh,Cereals,Rice,Other,Local,2500.0,2700.0,2600.0,Rs./Quintal,2025-04-25,0,2600.0,2600.0,2600.0,2600.0,2600.0,2600.0,2600.0,2600.0,2600.0,2600.0,0.0,0.0,0.0,0.0,0.0,0.0,0.0,0.0,0.0,0.0,0.0,200.0,0.07692307692307693,2025,4,25,4,115,17,0,0.8660254037844387,-0.49999999999999983,0.9181214482844365,-0.39629913726891813,2600.0,2600.0,2600.0,0.0,0.0
Maharashtra,Raigad,APMC Alibagh,Cereals,Rice,Other,Local,2500.0,2700.0,2600.0,Rs./Quintal,2025-04-26,0,2600.0,2600.0,2600.0,2600.0,2600.0,2600.0,2600.0,2600.0,2600.0,2600.0,0.0,0.0,0.0,0.0,0.0,0.0,0.0,0.0,0.0,0.0,0.0,200.0,0.07692307692307693,2025,4,26,5,116,17,1,0.8660254037844387,-0.49999999999999983,0.9111686353326631,-0.41203363695942635,2600.0,2600.0,2600.0,0.0,0.0
Maharashtra,Raigad,APMC Alibagh,Cereals,Rice,Other,Local,2500.0,2700.0,2600.0,Rs./Quintal,2025-04-27,0,2600.0,2600.0,2600.0,2600.0,2600.0,2600.0,2600.0,2600.0,2600.0,2600.0,0.0,0.0,0.0,0.0,0.0,0.0,0.0,0.0,0.0,0.0,0.0,200.0,0.07692307692307693,2025,4,27,6,117,17,1,0.8660254037844387,-0.49999999999999983,0.9039461929224011,-0.42764620926777464,2600.0,2600.0,2600.0,0.0,0.0
Maharashtra,Raigad,APMC Alibagh,Cereals,Rice,Other,Local,2500.0,2700.0,2600.0,Rs./Quintal,2025-04-28,0,2600.0,2600.0,2600.0,2600.0,2600.0,2600.0,2600.0,2600.0,2600.0,2600.0,0.0,0.0,0.0,0.0,0.0,0.0,0.0,0.0,0.0,0.0,0.0,200.0,0.07692307692307693,2025,4,28,0,118,18,0,0.8660254037844387,-0.49999999999999983,0.8964562582905575,-0.44313223418263453,2600.0,2600.0,2600.0,0.0,0.0
Maharashtra,Raigad,APMC Alibagh,Cereals,Rice,Other,Local,2500.0,2700.0,2600.0,Rs./Quintal,2025-04-29,0,2600.0,2600.0,2600.0,2600.0,2600.0,2600.0,2600.0,2600.0,2600.0,2600.0,0.0,0.0,0.0,0.0,0.0,0.0,0.0,0.0,0.0,0.0,0.0,200.0,0.07692307692307693,2025,4,29,1,119,18,0,0.8660254037844387,-0.49999999999999983,0.8887010478292915,-0.45848712914008766,2600.0,2600.0,2600.0,0.0,0.0
Maharashtra,Raigad,APMC Alibagh,Cereals,Rice,Other,Local,2500.0,2700.0,2600.0,Rs./Quintal,2025-04-30,0,2600.0,2600.0,2600.0,2600.0,2600.0,2600.0,2600.0,2600.0,2600.0,2600.0,0.0,0.0,0.0,0.0,0.0,0.0,0.0,0.0,0.0,0.0,0.0,200.0,0.07692307692307693,2025,4,30,2,120,18,0,0.8660254037844387,-0.49999999999999983,0.8806828564301475,-0.47370635037968,2600.0,2600.0,2600.0,0.0,0.0
Maharashtra,Raigad,APMC Alibagh,Cereals,Rice,Other,Local,2500.0,2700.0,2600.0,Rs./Quintal,2025-05-01,0,2600.0,2600.0,2600.0,2600.0,2600.0,2600.0,2600.0,2600.0,2600.0,2600.0,0.0,0.0,0.0,0.0,0.0,0.0,0.0,0.0,0.0,0.0,0.0,200.0,0.07692307692307693,2025,5,1,3,121,18,0,0.49999999999999994,-0.8660254037844387,0.8724040568049612,-0.48878539428899265,2600.0,2600.0,2600.0,0.0,0.0
Maharashtra,Raigad,APMC Alibagh,Cereals,Rice,Other,Local,2500.0,2700.0,2600.0,Rs./Quintal,2025-05-02,0,2600.0,2600.0,2600.0,2600.0,2600.0,2600.0,2600.0,2600.0,2600.0,2600.0,0.0,0.0,0.0,0.0,0.0,0.0,0.0,0.0,0.0,0.0,0.0,200.0,0.07692307692307693,2025,5,2,4,122,18,0,0.49999999999999994,-0.8660254037844387,0.8638670987837349,-0.503719798736334,2600.0,2600.0,2600.0,0.0,0.0
Maharashtra,Raigad,APMC Alibagh,Cereals,Rice,Other,Local,2500.0,2700.0,2600.0,Rs./Quintal,2025-05-03,0,2600.0,2600.0,2600.0,2600.0,2600.0,2600.0,2600.0,2600.0,2600.0,2600.0,0.0,0.0,0.0,0.0,0.0,0.0,0.0,0.0,0.0,0.0,0.0,200.0,0.07692307692307693,2025,5,3,5,123,18,1,0.49999999999999994,-0.8660254037844387,0.8550745085896932,-0.518505144391157,2600.0,2600.0,2600.0,0.0,0.0
Maharashtra,Raigad,APMC Alibagh,Cereals,Rice,Other,Local,2500.0,2700.0,2600.0,Rs./Quintal,2025-05-04,0,2600.0,2600.0,2600.0,2600.0,2600.0,2600.0,2600.0,2600.0,2600.0,2600.0,0.0,0.0,0.0,0.0,0.0,0.0,0.0,0.0,0.0,0.0,0.0,200.0,0.07692307692307693,2025,5,4,6,124,18,1,0.49999999999999994,-0.8660254037844387,0.8460288880917339,-0.533137056031809,2600.0,2600.0,2600.0,0.0,0.0
Maharashtra,Raigad,APMC Alibagh,Cereals,Rice,Other,Local,2500.0,2700.0,2600.0,Rs./Quintal,2025-05-05,0,2600.0,2600.0,2600.0,2600.0,2600.0,2600.0,2600.0,2600.0,2600.0,2600.0,0.0,0.0,0.0,0.0,0.0,0.0,0.0,0.0,0.0,0.0,0.0,200.0,0.07692307692307693,2025,5,5,0,125,19,0,0.49999999999999994,-0.8660254037844387,0.8367329140344921,-0.5476112038402312,2600.0,2600.0,2600.0,0.0,0.0
Maharashtra,Raigad,APMC Alibagh,Cereals,Rice,Other,Local,2500.0,2700.0,2600.0,Rs./Quintal,2025-05-06,0,2600.0,2600.0,2600.0,2600.0,2600.0,2600.0,2600.0,2600.0,2600.0,2600.0,0.0,0.0,0.0,0.0,0.0,0.0,0.0,0.0,0.0,0.0,0.0,200.0,0.07692307692307693,2025,5,6,1,126,19,0,0.49999999999999994,-0.8660254037844387,0.8271893372462497,-0.5619233046832195,2600.0,2600.0,2600.0,0.0,0.0
Maharashtra,Raigad,APMC Alibagh,Cereals,Rice,Other,Local,2500.0,2700.0,2600.0,Rs./Quintal,2025-05-07,0,2600.0,2600.0,2600.0,2600.0,2600.0,2600.0,2600.0,2600.0,2600.0,2600.0,0.0,0.0,0.0,0.0,0.0,0.0,0.0,0.0,0.0,0.0,0.0,200.0,0.07692307692307693,2025,5,7,2,127,19,0,0.49999999999999994,-0.8660254037844387,0.8174009818249189,-0.5760691233798758,2600.0,2600.0,2600.0,0.0,0.0
Maharashtra,Raigad,APMC Alibagh,Cereals,Rice,Other,Local,2500.0,2700.0,2600.0,Rs./Quintal,2025-05-08,0,2600.0,2600.0,2600.0,2600.0,2600.0,2600.0,2600.0,2600.0,2600.0,2600.0,0.0,0.0,0.0,0.0,0.0,0.0,0.0,0.0,0.0,0.0,0.0,200.0,0.07692307692307693,2025,5,8,3,128,19,0,0.49999999999999994,-0.8660254037844387,0.8073707443023492,-0.5900444739548627,2600.0,2600.0,2600.0,0.0,0.0
Maharashtra,Raigad,APMC Alibagh,Cereals,Rice,Other,Local,2500.0,2700.0,2600.0,Rs./Quintal,2025-05-09,0,2600.0,2600.0,2600.0,2600.0,2600.0,2600.0,2600.0,2600.0,2600.0,2600.0,0.0,0.0,0.0,0.0,0.0,0.0,0.0,0.0,0.0,0.0,0.0,200.0,0.07692307692307693,2025,5,9,4,129,19,0,0.49999999999999994,-0.8660254037844387,0.7971015927871943,-0.6038452208771035,2600.0,2600.0,2600.0,0.0,0.0
Maharashtra,Raigad,APMC Alibagh,Cereals,Rice,Other,Local,2500.0,2700.0,2600.0,Rs./Quintal,2025-05-10,0,2600.0,2600.0,2600.0,2600.0,2600.0,2600.0,2600.0,2600.0,2600.0,2600.0,0.0,0.0,0.0,0.0,0.0,0.0,0.0,0.0,0.0,0.0,0.0,200.0,0.07692307692307693,2025,5,10,5,130,19,1,0.49999999999999994,-0.8660254037844387,0.7865965660866021,-0.6174672802835514,2600.0,2600.0,2600.0,0.0,0.0
Maharashtra,Raigad,APMC Alibagh,Cereals,Rice,Other,Local,2500.0,2700.0,2600.0,Rs./Quintal,2025-05-11,0,2600.0,2600.0,2600.0,2600.0,2600.0,2600.0,2600.0,2600.0,2600.0,2600.0,0.0,0.0,0.0,0.0,0.0,0.0,0.0,0.0,0.0,0.0,0.0,200.0,0.07692307692307693,2025,5,11,6,131,19,1,0.49999999999999994,-0.8660254037844387,0.7758587728069828,-0.6309066211876704,2600.0,2600.0,2600.0,0.0,0.0
Maharashtra,Raigad,APMC Alibagh,Cereals,Rice,Other,Local,2500.0,2700.0,2600.0,Rs./Quintal,2025-05-12,0,2600.0,2600.0,2600.0,2600.0,2600.0,2600.0,2600.0,2600.0,2600.0,2600.0,0.0,0.0,0.0,0.0,0.0,0.0,0.0,0.0,0.0,0.0,0.0,200.0,0.07692307692307693,2025,5,12,0,132,20,0,0.49999999999999994,-0.8660254037844387,0.7648913904341226,-0.6441592666722685,2600.0,2600.0,2600.0,0.0,0.0
Maharashtra,Raigad,APMC Alibagh,Cereals,Rice,Other,Local,2500.0,2700.0,2600.0,Rs./Quintal,2025-05-13,0,2600.0,2600.0,2600.0,2600.0,2600.0,2600.0,2600.0,2600.0,2600.0,2600.0,0.0,0.0,0.0,0.0,0.0,0.0,0.0,0.0,0.0,0.0,0.0,200.0,0.07692307692307693,2025,5,13,1,133,20,0,0.49999999999999994,-0.8660254037844387,0.753697664392914,-0.6572212950663319,2600.0,2600.0,2600.0,0.0,0.0
Maharashtra,Raigad,APMC Alibagh,Cereals,Rice,Other,Local,2500.0,2700.0,2600.0,Rs./Quintal,2025-05-15,0,2600.0,2600.0,2600.0,2600.0,2600.0,2600.0,2600.0,2600.0,2600.0,2600.0,0.0,0.0,0.0,0.0,0.0,0.0,0.0,0.0,0.0,0.0,0.0,200.0,0.07692307692307693,2025,5,15,3,135,20,0,0.49999999999999994,-0.8660254037844387,0.7306444969184916,-0.6827580970759147,2600.0,2600.0,2600.0,0.0,0.0
Maharashtra,Raigad,APMC Alibagh,Cereals,Rice,Other,Local,2500.0,2700.0,2600.0,Rs./Quintal,2025-05-16,0,2600.0,2600.0,2600.0,2600.0,2600.0,2600.0,2600.0,2600.0,2600.0,2600.0,0.0,0.0,0.0,0.0,0.0,0.0,0.0,0.0,0.0,0.0,0.0,200.0,0.07692307692307693,2025,5,16,4,136,20,0,0.49999999999999994,-0.8660254037844387,0.7187918772884232,-0.6952253139408723,2600.0,2600.0,2600.0,0.0,0.0
Maharashtra,Raigad,APMC Alibagh,Cereals,Rice,Other,Local,2500.0,2700.0,2600.0,Rs./Quintal,2025-05-17,0,2600.0,2600.0,2600.0,2600.0,2600.0,2600.0,2600.0,2600.0,2600.0,2600.0,0.0,0.0,0.0,0.0,0.0,0.0,0.0,0.0,0.0,0.0,0.0,200.0,0.07692307692307693,2025,5,17,5,137,20,1,0.49999999999999994,-0.8660254037844387,0.7067265555776159,-0.7074868024503348,2600.0,2600.0,2600.0,0.0,0.0
Maharashtra,Raigad,APMC Alibagh,Cereals,Rice,Other,Local,2500.0,2700.0,2600.0,Rs./Quintal,2025-05-18,0,2600.0,2600.0,2600.0,2600.0,2600.0,2600.0,2600.0,2600.0,2600.0,2600.0,0.0,0.0,0.0,0.0,0.0,0.0,0.0,0.0,0.0,0.0,0.0,200.0,0.07692307692307693,2025,5,18,6,138,20,1,0.49999999999999994,-0.8660254037844387,0.6944521021088763,-0.719538934232584,2600.0,2600.0,2600.0,0.0,0.0
Maharashtra,Raigad,APMC Alibagh,Cereals,Rice,Other,Local,2500.0,2700.0,2600.0,Rs./Quintal,2025-05-19,0,2600.0,2600.0,2600.0,2600.0,2600.0,2600.0,2600.0,2600.0,2600.0,2600.0,0.0,0.0,0.0,0.0,0.0,0.0,0.0,0.0,0.0,0.0,0.0,200.0,0.07692307692307693,2025,5,19,0,139,21,0,0.49999999999999994,-0.8660254037844387,0.6819721490904629,-0.7313781428679254,2600.0,2600.0,2600.0,0.0,0.0
Maharashtra,Raigad,APMC Alibagh,Cereals,Rice,Other,Local,2500.0,2700.0,2600.0,Rs./Quintal,2025-05-20,0,2600.0,2600.0,2600.0,2600.0,2600.0,2600.0,2600.0,2600.0,2600.0,2600.0,0.0,0.0,0.0,0.0,0.0,0.0,0.0,0.0,0.0,0.0,0.0,200.0,0.07692307692307693,2025,5,20,1,140,21,0,0.49999999999999994,-0.8660254037844387,0.6692903895412567,-0.7430009249440493,2600.0,2600.0,2600.0,0.0,0.0
Maharashtra,Raigad,APMC Alibagh,Cereals,Rice,Other,Local,2500.0,2700.0,2600.0,Rs./Quintal,2025-05-21,0,2600.0,2600.0,2600.0,2600.0,2600.0,2600.0,2600.0,2600.0,2600.0,2600.0,0.0,0.0,0.0,0.0,0.0,0.0,0.0,0.0,0.0,0.0,0.0,200.0,0.07692307692307693,2025,5,21,2,141,21,0,0.49999999999999994,-0.8660254037844387,0.6564105761979381,-0.7544038410927472,2600.0,2600.0,2600.0,0.0,0.0
Maharashtra,Raigad,APMC Alibagh,Cereals,Rice,Other,Local,2500.0,2700.0,2600.0,Rs./Quintal,2025-05-22,0,2600.0,2600.0,2600.0,2600.0,2600.0,2600.0,2600.0,2600.0,2600.0,2600.0,0.0,0.0,0.0,0.0,0.0,0.0,0.0,0.0,0.0,0.0,0.0,200.0,0.07692307692307693,2025,5,22,3,142,21,0,0.49999999999999994,-0.8660254037844387,0.6433365204044917,-0.765583517007675,2600.0,2600.0,2600.0,0.0,0.0
Maharashtra,Raigad,APMC Alibagh,Cereals,Rice,Other,Local,2500.0,2700.0,2600.0,Rs./Quintal,2025-05-23,0,2600.0,2600.0,2600.0,2600.0,2600.0,2600.0,2600.0,2600.0,2600.0,2600.0,0.0,0.0,0.0,0.0,0.0,0.0,0.0,0.0,0.0,0.0,0.0,200.0,0.07692307692307693,2025,5,23,4,143,21,0,0.49999999999999994,-0.8660254037844387,0.6300720909843687,-0.7765366444428655,2600.0,2600.0,2600.0,0.0,0.0
Maharashtra,Raigad,APMC Alibagh,Cereals,Rice,Other,Local,2500.0,2700.0,2600.0,Rs./Quintal,2025-05-24,0,2600.0,2600.0,2600.0,2600.0,2600.0,2600.0,2600.0,2600.0,2600.0,2600.0,0.0,0.0,0.0,0.0,0.0,0.0,0.0,0.0,0.0,0.0,0.0,200.0,0.07692307692307693,2025,5,24,5,144,21,1,0.49999999999999994,-0.8660254037844387,0.6166212130956382,-0.7872599821916922,2600.0,2600.0,2600.0,0.0,0.0
Maharashtra,Raigad,APMC Alibagh,Cereals,Rice,Other,Local,2500.0,2700.0,2600.0,Rs./Quintal,2025-05-25,0,2600.0,2600.0,2600.0,2600.0,2600.0,2600.0,2600.0,2600.0,2600.0,2600.0,0.0,0.0,0.0,0.0,0.0,0.0,0.0,0.0,0.0,0.0,0.0,200.0,0.07692307692307693,2025,5,25,6,145,21,1,0.49999999999999994,-0.8660254037844387,0.6029878670694714,-0.7977503570459932,2600.0,2600.0,2600.0,0.0,0.0
Maharashtra,Raigad,APMC Alibagh,Cereals,Rice,Other,Local,2500.0,2700.0,2600.0,Rs./Quintal,2025-05-26,0,2600.0,2600.0,2600.0,2600.0,2600.0,2600.0,2600.0,2600.0,2600.0,2600.0,0.0,0.0,0.0,0.0,0.0,0.0,0.0,0.0,0.0,0.0,0.0,200.0,0.07692307692307693,2025,5,26,0,146,22,0,0.49999999999999994,-0.8660254037844387,0.5891760872322963,-0.8080046647350754,2600.0,2600.0,2600.0,0.0,0.0
Maharashtra,Raigad,APMC Alibagh,Cereals,Rice,Other,Local,2500.0,2700.0,2600.0,Rs./Quintal,2025-05-27,0,2600.0,2600.0,2600.0,2600.0,2600.0,2600.0,2600.0,2600.0,2600.0,2600.0,0.0,0.0,0.0,0.0,0.0,0.0,0.0,0.0,0.0,0.0,0.0,200.0,0.07692307692307693,2025,5,27,1,147,22,0,0.49999999999999994,-0.8660254037844387,0.5751899607119775,-0.8180198708443175,2600.0,2600.0,2600.0,0.0,0.0
Maharashtra,Raigad,APMC Alibagh,Cereals,Rice,Other,Local,2500.0,2700.0,2600.0,Rs./Quintal,2025-05-28,0,2600.0,2600.0,2600.0,2600.0,2600.0,2600.0,2600.0,2600.0,2600.0,2600.0,0.0,0.0,0.0,0.0,0.0,0.0,0.0,0.0,0.0,0.0,0.0,200.0,0.07692307692307693,2025,5,28,2,148,22,0,0.49999999999999994,-0.8660254037844387,0.5610336262283677,-0.8277930117131022,2600.0,2600.0,2600.0,0.0,0.0
Maharashtra,Raigad,APMC Alibagh,Cereals,Rice,Other,Local,2500.0,2700.0,2600.0,Rs./Quintal,2025-05-29,0,2600.0,2600.0,2600.0,2600.0,2600.0,2600.0,2600.0,2600.0,2600.0,2600.0,0.0,0.0,0.0,0.0,0.0,0.0,0.0,0.0,0.0,0.0,0.0,200.0,0.07692307692307693,2025,5,29,3,149,22,0,0.49999999999999994,-0.8660254037844387,0.5467112728685939,-0.8373211953118121,2600.0,2600.0,2600.0,0.0,0.0
Maharashtra,Raigad,APMC Alibagh,Cereals,Rice,Other,Local,2500.0,2700.0,2600.0,Rs./Quintal,2025-05-30,0,2600.0,2600.0,2600.0,2600.0,2600.0,2600.0,2600.0,2600.0,2600.0,2600.0,0.0,0.0,0.0,0.0,0.0,0.0,0.0,0.0,0.0,0.0,0.0,200.0,0.07692307692307693,2025,5,30,4,150,22,0,0.49999999999999994,-0.8660254037844387,0.5322271388474397,-0.8466016020976267,2600.0,2600.0,2600.0,0.0,0.0
Maharashtra,Raigad,APMC Alibagh,Cereals,Rice,Other,Local,2500.0,2700.0,2600.0,Rs./Quintal,2025-05-31,0,2600.0,2600.0,2600.0,2600.0,2600.0,2600.0,2600.0,2600.0,2600.0,2600.0,0.0,0.0,0.0,0.0,0.0,0.0,0.0,0.0,0.0,0.0,0.0,200.0,0.07692307692307693,2025,5,31,5,151,22,1,0.49999999999999994,-0.8660254037844387,0.5175855102531889,-0.8556314858488706,2600.0,2600.0,2600.0,0.0,0.0
Maharashtra,Raigad,APMC Alibagh,Cereals,Rice,Other,Local,2500.0,2700.0,2600.0,Rs./Quintal,2025-06-01,0,2600.0,2600.0,2600.0,2600.0,2600.0,2600.0,2600.0,2600.0,2600.0,2600.0,0.0,0.0,0.0,0.0,0.0,0.0,0.0,0.0,0.0,0.0,0.0,200.0,0.07692307692307693,2025,6,1,6,152,22,1,1.2246467991473532e-16,-1.0,0.5027907197793043,-0.8644081744776648,2600.0,2600.0,2600.0,0.0,0.0
Maharashtra,Raigad,APMC Alibagh,Cereals,Rice,Other,Local,2500.0,2700.0,2600.0,Rs./Quintal,2025-06-02,0,2600.0,2600.0,2600.0,2600.0,2600.0,2600.0,2600.0,2600.0,2600.0,2600.0,0.0,0.0,0.0,0.0,0.0,0.0,0.0,0.0,0.0,0.0,0.0,200.0,0.07692307692307693,2025,6,2,0,153,23,0,1.2246467991473532e-16,-1.0,0.4878471454423119,-0.8729290708206411,2600.0,2600.0,2600.0,0.0,0.0
Maharashtra,Raigad,APMC Alibagh,Cereals,Rice,Other,Local,2500.0,2700.0,2600.0,Rs./Quintal,2025-06-03,0,2600.0,2600.0,2600.0,2600.0,2600.0,2600.0,2600.0,2600.0,2600.0,2600.0,0.0,0.0,0.0,0.0,0.0,0.0,0.0,0.0,0.0,0.0,0.0,200.0,0.07692307692307693,2025,6,3,1,154,23,0,1.2246467991473532e-16,-1.0,0.47275920928627757,-0.881191653407483,2600.0,2600.0,2600.0,0.0,0.0
Maharashtra,Raigad,APMC Alibagh,Cereals,Rice,Other,Local,2500.0,2700.0,2600.0,Rs./Quintal,2025-06-04,0,2600.0,2600.0,2600.0,2600.0,2600.0,2600.0,2600.0,2600.0,2600.0,2600.0,0.0,0.0,0.0,0.0,0.0,0.0,0.0,0.0,0.0,0.0,0.0,200.0,0.07692307692307693,2025,6,4,2,155,23,0,1.2246467991473532e-16,-1.0,0.4575313760742512,-0.8891934772070711,2600.0,2600.0,2600.0,0.0,0.0
Maharashtra,Raigad,APMC Alibagh,Cereals,Rice,Other,Local,2500.0,2700.0,2600.0,Rs./Quintal,2025-06-05,0,2600.0,2600.0,2600.0,2600.0,2600.0,2600.0,2600.0,2600.0,2600.0,2600.0,0.0,0.0,0.0,0.0,0.0,0.0,0.0,0.0,0.0,0.0,0.0,200.0,0.07692307692307693,2025,6,5,3,156,23,0,1.2246467991473532e-16,-1.0,0.44216815196707204,-0.8969321743510065,2600.0,2600.0,2600.0,0.0,0.0
Maharashtra,Raigad,APMC Alibagh,Cereals,Rice,Other,Local,2500.0,2700.0,2600.0,Rs./Quintal,2025-06-06,0,2600.0,2600.0,2600.0,2600.0,2600.0,2600.0,2600.0,2600.0,2600.0,2600.0,0.0,0.0,0.0,0.0,0.0,0.0,0.0,0.0,0.0,0.0,0.0,200.0,0.07692307692307693,2025,6,6,4,157,23,0,1.2246467991473532e-16,-1.0,0.42667408318992467,-0.9044054548343001,2600.0,2600.0,2600.0,0.0,0.0
Maharashtra,Raigad,APMC Alibagh,Cereals,Rice,Other,Local,2500.0,2700.0,2600.0,Rs./Quintal,2025-06-07,0,2600.0,2600.0,2600.0,2600.0,2600.0,2600.0,2600.0,2600.0,2600.0,2600.0,0.0,0.0,0.0,0.0,0.0,0.0,0.0,0.0,0.0,0.0,0.0,200.0,0.07692307692307693,2025,6,7,5,158,23,1,1.2246467991473532e-16,-1.0,0.4110537546870351,-0.9116111071930239,2600.0,2600.0,2600.0,0.0,0.0
Maharashtra,Raigad,APMC Alibagh,Cereals,Rice,Other,Local,2500.0,2700.0,2600.0,Rs./Quintal,2025-06-08,0,2600.0,2600.0,2600.0,2600.0,2600.0,2600.0,2600.0,2600.0,2600.0,2600.0,0.0,0.0,0.0,0.0,0.0,0.0,0.0,0.0,0.0,0.0,0.0,200.0,0.07692307692307693,2025,6,8,6,159,23,1,1.2246467991473532e-16,-1.0,0.3953117887649151,-0.9185469991587165,2600.0,2600.0,2600.0,0.0,0.0
Maharashtra,Raigad,APMC Alibagh,Cereals,Rice,Other,Local,2500.0,2700.0,2600.0,Rs./Quintal,2025-06-09,0,2600.0,2600.0,2600.0,2600.0,2600.0,2600.0,2600.0,2600.0,2600.0,2600.0,0.0,0.0,0.0,0.0,0.0,0.0,0.0,0.0,0.0,0.0,0.0,200.0,0.07692307692307693,2025,6,9,0,160,24,0,1.2246467991473532e-16,-1.0,0.37945284372454435,-0.925211078289358,2600.0,2600.0,2600.0,0.0,0.0
Maharashtra,Raigad,APMC Alibagh,Cereals,Rice,Other,Local,2500.0,2700.0,2600.0,Rs./Quintal,2025-06-10,0,2600.0,2600.0,2600.0,2600.0,2600.0,2600.0,2600.0,2600.0,2600.0,2600.0,0.0,0.0,0.0,0.0,0.0,0.0,0.0,0.0,0.0,0.0,0.0,200.0,0.07692307692307693,2025,6,10,1,161,24,0,1.2246467991473532e-16,-1.0,0.36348161248290634,-0.9316013725767187,2600.0,2600.0,2600.0,0.0,0.0
Maharashtra,Raigad,APMC Alibagh,Cereals,Rice,Other,Local,2500.0,2700.0,2600.0,Rs./Quintal,2025-06-11,0,2600.0,2600.0,2600.0,2600.0,2600.0,2600.0,2600.0,2600.0,2600.0,2600.0,0.0,0.0,0.0,0.0,0.0,0.0,0.0,0.0,0.0,0.0,0.0,200.0,0.07692307692307693,2025,6,11,2,162,24,0,1.2246467991473532e-16,-1.0,0.3474028211842774,-0.9377159910299093,2600.0,2600.0,2600.0,0.0,0.0
Maharashtra,Raigad,APMC Alibagh,Cereals,Rice,Other,Local,2500.0,2700.0,2600.0,Rs./Quintal,2025-06-12,0,2600.0,2600.0,2600.0,2600.0,2600.0,2600.0,2600.0,2600.0,2600.0,2600.0,0.0,0.0,0.0,0.0,0.0,0.0,0.0,0.0,0.0,0.0,0.0,200.0,0.07692307692307693,2025,6,12,3,163,24,0,1.2246467991473532e-16,-1.0,0.3312212278016865,-0.9435531242349544,2600.0,2600.0,2600.0,0.0,0.0
Maharashtra,Raigad,APMC Alibagh,Cereals,Rice,Other,Local,2500.0,2700.0,2600.0,Rs./Quintal,2025-06-13,0,2600.0,2600.0,2600.0,2600.0,2600.0,2600.0,2600.0,2600.0,2600.0,2600.0,0.0,0.0,0.0,0.0,0.0,0.0,0.0,0.0,0.0,0.0,0.0,200.0,0.07692307692307693,2025,6,13,4,164,24,0,1.2246467991473532e-16,-1.0,0.31494162072895193,-0.9491110448902284,2600.0,2600.0,2600.0,0.0,0.0
Maharashtra,Raigad,APMC Alibagh,Cereals,Rice,Other,Local,2500.0,2700.0,2600.0,Rs./Quintal,2025-06-14,0,2600.0,2600.0,2600.0,2600.0,2600.0,2600.0,2600.0,2600.0,2600.0,2600.0,0.0,0.0,0.0,0.0,0.0,0.0,0.0,0.0,0.0,0.0,0.0,200.0,0.07692307692307693,2025,6,14,5,165,24,1,1.2246467991473532e-16,-1.0,0.2985688173637202,-0.9543881083175908,2600.0,2600.0,2600.0,0.0,0.0
Maharashtra,Raigad,APMC Alibagh,Cereals,Rice,Other,Local,2500.0,2700.0,2600.0,Rs./Quintal,2025-06-15,0,2600.0,2600.0,2600.0,2600.0,2600.0,2600.0,2600.0,2600.0,2600.0,2600.0,0.0,0.0,0.0,0.0,0.0,0.0,0.0,0.0,0.0,0.0,0.0,200.0,0.07692307692307693,2025,6,15,6,166,24,1,1.2246467991473532e-16,-1.0,0.2821076626819194,-0.9593827529490743,2600.0,2600.0,2600.0,0.0,0.0
Maharashtra,Raigad,APMC Alibagh,Cereals,Rice,Other,Local,2500.0,2700.0,2600.0,Rs./Quintal,2025-06-16,0,2600.0,2600.0,2600.0,2600.0,2600.0,2600.0,2600.0,2600.0,2600.0,2600.0,0.0,0.0,0.0,0.0,0.0,0.0,0.0,0.0,0.0,0.0,0.0,200.0,0.07692307692307693,2025,6,16,0,167,25,0,1.2246467991473532e-16,-1.0,0.26556302780405594,-0.9640935007889755,2600.0,2600.0,2600.0,0.0,0.0
Maharashtra,Raigad,APMC Alibagh,Cereals,Rice,Other,Local,2500.0,2700.0,2600.0,Rs./Quintal,2025-06-17,0,2600.0,2600.0,2600.0,2600.0,2600.0,2600.0,2600.0,2600.0,2600.0,2600.0,0.0,0.0,0.0,0.0,0.0,0.0,0.0,0.0,0.0,0.0,0.0,200.0,0.07692307692307693,2025,6,17,1,168,25,0,1.2246467991473532e-16,-1.0,0.24893980855376657,-0.9685189578512204,2600.0,2600.0,2600.0,0.0,0.0
Maharashtra,Raigad,APMC Alibagh,Cereals,Rice,Other,Local,2500.0,2700.0,2600.0,Rs./Quintal,2025-06-18,0,2600.0,2600.0,2600.0,2600.0,2600.0,2600.0,2600.0,2600.0,2600.0,2600.0,0.0,0.0,0.0,0.0,0.0,0.0,0.0,0.0,0.0,0.0,0.0,200.0,0.07692307692307693,2025,6,18,2,169,25,0,1.2246467991473532e-16,-1.0,0.23224292400907015,-0.9726578145718654,2600.0,2600.0,2600.0,0.0,0.0
Maharashtra,Raigad,APMC Alibagh,Cereals,Rice,Other,Local,2500.0,2700.0,2600.0,Rs./Quintal,2025-06-19,0,2600.0,2600.0,2600.0,2600.0,2600.0,2600.0,2600.0,2600.0,2600.0,2600.0,0.0,0.0,0.0,0.0,0.0,0.0,0.0,0.0,0.0,0.0,0.0,200.0,0.07692307692307693,2025,6,19,3,170,25,0,1.2246467991473532e-16,-1.0,0.21547731504673012,-0.976508846196619,2600.0,2600.0,2600.0,0.0,0.0
Maharashtra,Raigad,APMC Alibagh,Cereals,Rice,Other,Local,2500.0,2700.0,2600.0,Rs./Quintal,2025-06-20,0,2600.0,2600.0,2600.0,2600.0,2600.0,2600.0,2600.0,2600.0,2600.0,2600.0,0.0,0.0,0.0,0.0,0.0,0.0,0.0,0.0,0.0,0.0,0.0,200.0,0.07692307692307693,2025,6,20,4,171,25,0,1.2246467991473532e-16,-1.0,0.19864794288017112,-0.9800709131432666,2600.0,2600.0,2600.0,0.0,0.0
Maharashtra,Raigad,APMC Alibagh,Cereals,Rice,Other,Local,2500.0,2700.0,2600.0,Rs./Quintal,2025-06-21,0,2600.0,2600.0,2600.0,2600.0,2600.0,2600.0,2600.0,2600.0,2600.0,2600.0,0.0,0.0,0.0,0.0,0.0,0.0,0.0,0.0,0.0,0.0,0.0,200.0,0.07692307692307693,2025,6,21,5,172,25,1,1.2246467991473532e-16,-1.0,0.18175978759137534,-0.9833429613388902,2600.0,2600.0,2600.0,0.0,0.0
Maharashtra,Raigad,APMC Alibagh,Cereals,Rice,Other,Local,2500.0,2700.0,2600.0,Rs./Quintal,2025-06-22,0,2600.0,2600.0,2600.0,2600.0,2600.0,2600.0,2600.0,2600.0,2600.0,2600.0,0.0,0.0,0.0,0.0,0.0,0.0,0.0,0.0,0.0,0.0,0.0,200.0,0.07692307692307693,2025,6,22,6,173,25,1,1.2246467991473532e-16,-1.0,0.16481784665719793,-0.9863240225317866,2600.0,2600.0,2600.0,0.0,0.0
Maharashtra,Raigad,APMC Alibagh,Cereals,Rice,Other,Local,2500.0,2700.0,2600.0,Rs./Quintal,2025-06-23,0,2600.0,2600.0,2600.0,2600.0,2600.0,2600.0,2600.0,2600.0,2600.0,2600.0,0.0,0.0,0.0,0.0,0.0,0.0,0.0,0.0,0.0,0.0,0.0,200.0,0.07692307692307693,2025,6,23,0,174,26,0,1.2246467991473532e-16,-1.0,0.14782713347053048,-0.9890132145779883,2600.0,2600.0,2600.0,0.0,0.0
Maharashtra,Raigad,APMC Alibagh,Cereals,Rice,Other,Local,2500.0,2700.0,2600.0,Rs./Quintal,2025-06-24,0,2600.0,2600.0,2600.0,2600.0,2600.0,2600.0,2600.0,2600.0,2600.0,2600.0,0.0,0.0,0.0,0.0,0.0,0.0,0.0,0.0,0.0,0.0,0.0,200.0,0.07692307692307693,2025,6,24,1,175,26,0,1.2246467991473532e-16,-1.0,0.13079267585675922,-0.9914097417023038,2600.0,2600.0,2600.0,0.0,0.0
Maharashtra,Raigad,APMC Alibagh,Cereals,Rice,Other,Local,2500.0,2700.0,2600.0,Rs./Quintal,2025-06-25,0,2600.0,2600.0,2600.0,2600.0,2600.0,2600.0,2600.0,2600.0,2600.0,2600.0,0.0,0.0,0.0,0.0,0.0,0.0,0.0,0.0,0.0,0.0,0.0,200.0,0.07692307692307693,2025,6,25,2,176,26,0,1.2246467991473532e-16,-1.0,0.11371951458594969,-0.9935128947338007,2600.0,2600.0,2600.0,0.0,0.0
Maharashtra,Raigad,APMC Alibagh,Cereals,Rice,Other,Local,2500.0,2700.0,2600.0,Rs./Quintal,2025-06-26,0,2600.0,2600.0,2600.0,2600.0,2600.0,2600.0,2600.0,2600.0,2600.0,2600.0,0.0,0.0,0.0,0.0,0.0,0.0,0.0,0.0,0.0,0.0,0.0,200.0,0.07692307692307693,2025,6,26,3,177,26,0,1.2246467991473532e-16,-1.0,0.0966127018812031,-0.9953220513156602,2600.0,2600.0,2600.0,0.0,0.0
Maharashtra,Raigad,APMC Alibagh,Cereals,Rice,Other,Local,2500.0,2700.0,2600.0,Rs./Quintal,2025-06-27,0,2600.0,2600.0,2600.0,2600.0,2600.0,2600.0,2600.0,2600.0,2600.0,2600.0,0.0,0.0,0.0,0.0,0.0,0.0,0.0,0.0,0.0,0.0,0.0,200.0,0.07692307692307693,2025,6,27,4,178,26,0,1.2246467991473532e-16,-1.0,0.07947729992362097,-0.9968366760893436,2600.0,2600.0,2600.0,0.0,0.0
Maharashtra,Raigad,APMC Alibagh,Cereals,Rice,Other,Local,2500.0,2700.0,2600.0,Rs./Quintal,2025-06-28,0,2600.0,2600.0,2600.0,2600.0,2600.0,2600.0,2600.0,2600.0,2600.0,2600.0,0.0,0.0,0.0,0.0,0.0,0.0,0.0,0.0,0.0,0.0,0.0,200.0,0.07692307692307693,2025,6,28,5,179,26,1,1.2246467991473532e-16,-1.0,0.062318379354325076,-0.998056320853012,2600.0,2600.0,2600.0,0.0,0.0
Maharashtra,Raigad,APMC Alibagh,Cereals,Rice,Other,Local,2500.0,2700.0,2600.0,Rs./Quintal,2025-06-29,0,2600.0,2600.0,2600.0,2600.0,2600.0,2600.0,2600.0,2600.0,2600.0,2600.0,0.0,0.0,0.0,0.0,0.0,0.0,0.0,0.0,0.0,0.0,0.0,200.0,0.07692307692307693,2025,6,29,6,180,26,1,1.2246467991473532e-16,-1.0,0.04514101777397193,-0.9989806246941579,2600.0,2600.0,2600.0,0.0,0.0
Maharashtra,Raigad,APMC Alibagh,Cereals,Rice,Other,Local,2500.0,2700.0,2600.0,Rs./Quintal,2025-06-30,0,2600.0,2600.0,2600.0,2600.0,2600.0,2600.0,2600.0,2600.0,2600.0,2600.0,0.0,0.0,0.0,0.0,0.0,0.0,0.0,0.0,0.0,0.0,0.0,200.0,0.07692307692307693,2025,6,30,0,181,27,0,1.2246467991473532e-16,-1.0,0.02795029824021032,-0.999609314096404,2600.0,2600.0,2600.0,0.0,0.0
Maharashtra,Raigad,APMC Alibagh,Cereals,Rice,Other,Local,2500.0,2700.0,2600.0,Rs./Quintal,2025-07-01,0,2600.0,2600.0,2600.0,2600.0,2600.0,2600.0,2600.0,2600.0,2600.0,2600.0,0.0,0.0,0.0,0.0,0.0,0.0,0.0,0.0,0.0,0.0,0.0,200.0,0.07692307692307693,2025,7,1,1,182,27,0,-0.4999999999999998,-0.8660254037844388,0.01075130776352193,-0.9999422030204416,2600.0,2600.0,2600.0,0.0,0.0
Maharashtra,Raigad,APMC Alibagh,Cereals,Rice,Other,Local,2500.0,2700.0,2600.0,Rs./Quintal,2025-07-03,0,2600.0,2600.0,2600.0,2600.0,2600.0,2600.0,2600.0,2600.0,2600.0,2600.0,0.0,0.0,0.0,0.0,0.0,0.0,0.0,0.0,0.0,0.0,0.0,200.0,0.07692307692307693,2025,7,3,3,184,27,0,-0.4999999999999998,-0.8660254037844388,-0.023651127245231586,-0.9997202729664083,2600.0,2600.0,2600.0,0.0,0.0
Maharashtra,Raigad,APMC Alibagh,Cereals,Rice,Other,Local,2500.0,2700.0,2600.0,Rs./Quintal,2025-07-04,0,2600.0,2600.0,2600.0,2600.0,2600.0,2600.0,2600.0,2600.0,2600.0,2600.0,0.0,0.0,0.0,0.0,0.0,0.0,0.0,0.0,0.0,0.0,0.0,200.0,0.07692307692307693,2025,7,4,4,185,27,0,-0.4999999999999998,-0.8660254037844388,-0.04084439154329611,-0.9991655196610109,2600.0,2600.0,2600.0,0.0,0.0
Maharashtra,Raigad,APMC Alibagh,Cereals,Rice,Other,Local,2500.0,2700.0,2600.0,Rs./Quintal,2025-07-05,0,2600.0,2600.0,2600.0,2600.0,2600.0,2600.0,2600.0,2600.0,2600.0,2600.0,0.0,0.0,0.0,0.0,0.0,0.0,0.0,0.0,0.0,0.0,0.0,200.0,0.07692307692307693,2025,7,5,5,186,27,1,-0.4999999999999998,-0.8660254037844388,-0.05802556932878035,-0.9983150972033183,2600.0,2600.0,2600.0,0.0,0.0
Maharashtra,Raigad,APMC Alibagh,Cereals,Rice,Other,Local,2500.0,2700.0,2600.0,Rs./Quintal,2025-07-06,0,2600.0,2600.0,2600.0,2600.0,2600.0,2600.0,2600.0,2600.0,2600.0,2600.0,0.0,0.0,0.0,0.0,0.0,0.0,0.0,0.0,0.0,0.0,0.0,200.0,0.07692307692307693,2025,7,6,6,187,27,1,-0.4999999999999998,-0.8660254037844388,-0.07518957641475855,-0.9971692572470178,2600.0,2600.0,2600.0,0.0,0.0
Maharashtra,Raigad,APMC Alibagh,Cereals,Rice,Other,Local,2500.0,2700.0,2600.0,Rs./Quintal,2025-07-07,0,2600.0,2600.0,2600.0,2600.0,2600.0,2600.0,2600.0,2600.0,2600.0,2600.0,0.0,0.0,0.0,0.0,0.0,0.0,0.0,0.0,0.0,0.0,0.0,200.0,0.07692307692307693,2025,7,7,0,188,28,0,-0.4999999999999998,-0.8660254037844388,-0.09233133369539123,-0.9957283388645872,2600.0,2600.0,2600.0,0.0,0.0
Maharashtra,Raigad,APMC Alibagh,Cereals,Rice,Other,Local,2500.0,2700.0,2600.0,Rs./Quintal,2025-07-08,0,2600.0,2600.0,2600.0,2600.0,2600.0,2600.0,2600.0,2600.0,2600.0,2600.0,0.0,0.0,0.0,0.0,0.0,0.0,0.0,0.0,0.0,0.0,0.0,200.0,0.07692307692307693,2025,7,8,1,189,28,0,-0.4999999999999998,-0.8660254037844388,-0.10944576864891556,-0.993992768446958,2600.0,2600.0,2600.0,0.0,0.0
Maharashtra,Raigad,APMC Alibagh,Cereals,Rice,Other,Local,2500.0,2700.0,2600.0,Rs./Quintal,2025-07-09,0,2600.0,2600.0,2600.0,2600.0,2600.0,2600.0,2600.0,2600.0,2600.0,2600.0,0.0,0.0,0.0,0.0,0.0,0.0,0.0,0.0,0.0,0.0,0.0,200.0,0.07692307692307693,2025,7,9,2,190,28,0,-0.4999999999999998,-0.8660254037844388,-0.12652781683868314,-0.9919630595773397,2600.0,2600.0,2600.0,0.0,0.0
Maharashtra,Raigad,APMC Alibagh,Cereals,Rice,Other,Local,2500.0,2700.0,2600.0,Rs./Quintal,2025-07-10,0,2600.0,2600.0,2600.0,2600.0,2600.0,2600.0,2600.0,2600.0,2600.0,2600.0,0.0,0.0,0.0,0.0,0.0,0.0,0.0,0.0,0.0,0.0,0.0,200.0,0.07692307692307693,2025,7,10,3,191,28,0,-0.4999999999999998,-0.8660254037844388,-0.1435724234118113,-0.9896398128792412,2600.0,2600.0,2600.0,0.0,0.0
Maharashtra,Raigad,APMC Alibagh,Cereals,Rice,Other,Local,2500.0,2700.0,2600.0,Rs./Quintal,2025-07-11,0,2600.0,2600.0,2600.0,2600.0,2600.0,2600.0,2600.0,2600.0,2600.0,2600.0,0.0,0.0,0.0,0.0,0.0,0.0,0.0,0.0,0.0,0.0,0.0,200.0,0.07692307692307693,2025,7,11,4,192,28,0,-0.4999999999999998,-0.8660254037844388,-0.16057454459499376,-0.9870237158387383,2600.0,2600.0,2600.0,0.0,0.0
Maharashtra,Raigad,APMC Alibagh,Cereals,Rice,Other,Local,2500.0,2700.0,2600.0,Rs./Quintal,2025-07-12,0,2600.0,2600.0,2600.0,2600.0,2600.0,2600.0,2600.0,2600.0,2600.0,2600.0,0.0,0.0,0.0,0.0,0.0,0.0,0.0,0.0,0.0,0.0,0.0,200.0,0.07692307692307693,2025,7,12,5,193,28,1,-0.4999999999999998,-0.8660254037844388,-0.17752914918703497,-0.984115542601034,2600.0,2600.0,2600.0,0.0,0.0
Maharashtra,Raigad,APMC Alibagh,Cereals,Rice,Other,Local,2500.0,2700.0,2600.0,Rs./Quintal,2025-07-13,0,2600.0,2600.0,2600.0,2600.0,2600.0,2600.0,2600.0,2600.0,2600.0,2600.0,0.0,0.0,0.0,0.0,0.0,0.0,0.0,0.0,0.0,0.0,0.0,200.0,0.07692307692307693,2025,7,13,6,194,28,1,-0.4999999999999998,-0.8660254037844388,-0.19443122004766195,-0.9809161537413774,2600.0,2600.0,2600.0,0.0,0.0
Maharashtra,Raigad,APMC Alibagh,Cereals,Rice,Other,Local,2500.0,2700.0,2600.0,Rs./Quintal,2025-07-14,0,2600.0,2600.0,2600.0,2600.0,2600.0,2600.0,2600.0,2600.0,2600.0,2600.0,0.0,0.0,0.0,0.0,0.0,0.0,0.0,0.0,0.0,0.0,0.0,200.0,0.07692307692307693,2025,7,14,0,195,29,0,-0.4999999999999998,-0.8660254037844388,-0.2112757555821793,-0.9774264960104055,2600.0,2600.0,2600.0,0.0,0.0
Maharashtra,Raigad,APMC Alibagh,Cereals,Rice,Other,Local,2500.0,2700.0,2600.0,Rs./Quintal,2025-07-15,0,2600.0,2600.0,2600.0,2600.0,2600.0,2600.0,2600.0,2600.0,2600.0,2600.0,0.0,0.0,0.0,0.0,0.0,0.0,0.0,0.0,0.0,0.0,0.0,200.0,0.07692307692307693,2025,7,15,1,196,29,0,-0.4999999999999998,-0.8660254037844388,-0.2280577712215198,-0.9736476020539838,2600.0,2600.0,2600.0,0.0,0.0
Maharashtra,Raigad,APMC Alibagh,Cereals,Rice,Other,Local,2500.0,2700.0,2600.0,Rs./Quintal,2025-07-16,0,2600.0,2600.0,2600.0,2600.0,2600.0,2600.0,2600.0,2600.0,2600.0,2600.0,0.0,0.0,0.0,0.0,0.0,0.0,0.0,0.0,0.0,0.0,0.0,200.0,0.07692307692307693,2025,7,16,2,197,29,0,-0.4999999999999998,-0.8660254037844388,-0.24477230089725957,-0.9695805901076308,2600.0,2600.0,2600.0,0.0,0.0
Maharashtra,Raigad,APMC Alibagh,Cereals,Rice,Other,Local,2500.0,2700.0,2600.0,Rs./Quintal,2025-07-17,0,2600.0,2600.0,2600.0,2600.0,2600.0,2600.0,2600.0,2600.0,2600.0,2600.0,0.0,0.0,0.0,0.0,0.0,0.0,0.0,0.0,0.0,0.0,0.0,200.0,0.07692307692307693,2025,7,17,3,198,29,0,-0.4999999999999998,-0.8660254037844388,-0.2614143985111562,-0.965226663665613,2600.0,2600.0,2600.0,0.0,0.0
Maharashtra,Raigad,APMC Alibagh,Cereals,Rice,Other,Local,2500.0,2700.0,2600.0,Rs./Quintal,2025-07-18,0,2600.0,2600.0,2600.0,2600.0,2600.0,2600.0,2600.0,2600.0,2600.0,2600.0,0.0,0.0,0.0,0.0,0.0,0.0,0.0,0.0,0.0,0.0,0.0,200.0,0.07692307692307693,2025,7,18,4,199,29,0,-0.4999999999999998,-0.8660254037844388,-0.2779791393987801,-0.9605871111248129,2600.0,2600.0,2600.0,0.0,0.0
Maharashtra,Raigad,APMC Alibagh,Cereals,Rice,Other,Local,2500.0,2700.0,2600.0,Rs./Quintal,2025-07-19,0,2600.0,2600.0,2600.0,2600.0,2600.0,2600.0,2600.0,2600.0,2600.0,2600.0,0.0,0.0,0.0,0.0,0.0,0.0,0.0,0.0,0.0,0.0,0.0,200.0,0.07692307692307693,2025,7,19,5,200,29,1,-0.4999999999999998,-0.8660254037844388,-0.2944616217868012,-0.9556633054034704,2600.0,2600.0,2600.0,0.0,0.0
Maharashtra,Raigad,APMC Alibagh,Cereals,Rice,Other,Local,2500.0,2700.0,2600.0,Rs./Quintal,2025-07-20,0,2600.0,2600.0,2600.0,2600.0,2600.0,2600.0,2600.0,2600.0,2600.0,2600.0,0.0,0.0,0.0,0.0,0.0,0.0,0.0,0.0,0.0,0.0,0.0,200.0,0.07692307692307693,2025,7,20,6,201,29,1,-0.4999999999999998,-0.8660254037844388,-0.3108569682435036,-0.9504567035349151,2600.0,2600.0,2600.0,0.0,0.0
Maharashtra,Raigad,APMC Alibagh,Cereals,Rice,Other,Local,2500.0,2700.0,2600.0,Rs./Quintal,2025-07-21,0,2600.0,2600.0,2600.0,2600.0,2600.0,2600.0,2600.0,2600.0,2600.0,2600.0,0.0,0.0,0.0,0.0,0.0,0.0,0.0,0.0,0.0,0.0,0.0,200.0,0.07692307692307693,2025,7,21,0,202,30,0,-0.4999999999999998,-0.8660254037844388,-0.3271603271220951,-0.9449688462364056,2600.0,2600.0,2600.0,0.0,0.0
Maharashtra,Raigad,APMC Alibagh,Cereals,Rice,Other,Local,2500.0,2700.0,2600.0,Rs./Quintal,2025-07-22,0,2600.0,2600.0,2600.0,2600.0,2600.0,2600.0,2600.0,2600.0,2600.0,2600.0,0.0,0.0,0.0,0.0,0.0,0.0,0.0,0.0,0.0,0.0,0.0,200.0,0.07692307692307693,2025,7,22,1,203,30,0,-0.4999999999999998,-0.8660254037844388,-0.34336687399638804,-0.939201357453208,2600.0,2600.0,2600.0,0.0,0.0
Maharashtra,Raigad,APMC Alibagh,Cereals,Rice,Other,Local,2500.0,2700.0,2600.0,Rs./Quintal,2025-07-23,0,2600.0,2600.0,2600.0,2600.0,2600.0,2600.0,2600.0,2600.0,2600.0,2600.0,0.0,0.0,0.0,0.0,0.0,0.0,0.0,0.0,0.0,0.0,0.0,200.0,0.07692307692307693,2025,7,23,2,204,30,0,-0.4999999999999998,-0.8660254037844388,-0.3594718130884232,-0.9331559438780432,2600.0,2600.0,2600.0,0.0,0.0
Maharashtra,Raigad,APMC Alibagh,Cereals,Rice,Other,Local,2500.0,2700.0,2600.0,Rs./Quintal,2025-07-24,0,2600.0,2600.0,2600.0,2600.0,2600.0,2600.0,2600.0,2600.0,2600.0,2600.0,0.0,0.0,0.0,0.0,0.0,0.0,0.0,0.0,0.0,0.0,0.0,200.0,0.07692307692307693,2025,7,24,3,205,30,0,-0.4999999999999998,-0.8660254037844388,-0.3754703786876202,-0.9268343944460494,2600.0,2600.0,2600.0,0.0,0.0
Maharashtra,Raigad,APMC Alibagh,Cereals,Rice,Other,Local,2500.0,2700.0,2600.0,Rs./Quintal,2025-07-25,0,2600.0,2600.0,2600.0,2600.0,2600.0,2600.0,2600.0,2600.0,2600.0,2600.0,0.0,0.0,0.0,0.0,0.0,0.0,0.0,0.0,0.0,0.0,0.0,200.0,0.07692307692307693,2025,7,25,4,206,30,0,-0.4999999999999998,-0.8660254037844388,-0.3913578365610259,-0.9202385798054075,2600.0,2600.0,2600.0,0.0,0.0
Maharashtra,Raigad,APMC Alibagh,Cereals,Rice,Other,Local,2500.0,2700.0,2600.0,Rs./Quintal,2025-07-27,0,2600.0,2600.0,2600.0,2600.0,2600.0,2600.0,2600.0,2600.0,2600.0,2600.0,0.0,0.0,0.0,0.0,0.0,0.0,0.0,0.0,0.0,0.0,0.0,200.0,0.07692307692307693,2025,7,27,6,208,30,1,-0.4999999999999998,-0.8660254037844388,-0.4227806579826773,-0.9062320427107697,2600.0,2600.0,2600.0,0.0,0.0
Maharashtra,Raigad,APMC Alibagh,Cereals,Rice,Other,Local,2500.0,2700.0,2600.0,Rs./Quintal,2025-07-28,0,2600.0,2600.0,2600.0,2600.0,2600.0,2600.0,2600.0,2600.0,2600.0,2600.0,0.0,0.0,0.0,0.0,0.0,0.0,0.0,0.0,0.0,0.0,0.0,200.0,0.07692307692307693,2025,7,28,0,209,31,0,-0.4999999999999998,-0.8660254037844388,-0.4383067230125192,-0.898825465016444,2600.0,2600.0,2600.0,0.0,0.0
Maharashtra,Raigad,APMC Alibagh,Cereals,Rice,Other,Local,2500.0,2700.0,2600.0,Rs./Quintal,2025-07-29,0,2600.0,2600.0,2600.0,2600.0,2600.0,2600.0,2600.0,2600.0,2600.0,2600.0,0.0,0.0,0.0,0.0,0.0,0.0,0.0,0.0,0.0,0.0,0.0,200.0,0.07692307692307693,2025,7,29,1,210,31,0,-0.4999999999999998,-0.8660254037844388,-0.45370308603134424,-0.8911529104063088,2600.0,2600.0,2600.0,0.0,0.0
Maharashtra,Raigad,APMC Alibagh,Cereals,Rice,Other,Local,2500.0,2700.0,2600.0,Rs./Quintal,2025-07-30,0,2600.0,2600.0,2600.0,2600.0,2600.0,2600.0,2600.0,2600.0,2600.0,2600.0,0.0,0.0,0.0,0.0,0.0,0.0,0.0,0.0,0.0,0.0,0.0,200.0,0.07692307692307693,2025,7,30,2,211,31,0,-0.4999999999999998,-0.8660254037844388,-0.46896519100763184,-0.8832166493127127,2600.0,2600.0,2600.0,0.0,0.0
Maharashtra,Raigad,APMC Alibagh,Cereals,Rice,Other,Local,2500.0,2700.0,2600.0,Rs./Quintal,2025-07-31,0,2600.0,2600.0,2600.0,2600.0,2600.0,2600.0,2600.0,2600.0,2600.0,2600.0,0.0,0.0,0.0,0.0,0.0,0.0,0.0,0.0,0.0,0.0,0.0,200.0,0.07692307692307693,2025,7,31,3,212,31,0,-0.4999999999999998,-0.8660254037844388,-0.48408852163897587,-0.8750190302029955,2600.0,2600.0,2600.0,0.0,0.0
Maharashtra,Raigad,APMC Alibagh,Cereals,Rice,Other,Local,2500.0,2700.0,2600.0,Rs./Quintal,2025-08-01,0,2600.0,2600.0,2600.0,2600.0,2600.0,2600.0,2600.0,2600.0,2600.0,2600.0,0.0,0.0,0.0,0.0,0.0,0.0,0.0,0.0,0.0,0.0,0.0,200.0,0.07692307692307693,2025,8,1,4,213,31,0,-0.8660254037844384,-0.5000000000000004,-0.4990686026885319,-0.8665624788845385,2600.0,2600.0,2600.0,0.0,0.0
Maharashtra,Raigad,APMC Alibagh,Cereals,Rice,Other,Local,2500.0,2700.0,2600.0,Rs./Quintal,2025-08-02,0,2600.0,2600.0,2600.0,2600.0,2600.0,2600.0,2600.0,2600.0,2600.0,2600.0,0.0,0.0,0.0,0.0,0.0,0.0,0.0,0.0,0.0,0.0,0.0,200.0,0.07692307692307693,2025,8,2,5,214,31,1,-0.8660254037844384,-0.5000000000000004,-0.5139010013093103,-0.8578494977869301,2600.0,2600.0,2600.0,0.0,0.0
Maharashtra,Raigad,APMC Alibagh,Cereals,Rice,Other,Local,2500.0,2700.0,2600.0,Rs./Quintal,2025-08-03,0,2600.0,2600.0,2600.0,2600.0,2600.0,2600.0,2600.0,2600.0,2600.0,2600.0,0.0,0.0,0.0,0.0,0.0,0.0,0.0,0.0,0.0,0.0,0.0,200.0,0.07692307692307693,2025,8,3,6,215,31,1,-0.8660254037844384,-0.5000000000000004,-0.5285813283559292,-0.8488826652214553,2600.0,2600.0,2600.0,0.0,0.0
Maharashtra,Raigad,APMC Alibagh,Cereals,Rice,Other,Local,2500.0,2700.0,2600.0,Rs./Quintal,2025-08-04,0,2600.0,2600.0,2600.0,2600.0,2600.0,2600.0,2600.0,2600.0,2600.0,2600.0,0.0,0.0,0.0,0.0,0.0,0.0,0.0,0.0,0.0,0.0,0.0,200.0,0.07692307692307693,2025,8,4,0,216,32,0,-0.8660254037844384,-0.5000000000000004,-0.5431052396834317,-0.8396646346181327,2600.0,2600.0,2600.0,0.0,0.0
Maharashtra,Raigad,APMC Alibagh,Cereals,Rice,Other,Local,2500.0,2700.0,2600.0,Rs./Quintal,2025-08-05,0,2600.0,2600.0,2600.0,2600.0,2600.0,2600.0,2600.0,2600.0,2600.0,2600.0,0.0,0.0,0.0,0.0,0.0,0.0,0.0,0.0,0.0,0.0,0.0,200.0,0.07692307692307693,2025,8,5,1,217,32,0,-0.8660254037844384,-0.5000000000000004,-0.5574684374327892,-0.8301981337405212,2600.0,2600.0,2600.0,0.0,0.0
Maharashtra,Raigad,APMC Alibagh,Cereals,Rice,Other,Local,2500.0,2700.0,2600.0,Rs./Quintal,2025-08-06,0,2600.0,2600.0,2600.0,2600.0,2600.0,2600.0,2600.0,2600.0,2600.0,2600.0,0.0,0.0,0.0,0.0,0.0,0.0,0.0,0.0,0.0,0.0,0.0,200.0,0.07692307692307693,2025,8,6,2,218,32,0,-0.8660254037844384,-0.5000000000000004,-0.5716666713027052,-0.8204859638785327,2600.0,2600.0,2600.0,0.0,0.0
Maharashtra,Raigad,APMC Alibagh,Cereals,Rice,Other,Local,2500.0,2700.0,2600.0,Rs./Quintal,2025-08-07,0,2600.0,2600.0,2600.0,2600.0,2600.0,2600.0,2600.0,2600.0,2600.0,2600.0,0.0,0.0,0.0,0.0,0.0,0.0,0.0,0.0,0.0,0.0,0.0,200.0,0.07692307692307693,2025,8,7,3,219,32,0,-0.8660254037844384,-0.5000000000000004,-0.5856957398073508,-0.8105309990194823,2600.0,2600.0,2600.0,0.0,0.0
Maharashtra,Raigad,APMC Alibagh,Cereals,Rice,Other,Local,2500.0,2700.0,2600.0,Rs./Quintal,2025-08-08,0,2600.0,2600.0,2600.0,2600.0,2600.0,2600.0,2600.0,2600.0,2600.0,2600.0,0.0,0.0,0.0,0.0,0.0,0.0,0.0,0.0,0.0,0.0,0.0,200.0,0.07692307692307693,2025,8,8,4,220,32,0,-0.8660254037844384,-0.5000000000000004,-0.5995514915196489,-0.8003361849976323,2600.0,2600.0,2600.0,0.0,0.0
Maharashtra,Raigad,APMC Alibagh,Cereals,Rice,Other,Local,2500.0,2700.0,2600.0,Rs./Quintal,2025-08-10,0,2600.0,2600.0,2600.0,2600.0,2600.0,2600.0,2600.0,2600.0,2600.0,2600.0,0.0,0.0,0.0,0.0,0.0,0.0,0.0,0.0,0.0,0.0,0.0,200.0,0.07692307692307693,2025,8,10,6,222,32,1,-0.8660254037844384,-0.5000000000000004,-0.6267266965083301,-0.7792391467859886,2600.0,2600.0,2600.0,0.0,0.0
Maharashtra,Raigad,APMC Alibagh,Cereals,Rice,Other,Local,2500.0,2700.0,2600.0,Rs./Quintal,2025-08-11,0,2600.0,2600.0,2600.0,2600.0,2600.0,2600.0,2600.0,2600.0,2600.0,2600.0,0.0,0.0,0.0,0.0,0.0,0.0,0.0,0.0,0.0,0.0,0.0,200.0,0.07692307692307693,2025,8,11,0,223,33,0,-0.8660254037844384,-0.5000000000000004,-0.6400381082043503,-0.7683431655492202,2600.0,2600.0,2600.0,0.0,0.0
Maharashtra,Raigad,APMC Alibagh,Cereals,Rice,Other,Local,2500.0,2700.0,2600.0,Rs./Quintal,2025-08-12,0,2600.0,2600.0,2600.0,2600.0,2600.0,2600.0,2600.0,2600.0,2600.0,2600.0,0.0,0.0,0.0,0.0,0.0,0.0,0.0,0.0,0.0,0.0,0.0,200.0,0.07692307692307693,2025,8,12,1,224,33,0,-0.8660254037844384,-0.5000000000000004,-0.65316012232693,-0.7572198192083127,2600.0,2600.0,2600.0,0.0,0.0
Maharashtra,Raigad,APMC Alibagh,Cereals,Rice,Other,Local,2500.0,2700.0,2600.0,Rs./Quintal,2025-08-13,0,2600.0,2600.0,2600.0,2600.0,2600.0,2600.0,2600.0,2600.0,2600.0,2600.0,0.0,0.0,0.0,0.0,0.0,0.0,0.0,0.0,0.0,0.0,0.0,200.0,0.07692307692307693,2025,8,13,2,225,33,0,-0.8660254037844384,-0.5000000000000004,-0.666088855860977,-0.7458723993404063,2600.0,2600.0,2600.0,0.0,0.0
Maharashtra,Raigad,APMC Alibagh,Cereals,Rice,Other,Local,2500.0,2700.0,2600.0,Rs./Quintal,2025-08-14,0,2600.0,2600.0,2600.0,2600.0,2600.0,2600.0,2600.0,2600.0,2600.0,2600.0,0.0,0.0,0.0,0.0,0.0,0.0,0.0,0.0,0.0,0.0,0.0,200.0,0.07692307692307693,2025,8,14,3,226,33,0,-0.8660254037844384,-0.5000000000000004,-0.6788204829862357,-0.734304263829602,2600.0,2600.0,2600.0,0.0,0.0
Maharashtra,Raigad,APMC Alibagh,Cereals,Rice,Other,Local,2500.0,2700.0,2600.0,Rs./Quintal,2025-08-15,0,2600.0,2600.0,2600.0,2600.0,2600.0,2600.0,2600.0,2600.0,2600.0,2600.0,0.0,0.0,0.0,0.0,0.0,0.0,0.0,0.0,0.0,0.0,0.0,200.0,0.07692307692307693,2025,8,15,4,227,33,0,-0.8660254037844384,-0.5000000000000004,-0.6913512362094071,-0.722518835873311,2600.0,2600.0,2600.0,0.0,0.0
Maharashtra,Raigad,APMC Alibagh,Cereals,Rice,Other,Local,2500.0,2700.0,2600.0,Rs./Quintal,2025-08-16,0,2600.0,2600.0,2600.0,2600.0,2600.0,2600.0,2600.0,2600.0,2600.0,2600.0,0.0,0.0,0.0,0.0,0.0,0.0,0.0,0.0,0.0,0.0,0.0,200.0,0.07692307692307693,2025,8,16,5,228,33,1,-0.8660254037844384,-0.5000000000000004,-0.7036774074790128,-0.7105196029692745,2600.0,2600.0,2600.0,0.0,0.0
Maharashtra,Raigad,APMC Alibagh,Cereals,Rice,Other,Local,2500.0,2700.0,2600.0,Rs./Quintal,2025-08-17,0,2600.0,2600.0,2600.0,2600.0,2600.0,2600.0,2600.0,2600.0,2600.0,2600.0,0.0,0.0,0.0,0.0,0.0,0.0,0.0,0.0,0.0,0.0,0.0,200.0,0.07692307692307693,2025,8,17,6,229,33,1,-0.8660254037844384,-0.5000000000000004,-0.7157953492826642,-0.6983101158835584,2600.0,2600.0,2600.0,0.0,0.0
Maharashtra,Raigad,APMC Alibagh,Cereals,Rice,Other,Local,2500.0,2700.0,2600.0,Rs./Quintal,2025-08-18,0,2600.0,2600.0,2600.0,2600.0,2600.0,2600.0,2600.0,2600.0,2600.0,2600.0,0.0,0.0,0.0,0.0,0.0,0.0,0.0,0.0,0.0,0.0,0.0,200.0,0.07692307692307693,2025,8,18,0,230,34,0,-0.8660254037844384,-0.5000000000000004,-0.7277014757264236,-0.6858939875998223,2600.0,2600.0,2600.0,0.0,0.0
Maharashtra,Raigad,APMC Alibagh,Cereals,Rice,Other,Local,2500.0,2700.0,2600.0,Rs./Quintal,2025-08-19,0,2600.0,2600.0,2600.0,2600.0,2600.0,2600.0,2600.0,2600.0,2600.0,2600.0,0.0,0.0,0.0,0.0,0.0,0.0,0.0,0.0,0.0,0.0,0.0,200.0,0.07692307692307693,2025,8,19,1,231,34,0,-0.8660254037844384,-0.5000000000000004,-0.7393922635959241,-0.673274892250183,2600.0,2600.0,2600.0,0.0,0.0
Maharashtra,Raigad,APMC Alibagh,Cereals,Rice,Other,Local,2500.0,2700.0,2600.0,Rs./Quintal,2025-08-20,0,2600.0,2600.0,2600.0,2600.0,2600.0,2600.0,2600.0,2600.0,2600.0,2600.0,0.0,0.0,0.0,0.0,0.0,0.0,0.0,0.0,0.0,0.0,0.0,200.0,0.07692307692307693,2025,8,20,2,232,34,0,-0.8660254037844384,-0.5000000000000004,-0.7508642533989489,-0.6604565640279754,2600.0,2600.0,2600.0,0.0,0.0
Maharashtra,Raigad,APMC Alibagh,Cereals,Rice,Other,Local,2500.0,2700.0,2600.0,Rs./Quintal,2025-08-21,0,2600.0,2600.0,2600.0,2600.0,2600.0,2600.0,2600.0,2600.0,2600.0,2600.0,0.0,0.0,0.0,0.0,0.0,0.0,0.0,0.0,0.0,0.0,0.0,200.0,0.07692307692307693,2025,8,21,3,233,34,0,-0.8660254037844384,-0.5000000000000004,-0.7621140503891487,-0.6474427960827475,2600.0,2600.0,2600.0,0.0,0.0
Maharashtra,Raigad,APMC Alibagh,Cereals,Rice,Other,Local,2500.0,2700.0,2600.0,Rs./Quintal,2025-08-22,0,2600.0,2600.0,2600.0,2600.0,2600.0,2600.0,2600.0,2600.0,2600.0,2600.0,0.0,0.0,0.0,0.0,0.0,0.0,0.0,0.0,0.0,0.0,0.0,200.0,0.07692307692307693,2025,8,22,4,234,34,0,-0.8660254037844384,-0.5000000000000004,-0.7731383255706027,-0.6342374393978054,2600.0,2600.0,2600.0,0.0,0.0
Maharashtra,Raigad,APMC Alibagh,Cereals,Rice,Other,Local,2500.0,2700.0,2600.0,Rs./Quintal,2025-08-23,0,2600.0,2600.0,2600.0,2600.0,2600.0,2600.0,2600.0,2600.0,2600.0,2600.0,0.0,0.0,0.0,0.0,0.0,0.0,0.0,0.0,0.0,0.0,0.0,200.0,0.07692307692307693,2025,8,23,5,235,34,1,-0.8660254037844384,-0.5000000000000004,-0.7839338166829201,-0.620844401650647,2600.0,2600.0,2600.0,0.0,0.0
Maharashtra,Raigad,APMC Alibagh,Cereals,Rice,Other,Local,2500.0,2700.0,2600.0,Rs./Quintal,2025-08-24,0,2600.0,2600.0,2600.0,2600.0,2600.0,2600.0,2600.0,2600.0,2600.0,2600.0,0.0,0.0,0.0,0.0,0.0,0.0,0.0,0.0,0.0,0.0,0.0,200.0,0.07692307692307693,2025,8,24,6,236,34,1,-0.8660254037844384,-0.5000000000000004,-0.7944973291665992,-0.6072676460566135,2600.0,2600.0,2600.0,0.0,0.0
Maharashtra,Raigad,APMC Alibagh,Cereals,Rice,Other,Local,2500.0,2700.0,2600.0,Rs./Quintal,2025-08-25,0,2600.0,2600.0,2600.0,2600.0,2600.0,2600.0,2600.0,2600.0,2600.0,2600.0,0.0,0.0,0.0,0.0,0.0,0.0,0.0,0.0,0.0,0.0,0.0,200.0,0.07692307692307693,2025,8,25,0,237,35,0,-0.8660254037844384,-0.5000000000000004,-0.8048257371083452,-0.593511190196115,2600.0,2600.0,2600.0,0.0,0.0
Maharashtra,Raigad,APMC Alibagh,Cereals,Rice,Other,Local,2500.0,2700.0,2600.0,Rs./Quintal,2025-08-26,0,2600.0,2600.0,2600.0,2600.0,2600.0,2600.0,2600.0,2600.0,2600.0,2600.0,0.0,0.0,0.0,0.0,0.0,0.0,0.0,0.0,0.0,0.0,0.0,200.0,0.07692307692307693,2025,8,26,1,238,35,0,-0.8660254037844384,-0.5000000000000004,-0.8149159841660791,-0.5795791048257612,2600.0,2600.0,2600.0,0.0,0.0
Maharashtra,Raigad,APMC Alibagh,Cereals,Rice,Other,Local,2500.0,2700.0,2600.0,Rs./Quintal,2025-08-27,0,2600.0,2600.0,2600.0,2600.0,2600.0,2600.0,2600.0,2600.0,2600.0,2600.0,0.0,0.0,0.0,0.0,0.0,0.0,0.0,0.0,0.0,0.0,0.0,200.0,0.07692307692307693,2025,8,27,2,239,35,0,-0.8660254037844384,-0.5000000000000004,-0.8247650844733614,-0.5654755126737576,2600.0,2600.0,2600.0,0.0,0.0
Maharashtra,Raigad,APMC Alibagh,Cereals,Rice,Other,Local,2500.0,2700.0,2600.0,Rs./Quintal,2025-08-28,0,2600.0,2600.0,2600.0,2600.0,2600.0,2600.0,2600.0,2600.0,2600.0,2600.0,0.0,0.0,0.0,0.0,0.0,0.0,0.0,0.0,0.0,0.0,0.0,200.0,0.07692307692307693,2025,8,28,3,240,35,0,-0.8660254037844384,-0.5000000000000004,-0.8343701235229537,-0.5512045872199277,2600.0,2600.0,2600.0,0.0,0.0
Maharashtra,Raigad,APMC Alibagh,Cereals,Rice,Other,Local,2500.0,2700.0,2600.0,Rs./Quintal,2025-08-29,0,2600.0,2600.0,2600.0,2600.0,2600.0,2600.0,2600.0,2600.0,2600.0,2600.0,0.0,0.0,0.0,0.0,0.0,0.0,0.0,0.0,0.0,0.0,0.0,200.0,0.07692307692307693,2025,8,29,4,241,35,0,-0.8660254037844384,-0.5000000000000004,-0.8437282590292712,-0.5367705514607103,2600.0,2600.0,2600.0,0.0,0.0
Maharashtra,Raigad,APMC Alibagh,Cereals,Rice,Other,Local,2500.0,2700.0,2600.0,Rs./Quintal,2025-08-30,0,2600.0,2600.0,2600.0,2600.0,2600.0,2600.0,2600.0,2600.0,2600.0,2600.0,0.0,0.0,0.0,0.0,0.0,0.0,0.0,0.0,0.0,0.0,0.0,200.0,0.07692307692307693,2025,8,30,5,242,35,1,-0.8660254037844384,-0.5000000000000004,-0.8528367217694595,-0.522177676659508,2600.0,2600.0,2600.0,0.0,0.0
Maharashtra,Raigad,APMC Alibagh,Cereals,Rice,Other,Local,2500.0,2700.0,2600.0,Rs./Quintal,2025-08-31,0,2600.0,2600.0,2600.0,2600.0,2600.0,2600.0,2600.0,2600.0,2600.0,2600.0,0.0,0.0,0.0,0.0,0.0,0.0,0.0,0.0,0.0,0.0,0.0,200.0,0.07692307692307693,2025,8,31,6,243,35,1,-0.8660254037844384,-0.5000000000000004,-0.8616928164028521,-0.5074302810827518,2600.0,2600.0,2600.0,0.0,0.0
Maharashtra,Raigad,APMC Alibagh,Cereals,Rice,Other,Local,2500.0,2700.0,2600.0,Rs./Quintal,2025-09-01,0,2600.0,2600.0,2600.0,2600.0,2600.0,2600.0,2600.0,2600.0,2600.0,2600.0,0.0,0.0,0.0,0.0,0.0,0.0,0.0,0.0,0.0,0.0,0.0,200.0,0.07692307692307693,2025,9,1,0,244,36,0,-1.0,-1.8369701987210297e-16,-0.8702939222685674,-0.49253272872205434,2600.0,2600.0,2600.0,0.0,0.0
Maharashtra,Raigad,APMC Alibagh,Cereals,Rice,Other,Local,2500.0,2700.0,2600.0,Rs./Quintal,2025-09-02,0,2600.0,2600.0,2600.0,2600.0,2600.0,2600.0,2600.0,2600.0,2600.0,2600.0,0.0,0.0,0.0,0.0,0.0,0.0,0.0,0.0,0.0,0.0,0.0,200.0,0.07692307692307693,2025,9,2,1,245,36,0,-1.0,-1.8369701987210297e-16,-0.8786374941610001,-0.4774894280028391,2600.0,2600.0,2600.0,0.0,0.0
Maharashtra,Raigad,APMC Alibagh,Cereals,Rice,Other,Local,2500.0,2700.0,2600.0,Rs./Quintal,2025-09-03,0,2600.0,2600.0,2600.0,2600.0,2600.0,2600.0,2600.0,2600.0,2600.0,2600.0,0.0,0.0,0.0,0.0,0.0,0.0,0.0,0.0,0.0,0.0,0.0,200.0,0.07692307692307693,2025,9,3,2,246,36,0,-1.0,-1.8369701987210297e-16,-0.886721063082993,-0.46230483047981086,2600.0,2600.0,2600.0,0.0,0.0
Maharashtra,Raigad,APMC Alibagh,Cereals,Rice,Other,Local,2500.0,2700.0,2600.0,Rs./Quintal,2025-09-04,0,2600.0,2600.0,2600.0,2600.0,2600.0,2600.0,2600.0,2600.0,2600.0,2600.0,0.0,0.0,0.0,0.0,0.0,0.0,0.0,0.0,0.0,0.0,0.0,200.0,0.07692307692307693,2025,9,4,3,247,36,0,-1.0,-1.8369701987210297e-16,-0.8945422369764496,-0.4469834295196742,2600.0,2600.0,2600.0,0.0,0.0
Maharashtra,Raigad,APMC Alibagh,Cereals,Rice,Other,Local,2500.0,2700.0,2600.0,Rs./Quintal,2025-09-05,0,2600.0,2600.0,2600.0,2600.0,2600.0,2600.0,2600.0,2600.0,2600.0,2600.0,0.0,0.0,0.0,0.0,0.0,0.0,0.0,0.0,0.0,0.0,0.0,200.0,0.07692307692307693,2025,9,5,4,248,36,0,-1.0,-1.8369701987210297e-16,-0.9020987014301837,-0.4315297589714715,2600.0,2600.0,2600.0,0.0,0.0
Maharashtra,Raigad,APMC Alibagh,Cereals,Rice,Other,Local,2500.0,2700.0,2600.0,Rs./Quintal,2025-09-06,0,2600.0,2600.0,2600.0,2600.0,2600.0,2600.0,2600.0,2600.0,2600.0,2600.0,0.0,0.0,0.0,0.0,0.0,0.0,0.0,0.0,0.0,0.0,0.0,200.0,0.07692307692307693,2025,9,6,5,249,36,1,-1.0,-1.8369701987210297e-16,-0.9093882203647925,-0.4159483918249421,2600.0,2600.0,2600.0,0.0,0.0
Maharashtra,Raigad,APMC Alibagh,Cereals,Rice,Other,Local,2500.0,2700.0,2600.0,Rs./Quintal,2025-09-07,0,2600.0,2600.0,2600.0,2600.0,2600.0,2600.0,2600.0,2600.0,2600.0,2600.0,0.0,0.0,0.0,0.0,0.0,0.0,0.0,0.0,0.0,0.0,0.0,200.0,0.07692307692307693,2025,9,7,6,250,36,1,-1.0,-1.8369701987210297e-16,-0.9164086366943458,-0.4002439388573056,2600.0,2600.0,2600.0,0.0,0.0
Maharashtra,Raigad,APMC Alibagh,Cereals,Rice,Other,Local,2500.0,2700.0,2600.0,Rs./Quintal,2025-09-08,0,2600.0,2600.0,2600.0,2600.0,2600.0,2600.0,2600.0,2600.0,2600.0,2600.0,0.0,0.0,0.0,0.0,0.0,0.0,0.0,0.0,0.0,0.0,0.0,200.0,0.07692307692307693,2025,9,8,0,251,37,0,-1.0,-1.8369701987210297e-16,-0.9231578729647039,-0.38442104726885545,2600.0,2600.0,2600.0,0.0,0.0
Maharashtra,Raigad,APMC Alibagh,Cereals,Rice,Other,Local,2500.0,2700.0,2600.0,Rs./Quintal,2025-09-09,0,2600.0,2600.0,2600.0,2600.0,2600.0,2600.0,2600.0,2600.0,2600.0,2600.0,0.0,0.0,0.0,0.0,0.0,0.0,0.0,0.0,0.0,0.0,0.0,200.0,0.07692307692307693,2025,9,9,1,252,37,0,-1.0,-1.8369701987210297e-16,-0.9296339319682695,-0.3684843993077793,2600.0,2600.0,2600.0,0.0,0.0
Maharashtra,Raigad,APMC Alibagh,Cereals,Rice,Other,Local,2500.0,2700.0,2600.0,Rs./Quintal,2025-09-10,0,2600.0,2600.0,2600.0,2600.0,2600.0,2600.0,2600.0,2600.0,2600.0,2600.0,0.0,0.0,0.0,0.0,0.0,0.0,0.0,0.0,0.0,0.0,0.0,200.0,0.07692307692307693,2025,9,10,2,253,37,0,-1.0,-1.8369701987210297e-16,-0.9358348973349941,-0.35243871088460327,2600.0,2600.0,2600.0,0.0,0.0
Maharashtra,Raigad,APMC Alibagh,Cereals,Rice,Other,Local,2500.0,2700.0,2600.0,Rs./Quintal,2025-09-11,0,2600.0,2600.0,2600.0,2600.0,2600.0,2600.0,2600.0,2600.0,2600.0,2600.0,0.0,0.0,0.0,0.0,0.0,0.0,0.0,0.0,0.0,0.0,0.0,200.0,0.07692307692307693,2025,9,11,3,254,37,0,-1.0,-1.8369701987210297e-16,-0.9417589340994617,-0.33628873017668287,2600.0,2600.0,2600.0,0.0,0.0
Maharashtra,Raigad,APMC Alibagh,Cereals,Rice,Other,Local,2500.0,2700.0,2600.0,Rs./Quintal,2025-09-12,0,2600.0,2600.0,2600.0,2600.0,2600.0,2600.0,2600.0,2600.0,2600.0,2600.0,0.0,0.0,0.0,0.0,0.0,0.0,0.0,0.0,0.0,0.0,0.0,200.0,0.07692307692307693,2025,9,12,4,255,37,0,-1.0,-1.8369701987210297e-16,-0.9474042892438845,-0.32003923622313857,2600.0,2600.0,2600.0,0.0,0.0
Maharashtra,Raigad,APMC Alibagh,Cereals,Rice,Other,Local,2500.0,2700.0,2600.0,Rs./Quintal,2025-09-13,0,2600.0,2600.0,2600.0,2600.0,2600.0,2600.0,2600.0,2600.0,2600.0,2600.0,0.0,0.0,0.0,0.0,0.0,0.0,0.0,0.0,0.0,0.0,0.0,200.0,0.07692307692307693,2025,9,13,5,256,37,1,-1.0,-1.8369701987210297e-16,-0.9527692922168511,-0.30369503751065885,2600.0,2600.0,2600.0,0.0,0.0
Maharashtra,Raigad,APMC Alibagh,Cereals,Rice,Other,Local,2500.0,2700.0,2600.0,Rs./Quintal,2025-09-14,0,2600.0,2600.0,2600.0,2600.0,2600.0,2600.0,2600.0,2600.0,2600.0,2600.0,0.0,0.0,0.0,0.0,0.0,0.0,0.0,0.0,0.0,0.0,0.0,200.0,0.07692307692307693,2025,9,14,6,257,37,1,-1.0,-1.8369701987210297e-16,-0.9578523554276669,-0.28726097055059635,2600.0,2600.0,2600.0,0.0,0.0
Maharashtra,Raigad,APMC Alibagh,Cereals,Rice,Other,Local,2500.0,2700.0,2600.0,Rs./Quintal,2025-09-15,0,2600.0,2600.0,2600.0,2600.0,2600.0,2600.0,2600.0,2600.0,2600.0,2600.0,0.0,0.0,0.0,0.0,0.0,0.0,0.0,0.0,0.0,0.0,0.0,200.0,0.07692307692307693,2025,9,15,0,258,38,0,-1.0,-1.8369701987210297e-16,-0.9626519747161487,-0.2707418984477642,2600.0,2600.0,2600.0,0.0,0.0
Maharashtra,Raigad,APMC Alibagh,Cereals,Rice,Other,Local,2500.0,2700.0,2600.0,Rs./Quintal,2025-09-16,0,2600.0,2600.0,2600.0,2600.0,2600.0,2600.0,2600.0,2600.0,2600.0,2600.0,0.0,0.0,0.0,0.0,0.0,0.0,0.0,0.0,0.0,0.0,0.0,200.0,0.07692307692307693,2025,9,16,1,259,38,0,-1.0,-1.8369701987210297e-16,-0.9671667297977312,-0.2541427094613622,2600.0,2600.0,2600.0,0.0,0.0
Maharashtra,Raigad,APMC Alibagh,Cereals,Rice,Other,Local,2500.0,2700.0,2600.0,Rs./Quintal,2025-09-17,0,2600.0,2600.0,2600.0,2600.0,2600.0,2600.0,2600.0,2600.0,2600.0,2600.0,0.0,0.0,0.0,0.0,0.0,0.0,0.0,0.0,0.0,0.0,0.0,200.0,0.07692307692307693,2025,9,17,2,260,38,0,-1.0,-1.8369701987210297e-16,-0.97139528468375,-0.23746831555846842,2600.0,2600.0,2600.0,0.0,0.0
Maharashtra,Raigad,APMC Alibagh,Cereals,Rice,Other,Local,2500.0,2700.0,2600.0,Rs./Quintal,2025-09-18,0,2600.0,2600.0,2600.0,2600.0,2600.0,2600.0,2600.0,2600.0,2600.0,2600.0,0.0,0.0,0.0,0.0,0.0,0.0,0.0,0.0,0.0,0.0,0.0,200.0,0.07692307692307693,2025,9,18,3,261,38,0,-1.0,-1.8369701987210297e-16,-0.9753363880767837,-0.2207236509605022,2600.0,2600.0,2600.0,0.0,0.0
Maharashtra,Raigad,APMC Alibagh,Cereals,Rice,Other,Local,2500.0,2700.0,2600.0,Rs./Quintal,2025-09-19,0,2600.0,2600.0,2600.0,2600.0,2600.0,2600.0,2600.0,2600.0,2600.0,2600.0,0.0,0.0,0.0,0.0,0.0,0.0,0.0,0.0,0.0,0.0,0.0,200.0,0.07692307692307693,2025,9,19,4,262,38,0,-1.0,-1.8369701987210297e-16,-0.9789888737409319,-0.20391367068311472,2600.0,2600.0,2600.0,0.0,0.0
Maharashtra,Raigad,APMC Alibagh,Cereals,Rice,Other,Local,2500.0,2700.0,2600.0,Rs./Quintal,2025-09-20,0,2600.0,2600.0,2600.0,2600.0,2600.0,2600.0,2600.0,2600.0,2600.0,2600.0,0.0,0.0,0.0,0.0,0.0,0.0,0.0,0.0,0.0,0.0,0.0,200.0,0.07692307692307693,2025,9,20,5,263,38,1,-1.0,-1.8369701987210297e-16,-0.9823516608469237,-0.18704334906991657,2600.0,2600.0,2600.0,0.0,0.0
Maharashtra,Raigad,APMC Alibagh,Cereals,Rice,Other,Local,2500.0,2700.0,2600.0,Rs./Quintal,2025-09-21,0,2600.0,2600.0,2600.0,2600.0,2600.0,2600.0,2600.0,2600.0,2600.0,2600.0,0.0,0.0,0.0,0.0,0.0,0.0,0.0,0.0,0.0,0.0,0.0,200.0,0.07692307692307693,2025,9,21,6,264,38,1,-1.0,-1.8369701987210297e-16,-0.9854237542919524,-0.17011767832049052,2600.0,2600.0,2600.0,0.0,0.0
Maharashtra,Raigad,APMC Alibagh,Cereals,Rice,Other,Local,2500.0,2700.0,2600.0,Rs./Quintal,2025-09-22,0,2600.0,2600.0,2600.0,2600.0,2600.0,2600.0,2600.0,2600.0,2600.0,2600.0,0.0,0.0,0.0,0.0,0.0,0.0,0.0,0.0,0.0,0.0,0.0,200.0,0.07692307692307693,2025,9,22,0,265,39,0,-1.0,-1.8369701987210297e-16,-0.9882042449941422,-0.15314166701312007,2600.0,2600.0,2600.0,0.0,0.0
Maharashtra,Raigad,APMC Alibagh,Cereals,Rice,Other,Local,2500.0,2700.0,2600.0,Rs./Quintal,2025-09-23,0,2600.0,2600.0,2600.0,2600.0,2600.0,2600.0,2600.0,2600.0,2600.0,2600.0,0.0,0.0,0.0,0.0,0.0,0.0,0.0,0.0,0.0,0.0,0.0,200.0,0.07692307692307693,2025,9,23,1,266,39,0,-1.0,-1.8369701987210297e-16,-0.9906923101615609,-0.13612033862266704,2600.0,2600.0,2600.0,0.0,0.0
Maharashtra,Raigad,APMC Alibagh,Cereals,Rice,Other,Local,2500.0,2700.0,2600.0,Rs./Quintal,2025-09-24,0,2600.0,2600.0,2600.0,2600.0,2600.0,2600.0,2600.0,2600.0,2600.0,2600.0,0.0,0.0,0.0,0.0,0.0,0.0,0.0,0.0,0.0,0.0,0.0,200.0,0.07692307692307693,2025,9,24,2,267,39,0,-1.0,-1.8369701987210297e-16,-0.9928872135356962,-0.11905873003404988,2600.0,2600.0,2600.0,0.0,0.0
Maharashtra,Raigad,APMC Alibagh,Cereals,Rice,Other,Local,2500.0,2700.0,2600.0,Rs./Quintal,2025-09-25,0,2600.0,2600.0,2600.0,2600.0,2600.0,2600.0,2600.0,2600.0,2600.0,2600.0,0.0,0.0,0.0,0.0,0.0,0.0,0.0,0.0,0.0,0.0,0.0,200.0,0.07692307692307693,2025,9,25,3,268,39,0,-1.0,-1.8369701987210297e-16,-0.994788305609327,-0.10196189005174576,2600.0,2600.0,2600.0,0.0,0.0
Maharashtra,Raigad,APMC Alibagh,Cereals,Rice,Other,Local,2500.0,2700.0,2600.0,Rs./Quintal,2025-09-26,0,2600.0,2600.0,2600.0,2600.0,2600.0,2600.0,2600.0,2600.0,2600.0,2600.0,0.0,0.0,0.0,0.0,0.0,0.0,0.0,0.0,0.0,0.0,0.0,200.0,0.07692307692307693,2025,9,26,4,269,39,0,-1.0,-1.8369701987210297e-16,-0.9963950238187231,-0.08483487790576538,2600.0,2600.0,2600.0,0.0,0.0
Maharashtra,Raigad,APMC Alibagh,Cereals,Rice,Other,Local,2500.0,2700.0,2600.0,Rs./Quintal,2025-09-27,0,2600.0,2600.0,2600.0,2600.0,2600.0,2600.0,2600.0,2600.0,2600.0,2600.0,0.0,0.0,0.0,0.0,0.0,0.0,0.0,0.0,0.0,0.0,0.0,200.0,0.07692307692307693,2025,9,27,5,270,39,1,-1.0,-1.8369701987210297e-16,-0.9977068927101168,-0.06768276175455162,2600.0,2600.0,2600.0,0.0,0.0
Maharashtra,Raigad,APMC Alibagh,Cereals,Rice,Other,Local,2500.0,2700.0,2600.0,Rs./Quintal,2025-09-28,0,2600.0,2600.0,2600.0,2600.0,2600.0,2600.0,2600.0,2600.0,2600.0,2600.0,0.0,0.0,0.0,0.0,0.0,0.0,0.0,0.0,0.0,0.0,0.0,200.0,0.07692307692307693,2025,9,28,6,271,39,1,-1.0,-1.8369701987210297e-16,-0.9987235240803972,-0.050510617185222886,2600.0,2600.0,2600.0,0.0,0.0
Maharashtra,Raigad,APMC Alibagh,Cereals,Rice,Other,Local,2500.0,2700.0,2600.0,Rs./Quintal,2025-09-29,0,2600.0,2600.0,2600.0,2600.0,2600.0,2600.0,2600.0,2600.0,2600.0,2600.0,0.0,0.0,0.0,0.0,0.0,0.0,0.0,0.0,0.0,0.0,0.0,200.0,0.07692307692307693,2025,9,29,0,272,40,0,-1.0,-1.8369701987210297e-16,-0.9994446170919858,-0.033323525711631344,2600.0,2600.0,2600.0,0.0,0.0
Maharashtra,Raigad,APMC Alibagh,Cereals,Rice,Other,Local,2500.0,2700.0,2600.0,Rs./Quintal,2025-09-30,0,2600.0,2600.0,2600.0,2600.0,2600.0,2600.0,2600.0,2600.0,2600.0,2600.0,0.0,0.0,0.0,0.0,0.0,0.0,0.0,0.0,0.0,0.0,0.0,200.0,0.07692307692307693,2025,9,30,1,273,40,0,-1.0,-1.8369701987210297e-16,-0.9998699583618592,-0.016126573270657762,2600.0,2600.0,2600.0,0.0,0.0
Maharashtra,Raigad,APMC Alibagh,Cereals,Rice,Other,Local,2500.0,2700.0,2600.0,Rs./Quintal,2025-10-01,0,2600.0,2600.0,2600.0,2600.0,2600.0,2600.0,2600.0,2600.0,2600.0,2600.0,0.0,0.0,0.0,0.0,0.0,0.0,0.0,0.0,0.0,0.0,0.0,200.0,0.07692307692307693,2025,10,1,2,274,40,0,-0.8660254037844386,0.5000000000000001,-0.9999994220246925,0.001075151282798226,2600.0,2600.0,2600.0,0.0,0.0
Maharashtra,Raigad,APMC Alibagh,Cereals,Rice,Other,Local,2500.0,2700.0,2600.0,Rs./Quintal,2025-10-02,0,2600.0,2600.0,2600.0,2600.0,2600.0,2600.0,2600.0,2600.0,2600.0,2600.0,0.0,0.0,0.0,0.0,0.0,0.0,0.0,0.0,0.0,0.0,0.0,200.0,0.07692307692307693,2025,10,2,3,275,40,0,-0.8660254037844386,0.5000000000000001,-0.999832969770105,0.018276557681691223,2600.0,2600.0,2600.0,0.0,0.0
Maharashtra,Raigad,APMC Alibagh,Cereals,Rice,Other,Local,2500.0,2700.0,2600.0,Rs./Quintal,2025-10-03,0,2600.0,2600.0,2600.0,2600.0,2600.0,2600.0,2600.0,2600.0,2600.0,2600.0,0.0,0.0,0.0,0.0,0.0,0.0,0.0,0.0,0.0,0.0,0.0,200.0,0.07692307692307693,2025,10,3,4,276,40,0,-0.8660254037844386,0.5000000000000001,-0.9993706508539969,0.03547255575312556,2600.0,2600.0,2600.0,0.0,0.0
Maharashtra,Raigad,APMC Alibagh,Cereals,Rice,Other,Local,2500.0,2700.0,2600.0,Rs./Quintal,2025-10-04,0,2600.0,2600.0,2600.0,2600.0,2600.0,2600.0,2600.0,2600.0,2600.0,2600.0,0.0,0.0,0.0,0.0,0.0,0.0,0.0,0.0,0.0,0.0,0.0,200.0,0.07692307692307693,2025,10,4,5,277,40,1,-0.8660254037844386,0.5000000000000001,-0.9986126020839734,0.052658056924614005,2600.0,2600.0,2600.0,0.0,0.0
Maharashtra,Raigad,APMC Alibagh,Cereals,Rice,Other,Local,2500.0,2700.0,2600.0,Rs./Quintal,2025-10-05,0,2600.0,2600.0,2600.0,2600.0,2600.0,2600.0,2600.0,2600.0,2600.0,2600.0,0.0,0.0,0.0,0.0,0.0,0.0,0.0,0.0,0.0,0.0,0.0,200.0,0.07692307692307693,2025,10,5,6,278,40,1,-0.8660254037844386,0.5000000000000001,-0.9975590477788613,0.06982797572987089,2600.0,2600.0,2600.0,0.0,0.0
Maharashtra,Raigad,APMC Alibagh,Cereals,Rice,Other,Local,2500.0,2700.0,2600.0,Rs./Quintal,2025-10-06,0,2600.0,2600.0,2600.0,2600.0,2600.0,2600.0,2600.0,2600.0,2600.0,2600.0,0.0,0.0,0.0,0.0,0.0,0.0,0.0,0.0,0.0,0.0,0.0,200.0,0.07692307692307693,2025,10,6,0,279,41,0,-0.8660254037844386,0.5000000000000001,-0.9962102997023297,0.0869772313136861,2600.0,2600.0,2600.0,0.0,0.0
Maharashtra,Raigad,APMC Alibagh,Cereals,Rice,Other,Local,2500.0,2700.0,2600.0,Rs./Quintal,2025-10-07,0,2600.0,2600.0,2600.0,2600.0,2600.0,2600.0,2600.0,2600.0,2600.0,2600.0,0.0,0.0,0.0,0.0,0.0,0.0,0.0,0.0,0.0,0.0,0.0,200.0,0.07692307692307693,2025,10,7,1,280,41,0,-0.8660254037844386,0.5000000000000001,-0.9945667569706337,0.1041007489354256,2600.0,2600.0,2600.0,0.0,0.0
Maharashtra,Raigad,APMC Alibagh,Cereals,Rice,Other,Local,2500.0,2700.0,2600.0,Rs./Quintal,2025-10-08,0,2600.0,2600.0,2600.0,2600.0,2600.0,2600.0,2600.0,2600.0,2600.0,2600.0,0.0,0.0,0.0,0.0,0.0,0.0,0.0,0.0,0.0,0.0,0.0,200.0,0.07692307692307693,2025,10,8,2,281,41,0,-0.8660254037844386,0.5000000000000001,-0.9926289059345095,0.12119346147073601,2600.0,2600.0,2600.0,0.0,0.0
Maharashtra,Raigad,APMC Alibagh,Cereals,Rice,Other,Local,2500.0,2700.0,2600.0,Rs./Quintal,2025-10-09,0,2600.0,2600.0,2600.0,2600.0,2600.0,2600.0,2600.0,2600.0,2600.0,2600.0,0.0,0.0,0.0,0.0,0.0,0.0,0.0,0.0,0.0,0.0,0.0,200.0,0.07692307692307693,2025,10,9,3,282,41,0,-0.8660254037844386,0.5000000000000001,-0.9903973200352558,0.13825031091098192,2600.0,2600.0,2600.0,0.0,0.0
Maharashtra,Raigad,APMC Alibagh,Cereals,Rice,Other,Local,2500.0,2700.0,2600.0,Rs./Quintal,2025-10-12,0,2600.0,2600.0,2600.0,2600.0,2600.0,2600.0,2600.0,2600.0,2600.0,2600.0,0.0,0.0,0.0,0.0,0.0,0.0,0.0,0.0,0.0,0.0,0.0,200.0,0.07692307692307693,2025,10,12,6,285,41,1,-0.8660254037844386,0.5000000000000001,-0.981947190186646,0.18915526872004093,2600.0,2600.0,2600.0,0.0,0.0
Maharashtra,Raigad,APMC Alibagh,Cereals,Rice,Other,Local,2500.0,2700.0,2600.0,Rs./Quintal,2025-10-13,0,2600.0,2600.0,2600.0,2600.0,2600.0,2600.0,2600.0,2600.0,2600.0,2600.0,0.0,0.0,0.0,0.0,0.0,0.0,0.0,0.0,0.0,0.0,0.0,200.0,0.07692307692307693,2025,10,13,0,286,42,0,-0.8660254037844386,0.5000000000000001,-0.9785481345802031,0.20601832032517084,2600.0,2600.0,2600.0,0.0,0.0
Maharashtra,Raigad,APMC Alibagh,Cereals,Rice,Other,Local,2500.0,2700.0,2600.0,Rs./Quintal,2025-10-14,0,2600.0,2600.0,2600.0,2600.0,2600.0,2600.0,2600.0,2600.0,2600.0,2600.0,0.0,0.0,0.0,0.0,0.0,0.0,0.0,0.0,0.0,0.0,0.0,200.0,0.07692307692307693,2025,10,14,1,287,42,0,-0.8660254037844386,0.5000000000000001,-0.9748595108374125,0.22282040779479959,2600.0,2600.0,2600.0,0.0,0.0
Maharashtra,Raigad,APMC Alibagh,Cereals,Rice,Other,Local,2500.0,2700.0,2600.0,Rs./Quintal,2025-10-15,0,2600.0,2600.0,2600.0,2600.0,2600.0,2600.0,2600.0,2600.0,2600.0,2600.0,0.0,0.0,0.0,0.0,0.0,0.0,0.0,0.0,0.0,0.0,0.0,200.0,0.07692307692307693,2025,10,15,2,288,42,0,-0.8660254037844386,0.5000000000000001,-0.9708824104813836,0.2395565591209271,2600.0,2600.0,2600.0,0.0,0.0
Maharashtra,Raigad,APMC Alibagh,Cereals,Rice,Other,Local,2500.0,2700.0,2600.0,Rs./Quintal,2025-10-16,0,2600.0,2600.0,2600.0,2600.0,2600.0,2600.0,2600.0,2600.0,2600.0,2600.0,0.0,0.0,0.0,0.0,0.0,0.0,0.0,0.0,0.0,0.0,0.0,200.0,0.07692307692307693,2025,10,16,3,289,42,0,-0.8660254037844386,0.5000000000000001,-0.9666180104000972,0.2562218218071163,2600.0,2600.0,2600.0,0.0,0.0
Maharashtra,Raigad,APMC Alibagh,Cereals,Rice,Other,Local,2500.0,2700.0,2600.0,Rs./Quintal,2025-10-17,0,2600.0,2600.0,2600.0,2600.0,2600.0,2600.0,2600.0,2600.0,2600.0,2600.0,0.0,0.0,0.0,0.0,0.0,0.0,0.0,0.0,0.0,0.0,0.0,200.0,0.07692307692307693,2025,10,17,4,290,42,0,-0.8660254037844386,0.5000000000000001,-0.9620675724981452,0.27281126433401914,2600.0,2600.0,2600.0,0.0,0.0
Maharashtra,Raigad,APMC Alibagh,Cereals,Rice,Other,Local,2500.0,2700.0,2600.0,Rs./Quintal,2025-10-18,0,2600.0,2600.0,2600.0,2600.0,2600.0,2600.0,2600.0,2600.0,2600.0,2600.0,0.0,0.0,0.0,0.0,0.0,0.0,0.0,0.0,0.0,0.0,0.0,200.0,0.07692307692307693,2025,10,18,5,291,42,1,-0.8660254037844386,0.5000000000000001,-0.957232443323312,0.2893199776186952,2600.0,2600.0,2600.0,0.0,0.0
Maharashtra,Raigad,APMC Alibagh,Cereals,Rice,Other,Local,2500.0,2700.0,2600.0,Rs./Quintal,2025-10-19,0,2600.0,2600.0,2600.0,2600.0,2600.0,2600.0,2600.0,2600.0,2600.0,2600.0,0.0,0.0,0.0,0.0,0.0,0.0,0.0,0.0,0.0,0.0,0.0,200.0,0.07692307692307693,2025,10,19,6,292,42,1,-0.8660254037844386,0.5000000000000001,-0.9521140536681102,0.3057430764672831,2600.0,2600.0,2600.0,0.0,0.0
Maharashtra,Raigad,APMC Alibagh,Cereals,Rice,Other,Local,2500.0,2700.0,2600.0,Rs./Quintal,2025-10-20,0,2600.0,2600.0,2600.0,2600.0,2600.0,2600.0,2600.0,2600.0,2600.0,2600.0,0.0,0.0,0.0,0.0,0.0,0.0,0.0,0.0,0.0,0.0,0.0,200.0,0.07692307692307693,2025,10,20,0,293,43,0,-0.8660254037844386,0.5000000000000001,-0.9467139181463862,0.3220757010206104,2600.0,2600.0,2600.0,0.0,0.0
Maharashtra,Raigad,APMC Alibagh,Cereals,Rice,Other,Local,2500.0,2700.0,2600.0,Rs./Quintal,2025-10-21,0,2600.0,2600.0,2600.0,2600.0,2600.0,2600.0,2600.0,2600.0,2600.0,2600.0,0.0,0.0,0.0,0.0,0.0,0.0,0.0,0.0,0.0,0.0,0.0,200.0,0.07692307692307693,2025,10,21,1,294,43,0,-0.8660254037844386,0.5000000000000001,-0.9410336347451197,0.3383130181923075,2600.0,2600.0,2600.0,0.0,0.0
Maharashtra,Raigad,APMC Alibagh,Cereals,Rice,Other,Local,2500.0,2700.0,2600.0,Rs./Quintal,2025-10-22,0,2600.0,2600.0,2600.0,2600.0,2600.0,2600.0,2600.0,2600.0,2600.0,2600.0,0.0,0.0,0.0,0.0,0.0,0.0,0.0,0.0,0.0,0.0,0.0,200.0,0.07692307692307693,2025,10,22,2,295,43,0,-0.8660254037844386,0.5000000000000001,-0.9350748843515574,0.3544502230989869,2600.0,2600.0,2600.0,0.0,0.0
Maharashtra,Raigad,APMC Alibagh,Cereals,Rice,Other,Local,2500.0,2700.0,2600.0,Rs./Quintal,2025-10-23,0,2600.0,2600.0,2600.0,2600.0,2600.0,2600.0,2600.0,2600.0,2600.0,2600.0,0.0,0.0,0.0,0.0,0.0,0.0,0.0,0.0,0.0,0.0,0.0,200.0,0.07692307692307693,2025,10,23,3,296,43,0,-0.8660254037844386,0.5000000000000001,-0.9288394302558068,0.3704825404820963,2600.0,2600.0,2600.0,0.0,0.0
Maharashtra,Raigad,APMC Alibagh,Cereals,Rice,Other,Local,2500.0,2700.0,2600.0,Rs./Quintal,2025-10-24,0,2600.0,2600.0,2600.0,2600.0,2600.0,2600.0,2600.0,2600.0,2600.0,2600.0,0.0,0.0,0.0,0.0,0.0,0.0,0.0,0.0,0.0,0.0,0.0,200.0,0.07692307692307693,2025,10,24,4,297,43,0,-0.8660254037844386,0.5000000000000001,-0.9223291176290545,0.3864052261209853,2600.0,2600.0,2600.0,0.0,0.0
Maharashtra,Raigad,APMC Alibagh,Cereals,Rice,Other,Local,2500.0,2700.0,2600.0,Rs./Quintal,2025-10-26,0,2600.0,2600.0,2600.0,2600.0,2600.0,2600.0,2600.0,2600.0,2600.0,2600.0,0.0,0.0,0.0,0.0,0.0,0.0,0.0,0.0,0.0,0.0,0.0,200.0,0.07692307692307693,2025,10,26,6,299,43,1,-0.8660254037844386,0.5000000000000001,-0.9084917035725082,0.41790288888678667,2600.0,2600.0,2600.0,0.0,0.0
Maharashtra,Raigad,APMC Alibagh,Cereals,Rice,Other,Local,2500.0,2700.0,2600.0,Rs./Quintal,2025-10-27,0,2600.0,2600.0,2600.0,2600.0,2600.0,2600.0,2600.0,2600.0,2600.0,2600.0,0.0,0.0,0.0,0.0,0.0,0.0,0.0,0.0,0.0,0.0,0.0,200.0,0.07692307692307693,2025,10,27,0,300,44,0,-0.8660254037844386,0.5000000000000001,-0.9011686968561569,0.4334685453485363,2600.0,2600.0,2600.0,0.0,0.0
Maharashtra,Raigad,APMC Alibagh,Cereals,Rice,Other,Local,2500.0,2700.0,2600.0,Rs./Quintal,2025-10-28,0,2600.0,2600.0,2600.0,2600.0,2600.0,2600.0,2600.0,2600.0,2600.0,2600.0,0.0,0.0,0.0,0.0,0.0,0.0,0.0,0.0,0.0,0.0,0.0,200.0,0.07692307692307693,2025,10,28,1,301,44,0,-0.8660254037844386,0.5000000000000001,-0.8935790198239952,0.4489059314938798,2600.0,2600.0,2600.0,0.0,0.0
Maharashtra,Raigad,APMC Alibagh,Cereals,Rice,Other,Local,2500.0,2700.0,2600.0,Rs./Quintal,2025-10-29,0,2600.0,2600.0,2600.0,2600.0,2600.0,2600.0,2600.0,2600.0,2600.0,2600.0,0.0,0.0,0.0,0.0,0.0,0.0,0.0,0.0,0.0,0.0,0.0,200.0,0.07692307692307693,2025,10,29,2,302,44,0,-0.8660254037844386,0.5000000000000001,-0.8857249183835637,0.4642104791518923,2600.0,2600.0,2600.0,0.0,0.0
Maharashtra,Raigad,APMC Alibagh,Cereals,Rice,Other,Local,2500.0,2700.0,2600.0,Rs./Quintal,2025-10-30,0,2600.0,2600.0,2600.0,2600.0,2600.0,2600.0,2600.0,2600.0,2600.0,2600.0,0.0,0.0,0.0,0.0,0.0,0.0,0.0,0.0,0.0,0.0,0.0,200.0,0.07692307692307693,2025,10,30,3,303,44,0,-0.8660254037844386,0.5000000000000001,-0.8776087166898392,0.4793776594606945,2600.0,2600.0,2600.0,0.0,0.0
Maharashtra,Raigad,APMC Alibagh,Cereals,Rice,Other,Local,2500.0,2700.0,2600.0,Rs./Quintal,2025-10-31,0,2600.0,2600.0,2600.0,2600.0,2600.0,2600.0,2600.0,2600.0,2600.0,2600.0,0.0,0.0,0.0,0.0,0.0,0.0,0.0,0.0,0.0,0.0,0.0,200.0,0.07692307692307693,2025,10,31,4,304,44,0,-0.8660254037844386,0.5000000000000001,-0.8692328164574792,0.4944029842076182,2600.0,2600.0,2600.0,0.0,0.0
Maharashtra,Raigad,APMC Alibagh,Cereals,Rice,Other,Local,2500.0,2700.0,2600.0,Rs./Quintal,2025-11-01,0,2600.0,2600.0,2600.0,2600.0,2600.0,2600.0,2600.0,2600.0,2600.0,2600.0,0.0,0.0,0.0,0.0,0.0,0.0,0.0,0.0,0.0,0.0,0.0,200.0,0.07692307692307693,2025,11,1,5,305,44,1,-0.5000000000000004,0.8660254037844384,-0.8605996962501181,0.5092820071573356,2600.0,2600.0,2600.0,0.0,0.0
Maharashtra,Raigad,APMC Alibagh,Cereals,Rice,Other,Local,2500.0,2700.0,2600.0,Rs./Quintal,2025-11-02,0,2600.0,2600.0,2600.0,2600.0,2600.0,2600.0,2600.0,2600.0,2600.0,2600.0,0.0,0.0,0.0,0.0,0.0,0.0,0.0,0.0,0.0,0.0,0.0,200.0,0.07692307692307693,2025,11,2,6,306,44,1,-0.5000000000000004,0.8660254037844384,-0.8517119107469189,0.5240103253675756,2600.0,2600.0,2600.0,0.0,0.0
Maharashtra,Raigad,APMC Alibagh,Cereals,Rice,Other,Local,2500.0,2700.0,2600.0,Rs./Quintal,2025-11-03,0,2600.0,2600.0,2600.0,2600.0,2600.0,2600.0,2600.0,2600.0,2600.0,2600.0,0.0,0.0,0.0,0.0,0.0,0.0,0.0,0.0,0.0,0.0,0.0,200.0,0.07692307692307693,2025,11,3,0,307,45,0,-0.5000000000000004,0.8660254037844384,-0.8425720899866032,0.5385835804920232,2600.0,2600.0,2600.0,0.0,0.0
Maharashtra,Raigad,APMC Alibagh,Cereals,Rice,Other,Local,2500.0,2700.0,2600.0,Rs./Quintal,2025-11-04,0,2600.0,2600.0,2600.0,2600.0,2600.0,2600.0,2600.0,2600.0,2600.0,2600.0,0.0,0.0,0.0,0.0,0.0,0.0,0.0,0.0,0.0,0.0,0.0,200.0,0.07692307692307693,2025,11,4,1,308,45,0,-0.5000000000000004,0.8660254037844384,-0.8331829385891785,0.5529974600700271,2600.0,2600.0,2600.0,0.0,0.0
Maharashtra,Raigad,APMC Alibagh,Cereals,Rice,Other,Local,2500.0,2700.0,2600.0,Rs./Quintal,2025-11-05,0,2600.0,2600.0,2600.0,2600.0,2600.0,2600.0,2600.0,2600.0,2600.0,2600.0,0.0,0.0,0.0,0.0,0.0,0.0,0.0,0.0,0.0,0.0,0.0,200.0,0.07692307692307693,2025,11,5,2,309,45,0,-0.5000000000000004,0.8660254037844384,-0.8235472349556007,0.5672476988027229,2600.0,2600.0,2600.0,0.0,0.0
Maharashtra,Raigad,APMC Alibagh,Cereals,Rice,Other,Local,2500.0,2700.0,2600.0,Rs./Quintal,2025-11-06,0,2600.0,2600.0,2600.0,2600.0,2600.0,2600.0,2600.0,2600.0,2600.0,2600.0,0.0,0.0,0.0,0.0,0.0,0.0,0.0,0.0,0.0,0.0,0.0,200.0,0.07692307692307693,2025,11,6,3,310,45,0,-0.5000000000000004,0.8660254037844384,-0.8136678304455991,0.5813300798152042,2600.0,2600.0,2600.0,0.0,0.0
Maharashtra,Raigad,APMC Alibagh,Cereals,Rice,Other,Local,2500.0,2700.0,2600.0,Rs./Quintal,2025-11-07,0,2600.0,2600.0,2600.0,2600.0,2600.0,2600.0,2600.0,2600.0,2600.0,2600.0,0.0,0.0,0.0,0.0,0.0,0.0,0.0,0.0,0.0,0.0,0.0,200.0,0.07692307692307693,2025,11,7,4,311,45,0,-0.5000000000000004,0.8660254037844384,-0.8035476485339116,0.5952404359043674,2600.0,2600.0,2600.0,0.0,0.0
Maharashtra,Raigad,APMC Alibagh,Cereals,Rice,Other,Local,2500.0,2700.0,2600.0,Rs./Quintal,2025-11-08,0,2600.0,2600.0,2600.0,2600.0,2600.0,2600.0,2600.0,2600.0,2600.0,2600.0,0.0,0.0,0.0,0.0,0.0,0.0,0.0,0.0,0.0,0.0,0.0,200.0,0.07692307692307693,2025,11,8,5,312,45,1,-0.5000000000000004,0.8660254037844384,-0.7931896839451843,0.6089746507720486,2600.0,2600.0,2600.0,0.0,0.0
Maharashtra,Raigad,APMC Alibagh,Cereals,Rice,Other,Local,2500.0,2700.0,2600.0,Rs./Quintal,2025-11-09,0,2600.0,2600.0,2600.0,2600.0,2600.0,2600.0,2600.0,2600.0,2600.0,2600.0,0.0,0.0,0.0,0.0,0.0,0.0,0.0,0.0,0.0,0.0,0.0,200.0,0.07692307692307693,2025,11,9,6,313,45,1,-0.5000000000000004,0.8660254037844384,-0.7825970017677834,0.6225286602431057,2600.0,2600.0,2600.0,0.0,0.0
Maharashtra,Raigad,APMC Alibagh,Cereals,Rice,Other,Local,2500.0,2700.0,2600.0,Rs./Quintal,2025-11-10,0,2600.0,2600.0,2600.0,2600.0,2600.0,2600.0,2600.0,2600.0,2600.0,2600.0,0.0,0.0,0.0,0.0,0.0,0.0,0.0,0.0,0.0,0.0,0.0,200.0,0.07692307692307693,2025,11,10,0,314,46,0,-0.5000000000000004,0.8660254037844384,-0.7717727365467837,0.6358984534680745,2600.0,2600.0,2600.0,0.0,0.0
Maharashtra,Raigad,APMC Alibagh,Cereals,Rice,Other,Local,2500.0,2700.0,2600.0,Rs./Quintal,2025-11-11,0,2600.0,2600.0,2600.0,2600.0,2600.0,2600.0,2600.0,2600.0,2600.0,2600.0,0.0,0.0,0.0,0.0,0.0,0.0,0.0,0.0,0.0,0.0,0.0,200.0,0.07692307692307693,2025,11,11,1,315,46,0,-0.5000000000000004,0.8660254037844384,-0.7607200913564104,0.6490800741100398,2600.0,2600.0,2600.0,0.0,0.0
Maharashtra,Raigad,APMC Alibagh,Cereals,Rice,Other,Local,2500.0,2700.0,2600.0,Rs./Quintal,2025-11-12,0,2600.0,2600.0,2600.0,2600.0,2600.0,2600.0,2600.0,2600.0,2600.0,2600.0,0.0,0.0,0.0,0.0,0.0,0.0,0.0,0.0,0.0,0.0,0.0,200.0,0.07692307692307693,2025,11,12,2,316,46,0,-0.5000000000000004,0.8660254037844384,-0.7494423368521953,0.6620696215153815,2600.0,2600.0,2600.0,0.0,0.0
Maharashtra,Raigad,APMC Alibagh,Cereals,Rice,Other,Local,2500.0,2700.0,2600.0,Rs./Quintal,2025-11-13,0,2600.0,2600.0,2600.0,2600.0,2600.0,2600.0,2600.0,2600.0,2600.0,2600.0,0.0,0.0,0.0,0.0,0.0,0.0,0.0,0.0,0.0,0.0,0.0,200.0,0.07692307692307693,2025,11,13,3,317,46,0,-0.5000000000000004,0.8660254037844384,-0.7379428103031386,0.6748632518680403,2600.0,2600.0,2600.0,0.0,0.0
Maharashtra,Raigad,APMC Alibagh,Cereals,Rice,Other,Local,2500.0,2700.0,2600.0,Rs./Quintal,2025-11-14,0,2600.0,2600.0,2600.0,2600.0,2600.0,2600.0,2600.0,2600.0,2600.0,2600.0,0.0,0.0,0.0,0.0,0.0,0.0,0.0,0.0,0.0,0.0,0.0,200.0,0.07692307692307693,2025,11,14,4,318,46,0,-0.5000000000000004,0.8660254037844384,-0.7262249146041543,0.6874571793269664,2600.0,2600.0,2600.0,0.0,0.0
Maharashtra,Raigad,APMC Alibagh,Cereals,Rice,Other,Local,2500.0,2700.0,2600.0,Rs./Quintal,2025-11-15,0,2600.0,2600.0,2600.0,2600.0,2600.0,2600.0,2600.0,2600.0,2600.0,2600.0,0.0,0.0,0.0,0.0,0.0,0.0,0.0,0.0,0.0,0.0,0.0,200.0,0.07692307692307693,2025,11,15,5,319,46,1,-0.5000000000000004,0.8660254037844384,-0.7142921172691032,0.699847677146407,2600.0,2600.0,2600.0,0.0,0.0
Maharashtra,Raigad,APMC Alibagh,Cereals,Rice,Other,Local,2500.0,2700.0,2600.0,Rs./Quintal,2025-11-16,0,2600.0,2600.0,2600.0,2600.0,2600.0,2600.0,2600.0,2600.0,2600.0,2600.0,0.0,0.0,0.0,0.0,0.0,0.0,0.0,0.0,0.0,0.0,0.0,200.0,0.07692307692307693,2025,11,16,6,320,46,1,-0.5000000000000004,0.8660254037844384,-0.7021479494046978,0.712031078778713,2600.0,2600.0,2600.0,0.0,0.0
Maharashtra,Raigad,APMC Alibagh,Cereals,Rice,Other,Local,2500.0,2700.0,2600.0,Rs./Quintal,2025-11-17,0,2600.0,2600.0,2600.0,2600.0,2600.0,2600.0,2600.0,2600.0,2600.0,2600.0,0.0,0.0,0.0,0.0,0.0,0.0,0.0,0.0,0.0,0.0,0.0,200.0,0.07692307692307693,2025,11,17,0,321,47,0,-0.5000000000000004,0.8660254037844384,-0.6897960046655887,0.7240037789593305,2600.0,2600.0,2600.0,0.0,0.0
Maharashtra,Raigad,APMC Alibagh,Cereals,Rice,Other,Local,2500.0,2700.0,2600.0,Rs./Quintal,2025-11-18,0,2600.0,2600.0,2600.0,2600.0,2600.0,2600.0,2600.0,2600.0,2600.0,2600.0,0.0,0.0,0.0,0.0,0.0,0.0,0.0,0.0,0.0,0.0,0.0,200.0,0.07692307692307693,2025,11,18,1,322,47,0,-0.5000000000000004,0.8660254037844384,-0.6772399381909491,0.7357622347736525,2600.0,2600.0,2600.0,0.0,0.0
Maharashtra,Raigad,APMC Alibagh,Cereals,Rice,Other,Local,2500.0,2700.0,2600.0,Rs./Quintal,2025-11-19,0,2600.0,2600.0,2600.0,2600.0,2600.0,2600.0,2600.0,2600.0,2600.0,2600.0,0.0,0.0,0.0,0.0,0.0,0.0,0.0,0.0,0.0,0.0,0.0,200.0,0.07692307692307693,2025,11,19,2,323,47,0,-0.5000000000000004,0.8660254037844384,-0.6644834655228552,0.7473029667054297,2600.0,2600.0,2600.0,0.0,0.0
Maharashtra,Raigad,APMC Alibagh,Cereals,Rice,Other,Local,2500.0,2700.0,2600.0,Rs./Quintal,2025-11-20,0,2600.0,2600.0,2600.0,2600.0,2600.0,2600.0,2600.0,2600.0,2600.0,2600.0,0.0,0.0,0.0,0.0,0.0,0.0,0.0,0.0,0.0,0.0,0.0,200.0,0.07692307692307693,2025,11,20,3,324,47,0,-0.5000000000000004,0.8660254037844384,-0.6515303615068021,0.75862255966641,2600.0,2600.0,2600.0,0.0,0.0
Maharashtra,Raigad,APMC Alibagh,Cereals,Rice,Other,Local,2500.0,2700.0,2600.0,Rs./Quintal,2025-11-21,0,2600.0,2600.0,2600.0,2600.0,2600.0,2600.0,2600.0,2600.0,2600.0,2600.0,0.0,0.0,0.0,0.0,0.0,0.0,0.0,0.0,0.0,0.0,0.0,200.0,0.07692307692307693,2025,11,21,4,325,47,0,-0.5000000000000004,0.8660254037844384,-0.6383844591746642,0.769717664006921,2600.0,2600.0,2600.0,0.0,0.0
Maharashtra,Raigad,APMC Alibagh,Cereals,Rice,Other,Local,2500.0,2700.0,2600.0,Rs./Quintal,2025-11-22,0,2600.0,2600.0,2600.0,2600.0,2600.0,2600.0,2600.0,2600.0,2600.0,2600.0,0.0,0.0,0.0,0.0,0.0,0.0,0.0,0.0,0.0,0.0,0.0,200.0,0.07692307692307693,2025,11,22,5,326,47,1,-0.5000000000000004,0.8660254037844384,-0.6250496486104377,0.7805849965070866,2600.0,2600.0,2600.0,0.0,0.0
Maharashtra,Raigad,APMC Alibagh,Cereals,Rice,Other,Local,2500.0,2700.0,2600.0,Rs./Quintal,2025-11-23,0,2600.0,2600.0,2600.0,2600.0,2600.0,2600.0,2600.0,2600.0,2600.0,2600.0,0.0,0.0,0.0,0.0,0.0,0.0,0.0,0.0,0.0,0.0,0.0,200.0,0.07692307692307693,2025,11,23,6,327,47,1,-0.5000000000000004,0.8660254037844384,-0.6115298757991053,0.7912213413483807,2600.0,2600.0,2600.0,0.0,0.0
Maharashtra,Raigad,APMC Alibagh,Cereals,Rice,Other,Local,2500.0,2700.0,2600.0,Rs./Quintal,2025-11-24,0,2600.0,2600.0,2600.0,2600.0,2600.0,2600.0,2600.0,2600.0,2600.0,2600.0,0.0,0.0,0.0,0.0,0.0,0.0,0.0,0.0,0.0,0.0,0.0,200.0,0.07692307692307693,2025,11,24,0,328,48,0,-0.5000000000000004,0.8660254037844384,-0.5978291414589552,0.801623551065242,2600.0,2600.0,2600.0,0.0,0.0
Maharashtra,Raigad,APMC Alibagh,Cereals,Rice,Other,Local,2500.0,2700.0,2600.0,Rs./Quintal,2025-11-25,0,2600.0,2600.0,2600.0,2600.0,2600.0,2600.0,2600.0,2600.0,2600.0,2600.0,0.0,0.0,0.0,0.0,0.0,0.0,0.0,0.0,0.0,0.0,0.0,200.0,0.07692307692307693,2025,11,25,1,329,48,0,-0.5000000000000004,0.8660254037844384,-0.5839514998576998,0.8117885474764613,2600.0,2600.0,2600.0,0.0,0.0
Maharashtra,Raigad,APMC Alibagh,Cereals,Rice,Other,Local,2500.0,2700.0,2600.0,Rs./Quintal,2025-11-26,0,2600.0,2600.0,2600.0,2600.0,2600.0,2600.0,2600.0,2600.0,2600.0,2600.0,0.0,0.0,0.0,0.0,0.0,0.0,0.0,0.0,0.0,0.0,0.0,200.0,0.07692307692307693,2025,11,26,2,330,48,0,-0.5000000000000004,0.8660254037844384,-0.5699010576127624,0.821713322596059,2600.0,2600.0,2600.0,0.0,0.0
Maharashtra,Raigad,APMC Alibagh,Cereals,Rice,Other,Local,2500.0,2700.0,2600.0,Rs./Quintal,2025-11-27,0,2600.0,2600.0,2600.0,2600.0,2600.0,2600.0,2600.0,2600.0,2600.0,2600.0,0.0,0.0,0.0,0.0,0.0,0.0,0.0,0.0,0.0,0.0,0.0,200.0,0.07692307692307693,2025,11,27,3,331,48,0,-0.5000000000000004,0.8660254037844384,-0.5556819724760489,0.8313949395234058,2600.0,2600.0,2600.0,0.0,0.0
Maharashtra,Raigad,APMC Alibagh,Cereals,Rice,Other,Local,2500.0,2700.0,2600.0,Rs./Quintal,2025-11-28,0,2600.0,2600.0,2600.0,2600.0,2600.0,2600.0,2600.0,2600.0,2600.0,2600.0,0.0,0.0,0.0,0.0,0.0,0.0,0.0,0.0,0.0,0.0,0.0,200.0,0.07692307692307693,2025,11,28,4,332,48,0,-0.5000000000000004,0.8660254037844384,-0.5412984521036173,0.8408305333122887,2600.0,2600.0,2600.0,0.0,0.0
Maharashtra,Raigad,APMC Alibagh,Cereals,Rice,Other,Local,2500.0,2700.0,2600.0,Rs./Quintal,2025-11-29,0,2600.0,2600.0,2600.0,2600.0,2600.0,2600.0,2600.0,2600.0,2600.0,2600.0,0.0,0.0,0.0,0.0,0.0,0.0,0.0,0.0,0.0,0.0,0.0,200.0,0.07692307692307693,2025,11,29,5,333,48,1,-0.5000000000000004,0.8660254037844384,-0.5267547528105542,0.8500173118187018,2600.0,2600.0,2600.0,0.0,0.0
Maharashtra,Raigad,APMC Alibagh,Cereals,Rice,Other,Local,2500.0,2700.0,2600.0,Rs./Quintal,2025-12-01,0,2600.0,2600.0,2600.0,2600.0,2600.0,2600.0,2600.0,2600.0,2600.0,2600.0,0.0,0.0,0.0,0.0,0.0,0.0,0.0,0.0,0.0,0.0,0.0,200.0,0.07692307692307693,2025,12,1,0,335,49,0,-2.4492935982947064e-16,1.0,-0.4972040784469378,0.8676336233547726,2600.0,2600.0,2600.0,0.0,0.0
Maharashtra,Raigad,APMC Alibagh,Cereals,Rice,Other,Local,2500.0,2700.0,2600.0,Rs./Quintal,2025-12-02,0,2600.0,2600.0,2600.0,2600.0,2600.0,2600.0,2600.0,2600.0,2600.0,2600.0,0.0,0.0,0.0,0.0,0.0,0.0,0.0,0.0,0.0,0.0,0.0,200.0,0.07692307692307693,2025,12,2,1,336,49,0,-2.4492935982947064e-16,1.0,-0.4822058478963526,0.8760579434344281,2600.0,2600.0,2600.0,0.0,0.0
Maharashtra,Raigad,APMC Alibagh,Cereals,Rice,Other,Local,2500.0,2700.0,2600.0,Rs./Quintal,2025-12-03,0,2600.0,2600.0,2600.0,2600.0,2600.0,2600.0,2600.0,2600.0,2600.0,2600.0,0.0,0.0,0.0,0.0,0.0,0.0,0.0,0.0,0.0,0.0,0.0,200.0,0.07692307692307693,2025,12,3,2,337,49,0,-2.4492935982947064e-16,1.0,-0.46706492487743034,0.8842230238742036,2600.0,2600.0,2600.0,0.0,0.0
Maharashtra,Raigad,APMC Alibagh,Cereals,Rice,Other,Local,2500.0,2700.0,2600.0,Rs./Quintal,2025-12-04,0,2600.0,2600.0,2600.0,2600.0,2600.0,2600.0,2600.0,2600.0,2600.0,2600.0,0.0,0.0,0.0,0.0,0.0,0.0,0.0,0.0,0.0,0.0,0.0,200.0,0.07692307692307693,2025,12,4,3,338,49,0,-2.4492935982947064e-16,1.0,-0.451785789832884,0.8921264484954345,2600.0,2600.0,2600.0,0.0,0.0
Maharashtra,Raigad,APMC Alibagh,Cereals,Rice,Other,Local,2500.0,2700.0,2600.0,Rs./Quintal,2025-12-05,0,2600.0,2600.0,2600.0,2600.0,2600.0,2600.0,2600.0,2600.0,2600.0,2600.0,0.0,0.0,0.0,0.0,0.0,0.0,0.0,0.0,0.0,0.0,0.0,200.0,0.07692307692307693,2025,12,5,4,339,49,0,-2.4492935982947064e-16,1.0,-0.4363729641045924,0.8997658785476209,2600.0,2600.0,2600.0,0.0,0.0
Maharashtra,Raigad,APMC Alibagh,Cereals,Rice,Other,Local,2500.0,2700.0,2600.0,Rs./Quintal,2025-12-06,0,2600.0,2600.0,2600.0,2600.0,2600.0,2600.0,2600.0,2600.0,2600.0,2600.0,0.0,0.0,0.0,0.0,0.0,0.0,0.0,0.0,0.0,0.0,0.0,200.0,0.07692307692307693,2025,12,6,5,340,49,1,-2.4492935982947064e-16,1.0,-0.42083100859565564,0.9071390534005044,2600.0,2600.0,2600.0,0.0,0.0
Maharashtra,Raigad,APMC Alibagh,Cereals,Rice,Other,Local,2500.0,2700.0,2600.0,Rs./Quintal,2025-12-07,0,2600.0,2600.0,2600.0,2600.0,2600.0,2600.0,2600.0,2600.0,2600.0,2600.0,0.0,0.0,0.0,0.0,0.0,0.0,0.0,0.0,0.0,0.0,0.0,200.0,0.07692307692307693,2025,12,7,6,341,49,1,-2.4492935982947064e-16,1.0,-0.4051645224207563,0.9142437912130223,2600.0,2600.0,2600.0,0.0,0.0
Maharashtra,Raigad,APMC Alibagh,Cereals,Rice,Other,Local,2500.0,2700.0,2600.0,Rs./Quintal,2025-12-08,0,2600.0,2600.0,2600.0,2600.0,2600.0,2600.0,2600.0,2600.0,2600.0,2600.0,0.0,0.0,0.0,0.0,0.0,0.0,0.0,0.0,0.0,0.0,0.0,200.0,0.07692307692307693,2025,12,8,0,342,50,0,-2.4492935982947064e-16,1.0,-0.3893781415452015,0.9210779895789526,2600.0,2600.0,2600.0,0.0,0.0
Maharashtra,Raigad,APMC Alibagh,Cereals,Rice,Other,Local,2500.0,2700.0,2600.0,Rs./Quintal,2025-12-09,0,2600.0,2600.0,2600.0,2600.0,2600.0,2600.0,2600.0,2600.0,2600.0,2600.0,0.0,0.0,0.0,0.0,0.0,0.0,0.0,0.0,0.0,0.0,0.0,200.0,0.07692307692307693,2025,12,9,1,343,50,0,-2.4492935982947064e-16,1.0,-0.37347653741307074,0.9276396261490467,2600.0,2600.0,2600.0,0.0,0.0
Maharashtra,Raigad,APMC Alibagh,Cereals,Rice,Other,Local,2500.0,2700.0,2600.0,Rs./Quintal,2025-12-10,0,2600.0,2600.0,2600.0,2600.0,2600.0,2600.0,2600.0,2600.0,2600.0,2600.0,0.0,0.0,0.0,0.0,0.0,0.0,0.0,0.0,0.0,0.0,0.0,200.0,0.07692307692307693,2025,12,10,2,344,50,0,-2.4492935982947064e-16,1.0,-0.3574644155648614,0.9339267592294762,2600.0,2600.0,2600.0,0.0,0.0
Maharashtra,Raigad,APMC Alibagh,Cereals,Rice,Other,Local,2500.0,2700.0,2600.0,Rs./Quintal,2025-12-11,0,2600.0,2600.0,2600.0,2600.0,2600.0,2600.0,2600.0,2600.0,2600.0,2600.0,0.0,0.0,0.0,0.0,0.0,0.0,0.0,0.0,0.0,0.0,0.0,200.0,0.07692307692307693,2025,12,11,3,345,50,0,-2.4492935982947064e-16,1.0,-0.34134651424503615,0.9399375283564133,2600.0,2600.0,2600.0,0.0,0.0
Maharashtra,Raigad,APMC Alibagh,Cereals,Rice,Other,Local,2500.0,2700.0,2600.0,Rs./Quintal,2025-12-12,0,2600.0,2600.0,2600.0,2600.0,2600.0,2600.0,2600.0,2600.0,2600.0,2600.0,0.0,0.0,0.0,0.0,0.0,0.0,0.0,0.0,0.0,0.0,0.0,200.0,0.07692307692307693,2025,12,12,4,346,50,0,-2.4492935982947064e-16,1.0,-0.3251276029999093,0.9456701548465688,2600.0,2600.0,2600.0,0.0,0.0
Maharashtra,Raigad,APMC Alibagh,Cereals,Rice,Other,Local,2500.0,2700.0,2600.0,Rs./Quintal,2025-12-13,0,2600.0,2600.0,2600.0,2600.0,2600.0,2600.0,2600.0,2600.0,2600.0,2600.0,0.0,0.0,0.0,0.0,0.0,0.0,0.0,0.0,0.0,0.0,0.0,200.0,0.07692307692307693,2025,12,13,5,347,50,1,-2.4492935982947064e-16,1.0,-0.30881248126625377,0.9511229423235357,2600.0,2600.0,2600.0,0.0,0.0
Maharashtra,Raigad,APMC Alibagh,Cereals,Rice,Other,Local,2500.0,2700.0,2600.0,Rs./Quintal,2025-12-14,0,2600.0,2600.0,2600.0,2600.0,2600.0,2600.0,2600.0,2600.0,2600.0,2600.0,0.0,0.0,0.0,0.0,0.0,0.0,0.0,0.0,0.0,0.0,0.0,200.0,0.07692307692307693,2025,12,14,6,348,50,1,-2.4492935982947064e-16,1.0,-0.29240597695107734,0.9562942772197719,2600.0,2600.0,2600.0,0.0,0.0
Maharashtra,Raigad,APMC Alibagh,Cereals,Rice,Other,Local,2500.0,2700.0,2600.0,Rs./Quintal,2025-12-15,0,2600.0,2600.0,2600.0,2600.0,2600.0,2600.0,2600.0,2600.0,2600.0,2600.0,0.0,0.0,0.0,0.0,0.0,0.0,0.0,0.0,0.0,0.0,0.0,200.0,0.07692307692307693,2025,12,15,0,349,51,0,-2.4492935982947064e-16,1.0,-0.27591294500296043,0.9611826292540837,2600.0,2600.0,2600.0,0.0,0.0
Maharashtra,Raigad,APMC Alibagh,Cereals,Rice,Other,Local,2500.0,2700.0,2600.0,Rs./Quintal,2025-12-16,0,2600.0,2600.0,2600.0,2600.0,2600.0,2600.0,2600.0,2600.0,2600.0,2600.0,0.0,0.0,0.0,0.0,0.0,0.0,0.0,0.0,0.0,0.0,0.0,200.0,0.07692307692307693,2025,12,16,1,350,51,0,-2.4492935982947064e-16,1.0,-0.2593382659754056,0.9657865518844574,2600.0,2600.0,2600.0,0.0,0.0
Maharashtra,Raigad,APMC Alibagh,Cereals,Rice,Other,Local,2500.0,2700.0,2600.0,Rs./Quintal,2025-12-17,0,2600.0,2600.0,2600.0,2600.0,2600.0,2600.0,2600.0,2600.0,2600.0,2600.0,0.0,0.0,0.0,0.0,0.0,0.0,0.0,0.0,0.0,0.0,0.0,200.0,0.07692307692307693,2025,12,17,2,351,51,0,-2.4492935982947064e-16,1.0,-0.2426868445825954,0.9701046827361175,2600.0,2600.0,2600.0,0.0,0.0
Maharashtra,Raigad,APMC Alibagh,Cereals,Rice,Other,Local,2500.0,2700.0,2600.0,Rs./Quintal,2025-12-18,0,2600.0,2600.0,2600.0,2600.0,2600.0,2600.0,2600.0,2600.0,2600.0,2600.0,0.0,0.0,0.0,0.0,0.0,0.0,0.0,0.0,0.0,0.0,0.0,200.0,0.07692307692307693,2025,12,18,3,352,51,0,-2.4492935982947064e-16,1.0,-0.22596360824801906,0.974135744004672,2600.0,2600.0,2600.0,0.0,0.0
Maharashtra,Raigad,APMC Alibagh,Cereals,Rice,Other,Local,2500.0,2700.0,2600.0,Rs./Quintal,2025-12-19,0,2600.0,2600.0,2600.0,2600.0,2600.0,2600.0,2600.0,2600.0,2600.0,2600.0,0.0,0.0,0.0,0.0,0.0,0.0,0.0,0.0,0.0,0.0,0.0,200.0,0.07692307692307693,2025,12,19,4,353,51,0,-2.4492935982947064e-16,1.0,-0.20917350564635637,0.9778785428342386,2600.0,2600.0,2600.0,0.0,0.0
Maharashtra,Raigad,APMC Alibagh,Cereals,Rice,Other,Local,2500.0,2700.0,2600.0,Rs./Quintal,2025-12-20,0,2600.0,2600.0,2600.0,2600.0,2600.0,2600.0,2600.0,2600.0,2600.0,2600.0,0.0,0.0,0.0,0.0,0.0,0.0,0.0,0.0,0.0,0.0,0.0,200.0,0.07692307692307693,2025,12,20,5,354,51,1,-2.4492935982947064e-16,1.0,-0.19232150523909483,0.9813319716704275,2600.0,2600.0,2600.0,0.0,0.0
Maharashtra,Raigad,APMC Alibagh,Cereals,Rice,Other,Local,2500.0,2700.0,2600.0,Rs./Quintal,2025-12-21,0,2600.0,2600.0,2600.0,2600.0,2600.0,2600.0,2600.0,2600.0,2600.0,2600.0,0.0,0.0,0.0,0.0,0.0,0.0,0.0,0.0,0.0,0.0,0.0,200.0,0.07692307692307693,2025,12,21,6,355,51,1,-2.4492935982947064e-16,1.0,-0.17541259380427843,0.9844950085880858,2600.0,2600.0,2600.0,0.0,0.0
Maharashtra,Raigad,APMC Alibagh,Cereals,Rice,Other,Local,2500.0,2700.0,2600.0,Rs./Quintal,2025-12-22,0,2600.0,2600.0,2600.0,2600.0,2600.0,2600.0,2600.0,2600.0,2600.0,2600.0,0.0,0.0,0.0,0.0,0.0,0.0,0.0,0.0,0.0,0.0,0.0,200.0,0.07692307692307693,2025,12,22,0,356,52,0,-2.4492935982947064e-16,1.0,-0.15845177496083632,0.9873667175937016,2600.0,2600.0,2600.0,0.0,0.0
Maharashtra,Raigad,APMC Alibagh,Cereals,Rice,Other,Local,2500.0,2700.0,2600.0,Rs./Quintal,2025-12-23,0,2600.0,2600.0,2600.0,2600.0,2600.0,2600.0,2600.0,2600.0,2600.0,2600.0,0.0,0.0,0.0,0.0,0.0,0.0,0.0,0.0,0.0,0.0,0.0,200.0,0.07692307692307693,2025,12,23,1,357,52,0,-2.4492935982947064e-16,1.0,-0.14144406768794202,0.9899462489023779,2600.0,2600.0,2600.0,0.0,0.0
Maharashtra,Raigad,APMC Alibagh,Cereals,Rice,Other,Local,2500.0,2700.0,2600.0,Rs./Quintal,2025-12-24,0,2600.0,2600.0,2600.0,2600.0,2600.0,2600.0,2600.0,2600.0,2600.0,2600.0,0.0,0.0,0.0,0.0,0.0,0.0,0.0,0.0,0.0,0.0,0.0,200.0,0.07692307692307693,2025,12,24,2,358,52,0,-2.4492935982947064e-16,1.0,-0.12439450483979998,0.9922328391893008,2600.0,2600.0,2600.0,0.0,0.0
Maharashtra,Raigad,APMC Alibagh,Cereals,Rice,Other,Local,2500.0,2700.0,2600.0,Rs./Quintal,2025-12-25,0,2600.0,2600.0,2600.0,2600.0,2600.0,2600.0,2600.0,2600.0,2600.0,2600.0,0.0,0.0,0.0,0.0,0.0,0.0,0.0,0.0,0.0,0.0,0.0,200.0,0.07692307692307693,2025,12,25,3,359,52,0,-2.4492935982947064e-16,1.0,-0.10730813165636247,0.9942258118156161,2600.0,2600.0,2600.0,0.0,0.0
Maharashtra,Raigad,APMC Alibagh,Cereals,Rice,Other,Local,2500.0,2700.0,2600.0,Rs./Quintal,2025-12-26,0,2600.0,2600.0,2600.0,2600.0,2600.0,2600.0,2600.0,2600.0,2600.0,2600.0,0.0,0.0,0.0,0.0,0.0,0.0,0.0,0.0,0.0,0.0,0.0,200.0,0.07692307692307693,2025,12,26,4,360,52,0,-2.4492935982947064e-16,1.0,-0.09019000427034513,0.9959245770286599,2600.0,2600.0,2600.0,0.0,0.0
Maharashtra,Raigad,APMC Alibagh,Cereals,Rice,Other,Local,2500.0,2700.0,2600.0,Rs./Quintal,2025-12-27,0,2600.0,2600.0,2600.0,2600.0,2600.0,2600.0,2600.0,2600.0,2600.0,2600.0,0.0,0.0,0.0,0.0,0.0,0.0,0.0,0.0,0.0,0.0,0.0,200.0,0.07692307692307693,2025,12,27,5,361,52,1,-2.4492935982947064e-16,1.0,-0.07304518821104743,0.9973286321364752,2600.0,2600.0,2600.0,0.0,0.0
Maharashtra,Raigad,APMC Alibagh,Cereals,Rice,Other,Local,2500.0,2700.0,2600.0,Rs./Quintal,2025-12-28,0,2600.0,2600.0,2600.0,2600.0,2600.0,2600.0,2600.0,2600.0,2600.0,2600.0,0.0,0.0,0.0,0.0,0.0,0.0,0.0,0.0,0.0,0.0,0.0,200.0,0.07692307692307693,2025,12,28,6,362,52,1,-2.4492935982947064e-16,1.0,-0.05587875690537313,0.9984375616565666,2600.0,2600.0,2600.0,0.0,0.0
Maharashtra,Raigad,APMC Alibagh,Cereals,Rice,Other,Local,2500.0,2700.0,2600.0,Rs./Quintal,2025-12-29,0,2600.0,2600.0,2600.0,2600.0,2600.0,2600.0,2600.0,2600.0,2600.0,2600.0,0.0,0.0,0.0,0.0,0.0,0.0,0.0,0.0,0.0,0.0,0.0,200.0,0.07692307692307693,2025,12,29,0,363,1,0,-2.4492935982947064e-16,1.0,-0.03869579017652689,0.9992510374388481,2600.0,2600.0,2600.0,0.0,0.0
Maharashtra,Raigad,APMC Alibagh,Cereals,Rice,Other,Local,2500.0,2700.0,2600.0,Rs./Quintal,2025-12-30,0,2600.0,2600.0,2600.0,2600.0,2600.0,2600.0,2600.0,2600.0,2600.0,2600.0,0.0,0.0,0.0,0.0,0.0,0.0,0.0,0.0,0.0,0.0,0.0,200.0,0.07692307692307693,2025,12,30,1,364,1,0,-2.4492935982947064e-16,1.0,-0.021501372740813793,0.999768818762748,2600.0,2600.0,2600.0,0.0,0.0
Maharashtra,Raigad,APMC Alibagh,Cereals,Rice,Other,Local,2500.0,2700.0,2600.0,Rs./Quintal,2025-12-31,0,2600.0,2600.0,2600.0,2600.0,2600.0,2600.0,2600.0,2600.0,2600.0,2600.0,0.0,0.0,0.0,0.0,0.0,0.0,0.0,0.0,0.0,0.0,0.0,200.0,0.07692307692307693,2025,12,31,2,365,1,0,-2.4492935982947064e-16,1.0,-0.004300592702981974,0.9999907524084426,2600.0,2600.0,2600.0,0.0,0.0
Maharashtra,Raigad,APMC Alibagh,Cereals,Rice,Other,Local,2500.0,2700.0,2600.0,Rs./Quintal,2026-01-01,0,2600.0,2600.0,2600.0,2600.0,2600.0,2600.0,2600.0,2600.0,2600.0,2600.0,0.0,0.0,0.0,0.0,0.0,0.0,0.0,0.0,0.0,0.0,0.0,200.0,0.07692307692307693,2026,1,1,3,1,1,0,0.49999999999999994,0.8660254037844387,0.017201575418260506,0.9998520419557735,2600.0,2600.0,2600.0,0.0,0.0
Maharashtra,Raigad,APMC Alibagh,Cereals,Rice,Other,Local,2500.0,2700.0,2600.0,Rs./Quintal,2026-01-02,0,2600.0,2600.0,2600.0,2600.0,2600.0,2600.0,2600.0,2600.0,2600.0,2600.0,0.0,0.0,0.0,0.0,0.0,0.0,0.0,0.0,0.0,0.0,0.0,200.0,0.07692307692307693,2026,1,2,4,2,1,0,0.49999999999999994,0.8660254037844387,0.03439806061360801,0.9994082116062598,2600.0,2600.0,2600.0,0.0,0.0
Maharashtra,Raigad,APMC Alibagh,Cereals,Rice,Other,Local,2500.0,2700.0,2600.0,Rs./Quintal,2026-01-03,0,2600.0,2600.0,2600.0,2600.0,2600.0,2600.0,2600.0,2600.0,2600.0,2600.0,0.0,0.0,0.0,0.0,0.0,0.0,0.0,0.0,0.0,0.0,0.0,200.0,0.07692307692307693,2026,1,3,5,3,1,1,0.49999999999999994,0.8660254037844387,0.051584366869408364,0.9986686402879997,2600.0,2600.0,2600.0,0.0,0.0
Maharashtra,Raigad,APMC Alibagh,Cereals,Rice,Other,Local,2500.0,2700.0,2600.0,Rs./Quintal,2026-01-04,0,2600.0,2600.0,2600.0,2600.0,2600.0,2600.0,2600.0,2600.0,2600.0,2600.0,0.0,0.0,0.0,0.0,0.0,0.0,0.0,0.0,0.0,0.0,0.0,200.0,0.07692307692307693,2026,1,4,6,4,1,1,0.49999999999999994,0.8660254037844387,0.06875540848113941,0.9976335468520451,2600.0,2600.0,2600.0,0.0,0.0
Maharashtra,Raigad,APMC Alibagh,Cereals,Rice,Other,Local,2500.0,2700.0,2600.0,Rs./Quintal,2026-01-05,0,2600.0,2600.0,2600.0,2600.0,2600.0,2600.0,2600.0,2600.0,2600.0,2600.0,0.0,0.0,0.0,0.0,0.0,0.0,0.0,0.0,0.0,0.0,0.0,200.0,0.07692307692307693,2026,1,5,0,5,2,0,0.49999999999999994,0.8660254037844387,0.08590610426133272,0.9963032375991965,2600.0,2600.0,2600.0,0.0,0.0
Maharashtra,Raigad,APMC Alibagh,Cereals,Rice,Other,Local,2500.0,2700.0,2600.0,Rs./Quintal,2026-01-06,0,2600.0,2600.0,2600.0,2600.0,2600.0,2600.0,2600.0,2600.0,2600.0,2600.0,0.0,0.0,0.0,0.0,0.0,0.0,0.0,0.0,0.0,0.0,0.0,200.0,0.07692307692307693,2026,1,6,1,6,2,0,0.49999999999999994,0.8660254037844387,0.10303137904317879,0.9946781061893646,2600.0,2600.0,2600.0,0.0,0.0
Maharashtra,Raigad,APMC Alibagh,Cereals,Rice,Other,Local,2500.0,2700.0,2600.0,Rs./Quintal,2026-01-07,0,2600.0,2600.0,2600.0,2600.0,2600.0,2600.0,2600.0,2600.0,2600.0,2600.0,0.0,0.0,0.0,0.0,0.0,0.0,0.0,0.0,0.0,0.0,0.0,200.0,0.07692307692307693,2026,1,7,2,7,2,0,0.49999999999999994,0.8660254037844387,0.1201261651823505,0.9927586335250793,2600.0,2600.0,2600.0,0.0,0.0
Maharashtra,Raigad,APMC Alibagh,Cereals,Rice,Other,Local,2500.0,2700.0,2600.0,Rs./Quintal,2026-01-08,0,2600.0,2600.0,2600.0,2600.0,2600.0,2600.0,2600.0,2600.0,2600.0,2600.0,0.0,0.0,0.0,0.0,0.0,0.0,0.0,0.0,0.0,0.0,0.0,200.0,0.07692307692307693,2026,1,8,3,8,2,0,0.49999999999999994,0.8660254037844387,0.13718540405660057,0.9905453876091833,2600.0,2600.0,2600.0,0.0,0.0
Maharashtra,Raigad,APMC Alibagh,Cereals,Rice,Other,Local,2500.0,2700.0,2600.0,Rs./Quintal,2026-01-09,0,2600.0,2600.0,2600.0,2600.0,2600.0,2600.0,2600.0,2600.0,2600.0,2600.0,0.0,0.0,0.0,0.0,0.0,0.0,0.0,0.0,0.0,0.0,0.0,200.0,0.07692307692307693,2026,1,9,4,9,2,0,0.49999999999999994,0.8660254037844387,0.1542040475626894,0.988039023376751,2600.0,2600.0,2600.0,0.0,0.0
Maharashtra,Raigad,APMC Alibagh,Cereals,Rice,Other,Local,2500.0,2700.0,2600.0,Rs./Quintal,2026-01-10,0,2600.0,2600.0,2600.0,2600.0,2600.0,2600.0,2600.0,2600.0,2600.0,2600.0,0.0,0.0,0.0,0.0,0.0,0.0,0.0,0.0,0.0,0.0,0.0,200.0,0.07692307692307693,2026,1,10,5,10,2,1,0.49999999999999994,0.8660254037844387,0.17117705961019986,0.985240282501282,2600.0,2600.0,2600.0,0.0,0.0
Maharashtra,Raigad,APMC Alibagh,Cereals,Rice,Other,Local,2500.0,2700.0,2600.0,Rs./Quintal,2026-01-11,0,2600.0,2600.0,2600.0,2600.0,2600.0,2600.0,2600.0,2600.0,2600.0,2600.0,0.0,0.0,0.0,0.0,0.0,0.0,0.0,0.0,0.0,0.0,0.0,200.0,0.07692307692307693,2026,1,11,6,11,2,1,0.49999999999999994,0.8660254037844387,0.18809941761179758,0.9821499931752291,2600.0,2600.0,2600.0,0.0,0.0
Maharashtra,Raigad,APMC Alibagh,Cereals,Rice,Other,Local,2500.0,2700.0,2600.0,Rs./Quintal,2026-01-12,0,2600.0,2600.0,2600.0,2600.0,2600.0,2600.0,2600.0,2600.0,2600.0,2600.0,0.0,0.0,0.0,0.0,0.0,0.0,0.0,0.0,0.0,0.0,0.0,200.0,0.07692307692307693,2026,1,12,0,12,3,0,0.49999999999999994,0.8660254037844387,0.20496611396949532,0.9787690698649216,2600.0,2600.0,2600.0,0.0,0.0
Maharashtra,Raigad,APMC Alibagh,Cereals,Rice,Other,Local,2500.0,2700.0,2600.0,Rs./Quintal,2026-01-13,0,2600.0,2600.0,2600.0,2600.0,2600.0,2600.0,2600.0,2600.0,2600.0,2600.0,0.0,0.0,0.0,0.0,0.0,0.0,0.0,0.0,0.0,0.0,0.0,200.0,0.07692307692307693,2026,1,13,1,13,3,0,0.49999999999999994,0.8660254037844387,0.22177215755648186,0.975098513039961,2600.0,2600.0,2600.0,0.0,0.0
Maharashtra,Raigad,APMC Alibagh,Cereals,Rice,Other,Local,2500.0,2700.0,2600.0,Rs./Quintal,2026-01-14,0,2600.0,2600.0,2600.0,2600.0,2600.0,2600.0,2600.0,2600.0,2600.0,2600.0,0.0,0.0,0.0,0.0,0.0,0.0,0.0,0.0,0.0,0.0,0.0,200.0,0.07692307692307693,2026,1,14,2,14,3,0,0.49999999999999994,0.8660254037844387,0.23851257519407648,0.9711394088771653,2600.0,2600.0,2600.0,0.0,0.0
Maharashtra,Raigad,APMC Alibagh,Cereals,Rice,Other,Local,2500.0,2700.0,2600.0,Rs./Quintal,2026-01-15,0,2600.0,2600.0,2600.0,2600.0,2600.0,2600.0,2600.0,2600.0,2600.0,2600.0,0.0,0.0,0.0,0.0,0.0,0.0,0.0,0.0,0.0,0.0,0.0,200.0,0.07692307692307693,2026,1,15,3,15,3,0,0.49999999999999994,0.8660254037844387,0.2551824131233728,0.9668929289391521,2600.0,2600.0,2600.0,0.0,0.0
Maharashtra,Raigad,APMC Alibagh,Cereals,Rice,Other,Local,2500.0,2700.0,2600.0,Rs./Quintal,2026-01-16,0,2600.0,2600.0,2600.0,2600.0,2600.0,2600.0,2600.0,2600.0,2600.0,2600.0,0.0,0.0,0.0,0.0,0.0,0.0,0.0,0.0,0.0,0.0,0.0,200.0,0.07692307692307693,2026,1,16,4,16,3,0,0.49999999999999994,0.8660254037844387,0.2717767384711357,0.9623603298276545,2600.0,2600.0,2600.0,0.0,0.0
Maharashtra,Raigad,APMC Alibagh,Cereals,Rice,Other,Local,2500.0,2700.0,2600.0,Rs./Quintal,2026-01-17,0,2600.0,2600.0,2600.0,2600.0,2600.0,2600.0,2600.0,2600.0,2600.0,2600.0,0.0,0.0,0.0,0.0,0.0,0.0,0.0,0.0,0.0,0.0,0.0,200.0,0.07692307692307693,2026,1,17,5,17,3,1,0.49999999999999994,0.8660254037844387,0.2882906407095177,0.9575429528116719,2600.0,2600.0,2600.0,0.0,0.0
Maharashtra,Raigad,APMC Alibagh,Cereals,Rice,Other,Local,2500.0,2700.0,2600.0,Rs./Quintal,2026-01-18,0,2600.0,2600.0,2600.0,2600.0,2600.0,2600.0,2600.0,2600.0,2600.0,2600.0,0.0,0.0,0.0,0.0,0.0,0.0,0.0,0.0,0.0,0.0,0.0,200.0,0.07692307692307693,2026,1,18,6,18,3,1,0.49999999999999994,0.8660254037844387,0.3047192331091634,0.9524422234305676,2600.0,2600.0,2600.0,0.0,0.0
Maharashtra,Raigad,APMC Alibagh,Cereals,Rice,Other,Local,2500.0,2700.0,2600.0,Rs./Quintal,2026-01-19,0,2600.0,2600.0,2600.0,2600.0,2600.0,2600.0,2600.0,2600.0,2600.0,2600.0,0.0,0.0,0.0,0.0,0.0,0.0,0.0,0.0,0.0,0.0,0.0,200.0,0.07692307692307693,2026,1,19,0,19,4,0,0.49999999999999994,0.8660254037844387,0.321057654185271,0.9470596510722283,2600.0,2600.0,2600.0,0.0,0.0
Maharashtra,Raigad,APMC Alibagh,Cereals,Rice,Other,Local,2500.0,2700.0,2600.0,Rs./Quintal,2026-01-20,0,2600.0,2600.0,2600.0,2600.0,2600.0,2600.0,2600.0,2600.0,2600.0,2600.0,0.0,0.0,0.0,0.0,0.0,0.0,0.0,0.0,0.0,0.0,0.0,200.0,0.07692307692307693,2026,1,20,1,20,4,0,0.49999999999999994,0.8660254037844387,0.3373010691361842,0.9413968285264122,2600.0,2600.0,2600.0,0.0,0.0
Maharashtra,Raigad,APMC Alibagh,Cereals,Rice,Other,Local,2500.0,2700.0,2600.0,Rs./Quintal,2026-01-21,0,2600.0,2600.0,2600.0,2600.0,2600.0,2600.0,2600.0,2600.0,2600.0,2600.0,0.0,0.0,0.0,0.0,0.0,0.0,0.0,0.0,0.0,0.0,0.0,200.0,0.07692307692307693,2026,1,21,2,21,4,0,0.49999999999999994,0.8660254037844387,0.3534446712740877,0.9354554315134164,2600.0,2600.0,2600.0,0.0,0.0
Maharashtra,Raigad,APMC Alibagh,Cereals,Rice,Other,Local,2500.0,2700.0,2600.0,Rs./Quintal,2026-01-22,0,2600.0,2600.0,2600.0,2600.0,2600.0,2600.0,2600.0,2600.0,2600.0,2600.0,0.0,0.0,0.0,0.0,0.0,0.0,0.0,0.0,0.0,0.0,0.0,200.0,0.07692307692307693,2026,1,22,3,22,4,0,0.49999999999999994,0.8660254037844387,0.3694836834473831,0.9292372181882051,2600.0,2600.0,2600.0,0.0,0.0
Maharashtra,Raigad,APMC Alibagh,Cereals,Rice,Other,Local,2500.0,2700.0,2600.0,Rs./Quintal,2026-01-23,0,2600.0,2600.0,2600.0,2600.0,2600.0,2600.0,2600.0,2600.0,2600.0,2600.0,0.0,0.0,0.0,0.0,0.0,0.0,0.0,0.0,0.0,0.0,0.0,200.0,0.07692307692307693,2026,1,23,4,23,4,0,0.49999999999999994,0.8660254037844387,0.38541335945432564,0.9227440286201427,2600.0,2600.0,2600.0,0.0,0.0
Maharashtra,Raigad,APMC Alibagh,Cereals,Rice,Other,Local,2500.0,2700.0,2600.0,Rs./Quintal,2026-01-24,0,2600.0,2600.0,2600.0,2600.0,2600.0,2600.0,2600.0,2600.0,2600.0,2600.0,0.0,0.0,0.0,0.0,0.0,0.0,0.0,0.0,0.0,0.0,0.0,200.0,0.07692307692307693,2026,1,24,5,24,4,1,0.49999999999999994,0.8660254037844387,0.4012289854475009,0.9159777842484877,2600.0,2600.0,2600.0,0.0,0.0
Maharashtra,Raigad,APMC Alibagh,Cereals,Rice,Other,Local,2500.0,2700.0,2600.0,Rs./Quintal,2026-01-25,0,2600.0,2600.0,2600.0,2600.0,2600.0,2600.0,2600.0,2600.0,2600.0,2600.0,0.0,0.0,0.0,0.0,0.0,0.0,0.0,0.0,0.0,0.0,0.0,200.0,0.07692307692307693,2026,1,25,6,25,4,1,0.49999999999999994,0.8660254037844387,0.4169258813287287,0.908940487313808,2600.0,2600.0,2600.0,0.0,0.0
Maharashtra,Raigad,APMC Alibagh,Cereals,Rice,Other,Local,2500.0,2700.0,2600.0,Rs./Quintal,2026-01-26,0,2600.0,2600.0,2600.0,2600.0,2600.0,2600.0,2600.0,2600.0,2600.0,2600.0,0.0,0.0,0.0,0.0,0.0,0.0,0.0,0.0,0.0,0.0,0.0,200.0,0.07692307692307693,2026,1,26,0,26,5,0,0.49999999999999994,0.8660254037844387,0.4324994021339788,0.901634220265486,2600.0,2600.0,2600.0,0.0,0.0
Maharashtra,Raigad,APMC Alibagh,Cereals,Rice,Other,Local,2500.0,2700.0,2600.0,Rs./Quintal,2026-01-27,0,2600.0,2600.0,2600.0,2600.0,2600.0,2600.0,2600.0,2600.0,2600.0,2600.0,0.0,0.0,0.0,0.0,0.0,0.0,0.0,0.0,0.0,0.0,0.0,200.0,0.07692307692307693,2026,1,27,1,27,5,0,0.49999999999999994,0.8660254037844387,0.44794493940789115,0.8940611451454876,2600.0,2600.0,2600.0,0.0,0.0
Maharashtra,Raigad,APMC Alibagh,Cereals,Rice,Other,Local,2500.0,2700.0,2600.0,Rs./Quintal,2026-01-28,0,2600.0,2600.0,2600.0,2600.0,2600.0,2600.0,2600.0,2600.0,2600.0,2600.0,0.0,0.0,0.0,0.0,0.0,0.0,0.0,0.0,0.0,0.0,0.0,200.0,0.07692307692307693,2026,1,28,2,28,5,0,0.49999999999999994,0.8660254037844387,0.4632579225674917,0.88622350294858,2600.0,2600.0,2600.0,0.0,0.0
Maharashtra,Raigad,APMC Alibagh,Cereals,Rice,Other,Local,2500.0,2700.0,2600.0,Rs./Quintal,2026-01-29,0,2600.0,2600.0,2600.0,2600.0,2600.0,2600.0,2600.0,2600.0,2600.0,2600.0,0.0,0.0,0.0,0.0,0.0,0.0,0.0,0.0,0.0,0.0,0.0,200.0,0.07692307692307693,2026,1,29,3,29,5,0,0.49999999999999994,0.8660254037844387,0.4784338202547012,0.8781236129591848,2600.0,2600.0,2600.0,0.0,0.0
Maharashtra,Raigad,APMC Alibagh,Cereals,Rice,Other,Local,2500.0,2700.0,2600.0,Rs./Quintal,2026-01-30,0,2600.0,2600.0,2600.0,2600.0,2600.0,2600.0,2600.0,2600.0,2600.0,2600.0,0.0,0.0,0.0,0.0,0.0,0.0,0.0,0.0,0.0,0.0,0.0,200.0,0.07692307692307693,2026,1,30,4,30,5,0,0.49999999999999994,0.8660254037844387,0.49346814167723735,0.8697638720650646,2600.0,2600.0,2600.0,0.0,0.0
Maharashtra,Raigad,APMC Alibagh,Cereals,Rice,Other,Local,2500.0,2700.0,2600.0,Rs./Quintal,2026-01-31,0,2600.0,2600.0,2600.0,2600.0,2600.0,2600.0,2600.0,2600.0,2600.0,2600.0,0.0,0.0,0.0,0.0,0.0,0.0,0.0,0.0,0.0,0.0,0.0,200.0,0.07692307692307693,2026,1,31,5,31,5,1,0.49999999999999994,0.8660254037844387,0.5083564379375122,0.8611467540480452,2600.0,2600.0,2600.0,0.0,0.0
Maharashtra,Raigad,APMC Alibagh,Cereals,Rice,Other,Local,2500.0,2700.0,2600.0,Rs./Quintal,2026-02-01,0,2600.0,2600.0,2600.0,2600.0,2600.0,2600.0,2600.0,2600.0,2600.0,2600.0,0.0,0.0,0.0,0.0,0.0,0.0,0.0,0.0,0.0,0.0,0.0,200.0,0.07692307692307693,2026,2,1,6,32,5,1,0.8660254037844386,0.5000000000000001,0.5230943033491326,0.8522748088519838,2600.0,2600.0,2600.0,0.0,0.0
Maharashtra,Raigad,APMC Alibagh,Cereals,Rice,Other,Local,2500.0,2700.0,2600.0,Rs./Quintal,2026-02-02,0,2600.0,2600.0,2600.0,2600.0,2600.0,2600.0,2600.0,2600.0,2600.0,2600.0,0.0,0.0,0.0,0.0,0.0,0.0,0.0,0.0,0.0,0.0,0.0,200.0,0.07692307692307693,2026,2,2,0,33,6,0,0.8660254037844386,0.5000000000000001,0.5376773767406141,0.8431506618282,2600.0,2600.0,2600.0,0.0,0.0
Maharashtra,Raigad,APMC Alibagh,Cereals,Rice,Other,Local,2500.0,2700.0,2600.0,Rs./Quintal,2026-02-03,0,2600.0,2600.0,2600.0,2600.0,2600.0,2600.0,2600.0,2600.0,2600.0,2600.0,0.0,0.0,0.0,0.0,0.0,0.0,0.0,0.0,0.0,0.0,0.0,200.0,0.07692307692307693,2026,2,3,1,34,6,0,0.8660254037844386,0.5000000000000001,0.5521013427459208,0.8337770129585915,2600.0,2600.0,2600.0,0.0,0.0
Maharashtra,Raigad,APMC Alibagh,Cereals,Rice,Other,Local,2500.0,2700.0,2600.0,Rs./Quintal,2026-02-04,0,2600.0,2600.0,2600.0,2600.0,2600.0,2600.0,2600.0,2600.0,2600.0,2600.0,0.0,0.0,0.0,0.0,0.0,0.0,0.0,0.0,0.0,0.0,0.0,200.0,0.07692307692307693,2026,2,4,2,35,6,0,0.8660254037844386,0.5000000000000001,0.5663619330814524,0.8241566360566663,2600.0,2600.0,2600.0,0.0,0.0
Maharashtra,Raigad,APMC Alibagh,Cereals,Rice,Other,Local,2500.0,2700.0,2600.0,Rs./Quintal,2026-02-05,0,2600.0,2600.0,2600.0,2600.0,2600.0,2600.0,2600.0,2600.0,2600.0,2600.0,0.0,0.0,0.0,0.0,0.0,0.0,0.0,0.0,0.0,0.0,0.0,200.0,0.07692307692307693,2026,2,5,3,36,6,0,0.8660254037844386,0.5000000000000001,0.580454927809098,0.8142923779467267,2600.0,2600.0,2600.0,0.0,0.0
Maharashtra,Raigad,APMC Alibagh,Cereals,Rice,Other,Local,2500.0,2700.0,2600.0,Rs./Quintal,2026-02-06,0,2600.0,2600.0,2600.0,2600.0,2600.0,2600.0,2600.0,2600.0,2600.0,2600.0,0.0,0.0,0.0,0.0,0.0,0.0,0.0,0.0,0.0,0.0,0.0,200.0,0.07692307692307693,2026,2,6,4,37,6,0,0.8660254037844386,0.5000000000000001,0.5943761565849831,0.804187157621448,2600.0,2600.0,2600.0,0.0,0.0
Maharashtra,Raigad,APMC Alibagh,Cereals,Rice,Other,Local,2500.0,2700.0,2600.0,Rs./Quintal,2026-02-07,0,2600.0,2600.0,2600.0,2600.0,2600.0,2600.0,2600.0,2600.0,2600.0,2600.0,0.0,0.0,0.0,0.0,0.0,0.0,0.0,0.0,0.0,0.0,0.0,200.0,0.07692307692307693,2026,2,7,5,38,6,1,0.8660254037844386,0.5000000000000001,0.6081214998935418,0.7938439653781019,2600.0,2600.0,2600.0,0.0,0.0
Maharashtra,Raigad,APMC Alibagh,Cereals,Rice,Other,Local,2500.0,2700.0,2600.0,Rs./Quintal,2026-02-08,0,2600.0,2600.0,2600.0,2600.0,2600.0,2600.0,2600.0,2600.0,2600.0,2600.0,0.0,0.0,0.0,0.0,0.0,0.0,0.0,0.0,0.0,0.0,0.0,200.0,0.07692307692307693,2026,2,8,6,39,6,1,0.8660254037844386,0.5000000000000001,0.6216868902665479,0.7832658619336791,2600.0,2600.0,2600.0,0.0,0.0
Maharashtra,Raigad,APMC Alibagh,Cereals,Rice,Other,Local,2500.0,2700.0,2600.0,Rs./Quintal,2026-02-09,0,2600.0,2600.0,2600.0,2600.0,2600.0,2600.0,2600.0,2600.0,2600.0,2600.0,0.0,0.0,0.0,0.0,0.0,0.0,0.0,0.0,0.0,0.0,0.0,200.0,0.07692307692307693,2026,2,9,0,40,7,0,0.8660254037844386,0.5000000000000001,0.6350683134867438,0.7724559775191742,2600.0,2600.0,2600.0,0.0,0.0
Maharashtra,Raigad,APMC Alibagh,Cereals,Rice,Other,Local,2500.0,2700.0,2600.0,Rs./Quintal,2026-02-10,0,2600.0,2600.0,2600.0,2600.0,2600.0,2600.0,2600.0,2600.0,2600.0,2600.0,0.0,0.0,0.0,0.0,0.0,0.0,0.0,0.0,0.0,0.0,0.0,200.0,0.07692307692307693,2026,2,10,1,41,7,0,0.8660254037844386,0.5000000000000001,0.6482618097757122,0.7614175109532997,2600.0,2600.0,2600.0,0.0,0.0
Maharashtra,Raigad,APMC Alibagh,Cereals,Rice,Other,Local,2500.0,2700.0,2600.0,Rs./Quintal,2026-02-11,0,2600.0,2600.0,2600.0,2600.0,2600.0,2600.0,2600.0,2600.0,2600.0,2600.0,0.0,0.0,0.0,0.0,0.0,0.0,0.0,0.0,0.0,0.0,0.0,200.0,0.07692307692307693,2026,2,11,2,42,7,0,0.8660254037844386,0.5000000000000001,0.6612634749656386,0.7501537286959042,2600.0,2600.0,2600.0,0.0,0.0
Maharashtra,Raigad,APMC Alibagh,Cereals,Rice,Other,Local,2500.0,2700.0,2600.0,Rs./Quintal,2026-02-12,0,2600.0,2600.0,2600.0,2600.0,2600.0,2600.0,2600.0,2600.0,2600.0,2600.0,0.0,0.0,0.0,0.0,0.0,0.0,0.0,0.0,0.0,0.0,0.0,200.0,0.07692307692307693,2026,2,12,3,43,7,0,0.8660254037844386,0.5000000000000001,0.6740694616546162,0.7386679638813748,2600.0,2600.0,2600.0,0.0,0.0
Maharashtra,Raigad,APMC Alibagh,Cereals,Rice,Other,Local,2500.0,2700.0,2600.0,Rs./Quintal,2026-02-13,0,2600.0,2600.0,2600.0,2600.0,2600.0,2600.0,2600.0,2600.0,2600.0,2600.0,0.0,0.0,0.0,0.0,0.0,0.0,0.0,0.0,0.0,0.0,0.0,200.0,0.07692307692307693,2026,2,13,4,44,7,0,0.8660254037844386,0.5000000000000001,0.6866759803451553,0.726963615332308,2600.0,2600.0,2600.0,0.0,0.0
Maharashtra,Raigad,APMC Alibagh,Cereals,Rice,Other,Local,2500.0,2700.0,2600.0,Rs./Quintal,2026-02-14,0,2600.0,2600.0,2600.0,2600.0,2600.0,2600.0,2600.0,2600.0,2600.0,2600.0,0.0,0.0,0.0,0.0,0.0,0.0,0.0,0.0,0.0,0.0,0.0,200.0,0.07692307692307693,2026,2,14,5,45,7,1,0.8660254037844386,0.5000000000000001,0.6990793005655562,0.7150441465537444,2600.0,2600.0,2600.0,0.0,0.0
Maharashtra,Raigad,APMC Alibagh,Cereals,Rice,Other,Local,2500.0,2700.0,2600.0,Rs./Quintal,2026-02-15,0,2600.0,2600.0,2600.0,2600.0,2600.0,2600.0,2600.0,2600.0,2600.0,2600.0,0.0,0.0,0.0,0.0,0.0,0.0,0.0,0.0,0.0,0.0,0.0,200.0,0.07692307692307693,2026,2,15,6,46,7,1,0.8660254037844386,0.5000000000000001,0.7112757519738152,0.7029130847082615,2600.0,2600.0,2600.0,0.0,0.0
Maharashtra,Raigad,APMC Alibagh,Cereals,Rice,Other,Local,2500.0,2700.0,2600.0,Rs./Quintal,2026-02-16,0,2600.0,2600.0,2600.0,2600.0,2600.0,2600.0,2600.0,2600.0,2600.0,2600.0,0.0,0.0,0.0,0.0,0.0,0.0,0.0,0.0,0.0,0.0,0.0,200.0,0.07692307692307693,2026,2,16,0,47,8,0,0.8660254037844386,0.5000000000000001,0.7232617254437388,0.6905740195722293,2600.0,2600.0,2600.0,0.0,0.0
Maharashtra,Raigad,APMC Alibagh,Cereals,Rice,Other,Local,2500.0,2700.0,2600.0,Rs./Quintal,2026-02-17,0,2600.0,2600.0,2600.0,2600.0,2600.0,2600.0,2600.0,2600.0,2600.0,2600.0,0.0,0.0,0.0,0.0,0.0,0.0,0.0,0.0,0.0,0.0,0.0,200.0,0.07692307692307693,2026,2,17,1,48,8,0,0.8660254037844386,0.5000000000000001,0.7350336741329412,0.6780306024735382,2600.0,2600.0,2600.0,0.0,0.0
Maharashtra,Raigad,APMC Alibagh,Cereals,Rice,Other,Local,2500.0,2700.0,2600.0,Rs./Quintal,2026-02-18,0,2600.0,2600.0,2600.0,2600.0,2600.0,2600.0,2600.0,2600.0,2600.0,2600.0,0.0,0.0,0.0,0.0,0.0,0.0,0.0,0.0,0.0,0.0,0.0,200.0,0.07692307692307693,2026,2,18,2,49,8,0,0.8660254037844386,0.5000000000000001,0.746588114532413,0.6652865452111116,2600.0,2600.0,2600.0,0.0,0.0
Maharashtra,Raigad,APMC Alibagh,Cereals,Rice,Other,Local,2500.0,2700.0,2600.0,Rs./Quintal,2026-02-19,0,2600.0,2600.0,2600.0,2600.0,2600.0,2600.0,2600.0,2600.0,2600.0,2600.0,0.0,0.0,0.0,0.0,0.0,0.0,0.0,0.0,0.0,0.0,0.0,200.0,0.07692307692307693,2026,2,19,3,50,8,0,0.8660254037844386,0.5000000000000001,0.7579216274973472,0.6523456189565257,2600.0,2600.0,2600.0,0.0,0.0
Maharashtra,Raigad,APMC Alibagh,Cereals,Rice,Other,Local,2500.0,2700.0,2600.0,Rs./Quintal,2026-02-20,0,2600.0,2600.0,2600.0,2600.0,2600.0,2600.0,2600.0,2600.0,2600.0,2600.0,0.0,0.0,0.0,0.0,0.0,0.0,0.0,0.0,0.0,0.0,0.0,200.0,0.07692307692307693,2026,2,20,4,51,8,0,0.8660254037844386,0.5000000000000001,0.7690308592589181,0.6392116531380588,2600.0,2600.0,2600.0,0.0,0.0
Maharashtra,Raigad,APMC Alibagh,Cereals,Rice,Other,Local,2500.0,2700.0,2600.0,Rs./Quintal,2026-02-21,0,2600.0,2600.0,2600.0,2600.0,2600.0,2600.0,2600.0,2600.0,2600.0,2600.0,0.0,0.0,0.0,0.0,0.0,0.0,0.0,0.0,0.0,0.0,0.0,200.0,0.07692307692307693,2026,2,21,5,52,8,1,0.8660254037844386,0.5000000000000001,0.7799125224167177,0.6258885343075018,2600.0,2600.0,2600.0,0.0,0.0
Maharashtra,Raigad,APMC Alibagh,Cereals,Rice,Other,Local,2500.0,2700.0,2600.0,Rs./Quintal,2026-02-22,0,2600.0,2600.0,2600.0,2600.0,2600.0,2600.0,2600.0,2600.0,2600.0,2600.0,0.0,0.0,0.0,0.0,0.0,0.0,0.0,0.0,0.0,0.0,0.0,200.0,0.07692307692307693,2026,2,22,6,53,8,1,0.8660254037844386,0.5000000000000001,0.7905633969115482,0.612380204990065,2600.0,2600.0,2600.0,0.0,0.0
Maharashtra,Raigad,APMC Alibagh,Cereals,Rice,Other,Local,2500.0,2700.0,2600.0,Rs./Quintal,2026-02-23,0,2600.0,2600.0,2600.0,2600.0,2600.0,2600.0,2600.0,2600.0,2600.0,2600.0,0.0,0.0,0.0,0.0,0.0,0.0,0.0,0.0,0.0,0.0,0.0,200.0,0.07692307692307693,2026,2,23,0,54,9,0,0.8660254037844386,0.5000000000000001,0.8009803309782905,0.5986906625177214,2600.0,2600.0,2600.0,0.0,0.0
Maharashtra,Raigad,APMC Alibagh,Cereals,Rice,Other,Local,2500.0,2700.0,2600.0,Rs./Quintal,2026-02-24,0,2600.0,2600.0,2600.0,2600.0,2600.0,2600.0,2600.0,2600.0,2600.0,2600.0,0.0,0.0,0.0,0.0,0.0,0.0,0.0,0.0,0.0,0.0,0.0,200.0,0.07692307692307693,2026,2,24,1,55,9,0,0.8660254037844386,0.5000000000000001,0.8111602420785621,0.5848239578463322,2600.0,2600.0,2600.0,0.0,0.0
Maharashtra,Raigad,APMC Alibagh,Cereals,Rice,Other,Local,2500.0,2700.0,2600.0,Rs./Quintal,2026-02-25,0,2600.0,2600.0,2600.0,2600.0,2600.0,2600.0,2600.0,2600.0,2600.0,2600.0,0.0,0.0,0.0,0.0,0.0,0.0,0.0,0.0,0.0,0.0,0.0,200.0,0.07692307692307693,2026,2,25,2,56,9,0,0.8660254037844386,0.5000000000000001,0.8211001178128892,0.5707841943569036,2600.0,2600.0,2600.0,0.0,0.0
Maharashtra,Raigad,APMC Alibagh,Cereals,Rice,Other,Local,2500.0,2700.0,2600.0,Rs./Quintal,2026-02-26,0,2600.0,2600.0,2600.0,2600.0,2600.0,2600.0,2600.0,2600.0,2600.0,2600.0,0.0,0.0,0.0,0.0,0.0,0.0,0.0,0.0,0.0,0.0,0.0,200.0,0.07692307692307693,2026,2,26,3,57,9,0,0.8660254037844386,0.5000000000000001,0.8307970168121247,0.5565755266413303,2600.0,2600.0,2600.0,0.0,0.0
Maharashtra,Raigad,APMC Alibagh,Cereals,Rice,Other,Local,2500.0,2700.0,2600.0,Rs./Quintal,2026-02-27,0,2600.0,2600.0,2600.0,2600.0,2600.0,2600.0,2600.0,2600.0,2600.0,2600.0,0.0,0.0,0.0,0.0,0.0,0.0,0.0,0.0,0.0,0.0,0.0,200.0,0.07692307692307693,2026,2,27,4,58,9,0,0.8660254037844386,0.5000000000000001,0.8402480696078469,0.5422021592729844,2600.0,2600.0,2600.0,0.0,0.0
Maharashtra,Raigad,APMC Alibagh,Cereals,Rice,Other,Local,2500.0,2700.0,2600.0,Rs./Quintal,2026-02-28,0,2600.0,2600.0,2600.0,2600.0,2600.0,2600.0,2600.0,2600.0,2600.0,2600.0,0.0,0.0,0.0,0.0,0.0,0.0,0.0,0.0,0.0,0.0,0.0,200.0,0.07692307692307693,2026,2,28,5,59,9,1,0.8660254037844386,0.5000000000000001,0.8494504794814806,0.527668345562516,2600.0,2600.0,2600.0,0.0,0.0
Maharashtra,Raigad,APMC Alibagh,Cereals,Rice,Other,Local,2500.0,2700.0,2600.0,Rs./Quintal,2026-03-01,0,2600.0,2600.0,2600.0,2600.0,2600.0,2600.0,2600.0,2600.0,2600.0,2600.0,0.0,0.0,0.0,0.0,0.0,0.0,0.0,0.0,0.0,0.0,0.0,200.0,0.07692307692307693,2026,3,1,6,60,9,1,1.0,6.123233995736766e-17,0.8584015232918917,0.512978386299228,2600.0,2600.0,2600.0,0.0,0.0
Maharashtra,Raigad,APMC Alibagh,Cereals,Rice,Other,Local,2500.0,2700.0,2600.0,Rs./Quintal,2026-03-02,0,2600.0,2600.0,2600.0,2600.0,2600.0,2600.0,2600.0,2600.0,2600.0,2600.0,0.0,0.0,0.0,0.0,0.0,0.0,0.0,0.0,0.0,0.0,0.0,200.0,0.07692307692307693,2026,3,2,0,61,10,0,1.0,6.123233995736766e-17,0.8670985522812081,0.4981366284784055,2600.0,2600.0,2600.0,0.0,0.0
Maharashtra,Raigad,APMC Alibagh,Cereals,Rice,Other,Local,2500.0,2700.0,2600.0,Rs./Quintal,2026-03-03,0,2600.0,2600.0,2600.0,2600.0,2600.0,2600.0,2600.0,2600.0,2600.0,2600.0,0.0,0.0,0.0,0.0,0.0,0.0,0.0,0.0,0.0,0.0,0.0,200.0,0.07692307692307693,2026,3,3,1,62,10,0,1.0,6.123233995736766e-17,0.8755389928586302,0.4831474640149687,2600.0,2600.0,2600.0,0.0,0.0
Maharashtra,Raigad,APMC Alibagh,Cereals,Rice,Other,Local,2500.0,2700.0,2600.0,Rs./Quintal,2026-03-04,0,2600.0,2600.0,2600.0,2600.0,2600.0,2600.0,2600.0,2600.0,2600.0,2600.0,0.0,0.0,0.0,0.0,0.0,0.0,0.0,0.0,0.0,0.0,0.0,200.0,0.07692307692307693,2026,3,4,2,63,10,0,1.0,6.123233995736766e-17,0.8837203473619977,0.4680153284438345,2600.0,2600.0,2600.0,0.0,0.0
Maharashtra,Raigad,APMC Alibagh,Cereals,Rice,Other,Local,2500.0,2700.0,2600.0,Rs./Quintal,2026-03-05,0,2600.0,2600.0,2600.0,2600.0,2600.0,2600.0,2600.0,2600.0,2600.0,2600.0,0.0,0.0,0.0,0.0,0.0,0.0,0.0,0.0,0.0,0.0,0.0,200.0,0.07692307692307693,2026,3,5,3,64,10,0,1.0,6.123233995736766e-17,0.8916401947968874,0.45274469960737107,2600.0,2600.0,2600.0,0.0,0.0
Maharashtra,Raigad,APMC Alibagh,Cereals,Rice,Other,Local,2500.0,2700.0,2600.0,Rs./Quintal,2026-03-06,0,2600.0,2600.0,2600.0,2600.0,2600.0,2600.0,2600.0,2600.0,2600.0,2600.0,0.0,0.0,0.0,0.0,0.0,0.0,0.0,0.0,0.0,0.0,0.0,200.0,0.07692307692307693,2026,3,6,4,65,10,0,1.0,6.123233995736766e-17,0.8992961915530253,0.4373400963303323,2600.0,2600.0,2600.0,0.0,0.0
Maharashtra,Raigad,APMC Alibagh,Cereals,Rice,Other,Local,2500.0,2700.0,2600.0,Rs./Quintal,2026-03-07,0,2600.0,2600.0,2600.0,2600.0,2600.0,2600.0,2600.0,2600.0,2600.0,2600.0,0.0,0.0,0.0,0.0,0.0,0.0,0.0,0.0,0.0,0.0,0.0,200.0,0.07692307692307693,2026,3,7,5,66,10,1,1.0,6.123233995736766e-17,0.9066860720977985,0.4218060770826634,2600.0,2600.0,2600.0,0.0,0.0
Maharashtra,Raigad,APMC Alibagh,Cereals,Rice,Other,Local,2500.0,2700.0,2600.0,Rs./Quintal,2026-03-08,0,2600.0,2600.0,2600.0,2600.0,2600.0,2600.0,2600.0,2600.0,2600.0,2600.0,0.0,0.0,0.0,0.0,0.0,0.0,0.0,0.0,0.0,0.0,0.0,200.0,0.07692307692307693,2026,3,8,6,67,10,1,1.0,6.123233995736766e-17,0.9138076496466615,0.4061472386305789,2600.0,2600.0,2600.0,0.0,0.0
Maharashtra,Raigad,APMC Alibagh,Cereals,Rice,Other,Local,2500.0,2700.0,2600.0,Rs./Quintal,2026-03-09,0,2600.0,2600.0,2600.0,2600.0,2600.0,2600.0,2600.0,2600.0,2600.0,2600.0,0.0,0.0,0.0,0.0,0.0,0.0,0.0,0.0,0.0,0.0,0.0,200.0,0.07692307692307693,2026,3,9,0,68,11,0,1.0,6.123233995736766e-17,0.9206588168102428,0.3903682146763026,2600.0,2600.0,2600.0,0.0,0.0
Maharashtra,Raigad,APMC Alibagh,Cereals,Rice,Other,Local,2500.0,2700.0,2600.0,Rs./Quintal,2026-03-10,0,2600.0,2600.0,2600.0,2600.0,2600.0,2600.0,2600.0,2600.0,2600.0,2600.0,0.0,0.0,0.0,0.0,0.0,0.0,0.0,0.0,0.0,0.0,0.0,200.0,0.07692307692307693,2026,3,10,1,69,11,0,1.0,6.123233995736766e-17,0.9272375462179537,0.374473674486883,2600.0,2600.0,2600.0,0.0,0.0
Maharashtra,Raigad,APMC Alibagh,Cereals,Rice,Other,Local,2500.0,2700.0,2600.0,Rs./Quintal,2026-03-11,0,2600.0,2600.0,2600.0,2600.0,2600.0,2600.0,2600.0,2600.0,2600.0,2600.0,0.0,0.0,0.0,0.0,0.0,0.0,0.0,0.0,0.0,0.0,0.0,200.0,0.07692307692307693,2026,3,11,2,70,11,0,1.0,6.123233995736766e-17,0.9335418911179212,0.35846832151248087,2600.0,2600.0,2600.0,0.0,0.0
Maharashtra,Raigad,APMC Alibagh,Cereals,Rice,Other,Local,2500.0,2700.0,2600.0,Rs./Quintal,2026-03-12,0,2600.0,2600.0,2600.0,2600.0,2600.0,2600.0,2600.0,2600.0,2600.0,2600.0,0.0,0.0,0.0,0.0,0.0,0.0,0.0,0.0,0.0,0.0,0.0,200.0,0.07692307692307693,2026,3,12,3,71,11,0,1.0,6.123233995736766e-17,0.9395699859530622,0.342356891994542,2600.0,2600.0,2600.0,0.0,0.0
Maharashtra,Raigad,APMC Alibagh,Cereals,Rice,Other,Local,2500.0,2700.0,2600.0,Rs./Quintal,2026-03-13,0,2600.0,2600.0,2600.0,2600.0,2600.0,2600.0,2600.0,2600.0,2600.0,2600.0,0.0,0.0,0.0,0.0,0.0,0.0,0.0,0.0,0.0,0.0,0.0,200.0,0.07692307692307693,2026,3,13,4,72,11,0,1.0,6.123233995736766e-17,0.945320046913132,0.3261441535642696,2600.0,2600.0,2600.0,0.0,0.0
Maharashtra,Raigad,APMC Alibagh,Cereals,Rice,Other,Local,2500.0,2700.0,2600.0,Rs./Quintal,2026-03-14,0,2600.0,2600.0,2600.0,2600.0,2600.0,2600.0,2600.0,2600.0,2600.0,2600.0,0.0,0.0,0.0,0.0,0.0,0.0,0.0,0.0,0.0,0.0,0.0,200.0,0.07692307692307693,2026,3,14,5,73,11,1,1.0,6.123233995736766e-17,0.9507903724625832,0.3098349038318025,2600.0,2600.0,2600.0,0.0,0.0
Maharashtra,Raigad,APMC Alibagh,Cereals,Rice,Other,Local,2500.0,2700.0,2600.0,Rs./Quintal,2026-03-15,0,2600.0,2600.0,2600.0,2600.0,2600.0,2600.0,2600.0,2600.0,2600.0,2600.0,0.0,0.0,0.0,0.0,0.0,0.0,0.0,0.0,0.0,0.0,0.0,200.0,0.07692307692307693,2026,3,15,6,74,11,1,1.0,6.123233995736766e-17,0.9559793438440766,0.2934339689665273,2600.0,2600.0,2600.0,0.0,0.0
Maharashtra,Raigad,APMC Alibagh,Cereals,Rice,Other,Local,2500.0,2700.0,2600.0,Rs./Quintal,2026-03-16,0,2600.0,2600.0,2600.0,2600.0,2600.0,2600.0,2600.0,2600.0,2600.0,2600.0,0.0,0.0,0.0,0.0,0.0,0.0,0.0,0.0,0.0,0.0,0.0,200.0,0.07692307692307693,2026,3,16,0,75,12,0,1.0,6.123233995736766e-17,0.9608854255574977,0.27694620226893646,2600.0,2600.0,2600.0,0.0,0.0
Maharashtra,Raigad,APMC Alibagh,Cereals,Rice,Other,Local,2500.0,2700.0,2600.0,Rs./Quintal,2026-03-17,0,2600.0,2600.0,2600.0,2600.0,2600.0,2600.0,2600.0,2600.0,2600.0,2600.0,0.0,0.0,0.0,0.0,0.0,0.0,0.0,0.0,0.0,0.0,0.0,200.0,0.07692307692307693,2026,3,17,1,76,12,0,1.0,6.123233995736766e-17,0.9655071658143364,0.2603764827344581,2600.0,2600.0,2600.0,0.0,0.0
Maharashtra,Raigad,APMC Alibagh,Cereals,Rice,Other,Local,2500.0,2700.0,2600.0,Rs./Quintal,2026-03-18,0,2600.0,2600.0,2600.0,2600.0,2600.0,2600.0,2600.0,2600.0,2600.0,2600.0,0.0,0.0,0.0,0.0,0.0,0.0,0.0,0.0,0.0,0.0,0.0,200.0,0.07692307692307693,2026,3,18,2,77,12,0,1.0,6.123233995736766e-17,0.969843196967294,0.24372971360968387,2600.0,2600.0,2600.0,0.0,0.0
Maharashtra,Raigad,APMC Alibagh,Cereals,Rice,Other,Local,2500.0,2700.0,2600.0,Rs./Quintal,2026-03-19,0,2600.0,2600.0,2600.0,2600.0,2600.0,2600.0,2600.0,2600.0,2600.0,2600.0,0.0,0.0,0.0,0.0,0.0,0.0,0.0,0.0,0.0,0.0,0.0,200.0,0.07692307692307693,2026,3,19,3,78,12,0,1.0,6.123233995736766e-17,0.9738922359149924,0.22701082094141847,2600.0,2600.0,2600.0,0.0,0.0
Maharashtra,Raigad,APMC Alibagh,Cereals,Rice,Other,Local,2500.0,2700.0,2600.0,Rs./Quintal,2026-03-20,0,2600.0,2600.0,2600.0,2600.0,2600.0,2600.0,2600.0,2600.0,2600.0,2600.0,0.0,0.0,0.0,0.0,0.0,0.0,0.0,0.0,0.0,0.0,0.0,200.0,0.07692307692307693,2026,3,20,4,79,12,0,1.0,6.123233995736766e-17,0.9776530844816641,0.2102247521189836,2600.0,2600.0,2600.0,0.0,0.0
Maharashtra,Raigad,APMC Alibagh,Cereals,Rice,Other,Local,2500.0,2700.0,2600.0,Rs./Quintal,2026-03-21,0,2600.0,2600.0,2600.0,2600.0,2600.0,2600.0,2600.0,2600.0,2600.0,2600.0,0.0,0.0,0.0,0.0,0.0,0.0,0.0,0.0,0.0,0.0,0.0,200.0,0.07692307692307693,2026,3,21,5,80,12,1,1.0,6.123233995736766e-17,0.981124629771712,0.19337647441020586,2600.0,2600.0,2600.0,0.0,0.0
Maharashtra,Raigad,APMC Alibagh,Cereals,Rice,Other,Local,2500.0,2700.0,2600.0,Rs./Quintal,2026-03-22,0,2600.0,2600.0,2600.0,2600.0,2600.0,2600.0,2600.0,2600.0,2600.0,2600.0,0.0,0.0,0.0,0.0,0.0,0.0,0.0,0.0,0.0,0.0,0.0,200.0,0.07692307692307693,2026,3,22,6,81,12,1,1.0,6.123233995736766e-17,0.984305844499033,0.17647097349152166,2600.0,2600.0,2600.0,0.0,0.0
Maharashtra,Raigad,APMC Alibagh,Cereals,Rice,Other,Local,2500.0,2700.0,2600.0,Rs./Quintal,2026-03-23,0,2600.0,2600.0,2600.0,2600.0,2600.0,2600.0,2600.0,2600.0,2600.0,2600.0,0.0,0.0,0.0,0.0,0.0,0.0,0.0,0.0,0.0,0.0,0.0,200.0,0.07692307692307693,2026,3,23,0,82,13,0,1.0,6.123233995736766e-17,0.9871957872910085,0.15951325197263655,2600.0,2600.0,2600.0,0.0,0.0
Maharashtra,Raigad,APMC Alibagh,Cereals,Rice,Other,Local,2500.0,2700.0,2600.0,Rs./Quintal,2026-03-24,0,2600.0,2600.0,2600.0,2600.0,2600.0,2600.0,2600.0,2600.0,2600.0,2600.0,0.0,0.0,0.0,0.0,0.0,0.0,0.0,0.0,0.0,0.0,0.0,200.0,0.07692307692307693,2026,3,24,1,83,13,0,1.0,6.123233995736766e-17,0.9897936029670716,0.14250832791617088,2600.0,2600.0,2600.0,0.0,0.0
Maharashtra,Raigad,APMC Alibagh,Cereals,Rice,Other,Local,2500.0,2700.0,2600.0,Rs./Quintal,2026-03-25,0,2600.0,2600.0,2600.0,2600.0,2600.0,2600.0,2600.0,2600.0,2600.0,2600.0,0.0,0.0,0.0,0.0,0.0,0.0,0.0,0.0,0.0,0.0,0.0,200.0,0.07692307692307693,2026,3,25,2,84,13,0,1.0,6.123233995736766e-17,0.992098522791769,0.12546123335273648,2600.0,2600.0,2600.0,0.0,0.0
Maharashtra,Raigad,APMC Alibagh,Cereals,Rice,Other,Local,2500.0,2700.0,2600.0,Rs./Quintal,2026-03-26,0,2600.0,2600.0,2600.0,2600.0,2600.0,2600.0,2600.0,2600.0,2600.0,2600.0,0.0,0.0,0.0,0.0,0.0,0.0,0.0,0.0,0.0,0.0,0.0,200.0,0.07692307692307693,2026,3,26,3,85,13,0,1.0,6.123233995736766e-17,0.9941098647022418,0.10837701279187609,2600.0,2600.0,2600.0,0.0,0.0
Maharashtra,Raigad,APMC Alibagh,Cereals,Rice,Other,Local,2500.0,2700.0,2600.0,Rs./Quintal,2026-03-27,0,2600.0,2600.0,2600.0,2600.0,2600.0,2600.0,2600.0,2600.0,2600.0,2600.0,0.0,0.0,0.0,0.0,0.0,0.0,0.0,0.0,0.0,0.0,0.0,200.0,0.07692307692307693,2026,3,27,4,86,13,0,1.0,6.123233995736766e-17,0.9958270335100595,0.09126072172931188,2600.0,2600.0,2600.0,0.0,0.0
Maharashtra,Raigad,APMC Alibagh,Cereals,Rice,Other,Local,2500.0,2700.0,2600.0,Rs./Quintal,2026-03-28,0,2600.0,2600.0,2600.0,2600.0,2600.0,2600.0,2600.0,2600.0,2600.0,2600.0,0.0,0.0,0.0,0.0,0.0,0.0,0.0,0.0,0.0,0.0,0.0,200.0,0.07692307692307693,2026,3,28,5,87,13,1,1.0,6.123233995736766e-17,0.9972495210773451,0.07411742515094437,2600.0,2600.0,2600.0,0.0,0.0
Maharashtra,Raigad,APMC Alibagh,Cereals,Rice,Other,Local,2500.0,2700.0,2600.0,Rs./Quintal,2026-03-29,0,2600.0,2600.0,2600.0,2600.0,2600.0,2600.0,2600.0,2600.0,2600.0,2600.0,0.0,0.0,0.0,0.0,0.0,0.0,0.0,0.0,0.0,0.0,0.0,200.0,0.07692307692307693,2026,3,29,6,88,13,1,1.0,6.123233995736766e-17,0.998376906467142,0.056952196034039754,2600.0,2600.0,2600.0,0.0,0.0
Maharashtra,Raigad,APMC Alibagh,Cereals,Rice,Other,Local,2500.0,2700.0,2600.0,Rs./Quintal,2026-03-30,0,2600.0,2600.0,2600.0,2600.0,2600.0,2600.0,2600.0,2600.0,2600.0,2600.0,0.0,0.0,0.0,0.0,0.0,0.0,0.0,0.0,0.0,0.0,0.0,200.0,0.07692307692307693,2026,3,30,0,89,14,0,1.0,6.123233995736766e-17,0.9992088560679753,0.03977011384605572,2600.0,2600.0,2600.0,0.0,0.0
Maharashtra,Raigad,APMC Alibagh,Cereals,Rice,Other,Local,2500.0,2700.0,2600.0,Rs./Quintal,2026-03-31,0,2600.0,2600.0,2600.0,2600.0,2600.0,2600.0,2600.0,2600.0,2600.0,2600.0,0.0,0.0,0.0,0.0,0.0,0.0,0.0,0.0,0.0,0.0,0.0,200.0,0.07692307692307693,2026,3,31,1,90,14,0,1.0,6.123233995736766e-17,0.9997451236925734,0.022576263041545485,2600.0,2600.0,2600.0,0.0,0.0
Maharashtra,Raigad,APMC Alibagh,Cereals,Rice,Other,Local,2500.0,2700.0,2600.0,Rs./Quintal,2026-04-01,0,2600.0,2600.0,2600.0,2600.0,2600.0,2600.0,2600.0,2600.0,2600.0,2600.0,0.0,0.0,0.0,0.0,0.0,0.0,0.0,0.0,0.0,0.0,0.0,200.0,0.07692307692307693,2026,4,1,2,91,14,0,0.8660254037844387,-0.49999999999999983,0.9999855506507186,0.005375731557583884,2600.0,2600.0,2600.0,0.0,0.0
Maharashtra,Raigad,APMC Alibagh,Cereals,Rice,Other,Local,2500.0,2700.0,2600.0,Rs./Quintal,2026-04-02,0,2600.0,2600.0,2600.0,2600.0,2600.0,2600.0,2600.0,2600.0,2600.0,2600.0,0.0,0.0,0.0,0.0,0.0,0.0,0.0,0.0,0.0,0.0,0.0,200.0,0.07692307692307693,2026,4,2,3,92,14,0,0.8660254037844387,-0.49999999999999983,0.9999300657962057,-0.011826390691832589,2600.0,2600.0,2600.0,0.0,0.0
Maharashtra,Raigad,APMC Alibagh,Cereals,Rice,Other,Local,2500.0,2700.0,2600.0,Rs./Quintal,2026-04-03,0,2600.0,2600.0,2600.0,2600.0,2600.0,2600.0,2600.0,2600.0,2600.0,2600.0,0.0,0.0,0.0,0.0,0.0,0.0,0.0,0.0,0.0,0.0,0.0,200.0,0.07692307692307693,2026,4,3,4,93,14,0,0.8660254037844387,-0.49999999999999983,0.9995786855478958,-0.029025013321975237,2600.0,2600.0,2600.0,0.0,0.0
Maharashtra,Raigad,APMC Alibagh,Cereals,Rice,Other,Local,2500.0,2700.0,2600.0,Rs./Quintal,2026-04-04,0,2600.0,2600.0,2600.0,2600.0,2600.0,2600.0,2600.0,2600.0,2600.0,2600.0,0.0,0.0,0.0,0.0,0.0,0.0,0.0,0.0,0.0,0.0,0.0,200.0,0.07692307692307693,2026,4,4,5,94,14,1,0.8660254037844387,-0.49999999999999983,0.9989315138848577,-0.046215046983708354,2600.0,2600.0,2600.0,0.0,0.0
Maharashtra,Raigad,APMC Alibagh,Cereals,Rice,Other,Local,2500.0,2700.0,2600.0,Rs./Quintal,2026-04-05,0,2600.0,2600.0,2600.0,2600.0,2600.0,2600.0,2600.0,2600.0,2600.0,2600.0,0.0,0.0,0.0,0.0,0.0,0.0,0.0,0.0,0.0,0.0,0.0,200.0,0.07692307692307693,2026,4,5,6,95,14,1,0.8660254037844387,-0.49999999999999983,0.9979887423155984,-0.06339140486951038,2600.0,2600.0,2600.0,0.0,0.0
Maharashtra,Raigad,APMC Alibagh,Cereals,Rice,Other,Local,2500.0,2700.0,2600.0,Rs./Quintal,2026-04-06,0,2600.0,2600.0,2600.0,2600.0,2600.0,2600.0,2600.0,2600.0,2600.0,2600.0,0.0,0.0,0.0,0.0,0.0,0.0,0.0,0.0,0.0,0.0,0.0,200.0,0.07692307692307693,2026,4,6,0,96,15,0,0.8660254037844387,-0.49999999999999983,0.9967506498213929,-0.08054900421874167,2600.0,2600.0,2600.0,0.0,0.0
Maharashtra,Raigad,APMC Alibagh,Cereals,Rice,Other,Local,2500.0,2700.0,2600.0,Rs./Quintal,2026-04-07,0,2600.0,2600.0,2600.0,2600.0,2600.0,2600.0,2600.0,2600.0,2600.0,2600.0,0.0,0.0,0.0,0.0,0.0,0.0,0.0,0.0,0.0,0.0,0.0,200.0,0.07692307692307693,2026,4,7,1,97,15,0,0.8660254037844387,-0.49999999999999983,0.9952176027737294,-0.09768276782171598,2600.0,2600.0,2600.0,0.0,0.0
Maharashtra,Raigad,APMC Alibagh,Cereals,Rice,Other,Local,2500.0,2700.0,2600.0,Rs./Quintal,2026-04-08,0,2600.0,2600.0,2600.0,2600.0,2600.0,2600.0,2600.0,2600.0,2600.0,2600.0,0.0,0.0,0.0,0.0,0.0,0.0,0.0,0.0,0.0,0.0,0.0,200.0,0.07692307692307693,2026,4,8,2,98,15,0,0.8660254037844387,-0.49999999999999983,0.9933900548258936,-0.11478762552212701,2600.0,2600.0,2600.0,0.0,0.0
Maharashtra,Raigad,APMC Alibagh,Cereals,Rice,Other,Local,2500.0,2700.0,2600.0,Rs./Quintal,2026-04-09,0,2600.0,2600.0,2600.0,2600.0,2600.0,2600.0,2600.0,2600.0,2600.0,2600.0,0.0,0.0,0.0,0.0,0.0,0.0,0.0,0.0,0.0,0.0,0.0,200.0,0.07692307692307693,2026,4,9,3,99,15,0,0.8660254037844387,-0.49999999999999983,0.9912685467787256,-0.13185851571739118,2600.0,2600.0,2600.0,0.0,0.0
Maharashtra,Raigad,APMC Alibagh,Cereals,Rice,Other,Local,2500.0,2700.0,2600.0,Rs./Quintal,2026-04-10,0,2600.0,2600.0,2600.0,2600.0,2600.0,2600.0,2600.0,2600.0,2600.0,2600.0,0.0,0.0,0.0,0.0,0.0,0.0,0.0,0.0,0.0,0.0,0.0,200.0,0.07692307692307693,2026,4,10,4,100,15,0,0.8660254037844387,-0.49999999999999983,0.9888537064205885,-0.1488903868564548,2600.0,2600.0,2600.0,0.0,0.0
Maharashtra,Raigad,APMC Alibagh,Cereals,Rice,Other,Local,2500.0,2700.0,2600.0,Rs./Quintal,2026-04-11,0,2600.0,2600.0,2600.0,2600.0,2600.0,2600.0,2600.0,2600.0,2600.0,2600.0,0.0,0.0,0.0,0.0,0.0,0.0,0.0,0.0,0.0,0.0,0.0,200.0,0.07692307692307693,2026,4,11,5,101,15,1,0.8660254037844387,-0.49999999999999983,0.986146248341595,-0.16587819893463143,2600.0,2600.0,2600.0,0.0,0.0
Maharashtra,Raigad,APMC Alibagh,Cereals,Rice,Other,Local,2500.0,2700.0,2600.0,Rs./Quintal,2026-04-12,0,2600.0,2600.0,2600.0,2600.0,2600.0,2600.0,2600.0,2600.0,2600.0,2600.0,0.0,0.0,0.0,0.0,0.0,0.0,0.0,0.0,0.0,0.0,0.0,200.0,0.07692307692307693,2026,4,12,6,102,15,1,0.8660254037844387,-0.49999999999999983,0.9831469737221499,-0.1828169249850199,2600.0,2600.0,2600.0,0.0,0.0
Maharashtra,Raigad,APMC Alibagh,Cereals,Rice,Other,Local,2500.0,2700.0,2600.0,Rs./Quintal,2026-04-13,0,2600.0,2600.0,2600.0,2600.0,2600.0,2600.0,2600.0,2600.0,2600.0,2600.0,0.0,0.0,0.0,0.0,0.0,0.0,0.0,0.0,0.0,0.0,0.0,200.0,0.07692307692307693,2026,4,13,0,103,16,0,0.8660254037844387,-0.49999999999999983,0.9798567700958665,-0.1997015525660636,2600.0,2600.0,2600.0,0.0,0.0
Maharashtra,Raigad,APMC Alibagh,Cereals,Rice,Other,Local,2500.0,2700.0,2600.0,Rs./Quintal,2026-04-14,0,2600.0,2600.0,2600.0,2600.0,2600.0,2600.0,2600.0,2600.0,2600.0,2600.0,0.0,0.0,0.0,0.0,0.0,0.0,0.0,0.0,0.0,0.0,0.0,200.0,0.07692307692307693,2026,4,14,1,104,16,0,0.8660254037844387,-0.49999999999999983,0.9762766110869321,-0.21652708524481437,2600.0,2600.0,2600.0,0.0,0.0
Maharashtra,Raigad,APMC Alibagh,Cereals,Rice,Other,Local,2500.0,2700.0,2600.0,Rs./Quintal,2026-04-15,0,2600.0,2600.0,2600.0,2600.0,2600.0,2600.0,2600.0,2600.0,2600.0,2600.0,0.0,0.0,0.0,0.0,0.0,0.0,0.0,0.0,0.0,0.0,0.0,200.0,0.07692307692307693,2026,4,15,2,105,16,0,0.8660254037844387,-0.49999999999999983,0.9724075561219968,-0.23328854407545518,2600.0,2600.0,2600.0,0.0,0.0
Maharashtra,Raigad,APMC Alibagh,Cereals,Rice,Other,Local,2500.0,2700.0,2600.0,Rs./Quintal,2026-04-16,0,2600.0,2600.0,2600.0,2600.0,2600.0,2600.0,2600.0,2600.0,2600.0,2600.0,0.0,0.0,0.0,0.0,0.0,0.0,0.0,0.0,0.0,0.0,0.0,200.0,0.07692307692307693,2026,4,16,3,106,16,0,0.8660254037844387,-0.49999999999999983,0.9682507501166718,-0.2499809690726521,2600.0,2600.0,2600.0,0.0,0.0
Maharashtra,Raigad,APMC Alibagh,Cereals,Rice,Other,Local,2500.0,2700.0,2600.0,Rs./Quintal,2026-04-17,0,2600.0,2600.0,2600.0,2600.0,2600.0,2600.0,2600.0,2600.0,2600.0,2600.0,0.0,0.0,0.0,0.0,0.0,0.0,0.0,0.0,0.0,0.0,0.0,200.0,0.07692307692307693,2026,4,17,4,107,16,0,0.8660254037844387,-0.49999999999999983,0.9638074231367307,-0.26659942067929354,2600.0,2600.0,2600.0,0.0,0.0
Maharashtra,Raigad,APMC Alibagh,Cereals,Rice,Other,Local,2500.0,2700.0,2600.0,Rs./Quintal,2026-04-18,0,2600.0,2600.0,2600.0,2600.0,2600.0,2600.0,2600.0,2600.0,2600.0,2600.0,0.0,0.0,0.0,0.0,0.0,0.0,0.0,0.0,0.0,0.0,0.0,200.0,0.07692307692307693,2026,4,18,5,108,16,1,0.8660254037844387,-0.49999999999999983,0.9590788900341131,-0.28313898122818354,2600.0,2600.0,2600.0,0.0,0.0
Maharashtra,Raigad,APMC Alibagh,Cereals,Rice,Other,Local,2500.0,2700.0,2600.0,Rs./Quintal,2026-04-19,0,2600.0,2600.0,2600.0,2600.0,2600.0,2600.0,2600.0,2600.0,2600.0,2600.0,0.0,0.0,0.0,0.0,0.0,0.0,0.0,0.0,0.0,0.0,0.0,200.0,0.07692307692307693,2026,4,19,6,109,16,1,0.8660254037844387,-0.49999999999999983,0.9540665500578387,-0.2995947563972602,2600.0,2600.0,2600.0,0.0,0.0
Maharashtra,Raigad,APMC Alibagh,Cereals,Rice,Other,Local,2500.0,2700.0,2600.0,Rs./Quintal,2026-04-20,0,2600.0,2600.0,2600.0,2600.0,2600.0,2600.0,2600.0,2600.0,2600.0,2600.0,0.0,0.0,0.0,0.0,0.0,0.0,0.0,0.0,0.0,0.0,0.0,200.0,0.07692307692307693,2026,4,20,0,110,17,0,0.8660254037844387,-0.49999999999999983,0.9487718864399473,-0.31596187665790293,2600.0,2600.0,2600.0,0.0,0.0
Maharashtra,Raigad,APMC Alibagh,Cereals,Rice,Other,Local,2500.0,2700.0,2600.0,Rs./Quintal,2026-04-21,0,2600.0,2600.0,2600.0,2600.0,2600.0,2600.0,2600.0,2600.0,2600.0,2600.0,0.0,0.0,0.0,0.0,0.0,0.0,0.0,0.0,0.0,0.0,0.0,200.0,0.07692307692307693,2026,4,21,1,111,17,0,0.8660254037844387,-0.49999999999999983,0.9431964659565866,-0.33223549871590435,2600.0,2600.0,2600.0,0.0,0.0
Maharashtra,Raigad,APMC Alibagh,Cereals,Rice,Other,Local,2500.0,2700.0,2600.0,Rs./Quintal,2026-04-22,0,2600.0,2600.0,2600.0,2600.0,2600.0,2600.0,2600.0,2600.0,2600.0,2600.0,0.0,0.0,0.0,0.0,0.0,0.0,0.0,0.0,0.0,0.0,0.0,200.0,0.07692307692307693,2026,4,22,2,112,17,0,0.8660254037844387,-0.49999999999999983,0.9373419384643772,-0.3484108069446808,2600.0,2600.0,2600.0,0.0,0.0
Maharashtra,Raigad,APMC Alibagh,Cereals,Rice,Other,Local,2500.0,2700.0,2600.0,Rs./Quintal,2026-04-23,0,2600.0,2600.0,2600.0,2600.0,2600.0,2600.0,2600.0,2600.0,2600.0,2600.0,0.0,0.0,0.0,0.0,0.0,0.0,0.0,0.0,0.0,0.0,0.0,200.0,0.07692307692307693,2026,4,23,3,113,17,0,0.8660254037844387,-0.49999999999999983,0.9312100364121947,-0.3644830148102912,2600.0,2600.0,2600.0,0.0,0.0
Maharashtra,Raigad,APMC Alibagh,Cereals,Rice,Other,Local,2500.0,2700.0,2600.0,Rs./Quintal,2026-04-24,0,2600.0,2600.0,2600.0,2600.0,2600.0,2600.0,2600.0,2600.0,2600.0,2600.0,0.0,0.0,0.0,0.0,0.0,0.0,0.0,0.0,0.0,0.0,0.0,200.0,0.07692307692307693,2026,4,24,4,114,17,0,0.8660254037844387,-0.49999999999999983,0.9248025743285089,-0.38044736628785164,2600.0,2600.0,2600.0,0.0,0.0
Maharashtra,Raigad,APMC Alibagh,Cereals,Rice,Other,Local,2500.0,2700.0,2600.0,Rs./Quintal,2026-04-25,0,2600.0,2600.0,2600.0,2600.0,2600.0,2600.0,2600.0,2600.0,2600.0,2600.0,0.0,0.0,0.0,0.0,0.0,0.0,0.0,0.0,0.0,0.0,0.0,200.0,0.07692307692307693,2026,4,25,5,115,17,1,0.8660254037844387,-0.49999999999999983,0.9181214482844365,-0.39629913726891813,2600.0,2600.0,2600.0,0.0,0.0
Maharashtra,Raigad,APMC Alibagh,Cereals,Rice,Other,Local,2500.0,2700.0,2600.0,Rs./Quintal,2026-04-26,0,2600.0,2600.0,2600.0,2600.0,2600.0,2600.0,2600.0,2600.0,2600.0,2600.0,0.0,0.0,0.0,0.0,0.0,0.0,0.0,0.0,0.0,0.0,0.0,200.0,0.07692307692307693,2026,4,26,6,116,17,1,0.8660254037844387,-0.49999999999999983,0.9111686353326631,-0.41203363695942635,2600.0,2600.0,2600.0,0.0,0.0
Maharashtra,Raigad,APMC Alibagh,Cereals,Rice,Other,Local,2500.0,2700.0,2600.0,Rs./Quintal,2026-04-27,0,2600.0,2600.0,2600.0,2600.0,2600.0,2600.0,2600.0,2600.0,2600.0,2600.0,0.0,0.0,0.0,0.0,0.0,0.0,0.0,0.0,0.0,0.0,0.0,200.0,0.07692307692307693,2026,4,27,0,117,18,0,0.8660254037844387,-0.49999999999999983,0.9039461929224011,-0.42764620926777464,2600.0,2600.0,2600.0,0.0,0.0
Maharashtra,Raigad,APMC Alibagh,Cereals,Rice,Other,Local,2500.0,2700.0,2600.0,Rs./Quintal,2026-04-28,0,2600.0,2600.0,2600.0,2600.0,2600.0,2600.0,2600.0,2600.0,2600.0,2600.0,0.0,0.0,0.0,0.0,0.0,0.0,0.0,0.0,0.0,0.0,0.0,200.0,0.07692307692307693,2026,4,28,1,118,18,0,0.8660254037844387,-0.49999999999999983,0.8964562582905575,-0.44313223418263453,2600.0,2600.0,2600.0,0.0,0.0
Maharashtra,Raigad,APMC Alibagh,Cereals,Rice,Other,Local,2500.0,2700.0,2600.0,Rs./Quintal,2026-04-29,0,2600.0,2600.0,2600.0,2600.0,2600.0,2600.0,2600.0,2600.0,2600.0,2600.0,0.0,0.0,0.0,0.0,0.0,0.0,0.0,0.0,0.0,0.0,0.0,200.0,0.07692307692307693,2026,4,29,2,119,18,0,0.8660254037844387,-0.49999999999999983,0.8887010478292915,-0.45848712914008766,2600.0,2600.0,2600.0,0.0,0.0
Maharashtra,Raigad,APMC Alibagh,Cereals,Rice,Other,Local,2500.0,2700.0,2600.0,Rs./Quintal,2026-04-30,0,2600.0,2600.0,2600.0,2600.0,2600.0,2600.0,2600.0,2600.0,2600.0,2600.0,0.0,0.0,0.0,0.0,0.0,0.0,0.0,0.0,0.0,0.0,0.0,200.0,0.07692307692307693,2026,4,30,3,120,18,0,0.8660254037844387,-0.49999999999999983,0.8806828564301475,-0.47370635037968,2600.0,2600.0,2600.0,0.0,0.0
Maharashtra,Raigad,APMC Alibagh,Cereals,Rice,Other,Local,2500.0,2700.0,2600.0,Rs./Quintal,2026-05-01,0,2600.0,2600.0,2600.0,2600.0,2600.0,2600.0,2600.0,2600.0,2600.0,2600.0,0.0,0.0,0.0,0.0,0.0,0.0,0.0,0.0,0.0,0.0,0.0,200.0,0.07692307692307693,2026,5,1,4,121,18,0,0.49999999999999994,-0.8660254037844387,0.8724040568049612,-0.48878539428899265,2600.0,2600.0,2600.0,0.0,0.0
Maharashtra,Raigad,APMC Alibagh,Cereals,Rice,Other,Local,2500.0,2700.0,2600.0,Rs./Quintal,2026-05-02,0,2600.0,2600.0,2600.0,2600.0,2600.0,2600.0,2600.0,2600.0,2600.0,2600.0,0.0,0.0,0.0,0.0,0.0,0.0,0.0,0.0,0.0,0.0,0.0,200.0,0.07692307692307693,2026,5,2,5,122,18,1,0.49999999999999994,-0.8660254037844387,0.8638670987837349,-0.503719798736334,2600.0,2600.0,2600.0,0.0,0.0
Maharashtra,Raigad,APMC Alibagh,Cereals,Rice,Other,Local,2500.0,2700.0,2600.0,Rs./Quintal,2026-05-03,0,2600.0,2600.0,2600.0,2600.0,2600.0,2600.0,2600.0,2600.0,2600.0,2600.0,0.0,0.0,0.0,0.0,0.0,0.0,0.0,0.0,0.0,0.0,0.0,200.0,0.07692307692307693,2026,5,3,6,123,18,1,0.49999999999999994,-0.8660254037844387,0.8550745085896932,-0.518505144391157,2600.0,2600.0,2600.0,0.0,0.0
Maharashtra,Raigad,APMC Alibagh,Cereals,Rice,Other,Local,2500.0,2700.0,2600.0,Rs./Quintal,2026-05-04,0,2600.0,2600.0,2600.0,2600.0,2600.0,2600.0,2600.0,2600.0,2600.0,2600.0,0.0,0.0,0.0,0.0,0.0,0.0,0.0,0.0,0.0,0.0,0.0,200.0,0.07692307692307693,2026,5,4,0,124,19,0,0.49999999999999994,-0.8660254037844387,0.8460288880917339,-0.533137056031809,2600.0,2600.0,2600.0,0.0,0.0
Maharashtra,Raigad,APMC Alibagh,Cereals,Rice,Other,Local,2500.0,2700.0,2600.0,Rs./Quintal,2026-05-05,0,2600.0,2600.0,2600.0,2600.0,2600.0,2600.0,2600.0,2600.0,2600.0,2600.0,0.0,0.0,0.0,0.0,0.0,0.0,0.0,0.0,0.0,0.0,0.0,200.0,0.07692307692307693,2026,5,5,1,125,19,0,0.49999999999999994,-0.8660254037844387,0.8367329140344921,-0.5476112038402312,2600.0,2600.0,2600.0,0.0,0.0
Maharashtra,Raigad,APMC Alibagh,Cereals,Rice,Other,Local,2500.0,2700.0,2600.0,Rs./Quintal,2026-05-06,0,2600.0,2600.0,2600.0,2600.0,2600.0,2600.0,2600.0,2600.0,2600.0,2600.0,0.0,0.0,0.0,0.0,0.0,0.0,0.0,0.0,0.0,0.0,0.0,200.0,0.07692307692307693,2026,5,6,2,126,19,0,0.49999999999999994,-0.8660254037844387,0.8271893372462497,-0.5619233046832195,2600.0,2600.0,2600.0,0.0,0.0
Maharashtra,Raigad,APMC Alibagh,Cereals,Rice,Other,Local,2500.0,2700.0,2600.0,Rs./Quintal,2026-05-07,0,2600.0,2600.0,2600.0,2600.0,2600.0,2600.0,2600.0,2600.0,2600.0,2600.0,0.0,0.0,0.0,0.0,0.0,0.0,0.0,0.0,0.0,0.0,0.0,200.0,0.07692307692307693,2026,5,7,3,127,19,0,0.49999999999999994,-0.8660254037844387,0.8174009818249189,-0.5760691233798758,2600.0,2600.0,2600.0,0.0,0.0
Maharashtra,Raigad,APMC Alibagh,Cereals,Rice,Other,Local,2500.0,2700.0,2600.0,Rs./Quintal,2026-05-08,0,2600.0,2600.0,2600.0,2600.0,2600.0,2600.0,2600.0,2600.0,2600.0,2600.0,0.0,0.0,0.0,0.0,0.0,0.0,0.0,0.0,0.0,0.0,0.0,200.0,0.07692307692307693,2026,5,8,4,128,19,0,0.49999999999999994,-0.8660254037844387,0.8073707443023492,-0.5900444739548627,2600.0,2600.0,2600.0,0.0,0.0
Maharashtra,Raigad,APMC Alibagh,Cereals,Rice,Other,Local,2500.0,2700.0,2600.0,Rs./Quintal,2026-05-09,0,2600.0,2600.0,2600.0,2600.0,2600.0,2600.0,2600.0,2600.0,2600.0,2600.0,0.0,0.0,0.0,0.0,0.0,0.0,0.0,0.0,0.0,0.0,0.0,200.0,0.07692307692307693,2026,5,9,5,129,19,1,0.49999999999999994,-0.8660254037844387,0.7971015927871943,-0.6038452208771035,2600.0,2600.0,2600.0,0.0,0.0
Maharashtra,Raigad,APMC Alibagh,Cereals,Rice,Other,Local,2500.0,2700.0,2600.0,Rs./Quintal,2026-05-10,0,2600.0,2600.0,2600.0,2600.0,2600.0,2600.0,2600.0,2600.0,2600.0,2600.0,0.0,0.0,0.0,0.0,0.0,0.0,0.0,0.0,0.0,0.0,0.0,200.0,0.07692307692307693,2026,5,10,6,130,19,1,0.49999999999999994,-0.8660254037844387,0.7865965660866021,-0.6174672802835514,2600.0,2600.0,2600.0,0.0,0.0
Maharashtra,Raigad,APMC Alibagh,Cereals,Rice,Other,Local,2500.0,2700.0,2600.0,Rs./Quintal,2026-05-11,0,2600.0,2600.0,2600.0,2600.0,2600.0,2600.0,2600.0,2600.0,2600.0,2600.0,0.0,0.0,0.0,0.0,0.0,0.0,0.0,0.0,0.0,0.0,0.0,200.0,0.07692307692307693,2026,5,11,0,131,20,0,0.49999999999999994,-0.8660254037844387,0.7758587728069828,-0.6309066211876704,2600.0,2600.0,2600.0,0.0,0.0
Maharashtra,Raigad,APMC Alibagh,Cereals,Rice,Other,Local,2500.0,2700.0,2600.0,Rs./Quintal,2026-05-12,0,2600.0,2600.0,2600.0,2600.0,2600.0,2600.0,2600.0,2600.0,2600.0,2600.0,0.0,0.0,0.0,0.0,0.0,0.0,0.0,0.0,0.0,0.0,0.0,200.0,0.07692307692307693,2026,5,12,1,132,20,0,0.49999999999999994,-0.8660254037844387,0.7648913904341226,-0.6441592666722685,2600.0,2600.0,2600.0,0.0,0.0
Maharashtra,Raigad,APMC Alibagh,Cereals,Rice,Other,Local,2500.0,2700.0,2600.0,Rs./Quintal,2026-05-13,0,2600.0,2600.0,2600.0,2600.0,2600.0,2600.0,2600.0,2600.0,2600.0,2600.0,0.0,0.0,0.0,0.0,0.0,0.0,0.0,0.0,0.0,0.0,0.0,200.0,0.07692307692307693,2026,5,13,2,133,20,0,0.49999999999999994,-0.8660254037844387,0.753697664392914,-0.6572212950663319,2600.0,2600.0,2600.0,0.0,0.0
Maharashtra,Raigad,APMC Alibagh,Cereals,Rice,Other,Local,2500.0,2700.0,2600.0,Rs./Quintal,2026-05-14,0,2600.0,2600.0,2600.0,2600.0,2600.0,2600.0,2600.0,2600.0,2600.0,2600.0,0.0,0.0,0.0,0.0,0.0,0.0,0.0,0.0,0.0,0.0,0.0,200.0,0.07692307692307693,2026,5,14,3,134,20,0,0.49999999999999994,-0.8660254037844387,0.742280907086982,-0.6700888411055113,2600.0,2600.0,2600.0,0.0,0.0
Maharashtra,Raigad,APMC Alibagh,Cereals,Rice,Other,Local,2500.0,2700.0,2600.0,Rs./Quintal,2026-05-15,0,2600.0,2600.0,2600.0,2600.0,2600.0,2600.0,2600.0,2600.0,2600.0,2600.0,0.0,0.0,0.0,0.0,0.0,0.0,0.0,0.0,0.0,0.0,0.0,200.0,0.07692307692307693,2026,5,15,4,135,20,0,0.49999999999999994,-0.8660254037844387,0.7306444969184916,-0.6827580970759147,2600.0,2600.0,2600.0,0.0,0.0
Maharashtra,Raigad,APMC Alibagh,Cereals,Rice,Other,Local,2500.0,2700.0,2600.0,Rs./Quintal,2026-05-16,0,2600.0,2600.0,2600.0,2600.0,2600.0,2600.0,2600.0,2600.0,2600.0,2600.0,0.0,0.0,0.0,0.0,0.0,0.0,0.0,0.0,0.0,0.0,0.0,200.0,0.07692307692307693,2026,5,16,5,136,20,1,0.49999999999999994,-0.8660254037844387,0.7187918772884232,-0.6952253139408723,2600.0,2600.0,2600.0,0.0,0.0
Maharashtra,Raigad,APMC Alibagh,Cereals,Rice,Other,Local,2500.0,2700.0,2600.0,Rs./Quintal,2026-05-17,0,2600.0,2600.0,2600.0,2600.0,2600.0,2600.0,2600.0,2600.0,2600.0,2600.0,0.0,0.0,0.0,0.0,0.0,0.0,0.0,0.0,0.0,0.0,0.0,200.0,0.07692307692307693,2026,5,17,6,137,20,1,0.49999999999999994,-0.8660254037844387,0.7067265555776159,-0.7074868024503348,2600.0,2600.0,2600.0,0.0,0.0
Maharashtra,Raigad,APMC Alibagh,Cereals,Rice,Other,Local,2500.0,2700.0,2600.0,Rs./Quintal,2026-05-18,0,2600.0,2600.0,2600.0,2600.0,2600.0,2600.0,2600.0,2600.0,2600.0,2600.0,0.0,0.0,0.0,0.0,0.0,0.0,0.0,0.0,0.0,0.0,0.0,200.0,0.07692307692307693,2026,5,18,0,138,21,0,0.49999999999999994,-0.8660254037844387,0.6944521021088763,-0.719538934232584,2600.0,2600.0,2600.0,0.0,0.0
Maharashtra,Raigad,APMC Alibagh,Cereals,Rice,Other,Local,2500.0,2700.0,2600.0,Rs./Quintal,2026-05-19,0,2600.0,2600.0,2600.0,2600.0,2600.0,2600.0,2600.0,2600.0,2600.0,2600.0,0.0,0.0,0.0,0.0,0.0,0.0,0.0,0.0,0.0,0.0,0.0,200.0,0.07692307692307693,2026,5,19,1,139,21,0,0.49999999999999994,-0.8660254037844387,0.6819721490904629,-0.7313781428679254,2600.0,2600.0,2600.0,0.0,0.0
Maharashtra,Raigad,APMC Alibagh,Cereals,Rice,Other,Local,2500.0,2700.0,2600.0,Rs./Quintal,2026-05-20,0,2600.0,2600.0,2600.0,2600.0,2600.0,2600.0,2600.0,2600.0,2600.0,2600.0,0.0,0.0,0.0,0.0,0.0,0.0,0.0,0.0,0.0,0.0,0.0,200.0,0.07692307692307693,2026,5,20,2,140,21,0,0.49999999999999994,-0.8660254037844387,0.6692903895412567,-0.7430009249440493,2600.0,2600.0,2600.0,0.0,0.0
Maharashtra,Raigad,APMC Alibagh,Cereals,Rice,Other,Local,2500.0,2700.0,2600.0,Rs./Quintal,2026-05-21,0,2600.0,2600.0,2600.0,2600.0,2600.0,2600.0,2600.0,2600.0,2600.0,2600.0,0.0,0.0,0.0,0.0,0.0,0.0,0.0,0.0,0.0,0.0,0.0,200.0,0.07692307692307693,2026,5,21,3,141,21,0,0.49999999999999994,-0.8660254037844387,0.6564105761979381,-0.7544038410927472,2600.0,2600.0,2600.0,0.0,0.0
Maharashtra,Raigad,APMC Alibagh,Cereals,Rice,Other,Local,2500.0,2700.0,2600.0,Rs./Quintal,2026-05-22,0,2600.0,2600.0,2600.0,2600.0,2600.0,2600.0,2600.0,2600.0,2600.0,2600.0,0.0,0.0,0.0,0.0,0.0,0.0,0.0,0.0,0.0,0.0,0.0,200.0,0.07692307692307693,2026,5,22,4,142,21,0,0.49999999999999994,-0.8660254037844387,0.6433365204044917,-0.765583517007675,2600.0,2600.0,2600.0,0.0,0.0
Maharashtra,Raigad,APMC Alibagh,Cereals,Rice,Other,Local,2500.0,2700.0,2600.0,Rs./Quintal,2026-05-23,0,2600.0,2600.0,2600.0,2600.0,2600.0,2600.0,2600.0,2600.0,2600.0,2600.0,0.0,0.0,0.0,0.0,0.0,0.0,0.0,0.0,0.0,0.0,0.0,200.0,0.07692307692307693,2026,5,23,5,143,21,1,0.49999999999999994,-0.8660254037844387,0.6300720909843687,-0.7765366444428655,2600.0,2600.0,2600.0,0.0,0.0
Maharashtra,Raigad,APMC Alibagh,Cereals,Rice,Other,Local,2500.0,2700.0,2600.0,Rs./Quintal,2026-05-24,0,2600.0,2600.0,2600.0,2600.0,2600.0,2600.0,2600.0,2600.0,2600.0,2600.0,0.0,0.0,0.0,0.0,0.0,0.0,0.0,0.0,0.0,0.0,0.0,200.0,0.07692307692307693,2026,5,24,6,144,21,1,0.49999999999999994,-0.8660254037844387,0.6166212130956382,-0.7872599821916922,2600.0,2600.0,2600.0,0.0,0.0
Maharashtra,Raigad,APMC Alibagh,Cereals,Rice,Other,Local,2500.0,2700.0,2600.0,Rs./Quintal,2026-05-25,0,2600.0,2600.0,2600.0,2600.0,2600.0,2600.0,2600.0,2600.0,2600.0,2600.0,0.0,0.0,0.0,0.0,0.0,0.0,0.0,0.0,0.0,0.0,0.0,200.0,0.07692307692307693,2026,5,25,0,145,22,0,0.49999999999999994,-0.8660254037844387,0.6029878670694714,-0.7977503570459932,2600.0,2600.0,2600.0,0.0,0.0
Maharashtra,Raigad,APMC Alibagh,Cereals,Rice,Other,Local,2500.0,2700.0,2600.0,Rs./Quintal,2026-05-26,0,2600.0,2600.0,2600.0,2600.0,2600.0,2600.0,2600.0,2600.0,2600.0,2600.0,0.0,0.0,0.0,0.0,0.0,0.0,0.0,0.0,0.0,0.0,0.0,200.0,0.07692307692307693,2026,5,26,1,146,22,0,0.49999999999999994,-0.8660254037844387,0.5891760872322963,-0.8080046647350754,2600.0,2600.0,2600.0,0.0,0.0
Maharashtra,Raigad,APMC Alibagh,Cereals,Rice,Other,Local,2500.0,2700.0,2600.0,Rs./Quintal,2026-05-27,0,2600.0,2600.0,2600.0,2600.0,2600.0,2600.0,2600.0,2600.0,2600.0,2600.0,0.0,0.0,0.0,0.0,0.0,0.0,0.0,0.0,0.0,0.0,0.0,200.0,0.07692307692307693,2026,5,27,2,147,22,0,0.49999999999999994,-0.8660254037844387,0.5751899607119775,-0.8180198708443175,2600.0,2600.0,2600.0,0.0,0.0
Maharashtra,Raigad,APMC Alibagh,Cereals,Rice,Other,Local,2500.0,2700.0,2600.0,Rs./Quintal,2026-05-28,0,2600.0,2600.0,2600.0,2600.0,2600.0,2600.0,2600.0,2600.0,2600.0,2600.0,0.0,0.0,0.0,0.0,0.0,0.0,0.0,0.0,0.0,0.0,0.0,200.0,0.07692307692307693,2026,5,28,3,148,22,0,0.49999999999999994,-0.8660254037844387,0.5610336262283677,-0.8277930117131022,2600.0,2600.0,2600.0,0.0,0.0
Maharashtra,Raigad,APMC Alibagh,Cereals,Rice,Other,Local,2500.0,2700.0,2600.0,Rs./Quintal,2026-05-29,0,2600.0,2600.0,2600.0,2600.0,2600.0,2600.0,2600.0,2600.0,2600.0,2600.0,0.0,0.0,0.0,0.0,0.0,0.0,0.0,0.0,0.0,0.0,0.0,200.0,0.07692307692307693,2026,5,29,4,149,22,0,0.49999999999999994,-0.8660254037844387,0.5467112728685939,-0.8373211953118121,2600.0,2600.0,2600.0,0.0,0.0
Maharashtra,Raigad,APMC Alibagh,Cereals,Rice,Other,Local,2500.0,2700.0,2600.0,Rs./Quintal,2026-05-30,0,2600.0,2600.0,2600.0,2600.0,2600.0,2600.0,2600.0,2600.0,2600.0,2600.0,0.0,0.0,0.0,0.0,0.0,0.0,0.0,0.0,0.0,0.0,0.0,200.0,0.07692307692307693,2026,5,30,5,150,22,1,0.49999999999999994,-0.8660254037844387,0.5322271388474397,-0.8466016020976267,2600.0,2600.0,2600.0,0.0,0.0
Maharashtra,Raigad,APMC Alibagh,Cereals,Rice,Other,Local,2500.0,2700.0,2600.0,Rs./Quintal,2026-05-31,0,2600.0,2600.0,2600.0,2600.0,2600.0,2600.0,2600.0,2600.0,2600.0,2600.0,0.0,0.0,0.0,0.0,0.0,0.0,0.0,0.0,0.0,0.0,0.0,200.0,0.07692307692307693,2026,5,31,6,151,22,1,0.49999999999999994,-0.8660254037844387,0.5175855102531889,-0.8556314858488706,2600.0,2600.0,2600.0,0.0,0.0
Maharashtra,Raigad,APMC Alibagh,Cereals,Rice,Other,Local,2500.0,2700.0,2600.0,Rs./Quintal,2026-06-01,0,2600.0,2600.0,2600.0,2600.0,2600.0,2600.0,2600.0,2600.0,2600.0,2600.0,0.0,0.0,0.0,0.0,0.0,0.0,0.0,0.0,0.0,0.0,0.0,200.0,0.07692307692307693,2026,6,1,0,152,23,0,1.2246467991473532e-16,-1.0,0.5027907197793043,-0.8644081744776648,2600.0,2600.0,2600.0,0.0,0.0
Maharashtra,Raigad,APMC Alibagh,Cereals,Rice,Other,Local,2500.0,2700.0,2600.0,Rs./Quintal,2026-06-02,0,2600.0,2600.0,2600.0,2600.0,2600.0,2600.0,2600.0,2600.0,2600.0,2600.0,0.0,0.0,0.0,0.0,0.0,0.0,0.0,0.0,0.0,0.0,0.0,200.0,0.07692307692307693,2026,6,2,1,153,23,0,1.2246467991473532e-16,-1.0,0.4878471454423119,-0.8729290708206411,2600.0,2600.0,2600.0,0.0,0.0
Maharashtra,Raigad,APMC Alibagh,Cereals,Rice,Other,Local,2500.0,2700.0,2600.0,Rs./Quintal,2026-06-03,0,2600.0,2600.0,2600.0,2600.0,2600.0,2600.0,2600.0,2600.0,2600.0,2600.0,0.0,0.0,0.0,0.0,0.0,0.0,0.0,0.0,0.0,0.0,0.0,200.0,0.07692307692307693,2026,6,3,2,154,23,0,1.2246467991473532e-16,-1.0,0.47275920928627757,-0.881191653407483,2600.0,2600.0,2600.0,0.0,0.0
Maharashtra,Raigad,APMC Alibagh,Cereals,Rice,Other,Local,2500.0,2700.0,2600.0,Rs./Quintal,2026-06-04,0,2600.0,2600.0,2600.0,2600.0,2600.0,2600.0,2600.0,2600.0,2600.0,2600.0,0.0,0.0,0.0,0.0,0.0,0.0,0.0,0.0,0.0,0.0,0.0,200.0,0.07692307692307693,2026,6,4,3,155,23,0,1.2246467991473532e-16,-1.0,0.4575313760742512,-0.8891934772070711,2600.0,2600.0,2600.0,0.0,0.0
Maharashtra,Raigad,APMC Alibagh,Cereals,Rice,Other,Local,2500.0,2700.0,2600.0,Rs./Quintal,2026-06-05,0,2600.0,2600.0,2600.0,2600.0,2600.0,2600.0,2600.0,2600.0,2600.0,2600.0,0.0,0.0,0.0,0.0,0.0,0.0,0.0,0.0,0.0,0.0,0.0,200.0,0.07692307692307693,2026,6,5,4,156,23,0,1.2246467991473532e-16,-1.0,0.44216815196707204,-0.8969321743510065,2600.0,2600.0,4250.0,0.0,1650.0
Maharashtra,Raigad,APMC Alibagh,Cereals,Rice,Other,Local,2500.0,2700.0,2600.0,Rs./Quintal,2026-06-06,0,2600.0,2600.0,2600.0,2600.0,2600.0,2600.0,2600.0,2600.0,2600.0,2600.0,0.0,0.0,0.0,0.0,0.0,0.0,0.0,0.0,0.0,0.0,0.0,200.0,0.07692307692307693,2026,6,6,5,157,23,1,1.2246467991473532e-16,-1.0,0.42667408318992467,-0.9044054548343001,2600.0,2600.0,4250.0,0.0,1650.0
Maharashtra,Raigad,APMC Alibagh,Cereals,Rice,Other,Local,2500.0,2700.0,2600.0,Rs./Quintal,2026-06-07,0,2600.0,2600.0,2600.0,2600.0,2600.0,2600.0,2600.0,2600.0,2600.0,2600.0,0.0,0.0,0.0,0.0,0.0,0.0,0.0,0.0,0.0,0.0,0.0,200.0,0.07692307692307693,2026,6,7,6,158,23,1,1.2246467991473532e-16,-1.0,0.4110537546870351,-0.9116111071930239,2600.0,2600.0,4250.0,0.0,1650.0
Maharashtra,Raigad,APMC Alibagh,Cereals,Rice,Other,Local,2500.0,2700.0,2600.0,Rs./Quintal,2026-06-08,0,2600.0,2600.0,2600.0,2600.0,2600.0,2600.0,2600.0,2600.0,2600.0,2600.0,0.0,0.0,0.0,0.0,0.0,0.0,0.0,0.0,0.0,0.0,0.0,200.0,0.07692307692307693,2026,6,8,0,159,24,0,1.2246467991473532e-16,-1.0,0.3953117887649151,-0.9185469991587165,2600.0,2600.0,4250.0,0.0,1650.0
Maharashtra,Raigad,APMC Alibagh,Cereals,Rice,Other,Local,2500.0,2700.0,2600.0,Rs./Quintal,2026-06-09,0,2600.0,2600.0,2600.0,2600.0,2600.0,2600.0,2600.0,2600.0,2600.0,2600.0,0.0,0.0,0.0,0.0,0.0,0.0,0.0,0.0,0.0,0.0,0.0,200.0,0.07692307692307693,2026,6,9,1,160,24,0,1.2246467991473532e-16,-1.0,0.37945284372454435,-0.925211078289358,2600.0,4250.0,4250.0,1650.0,1650.0
Maharashtra,Raigad,APMC Alibagh,Cereals,Rice,Other,Local,2500.0,2700.0,2600.0,Rs./Quintal,2026-06-10,0,2600.0,2600.0,2600.0,2600.0,2600.0,2600.0,2600.0,2600.0,2600.0,2600.0,0.0,0.0,0.0,0.0,0.0,0.0,0.0,0.0,0.0,0.0,0.0,200.0,0.07692307692307693,2026,6,10,2,161,24,0,1.2246467991473532e-16,-1.0,0.36348161248290634,-0.9316013725767187,2600.0,4250.0,4250.0,1650.0,1650.0
Maharashtra,Raigad,APMC Alibagh,Cereals,Rice,Other,Local,2500.0,2700.0,2600.0,Rs./Quintal,2026-06-11,0,2600.0,2600.0,2600.0,2600.0,2600.0,2600.0,2600.0,2600.0,2600.0,2600.0,0.0,0.0,0.0,0.0,0.0,0.0,0.0,0.0,0.0,0.0,0.0,200.0,0.07692307692307693,2026,6,11,3,162,24,0,1.2246467991473532e-16,-1.0,0.3474028211842774,-0.9377159910299093,4250.0,4250.0,4250.0,1650.0,1650.0
Maharashtra,Raigad,APMC Alibagh,Cereals,Rice,Other,Local,4000.0,4500.0,4250.0,Rs./Quintal,2026-06-12,0,2600.0,2600.0,2600.0,2600.0,2600.0,2600.0,3150.0,2835.714285714286,2717.8571428571427,2655.0,623.6413804652249,440.9810491555003,301.24740662784137,1650.0,63.46153846153846,1650.0,63.46153846153846,1650.0,63.46153846153846,1650.0,63.46153846153846,500.0,0.11764705882352941,2026,6,12,4,163,24,0,1.2246467991473532e-16,-1.0,0.3312212278016865,-0.9435531242349544,4250.0,4250.0,4250.0,0.0,0.0
Maharashtra,Raigad,APMC Alibagh,Cereals,Rice,Other,Local,4000.0,4500.0,4250.0,Rs./Quintal,2026-06-13,0,4250.0,2600.0,2600.0,2600.0,2600.0,2600.0,3700.0,3071.4285714285716,2835.714285714286,2710.0,805.1175601825398,599.1752573421145,418.618417309063,0.0,0.0,1650.0,63.46153846153846,1650.0,63.46153846153846,1650.0,63.46153846153846,500.0,0.11764705882352941,2026,6,13,5,164,24,1,1.2246467991473532e-16,-1.0,0.31494162072895193,-0.9491110448902284,4250.0,4250.0,4250.0,0.0,0.0
Maharashtra,Raigad,APMC Alibagh,Cereals,Rice,Other,Local,4000.0,4500.0,4250.0,Rs./Quintal,2026-06-14,0,4250.0,4250.0,2600.0,2600.0,2600.0,2600.0,4250.0,3307.1428571428573,2953.5714285714284,2765.0,881.9620983110004,702.5952674834283,503.4621514384517,0.0,0.0,1650.0,63.46153846153846,1650.0,63.46153846153846,1650.0,63.46153846153846,500.0,0.11764705882352941,2026,6,14,6,165,24,1,1.2246467991473532e-16,-1.0,0.2985688173637202,-0.9543881083175908,4250.0,4250.0,4250.0,0.0,0.0
Maharashtra,Raigad,APMC Alibagh,Cereals,Rice,Other,Local,4000.0,4500.0,4250.0,Rs./Quintal,2026-06-15,0,4250.0,4250.0,4250.0,2600.0,2600.0,2600.0,4250.0,3542.8571428571427,3071.4285714285716,2820.0,881.9620983110004,773.5319310485178,570.4807410089046,0.0,0.0,0.0,0.0,1650.0,63.46153846153846,1650.0,63.46153846153846,500.0,0.11764705882352941,2026,6,15,0,166,25,0,1.2246467991473532e-16,-1.0,0.2821076626819194,-0.9593827529490743,4250.0,4250.0,4250.0,0.0,0.0
Maharashtra,Raigad,APMC Alibagh,Cereals,Rice,Other,Local,4000.0,4500.0,4250.0,Rs./Quintal,2026-06-16,0,4250.0,4250.0,4250.0,2600.0,2600.0,2600.0,4250.0,3778.5714285714284,3189.285714285714,2875.0,805.1175601825398,820.4545108630978,625.4308859525953,0.0,0.0,0.0,0.0,1650.0,63.46153846153846,1650.0,63.46153846153846,500.0,0.11764705882352941,2026,6,16,1,167,25,0,1.2246467991473532e-16,-1.0,0.26556302780405594,-0.9640935007889755,4250.0,4250.0,4250.0,0.0,0.0
Maharashtra,Raigad,APMC Alibagh,Cereals,Rice,Other,Local,4000.0,4500.0,4250.0,Rs./Quintal,2026-06-17,0,4250.0,4250.0,4250.0,2600.0,2600.0,2600.0,4250.0,4014.285714285714,3307.1428571428573,2930.0,623.6413804652249,847.3617751716082,671.2828685846022,0.0,0.0,0.0,0.0,1650.0,63.46153846153846,1650.0,63.46153846153846,500.0,0.11764705882352941,2026,6,17,2,168,25,0,1.2246467991473532e-16,-1.0,0.24893980855376657,-0.9685189578512204,4250.0,4250.0,4250.0,0.0,0.0
Maharashtra,Raigad,APMC Alibagh,Cereals,Rice,Other,Local,4000.0,4500.0,4250.0,Rs./Quintal,2026-06-18,0,4250.0,4250.0,4250.0,2600.0,2600.0,2600.0,4250.0,4250.0,3425.0,2985.0,0.0,856.1429607435726,709.8020608009259,0.0,0.0,0.0,0.0,1650.0,63.46153846153846,1650.0,63.46153846153846,500.0,0.11764705882352941,2026,6,18,3,169,25,0,1.2246467991473532e-16,-1.0,0.23224292400907015,-0.9726578145718654,4250.0,4250.0,4250.0,0.0,0.0
Maharashtra,Raigad,APMC Alibagh,Cereals,Rice,Other,Local,4000.0,4500.0,4250.0,Rs./Quintal,2026-06-19,0,4250.0,4250.0,4250.0,4250.0,2600.0,2600.0,4250.0,4250.0,3542.8571428571427,3040.0,0.0,847.3617751716087,742.1311344295259,0.0,0.0,0.0,0.0,0.0,0.0,1650.0,63.46153846153846,500.0,0.11764705882352941,2026,6,19,4,170,25,0,1.2246467991473532e-16,-1.0,0.21547731504673012,-0.976508846196619,4250.0,4250.0,4250.0,0.0,0.0
Maharashtra,Raigad,APMC Alibagh,Cereals,Rice,Other,Local,4000.0,4500.0,4250.0,Rs./Quintal,2026-06-20,0,4250.0,4250.0,4250.0,4250.0,2600.0,2600.0,4250.0,4250.0,3660.714285714286,3095.0,0.0,820.4545108630986,769.0511395040083,0.0,0.0,0.0,0.0,0.0,0.0,1650.0,63.46153846153846,500.0,0.11764705882352941,2026,6,20,5,171,25,1,1.2246467991473532e-16,-1.0,0.19864794288017112,-0.9800709131432666,4250.0,4250.0,4250.0,0.0,0.0
Maharashtra,Raigad,APMC Alibagh,Cereals,Rice,Other,Local,4000.0,4500.0,4250.0,Rs./Quintal,2026-06-21,0,4250.0,4250.0,4250.0,4250.0,2600.0,2600.0,4250.0,4250.0,3778.5714285714284,3150.0,0.0,773.5319310485188,791.1144474508837,0.0,0.0,0.0,0.0,0.0,0.0,1650.0,63.46153846153846,500.0,0.11764705882352941,2026,6,21,6,172,25,1,1.2246467991473532e-16,-1.0,0.18175978759137534,-0.9833429613388902,4250.0,4250.0,4250.0,0.0,0.0
Maharashtra,Raigad,APMC Alibagh,Cereals,Rice,Other,Local,4000.0,4500.0,4250.0,Rs./Quintal,2026-06-22,0,4250.0,4250.0,4250.0,4250.0,2600.0,2600.0,4250.0,4250.0,3896.4285714285716,3205.0,0.0,702.5952674834297,808.7186544583755,0.0,0.0,0.0,0.0,0.0,0.0,1650.0,63.46153846153846,500.0,0.11764705882352941,2026,6,22,0,173,26,0,1.2246467991473532e-16,-1.0,0.16481784665719793,-0.9863240225317866,4250.0,4250.0,4250.0,0.0,0.0
Maharashtra,Raigad,APMC Alibagh,Cereals,Rice,Other,Local,4000.0,4500.0,4250.0,Rs./Quintal,2026-06-23,0,4250.0,4250.0,4250.0,4250.0,2600.0,2600.0,4250.0,4250.0,4014.285714285714,3260.0,0.0,599.1752573421164,822.1502505520256,0.0,0.0,0.0,0.0,0.0,0.0,1650.0,63.46153846153846,500.0,0.11764705882352941,2026,6,23,1,174,26,0,1.2246467991473532e-16,-1.0,0.14782713347053048,-0.9890132145779883,4250.0,4250.0,4250.0,0.0,0.0
Maharashtra,Raigad,APMC Alibagh,Cereals,Rice,Other,Local,4000.0,4500.0,4250.0,Rs./Quintal,2026-06-24,0,4250.0,4250.0,4250.0,4250.0,2600.0,2600.0,4250.0,4250.0,4132.142857142857,3315.0,0.0,440.9810491555033,831.6114394396559,0.0,0.0,0.0,0.0,0.0,0.0,1650.0,63.46153846153846,500.0,0.11764705882352941,2026,6,24,2,175,26,0,1.2246467991473532e-16,-1.0,0.13079267585675922,-0.9914097417023038,4250.0,4250.0,4250.0,0.0,0.0
Maharashtra,Raigad,APMC Alibagh,Cereals,Rice,Other,Local,4000.0,4500.0,4250.0,Rs./Quintal,2026-06-25,0,4250.0,4250.0,4250.0,4250.0,2600.0,2600.0,4250.0,4250.0,4250.0,3370.0,0.0,0.0,837.236834618126,0.0,0.0,0.0,0.0,0.0,0.0,1650.0,63.46153846153846,500.0,0.11764705882352941,2026,6,25,3,176,26,0,1.2246467991473532e-16,-1.0,0.11371951458594969,-0.9935128947338007,4250.0,4250.0,4250.0,0.0,0.0
Maharashtra,Raigad,APMC Alibagh,Cereals,Rice,Other,Local,4000.0,4500.0,4250.0,Rs./Quintal,2026-06-26,0,4250.0,4250.0,4250.0,4250.0,4250.0,2600.0,4250.0,4250.0,4250.0,3425.0,0.0,0.0,839.1035857307528,0.0,0.0,0.0,0.0,0.0,0.0,0.0,0.0,500.0,0.11764705882352941,2026,6,26,4,177,26,0,1.2246467991473532e-16,-1.0,0.0966127018812031,-0.9953220513156602,4250.0,4250.0,4250.0,0.0,0.0
Maharashtra,Raigad,APMC Alibagh,Cereals,Rice,Other,Local,4000.0,4500.0,4250.0,Rs./Quintal,2026-06-27,0,4250.0,4250.0,4250.0,4250.0,4250.0,2600.0,4250.0,4250.0,4250.0,3480.0,0.0,0.0,837.236834618126,0.0,0.0,0.0,0.0,0.0,0.0,0.0,0.0,500.0,0.11764705882352941,2026,6,27,5,178,26,1,1.2246467991473532e-16,-1.0,0.07947729992362097,-0.9968366760893436,4250.0,4250.0,4250.0,0.0,0.0
Maharashtra,Raigad,APMC Alibagh,Cereals,Rice,Other,Local,4000.0,4500.0,4250.0,Rs./Quintal,2026-06-28,0,4250.0,4250.0,4250.0,4250.0,4250.0,2600.0,4250.0,4250.0,4250.0,3535.0,0.0,0.0,831.6114394396559,0.0,0.0,0.0,0.0,0.0,0.0,0.0,0.0,500.0,0.11764705882352941,2026,6,28,6,179,26,1,1.2246467991473532e-16,-1.0,0.062318379354325076,-0.998056320853012,4250.0,4250.0,4250.0,0.0,0.0
Maharashtra,Raigad,APMC Alibagh,Cereals,Rice,Other,Local,4000.0,4500.0,4250.0,Rs./Quintal,2026-06-29,0,4250.0,4250.0,4250.0,4250.0,4250.0,2600.0,4250.0,4250.0,4250.0,3590.0,0.0,0.0,822.1502505520256,0.0,0.0,0.0,0.0,0.0,0.0,0.0,0.0,500.0,0.11764705882352941,2026,6,29,0,180,27,0,1.2246467991473532e-16,-1.0,0.04514101777397193,-0.9989806246941579,4250.0,4250.0,4250.0,0.0,0.0
Maharashtra,Raigad,APMC Alibagh,Cereals,Rice,Other,Local,4000.0,4500.0,4250.0,Rs./Quintal,2026-06-30,0,4250.0,4250.0,4250.0,4250.0,4250.0,2600.0,4250.0,4250.0,4250.0,3645.0,0.0,0.0,808.7186544583755,0.0,0.0,0.0,0.0,0.0,0.0,0.0,0.0,500.0,0.11764705882352941,2026,6,30,1,181,27,0,1.2246467991473532e-16,-1.0,0.02795029824021032,-0.999609314096404,4250.0,4250.0,4250.0,0.0,0.0
Maharashtra,Raigad,APMC Alibagh,Cereals,Rice,Other,Local,4000.0,4500.0,4250.0,Rs./Quintal,2026-07-01,0,4250.0,4250.0,4250.0,4250.0,4250.0,2600.0,4250.0,4250.0,4250.0,3700.0,0.0,0.0,791.1144474508837,0.0,0.0,0.0,0.0,0.0,0.0,0.0,0.0,500.0,0.11764705882352941,2026,7,1,2,182,27,0,-0.4999999999999998,-0.8660254037844388,0.01075130776352193,-0.9999422030204416,4250.0,4250.0,4250.0,0.0,0.0
Maharashtra,Raigad,APMC Alibagh,Cereals,Rice,Other,Local,4000.0,4500.0,4250.0,Rs./Quintal,2026-07-02,0,4250.0,4250.0,4250.0,4250.0,4250.0,2600.0,4250.0,4250.0,4250.0,3755.0,0.0,0.0,769.0511395040083,0.0,0.0,0.0,0.0,0.0,0.0,0.0,0.0,500.0,0.11764705882352941,2026,7,2,3,183,27,0,-0.4999999999999998,-0.8660254037844388,-0.00645086419810515,-0.9999791929590823,4250.0,4250.0,4250.0,0.0,0.0
Maharashtra,Raigad,APMC Alibagh,Cereals,Rice,Other,Local,4000.0,4500.0,4250.0,Rs./Quintal,2026-07-03,0,4250.0,4250.0,4250.0,4250.0,4250.0,2600.0,4250.0,4250.0,4250.0,3810.0,0.0,0.0,742.1311344295259,0.0,0.0,0.0,0.0,0.0,0.0,0.0,0.0,500.0,0.11764705882352941,2026,7,3,4,184,27,0,-0.4999999999999998,-0.8660254037844388,-0.023651127245231586,-0.9997202729664083,4250.0,4250.0,4250.0,0.0,0.0
Maharashtra,Raigad,APMC Alibagh,Cereals,Rice,Other,Local,4000.0,4500.0,4250.0,Rs./Quintal,2026-07-04,0,4250.0,4250.0,4250.0,4250.0,4250.0,2600.0,4250.0,4250.0,4250.0,3865.0,0.0,0.0,709.8020608009259,0.0,0.0,0.0,0.0,0.0,0.0,0.0,0.0,500.0,0.11764705882352941,2026,7,4,5,185,27,1,-0.4999999999999998,-0.8660254037844388,-0.04084439154329611,-0.9991655196610109,4250.0,4250.0,4250.0,0.0,0.0
Maharashtra,Raigad,APMC Alibagh,Cereals,Rice,Other,Local,4000.0,4500.0,4250.0,Rs./Quintal,2026-07-05,0,4250.0,4250.0,4250.0,4250.0,4250.0,2600.0,4250.0,4250.0,4250.0,3920.0,0.0,0.0,671.2828685846022,0.0,0.0,0.0,0.0,0.0,0.0,0.0,0.0,500.0,0.11764705882352941,2026,7,5,6,186,27,1,-0.4999999999999998,-0.8660254037844388,-0.05802556932878035,-0.9983150972033183,4250.0,4250.0,4250.0,0.0,0.0
Maharashtra,Raigad,APMC Alibagh,Cereals,Rice,Other,Local,4000.0,4500.0,4250.0,Rs./Quintal,2026-07-06,0,4250.0,4250.0,4250.0,4250.0,4250.0,2600.0,4250.0,4250.0,4250.0,3975.0,0.0,0.0,625.4308859525953,0.0,0.0,0.0,0.0,0.0,0.0,0.0,0.0,500.0,0.11764705882352941,2026,7,6,0,187,28,0,-0.4999999999999998,-0.8660254037844388,-0.07518957641475855,-0.9971692572470178,4250.0,4250.0,4250.0,0.0,0.0
Maharashtra,Raigad,APMC Alibagh,Cereals,Rice,Other,Local,4000.0,4500.0,4250.0,Rs./Quintal,2026-07-07,0,4250.0,4250.0,4250.0,4250.0,4250.0,2600.0,4250.0,4250.0,4250.0,4030.0,0.0,0.0,570.4807410089046,0.0,0.0,0.0,0.0,0.0,0.0,0.0,0.0,500.0,0.11764705882352941,2026,7,7,1,188,28,0,-0.4999999999999998,-0.8660254037844388,-0.09233133369539123,-0.9957283388645872,4250.0,4250.0,4250.0,0.0,0.0
Maharashtra,Raigad,APMC Alibagh,Cereals,Rice,Other,Local,4000.0,4500.0,4250.0,Rs./Quintal,2026-07-08,0,4250.0,4250.0,4250.0,4250.0,4250.0,2600.0,4250.0,4250.0,4250.0,4085.0,0.0,0.0,503.46215143845166,0.0,0.0,0.0,0.0,0.0,0.0,0.0,0.0,500.0,0.11764705882352941,2026,7,8,2,189,28,0,-0.4999999999999998,-0.8660254037844388,-0.10944576864891556,-0.993992768446958,4250.0,4250.0,4250.0,0.0,0.0
Maharashtra,Raigad,APMC Alibagh,Cereals,Rice,Other,Local,4000.0,4500.0,4250.0,Rs./Quintal,2026-07-09,0,4250.0,4250.0,4250.0,4250.0,4250.0,2600.0,4250.0,4250.0,4250.0,4140.0,0.0,0.0,418.618417309063,0.0,0.0,0.0,0.0,0.0,0.0,0.0,0.0,500.0,0.11764705882352941,2026,7,9,3,190,28,0,-0.4999999999999998,-0.8660254037844388,-0.12652781683868314,-0.9919630595773397,4250.0,4250.0,4250.0,0.0,0.0
Maharashtra,Raigad,APMC Alibagh,Cereals,Rice,Other,Local,4000.0,4500.0,4250.0,Rs./Quintal,2026-07-10,0,4250.0,4250.0,4250.0,4250.0,4250.0,2600.0,4250.0,4250.0,4250.0,4195.0,0.0,0.0,301.2474066278413,0.0,0.0,0.0,0.0,0.0,0.0,0.0,0.0,500.0,0.11764705882352941,2026,7,10,4,191,28,0,-0.4999999999999998,-0.8660254037844388,-0.1435724234118113,-0.9896398128792412,4250.0,4250.0,4250.0,0.0,0.0
Maharashtra,Raigad,APMC Alibagh,Cereals,Rice,Other,Local,4000.0,4500.0,4250.0,Rs./Quintal,2026-07-11,0,4250.0,4250.0,4250.0,4250.0,4250.0,2600.0,4250.0,4250.0,4250.0,4250.0,0.0,0.0,0.0,0.0,0.0,0.0,0.0,0.0,0.0,0.0,0.0,500.0,0.11764705882352941,2026,7,11,5,192,28,1,-0.4999999999999998,-0.8660254037844388,-0.16057454459499376,-0.9870237158387383,4250.0,4250.0,4250.0,0.0,0.0
Maharashtra,Raigad,APMC Alibagh,Cereals,Rice,Other,Local,4000.0,4500.0,4250.0,Rs./Quintal,2026-07-12,0,4250.0,4250.0,4250.0,4250.0,4250.0,4250.0,4250.0,4250.0,4250.0,4250.0,0.0,0.0,0.0,0.0,0.0,0.0,0.0,0.0,0.0,0.0,0.0,500.0,0.11764705882352941,2026,7,12,6,193,28,1,-0.4999999999999998,-0.8660254037844388,-0.17752914918703497,-0.984115542601034,4250.0,4250.0,4250.0,0.0,0.0
Maharashtra,Raigad,APMC Alibagh,Cereals,Rice,Other,Local,4000.0,4500.0,4250.0,Rs./Quintal,2026-07-13,0,4250.0,4250.0,4250.0,4250.0,4250.0,4250.0,4250.0,4250.0,4250.0,4250.0,0.0,0.0,0.0,0.0,0.0,0.0,0.0,0.0,0.0,0.0,0.0,500.0,0.11764705882352941,2026,7,13,0,194,29,0,-0.4999999999999998,-0.8660254037844388,-0.19443122004766195,-0.9809161537413774,4250.0,4250.0,4250.0,0.0,0.0
Maharashtra,Raigad,APMC Alibagh,Cereals,Rice,Other,Local,4000.0,4500.0,4250.0,Rs./Quintal,2026-07-14,0,4250.0,4250.0,4250.0,4250.0,4250.0,4250.0,4250.0,4250.0,4250.0,4250.0,0.0,0.0,0.0,0.0,0.0,0.0,0.0,0.0,0.0,0.0,0.0,500.0,0.11764705882352941,2026,7,14,1,195,29,0,-0.4999999999999998,-0.8660254037844388,-0.2112757555821793,-0.9774264960104055,4250.0,4250.0,4250.0,0.0,0.0
Maharashtra,Raigad,APMC Alibagh,Cereals,Rice,Other,Local,4000.0,4500.0,4250.0,Rs./Quintal,2026-07-15,0,4250.0,4250.0,4250.0,4250.0,4250.0,4250.0,4250.0,4250.0,4250.0,4250.0,0.0,0.0,0.0,0.0,0.0,0.0,0.0,0.0,0.0,0.0,0.0,500.0,0.11764705882352941,2026,7,15,2,196,29,0,-0.4999999999999998,-0.8660254037844388,-0.2280577712215198,-0.9736476020539838,4250.0,4250.0,4250.0,0.0,0.0
Maharashtra,Raigad,APMC Alibagh,Cereals,Rice,Other,Local,4000.0,4500.0,4250.0,Rs./Quintal,2026-07-16,0,4250.0,4250.0,4250.0,4250.0,4250.0,4250.0,4250.0,4250.0,4250.0,4250.0,0.0,0.0,0.0,0.0,0.0,0.0,0.0,0.0,0.0,0.0,0.0,500.0,0.11764705882352941,2026,7,16,3,197,29,0,-0.4999999999999998,-0.8660254037844388,-0.24477230089725957,-0.9695805901076308,4250.0,4250.0,4250.0,0.0,0.0
Maharashtra,Raigad,APMC Alibagh,Cereals,Rice,Other,Local,4000.0,4500.0,4250.0,Rs./Quintal,2026-07-18,0,4250.0,4250.0,4250.0,4250.0,4250.0,4250.0,4250.0,4250.0,4250.0,4250.0,0.0,0.0,0.0,0.0,0.0,0.0,0.0,0.0,0.0,0.0,0.0,500.0,0.11764705882352941,2026,7,18,5,199,29,1,-0.4999999999999998,-0.8660254037844388,-0.2779791393987801,-0.9605871111248129,4250.0,4250.0,4250.0,0.0,0.0
Maharashtra,Raigad,APMC Alibagh,Cereals,Rice,Other,Local,4000.0,4500.0,4250.0,Rs./Quintal,2026-07-19,0,4250.0,4250.0,4250.0,4250.0,4250.0,4250.0,4250.0,4250.0,4250.0,4250.0,0.0,0.0,0.0,0.0,0.0,0.0,0.0,0.0,0.0,0.0,0.0,500.0,0.11764705882352941,2026,7,19,6,200,29,1,-0.4999999999999998,-0.8660254037844388,-0.2944616217868012,-0.9556633054034704,4250.0,4250.0,4250.0,0.0,0.0
Maharashtra,Raigad,APMC Alibagh,Cereals,Rice,Other,Local,4000.0,4500.0,4250.0,Rs./Quintal,2026-07-20,0,4250.0,4250.0,4250.0,4250.0,4250.0,4250.0,4250.0,4250.0,4250.0,4250.0,0.0,0.0,0.0,0.0,0.0,0.0,0.0,0.0,0.0,0.0,0.0,500.0,0.11764705882352941,2026,7,20,0,201,30,0,-0.4999999999999998,-0.8660254037844388,-0.3108569682435036,-0.9504567035349151,4250.0,4250.0,4250.0,0.0,0.0
Maharashtra,Raigad,APMC Alibagh,Cereals,Rice,Other,Local,4000.0,4500.0,4250.0,Rs./Quintal,2026-07-21,0,4250.0,4250.0,4250.0,4250.0,4250.0,4250.0,4250.0,4250.0,4250.0,4250.0,0.0,0.0,0.0,0.0,0.0,0.0,0.0,0.0,0.0,0.0,0.0,500.0,0.11764705882352941,2026,7,21,1,202,30,0,-0.4999999999999998,-0.8660254037844388,-0.3271603271220951,-0.9449688462364056,4250.0,4250.0,4250.0,0.0,0.0
Maharashtra,Raigad,APMC Alibagh,Cereals,Rice,Other,Local,4000.0,4500.0,4250.0,Rs./Quintal,2026-07-22,0,4250.0,4250.0,4250.0,4250.0,4250.0,4250.0,4250.0,4250.0,4250.0,4250.0,0.0,0.0,0.0,0.0,0.0,0.0,0.0,0.0,0.0,0.0,0.0,500.0,0.11764705882352941,2026,7,22,2,203,30,0,-0.4999999999999998,-0.8660254037844388,-0.34336687399638804,-0.939201357453208,4250.0,4250.0,4250.0,0.0,0.0
Maharashtra,Raigad,APMC Alibagh,Cereals,Rice,Other,Local,4000.0,4500.0,4250.0,Rs./Quintal,2026-07-23,0,4250.0,4250.0,4250.0,4250.0,4250.0,4250.0,4250.0,4250.0,4250.0,4250.0,0.0,0.0,0.0,0.0,0.0,0.0,0.0,0.0,0.0,0.0,0.0,500.0,0.11764705882352941,2026,7,23,3,204,30,0,-0.4999999999999998,-0.8660254037844388,-0.3594718130884232,-0.9331559438780432,4250.0,4250.0,4250.0,0.0,0.0
Maharashtra,Raigad,APMC Alibagh,Cereals,Rice,Other,Local,4000.0,4500.0,4250.0,Rs./Quintal,2026-07-24,0,4250.0,4250.0,4250.0,4250.0,4250.0,4250.0,4250.0,4250.0,4250.0,4250.0,0.0,0.0,0.0,0.0,0.0,0.0,0.0,0.0,0.0,0.0,0.0,500.0,0.11764705882352941,2026,7,24,4,205,30,0,-0.4999999999999998,-0.8660254037844388,-0.3754703786876202,-0.9268343944460494,4250.0,4250.0,4250.0,0.0,0.0
Maharashtra,Raigad,APMC Alibagh,Cereals,Rice,Other,Local,4000.0,4500.0,4250.0,Rs./Quintal,2026-07-25,0,4250.0,4250.0,4250.0,4250.0,4250.0,4250.0,4250.0,4250.0,4250.0,4250.0,0.0,0.0,0.0,0.0,0.0,0.0,0.0,0.0,0.0,0.0,0.0,500.0,0.11764705882352941,2026,7,25,5,206,30,1,-0.4999999999999998,-0.8660254037844388,-0.3913578365610259,-0.9202385798054075,4250.0,4250.0,4250.0,0.0,0.0
Maharashtra,Raigad,APMC Alibagh,Cereals,Rice,Other,Local,4000.0,4500.0,4250.0,Rs./Quintal,2026-07-26,0,4250.0,4250.0,4250.0,4250.0,4250.0,4250.0,4250.0,4250.0,4250.0,4250.0,0.0,0.0,0.0,0.0,0.0,0.0,0.0,0.0,0.0,0.0,0.0,500.0,0.11764705882352941,2026,7,26,6,207,30,1,-0.4999999999999998,-0.8660254037844388,-0.4071294853542516,-0.9133704517637858,4250.0,4250.0,4250.0,0.0,0.0
Maharashtra,Raigad,APMC Alibagh,Cereals,Rice,Other,Local,4000.0,4500.0,4250.0,Rs./Quintal,2026-07-27,0,4250.0,4250.0,4250.0,4250.0,4250.0,4250.0,4250.0,4250.0,4250.0,4250.0,0.0,0.0,0.0,0.0,0.0,0.0,0.0,0.0,0.0,0.0,0.0,500.0,0.11764705882352941,2026,7,27,0,208,31,0,-0.4999999999999998,-0.8660254037844388,-0.4227806579826773,-0.9062320427107697,4250.0,4250.0,4250.0,0.0,0.0
Maharashtra,Raigad,APMC Alibagh,Cereals,Rice,Other,Local,4000.0,4500.0,4250.0,Rs./Quintal,2026-07-28,0,4250.0,4250.0,4250.0,4250.0,4250.0,4250.0,4250.0,4250.0,4250.0,4250.0,0.0,0.0,0.0,0.0,0.0,0.0,0.0,0.0,0.0,0.0,0.0,500.0,0.11764705882352941,2026,7,28,1,209,31,0,-0.4999999999999998,-0.8660254037844388,-0.4383067230125192,-0.898825465016444,4250.0,4250.0,4250.0,0.0,0.0
Maharashtra,Raigad,APMC Alibagh,Cereals,Rice,Other,Local,4000.0,4500.0,4250.0,Rs./Quintal,2026-07-29,0,4250.0,4250.0,4250.0,4250.0,4250.0,4250.0,4250.0,4250.0,4250.0,4250.0,0.0,0.0,0.0,0.0,0.0,0.0,0.0,0.0,0.0,0.0,0.0,500.0,0.11764705882352941,2026,7,29,2,210,31,0,-0.4999999999999998,-0.8660254037844388,-0.45370308603134424,-0.8911529104063088,4250.0,4250.0,4250.0,0.0,0.0
Maharashtra,Raigad,APMC Alibagh,Cereals,Rice,Other,Local,4000.0,4500.0,4250.0,Rs./Quintal,2026-07-30,0,4250.0,4250.0,4250.0,4250.0,4250.0,4250.0,4250.0,4250.0,4250.0,4250.0,0.0,0.0,0.0,0.0,0.0,0.0,0.0,0.0,0.0,0.0,0.0,500.0,0.11764705882352941,2026,7,30,3,211,31,0,-0.4999999999999998,-0.8660254037844388,-0.46896519100763184,-0.8832166493127127,4250.0,4250.0,4250.0,0.0,0.0
Maharashtra,Raigad,APMC Alibagh,Cereals,Rice,Other,Local,4000.0,4500.0,4250.0,Rs./Quintal,2026-07-31,0,4250.0,4250.0,4250.0,4250.0,4250.0,4250.0,4250.0,4250.0,4250.0,4250.0,0.0,0.0,0.0,0.0,0.0,0.0,0.0,0.0,0.0,0.0,0.0,500.0,0.11764705882352941,2026,7,31,4,212,31,0,-0.4999999999999998,-0.8660254037844388,-0.48408852163897587,-0.8750190302029955,4250.0,4250.0,4250.0,0.0,0.0
Maharashtra,Raigad,APMC Alibagh,Cereals,Rice,Other,Local,4000.0,4500.0,4250.0,Rs./Quintal,2026-08-01,0,4250.0,4250.0,4250.0,4250.0,4250.0,4250.0,4250.0,4250.0,4250.0,4250.0,0.0,0.0,0.0,0.0,0.0,0.0,0.0,0.0,0.0,0.0,0.0,500.0,0.11764705882352941,2026,8,1,5,213,31,1,-0.8660254037844384,-0.5000000000000004,-0.4990686026885319,-0.8665624788845385,4250.0,4250.0,4250.0,0.0,0.0
Maharashtra,Raigad,APMC Alibagh,Cereals,Rice,Other,Local,4000.0,4500.0,4250.0,Rs./Quintal,2026-08-02,0,4250.0,4250.0,4250.0,4250.0,4250.0,4250.0,4250.0,4250.0,4250.0,4250.0,0.0,0.0,0.0,0.0,0.0,0.0,0.0,0.0,0.0,0.0,0.0,500.0,0.11764705882352941,2026,8,2,6,214,31,1,-0.8660254037844384,-0.5000000000000004,-0.5139010013093103,-0.8578494977869301,4250.0,4250.0,4250.0,0.0,0.0
Maharashtra,Raigad,APMC Alibagh,Cereals,Rice,Other,Local,4000.0,4500.0,4250.0,Rs./Quintal,2026-08-03,0,4250.0,4250.0,4250.0,4250.0,4250.0,4250.0,4250.0,4250.0,4250.0,4250.0,0.0,0.0,0.0,0.0,0.0,0.0,0.0,0.0,0.0,0.0,0.0,500.0,0.11764705882352941,2026,8,3,0,215,32,0,-0.8660254037844384,-0.5000000000000004,-0.5285813283559292,-0.8488826652214553,4250.0,4250.0,4250.0,0.0,0.0
Maharashtra,Raigad,APMC Alibagh,Cereals,Rice,Other,Local,4000.0,4500.0,4250.0,Rs./Quintal,2026-08-04,0,4250.0,4250.0,4250.0,4250.0,4250.0,4250.0,4250.0,4250.0,4250.0,4250.0,0.0,0.0,0.0,0.0,0.0,0.0,0.0,0.0,0.0,0.0,0.0,500.0,0.11764705882352941,2026,8,4,1,216,32,0,-0.8660254037844384,-0.5000000000000004,-0.5431052396834317,-0.8396646346181327,4250.0,4250.0,4250.0,0.0,0.0
Maharashtra,Raigad,APMC Alibagh,Cereals,Rice,Other,Local,4000.0,4500.0,4250.0,Rs./Quintal,2026-08-05,0,4250.0,4250.0,4250.0,4250.0,4250.0,4250.0,4250.0,4250.0,4250.0,4250.0,0.0,0.0,0.0,0.0,0.0,0.0,0.0,0.0,0.0,0.0,0.0,500.0,0.11764705882352941,2026,8,5,2,217,32,0,-0.8660254037844384,-0.5000000000000004,-0.5574684374327892,-0.8301981337405212,4250.0,4250.0,4250.0,0.0,0.0
Maharashtra,Raigad,APMC Alibagh,Cereals,Rice,Other,Local,4000.0,4500.0,4250.0,Rs./Quintal,2026-08-06,0,4250.0,4250.0,4250.0,4250.0,4250.0,4250.0,4250.0,4250.0,4250.0,4250.0,0.0,0.0,0.0,0.0,0.0,0.0,0.0,0.0,0.0,0.0,0.0,500.0,0.11764705882352941,2026,8,6,3,218,32,0,-0.8660254037844384,-0.5000000000000004,-0.5716666713027052,-0.8204859638785327,4250.0,4250.0,4250.0,0.0,0.0
Maharashtra,Raigad,APMC Alibagh,Cereals,Rice,Other,Local,4000.0,4500.0,4250.0,Rs./Quintal,2026-08-07,0,4250.0,4250.0,4250.0,4250.0,4250.0,4250.0,4250.0,4250.0,4250.0,4250.0,0.0,0.0,0.0,0.0,0.0,0.0,0.0,0.0,0.0,0.0,0.0,500.0,0.11764705882352941,2026,8,7,4,219,32,0,-0.8660254037844384,-0.5000000000000004,-0.5856957398073508,-0.8105309990194823,4250.0,4250.0,4250.0,0.0,0.0
Maharashtra,Raigad,APMC Alibagh,Cereals,Rice,Other,Local,4000.0,4500.0,4250.0,Rs./Quintal,2026-08-08,0,4250.0,4250.0,4250.0,4250.0,4250.0,4250.0,4250.0,4250.0,4250.0,4250.0,0.0,0.0,0.0,0.0,0.0,0.0,0.0,0.0,0.0,0.0,0.0,500.0,0.11764705882352941,2026,8,8,5,220,32,1,-0.8660254037844384,-0.5000000000000004,-0.5995514915196489,-0.8003361849976323,4250.0,4250.0,4250.0,0.0,0.0
Maharashtra,Raigad,APMC Alibagh,Cereals,Rice,Other,Local,4000.0,4500.0,4250.0,Rs./Quintal,2026-08-09,0,4250.0,4250.0,4250.0,4250.0,4250.0,4250.0,4250.0,4250.0,4250.0,4250.0,0.0,0.0,0.0,0.0,0.0,0.0,0.0,0.0,0.0,0.0,0.0,500.0,0.11764705882352941,2026,8,9,6,221,32,1,-0.8660254037844384,-0.5000000000000004,-0.6132298262997502,-0.7899045386224707,4250.0,4250.0,4250.0,0.0,0.0
Maharashtra,Raigad,APMC Alibagh,Cereals,Rice,Other,Local,4000.0,4500.0,4250.0,Rs./Quintal,2026-08-10,0,4250.0,4250.0,4250.0,4250.0,4250.0,4250.0,4250.0,4250.0,4250.0,4250.0,0.0,0.0,0.0,0.0,0.0,0.0,0.0,0.0,0.0,0.0,0.0,500.0,0.11764705882352941,2026,8,10,0,222,33,0,-0.8660254037844384,-0.5000000000000004,-0.6267266965083301,-0.7792391467859886,4250.0,4250.0,4250.0,0.0,0.0
Maharashtra,Raigad,APMC Alibagh,Cereals,Rice,Other,Local,4000.0,4500.0,4250.0,Rs./Quintal,2026-08-11,0,4250.0,4250.0,4250.0,4250.0,4250.0,4250.0,4250.0,4250.0,4250.0,4250.0,0.0,0.0,0.0,0.0,0.0,0.0,0.0,0.0,0.0,0.0,0.0,500.0,0.11764705882352941,2026,8,11,1,223,33,0,-0.8660254037844384,-0.5000000000000004,-0.6400381082043503,-0.7683431655492202,4250.0,4250.0,4250.0,0.0,0.0
Maharashtra,Raigad,APMC Alibagh,Cereals,Rice,Other,Local,4000.0,4500.0,4250.0,Rs./Quintal,2026-08-12,0,4250.0,4250.0,4250.0,4250.0,4250.0,4250.0,4250.0,4250.0,4250.0,4250.0,0.0,0.0,0.0,0.0,0.0,0.0,0.0,0.0,0.0,0.0,0.0,500.0,0.11764705882352941,2026,8,12,2,224,33,0,-0.8660254037844384,-0.5000000000000004,-0.65316012232693,-0.7572198192083127,4250.0,4250.0,4250.0,0.0,0.0
Maharashtra,Raigad,APMC Alibagh,Cereals,Rice,Other,Local,4000.0,4500.0,4250.0,Rs./Quintal,2026-08-13,0,4250.0,4250.0,4250.0,4250.0,4250.0,4250.0,4250.0,4250.0,4250.0,4250.0,0.0,0.0,0.0,0.0,0.0,0.0,0.0,0.0,0.0,0.0,0.0,500.0,0.11764705882352941,2026,8,13,3,225,33,0,-0.8660254037844384,-0.5000000000000004,-0.666088855860977,-0.7458723993404063,4250.0,4250.0,4250.0,0.0,0.0
Maharashtra,Raigad,APMC Alibagh,Cereals,Rice,Other,Local,4000.0,4500.0,4250.0,Rs./Quintal,2026-08-14,0,4250.0,4250.0,4250.0,4250.0,4250.0,4250.0,4250.0,4250.0,4250.0,4250.0,0.0,0.0,0.0,0.0,0.0,0.0,0.0,0.0,0.0,0.0,0.0,500.0,0.11764705882352941,2026,8,14,4,226,33,0,-0.8660254037844384,-0.5000000000000004,-0.6788204829862357,-0.734304263829602,4250.0,4250.0,4250.0,0.0,0.0
Maharashtra,Raigad,APMC Alibagh,Cereals,Rice,Other,Local,4000.0,4500.0,4250.0,Rs./Quintal,2026-08-15,0,4250.0,4250.0,4250.0,4250.0,4250.0,4250.0,4250.0,4250.0,4250.0,4250.0,0.0,0.0,0.0,0.0,0.0,0.0,0.0,0.0,0.0,0.0,0.0,500.0,0.11764705882352941,2026,8,15,5,227,33,1,-0.8660254037844384,-0.5000000000000004,-0.6913512362094071,-0.722518835873311,4250.0,4250.0,4250.0,0.0,0.0
Maharashtra,Raigad,APMC Alibagh,Cereals,Rice,Other,Local,4000.0,4500.0,4250.0,Rs./Quintal,2026-08-16,0,4250.0,4250.0,4250.0,4250.0,4250.0,4250.0,4250.0,4250.0,4250.0,4250.0,0.0,0.0,0.0,0.0,0.0,0.0,0.0,0.0,0.0,0.0,0.0,500.0,0.11764705882352941,2026,8,16,6,228,33,1,-0.8660254037844384,-0.5000000000000004,-0.7036774074790128,-0.7105196029692745,4250.0,4250.0,4250.0,0.0,0.0
Maharashtra,Raigad,APMC Alibagh,Cereals,Rice,Other,Local,4000.0,4500.0,4250.0,Rs./Quintal,2026-08-17,0,4250.0,4250.0,4250.0,4250.0,4250.0,4250.0,4250.0,4250.0,4250.0,4250.0,0.0,0.0,0.0,0.0,0.0,0.0,0.0,0.0,0.0,0.0,0.0,500.0,0.11764705882352941,2026,8,17,0,229,34,0,-0.8660254037844384,-0.5000000000000004,-0.7157953492826642,-0.6983101158835584,4250.0,4250.0,4250.0,0.0,0.0
Maharashtra,Raigad,APMC Alibagh,Cereals,Rice,Other,Local,4000.0,4500.0,4250.0,Rs./Quintal,2026-08-18,0,4250.0,4250.0,4250.0,4250.0,4250.0,4250.0,4250.0,4250.0,4250.0,4250.0,0.0,0.0,0.0,0.0,0.0,0.0,0.0,0.0,0.0,0.0,0.0,500.0,0.11764705882352941,2026,8,18,1,230,34,0,-0.8660254037844384,-0.5000000000000004,-0.7277014757264236,-0.6858939875998223,4250.0,4250.0,4250.0,0.0,0.0
Maharashtra,Raigad,APMC Alibagh,Cereals,Rice,Other,Local,4000.0,4500.0,4250.0,Rs./Quintal,2026-08-19,0,4250.0,4250.0,4250.0,4250.0,4250.0,4250.0,4250.0,4250.0,4250.0,4250.0,0.0,0.0,0.0,0.0,0.0,0.0,0.0,0.0,0.0,0.0,0.0,500.0,0.11764705882352941,2026,8,19,2,231,34,0,-0.8660254037844384,-0.5000000000000004,-0.7393922635959241,-0.673274892250183,4250.0,4250.0,4250.0,0.0,0.0
Maharashtra,Raigad,APMC Alibagh,Cereals,Rice,Other,Local,4000.0,4500.0,4250.0,Rs./Quintal,2026-08-20,0,4250.0,4250.0,4250.0,4250.0,4250.0,4250.0,4250.0,4250.0,4250.0,4250.0,0.0,0.0,0.0,0.0,0.0,0.0,0.0,0.0,0.0,0.0,0.0,500.0,0.11764705882352941,2026,8,20,3,232,34,0,-0.8660254037844384,-0.5000000000000004,-0.7508642533989489,-0.6604565640279754,4250.0,4250.0,4250.0,0.0,0.0
Maharashtra,Raigad,APMC Alibagh,Cereals,Rice,Other,Local,4000.0,4500.0,4250.0,Rs./Quintal,2026-08-21,0,4250.0,4250.0,4250.0,4250.0,4250.0,4250.0,4250.0,4250.0,4250.0,4250.0,0.0,0.0,0.0,0.0,0.0,0.0,0.0,0.0,0.0,0.0,0.0,500.0,0.11764705882352941,2026,8,21,4,233,34,0,-0.8660254037844384,-0.5000000000000004,-0.7621140503891487,-0.6474427960827475,4250.0,4250.0,4250.0,0.0,0.0
Maharashtra,Raigad,APMC Alibagh,Cereals,Rice,Other,Local,4000.0,4500.0,4250.0,Rs./Quintal,2026-08-22,0,4250.0,4250.0,4250.0,4250.0,4250.0,4250.0,4250.0,4250.0,4250.0,4250.0,0.0,0.0,0.0,0.0,0.0,0.0,0.0,0.0,0.0,0.0,0.0,500.0,0.11764705882352941,2026,8,22,5,234,34,1,-0.8660254037844384,-0.5000000000000004,-0.7731383255706027,-0.6342374393978054,4250.0,4250.0,4250.0,0.0,0.0
Maharashtra,Raigad,APMC Alibagh,Cereals,Rice,Other,Local,4000.0,4500.0,4250.0,Rs./Quintal,2026-08-23,0,4250.0,4250.0,4250.0,4250.0,4250.0,4250.0,4250.0,4250.0,4250.0,4250.0,0.0,0.0,0.0,0.0,0.0,0.0,0.0,0.0,0.0,0.0,0.0,500.0,0.11764705882352941,2026,8,23,6,235,34,1,-0.8660254037844384,-0.5000000000000004,-0.7839338166829201,-0.620844401650647,4250.0,4250.0,4250.0,0.0,0.0
Maharashtra,Raigad,APMC Alibagh,Cereals,Rice,Other,Local,4000.0,4500.0,4250.0,Rs./Quintal,2026-08-24,0,4250.0,4250.0,4250.0,4250.0,4250.0,4250.0,4250.0,4250.0,4250.0,4250.0,0.0,0.0,0.0,0.0,0.0,0.0,0.0,0.0,0.0,0.0,0.0,500.0,0.11764705882352941,2026,8,24,0,236,35,0,-0.8660254037844384,-0.5000000000000004,-0.7944973291665992,-0.6072676460566135,4250.0,4250.0,4250.0,0.0,0.0
Maharashtra,Raigad,APMC Alibagh,Cereals,Rice,Other,Local,4000.0,4500.0,4250.0,Rs./Quintal,2026-08-25,0,4250.0,4250.0,4250.0,4250.0,4250.0,4250.0,4250.0,4250.0,4250.0,4250.0,0.0,0.0,0.0,0.0,0.0,0.0,0.0,0.0,0.0,0.0,0.0,500.0,0.11764705882352941,2026,8,25,1,237,35,0,-0.8660254037844384,-0.5000000000000004,-0.8048257371083452,-0.593511190196115,4250.0,4250.0,4250.0,0.0,0.0
Maharashtra,Raigad,APMC Alibagh,Cereals,Rice,Other,Local,4000.0,4500.0,4250.0,Rs./Quintal,2026-08-26,0,4250.0,4250.0,4250.0,4250.0,4250.0,4250.0,4250.0,4250.0,4250.0,4250.0,0.0,0.0,0.0,0.0,0.0,0.0,0.0,0.0,0.0,0.0,0.0,500.0,0.11764705882352941,2026,8,26,2,238,35,0,-0.8660254037844384,-0.5000000000000004,-0.8149159841660791,-0.5795791048257612,4250.0,4250.0,4250.0,0.0,0.0
Maharashtra,Raigad,APMC Alibagh,Cereals,Rice,Other,Local,4000.0,4500.0,4250.0,Rs./Quintal,2026-08-27,0,4250.0,4250.0,4250.0,4250.0,4250.0,4250.0,4250.0,4250.0,4250.0,4250.0,0.0,0.0,0.0,0.0,0.0,0.0,0.0,0.0,0.0,0.0,0.0,500.0,0.11764705882352941,2026,8,27,3,239,35,0,-0.8660254037844384,-0.5000000000000004,-0.8247650844733614,-0.5654755126737576,4250.0,4250.0,4250.0,0.0,0.0
Maharashtra,Raigad,APMC Alibagh,Cereals,Rice,Other,Local,4000.0,4500.0,4250.0,Rs./Quintal,2026-08-28,0,4250.0,4250.0,4250.0,4250.0,4250.0,4250.0,4250.0,4250.0,4250.0,4250.0,0.0,0.0,0.0,0.0,0.0,0.0,0.0,0.0,0.0,0.0,0.0,500.0,0.11764705882352941,2026,8,28,4,240,35,0,-0.8660254037844384,-0.5000000000000004,-0.8343701235229537,-0.5512045872199277,4250.0,4250.0,,0.0,
Maharashtra,Raigad,APMC Alibagh,Cereals,Rice,Other,Local,4000.0,4500.0,4250.0,Rs./Quintal,2026-08-29,0,4250.0,4250.0,4250.0,4250.0,4250.0,4250.0,4250.0,4250.0,4250.0,4250.0,0.0,0.0,0.0,0.0,0.0,0.0,0.0,0.0,0.0,0.0,0.0,500.0,0.11764705882352941,2026,8,29,5,241,35,1,-0.8660254037844384,-0.5000000000000004,-0.8437282590292712,-0.5367705514607103,4250.0,4250.0,,0.0,
Maharashtra,Raigad,APMC Alibagh,Cereals,Rice,Other,Local,4000.0,4500.0,4250.0,Rs./Quintal,2026-08-30,0,4250.0,4250.0,4250.0,4250.0,4250.0,4250.0,4250.0,4250.0,4250.0,4250.0,0.0,0.0,0.0,0.0,0.0,0.0,0.0,0.0,0.0,0.0,0.0,500.0,0.11764705882352941,2026,8,30,6,242,35,1,-0.8660254037844384,-0.5000000000000004,-0.8528367217694595,-0.522177676659508,4250.0,4250.0,,0.0,
Maharashtra,Raigad,APMC Alibagh,Cereals,Rice,Other,Local,4000.0,4500.0,4250.0,Rs./Quintal,2026-08-31,0,4250.0,4250.0,4250.0,4250.0,4250.0,4250.0,4250.0,4250.0,4250.0,4250.0,0.0,0.0,0.0,0.0,0.0,0.0,0.0,0.0,0.0,0.0,0.0,500.0,0.11764705882352941,2026,8,31,0,243,36,0,-0.8660254037844384,-0.5000000000000004,-0.8616928164028521,-0.5074302810827518,4250.0,4250.0,,0.0,
Maharashtra,Raigad,APMC Alibagh,Cereals,Rice,Other,Local,4000.0,4500.0,4250.0,Rs./Quintal,2026-09-01,0,4250.0,4250.0,4250.0,4250.0,4250.0,4250.0,4250.0,4250.0,4250.0,4250.0,0.0,0.0,0.0,0.0,0.0,0.0,0.0,0.0,0.0,0.0,0.0,500.0,0.11764705882352941,2026,9,1,1,244,36,0,-1.0,-1.8369701987210297e-16,-0.8702939222685674,-0.49253272872205434,4250.0,,,,
Maharashtra,Raigad,APMC Alibagh,Cereals,Rice,Other,Local,4000.0,4500.0,4250.0,Rs./Quintal,2026-09-02,0,4250.0,4250.0,4250.0,4250.0,4250.0,4250.0,4250.0,4250.0,4250.0,4250.0,0.0,0.0,0.0,0.0,0.0,0.0,0.0,0.0,0.0,0.0,0.0,500.0,0.11764705882352941,2026,9,2,2,245,36,0,-1.0,-1.8369701987210297e-16,-0.8786374941610001,-0.4774894280028391,4250.0,,,,
Maharashtra,Raigad,APMC Alibagh,Cereals,Rice,Other,Local,4000.0,4500.0,4250.0,Rs./Quintal,2026-09-03,0,4250.0,4250.0,4250.0,4250.0,4250.0,4250.0,4250.0,4250.0,4250.0,4250.0,0.0,0.0,0.0,0.0,0.0,0.0,0.0,0.0,0.0,0.0,0.0,500.0,0.11764705882352941,2026,9,3,3,246,36,0,-1.0,-1.8369701987210297e-16,-0.886721063082993,-0.46230483047981086,,,,,
Maharashtra,Raigad,APMC Murud,Cereals,Rice,Other,Local,3000.0,3500.0,3250.0,Rs./Quintal,2025-01-26,0,,,,,,,,,,,,,,,,,,,,,,500.0,0.15384615384615385,2025,1,26,6,26,4,1,0.49999999999999994,0.8660254037844387,0.4324994021339788,0.901634220265486,3250.0,3250.0,3250.0,0.0,0.0
Maharashtra,Raigad,APMC Murud,Cereals,Rice,Other,Local,3000.0,3500.0,3250.0,Rs./Quintal,2025-01-27,0,3250.0,,,,,,,,,,,,,0.0,0.0,,,,,,,500.0,0.15384615384615385,2025,1,27,0,27,5,0,0.49999999999999994,0.8660254037844387,0.44794493940789115,0.8940611451454876,3250.0,3250.0,3250.0,0.0,0.0
Maharashtra,Raigad,APMC Murud,Cereals,Rice,Other,Local,3000.0,3500.0,3250.0,Rs./Quintal,2025-01-28,0,3250.0,3250.0,,,,,3250.0,,,,,,,0.0,0.0,,,,,,,500.0,0.15384615384615385,2025,1,28,1,28,5,0,0.49999999999999994,0.8660254037844387,0.4632579225674917,0.88622350294858,3250.0,3250.0,3250.0,0.0,0.0
Maharashtra,Raigad,APMC Murud,Cereals,Rice,Other,Local,3000.0,3500.0,3250.0,Rs./Quintal,2025-01-29,0,3250.0,3250.0,3250.0,,,,3250.0,,,,,,,0.0,0.0,0.0,0.0,,,,,500.0,0.15384615384615385,2025,1,29,2,29,5,0,0.49999999999999994,0.8660254037844387,0.4784338202547012,0.8781236129591848,3250.0,3250.0,3250.0,0.0,0.0
Maharashtra,Raigad,APMC Murud,Cereals,Rice,Other,Local,3000.0,3500.0,3250.0,Rs./Quintal,2025-01-30,0,3250.0,3250.0,3250.0,,,,3250.0,,,,,,,0.0,0.0,0.0,0.0,,,,,500.0,0.15384615384615385,2025,1,30,3,30,5,0,0.49999999999999994,0.8660254037844387,0.49346814167723735,0.8697638720650646,3250.0,3250.0,3250.0,0.0,0.0
Maharashtra,Raigad,APMC Murud,Cereals,Rice,Other,Local,3000.0,3500.0,3250.0,Rs./Quintal,2025-01-31,0,3250.0,3250.0,3250.0,,,,3250.0,,,,,,,0.0,0.0,0.0,0.0,,,,,500.0,0.15384615384615385,2025,1,31,4,31,5,0,0.49999999999999994,0.8660254037844387,0.5083564379375122,0.8611467540480452,3250.0,3250.0,3250.0,0.0,0.0
Maharashtra,Raigad,APMC Murud,Cereals,Rice,Other,Local,3000.0,3500.0,3250.0,Rs./Quintal,2025-02-01,0,3250.0,3250.0,3250.0,,,,3250.0,3250.0,,,0.0,,,0.0,0.0,0.0,0.0,,,,,500.0,0.15384615384615385,2025,2,1,5,32,5,1,0.8660254037844386,0.5000000000000001,0.5230943033491326,0.8522748088519838,3250.0,3250.0,3250.0,0.0,0.0
Maharashtra,Raigad,APMC Murud,Cereals,Rice,Other,Local,3000.0,3500.0,3250.0,Rs./Quintal,2025-02-02,0,3250.0,3250.0,3250.0,3250.0,,,3250.0,3250.0,,,0.0,,,0.0,0.0,0.0,0.0,0.0,0.0,,,500.0,0.15384615384615385,2025,2,2,6,33,5,1,0.8660254037844386,0.5000000000000001,0.5376773767406141,0.8431506618282,3250.0,3250.0,3250.0,0.0,0.0
Maharashtra,Raigad,APMC Murud,Cereals,Rice,Other,Local,3000.0,3500.0,3250.0,Rs./Quintal,2025-02-03,0,3250.0,3250.0,3250.0,3250.0,,,3250.0,3250.0,,,0.0,,,0.0,0.0,0.0,0.0,0.0,0.0,,,500.0,0.15384615384615385,2025,2,3,0,34,6,0,0.8660254037844386,0.5000000000000001,0.5521013427459208,0.8337770129585915,3250.0,3250.0,3250.0,0.0,0.0
Maharashtra,Raigad,APMC Murud,Cereals,Rice,Other,Local,3000.0,3500.0,3250.0,Rs./Quintal,2025-02-04,0,3250.0,3250.0,3250.0,3250.0,,,3250.0,3250.0,,,0.0,,,0.0,0.0,0.0,0.0,0.0,0.0,,,500.0,0.15384615384615385,2025,2,4,1,35,6,0,0.8660254037844386,0.5000000000000001,0.5663619330814524,0.8241566360566663,3250.0,3250.0,3250.0,0.0,0.0
Maharashtra,Raigad,APMC Murud,Cereals,Rice,Other,Local,3000.0,3500.0,3250.0,Rs./Quintal,2025-02-05,0,3250.0,3250.0,3250.0,3250.0,,,3250.0,3250.0,,,0.0,,,0.0,0.0,0.0,0.0,0.0,0.0,,,500.0,0.15384615384615385,2025,2,5,2,36,6,0,0.8660254037844386,0.5000000000000001,0.580454927809098,0.8142923779467267,3250.0,3250.0,3250.0,0.0,0.0
Maharashtra,Raigad,APMC Murud,Cereals,Rice,Other,Local,3000.0,3500.0,3250.0,Rs./Quintal,2025-02-06,0,3250.0,3250.0,3250.0,3250.0,,,3250.0,3250.0,,,0.0,,,0.0,0.0,0.0,0.0,0.0,0.0,,,500.0,0.15384615384615385,2025,2,6,3,37,6,0,0.8660254037844386,0.5000000000000001,0.5943761565849831,0.804187157621448,3250.0,3250.0,3250.0,0.0,0.0
Maharashtra,Raigad,APMC Murud,Cereals,Rice,Other,Local,3000.0,3500.0,3250.0,Rs./Quintal,2025-02-07,0,3250.0,3250.0,3250.0,3250.0,,,3250.0,3250.0,,,0.0,,,0.0,0.0,0.0,0.0,0.0,0.0,,,500.0,0.15384615384615385,2025,2,7,4,38,6,0,0.8660254037844386,0.5000000000000001,0.6081214998935418,0.7938439653781019,3250.0,3250.0,3250.0,0.0,0.0
Maharashtra,Raigad,APMC Murud,Cereals,Rice,Other,Local,3000.0,3500.0,3250.0,Rs./Quintal,2025-02-08,0,3250.0,3250.0,3250.0,3250.0,,,3250.0,3250.0,3250.0,,0.0,0.0,,0.0,0.0,0.0,0.0,0.0,0.0,,,500.0,0.15384615384615385,2025,2,8,5,39,6,1,0.8660254037844386,0.5000000000000001,0.6216868902665479,0.7832658619336791,3250.0,3250.0,3250.0,0.0,0.0
Maharashtra,Raigad,APMC Murud,Cereals,Rice,Other,Local,3000.0,3500.0,3250.0,Rs./Quintal,2025-02-09,0,3250.0,3250.0,3250.0,3250.0,3250.0,,3250.0,3250.0,3250.0,,0.0,0.0,,0.0,0.0,0.0,0.0,0.0,0.0,0.0,0.0,500.0,0.15384615384615385,2025,2,9,6,40,6,1,0.8660254037844386,0.5000000000000001,0.6350683134867438,0.7724559775191742,3250.0,3250.0,3250.0,0.0,0.0
Maharashtra,Raigad,APMC Murud,Cereals,Rice,Other,Local,3000.0,3500.0,3250.0,Rs./Quintal,2025-02-10,0,3250.0,3250.0,3250.0,3250.0,3250.0,,3250.0,3250.0,3250.0,,0.0,0.0,,0.0,0.0,0.0,0.0,0.0,0.0,0.0,0.0,500.0,0.15384615384615385,2025,2,10,0,41,7,0,0.8660254037844386,0.5000000000000001,0.6482618097757122,0.7614175109532997,3250.0,3250.0,3250.0,0.0,0.0
Maharashtra,Raigad,APMC Murud,Cereals,Rice,Other,Local,3000.0,3500.0,3250.0,Rs./Quintal,2025-02-13,0,3250.0,3250.0,3250.0,3250.0,3250.0,,3250.0,3250.0,3250.0,,0.0,0.0,,0.0,0.0,0.0,0.0,0.0,0.0,0.0,0.0,500.0,0.15384615384615385,2025,2,13,3,44,7,0,0.8660254037844386,0.5000000000000001,0.6866759803451553,0.726963615332308,3250.0,3250.0,2600.0,0.0,-650.0
Maharashtra,Raigad,APMC Murud,Cereals,Rice,Other,Local,3000.0,3500.0,3250.0,Rs./Quintal,2025-02-14,0,3250.0,3250.0,3250.0,3250.0,3250.0,,3250.0,3250.0,3250.0,,0.0,0.0,,0.0,0.0,0.0,0.0,0.0,0.0,0.0,0.0,500.0,0.15384615384615385,2025,2,14,4,45,7,0,0.8660254037844386,0.5000000000000001,0.6990793005655562,0.7150441465537444,3250.0,3250.0,2600.0,0.0,-650.0
Maharashtra,Raigad,APMC Murud,Cereals,Rice,Other,Local,3000.0,3500.0,3250.0,Rs./Quintal,2025-02-15,0,3250.0,3250.0,3250.0,3250.0,3250.0,,3250.0,3250.0,3250.0,,0.0,0.0,,0.0,0.0,0.0,0.0,0.0,0.0,0.0,0.0,500.0,0.15384615384615385,2025,2,15,5,46,7,1,0.8660254037844386,0.5000000000000001,0.7112757519738152,0.7029130847082615,3250.0,3250.0,2600.0,0.0,-650.0
Maharashtra,Raigad,APMC Murud,Cereals,Rice,Other,Local,3000.0,3500.0,3250.0,Rs./Quintal,2025-02-16,0,3250.0,3250.0,3250.0,3250.0,3250.0,,3250.0,3250.0,3250.0,,0.0,0.0,,0.0,0.0,0.0,0.0,0.0,0.0,0.0,0.0,500.0,0.15384615384615385,2025,2,16,6,47,7,1,0.8660254037844386,0.5000000000000001,0.7232617254437388,0.6905740195722293,3250.0,3250.0,2600.0,0.0,-650.0
Maharashtra,Raigad,APMC Murud,Cereals,Rice,Other,Local,3000.0,3500.0,3250.0,Rs./Quintal,2025-02-17,0,3250.0,3250.0,3250.0,3250.0,3250.0,,3250.0,3250.0,3250.0,,0.0,0.0,,0.0,0.0,0.0,0.0,0.0,0.0,0.0,0.0,500.0,0.15384615384615385,2025,2,17,0,48,8,0,0.8660254037844386,0.5000000000000001,0.7350336741329412,0.6780306024735382,3250.0,2600.0,2600.0,-650.0,-650.0
Maharashtra,Raigad,APMC Murud,Cereals,Rice,Other,Local,3000.0,3500.0,3250.0,Rs./Quintal,2025-02-18,0,3250.0,3250.0,3250.0,3250.0,3250.0,,3250.0,3250.0,3250.0,,0.0,0.0,,0.0,0.0,0.0,0.0,0.0,0.0,0.0,0.0,500.0,0.15384615384615385,2025,2,18,1,49,8,0,0.8660254037844386,0.5000000000000001,0.746588114532413,0.6652865452111116,3250.0,2600.0,2600.0,-650.0,-650.0
Maharashtra,Raigad,APMC Murud,Cereals,Rice,Other,Local,3000.0,3500.0,3250.0,Rs./Quintal,2025-02-19,0,3250.0,3250.0,3250.0,3250.0,3250.0,,3250.0,3250.0,3250.0,,0.0,0.0,,0.0,0.0,0.0,0.0,0.0,0.0,0.0,0.0,500.0,0.15384615384615385,2025,2,19,2,50,8,0,0.8660254037844386,0.5000000000000001,0.7579216274973472,0.6523456189565257,2600.0,2600.0,2600.0,-650.0,-650.0
Maharashtra,Raigad,APMC Murud,Cereals,Rice,Other,Local,2500.0,2700.0,2600.0,Rs./Quintal,2025-02-20,0,3250.0,3250.0,3250.0,3250.0,3250.0,,3033.3333333333335,3157.1428571428573,3203.5714285714284,,245.67690745599774,173.71980724307582,,-650.0,-19.999999999999996,-650.0,-19.999999999999996,-650.0,-19.999999999999996,-650.0,-19.999999999999996,200.0,0.07692307692307693,2025,2,20,3,51,8,0,0.8660254037844386,0.5000000000000001,0.7690308592589181,0.6392116531380588,2600.0,2600.0,2600.0,0.0,0.0
Maharashtra,Raigad,APMC Murud,Cereals,Rice,Other,Local,2500.0,2700.0,2600.0,Rs./Quintal,2025-02-21,0,2600.0,3250.0,3250.0,3250.0,3250.0,,2816.6666666666665,3064.285714285714,3157.1428571428573,,317.1675237082734,236.03873774083294,,0.0,0.0,-650.0,-19.999999999999996,-650.0,-19.999999999999996,-650.0,-19.999999999999996,200.0,0.07692307692307693,2025,2,21,4,52,8,0,0.8660254037844386,0.5000000000000001,0.7799125224167177,0.6258885343075018,2600.0,2600.0,2600.0,0.0,0.0
Maharashtra,Raigad,APMC Murud,Cereals,Rice,Other,Local,2500.0,2700.0,2600.0,Rs./Quintal,2025-02-22,0,2600.0,2600.0,3250.0,3250.0,3250.0,,2600.0,2971.4285714285716,3110.714285714286,,347.439614486152,276.779953857108,,0.0,0.0,-650.0,-19.999999999999996,-650.0,-19.999999999999996,-650.0,-19.999999999999996,200.0,0.07692307692307693,2025,2,22,5,53,8,1,0.8660254037844386,0.5000000000000001,0.7905633969115482,0.612380204990065,2600.0,2600.0,2600.0,0.0,0.0
Maharashtra,Raigad,APMC Murud,Cereals,Rice,Other,Local,2500.0,2700.0,2600.0,Rs./Quintal,2025-02-23,0,2600.0,2600.0,2600.0,3250.0,3250.0,,2600.0,2878.5714285714284,3064.285714285714,,347.4396144861522,304.724700110022,,0.0,0.0,0.0,0.0,-650.0,-19.999999999999996,-650.0,-19.999999999999996,200.0,0.07692307692307693,2025,2,23,6,54,8,1,0.8660254037844386,0.5000000000000001,0.8009803309782905,0.5986906625177214,2600.0,2600.0,2600.0,0.0,0.0
Maharashtra,Raigad,APMC Murud,Cereals,Rice,Other,Local,2500.0,2700.0,2600.0,Rs./Quintal,2025-02-24,0,2600.0,2600.0,2600.0,3250.0,3250.0,,2600.0,2785.714285714286,3017.8571428571427,,317.1675237082741,323.20935276425047,,0.0,0.0,0.0,0.0,-650.0,-19.999999999999996,-650.0,-19.999999999999996,200.0,0.07692307692307693,2025,2,24,0,55,9,0,0.8660254037844386,0.5000000000000001,0.8111602420785621,0.5848239578463322,2600.0,2600.0,2600.0,0.0,0.0
Maharashtra,Raigad,APMC Murud,Cereals,Rice,Other,Local,2500.0,2700.0,2600.0,Rs./Quintal,2025-02-25,0,2600.0,2600.0,2600.0,3250.0,3250.0,,2600.0,2692.8571428571427,2971.4285714285716,,245.67690745599896,333.80918415851204,,0.0,0.0,0.0,0.0,-650.0,-19.999999999999996,-650.0,-19.999999999999996,200.0,0.07692307692307693,2025,2,25,1,56,9,0,0.8660254037844386,0.5000000000000001,0.8211001178128892,0.5707841943569036,2600.0,2600.0,2600.0,0.0,0.0
Maharashtra,Raigad,APMC Murud,Cereals,Rice,Other,Local,2500.0,2700.0,2600.0,Rs./Quintal,2025-02-26,0,2600.0,2600.0,2600.0,3250.0,3250.0,,2600.0,2600.0,2925.0,3098.3333333333335,0.0,337.268439080801,279.61899364884965,0.0,0.0,0.0,0.0,-650.0,-19.999999999999996,-650.0,-19.999999999999996,200.0,0.07692307692307693,2025,2,26,2,57,9,0,0.8660254037844386,0.5000000000000001,0.8307970168121247,0.5565755266413303,2600.0,2600.0,2600.0,0.0,0.0
Maharashtra,Raigad,APMC Murud,Cereals,Rice,Other,Local,2500.0,2700.0,2600.0,Rs./Quintal,2025-02-27,0,2600.0,2600.0,2600.0,2600.0,3250.0,3250.0,2600.0,2600.0,2878.5714285714284,3076.6666666666665,0.0,333.80918415851204,292.3546893207224,0.0,0.0,0.0,0.0,0.0,0.0,-650.0,-19.999999999999996,200.0,0.07692307692307693,2025,2,27,3,58,9,0,0.8660254037844386,0.5000000000000001,0.8402480696078469,0.5422021592729844,2600.0,2600.0,2600.0,0.0,0.0
Maharashtra,Raigad,APMC Murud,Cereals,Rice,Other,Local,2500.0,2700.0,2600.0,Rs./Quintal,2025-02-28,0,2600.0,2600.0,2600.0,2600.0,3250.0,3250.0,2600.0,2600.0,2832.1428571428573,3055.0,0.0,323.20935276425047,302.9595398046094,0.0,0.0,0.0,0.0,0.0,0.0,-650.0,-19.999999999999996,200.0,0.07692307692307693,2025,2,28,4,59,9,0,0.8660254037844386,0.5000000000000001,0.8494504794814806,0.527668345562516,2600.0,2600.0,2600.0,0.0,0.0
Maharashtra,Raigad,APMC Murud,Cereals,Rice,Other,Local,2500.0,2700.0,2600.0,Rs./Quintal,2025-03-01,0,2600.0,2600.0,2600.0,2600.0,3250.0,3250.0,2600.0,2600.0,2785.714285714286,3033.3333333333335,0.0,304.724700110022,311.6511459654997,0.0,0.0,0.0,0.0,0.0,0.0,-650.0,-19.999999999999996,200.0,0.07692307692307693,2025,3,1,5,60,9,1,1.0,6.123233995736766e-17,0.8584015232918917,0.512978386299228,2600.0,2600.0,2600.0,0.0,0.0
Maharashtra,Raigad,APMC Murud,Cereals,Rice,Other,Local,2500.0,2700.0,2600.0,Rs./Quintal,2025-03-02,0,2600.0,2600.0,2600.0,2600.0,3250.0,3250.0,2600.0,2600.0,2739.285714285714,3011.6666666666665,0.0,276.779953857108,318.58613660481467,0.0,0.0,0.0,0.0,0.0,0.0,-650.0,-19.999999999999996,200.0,0.07692307692307693,2025,3,2,6,61,9,1,1.0,6.123233995736766e-17,0.8670985522812081,0.4981366284784055,2600.0,2600.0,2600.0,0.0,0.0
Maharashtra,Raigad,APMC Murud,Cereals,Rice,Other,Local,2500.0,2700.0,2600.0,Rs./Quintal,2025-03-03,0,2600.0,2600.0,2600.0,2600.0,3250.0,3250.0,2600.0,2600.0,2692.8571428571427,2990.0,0.0,236.03873774083294,323.8773714295859,0.0,0.0,0.0,0.0,0.0,0.0,-650.0,-19.999999999999996,200.0,0.07692307692307693,2025,3,3,0,62,10,0,1.0,6.123233995736766e-17,0.8755389928586302,0.4831474640149687,2600.0,2600.0,2600.0,0.0,0.0
Maharashtra,Raigad,APMC Murud,Cereals,Rice,Other,Local,2500.0,2700.0,2600.0,Rs./Quintal,2025-03-04,0,2600.0,2600.0,2600.0,2600.0,3250.0,3250.0,2600.0,2600.0,2646.4285714285716,2968.3333333333335,0.0,173.71980724307582,327.6045064459251,0.0,0.0,0.0,0.0,0.0,0.0,-650.0,-19.999999999999996,200.0,0.07692307692307693,2025,3,4,1,63,10,0,1.0,6.123233995736766e-17,0.8837203473619977,0.4680153284438345,2600.0,2600.0,2600.0,0.0,0.0
Maharashtra,Raigad,APMC Murud,Cereals,Rice,Other,Local,2500.0,2700.0,2600.0,Rs./Quintal,2025-03-05,0,2600.0,2600.0,2600.0,2600.0,3250.0,3250.0,2600.0,2600.0,2600.0,2946.6666666666665,0.0,0.0,329.82057121320116,0.0,0.0,0.0,0.0,0.0,0.0,-650.0,-19.999999999999996,200.0,0.07692307692307693,2025,3,5,2,64,10,0,1.0,6.123233995736766e-17,0.8916401947968874,0.45274469960737107,2600.0,2600.0,2600.0,0.0,0.0
Maharashtra,Raigad,APMC Murud,Cereals,Rice,Other,Local,2500.0,2700.0,2600.0,Rs./Quintal,2025-03-06,0,2600.0,2600.0,2600.0,2600.0,2600.0,3250.0,2600.0,2600.0,2600.0,2925.0,0.0,0.0,330.55595801514505,0.0,0.0,0.0,0.0,0.0,0.0,0.0,0.0,200.0,0.07692307692307693,2025,3,6,3,65,10,0,1.0,6.123233995736766e-17,0.8992961915530253,0.4373400963303323,2600.0,2600.0,2600.0,0.0,0.0
Maharashtra,Raigad,APMC Murud,Cereals,Rice,Other,Local,2500.0,2700.0,2600.0,Rs./Quintal,2025-03-07,0,2600.0,2600.0,2600.0,2600.0,2600.0,3250.0,2600.0,2600.0,2600.0,2903.3333333333335,0.0,0.0,329.82057121320116,0.0,0.0,0.0,0.0,0.0,0.0,0.0,0.0,200.0,0.07692307692307693,2025,3,7,4,66,10,0,1.0,6.123233995736766e-17,0.9066860720977985,0.4218060770826634,2600.0,2600.0,2600.0,0.0,0.0
Maharashtra,Raigad,APMC Murud,Cereals,Rice,Other,Local,2500.0,2700.0,2600.0,Rs./Quintal,2025-03-08,0,2600.0,2600.0,2600.0,2600.0,2600.0,3250.0,2600.0,2600.0,2600.0,2881.6666666666665,0.0,0.0,327.6045064459251,0.0,0.0,0.0,0.0,0.0,0.0,0.0,0.0,200.0,0.07692307692307693,2025,3,8,5,67,10,1,1.0,6.123233995736766e-17,0.9138076496466615,0.4061472386305789,2600.0,2600.0,2600.0,0.0,0.0
Maharashtra,Raigad,APMC Murud,Cereals,Rice,Other,Local,2500.0,2700.0,2600.0,Rs./Quintal,2025-03-09,0,2600.0,2600.0,2600.0,2600.0,2600.0,3250.0,2600.0,2600.0,2600.0,2860.0,0.0,0.0,323.8773714295859,0.0,0.0,0.0,0.0,0.0,0.0,0.0,0.0,200.0,0.07692307692307693,2025,3,9,6,68,10,1,1.0,6.123233995736766e-17,0.9206588168102428,0.3903682146763026,2600.0,2600.0,2600.0,0.0,0.0
Maharashtra,Raigad,APMC Murud,Cereals,Rice,Other,Local,2500.0,2700.0,2600.0,Rs./Quintal,2025-03-10,0,2600.0,2600.0,2600.0,2600.0,2600.0,3250.0,2600.0,2600.0,2600.0,2838.3333333333335,0.0,0.0,318.58613660481467,0.0,0.0,0.0,0.0,0.0,0.0,0.0,0.0,200.0,0.07692307692307693,2025,3,10,0,69,11,0,1.0,6.123233995736766e-17,0.9272375462179537,0.374473674486883,2600.0,2600.0,2600.0,0.0,0.0
Maharashtra,Raigad,APMC Murud,Cereals,Rice,Other,Local,2500.0,2700.0,2600.0,Rs./Quintal,2025-03-11,0,2600.0,2600.0,2600.0,2600.0,2600.0,3250.0,2600.0,2600.0,2600.0,2816.6666666666665,0.0,0.0,311.6511459654997,0.0,0.0,0.0,0.0,0.0,0.0,0.0,0.0,200.0,0.07692307692307693,2025,3,11,1,70,11,0,1.0,6.123233995736766e-17,0.9335418911179212,0.35846832151248087,2600.0,2600.0,2600.0,0.0,0.0
Maharashtra,Raigad,APMC Murud,Cereals,Rice,Other,Local,2500.0,2700.0,2600.0,Rs./Quintal,2025-03-12,0,2600.0,2600.0,2600.0,2600.0,2600.0,3250.0,2600.0,2600.0,2600.0,2795.0,0.0,0.0,302.9595398046094,0.0,0.0,0.0,0.0,0.0,0.0,0.0,0.0,200.0,0.07692307692307693,2025,3,12,2,71,11,0,1.0,6.123233995736766e-17,0.9395699859530622,0.342356891994542,2600.0,2600.0,2600.0,0.0,0.0
Maharashtra,Raigad,APMC Murud,Cereals,Rice,Other,Local,2500.0,2700.0,2600.0,Rs./Quintal,2025-03-13,0,2600.0,2600.0,2600.0,2600.0,2600.0,3250.0,2600.0,2600.0,2600.0,2773.3333333333335,0.0,0.0,292.3546893207224,0.0,0.0,0.0,0.0,0.0,0.0,0.0,0.0,200.0,0.07692307692307693,2025,3,13,3,72,11,0,1.0,6.123233995736766e-17,0.945320046913132,0.3261441535642696,2600.0,2600.0,2600.0,0.0,0.0
Maharashtra,Raigad,APMC Murud,Cereals,Rice,Other,Local,2500.0,2700.0,2600.0,Rs./Quintal,2025-03-14,0,2600.0,2600.0,2600.0,2600.0,2600.0,3250.0,2600.0,2600.0,2600.0,2751.6666666666665,0.0,0.0,279.61899364884965,0.0,0.0,0.0,0.0,0.0,0.0,0.0,0.0,200.0,0.07692307692307693,2025,3,14,4,73,11,0,1.0,6.123233995736766e-17,0.9507903724625832,0.3098349038318025,2600.0,2600.0,2600.0,0.0,0.0
Maharashtra,Raigad,APMC Murud,Cereals,Rice,Other,Local,2500.0,2700.0,2600.0,Rs./Quintal,2025-03-15,0,2600.0,2600.0,2600.0,2600.0,2600.0,3250.0,2600.0,2600.0,2600.0,2730.0,0.0,0.0,264.4447664121161,0.0,0.0,0.0,0.0,0.0,0.0,0.0,0.0,200.0,0.07692307692307693,2025,3,15,5,74,11,1,1.0,6.123233995736766e-17,0.9559793438440766,0.2934339689665273,2600.0,2600.0,2600.0,0.0,0.0
Maharashtra,Raigad,APMC Murud,Cereals,Rice,Other,Local,2500.0,2700.0,2600.0,Rs./Quintal,2025-03-16,0,2600.0,2600.0,2600.0,2600.0,2600.0,3250.0,2600.0,2600.0,2600.0,2708.3333333333335,0.0,0.0,246.3818641631436,0.0,0.0,0.0,0.0,0.0,0.0,0.0,0.0,200.0,0.07692307692307693,2025,3,16,6,75,11,1,1.0,6.123233995736766e-17,0.9608854255574977,0.27694620226893646,2600.0,2600.0,2600.0,0.0,0.0
Maharashtra,Raigad,APMC Murud,Cereals,Rice,Other,Local,2500.0,2700.0,2600.0,Rs./Quintal,2025-03-17,0,2600.0,2600.0,2600.0,2600.0,2600.0,3250.0,2600.0,2600.0,2600.0,2686.6666666666665,0.0,0.0,224.73483736714422,0.0,0.0,0.0,0.0,0.0,0.0,0.0,0.0,200.0,0.07692307692307693,2025,3,17,0,76,12,0,1.0,6.123233995736766e-17,0.9655071658143364,0.2603764827344581,2600.0,2600.0,2600.0,0.0,0.0
Maharashtra,Raigad,APMC Murud,Cereals,Rice,Other,Local,2500.0,2700.0,2600.0,Rs./Quintal,2025-03-18,0,2600.0,2600.0,2600.0,2600.0,2600.0,3250.0,2600.0,2600.0,2600.0,2665.0,0.0,0.0,198.3335748090869,0.0,0.0,0.0,0.0,0.0,0.0,0.0,0.0,200.0,0.07692307692307693,2025,3,18,1,77,12,0,1.0,6.123233995736766e-17,0.969843196967294,0.24372971360968387,2600.0,2600.0,2600.0,0.0,0.0
Maharashtra,Raigad,APMC Murud,Cereals,Rice,Other,Local,2500.0,2700.0,2600.0,Rs./Quintal,2025-03-19,0,2600.0,2600.0,2600.0,2600.0,2600.0,3250.0,2600.0,2600.0,2600.0,2643.3333333333335,0.0,0.0,164.91028560660038,0.0,0.0,0.0,0.0,0.0,0.0,0.0,0.0,200.0,0.07692307692307693,2025,3,19,2,78,12,0,1.0,6.123233995736766e-17,0.9738922359149924,0.22701082094141847,2600.0,2600.0,2600.0,0.0,0.0
Maharashtra,Raigad,APMC Murud,Cereals,Rice,Other,Local,2500.0,2700.0,2600.0,Rs./Quintal,2025-03-20,0,2600.0,2600.0,2600.0,2600.0,2600.0,3250.0,2600.0,2600.0,2600.0,2621.6666666666665,0.0,0.0,118.67322079278567,0.0,0.0,0.0,0.0,0.0,0.0,0.0,0.0,200.0,0.07692307692307693,2025,3,20,3,79,12,0,1.0,6.123233995736766e-17,0.9776530844816641,0.2102247521189836,2600.0,2600.0,2600.0,0.0,0.0
Maharashtra,Raigad,APMC Murud,Cereals,Rice,Other,Local,2500.0,2700.0,2600.0,Rs./Quintal,2025-03-21,0,2600.0,2600.0,2600.0,2600.0,2600.0,3250.0,2600.0,2600.0,2600.0,2600.0,0.0,0.0,0.0,0.0,0.0,0.0,0.0,0.0,0.0,0.0,0.0,200.0,0.07692307692307693,2025,3,21,4,80,12,0,1.0,6.123233995736766e-17,0.981124629771712,0.19337647441020586,2600.0,2600.0,2600.0,0.0,0.0
Maharashtra,Raigad,APMC Murud,Cereals,Rice,Other,Local,2500.0,2700.0,2600.0,Rs./Quintal,2025-03-22,0,2600.0,2600.0,2600.0,2600.0,2600.0,2600.0,2600.0,2600.0,2600.0,2600.0,0.0,0.0,0.0,0.0,0.0,0.0,0.0,0.0,0.0,0.0,0.0,200.0,0.07692307692307693,2025,3,22,5,81,12,1,1.0,6.123233995736766e-17,0.984305844499033,0.17647097349152166,2600.0,2600.0,2600.0,0.0,0.0
Maharashtra,Raigad,APMC Murud,Cereals,Rice,Other,Local,2500.0,2700.0,2600.0,Rs./Quintal,2025-03-23,0,2600.0,2600.0,2600.0,2600.0,2600.0,2600.0,2600.0,2600.0,2600.0,2600.0,0.0,0.0,0.0,0.0,0.0,0.0,0.0,0.0,0.0,0.0,0.0,200.0,0.07692307692307693,2025,3,23,6,82,12,1,1.0,6.123233995736766e-17,0.9871957872910085,0.15951325197263655,2600.0,2600.0,2600.0,0.0,0.0
Maharashtra,Raigad,APMC Murud,Cereals,Rice,Other,Local,2500.0,2700.0,2600.0,Rs./Quintal,2025-03-24,0,2600.0,2600.0,2600.0,2600.0,2600.0,2600.0,2600.0,2600.0,2600.0,2600.0,0.0,0.0,0.0,0.0,0.0,0.0,0.0,0.0,0.0,0.0,0.0,200.0,0.07692307692307693,2025,3,24,0,83,13,0,1.0,6.123233995736766e-17,0.9897936029670716,0.14250832791617088,2600.0,2600.0,2600.0,0.0,0.0
Maharashtra,Raigad,APMC Murud,Cereals,Rice,Other,Local,2500.0,2700.0,2600.0,Rs./Quintal,2025-03-25,0,2600.0,2600.0,2600.0,2600.0,2600.0,2600.0,2600.0,2600.0,2600.0,2600.0,0.0,0.0,0.0,0.0,0.0,0.0,0.0,0.0,0.0,0.0,0.0,200.0,0.07692307692307693,2025,3,25,1,84,13,0,1.0,6.123233995736766e-17,0.992098522791769,0.12546123335273648,2600.0,2600.0,2600.0,0.0,0.0
Maharashtra,Raigad,APMC Murud,Cereals,Rice,Other,Local,2500.0,2700.0,2600.0,Rs./Quintal,2025-03-26,0,2600.0,2600.0,2600.0,2600.0,2600.0,2600.0,2600.0,2600.0,2600.0,2600.0,0.0,0.0,0.0,0.0,0.0,0.0,0.0,0.0,0.0,0.0,0.0,200.0,0.07692307692307693,2025,3,26,2,85,13,0,1.0,6.123233995736766e-17,0.9941098647022418,0.10837701279187609,2600.0,2600.0,2600.0,0.0,0.0
Maharashtra,Raigad,APMC Murud,Cereals,Rice,Other,Local,2500.0,2700.0,2600.0,Rs./Quintal,2025-03-27,0,2600.0,2600.0,2600.0,2600.0,2600.0,2600.0,2600.0,2600.0,2600.0,2600.0,0.0,0.0,0.0,0.0,0.0,0.0,0.0,0.0,0.0,0.0,0.0,200.0,0.07692307692307693,2025,3,27,3,86,13,0,1.0,6.123233995736766e-17,0.9958270335100595,0.09126072172931188,2600.0,2600.0,2600.0,0.0,0.0
Maharashtra,Raigad,APMC Murud,Cereals,Rice,Other,Local,2500.0,2700.0,2600.0,Rs./Quintal,2025-03-28,0,2600.0,2600.0,2600.0,2600.0,2600.0,2600.0,2600.0,2600.0,2600.0,2600.0,0.0,0.0,0.0,0.0,0.0,0.0,0.0,0.0,0.0,0.0,0.0,200.0,0.07692307692307693,2025,3,28,4,87,13,0,1.0,6.123233995736766e-17,0.9972495210773451,0.07411742515094437,2600.0,2600.0,2600.0,0.0,0.0
Maharashtra,Raigad,APMC Murud,Cereals,Rice,Other,Local,2500.0,2700.0,2600.0,Rs./Quintal,2025-03-29,0,2600.0,2600.0,2600.0,2600.0,2600.0,2600.0,2600.0,2600.0,2600.0,2600.0,0.0,0.0,0.0,0.0,0.0,0.0,0.0,0.0,0.0,0.0,0.0,200.0,0.07692307692307693,2025,3,29,5,88,13,1,1.0,6.123233995736766e-17,0.998376906467142,0.056952196034039754,2600.0,2600.0,2600.0,0.0,0.0
Maharashtra,Raigad,APMC Murud,Cereals,Rice,Other,Local,2500.0,2700.0,2600.0,Rs./Quintal,2025-03-30,0,2600.0,2600.0,2600.0,2600.0,2600.0,2600.0,2600.0,2600.0,2600.0,2600.0,0.0,0.0,0.0,0.0,0.0,0.0,0.0,0.0,0.0,0.0,0.0,200.0,0.07692307692307693,2025,3,30,6,89,13,1,1.0,6.123233995736766e-17,0.9992088560679753,0.03977011384605572,2600.0,2600.0,2600.0,0.0,0.0
Maharashtra,Raigad,APMC Murud,Cereals,Rice,Other,Local,2500.0,2700.0,2600.0,Rs./Quintal,2025-03-31,0,2600.0,2600.0,2600.0,2600.0,2600.0,2600.0,2600.0,2600.0,2600.0,2600.0,0.0,0.0,0.0,0.0,0.0,0.0,0.0,0.0,0.0,0.0,0.0,200.0,0.07692307692307693,2025,3,31,0,90,14,0,1.0,6.123233995736766e-17,0.9997451236925734,0.022576263041545485,2600.0,2600.0,2600.0,0.0,0.0
Maharashtra,Raigad,APMC Murud,Cereals,Rice,Other,Local,2500.0,2700.0,2600.0,Rs./Quintal,2025-04-01,0,2600.0,2600.0,2600.0,2600.0,2600.0,2600.0,2600.0,2600.0,2600.0,2600.0,0.0,0.0,0.0,0.0,0.0,0.0,0.0,0.0,0.0,0.0,0.0,200.0,0.07692307692307693,2025,4,1,1,91,14,0,0.8660254037844387,-0.49999999999999983,0.9999855506507186,0.005375731557583884,2600.0,2600.0,2600.0,0.0,0.0
Maharashtra,Raigad,APMC Murud,Cereals,Rice,Other,Local,2500.0,2700.0,2600.0,Rs./Quintal,2025-04-02,0,2600.0,2600.0,2600.0,2600.0,2600.0,2600.0,2600.0,2600.0,2600.0,2600.0,0.0,0.0,0.0,0.0,0.0,0.0,0.0,0.0,0.0,0.0,0.0,200.0,0.07692307692307693,2025,4,2,2,92,14,0,0.8660254037844387,-0.49999999999999983,0.9999300657962057,-0.011826390691832589,2600.0,2600.0,2600.0,0.0,0.0
Maharashtra,Raigad,APMC Murud,Cereals,Rice,Other,Local,2500.0,2700.0,2600.0,Rs./Quintal,2025-04-03,0,2600.0,2600.0,2600.0,2600.0,2600.0,2600.0,2600.0,2600.0,2600.0,2600.0,0.0,0.0,0.0,0.0,0.0,0.0,0.0,0.0,0.0,0.0,0.0,200.0,0.07692307692307693,2025,4,3,3,93,14,0,0.8660254037844387,-0.49999999999999983,0.9995786855478958,-0.029025013321975237,2600.0,2600.0,2600.0,0.0,0.0
Maharashtra,Raigad,APMC Murud,Cereals,Rice,Other,Local,2500.0,2700.0,2600.0,Rs./Quintal,2025-04-04,0,2600.0,2600.0,2600.0,2600.0,2600.0,2600.0,2600.0,2600.0,2600.0,2600.0,0.0,0.0,0.0,0.0,0.0,0.0,0.0,0.0,0.0,0.0,0.0,200.0,0.07692307692307693,2025,4,4,4,94,14,0,0.8660254037844387,-0.49999999999999983,0.9989315138848577,-0.046215046983708354,2600.0,2600.0,2600.0,0.0,0.0
Maharashtra,Raigad,APMC Murud,Cereals,Rice,Other,Local,2500.0,2700.0,2600.0,Rs./Quintal,2025-04-05,0,2600.0,2600.0,2600.0,2600.0,2600.0,2600.0,2600.0,2600.0,2600.0,2600.0,0.0,0.0,0.0,0.0,0.0,0.0,0.0,0.0,0.0,0.0,0.0,200.0,0.07692307692307693,2025,4,5,5,95,14,1,0.8660254037844387,-0.49999999999999983,0.9979887423155984,-0.06339140486951038,2600.0,2600.0,2600.0,0.0,0.0
Maharashtra,Raigad,APMC Murud,Cereals,Rice,Other,Local,2500.0,2700.0,2600.0,Rs./Quintal,2025-04-06,0,2600.0,2600.0,2600.0,2600.0,2600.0,2600.0,2600.0,2600.0,2600.0,2600.0,0.0,0.0,0.0,0.0,0.0,0.0,0.0,0.0,0.0,0.0,0.0,200.0,0.07692307692307693,2025,4,6,6,96,14,1,0.8660254037844387,-0.49999999999999983,0.9967506498213929,-0.08054900421874167,2600.0,2600.0,2600.0,0.0,0.0
Maharashtra,Raigad,APMC Murud,Cereals,Rice,Other,Local,2500.0,2700.0,2600.0,Rs./Quintal,2025-04-07,0,2600.0,2600.0,2600.0,2600.0,2600.0,2600.0,2600.0,2600.0,2600.0,2600.0,0.0,0.0,0.0,0.0,0.0,0.0,0.0,0.0,0.0,0.0,0.0,200.0,0.07692307692307693,2025,4,7,0,97,15,0,0.8660254037844387,-0.49999999999999983,0.9952176027737294,-0.09768276782171598,2600.0,2600.0,2600.0,0.0,0.0
Maharashtra,Raigad,APMC Murud,Cereals,Rice,Other,Local,2500.0,2700.0,2600.0,Rs./Quintal,2025-04-08,0,2600.0,2600.0,2600.0,2600.0,2600.0,2600.0,2600.0,2600.0,2600.0,2600.0,0.0,0.0,0.0,0.0,0.0,0.0,0.0,0.0,0.0,0.0,0.0,200.0,0.07692307692307693,2025,4,8,1,98,15,0,0.8660254037844387,-0.49999999999999983,0.9933900548258936,-0.11478762552212701,2600.0,2600.0,2600.0,0.0,0.0
Maharashtra,Raigad,APMC Murud,Cereals,Rice,Other,Local,2500.0,2700.0,2600.0,Rs./Quintal,2025-04-09,0,2600.0,2600.0,2600.0,2600.0,2600.0,2600.0,2600.0,2600.0,2600.0,2600.0,0.0,0.0,0.0,0.0,0.0,0.0,0.0,0.0,0.0,0.0,0.0,200.0,0.07692307692307693,2025,4,9,2,99,15,0,0.8660254037844387,-0.49999999999999983,0.9912685467787256,-0.13185851571739118,2600.0,2600.0,2600.0,0.0,0.0
Maharashtra,Raigad,APMC Murud,Cereals,Rice,Other,Local,2500.0,2700.0,2600.0,Rs./Quintal,2025-04-10,0,2600.0,2600.0,2600.0,2600.0,2600.0,2600.0,2600.0,2600.0,2600.0,2600.0,0.0,0.0,0.0,0.0,0.0,0.0,0.0,0.0,0.0,0.0,0.0,200.0,0.07692307692307693,2025,4,10,3,100,15,0,0.8660254037844387,-0.49999999999999983,0.9888537064205885,-0.1488903868564548,2600.0,2600.0,2600.0,0.0,0.0
Maharashtra,Raigad,APMC Murud,Cereals,Rice,Other,Local,2500.0,2700.0,2600.0,Rs./Quintal,2025-04-11,0,2600.0,2600.0,2600.0,2600.0,2600.0,2600.0,2600.0,2600.0,2600.0,2600.0,0.0,0.0,0.0,0.0,0.0,0.0,0.0,0.0,0.0,0.0,0.0,200.0,0.07692307692307693,2025,4,11,4,101,15,0,0.8660254037844387,-0.49999999999999983,0.986146248341595,-0.16587819893463143,2600.0,2600.0,2600.0,0.0,0.0
Maharashtra,Raigad,APMC Murud,Cereals,Rice,Other,Local,2500.0,2700.0,2600.0,Rs./Quintal,2025-04-12,0,2600.0,2600.0,2600.0,2600.0,2600.0,2600.0,2600.0,2600.0,2600.0,2600.0,0.0,0.0,0.0,0.0,0.0,0.0,0.0,0.0,0.0,0.0,0.0,200.0,0.07692307692307693,2025,4,12,5,102,15,1,0.8660254037844387,-0.49999999999999983,0.9831469737221499,-0.1828169249850199,2600.0,2600.0,2600.0,0.0,0.0
Maharashtra,Raigad,APMC Murud,Cereals,Rice,Other,Local,2500.0,2700.0,2600.0,Rs./Quintal,2025-04-13,0,2600.0,2600.0,2600.0,2600.0,2600.0,2600.0,2600.0,2600.0,2600.0,2600.0,0.0,0.0,0.0,0.0,0.0,0.0,0.0,0.0,0.0,0.0,0.0,200.0,0.07692307692307693,2025,4,13,6,103,15,1,0.8660254037844387,-0.49999999999999983,0.9798567700958665,-0.1997015525660636,2600.0,2600.0,2600.0,0.0,0.0
Maharashtra,Raigad,APMC Murud,Cereals,Rice,Other,Local,2500.0,2700.0,2600.0,Rs./Quintal,2025-04-14,0,2600.0,2600.0,2600.0,2600.0,2600.0,2600.0,2600.0,2600.0,2600.0,2600.0,0.0,0.0,0.0,0.0,0.0,0.0,0.0,0.0,0.0,0.0,0.0,200.0,0.07692307692307693,2025,4,14,0,104,16,0,0.8660254037844387,-0.49999999999999983,0.9762766110869321,-0.21652708524481437,2600.0,2600.0,2600.0,0.0,0.0
Maharashtra,Raigad,APMC Murud,Cereals,Rice,Other,Local,2500.0,2700.0,2600.0,Rs./Quintal,2025-04-15,0,2600.0,2600.0,2600.0,2600.0,2600.0,2600.0,2600.0,2600.0,2600.0,2600.0,0.0,0.0,0.0,0.0,0.0,0.0,0.0,0.0,0.0,0.0,0.0,200.0,0.07692307692307693,2025,4,15,1,105,16,0,0.8660254037844387,-0.49999999999999983,0.9724075561219968,-0.23328854407545518,2600.0,2600.0,2600.0,0.0,0.0
Maharashtra,Raigad,APMC Murud,Cereals,Rice,Other,Local,2500.0,2700.0,2600.0,Rs./Quintal,2025-04-16,0,2600.0,2600.0,2600.0,2600.0,2600.0,2600.0,2600.0,2600.0,2600.0,2600.0,0.0,0.0,0.0,0.0,0.0,0.0,0.0,0.0,0.0,0.0,0.0,200.0,0.07692307692307693,2025,4,16,2,106,16,0,0.8660254037844387,-0.49999999999999983,0.9682507501166718,-0.2499809690726521,2600.0,2600.0,2600.0,0.0,0.0
Maharashtra,Raigad,APMC Murud,Cereals,Rice,Other,Local,2500.0,2700.0,2600.0,Rs./Quintal,2025-04-17,0,2600.0,2600.0,2600.0,2600.0,2600.0,2600.0,2600.0,2600.0,2600.0,2600.0,0.0,0.0,0.0,0.0,0.0,0.0,0.0,0.0,0.0,0.0,0.0,200.0,0.07692307692307693,2025,4,17,3,107,16,0,0.8660254037844387,-0.49999999999999983,0.9638074231367307,-0.26659942067929354,2600.0,2600.0,2600.0,0.0,0.0
Maharashtra,Raigad,APMC Murud,Cereals,Rice,Other,Local,2500.0,2700.0,2600.0,Rs./Quintal,2025-04-18,0,2600.0,2600.0,2600.0,2600.0,2600.0,2600.0,2600.0,2600.0,2600.0,2600.0,0.0,0.0,0.0,0.0,0.0,0.0,0.0,0.0,0.0,0.0,0.0,200.0,0.07692307692307693,2025,4,18,4,108,16,0,0.8660254037844387,-0.49999999999999983,0.9590788900341131,-0.28313898122818354,2600.0,2600.0,2600.0,0.0,0.0
Maharashtra,Raigad,APMC Murud,Cereals,Rice,Other,Local,2500.0,2700.0,2600.0,Rs./Quintal,2025-04-19,0,2600.0,2600.0,2600.0,2600.0,2600.0,2600.0,2600.0,2600.0,2600.0,2600.0,0.0,0.0,0.0,0.0,0.0,0.0,0.0,0.0,0.0,0.0,0.0,200.0,0.07692307692307693,2025,4,19,5,109,16,1,0.8660254037844387,-0.49999999999999983,0.9540665500578387,-0.2995947563972602,2600.0,2600.0,2600.0,0.0,0.0
Maharashtra,Raigad,APMC Murud,Cereals,Rice,Other,Local,2500.0,2700.0,2600.0,Rs./Quintal,2025-04-20,0,2600.0,2600.0,2600.0,2600.0,2600.0,2600.0,2600.0,2600.0,2600.0,2600.0,0.0,0.0,0.0,0.0,0.0,0.0,0.0,0.0,0.0,0.0,0.0,200.0,0.07692307692307693,2025,4,20,6,110,16,1,0.8660254037844387,-0.49999999999999983,0.9487718864399473,-0.31596187665790293,2600.0,2600.0,2600.0,0.0,0.0
Maharashtra,Raigad,APMC Murud,Cereals,Rice,Other,Local,2500.0,2700.0,2600.0,Rs./Quintal,2025-04-21,0,2600.0,2600.0,2600.0,2600.0,2600.0,2600.0,2600.0,2600.0,2600.0,2600.0,0.0,0.0,0.0,0.0,0.0,0.0,0.0,0.0,0.0,0.0,0.0,200.0,0.07692307692307693,2025,4,21,0,111,17,0,0.8660254037844387,-0.49999999999999983,0.9431964659565866,-0.33223549871590435,2600.0,2600.0,2600.0,0.0,0.0
Maharashtra,Raigad,APMC Murud,Cereals,Rice,Other,Local,2500.0,2700.0,2600.0,Rs./Quintal,2025-04-22,0,2600.0,2600.0,2600.0,2600.0,2600.0,2600.0,2600.0,2600.0,2600.0,2600.0,0.0,0.0,0.0,0.0,0.0,0.0,0.0,0.0,0.0,0.0,0.0,200.0,0.07692307692307693,2025,4,22,1,112,17,0,0.8660254037844387,-0.49999999999999983,0.9373419384643772,-0.3484108069446808,2600.0,2600.0,2600.0,0.0,0.0
Maharashtra,Raigad,APMC Murud,Cereals,Rice,Other,Local,2500.0,2700.0,2600.0,Rs./Quintal,2025-04-23,0,2600.0,2600.0,2600.0,2600.0,2600.0,2600.0,2600.0,2600.0,2600.0,2600.0,0.0,0.0,0.0,0.0,0.0,0.0,0.0,0.0,0.0,0.0,0.0,200.0,0.07692307692307693,2025,4,23,2,113,17,0,0.8660254037844387,-0.49999999999999983,0.9312100364121947,-0.3644830148102912,2600.0,2600.0,2600.0,0.0,0.0
Maharashtra,Raigad,APMC Murud,Cereals,Rice,Other,Local,2500.0,2700.0,2600.0,Rs./Quintal,2025-04-24,0,2600.0,2600.0,2600.0,2600.0,2600.0,2600.0,2600.0,2600.0,2600.0,2600.0,0.0,0.0,0.0,0.0,0.0,0.0,0.0,0.0,0.0,0.0,0.0,200.0,0.07692307692307693,2025,4,24,3,114,17,0,0.8660254037844387,-0.49999999999999983,0.9248025743285089,-0.38044736628785164,2600.0,2600.0,2600.0,0.0,0.0
Maharashtra,Raigad,APMC Murud,Cereals,Rice,Other,Local,2500.0,2700.0,2600.0,Rs./Quintal,2025-04-25,0,2600.0,2600.0,2600.0,2600.0,2600.0,2600.0,2600.0,2600.0,2600.0,2600.0,0.0,0.0,0.0,0.0,0.0,0.0,0.0,0.0,0.0,0.0,0.0,200.0,0.07692307692307693,2025,4,25,4,115,17,0,0.8660254037844387,-0.49999999999999983,0.9181214482844365,-0.39629913726891813,2600.0,2600.0,2600.0,0.0,0.0
Maharashtra,Raigad,APMC Murud,Cereals,Rice,Other,Local,2500.0,2700.0,2600.0,Rs./Quintal,2025-04-26,0,2600.0,2600.0,2600.0,2600.0,2600.0,2600.0,2600.0,2600.0,2600.0,2600.0,0.0,0.0,0.0,0.0,0.0,0.0,0.0,0.0,0.0,0.0,0.0,200.0,0.07692307692307693,2025,4,26,5,116,17,1,0.8660254037844387,-0.49999999999999983,0.9111686353326631,-0.41203363695942635,2600.0,2600.0,2600.0,0.0,0.0
Maharashtra,Raigad,APMC Murud,Cereals,Rice,Other,Local,2500.0,2700.0,2600.0,Rs./Quintal,2025-04-27,0,2600.0,2600.0,2600.0,2600.0,2600.0,2600.0,2600.0,2600.0,2600.0,2600.0,0.0,0.0,0.0,0.0,0.0,0.0,0.0,0.0,0.0,0.0,0.0,200.0,0.07692307692307693,2025,4,27,6,117,17,1,0.8660254037844387,-0.49999999999999983,0.9039461929224011,-0.42764620926777464,2600.0,2600.0,2600.0,0.0,0.0
Maharashtra,Raigad,APMC Murud,Cereals,Rice,Other,Local,2500.0,2700.0,2600.0,Rs./Quintal,2025-04-28,0,2600.0,2600.0,2600.0,2600.0,2600.0,2600.0,2600.0,2600.0,2600.0,2600.0,0.0,0.0,0.0,0.0,0.0,0.0,0.0,0.0,0.0,0.0,0.0,200.0,0.07692307692307693,2025,4,28,0,118,18,0,0.8660254037844387,-0.49999999999999983,0.8964562582905575,-0.44313223418263453,2600.0,2600.0,2600.0,0.0,0.0
Maharashtra,Raigad,APMC Murud,Cereals,Rice,Other,Local,2500.0,2700.0,2600.0,Rs./Quintal,2025-04-29,0,2600.0,2600.0,2600.0,2600.0,2600.0,2600.0,2600.0,2600.0,2600.0,2600.0,0.0,0.0,0.0,0.0,0.0,0.0,0.0,0.0,0.0,0.0,0.0,200.0,0.07692307692307693,2025,4,29,1,119,18,0,0.8660254037844387,-0.49999999999999983,0.8887010478292915,-0.45848712914008766,2600.0,2600.0,2600.0,0.0,0.0
Maharashtra,Raigad,APMC Murud,Cereals,Rice,Other,Local,2500.0,2700.0,2600.0,Rs./Quintal,2025-04-30,0,2600.0,2600.0,2600.0,2600.0,2600.0,2600.0,2600.0,2600.0,2600.0,2600.0,0.0,0.0,0.0,0.0,0.0,0.0,0.0,0.0,0.0,0.0,0.0,200.0,0.07692307692307693,2025,4,30,2,120,18,0,0.8660254037844387,-0.49999999999999983,0.8806828564301475,-0.47370635037968,2600.0,2600.0,2600.0,0.0,0.0
Maharashtra,Raigad,APMC Murud,Cereals,Rice,Other,Local,2500.0,2700.0,2600.0,Rs./Quintal,2025-05-01,0,2600.0,2600.0,2600.0,2600.0,2600.0,2600.0,2600.0,2600.0,2600.0,2600.0,0.0,0.0,0.0,0.0,0.0,0.0,0.0,0.0,0.0,0.0,0.0,200.0,0.07692307692307693,2025,5,1,3,121,18,0,0.49999999999999994,-0.8660254037844387,0.8724040568049612,-0.48878539428899265,2600.0,2600.0,2600.0,0.0,0.0
Maharashtra,Raigad,APMC Murud,Cereals,Rice,Other,Local,2500.0,2700.0,2600.0,Rs./Quintal,2025-05-02,0,2600.0,2600.0,2600.0,2600.0,2600.0,2600.0,2600.0,2600.0,2600.0,2600.0,0.0,0.0,0.0,0.0,0.0,0.0,0.0,0.0,0.0,0.0,0.0,200.0,0.07692307692307693,2025,5,2,4,122,18,0,0.49999999999999994,-0.8660254037844387,0.8638670987837349,-0.503719798736334,2600.0,2600.0,2600.0,0.0,0.0
Maharashtra,Raigad,APMC Murud,Cereals,Rice,Other,Local,2500.0,2700.0,2600.0,Rs./Quintal,2025-05-03,0,2600.0,2600.0,2600.0,2600.0,2600.0,2600.0,2600.0,2600.0,2600.0,2600.0,0.0,0.0,0.0,0.0,0.0,0.0,0.0,0.0,0.0,0.0,0.0,200.0,0.07692307692307693,2025,5,3,5,123,18,1,0.49999999999999994,-0.8660254037844387,0.8550745085896932,-0.518505144391157,2600.0,2600.0,2600.0,0.0,0.0
Maharashtra,Raigad,APMC Murud,Cereals,Rice,Other,Local,2500.0,2700.0,2600.0,Rs./Quintal,2025-05-04,0,2600.0,2600.0,2600.0,2600.0,2600.0,2600.0,2600.0,2600.0,2600.0,2600.0,0.0,0.0,0.0,0.0,0.0,0.0,0.0,0.0,0.0,0.0,0.0,200.0,0.07692307692307693,2025,5,4,6,124,18,1,0.49999999999999994,-0.8660254037844387,0.8460288880917339,-0.533137056031809,2600.0,2600.0,2600.0,0.0,0.0
Maharashtra,Raigad,APMC Murud,Cereals,Rice,Other,Local,2500.0,2700.0,2600.0,Rs./Quintal,2025-05-05,0,2600.0,2600.0,2600.0,2600.0,2600.0,2600.0,2600.0,2600.0,2600.0,2600.0,0.0,0.0,0.0,0.0,0.0,0.0,0.0,0.0,0.0,0.0,0.0,200.0,0.07692307692307693,2025,5,5,0,125,19,0,0.49999999999999994,-0.8660254037844387,0.8367329140344921,-0.5476112038402312,2600.0,2600.0,2600.0,0.0,0.0
Maharashtra,Raigad,APMC Murud,Cereals,Rice,Other,Local,2500.0,2700.0,2600.0,Rs./Quintal,2025-05-06,0,2600.0,2600.0,2600.0,2600.0,2600.0,2600.0,2600.0,2600.0,2600.0,2600.0,0.0,0.0,0.0,0.0,0.0,0.0,0.0,0.0,0.0,0.0,0.0,200.0,0.07692307692307693,2025,5,6,1,126,19,0,0.49999999999999994,-0.8660254037844387,0.8271893372462497,-0.5619233046832195,2600.0,2600.0,2600.0,0.0,0.0
Maharashtra,Raigad,APMC Murud,Cereals,Rice,Other,Local,2500.0,2700.0,2600.0,Rs./Quintal,2025-05-07,0,2600.0,2600.0,2600.0,2600.0,2600.0,2600.0,2600.0,2600.0,2600.0,2600.0,0.0,0.0,0.0,0.0,0.0,0.0,0.0,0.0,0.0,0.0,0.0,200.0,0.07692307692307693,2025,5,7,2,127,19,0,0.49999999999999994,-0.8660254037844387,0.8174009818249189,-0.5760691233798758,2600.0,2600.0,2600.0,0.0,0.0
Maharashtra,Raigad,APMC Murud,Cereals,Rice,Other,Local,2500.0,2700.0,2600.0,Rs./Quintal,2025-05-08,0,2600.0,2600.0,2600.0,2600.0,2600.0,2600.0,2600.0,2600.0,2600.0,2600.0,0.0,0.0,0.0,0.0,0.0,0.0,0.0,0.0,0.0,0.0,0.0,200.0,0.07692307692307693,2025,5,8,3,128,19,0,0.49999999999999994,-0.8660254037844387,0.8073707443023492,-0.5900444739548627,2600.0,2600.0,2600.0,0.0,0.0
Maharashtra,Raigad,APMC Murud,Cereals,Rice,Other,Local,2500.0,2700.0,2600.0,Rs./Quintal,2025-05-09,0,2600.0,2600.0,2600.0,2600.0,2600.0,2600.0,2600.0,2600.0,2600.0,2600.0,0.0,0.0,0.0,0.0,0.0,0.0,0.0,0.0,0.0,0.0,0.0,200.0,0.07692307692307693,2025,5,9,4,129,19,0,0.49999999999999994,-0.8660254037844387,0.7971015927871943,-0.6038452208771035,2600.0,2600.0,2600.0,0.0,0.0
Maharashtra,Raigad,APMC Murud,Cereals,Rice,Other,Local,2500.0,2700.0,2600.0,Rs./Quintal,2025-05-10,0,2600.0,2600.0,2600.0,2600.0,2600.0,2600.0,2600.0,2600.0,2600.0,2600.0,0.0,0.0,0.0,0.0,0.0,0.0,0.0,0.0,0.0,0.0,0.0,200.0,0.07692307692307693,2025,5,10,5,130,19,1,0.49999999999999994,-0.8660254037844387,0.7865965660866021,-0.6174672802835514,2600.0,2600.0,2600.0,0.0,0.0
Maharashtra,Raigad,APMC Murud,Cereals,Rice,Other,Local,2500.0,2700.0,2600.0,Rs./Quintal,2025-05-11,0,2600.0,2600.0,2600.0,2600.0,2600.0,2600.0,2600.0,2600.0,2600.0,2600.0,0.0,0.0,0.0,0.0,0.0,0.0,0.0,0.0,0.0,0.0,0.0,200.0,0.07692307692307693,2025,5,11,6,131,19,1,0.49999999999999994,-0.8660254037844387,0.7758587728069828,-0.6309066211876704,2600.0,2600.0,2600.0,0.0,0.0
Maharashtra,Raigad,APMC Murud,Cereals,Rice,Other,Local,2500.0,2700.0,2600.0,Rs./Quintal,2025-05-12,0,2600.0,2600.0,2600.0,2600.0,2600.0,2600.0,2600.0,2600.0,2600.0,2600.0,0.0,0.0,0.0,0.0,0.0,0.0,0.0,0.0,0.0,0.0,0.0,200.0,0.07692307692307693,2025,5,12,0,132,20,0,0.49999999999999994,-0.8660254037844387,0.7648913904341226,-0.6441592666722685,2600.0,2600.0,2600.0,0.0,0.0
Maharashtra,Raigad,APMC Murud,Cereals,Rice,Other,Local,2500.0,2700.0,2600.0,Rs./Quintal,2025-05-13,0,2600.0,2600.0,2600.0,2600.0,2600.0,2600.0,2600.0,2600.0,2600.0,2600.0,0.0,0.0,0.0,0.0,0.0,0.0,0.0,0.0,0.0,0.0,0.0,200.0,0.07692307692307693,2025,5,13,1,133,20,0,0.49999999999999994,-0.8660254037844387,0.753697664392914,-0.6572212950663319,2600.0,2600.0,2600.0,0.0,0.0
Maharashtra,Raigad,APMC Murud,Cereals,Rice,Other,Local,2500.0,2700.0,2600.0,Rs./Quintal,2025-05-15,0,2600.0,2600.0,2600.0,2600.0,2600.0,2600.0,2600.0,2600.0,2600.0,2600.0,0.0,0.0,0.0,0.0,0.0,0.0,0.0,0.0,0.0,0.0,0.0,200.0,0.07692307692307693,2025,5,15,3,135,20,0,0.49999999999999994,-0.8660254037844387,0.7306444969184916,-0.6827580970759147,2600.0,2600.0,2600.0,0.0,0.0
Maharashtra,Raigad,APMC Murud,Cereals,Rice,Other,Local,2500.0,2700.0,2600.0,Rs./Quintal,2025-05-16,0,2600.0,2600.0,2600.0,2600.0,2600.0,2600.0,2600.0,2600.0,2600.0,2600.0,0.0,0.0,0.0,0.0,0.0,0.0,0.0,0.0,0.0,0.0,0.0,200.0,0.07692307692307693,2025,5,16,4,136,20,0,0.49999999999999994,-0.8660254037844387,0.7187918772884232,-0.6952253139408723,2600.0,2600.0,2600.0,0.0,0.0
Maharashtra,Raigad,APMC Murud,Cereals,Rice,Other,Local,2500.0,2700.0,2600.0,Rs./Quintal,2025-05-17,0,2600.0,2600.0,2600.0,2600.0,2600.0,2600.0,2600.0,2600.0,2600.0,2600.0,0.0,0.0,0.0,0.0,0.0,0.0,0.0,0.0,0.0,0.0,0.0,200.0,0.07692307692307693,2025,5,17,5,137,20,1,0.49999999999999994,-0.8660254037844387,0.7067265555776159,-0.7074868024503348,2600.0,2600.0,2600.0,0.0,0.0
Maharashtra,Raigad,APMC Murud,Cereals,Rice,Other,Local,2500.0,2700.0,2600.0,Rs./Quintal,2025-05-18,0,2600.0,2600.0,2600.0,2600.0,2600.0,2600.0,2600.0,2600.0,2600.0,2600.0,0.0,0.0,0.0,0.0,0.0,0.0,0.0,0.0,0.0,0.0,0.0,200.0,0.07692307692307693,2025,5,18,6,138,20,1,0.49999999999999994,-0.8660254037844387,0.6944521021088763,-0.719538934232584,2600.0,2600.0,2600.0,0.0,0.0
Maharashtra,Raigad,APMC Murud,Cereals,Rice,Other,Local,2500.0,2700.0,2600.0,Rs./Quintal,2025-05-19,0,2600.0,2600.0,2600.0,2600.0,2600.0,2600.0,2600.0,2600.0,2600.0,2600.0,0.0,0.0,0.0,0.0,0.0,0.0,0.0,0.0,0.0,0.0,0.0,200.0,0.07692307692307693,2025,5,19,0,139,21,0,0.49999999999999994,-0.8660254037844387,0.6819721490904629,-0.7313781428679254,2600.0,2600.0,2600.0,0.0,0.0
Maharashtra,Raigad,APMC Murud,Cereals,Rice,Other,Local,2500.0,2700.0,2600.0,Rs./Quintal,2025-05-20,0,2600.0,2600.0,2600.0,2600.0,2600.0,2600.0,2600.0,2600.0,2600.0,2600.0,0.0,0.0,0.0,0.0,0.0,0.0,0.0,0.0,0.0,0.0,0.0,200.0,0.07692307692307693,2025,5,20,1,140,21,0,0.49999999999999994,-0.8660254037844387,0.6692903895412567,-0.7430009249440493,2600.0,2600.0,2600.0,0.0,0.0
Maharashtra,Raigad,APMC Murud,Cereals,Rice,Other,Local,2500.0,2700.0,2600.0,Rs./Quintal,2025-05-21,0,2600.0,2600.0,2600.0,2600.0,2600.0,2600.0,2600.0,2600.0,2600.0,2600.0,0.0,0.0,0.0,0.0,0.0,0.0,0.0,0.0,0.0,0.0,0.0,200.0,0.07692307692307693,2025,5,21,2,141,21,0,0.49999999999999994,-0.8660254037844387,0.6564105761979381,-0.7544038410927472,2600.0,2600.0,2600.0,0.0,0.0
Maharashtra,Raigad,APMC Murud,Cereals,Rice,Other,Local,2500.0,2700.0,2600.0,Rs./Quintal,2025-05-22,0,2600.0,2600.0,2600.0,2600.0,2600.0,2600.0,2600.0,2600.0,2600.0,2600.0,0.0,0.0,0.0,0.0,0.0,0.0,0.0,0.0,0.0,0.0,0.0,200.0,0.07692307692307693,2025,5,22,3,142,21,0,0.49999999999999994,-0.8660254037844387,0.6433365204044917,-0.765583517007675,2600.0,2600.0,2600.0,0.0,0.0
Maharashtra,Raigad,APMC Murud,Cereals,Rice,Other,Local,2500.0,2700.0,2600.0,Rs./Quintal,2025-05-23,0,2600.0,2600.0,2600.0,2600.0,2600.0,2600.0,2600.0,2600.0,2600.0,2600.0,0.0,0.0,0.0,0.0,0.0,0.0,0.0,0.0,0.0,0.0,0.0,200.0,0.07692307692307693,2025,5,23,4,143,21,0,0.49999999999999994,-0.8660254037844387,0.6300720909843687,-0.7765366444428655,2600.0,2600.0,2600.0,0.0,0.0
Maharashtra,Raigad,APMC Murud,Cereals,Rice,Other,Local,2500.0,2700.0,2600.0,Rs./Quintal,2025-05-24,0,2600.0,2600.0,2600.0,2600.0,2600.0,2600.0,2600.0,2600.0,2600.0,2600.0,0.0,0.0,0.0,0.0,0.0,0.0,0.0,0.0,0.0,0.0,0.0,200.0,0.07692307692307693,2025,5,24,5,144,21,1,0.49999999999999994,-0.8660254037844387,0.6166212130956382,-0.7872599821916922,2600.0,2600.0,2600.0,0.0,0.0
Maharashtra,Raigad,APMC Murud,Cereals,Rice,Other,Local,2500.0,2700.0,2600.0,Rs./Quintal,2025-05-25,0,2600.0,2600.0,2600.0,2600.0,2600.0,2600.0,2600.0,2600.0,2600.0,2600.0,0.0,0.0,0.0,0.0,0.0,0.0,0.0,0.0,0.0,0.0,0.0,200.0,0.07692307692307693,2025,5,25,6,145,21,1,0.49999999999999994,-0.8660254037844387,0.6029878670694714,-0.7977503570459932,2600.0,2600.0,2600.0,0.0,0.0
Maharashtra,Raigad,APMC Murud,Cereals,Rice,Other,Local,2500.0,2700.0,2600.0,Rs./Quintal,2025-05-26,0,2600.0,2600.0,2600.0,2600.0,2600.0,2600.0,2600.0,2600.0,2600.0,2600.0,0.0,0.0,0.0,0.0,0.0,0.0,0.0,0.0,0.0,0.0,0.0,200.0,0.07692307692307693,2025,5,26,0,146,22,0,0.49999999999999994,-0.8660254037844387,0.5891760872322963,-0.8080046647350754,2600.0,2600.0,2600.0,0.0,0.0
Maharashtra,Raigad,APMC Murud,Cereals,Rice,Other,Local,2500.0,2700.0,2600.0,Rs./Quintal,2025-05-27,0,2600.0,2600.0,2600.0,2600.0,2600.0,2600.0,2600.0,2600.0,2600.0,2600.0,0.0,0.0,0.0,0.0,0.0,0.0,0.0,0.0,0.0,0.0,0.0,200.0,0.07692307692307693,2025,5,27,1,147,22,0,0.49999999999999994,-0.8660254037844387,0.5751899607119775,-0.8180198708443175,2600.0,2600.0,2600.0,0.0,0.0
Maharashtra,Raigad,APMC Murud,Cereals,Rice,Other,Local,2500.0,2700.0,2600.0,Rs./Quintal,2025-05-28,0,2600.0,2600.0,2600.0,2600.0,2600.0,2600.0,2600.0,2600.0,2600.0,2600.0,0.0,0.0,0.0,0.0,0.0,0.0,0.0,0.0,0.0,0.0,0.0,200.0,0.07692307692307693,2025,5,28,2,148,22,0,0.49999999999999994,-0.8660254037844387,0.5610336262283677,-0.8277930117131022,2600.0,2600.0,2600.0,0.0,0.0
Maharashtra,Raigad,APMC Murud,Cereals,Rice,Other,Local,2500.0,2700.0,2600.0,Rs./Quintal,2025-05-29,0,2600.0,2600.0,2600.0,2600.0,2600.0,2600.0,2600.0,2600.0,2600.0,2600.0,0.0,0.0,0.0,0.0,0.0,0.0,0.0,0.0,0.0,0.0,0.0,200.0,0.07692307692307693,2025,5,29,3,149,22,0,0.49999999999999994,-0.8660254037844387,0.5467112728685939,-0.8373211953118121,2600.0,2600.0,2600.0,0.0,0.0
Maharashtra,Raigad,APMC Murud,Cereals,Rice,Other,Local,2500.0,2700.0,2600.0,Rs./Quintal,2025-05-30,0,2600.0,2600.0,2600.0,2600.0,2600.0,2600.0,2600.0,2600.0,2600.0,2600.0,0.0,0.0,0.0,0.0,0.0,0.0,0.0,0.0,0.0,0.0,0.0,200.0,0.07692307692307693,2025,5,30,4,150,22,0,0.49999999999999994,-0.8660254037844387,0.5322271388474397,-0.8466016020976267,2600.0,2600.0,2600.0,0.0,0.0
Maharashtra,Raigad,APMC Murud,Cereals,Rice,Other,Local,2500.0,2700.0,2600.0,Rs./Quintal,2025-05-31,0,2600.0,2600.0,2600.0,2600.0,2600.0,2600.0,2600.0,2600.0,2600.0,2600.0,0.0,0.0,0.0,0.0,0.0,0.0,0.0,0.0,0.0,0.0,0.0,200.0,0.07692307692307693,2025,5,31,5,151,22,1,0.49999999999999994,-0.8660254037844387,0.5175855102531889,-0.8556314858488706,2600.0,2600.0,2600.0,0.0,0.0
Maharashtra,Raigad,APMC Murud,Cereals,Rice,Other,Local,2500.0,2700.0,2600.0,Rs./Quintal,2025-06-01,0,2600.0,2600.0,2600.0,2600.0,2600.0,2600.0,2600.0,2600.0,2600.0,2600.0,0.0,0.0,0.0,0.0,0.0,0.0,0.0,0.0,0.0,0.0,0.0,200.0,0.07692307692307693,2025,6,1,6,152,22,1,1.2246467991473532e-16,-1.0,0.5027907197793043,-0.8644081744776648,2600.0,2600.0,2600.0,0.0,0.0
Maharashtra,Raigad,APMC Murud,Cereals,Rice,Other,Local,2500.0,2700.0,2600.0,Rs./Quintal,2025-06-02,0,2600.0,2600.0,2600.0,2600.0,2600.0,2600.0,2600.0,2600.0,2600.0,2600.0,0.0,0.0,0.0,0.0,0.0,0.0,0.0,0.0,0.0,0.0,0.0,200.0,0.07692307692307693,2025,6,2,0,153,23,0,1.2246467991473532e-16,-1.0,0.4878471454423119,-0.8729290708206411,2600.0,2600.0,2600.0,0.0,0.0
Maharashtra,Raigad,APMC Murud,Cereals,Rice,Other,Local,2500.0,2700.0,2600.0,Rs./Quintal,2025-06-03,0,2600.0,2600.0,2600.0,2600.0,2600.0,2600.0,2600.0,2600.0,2600.0,2600.0,0.0,0.0,0.0,0.0,0.0,0.0,0.0,0.0,0.0,0.0,0.0,200.0,0.07692307692307693,2025,6,3,1,154,23,0,1.2246467991473532e-16,-1.0,0.47275920928627757,-0.881191653407483,2600.0,2600.0,2600.0,0.0,0.0
Maharashtra,Raigad,APMC Murud,Cereals,Rice,Other,Local,2500.0,2700.0,2600.0,Rs./Quintal,2025-06-04,0,2600.0,2600.0,2600.0,2600.0,2600.0,2600.0,2600.0,2600.0,2600.0,2600.0,0.0,0.0,0.0,0.0,0.0,0.0,0.0,0.0,0.0,0.0,0.0,200.0,0.07692307692307693,2025,6,4,2,155,23,0,1.2246467991473532e-16,-1.0,0.4575313760742512,-0.8891934772070711,2600.0,2600.0,2600.0,0.0,0.0
Maharashtra,Raigad,APMC Murud,Cereals,Rice,Other,Local,2500.0,2700.0,2600.0,Rs./Quintal,2025-06-05,0,2600.0,2600.0,2600.0,2600.0,2600.0,2600.0,2600.0,2600.0,2600.0,2600.0,0.0,0.0,0.0,0.0,0.0,0.0,0.0,0.0,0.0,0.0,0.0,200.0,0.07692307692307693,2025,6,5,3,156,23,0,1.2246467991473532e-16,-1.0,0.44216815196707204,-0.8969321743510065,2600.0,2600.0,2600.0,0.0,0.0
Maharashtra,Raigad,APMC Murud,Cereals,Rice,Other,Local,2500.0,2700.0,2600.0,Rs./Quintal,2025-06-06,0,2600.0,2600.0,2600.0,2600.0,2600.0,2600.0,2600.0,2600.0,2600.0,2600.0,0.0,0.0,0.0,0.0,0.0,0.0,0.0,0.0,0.0,0.0,0.0,200.0,0.07692307692307693,2025,6,6,4,157,23,0,1.2246467991473532e-16,-1.0,0.42667408318992467,-0.9044054548343001,2600.0,2600.0,2600.0,0.0,0.0
Maharashtra,Raigad,APMC Murud,Cereals,Rice,Other,Local,2500.0,2700.0,2600.0,Rs./Quintal,2025-06-07,0,2600.0,2600.0,2600.0,2600.0,2600.0,2600.0,2600.0,2600.0,2600.0,2600.0,0.0,0.0,0.0,0.0,0.0,0.0,0.0,0.0,0.0,0.0,0.0,200.0,0.07692307692307693,2025,6,7,5,158,23,1,1.2246467991473532e-16,-1.0,0.4110537546870351,-0.9116111071930239,2600.0,2600.0,2600.0,0.0,0.0
Maharashtra,Raigad,APMC Murud,Cereals,Rice,Other,Local,2500.0,2700.0,2600.0,Rs./Quintal,2025-06-08,0,2600.0,2600.0,2600.0,2600.0,2600.0,2600.0,2600.0,2600.0,2600.0,2600.0,0.0,0.0,0.0,0.0,0.0,0.0,0.0,0.0,0.0,0.0,0.0,200.0,0.07692307692307693,2025,6,8,6,159,23,1,1.2246467991473532e-16,-1.0,0.3953117887649151,-0.9185469991587165,2600.0,2600.0,2600.0,0.0,0.0
Maharashtra,Raigad,APMC Murud,Cereals,Rice,Other,Local,2500.0,2700.0,2600.0,Rs./Quintal,2025-06-09,0,2600.0,2600.0,2600.0,2600.0,2600.0,2600.0,2600.0,2600.0,2600.0,2600.0,0.0,0.0,0.0,0.0,0.0,0.0,0.0,0.0,0.0,0.0,0.0,200.0,0.07692307692307693,2025,6,9,0,160,24,0,1.2246467991473532e-16,-1.0,0.37945284372454435,-0.925211078289358,2600.0,2600.0,2600.0,0.0,0.0
Maharashtra,Raigad,APMC Murud,Cereals,Rice,Other,Local,2500.0,2700.0,2600.0,Rs./Quintal,2025-06-10,0,2600.0,2600.0,2600.0,2600.0,2600.0,2600.0,2600.0,2600.0,2600.0,2600.0,0.0,0.0,0.0,0.0,0.0,0.0,0.0,0.0,0.0,0.0,0.0,200.0,0.07692307692307693,2025,6,10,1,161,24,0,1.2246467991473532e-16,-1.0,0.36348161248290634,-0.9316013725767187,2600.0,2600.0,2600.0,0.0,0.0
Maharashtra,Raigad,APMC Murud,Cereals,Rice,Other,Local,2500.0,2700.0,2600.0,Rs./Quintal,2025-06-11,0,2600.0,2600.0,2600.0,2600.0,2600.0,2600.0,2600.0,2600.0,2600.0,2600.0,0.0,0.0,0.0,0.0,0.0,0.0,0.0,0.0,0.0,0.0,0.0,200.0,0.07692307692307693,2025,6,11,2,162,24,0,1.2246467991473532e-16,-1.0,0.3474028211842774,-0.9377159910299093,2600.0,2600.0,2600.0,0.0,0.0
Maharashtra,Raigad,APMC Murud,Cereals,Rice,Other,Local,2500.0,2700.0,2600.0,Rs./Quintal,2025-06-12,0,2600.0,2600.0,2600.0,2600.0,2600.0,2600.0,2600.0,2600.0,2600.0,2600.0,0.0,0.0,0.0,0.0,0.0,0.0,0.0,0.0,0.0,0.0,0.0,200.0,0.07692307692307693,2025,6,12,3,163,24,0,1.2246467991473532e-16,-1.0,0.3312212278016865,-0.9435531242349544,2600.0,2600.0,2600.0,0.0,0.0
Maharashtra,Raigad,APMC Murud,Cereals,Rice,Other,Local,2500.0,2700.0,2600.0,Rs./Quintal,2025-06-13,0,2600.0,2600.0,2600.0,2600.0,2600.0,2600.0,2600.0,2600.0,2600.0,2600.0,0.0,0.0,0.0,0.0,0.0,0.0,0.0,0.0,0.0,0.0,0.0,200.0,0.07692307692307693,2025,6,13,4,164,24,0,1.2246467991473532e-16,-1.0,0.31494162072895193,-0.9491110448902284,2600.0,2600.0,2600.0,0.0,0.0
Maharashtra,Raigad,APMC Murud,Cereals,Rice,Other,Local,2500.0,2700.0,2600.0,Rs./Quintal,2025-06-14,0,2600.0,2600.0,2600.0,2600.0,2600.0,2600.0,2600.0,2600.0,2600.0,2600.0,0.0,0.0,0.0,0.0,0.0,0.0,0.0,0.0,0.0,0.0,0.0,200.0,0.07692307692307693,2025,6,14,5,165,24,1,1.2246467991473532e-16,-1.0,0.2985688173637202,-0.9543881083175908,2600.0,2600.0,2600.0,0.0,0.0
Maharashtra,Raigad,APMC Murud,Cereals,Rice,Other,Local,2500.0,2700.0,2600.0,Rs./Quintal,2025-06-15,0,2600.0,2600.0,2600.0,2600.0,2600.0,2600.0,2600.0,2600.0,2600.0,2600.0,0.0,0.0,0.0,0.0,0.0,0.0,0.0,0.0,0.0,0.0,0.0,200.0,0.07692307692307693,2025,6,15,6,166,24,1,1.2246467991473532e-16,-1.0,0.2821076626819194,-0.9593827529490743,2600.0,2600.0,2600.0,0.0,0.0
Maharashtra,Raigad,APMC Murud,Cereals,Rice,Other,Local,2500.0,2700.0,2600.0,Rs./Quintal,2025-06-16,0,2600.0,2600.0,2600.0,2600.0,2600.0,2600.0,2600.0,2600.0,2600.0,2600.0,0.0,0.0,0.0,0.0,0.0,0.0,0.0,0.0,0.0,0.0,0.0,200.0,0.07692307692307693,2025,6,16,0,167,25,0,1.2246467991473532e-16,-1.0,0.26556302780405594,-0.9640935007889755,2600.0,2600.0,2600.0,0.0,0.0
Maharashtra,Raigad,APMC Murud,Cereals,Rice,Other,Local,2500.0,2700.0,2600.0,Rs./Quintal,2025-06-17,0,2600.0,2600.0,2600.0,2600.0,2600.0,2600.0,2600.0,2600.0,2600.0,2600.0,0.0,0.0,0.0,0.0,0.0,0.0,0.0,0.0,0.0,0.0,0.0,200.0,0.07692307692307693,2025,6,17,1,168,25,0,1.2246467991473532e-16,-1.0,0.24893980855376657,-0.9685189578512204,2600.0,2600.0,2600.0,0.0,0.0
Maharashtra,Raigad,APMC Murud,Cereals,Rice,Other,Local,2500.0,2700.0,2600.0,Rs./Quintal,2025-06-18,0,2600.0,2600.0,2600.0,2600.0,2600.0,2600.0,2600.0,2600.0,2600.0,2600.0,0.0,0.0,0.0,0.0,0.0,0.0,0.0,0.0,0.0,0.0,0.0,200.0,0.07692307692307693,2025,6,18,2,169,25,0,1.2246467991473532e-16,-1.0,0.23224292400907015,-0.9726578145718654,2600.0,2600.0,2600.0,0.0,0.0
Maharashtra,Raigad,APMC Murud,Cereals,Rice,Other,Local,2500.0,2700.0,2600.0,Rs./Quintal,2025-06-19,0,2600.0,2600.0,2600.0,2600.0,2600.0,2600.0,2600.0,2600.0,2600.0,2600.0,0.0,0.0,0.0,0.0,0.0,0.0,0.0,0.0,0.0,0.0,0.0,200.0,0.07692307692307693,2025,6,19,3,170,25,0,1.2246467991473532e-16,-1.0,0.21547731504673012,-0.976508846196619,2600.0,2600.0,2600.0,0.0,0.0
Maharashtra,Raigad,APMC Murud,Cereals,Rice,Other,Local,2500.0,2700.0,2600.0,Rs./Quintal,2025-06-20,0,2600.0,2600.0,2600.0,2600.0,2600.0,2600.0,2600.0,2600.0,2600.0,2600.0,0.0,0.0,0.0,0.0,0.0,0.0,0.0,0.0,0.0,0.0,0.0,200.0,0.07692307692307693,2025,6,20,4,171,25,0,1.2246467991473532e-16,-1.0,0.19864794288017112,-0.9800709131432666,2600.0,2600.0,2600.0,0.0,0.0
Maharashtra,Raigad,APMC Murud,Cereals,Rice,Other,Local,2500.0,2700.0,2600.0,Rs./Quintal,2025-06-21,0,2600.0,2600.0,2600.0,2600.0,2600.0,2600.0,2600.0,2600.0,2600.0,2600.0,0.0,0.0,0.0,0.0,0.0,0.0,0.0,0.0,0.0,0.0,0.0,200.0,0.07692307692307693,2025,6,21,5,172,25,1,1.2246467991473532e-16,-1.0,0.18175978759137534,-0.9833429613388902,2600.0,2600.0,2600.0,0.0,0.0
Maharashtra,Raigad,APMC Murud,Cereals,Rice,Other,Local,2500.0,2700.0,2600.0,Rs./Quintal,2025-06-22,0,2600.0,2600.0,2600.0,2600.0,2600.0,2600.0,2600.0,2600.0,2600.0,2600.0,0.0,0.0,0.0,0.0,0.0,0.0,0.0,0.0,0.0,0.0,0.0,200.0,0.07692307692307693,2025,6,22,6,173,25,1,1.2246467991473532e-16,-1.0,0.16481784665719793,-0.9863240225317866,2600.0,2600.0,2600.0,0.0,0.0
Maharashtra,Raigad,APMC Murud,Cereals,Rice,Other,Local,2500.0,2700.0,2600.0,Rs./Quintal,2025-06-23,0,2600.0,2600.0,2600.0,2600.0,2600.0,2600.0,2600.0,2600.0,2600.0,2600.0,0.0,0.0,0.0,0.0,0.0,0.0,0.0,0.0,0.0,0.0,0.0,200.0,0.07692307692307693,2025,6,23,0,174,26,0,1.2246467991473532e-16,-1.0,0.14782713347053048,-0.9890132145779883,2600.0,2600.0,2600.0,0.0,0.0
Maharashtra,Raigad,APMC Murud,Cereals,Rice,Other,Local,2500.0,2700.0,2600.0,Rs./Quintal,2025-06-24,0,2600.0,2600.0,2600.0,2600.0,2600.0,2600.0,2600.0,2600.0,2600.0,2600.0,0.0,0.0,0.0,0.0,0.0,0.0,0.0,0.0,0.0,0.0,0.0,200.0,0.07692307692307693,2025,6,24,1,175,26,0,1.2246467991473532e-16,-1.0,0.13079267585675922,-0.9914097417023038,2600.0,2600.0,2600.0,0.0,0.0
Maharashtra,Raigad,APMC Murud,Cereals,Rice,Other,Local,2500.0,2700.0,2600.0,Rs./Quintal,2025-06-25,0,2600.0,2600.0,2600.0,2600.0,2600.0,2600.0,2600.0,2600.0,2600.0,2600.0,0.0,0.0,0.0,0.0,0.0,0.0,0.0,0.0,0.0,0.0,0.0,200.0,0.07692307692307693,2025,6,25,2,176,26,0,1.2246467991473532e-16,-1.0,0.11371951458594969,-0.9935128947338007,2600.0,2600.0,2600.0,0.0,0.0
Maharashtra,Raigad,APMC Murud,Cereals,Rice,Other,Local,2500.0,2700.0,2600.0,Rs./Quintal,2025-06-26,0,2600.0,2600.0,2600.0,2600.0,2600.0,2600.0,2600.0,2600.0,2600.0,2600.0,0.0,0.0,0.0,0.0,0.0,0.0,0.0,0.0,0.0,0.0,0.0,200.0,0.07692307692307693,2025,6,26,3,177,26,0,1.2246467991473532e-16,-1.0,0.0966127018812031,-0.9953220513156602,2600.0,2600.0,2600.0,0.0,0.0
Maharashtra,Raigad,APMC Murud,Cereals,Rice,Other,Local,2500.0,2700.0,2600.0,Rs./Quintal,2025-06-27,0,2600.0,2600.0,2600.0,2600.0,2600.0,2600.0,2600.0,2600.0,2600.0,2600.0,0.0,0.0,0.0,0.0,0.0,0.0,0.0,0.0,0.0,0.0,0.0,200.0,0.07692307692307693,2025,6,27,4,178,26,0,1.2246467991473532e-16,-1.0,0.07947729992362097,-0.9968366760893436,2600.0,2600.0,2600.0,0.0,0.0
Maharashtra,Raigad,APMC Murud,Cereals,Rice,Other,Local,2500.0,2700.0,2600.0,Rs./Quintal,2025-06-28,0,2600.0,2600.0,2600.0,2600.0,2600.0,2600.0,2600.0,2600.0,2600.0,2600.0,0.0,0.0,0.0,0.0,0.0,0.0,0.0,0.0,0.0,0.0,0.0,200.0,0.07692307692307693,2025,6,28,5,179,26,1,1.2246467991473532e-16,-1.0,0.062318379354325076,-0.998056320853012,2600.0,2600.0,2600.0,0.0,0.0
Maharashtra,Raigad,APMC Murud,Cereals,Rice,Other,Local,2500.0,2700.0,2600.0,Rs./Quintal,2025-06-29,0,2600.0,2600.0,2600.0,2600.0,2600.0,2600.0,2600.0,2600.0,2600.0,2600.0,0.0,0.0,0.0,0.0,0.0,0.0,0.0,0.0,0.0,0.0,0.0,200.0,0.07692307692307693,2025,6,29,6,180,26,1,1.2246467991473532e-16,-1.0,0.04514101777397193,-0.9989806246941579,2600.0,2600.0,2600.0,0.0,0.0
Maharashtra,Raigad,APMC Murud,Cereals,Rice,Other,Local,2500.0,2700.0,2600.0,Rs./Quintal,2025-06-30,0,2600.0,2600.0,2600.0,2600.0,2600.0,2600.0,2600.0,2600.0,2600.0,2600.0,0.0,0.0,0.0,0.0,0.0,0.0,0.0,0.0,0.0,0.0,0.0,200.0,0.07692307692307693,2025,6,30,0,181,27,0,1.2246467991473532e-16,-1.0,0.02795029824021032,-0.999609314096404,2600.0,2600.0,2600.0,0.0,0.0
Maharashtra,Raigad,APMC Murud,Cereals,Rice,Other,Local,2500.0,2700.0,2600.0,Rs./Quintal,2025-07-01,0,2600.0,2600.0,2600.0,2600.0,2600.0,2600.0,2600.0,2600.0,2600.0,2600.0,0.0,0.0,0.0,0.0,0.0,0.0,0.0,0.0,0.0,0.0,0.0,200.0,0.07692307692307693,2025,7,1,1,182,27,0,-0.4999999999999998,-0.8660254037844388,0.01075130776352193,-0.9999422030204416,2600.0,2600.0,2600.0,0.0,0.0
Maharashtra,Raigad,APMC Murud,Cereals,Rice,Other,Local,2500.0,2700.0,2600.0,Rs./Quintal,2025-07-03,0,2600.0,2600.0,2600.0,2600.0,2600.0,2600.0,2600.0,2600.0,2600.0,2600.0,0.0,0.0,0.0,0.0,0.0,0.0,0.0,0.0,0.0,0.0,0.0,200.0,0.07692307692307693,2025,7,3,3,184,27,0,-0.4999999999999998,-0.8660254037844388,-0.023651127245231586,-0.9997202729664083,2600.0,2600.0,2600.0,0.0,0.0
Maharashtra,Raigad,APMC Murud,Cereals,Rice,Other,Local,2500.0,2700.0,2600.0,Rs./Quintal,2025-07-04,0,2600.0,2600.0,2600.0,2600.0,2600.0,2600.0,2600.0,2600.0,2600.0,2600.0,0.0,0.0,0.0,0.0,0.0,0.0,0.0,0.0,0.0,0.0,0.0,200.0,0.07692307692307693,2025,7,4,4,185,27,0,-0.4999999999999998,-0.8660254037844388,-0.04084439154329611,-0.9991655196610109,2600.0,2600.0,2600.0,0.0,0.0
Maharashtra,Raigad,APMC Murud,Cereals,Rice,Other,Local,2500.0,2700.0,2600.0,Rs./Quintal,2025-07-05,0,2600.0,2600.0,2600.0,2600.0,2600.0,2600.0,2600.0,2600.0,2600.0,2600.0,0.0,0.0,0.0,0.0,0.0,0.0,0.0,0.0,0.0,0.0,0.0,200.0,0.07692307692307693,2025,7,5,5,186,27,1,-0.4999999999999998,-0.8660254037844388,-0.05802556932878035,-0.9983150972033183,2600.0,2600.0,2600.0,0.0,0.0
Maharashtra,Raigad,APMC Murud,Cereals,Rice,Other,Local,2500.0,2700.0,2600.0,Rs./Quintal,2025-07-06,0,2600.0,2600.0,2600.0,2600.0,2600.0,2600.0,2600.0,2600.0,2600.0,2600.0,0.0,0.0,0.0,0.0,0.0,0.0,0.0,0.0,0.0,0.0,0.0,200.0,0.07692307692307693,2025,7,6,6,187,27,1,-0.4999999999999998,-0.8660254037844388,-0.07518957641475855,-0.9971692572470178,2600.0,2600.0,2600.0,0.0,0.0
Maharashtra,Raigad,APMC Murud,Cereals,Rice,Other,Local,2500.0,2700.0,2600.0,Rs./Quintal,2025-07-07,0,2600.0,2600.0,2600.0,2600.0,2600.0,2600.0,2600.0,2600.0,2600.0,2600.0,0.0,0.0,0.0,0.0,0.0,0.0,0.0,0.0,0.0,0.0,0.0,200.0,0.07692307692307693,2025,7,7,0,188,28,0,-0.4999999999999998,-0.8660254037844388,-0.09233133369539123,-0.9957283388645872,2600.0,2600.0,2600.0,0.0,0.0
Maharashtra,Raigad,APMC Murud,Cereals,Rice,Other,Local,2500.0,2700.0,2600.0,Rs./Quintal,2025-07-08,0,2600.0,2600.0,2600.0,2600.0,2600.0,2600.0,2600.0,2600.0,2600.0,2600.0,0.0,0.0,0.0,0.0,0.0,0.0,0.0,0.0,0.0,0.0,0.0,200.0,0.07692307692307693,2025,7,8,1,189,28,0,-0.4999999999999998,-0.8660254037844388,-0.10944576864891556,-0.993992768446958,2600.0,2600.0,2600.0,0.0,0.0
Maharashtra,Raigad,APMC Murud,Cereals,Rice,Other,Local,2500.0,2700.0,2600.0,Rs./Quintal,2025-07-09,0,2600.0,2600.0,2600.0,2600.0,2600.0,2600.0,2600.0,2600.0,2600.0,2600.0,0.0,0.0,0.0,0.0,0.0,0.0,0.0,0.0,0.0,0.0,0.0,200.0,0.07692307692307693,2025,7,9,2,190,28,0,-0.4999999999999998,-0.8660254037844388,-0.12652781683868314,-0.9919630595773397,2600.0,2600.0,2600.0,0.0,0.0
Maharashtra,Raigad,APMC Murud,Cereals,Rice,Other,Local,2500.0,2700.0,2600.0,Rs./Quintal,2025-07-10,0,2600.0,2600.0,2600.0,2600.0,2600.0,2600.0,2600.0,2600.0,2600.0,2600.0,0.0,0.0,0.0,0.0,0.0,0.0,0.0,0.0,0.0,0.0,0.0,200.0,0.07692307692307693,2025,7,10,3,191,28,0,-0.4999999999999998,-0.8660254037844388,-0.1435724234118113,-0.9896398128792412,2600.0,2600.0,2600.0,0.0,0.0
Maharashtra,Raigad,APMC Murud,Cereals,Rice,Other,Local,2500.0,2700.0,2600.0,Rs./Quintal,2025-07-11,0,2600.0,2600.0,2600.0,2600.0,2600.0,2600.0,2600.0,2600.0,2600.0,2600.0,0.0,0.0,0.0,0.0,0.0,0.0,0.0,0.0,0.0,0.0,0.0,200.0,0.07692307692307693,2025,7,11,4,192,28,0,-0.4999999999999998,-0.8660254037844388,-0.16057454459499376,-0.9870237158387383,2600.0,2600.0,2600.0,0.0,0.0
Maharashtra,Raigad,APMC Murud,Cereals,Rice,Other,Local,2500.0,2700.0,2600.0,Rs./Quintal,2025-07-12,0,2600.0,2600.0,2600.0,2600.0,2600.0,2600.0,2600.0,2600.0,2600.0,2600.0,0.0,0.0,0.0,0.0,0.0,0.0,0.0,0.0,0.0,0.0,0.0,200.0,0.07692307692307693,2025,7,12,5,193,28,1,-0.4999999999999998,-0.8660254037844388,-0.17752914918703497,-0.984115542601034,2600.0,2600.0,2600.0,0.0,0.0
Maharashtra,Raigad,APMC Murud,Cereals,Rice,Other,Local,2500.0,2700.0,2600.0,Rs./Quintal,2025-07-13,0,2600.0,2600.0,2600.0,2600.0,2600.0,2600.0,2600.0,2600.0,2600.0,2600.0,0.0,0.0,0.0,0.0,0.0,0.0,0.0,0.0,0.0,0.0,0.0,200.0,0.07692307692307693,2025,7,13,6,194,28,1,-0.4999999999999998,-0.8660254037844388,-0.19443122004766195,-0.9809161537413774,2600.0,2600.0,2600.0,0.0,0.0
Maharashtra,Raigad,APMC Murud,Cereals,Rice,Other,Local,2500.0,2700.0,2600.0,Rs./Quintal,2025-07-14,0,2600.0,2600.0,2600.0,2600.0,2600.0,2600.0,2600.0,2600.0,2600.0,2600.0,0.0,0.0,0.0,0.0,0.0,0.0,0.0,0.0,0.0,0.0,0.0,200.0,0.07692307692307693,2025,7,14,0,195,29,0,-0.4999999999999998,-0.8660254037844388,-0.2112757555821793,-0.9774264960104055,2600.0,2600.0,2600.0,0.0,0.0
Maharashtra,Raigad,APMC Murud,Cereals,Rice,Other,Local,2500.0,2700.0,2600.0,Rs./Quintal,2025-07-15,0,2600.0,2600.0,2600.0,2600.0,2600.0,2600.0,2600.0,2600.0,2600.0,2600.0,0.0,0.0,0.0,0.0,0.0,0.0,0.0,0.0,0.0,0.0,0.0,200.0,0.07692307692307693,2025,7,15,1,196,29,0,-0.4999999999999998,-0.8660254037844388,-0.2280577712215198,-0.9736476020539838,2600.0,2600.0,2600.0,0.0,0.0
Maharashtra,Raigad,APMC Murud,Cereals,Rice,Other,Local,2500.0,2700.0,2600.0,Rs./Quintal,2025-07-16,0,2600.0,2600.0,2600.0,2600.0,2600.0,2600.0,2600.0,2600.0,2600.0,2600.0,0.0,0.0,0.0,0.0,0.0,0.0,0.0,0.0,0.0,0.0,0.0,200.0,0.07692307692307693,2025,7,16,2,197,29,0,-0.4999999999999998,-0.8660254037844388,-0.24477230089725957,-0.9695805901076308,2600.0,2600.0,2600.0,0.0,0.0
Maharashtra,Raigad,APMC Murud,Cereals,Rice,Other,Local,2500.0,2700.0,2600.0,Rs./Quintal,2025-07-17,0,2600.0,2600.0,2600.0,2600.0,2600.0,2600.0,2600.0,2600.0,2600.0,2600.0,0.0,0.0,0.0,0.0,0.0,0.0,0.0,0.0,0.0,0.0,0.0,200.0,0.07692307692307693,2025,7,17,3,198,29,0,-0.4999999999999998,-0.8660254037844388,-0.2614143985111562,-0.965226663665613,2600.0,2600.0,2600.0,0.0,0.0
Maharashtra,Raigad,APMC Murud,Cereals,Rice,Other,Local,2500.0,2700.0,2600.0,Rs./Quintal,2025-07-18,0,2600.0,2600.0,2600.0,2600.0,2600.0,2600.0,2600.0,2600.0,2600.0,2600.0,0.0,0.0,0.0,0.0,0.0,0.0,0.0,0.0,0.0,0.0,0.0,200.0,0.07692307692307693,2025,7,18,4,199,29,0,-0.4999999999999998,-0.8660254037844388,-0.2779791393987801,-0.9605871111248129,2600.0,2600.0,2600.0,0.0,0.0
Maharashtra,Raigad,APMC Murud,Cereals,Rice,Other,Local,2500.0,2700.0,2600.0,Rs./Quintal,2025-07-19,0,2600.0,2600.0,2600.0,2600.0,2600.0,2600.0,2600.0,2600.0,2600.0,2600.0,0.0,0.0,0.0,0.0,0.0,0.0,0.0,0.0,0.0,0.0,0.0,200.0,0.07692307692307693,2025,7,19,5,200,29,1,-0.4999999999999998,-0.8660254037844388,-0.2944616217868012,-0.9556633054034704,2600.0,2600.0,2600.0,0.0,0.0
Maharashtra,Raigad,APMC Murud,Cereals,Rice,Other,Local,2500.0,2700.0,2600.0,Rs./Quintal,2025-07-20,0,2600.0,2600.0,2600.0,2600.0,2600.0,2600.0,2600.0,2600.0,2600.0,2600.0,0.0,0.0,0.0,0.0,0.0,0.0,0.0,0.0,0.0,0.0,0.0,200.0,0.07692307692307693,2025,7,20,6,201,29,1,-0.4999999999999998,-0.8660254037844388,-0.3108569682435036,-0.9504567035349151,2600.0,2600.0,2600.0,0.0,0.0
Maharashtra,Raigad,APMC Murud,Cereals,Rice,Other,Local,2500.0,2700.0,2600.0,Rs./Quintal,2025-07-21,0,2600.0,2600.0,2600.0,2600.0,2600.0,2600.0,2600.0,2600.0,2600.0,2600.0,0.0,0.0,0.0,0.0,0.0,0.0,0.0,0.0,0.0,0.0,0.0,200.0,0.07692307692307693,2025,7,21,0,202,30,0,-0.4999999999999998,-0.8660254037844388,-0.3271603271220951,-0.9449688462364056,2600.0,2600.0,2600.0,0.0,0.0
Maharashtra,Raigad,APMC Murud,Cereals,Rice,Other,Local,2500.0,2700.0,2600.0,Rs./Quintal,2025-07-22,0,2600.0,2600.0,2600.0,2600.0,2600.0,2600.0,2600.0,2600.0,2600.0,2600.0,0.0,0.0,0.0,0.0,0.0,0.0,0.0,0.0,0.0,0.0,0.0,200.0,0.07692307692307693,2025,7,22,1,203,30,0,-0.4999999999999998,-0.8660254037844388,-0.34336687399638804,-0.939201357453208,2600.0,2600.0,2600.0,0.0,0.0
Maharashtra,Raigad,APMC Murud,Cereals,Rice,Other,Local,2500.0,2700.0,2600.0,Rs./Quintal,2025-07-23,0,2600.0,2600.0,2600.0,2600.0,2600.0,2600.0,2600.0,2600.0,2600.0,2600.0,0.0,0.0,0.0,0.0,0.0,0.0,0.0,0.0,0.0,0.0,0.0,200.0,0.07692307692307693,2025,7,23,2,204,30,0,-0.4999999999999998,-0.8660254037844388,-0.3594718130884232,-0.9331559438780432,2600.0,2600.0,2600.0,0.0,0.0
Maharashtra,Raigad,APMC Murud,Cereals,Rice,Other,Local,2500.0,2700.0,2600.0,Rs./Quintal,2025-07-24,0,2600.0,2600.0,2600.0,2600.0,2600.0,2600.0,2600.0,2600.0,2600.0,2600.0,0.0,0.0,0.0,0.0,0.0,0.0,0.0,0.0,0.0,0.0,0.0,200.0,0.07692307692307693,2025,7,24,3,205,30,0,-0.4999999999999998,-0.8660254037844388,-0.3754703786876202,-0.9268343944460494,2600.0,2600.0,2600.0,0.0,0.0
Maharashtra,Raigad,APMC Murud,Cereals,Rice,Other,Local,2500.0,2700.0,2600.0,Rs./Quintal,2025-07-25,0,2600.0,2600.0,2600.0,2600.0,2600.0,2600.0,2600.0,2600.0,2600.0,2600.0,0.0,0.0,0.0,0.0,0.0,0.0,0.0,0.0,0.0,0.0,0.0,200.0,0.07692307692307693,2025,7,25,4,206,30,0,-0.4999999999999998,-0.8660254037844388,-0.3913578365610259,-0.9202385798054075,2600.0,2600.0,2600.0,0.0,0.0
Maharashtra,Raigad,APMC Murud,Cereals,Rice,Other,Local,2500.0,2700.0,2600.0,Rs./Quintal,2025-07-27,0,2600.0,2600.0,2600.0,2600.0,2600.0,2600.0,2600.0,2600.0,2600.0,2600.0,0.0,0.0,0.0,0.0,0.0,0.0,0.0,0.0,0.0,0.0,0.0,200.0,0.07692307692307693,2025,7,27,6,208,30,1,-0.4999999999999998,-0.8660254037844388,-0.4227806579826773,-0.9062320427107697,2600.0,2600.0,2600.0,0.0,0.0
Maharashtra,Raigad,APMC Murud,Cereals,Rice,Other,Local,2500.0,2700.0,2600.0,Rs./Quintal,2025-07-28,0,2600.0,2600.0,2600.0,2600.0,2600.0,2600.0,2600.0,2600.0,2600.0,2600.0,0.0,0.0,0.0,0.0,0.0,0.0,0.0,0.0,0.0,0.0,0.0,200.0,0.07692307692307693,2025,7,28,0,209,31,0,-0.4999999999999998,-0.8660254037844388,-0.4383067230125192,-0.898825465016444,2600.0,2600.0,2600.0,0.0,0.0
Maharashtra,Raigad,APMC Murud,Cereals,Rice,Other,Local,2500.0,2700.0,2600.0,Rs./Quintal,2025-07-29,0,2600.0,2600.0,2600.0,2600.0,2600.0,2600.0,2600.0,2600.0,2600.0,2600.0,0.0,0.0,0.0,0.0,0.0,0.0,0.0,0.0,0.0,0.0,0.0,200.0,0.07692307692307693,2025,7,29,1,210,31,0,-0.4999999999999998,-0.8660254037844388,-0.45370308603134424,-0.8911529104063088,2600.0,2600.0,2600.0,0.0,0.0
Maharashtra,Raigad,APMC Murud,Cereals,Rice,Other,Local,2500.0,2700.0,2600.0,Rs./Quintal,2025-07-30,0,2600.0,2600.0,2600.0,2600.0,2600.0,2600.0,2600.0,2600.0,2600.0,2600.0,0.0,0.0,0.0,0.0,0.0,0.0,0.0,0.0,0.0,0.0,0.0,200.0,0.07692307692307693,2025,7,30,2,211,31,0,-0.4999999999999998,-0.8660254037844388,-0.46896519100763184,-0.8832166493127127,2600.0,2600.0,2600.0,0.0,0.0
Maharashtra,Raigad,APMC Murud,Cereals,Rice,Other,Local,2500.0,2700.0,2600.0,Rs./Quintal,2025-07-31,0,2600.0,2600.0,2600.0,2600.0,2600.0,2600.0,2600.0,2600.0,2600.0,2600.0,0.0,0.0,0.0,0.0,0.0,0.0,0.0,0.0,0.0,0.0,0.0,200.0,0.07692307692307693,2025,7,31,3,212,31,0,-0.4999999999999998,-0.8660254037844388,-0.48408852163897587,-0.8750190302029955,2600.0,2600.0,2600.0,0.0,0.0
Maharashtra,Raigad,APMC Murud,Cereals,Rice,Other,Local,2500.0,2700.0,2600.0,Rs./Quintal,2025-08-01,0,2600.0,2600.0,2600.0,2600.0,2600.0,2600.0,2600.0,2600.0,2600.0,2600.0,0.0,0.0,0.0,0.0,0.0,0.0,0.0,0.0,0.0,0.0,0.0,200.0,0.07692307692307693,2025,8,1,4,213,31,0,-0.8660254037844384,-0.5000000000000004,-0.4990686026885319,-0.8665624788845385,2600.0,2600.0,2600.0,0.0,0.0
Maharashtra,Raigad,APMC Murud,Cereals,Rice,Other,Local,2500.0,2700.0,2600.0,Rs./Quintal,2025-08-02,0,2600.0,2600.0,2600.0,2600.0,2600.0,2600.0,2600.0,2600.0,2600.0,2600.0,0.0,0.0,0.0,0.0,0.0,0.0,0.0,0.0,0.0,0.0,0.0,200.0,0.07692307692307693,2025,8,2,5,214,31,1,-0.8660254037844384,-0.5000000000000004,-0.5139010013093103,-0.8578494977869301,2600.0,2600.0,2600.0,0.0,0.0
Maharashtra,Raigad,APMC Murud,Cereals,Rice,Other,Local,2500.0,2700.0,2600.0,Rs./Quintal,2025-08-03,0,2600.0,2600.0,2600.0,2600.0,2600.0,2600.0,2600.0,2600.0,2600.0,2600.0,0.0,0.0,0.0,0.0,0.0,0.0,0.0,0.0,0.0,0.0,0.0,200.0,0.07692307692307693,2025,8,3,6,215,31,1,-0.8660254037844384,-0.5000000000000004,-0.5285813283559292,-0.8488826652214553,2600.0,2600.0,2600.0,0.0,0.0
Maharashtra,Raigad,APMC Murud,Cereals,Rice,Other,Local,2500.0,2700.0,2600.0,Rs./Quintal,2025-08-04,0,2600.0,2600.0,2600.0,2600.0,2600.0,2600.0,2600.0,2600.0,2600.0,2600.0,0.0,0.0,0.0,0.0,0.0,0.0,0.0,0.0,0.0,0.0,0.0,200.0,0.07692307692307693,2025,8,4,0,216,32,0,-0.8660254037844384,-0.5000000000000004,-0.5431052396834317,-0.8396646346181327,2600.0,2600.0,2600.0,0.0,0.0
Maharashtra,Raigad,APMC Murud,Cereals,Rice,Other,Local,2500.0,2700.0,2600.0,Rs./Quintal,2025-08-05,0,2600.0,2600.0,2600.0,2600.0,2600.0,2600.0,2600.0,2600.0,2600.0,2600.0,0.0,0.0,0.0,0.0,0.0,0.0,0.0,0.0,0.0,0.0,0.0,200.0,0.07692307692307693,2025,8,5,1,217,32,0,-0.8660254037844384,-0.5000000000000004,-0.5574684374327892,-0.8301981337405212,2600.0,2600.0,2600.0,0.0,0.0
Maharashtra,Raigad,APMC Murud,Cereals,Rice,Other,Local,2500.0,2700.0,2600.0,Rs./Quintal,2025-08-06,0,2600.0,2600.0,2600.0,2600.0,2600.0,2600.0,2600.0,2600.0,2600.0,2600.0,0.0,0.0,0.0,0.0,0.0,0.0,0.0,0.0,0.0,0.0,0.0,200.0,0.07692307692307693,2025,8,6,2,218,32,0,-0.8660254037844384,-0.5000000000000004,-0.5716666713027052,-0.8204859638785327,2600.0,2600.0,2600.0,0.0,0.0
Maharashtra,Raigad,APMC Murud,Cereals,Rice,Other,Local,2500.0,2700.0,2600.0,Rs./Quintal,2025-08-07,0,2600.0,2600.0,2600.0,2600.0,2600.0,2600.0,2600.0,2600.0,2600.0,2600.0,0.0,0.0,0.0,0.0,0.0,0.0,0.0,0.0,0.0,0.0,0.0,200.0,0.07692307692307693,2025,8,7,3,219,32,0,-0.8660254037844384,-0.5000000000000004,-0.5856957398073508,-0.8105309990194823,2600.0,2600.0,2600.0,0.0,0.0
Maharashtra,Raigad,APMC Murud,Cereals,Rice,Other,Local,2500.0,2700.0,2600.0,Rs./Quintal,2025-08-08,0,2600.0,2600.0,2600.0,2600.0,2600.0,2600.0,2600.0,2600.0,2600.0,2600.0,0.0,0.0,0.0,0.0,0.0,0.0,0.0,0.0,0.0,0.0,0.0,200.0,0.07692307692307693,2025,8,8,4,220,32,0,-0.8660254037844384,-0.5000000000000004,-0.5995514915196489,-0.8003361849976323,2600.0,2600.0,2600.0,0.0,0.0
Maharashtra,Raigad,APMC Murud,Cereals,Rice,Other,Local,2500.0,2700.0,2600.0,Rs./Quintal,2025-08-10,0,2600.0,2600.0,2600.0,2600.0,2600.0,2600.0,2600.0,2600.0,2600.0,2600.0,0.0,0.0,0.0,0.0,0.0,0.0,0.0,0.0,0.0,0.0,0.0,200.0,0.07692307692307693,2025,8,10,6,222,32,1,-0.8660254037844384,-0.5000000000000004,-0.6267266965083301,-0.7792391467859886,2600.0,2600.0,2600.0,0.0,0.0
Maharashtra,Raigad,APMC Murud,Cereals,Rice,Other,Local,2500.0,2700.0,2600.0,Rs./Quintal,2025-08-11,0,2600.0,2600.0,2600.0,2600.0,2600.0,2600.0,2600.0,2600.0,2600.0,2600.0,0.0,0.0,0.0,0.0,0.0,0.0,0.0,0.0,0.0,0.0,0.0,200.0,0.07692307692307693,2025,8,11,0,223,33,0,-0.8660254037844384,-0.5000000000000004,-0.6400381082043503,-0.7683431655492202,2600.0,2600.0,2600.0,0.0,0.0
Maharashtra,Raigad,APMC Murud,Cereals,Rice,Other,Local,2500.0,2700.0,2600.0,Rs./Quintal,2025-08-12,0,2600.0,2600.0,2600.0,2600.0,2600.0,2600.0,2600.0,2600.0,2600.0,2600.0,0.0,0.0,0.0,0.0,0.0,0.0,0.0,0.0,0.0,0.0,0.0,200.0,0.07692307692307693,2025,8,12,1,224,33,0,-0.8660254037844384,-0.5000000000000004,-0.65316012232693,-0.7572198192083127,2600.0,2600.0,2600.0,0.0,0.0
Maharashtra,Raigad,APMC Murud,Cereals,Rice,Other,Local,2500.0,2700.0,2600.0,Rs./Quintal,2025-08-13,0,2600.0,2600.0,2600.0,2600.0,2600.0,2600.0,2600.0,2600.0,2600.0,2600.0,0.0,0.0,0.0,0.0,0.0,0.0,0.0,0.0,0.0,0.0,0.0,200.0,0.07692307692307693,2025,8,13,2,225,33,0,-0.8660254037844384,-0.5000000000000004,-0.666088855860977,-0.7458723993404063,2600.0,2600.0,2600.0,0.0,0.0
Maharashtra,Raigad,APMC Murud,Cereals,Rice,Other,Local,2500.0,2700.0,2600.0,Rs./Quintal,2025-08-14,0,2600.0,2600.0,2600.0,2600.0,2600.0,2600.0,2600.0,2600.0,2600.0,2600.0,0.0,0.0,0.0,0.0,0.0,0.0,0.0,0.0,0.0,0.0,0.0,200.0,0.07692307692307693,2025,8,14,3,226,33,0,-0.8660254037844384,-0.5000000000000004,-0.6788204829862357,-0.734304263829602,2600.0,2600.0,2600.0,0.0,0.0
Maharashtra,Raigad,APMC Murud,Cereals,Rice,Other,Local,2500.0,2700.0,2600.0,Rs./Quintal,2025-08-15,0,2600.0,2600.0,2600.0,2600.0,2600.0,2600.0,2600.0,2600.0,2600.0,2600.0,0.0,0.0,0.0,0.0,0.0,0.0,0.0,0.0,0.0,0.0,0.0,200.0,0.07692307692307693,2025,8,15,4,227,33,0,-0.8660254037844384,-0.5000000000000004,-0.6913512362094071,-0.722518835873311,2600.0,2600.0,2600.0,0.0,0.0
Maharashtra,Raigad,APMC Murud,Cereals,Rice,Other,Local,2500.0,2700.0,2600.0,Rs./Quintal,2025-08-16,0,2600.0,2600.0,2600.0,2600.0,2600.0,2600.0,2600.0,2600.0,2600.0,2600.0,0.0,0.0,0.0,0.0,0.0,0.0,0.0,0.0,0.0,0.0,0.0,200.0,0.07692307692307693,2025,8,16,5,228,33,1,-0.8660254037844384,-0.5000000000000004,-0.7036774074790128,-0.7105196029692745,2600.0,2600.0,2600.0,0.0,0.0
Maharashtra,Raigad,APMC Murud,Cereals,Rice,Other,Local,2500.0,2700.0,2600.0,Rs./Quintal,2025-08-17,0,2600.0,2600.0,2600.0,2600.0,2600.0,2600.0,2600.0,2600.0,2600.0,2600.0,0.0,0.0,0.0,0.0,0.0,0.0,0.0,0.0,0.0,0.0,0.0,200.0,0.07692307692307693,2025,8,17,6,229,33,1,-0.8660254037844384,-0.5000000000000004,-0.7157953492826642,-0.6983101158835584,2600.0,2600.0,2600.0,0.0,0.0
Maharashtra,Raigad,APMC Murud,Cereals,Rice,Other,Local,2500.0,2700.0,2600.0,Rs./Quintal,2025-08-18,0,2600.0,2600.0,2600.0,2600.0,2600.0,2600.0,2600.0,2600.0,2600.0,2600.0,0.0,0.0,0.0,0.0,0.0,0.0,0.0,0.0,0.0,0.0,0.0,200.0,0.07692307692307693,2025,8,18,0,230,34,0,-0.8660254037844384,-0.5000000000000004,-0.7277014757264236,-0.6858939875998223,2600.0,2600.0,2600.0,0.0,0.0
Maharashtra,Raigad,APMC Murud,Cereals,Rice,Other,Local,2500.0,2700.0,2600.0,Rs./Quintal,2025-08-19,0,2600.0,2600.0,2600.0,2600.0,2600.0,2600.0,2600.0,2600.0,2600.0,2600.0,0.0,0.0,0.0,0.0,0.0,0.0,0.0,0.0,0.0,0.0,0.0,200.0,0.07692307692307693,2025,8,19,1,231,34,0,-0.8660254037844384,-0.5000000000000004,-0.7393922635959241,-0.673274892250183,2600.0,2600.0,2600.0,0.0,0.0
Maharashtra,Raigad,APMC Murud,Cereals,Rice,Other,Local,2500.0,2700.0,2600.0,Rs./Quintal,2025-08-20,0,2600.0,2600.0,2600.0,2600.0,2600.0,2600.0,2600.0,2600.0,2600.0,2600.0,0.0,0.0,0.0,0.0,0.0,0.0,0.0,0.0,0.0,0.0,0.0,200.0,0.07692307692307693,2025,8,20,2,232,34,0,-0.8660254037844384,-0.5000000000000004,-0.7508642533989489,-0.6604565640279754,2600.0,2600.0,2600.0,0.0,0.0
Maharashtra,Raigad,APMC Murud,Cereals,Rice,Other,Local,2500.0,2700.0,2600.0,Rs./Quintal,2025-08-21,0,2600.0,2600.0,2600.0,2600.0,2600.0,2600.0,2600.0,2600.0,2600.0,2600.0,0.0,0.0,0.0,0.0,0.0,0.0,0.0,0.0,0.0,0.0,0.0,200.0,0.07692307692307693,2025,8,21,3,233,34,0,-0.8660254037844384,-0.5000000000000004,-0.7621140503891487,-0.6474427960827475,2600.0,2600.0,2600.0,0.0,0.0
Maharashtra,Raigad,APMC Murud,Cereals,Rice,Other,Local,2500.0,2700.0,2600.0,Rs./Quintal,2025-08-22,0,2600.0,2600.0,2600.0,2600.0,2600.0,2600.0,2600.0,2600.0,2600.0,2600.0,0.0,0.0,0.0,0.0,0.0,0.0,0.0,0.0,0.0,0.0,0.0,200.0,0.07692307692307693,2025,8,22,4,234,34,0,-0.8660254037844384,-0.5000000000000004,-0.7731383255706027,-0.6342374393978054,2600.0,2600.0,2600.0,0.0,0.0
Maharashtra,Raigad,APMC Murud,Cereals,Rice,Other,Local,2500.0,2700.0,2600.0,Rs./Quintal,2025-08-23,0,2600.0,2600.0,2600.0,2600.0,2600.0,2600.0,2600.0,2600.0,2600.0,2600.0,0.0,0.0,0.0,0.0,0.0,0.0,0.0,0.0,0.0,0.0,0.0,200.0,0.07692307692307693,2025,8,23,5,235,34,1,-0.8660254037844384,-0.5000000000000004,-0.7839338166829201,-0.620844401650647,2600.0,2600.0,2600.0,0.0,0.0
Maharashtra,Raigad,APMC Murud,Cereals,Rice,Other,Local,2500.0,2700.0,2600.0,Rs./Quintal,2025-08-24,0,2600.0,2600.0,2600.0,2600.0,2600.0,2600.0,2600.0,2600.0,2600.0,2600.0,0.0,0.0,0.0,0.0,0.0,0.0,0.0,0.0,0.0,0.0,0.0,200.0,0.07692307692307693,2025,8,24,6,236,34,1,-0.8660254037844384,-0.5000000000000004,-0.7944973291665992,-0.6072676460566135,2600.0,2600.0,2600.0,0.0,0.0
Maharashtra,Raigad,APMC Murud,Cereals,Rice,Other,Local,2500.0,2700.0,2600.0,Rs./Quintal,2025-08-25,0,2600.0,2600.0,2600.0,2600.0,2600.0,2600.0,2600.0,2600.0,2600.0,2600.0,0.0,0.0,0.0,0.0,0.0,0.0,0.0,0.0,0.0,0.0,0.0,200.0,0.07692307692307693,2025,8,25,0,237,35,0,-0.8660254037844384,-0.5000000000000004,-0.8048257371083452,-0.593511190196115,2600.0,2600.0,2600.0,0.0,0.0
Maharashtra,Raigad,APMC Murud,Cereals,Rice,Other,Local,2500.0,2700.0,2600.0,Rs./Quintal,2025-08-26,0,2600.0,2600.0,2600.0,2600.0,2600.0,2600.0,2600.0,2600.0,2600.0,2600.0,0.0,0.0,0.0,0.0,0.0,0.0,0.0,0.0,0.0,0.0,0.0,200.0,0.07692307692307693,2025,8,26,1,238,35,0,-0.8660254037844384,-0.5000000000000004,-0.8149159841660791,-0.5795791048257612,2600.0,2600.0,2600.0,0.0,0.0
Maharashtra,Raigad,APMC Murud,Cereals,Rice,Other,Local,2500.0,2700.0,2600.0,Rs./Quintal,2025-08-27,0,2600.0,2600.0,2600.0,2600.0,2600.0,2600.0,2600.0,2600.0,2600.0,2600.0,0.0,0.0,0.0,0.0,0.0,0.0,0.0,0.0,0.0,0.0,0.0,200.0,0.07692307692307693,2025,8,27,2,239,35,0,-0.8660254037844384,-0.5000000000000004,-0.8247650844733614,-0.5654755126737576,2600.0,2600.0,2600.0,0.0,0.0
Maharashtra,Raigad,APMC Murud,Cereals,Rice,Other,Local,2500.0,2700.0,2600.0,Rs./Quintal,2025-08-28,0,2600.0,2600.0,2600.0,2600.0,2600.0,2600.0,2600.0,2600.0,2600.0,2600.0,0.0,0.0,0.0,0.0,0.0,0.0,0.0,0.0,0.0,0.0,0.0,200.0,0.07692307692307693,2025,8,28,3,240,35,0,-0.8660254037844384,-0.5000000000000004,-0.8343701235229537,-0.5512045872199277,2600.0,2600.0,2600.0,0.0,0.0
Maharashtra,Raigad,APMC Murud,Cereals,Rice,Other,Local,2500.0,2700.0,2600.0,Rs./Quintal,2025-08-29,0,2600.0,2600.0,2600.0,2600.0,2600.0,2600.0,2600.0,2600.0,2600.0,2600.0,0.0,0.0,0.0,0.0,0.0,0.0,0.0,0.0,0.0,0.0,0.0,200.0,0.07692307692307693,2025,8,29,4,241,35,0,-0.8660254037844384,-0.5000000000000004,-0.8437282590292712,-0.5367705514607103,2600.0,2600.0,2600.0,0.0,0.0
Maharashtra,Raigad,APMC Murud,Cereals,Rice,Other,Local,2500.0,2700.0,2600.0,Rs./Quintal,2025-08-30,0,2600.0,2600.0,2600.0,2600.0,2600.0,2600.0,2600.0,2600.0,2600.0,2600.0,0.0,0.0,0.0,0.0,0.0,0.0,0.0,0.0,0.0,0.0,0.0,200.0,0.07692307692307693,2025,8,30,5,242,35,1,-0.8660254037844384,-0.5000000000000004,-0.8528367217694595,-0.522177676659508,2600.0,2600.0,2600.0,0.0,0.0
Maharashtra,Raigad,APMC Murud,Cereals,Rice,Other,Local,2500.0,2700.0,2600.0,Rs./Quintal,2025-08-31,0,2600.0,2600.0,2600.0,2600.0,2600.0,2600.0,2600.0,2600.0,2600.0,2600.0,0.0,0.0,0.0,0.0,0.0,0.0,0.0,0.0,0.0,0.0,0.0,200.0,0.07692307692307693,2025,8,31,6,243,35,1,-0.8660254037844384,-0.5000000000000004,-0.8616928164028521,-0.5074302810827518,2600.0,2600.0,2600.0,0.0,0.0
Maharashtra,Raigad,APMC Murud,Cereals,Rice,Other,Local,2500.0,2700.0,2600.0,Rs./Quintal,2025-09-01,0,2600.0,2600.0,2600.0,2600.0,2600.0,2600.0,2600.0,2600.0,2600.0,2600.0,0.0,0.0,0.0,0.0,0.0,0.0,0.0,0.0,0.0,0.0,0.0,200.0,0.07692307692307693,2025,9,1,0,244,36,0,-1.0,-1.8369701987210297e-16,-0.8702939222685674,-0.49253272872205434,2600.0,2600.0,2600.0,0.0,0.0
Maharashtra,Raigad,APMC Murud,Cereals,Rice,Other,Local,2500.0,2700.0,2600.0,Rs./Quintal,2025-09-02,0,2600.0,2600.0,2600.0,2600.0,2600.0,2600.0,2600.0,2600.0,2600.0,2600.0,0.0,0.0,0.0,0.0,0.0,0.0,0.0,0.0,0.0,0.0,0.0,200.0,0.07692307692307693,2025,9,2,1,245,36,0,-1.0,-1.8369701987210297e-16,-0.8786374941610001,-0.4774894280028391,2600.0,2600.0,2600.0,0.0,0.0
Maharashtra,Raigad,APMC Murud,Cereals,Rice,Other,Local,2500.0,2700.0,2600.0,Rs./Quintal,2025-09-03,0,2600.0,2600.0,2600.0,2600.0,2600.0,2600.0,2600.0,2600.0,2600.0,2600.0,0.0,0.0,0.0,0.0,0.0,0.0,0.0,0.0,0.0,0.0,0.0,200.0,0.07692307692307693,2025,9,3,2,246,36,0,-1.0,-1.8369701987210297e-16,-0.886721063082993,-0.46230483047981086,2600.0,2600.0,2600.0,0.0,0.0
Maharashtra,Raigad,APMC Murud,Cereals,Rice,Other,Local,2500.0,2700.0,2600.0,Rs./Quintal,2025-09-04,0,2600.0,2600.0,2600.0,2600.0,2600.0,2600.0,2600.0,2600.0,2600.0,2600.0,0.0,0.0,0.0,0.0,0.0,0.0,0.0,0.0,0.0,0.0,0.0,200.0,0.07692307692307693,2025,9,4,3,247,36,0,-1.0,-1.8369701987210297e-16,-0.8945422369764496,-0.4469834295196742,2600.0,2600.0,2600.0,0.0,0.0
Maharashtra,Raigad,APMC Murud,Cereals,Rice,Other,Local,2500.0,2700.0,2600.0,Rs./Quintal,2025-09-05,0,2600.0,2600.0,2600.0,2600.0,2600.0,2600.0,2600.0,2600.0,2600.0,2600.0,0.0,0.0,0.0,0.0,0.0,0.0,0.0,0.0,0.0,0.0,0.0,200.0,0.07692307692307693,2025,9,5,4,248,36,0,-1.0,-1.8369701987210297e-16,-0.9020987014301837,-0.4315297589714715,2600.0,2600.0,2600.0,0.0,0.0
Maharashtra,Raigad,APMC Murud,Cereals,Rice,Other,Local,2500.0,2700.0,2600.0,Rs./Quintal,2025-09-06,0,2600.0,2600.0,2600.0,2600.0,2600.0,2600.0,2600.0,2600.0,2600.0,2600.0,0.0,0.0,0.0,0.0,0.0,0.0,0.0,0.0,0.0,0.0,0.0,200.0,0.07692307692307693,2025,9,6,5,249,36,1,-1.0,-1.8369701987210297e-16,-0.9093882203647925,-0.4159483918249421,2600.0,2600.0,2600.0,0.0,0.0
Maharashtra,Raigad,APMC Murud,Cereals,Rice,Other,Local,2500.0,2700.0,2600.0,Rs./Quintal,2025-09-07,0,2600.0,2600.0,2600.0,2600.0,2600.0,2600.0,2600.0,2600.0,2600.0,2600.0,0.0,0.0,0.0,0.0,0.0,0.0,0.0,0.0,0.0,0.0,0.0,200.0,0.07692307692307693,2025,9,7,6,250,36,1,-1.0,-1.8369701987210297e-16,-0.9164086366943458,-0.4002439388573056,2600.0,2600.0,2600.0,0.0,0.0
Maharashtra,Raigad,APMC Murud,Cereals,Rice,Other,Local,2500.0,2700.0,2600.0,Rs./Quintal,2025-09-08,0,2600.0,2600.0,2600.0,2600.0,2600.0,2600.0,2600.0,2600.0,2600.0,2600.0,0.0,0.0,0.0,0.0,0.0,0.0,0.0,0.0,0.0,0.0,0.0,200.0,0.07692307692307693,2025,9,8,0,251,37,0,-1.0,-1.8369701987210297e-16,-0.9231578729647039,-0.38442104726885545,2600.0,2600.0,2600.0,0.0,0.0
Maharashtra,Raigad,APMC Murud,Cereals,Rice,Other,Local,2500.0,2700.0,2600.0,Rs./Quintal,2025-09-09,0,2600.0,2600.0,2600.0,2600.0,2600.0,2600.0,2600.0,2600.0,2600.0,2600.0,0.0,0.0,0.0,0.0,0.0,0.0,0.0,0.0,0.0,0.0,0.0,200.0,0.07692307692307693,2025,9,9,1,252,37,0,-1.0,-1.8369701987210297e-16,-0.9296339319682695,-0.3684843993077793,2600.0,2600.0,2600.0,0.0,0.0
Maharashtra,Raigad,APMC Murud,Cereals,Rice,Other,Local,2500.0,2700.0,2600.0,Rs./Quintal,2025-09-10,0,2600.0,2600.0,2600.0,2600.0,2600.0,2600.0,2600.0,2600.0,2600.0,2600.0,0.0,0.0,0.0,0.0,0.0,0.0,0.0,0.0,0.0,0.0,0.0,200.0,0.07692307692307693,2025,9,10,2,253,37,0,-1.0,-1.8369701987210297e-16,-0.9358348973349941,-0.35243871088460327,2600.0,2600.0,2600.0,0.0,0.0
Maharashtra,Raigad,APMC Murud,Cereals,Rice,Other,Local,2500.0,2700.0,2600.0,Rs./Quintal,2025-09-11,0,2600.0,2600.0,2600.0,2600.0,2600.0,2600.0,2600.0,2600.0,2600.0,2600.0,0.0,0.0,0.0,0.0,0.0,0.0,0.0,0.0,0.0,0.0,0.0,200.0,0.07692307692307693,2025,9,11,3,254,37,0,-1.0,-1.8369701987210297e-16,-0.9417589340994617,-0.33628873017668287,2600.0,2600.0,2600.0,0.0,0.0
Maharashtra,Raigad,APMC Murud,Cereals,Rice,Other,Local,2500.0,2700.0,2600.0,Rs./Quintal,2025-09-12,0,2600.0,2600.0,2600.0,2600.0,2600.0,2600.0,2600.0,2600.0,2600.0,2600.0,0.0,0.0,0.0,0.0,0.0,0.0,0.0,0.0,0.0,0.0,0.0,200.0,0.07692307692307693,2025,9,12,4,255,37,0,-1.0,-1.8369701987210297e-16,-0.9474042892438845,-0.32003923622313857,2600.0,2600.0,2600.0,0.0,0.0
Maharashtra,Raigad,APMC Murud,Cereals,Rice,Other,Local,2500.0,2700.0,2600.0,Rs./Quintal,2025-09-13,0,2600.0,2600.0,2600.0,2600.0,2600.0,2600.0,2600.0,2600.0,2600.0,2600.0,0.0,0.0,0.0,0.0,0.0,0.0,0.0,0.0,0.0,0.0,0.0,200.0,0.07692307692307693,2025,9,13,5,256,37,1,-1.0,-1.8369701987210297e-16,-0.9527692922168511,-0.30369503751065885,2600.0,2600.0,2600.0,0.0,0.0
Maharashtra,Raigad,APMC Murud,Cereals,Rice,Other,Local,2500.0,2700.0,2600.0,Rs./Quintal,2025-09-14,0,2600.0,2600.0,2600.0,2600.0,2600.0,2600.0,2600.0,2600.0,2600.0,2600.0,0.0,0.0,0.0,0.0,0.0,0.0,0.0,0.0,0.0,0.0,0.0,200.0,0.07692307692307693,2025,9,14,6,257,37,1,-1.0,-1.8369701987210297e-16,-0.9578523554276669,-0.28726097055059635,2600.0,2600.0,2600.0,0.0,0.0
Maharashtra,Raigad,APMC Murud,Cereals,Rice,Other,Local,2500.0,2700.0,2600.0,Rs./Quintal,2025-09-15,0,2600.0,2600.0,2600.0,2600.0,2600.0,2600.0,2600.0,2600.0,2600.0,2600.0,0.0,0.0,0.0,0.0,0.0,0.0,0.0,0.0,0.0,0.0,0.0,200.0,0.07692307692307693,2025,9,15,0,258,38,0,-1.0,-1.8369701987210297e-16,-0.9626519747161487,-0.2707418984477642,2600.0,2600.0,2600.0,0.0,0.0
Maharashtra,Raigad,APMC Murud,Cereals,Rice,Other,Local,2500.0,2700.0,2600.0,Rs./Quintal,2025-09-16,0,2600.0,2600.0,2600.0,2600.0,2600.0,2600.0,2600.0,2600.0,2600.0,2600.0,0.0,0.0,0.0,0.0,0.0,0.0,0.0,0.0,0.0,0.0,0.0,200.0,0.07692307692307693,2025,9,16,1,259,38,0,-1.0,-1.8369701987210297e-16,-0.9671667297977312,-0.2541427094613622,2600.0,2600.0,2600.0,0.0,0.0
Maharashtra,Raigad,APMC Murud,Cereals,Rice,Other,Local,2500.0,2700.0,2600.0,Rs./Quintal,2025-09-17,0,2600.0,2600.0,2600.0,2600.0,2600.0,2600.0,2600.0,2600.0,2600.0,2600.0,0.0,0.0,0.0,0.0,0.0,0.0,0.0,0.0,0.0,0.0,0.0,200.0,0.07692307692307693,2025,9,17,2,260,38,0,-1.0,-1.8369701987210297e-16,-0.97139528468375,-0.23746831555846842,2600.0,2600.0,2600.0,0.0,0.0
Maharashtra,Raigad,APMC Murud,Cereals,Rice,Other,Local,2500.0,2700.0,2600.0,Rs./Quintal,2025-09-18,0,2600.0,2600.0,2600.0,2600.0,2600.0,2600.0,2600.0,2600.0,2600.0,2600.0,0.0,0.0,0.0,0.0,0.0,0.0,0.0,0.0,0.0,0.0,0.0,200.0,0.07692307692307693,2025,9,18,3,261,38,0,-1.0,-1.8369701987210297e-16,-0.9753363880767837,-0.2207236509605022,2600.0,2600.0,2600.0,0.0,0.0
Maharashtra,Raigad,APMC Murud,Cereals,Rice,Other,Local,2500.0,2700.0,2600.0,Rs./Quintal,2025-09-19,0,2600.0,2600.0,2600.0,2600.0,2600.0,2600.0,2600.0,2600.0,2600.0,2600.0,0.0,0.0,0.0,0.0,0.0,0.0,0.0,0.0,0.0,0.0,0.0,200.0,0.07692307692307693,2025,9,19,4,262,38,0,-1.0,-1.8369701987210297e-16,-0.9789888737409319,-0.20391367068311472,2600.0,2600.0,2600.0,0.0,0.0
Maharashtra,Raigad,APMC Murud,Cereals,Rice,Other,Local,2500.0,2700.0,2600.0,Rs./Quintal,2025-09-20,0,2600.0,2600.0,2600.0,2600.0,2600.0,2600.0,2600.0,2600.0,2600.0,2600.0,0.0,0.0,0.0,0.0,0.0,0.0,0.0,0.0,0.0,0.0,0.0,200.0,0.07692307692307693,2025,9,20,5,263,38,1,-1.0,-1.8369701987210297e-16,-0.9823516608469237,-0.18704334906991657,2600.0,2600.0,2600.0,0.0,0.0
Maharashtra,Raigad,APMC Murud,Cereals,Rice,Other,Local,2500.0,2700.0,2600.0,Rs./Quintal,2025-09-21,0,2600.0,2600.0,2600.0,2600.0,2600.0,2600.0,2600.0,2600.0,2600.0,2600.0,0.0,0.0,0.0,0.0,0.0,0.0,0.0,0.0,0.0,0.0,0.0,200.0,0.07692307692307693,2025,9,21,6,264,38,1,-1.0,-1.8369701987210297e-16,-0.9854237542919524,-0.17011767832049052,2600.0,2600.0,2600.0,0.0,0.0
Maharashtra,Raigad,APMC Murud,Cereals,Rice,Other,Local,2500.0,2700.0,2600.0,Rs./Quintal,2025-09-22,0,2600.0,2600.0,2600.0,2600.0,2600.0,2600.0,2600.0,2600.0,2600.0,2600.0,0.0,0.0,0.0,0.0,0.0,0.0,0.0,0.0,0.0,0.0,0.0,200.0,0.07692307692307693,2025,9,22,0,265,39,0,-1.0,-1.8369701987210297e-16,-0.9882042449941422,-0.15314166701312007,2600.0,2600.0,2600.0,0.0,0.0
Maharashtra,Raigad,APMC Murud,Cereals,Rice,Other,Local,2500.0,2700.0,2600.0,Rs./Quintal,2025-09-23,0,2600.0,2600.0,2600.0,2600.0,2600.0,2600.0,2600.0,2600.0,2600.0,2600.0,0.0,0.0,0.0,0.0,0.0,0.0,0.0,0.0,0.0,0.0,0.0,200.0,0.07692307692307693,2025,9,23,1,266,39,0,-1.0,-1.8369701987210297e-16,-0.9906923101615609,-0.13612033862266704,2600.0,2600.0,2600.0,0.0,0.0
Maharashtra,Raigad,APMC Murud,Cereals,Rice,Other,Local,2500.0,2700.0,2600.0,Rs./Quintal,2025-09-24,0,2600.0,2600.0,2600.0,2600.0,2600.0,2600.0,2600.0,2600.0,2600.0,2600.0,0.0,0.0,0.0,0.0,0.0,0.0,0.0,0.0,0.0,0.0,0.0,200.0,0.07692307692307693,2025,9,24,2,267,39,0,-1.0,-1.8369701987210297e-16,-0.9928872135356962,-0.11905873003404988,2600.0,2600.0,2600.0,0.0,0.0
Maharashtra,Raigad,APMC Murud,Cereals,Rice,Other,Local,2500.0,2700.0,2600.0,Rs./Quintal,2025-09-25,0,2600.0,2600.0,2600.0,2600.0,2600.0,2600.0,2600.0,2600.0,2600.0,2600.0,0.0,0.0,0.0,0.0,0.0,0.0,0.0,0.0,0.0,0.0,0.0,200.0,0.07692307692307693,2025,9,25,3,268,39,0,-1.0,-1.8369701987210297e-16,-0.994788305609327,-0.10196189005174576,2600.0,2600.0,2600.0,0.0,0.0
Maharashtra,Raigad,APMC Murud,Cereals,Rice,Other,Local,2500.0,2700.0,2600.0,Rs./Quintal,2025-09-26,0,2600.0,2600.0,2600.0,2600.0,2600.0,2600.0,2600.0,2600.0,2600.0,2600.0,0.0,0.0,0.0,0.0,0.0,0.0,0.0,0.0,0.0,0.0,0.0,200.0,0.07692307692307693,2025,9,26,4,269,39,0,-1.0,-1.8369701987210297e-16,-0.9963950238187231,-0.08483487790576538,2600.0,2600.0,2600.0,0.0,0.0
Maharashtra,Raigad,APMC Murud,Cereals,Rice,Other,Local,2500.0,2700.0,2600.0,Rs./Quintal,2025-09-27,0,2600.0,2600.0,2600.0,2600.0,2600.0,2600.0,2600.0,2600.0,2600.0,2600.0,0.0,0.0,0.0,0.0,0.0,0.0,0.0,0.0,0.0,0.0,0.0,200.0,0.07692307692307693,2025,9,27,5,270,39,1,-1.0,-1.8369701987210297e-16,-0.9977068927101168,-0.06768276175455162,2600.0,2600.0,2600.0,0.0,0.0
Maharashtra,Raigad,APMC Murud,Cereals,Rice,Other,Local,2500.0,2700.0,2600.0,Rs./Quintal,2025-09-28,0,2600.0,2600.0,2600.0,2600.0,2600.0,2600.0,2600.0,2600.0,2600.0,2600.0,0.0,0.0,0.0,0.0,0.0,0.0,0.0,0.0,0.0,0.0,0.0,200.0,0.07692307692307693,2025,9,28,6,271,39,1,-1.0,-1.8369701987210297e-16,-0.9987235240803972,-0.050510617185222886,2600.0,2600.0,2600.0,0.0,0.0
Maharashtra,Raigad,APMC Murud,Cereals,Rice,Other,Local,2500.0,2700.0,2600.0,Rs./Quintal,2025-09-29,0,2600.0,2600.0,2600.0,2600.0,2600.0,2600.0,2600.0,2600.0,2600.0,2600.0,0.0,0.0,0.0,0.0,0.0,0.0,0.0,0.0,0.0,0.0,0.0,200.0,0.07692307692307693,2025,9,29,0,272,40,0,-1.0,-1.8369701987210297e-16,-0.9994446170919858,-0.033323525711631344,2600.0,2600.0,2600.0,0.0,0.0
Maharashtra,Raigad,APMC Murud,Cereals,Rice,Other,Local,2500.0,2700.0,2600.0,Rs./Quintal,2025-09-30,0,2600.0,2600.0,2600.0,2600.0,2600.0,2600.0,2600.0,2600.0,2600.0,2600.0,0.0,0.0,0.0,0.0,0.0,0.0,0.0,0.0,0.0,0.0,0.0,200.0,0.07692307692307693,2025,9,30,1,273,40,0,-1.0,-1.8369701987210297e-16,-0.9998699583618592,-0.016126573270657762,2600.0,2600.0,2600.0,0.0,0.0
Maharashtra,Raigad,APMC Murud,Cereals,Rice,Other,Local,2500.0,2700.0,2600.0,Rs./Quintal,2025-10-01,0,2600.0,2600.0,2600.0,2600.0,2600.0,2600.0,2600.0,2600.0,2600.0,2600.0,0.0,0.0,0.0,0.0,0.0,0.0,0.0,0.0,0.0,0.0,0.0,200.0,0.07692307692307693,2025,10,1,2,274,40,0,-0.8660254037844386,0.5000000000000001,-0.9999994220246925,0.001075151282798226,2600.0,2600.0,2600.0,0.0,0.0
Maharashtra,Raigad,APMC Murud,Cereals,Rice,Other,Local,2500.0,2700.0,2600.0,Rs./Quintal,2025-10-02,0,2600.0,2600.0,2600.0,2600.0,2600.0,2600.0,2600.0,2600.0,2600.0,2600.0,0.0,0.0,0.0,0.0,0.0,0.0,0.0,0.0,0.0,0.0,0.0,200.0,0.07692307692307693,2025,10,2,3,275,40,0,-0.8660254037844386,0.5000000000000001,-0.999832969770105,0.018276557681691223,2600.0,2600.0,2600.0,0.0,0.0
Maharashtra,Raigad,APMC Murud,Cereals,Rice,Other,Local,2500.0,2700.0,2600.0,Rs./Quintal,2025-10-03,0,2600.0,2600.0,2600.0,2600.0,2600.0,2600.0,2600.0,2600.0,2600.0,2600.0,0.0,0.0,0.0,0.0,0.0,0.0,0.0,0.0,0.0,0.0,0.0,200.0,0.07692307692307693,2025,10,3,4,276,40,0,-0.8660254037844386,0.5000000000000001,-0.9993706508539969,0.03547255575312556,2600.0,2600.0,2600.0,0.0,0.0
Maharashtra,Raigad,APMC Murud,Cereals,Rice,Other,Local,2500.0,2700.0,2600.0,Rs./Quintal,2025-10-04,0,2600.0,2600.0,2600.0,2600.0,2600.0,2600.0,2600.0,2600.0,2600.0,2600.0,0.0,0.0,0.0,0.0,0.0,0.0,0.0,0.0,0.0,0.0,0.0,200.0,0.07692307692307693,2025,10,4,5,277,40,1,-0.8660254037844386,0.5000000000000001,-0.9986126020839734,0.052658056924614005,2600.0,2600.0,2600.0,0.0,0.0
Maharashtra,Raigad,APMC Murud,Cereals,Rice,Other,Local,2500.0,2700.0,2600.0,Rs./Quintal,2025-10-05,0,2600.0,2600.0,2600.0,2600.0,2600.0,2600.0,2600.0,2600.0,2600.0,2600.0,0.0,0.0,0.0,0.0,0.0,0.0,0.0,0.0,0.0,0.0,0.0,200.0,0.07692307692307693,2025,10,5,6,278,40,1,-0.8660254037844386,0.5000000000000001,-0.9975590477788613,0.06982797572987089,2600.0,2600.0,2600.0,0.0,0.0
Maharashtra,Raigad,APMC Murud,Cereals,Rice,Other,Local,2500.0,2700.0,2600.0,Rs./Quintal,2025-10-06,0,2600.0,2600.0,2600.0,2600.0,2600.0,2600.0,2600.0,2600.0,2600.0,2600.0,0.0,0.0,0.0,0.0,0.0,0.0,0.0,0.0,0.0,0.0,0.0,200.0,0.07692307692307693,2025,10,6,0,279,41,0,-0.8660254037844386,0.5000000000000001,-0.9962102997023297,0.0869772313136861,2600.0,2600.0,2600.0,0.0,0.0
Maharashtra,Raigad,APMC Murud,Cereals,Rice,Other,Local,2500.0,2700.0,2600.0,Rs./Quintal,2025-10-07,0,2600.0,2600.0,2600.0,2600.0,2600.0,2600.0,2600.0,2600.0,2600.0,2600.0,0.0,0.0,0.0,0.0,0.0,0.0,0.0,0.0,0.0,0.0,0.0,200.0,0.07692307692307693,2025,10,7,1,280,41,0,-0.8660254037844386,0.5000000000000001,-0.9945667569706337,0.1041007489354256,2600.0,2600.0,2600.0,0.0,0.0
Maharashtra,Raigad,APMC Murud,Cereals,Rice,Other,Local,2500.0,2700.0,2600.0,Rs./Quintal,2025-10-08,0,2600.0,2600.0,2600.0,2600.0,2600.0,2600.0,2600.0,2600.0,2600.0,2600.0,0.0,0.0,0.0,0.0,0.0,0.0,0.0,0.0,0.0,0.0,0.0,200.0,0.07692307692307693,2025,10,8,2,281,41,0,-0.8660254037844386,0.5000000000000001,-0.9926289059345095,0.12119346147073601,2600.0,2600.0,2600.0,0.0,0.0
Maharashtra,Raigad,APMC Murud,Cereals,Rice,Other,Local,2500.0,2700.0,2600.0,Rs./Quintal,2025-10-09,0,2600.0,2600.0,2600.0,2600.0,2600.0,2600.0,2600.0,2600.0,2600.0,2600.0,0.0,0.0,0.0,0.0,0.0,0.0,0.0,0.0,0.0,0.0,0.0,200.0,0.07692307692307693,2025,10,9,3,282,41,0,-0.8660254037844386,0.5000000000000001,-0.9903973200352558,0.13825031091098192,2600.0,2600.0,2600.0,0.0,0.0
Maharashtra,Raigad,APMC Murud,Cereals,Rice,Other,Local,2500.0,2700.0,2600.0,Rs./Quintal,2025-10-12,0,2600.0,2600.0,2600.0,2600.0,2600.0,2600.0,2600.0,2600.0,2600.0,2600.0,0.0,0.0,0.0,0.0,0.0,0.0,0.0,0.0,0.0,0.0,0.0,200.0,0.07692307692307693,2025,10,12,6,285,41,1,-0.8660254037844386,0.5000000000000001,-0.981947190186646,0.18915526872004093,2600.0,2600.0,2600.0,0.0,0.0
Maharashtra,Raigad,APMC Murud,Cereals,Rice,Other,Local,2500.0,2700.0,2600.0,Rs./Quintal,2025-10-13,0,2600.0,2600.0,2600.0,2600.0,2600.0,2600.0,2600.0,2600.0,2600.0,2600.0,0.0,0.0,0.0,0.0,0.0,0.0,0.0,0.0,0.0,0.0,0.0,200.0,0.07692307692307693,2025,10,13,0,286,42,0,-0.8660254037844386,0.5000000000000001,-0.9785481345802031,0.20601832032517084,2600.0,2600.0,2600.0,0.0,0.0
Maharashtra,Raigad,APMC Murud,Cereals,Rice,Other,Local,2500.0,2700.0,2600.0,Rs./Quintal,2025-10-14,0,2600.0,2600.0,2600.0,2600.0,2600.0,2600.0,2600.0,2600.0,2600.0,2600.0,0.0,0.0,0.0,0.0,0.0,0.0,0.0,0.0,0.0,0.0,0.0,200.0,0.07692307692307693,2025,10,14,1,287,42,0,-0.8660254037844386,0.5000000000000001,-0.9748595108374125,0.22282040779479959,2600.0,2600.0,2600.0,0.0,0.0
Maharashtra,Raigad,APMC Murud,Cereals,Rice,Other,Local,2500.0,2700.0,2600.0,Rs./Quintal,2025-10-15,0,2600.0,2600.0,2600.0,2600.0,2600.0,2600.0,2600.0,2600.0,2600.0,2600.0,0.0,0.0,0.0,0.0,0.0,0.0,0.0,0.0,0.0,0.0,0.0,200.0,0.07692307692307693,2025,10,15,2,288,42,0,-0.8660254037844386,0.5000000000000001,-0.9708824104813836,0.2395565591209271,2600.0,2600.0,2600.0,0.0,0.0
Maharashtra,Raigad,APMC Murud,Cereals,Rice,Other,Local,2500.0,2700.0,2600.0,Rs./Quintal,2025-10-16,0,2600.0,2600.0,2600.0,2600.0,2600.0,2600.0,2600.0,2600.0,2600.0,2600.0,0.0,0.0,0.0,0.0,0.0,0.0,0.0,0.0,0.0,0.0,0.0,200.0,0.07692307692307693,2025,10,16,3,289,42,0,-0.8660254037844386,0.5000000000000001,-0.9666180104000972,0.2562218218071163,2600.0,2600.0,2600.0,0.0,0.0
Maharashtra,Raigad,APMC Murud,Cereals,Rice,Other,Local,2500.0,2700.0,2600.0,Rs./Quintal,2025-10-17,0,2600.0,2600.0,2600.0,2600.0,2600.0,2600.0,2600.0,2600.0,2600.0,2600.0,0.0,0.0,0.0,0.0,0.0,0.0,0.0,0.0,0.0,0.0,0.0,200.0,0.07692307692307693,2025,10,17,4,290,42,0,-0.8660254037844386,0.5000000000000001,-0.9620675724981452,0.27281126433401914,2600.0,2600.0,2600.0,0.0,0.0
Maharashtra,Raigad,APMC Murud,Cereals,Rice,Other,Local,2500.0,2700.0,2600.0,Rs./Quintal,2025-10-18,0,2600.0,2600.0,2600.0,2600.0,2600.0,2600.0,2600.0,2600.0,2600.0,2600.0,0.0,0.0,0.0,0.0,0.0,0.0,0.0,0.0,0.0,0.0,0.0,200.0,0.07692307692307693,2025,10,18,5,291,42,1,-0.8660254037844386,0.5000000000000001,-0.957232443323312,0.2893199776186952,2600.0,2600.0,2600.0,0.0,0.0
Maharashtra,Raigad,APMC Murud,Cereals,Rice,Other,Local,2500.0,2700.0,2600.0,Rs./Quintal,2025-10-19,0,2600.0,2600.0,2600.0,2600.0,2600.0,2600.0,2600.0,2600.0,2600.0,2600.0,0.0,0.0,0.0,0.0,0.0,0.0,0.0,0.0,0.0,0.0,0.0,200.0,0.07692307692307693,2025,10,19,6,292,42,1,-0.8660254037844386,0.5000000000000001,-0.9521140536681102,0.3057430764672831,2600.0,2600.0,2600.0,0.0,0.0
Maharashtra,Raigad,APMC Murud,Cereals,Rice,Other,Local,2500.0,2700.0,2600.0,Rs./Quintal,2025-10-20,0,2600.0,2600.0,2600.0,2600.0,2600.0,2600.0,2600.0,2600.0,2600.0,2600.0,0.0,0.0,0.0,0.0,0.0,0.0,0.0,0.0,0.0,0.0,0.0,200.0,0.07692307692307693,2025,10,20,0,293,43,0,-0.8660254037844386,0.5000000000000001,-0.9467139181463862,0.3220757010206104,2600.0,2600.0,2600.0,0.0,0.0
Maharashtra,Raigad,APMC Murud,Cereals,Rice,Other,Local,2500.0,2700.0,2600.0,Rs./Quintal,2025-10-21,0,2600.0,2600.0,2600.0,2600.0,2600.0,2600.0,2600.0,2600.0,2600.0,2600.0,0.0,0.0,0.0,0.0,0.0,0.0,0.0,0.0,0.0,0.0,0.0,200.0,0.07692307692307693,2025,10,21,1,294,43,0,-0.8660254037844386,0.5000000000000001,-0.9410336347451197,0.3383130181923075,2600.0,2600.0,2600.0,0.0,0.0
Maharashtra,Raigad,APMC Murud,Cereals,Rice,Other,Local,2500.0,2700.0,2600.0,Rs./Quintal,2025-10-22,0,2600.0,2600.0,2600.0,2600.0,2600.0,2600.0,2600.0,2600.0,2600.0,2600.0,0.0,0.0,0.0,0.0,0.0,0.0,0.0,0.0,0.0,0.0,0.0,200.0,0.07692307692307693,2025,10,22,2,295,43,0,-0.8660254037844386,0.5000000000000001,-0.9350748843515574,0.3544502230989869,2600.0,2600.0,2600.0,0.0,0.0
Maharashtra,Raigad,APMC Murud,Cereals,Rice,Other,Local,2500.0,2700.0,2600.0,Rs./Quintal,2025-10-23,0,2600.0,2600.0,2600.0,2600.0,2600.0,2600.0,2600.0,2600.0,2600.0,2600.0,0.0,0.0,0.0,0.0,0.0,0.0,0.0,0.0,0.0,0.0,0.0,200.0,0.07692307692307693,2025,10,23,3,296,43,0,-0.8660254037844386,0.5000000000000001,-0.9288394302558068,0.3704825404820963,2600.0,2600.0,2600.0,0.0,0.0
Maharashtra,Raigad,APMC Murud,Cereals,Rice,Other,Local,2500.0,2700.0,2600.0,Rs./Quintal,2025-10-24,0,2600.0,2600.0,2600.0,2600.0,2600.0,2600.0,2600.0,2600.0,2600.0,2600.0,0.0,0.0,0.0,0.0,0.0,0.0,0.0,0.0,0.0,0.0,0.0,200.0,0.07692307692307693,2025,10,24,4,297,43,0,-0.8660254037844386,0.5000000000000001,-0.9223291176290545,0.3864052261209853,2600.0,2600.0,2600.0,0.0,0.0
Maharashtra,Raigad,APMC Murud,Cereals,Rice,Other,Local,2500.0,2700.0,2600.0,Rs./Quintal,2025-10-26,0,2600.0,2600.0,2600.0,2600.0,2600.0,2600.0,2600.0,2600.0,2600.0,2600.0,0.0,0.0,0.0,0.0,0.0,0.0,0.0,0.0,0.0,0.0,0.0,200.0,0.07692307692307693,2025,10,26,6,299,43,1,-0.8660254037844386,0.5000000000000001,-0.9084917035725082,0.41790288888678667,2600.0,2600.0,2600.0,0.0,0.0
Maharashtra,Raigad,APMC Murud,Cereals,Rice,Other,Local,2500.0,2700.0,2600.0,Rs./Quintal,2025-10-27,0,2600.0,2600.0,2600.0,2600.0,2600.0,2600.0,2600.0,2600.0,2600.0,2600.0,0.0,0.0,0.0,0.0,0.0,0.0,0.0,0.0,0.0,0.0,0.0,200.0,0.07692307692307693,2025,10,27,0,300,44,0,-0.8660254037844386,0.5000000000000001,-0.9011686968561569,0.4334685453485363,2600.0,2600.0,2600.0,0.0,0.0
Maharashtra,Raigad,APMC Murud,Cereals,Rice,Other,Local,2500.0,2700.0,2600.0,Rs./Quintal,2025-10-28,0,2600.0,2600.0,2600.0,2600.0,2600.0,2600.0,2600.0,2600.0,2600.0,2600.0,0.0,0.0,0.0,0.0,0.0,0.0,0.0,0.0,0.0,0.0,0.0,200.0,0.07692307692307693,2025,10,28,1,301,44,0,-0.8660254037844386,0.5000000000000001,-0.8935790198239952,0.4489059314938798,2600.0,2600.0,2600.0,0.0,0.0
Maharashtra,Raigad,APMC Murud,Cereals,Rice,Other,Local,2500.0,2700.0,2600.0,Rs./Quintal,2025-10-29,0,2600.0,2600.0,2600.0,2600.0,2600.0,2600.0,2600.0,2600.0,2600.0,2600.0,0.0,0.0,0.0,0.0,0.0,0.0,0.0,0.0,0.0,0.0,0.0,200.0,0.07692307692307693,2025,10,29,2,302,44,0,-0.8660254037844386,0.5000000000000001,-0.8857249183835637,0.4642104791518923,2600.0,2600.0,2600.0,0.0,0.0
Maharashtra,Raigad,APMC Murud,Cereals,Rice,Other,Local,2500.0,2700.0,2600.0,Rs./Quintal,2025-10-30,0,2600.0,2600.0,2600.0,2600.0,2600.0,2600.0,2600.0,2600.0,2600.0,2600.0,0.0,0.0,0.0,0.0,0.0,0.0,0.0,0.0,0.0,0.0,0.0,200.0,0.07692307692307693,2025,10,30,3,303,44,0,-0.8660254037844386,0.5000000000000001,-0.8776087166898392,0.4793776594606945,2600.0,2600.0,2600.0,0.0,0.0
Maharashtra,Raigad,APMC Murud,Cereals,Rice,Other,Local,2500.0,2700.0,2600.0,Rs./Quintal,2025-10-31,0,2600.0,2600.0,2600.0,2600.0,2600.0,2600.0,2600.0,2600.0,2600.0,2600.0,0.0,0.0,0.0,0.0,0.0,0.0,0.0,0.0,0.0,0.0,0.0,200.0,0.07692307692307693,2025,10,31,4,304,44,0,-0.8660254037844386,0.5000000000000001,-0.8692328164574792,0.4944029842076182,2600.0,2600.0,2600.0,0.0,0.0
Maharashtra,Raigad,APMC Murud,Cereals,Rice,Other,Local,2500.0,2700.0,2600.0,Rs./Quintal,2025-11-01,0,2600.0,2600.0,2600.0,2600.0,2600.0,2600.0,2600.0,2600.0,2600.0,2600.0,0.0,0.0,0.0,0.0,0.0,0.0,0.0,0.0,0.0,0.0,0.0,200.0,0.07692307692307693,2025,11,1,5,305,44,1,-0.5000000000000004,0.8660254037844384,-0.8605996962501181,0.5092820071573356,2600.0,2600.0,2600.0,0.0,0.0
Maharashtra,Raigad,APMC Murud,Cereals,Rice,Other,Local,2500.0,2700.0,2600.0,Rs./Quintal,2025-11-02,0,2600.0,2600.0,2600.0,2600.0,2600.0,2600.0,2600.0,2600.0,2600.0,2600.0,0.0,0.0,0.0,0.0,0.0,0.0,0.0,0.0,0.0,0.0,0.0,200.0,0.07692307692307693,2025,11,2,6,306,44,1,-0.5000000000000004,0.8660254037844384,-0.8517119107469189,0.5240103253675756,2600.0,2600.0,2600.0,0.0,0.0
Maharashtra,Raigad,APMC Murud,Cereals,Rice,Other,Local,2500.0,2700.0,2600.0,Rs./Quintal,2025-11-03,0,2600.0,2600.0,2600.0,2600.0,2600.0,2600.0,2600.0,2600.0,2600.0,2600.0,0.0,0.0,0.0,0.0,0.0,0.0,0.0,0.0,0.0,0.0,0.0,200.0,0.07692307692307693,2025,11,3,0,307,45,0,-0.5000000000000004,0.8660254037844384,-0.8425720899866032,0.5385835804920232,2600.0,2600.0,2600.0,0.0,0.0
Maharashtra,Raigad,APMC Murud,Cereals,Rice,Other,Local,2500.0,2700.0,2600.0,Rs./Quintal,2025-11-04,0,2600.0,2600.0,2600.0,2600.0,2600.0,2600.0,2600.0,2600.0,2600.0,2600.0,0.0,0.0,0.0,0.0,0.0,0.0,0.0,0.0,0.0,0.0,0.0,200.0,0.07692307692307693,2025,11,4,1,308,45,0,-0.5000000000000004,0.8660254037844384,-0.8331829385891785,0.5529974600700271,2600.0,2600.0,2600.0,0.0,0.0
Maharashtra,Raigad,APMC Murud,Cereals,Rice,Other,Local,2500.0,2700.0,2600.0,Rs./Quintal,2025-11-05,0,2600.0,2600.0,2600.0,2600.0,2600.0,2600.0,2600.0,2600.0,2600.0,2600.0,0.0,0.0,0.0,0.0,0.0,0.0,0.0,0.0,0.0,0.0,0.0,200.0,0.07692307692307693,2025,11,5,2,309,45,0,-0.5000000000000004,0.8660254037844384,-0.8235472349556007,0.5672476988027229,2600.0,2600.0,2600.0,0.0,0.0
Maharashtra,Raigad,APMC Murud,Cereals,Rice,Other,Local,2500.0,2700.0,2600.0,Rs./Quintal,2025-11-06,0,2600.0,2600.0,2600.0,2600.0,2600.0,2600.0,2600.0,2600.0,2600.0,2600.0,0.0,0.0,0.0,0.0,0.0,0.0,0.0,0.0,0.0,0.0,0.0,200.0,0.07692307692307693,2025,11,6,3,310,45,0,-0.5000000000000004,0.8660254037844384,-0.8136678304455991,0.5813300798152042,2600.0,2600.0,2600.0,0.0,0.0
Maharashtra,Raigad,APMC Murud,Cereals,Rice,Other,Local,2500.0,2700.0,2600.0,Rs./Quintal,2025-11-07,0,2600.0,2600.0,2600.0,2600.0,2600.0,2600.0,2600.0,2600.0,2600.0,2600.0,0.0,0.0,0.0,0.0,0.0,0.0,0.0,0.0,0.0,0.0,0.0,200.0,0.07692307692307693,2025,11,7,4,311,45,0,-0.5000000000000004,0.8660254037844384,-0.8035476485339116,0.5952404359043674,2600.0,2600.0,2600.0,0.0,0.0
Maharashtra,Raigad,APMC Murud,Cereals,Rice,Other,Local,2500.0,2700.0,2600.0,Rs./Quintal,2025-11-08,0,2600.0,2600.0,2600.0,2600.0,2600.0,2600.0,2600.0,2600.0,2600.0,2600.0,0.0,0.0,0.0,0.0,0.0,0.0,0.0,0.0,0.0,0.0,0.0,200.0,0.07692307692307693,2025,11,8,5,312,45,1,-0.5000000000000004,0.8660254037844384,-0.7931896839451843,0.6089746507720486,2600.0,2600.0,2600.0,0.0,0.0
Maharashtra,Raigad,APMC Murud,Cereals,Rice,Other,Local,2500.0,2700.0,2600.0,Rs./Quintal,2025-11-09,0,2600.0,2600.0,2600.0,2600.0,2600.0,2600.0,2600.0,2600.0,2600.0,2600.0,0.0,0.0,0.0,0.0,0.0,0.0,0.0,0.0,0.0,0.0,0.0,200.0,0.07692307692307693,2025,11,9,6,313,45,1,-0.5000000000000004,0.8660254037844384,-0.7825970017677834,0.6225286602431057,2600.0,2600.0,2600.0,0.0,0.0
Maharashtra,Raigad,APMC Murud,Cereals,Rice,Other,Local,2500.0,2700.0,2600.0,Rs./Quintal,2025-11-10,0,2600.0,2600.0,2600.0,2600.0,2600.0,2600.0,2600.0,2600.0,2600.0,2600.0,0.0,0.0,0.0,0.0,0.0,0.0,0.0,0.0,0.0,0.0,0.0,200.0,0.07692307692307693,2025,11,10,0,314,46,0,-0.5000000000000004,0.8660254037844384,-0.7717727365467837,0.6358984534680745,2600.0,2600.0,2600.0,0.0,0.0
Maharashtra,Raigad,APMC Murud,Cereals,Rice,Other,Local,2500.0,2700.0,2600.0,Rs./Quintal,2025-11-11,0,2600.0,2600.0,2600.0,2600.0,2600.0,2600.0,2600.0,2600.0,2600.0,2600.0,0.0,0.0,0.0,0.0,0.0,0.0,0.0,0.0,0.0,0.0,0.0,200.0,0.07692307692307693,2025,11,11,1,315,46,0,-0.5000000000000004,0.8660254037844384,-0.7607200913564104,0.6490800741100398,2600.0,2600.0,2600.0,0.0,0.0
Maharashtra,Raigad,APMC Murud,Cereals,Rice,Other,Local,2500.0,2700.0,2600.0,Rs./Quintal,2025-11-12,0,2600.0,2600.0,2600.0,2600.0,2600.0,2600.0,2600.0,2600.0,2600.0,2600.0,0.0,0.0,0.0,0.0,0.0,0.0,0.0,0.0,0.0,0.0,0.0,200.0,0.07692307692307693,2025,11,12,2,316,46,0,-0.5000000000000004,0.8660254037844384,-0.7494423368521953,0.6620696215153815,2600.0,2600.0,2600.0,0.0,0.0
Maharashtra,Raigad,APMC Murud,Cereals,Rice,Other,Local,2500.0,2700.0,2600.0,Rs./Quintal,2025-11-13,0,2600.0,2600.0,2600.0,2600.0,2600.0,2600.0,2600.0,2600.0,2600.0,2600.0,0.0,0.0,0.0,0.0,0.0,0.0,0.0,0.0,0.0,0.0,0.0,200.0,0.07692307692307693,2025,11,13,3,317,46,0,-0.5000000000000004,0.8660254037844384,-0.7379428103031386,0.6748632518680403,2600.0,2600.0,2600.0,0.0,0.0
Maharashtra,Raigad,APMC Murud,Cereals,Rice,Other,Local,2500.0,2700.0,2600.0,Rs./Quintal,2025-11-14,0,2600.0,2600.0,2600.0,2600.0,2600.0,2600.0,2600.0,2600.0,2600.0,2600.0,0.0,0.0,0.0,0.0,0.0,0.0,0.0,0.0,0.0,0.0,0.0,200.0,0.07692307692307693,2025,11,14,4,318,46,0,-0.5000000000000004,0.8660254037844384,-0.7262249146041543,0.6874571793269664,2600.0,2600.0,2600.0,0.0,0.0
Maharashtra,Raigad,APMC Murud,Cereals,Rice,Other,Local,2500.0,2700.0,2600.0,Rs./Quintal,2025-11-15,0,2600.0,2600.0,2600.0,2600.0,2600.0,2600.0,2600.0,2600.0,2600.0,2600.0,0.0,0.0,0.0,0.0,0.0,0.0,0.0,0.0,0.0,0.0,0.0,200.0,0.07692307692307693,2025,11,15,5,319,46,1,-0.5000000000000004,0.8660254037844384,-0.7142921172691032,0.699847677146407,2600.0,2600.0,2600.0,0.0,0.0
Maharashtra,Raigad,APMC Murud,Cereals,Rice,Other,Local,2500.0,2700.0,2600.0,Rs./Quintal,2025-11-16,0,2600.0,2600.0,2600.0,2600.0,2600.0,2600.0,2600.0,2600.0,2600.0,2600.0,0.0,0.0,0.0,0.0,0.0,0.0,0.0,0.0,0.0,0.0,0.0,200.0,0.07692307692307693,2025,11,16,6,320,46,1,-0.5000000000000004,0.8660254037844384,-0.7021479494046978,0.712031078778713,2600.0,2600.0,2600.0,0.0,0.0
Maharashtra,Raigad,APMC Murud,Cereals,Rice,Other,Local,2500.0,2700.0,2600.0,Rs./Quintal,2025-11-17,0,2600.0,2600.0,2600.0,2600.0,2600.0,2600.0,2600.0,2600.0,2600.0,2600.0,0.0,0.0,0.0,0.0,0.0,0.0,0.0,0.0,0.0,0.0,0.0,200.0,0.07692307692307693,2025,11,17,0,321,47,0,-0.5000000000000004,0.8660254037844384,-0.6897960046655887,0.7240037789593305,2600.0,2600.0,2600.0,0.0,0.0
Maharashtra,Raigad,APMC Murud,Cereals,Rice,Other,Local,2500.0,2700.0,2600.0,Rs./Quintal,2025-11-18,0,2600.0,2600.0,2600.0,2600.0,2600.0,2600.0,2600.0,2600.0,2600.0,2600.0,0.0,0.0,0.0,0.0,0.0,0.0,0.0,0.0,0.0,0.0,0.0,200.0,0.07692307692307693,2025,11,18,1,322,47,0,-0.5000000000000004,0.8660254037844384,-0.6772399381909491,0.7357622347736525,2600.0,2600.0,2600.0,0.0,0.0
Maharashtra,Raigad,APMC Murud,Cereals,Rice,Other,Local,2500.0,2700.0,2600.0,Rs./Quintal,2025-11-19,0,2600.0,2600.0,2600.0,2600.0,2600.0,2600.0,2600.0,2600.0,2600.0,2600.0,0.0,0.0,0.0,0.0,0.0,0.0,0.0,0.0,0.0,0.0,0.0,200.0,0.07692307692307693,2025,11,19,2,323,47,0,-0.5000000000000004,0.8660254037844384,-0.6644834655228552,0.7473029667054297,2600.0,2600.0,2600.0,0.0,0.0
Maharashtra,Raigad,APMC Murud,Cereals,Rice,Other,Local,2500.0,2700.0,2600.0,Rs./Quintal,2025-11-20,0,2600.0,2600.0,2600.0,2600.0,2600.0,2600.0,2600.0,2600.0,2600.0,2600.0,0.0,0.0,0.0,0.0,0.0,0.0,0.0,0.0,0.0,0.0,0.0,200.0,0.07692307692307693,2025,11,20,3,324,47,0,-0.5000000000000004,0.8660254037844384,-0.6515303615068021,0.75862255966641,2600.0,2600.0,2600.0,0.0,0.0
Maharashtra,Raigad,APMC Murud,Cereals,Rice,Other,Local,2500.0,2700.0,2600.0,Rs./Quintal,2025-11-21,0,2600.0,2600.0,2600.0,2600.0,2600.0,2600.0,2600.0,2600.0,2600.0,2600.0,0.0,0.0,0.0,0.0,0.0,0.0,0.0,0.0,0.0,0.0,0.0,200.0,0.07692307692307693,2025,11,21,4,325,47,0,-0.5000000000000004,0.8660254037844384,-0.6383844591746642,0.769717664006921,2600.0,2600.0,2600.0,0.0,0.0
Maharashtra,Raigad,APMC Murud,Cereals,Rice,Other,Local,2500.0,2700.0,2600.0,Rs./Quintal,2025-11-22,0,2600.0,2600.0,2600.0,2600.0,2600.0,2600.0,2600.0,2600.0,2600.0,2600.0,0.0,0.0,0.0,0.0,0.0,0.0,0.0,0.0,0.0,0.0,0.0,200.0,0.07692307692307693,2025,11,22,5,326,47,1,-0.5000000000000004,0.8660254037844384,-0.6250496486104377,0.7805849965070866,2600.0,2600.0,2600.0,0.0,0.0
Maharashtra,Raigad,APMC Murud,Cereals,Rice,Other,Local,2500.0,2700.0,2600.0,Rs./Quintal,2025-11-23,0,2600.0,2600.0,2600.0,2600.0,2600.0,2600.0,2600.0,2600.0,2600.0,2600.0,0.0,0.0,0.0,0.0,0.0,0.0,0.0,0.0,0.0,0.0,0.0,200.0,0.07692307692307693,2025,11,23,6,327,47,1,-0.5000000000000004,0.8660254037844384,-0.6115298757991053,0.7912213413483807,2600.0,2600.0,2600.0,0.0,0.0
Maharashtra,Raigad,APMC Murud,Cereals,Rice,Other,Local,2500.0,2700.0,2600.0,Rs./Quintal,2025-11-24,0,2600.0,2600.0,2600.0,2600.0,2600.0,2600.0,2600.0,2600.0,2600.0,2600.0,0.0,0.0,0.0,0.0,0.0,0.0,0.0,0.0,0.0,0.0,0.0,200.0,0.07692307692307693,2025,11,24,0,328,48,0,-0.5000000000000004,0.8660254037844384,-0.5978291414589552,0.801623551065242,2600.0,2600.0,2600.0,0.0,0.0
Maharashtra,Raigad,APMC Murud,Cereals,Rice,Other,Local,2500.0,2700.0,2600.0,Rs./Quintal,2025-11-25,0,2600.0,2600.0,2600.0,2600.0,2600.0,2600.0,2600.0,2600.0,2600.0,2600.0,0.0,0.0,0.0,0.0,0.0,0.0,0.0,0.0,0.0,0.0,0.0,200.0,0.07692307692307693,2025,11,25,1,329,48,0,-0.5000000000000004,0.8660254037844384,-0.5839514998576998,0.8117885474764613,2600.0,2600.0,2600.0,0.0,0.0
Maharashtra,Raigad,APMC Murud,Cereals,Rice,Other,Local,2500.0,2700.0,2600.0,Rs./Quintal,2025-11-26,0,2600.0,2600.0,2600.0,2600.0,2600.0,2600.0,2600.0,2600.0,2600.0,2600.0,0.0,0.0,0.0,0.0,0.0,0.0,0.0,0.0,0.0,0.0,0.0,200.0,0.07692307692307693,2025,11,26,2,330,48,0,-0.5000000000000004,0.8660254037844384,-0.5699010576127624,0.821713322596059,2600.0,2600.0,2600.0,0.0,0.0
Maharashtra,Raigad,APMC Murud,Cereals,Rice,Other,Local,2500.0,2700.0,2600.0,Rs./Quintal,2025-11-27,0,2600.0,2600.0,2600.0,2600.0,2600.0,2600.0,2600.0,2600.0,2600.0,2600.0,0.0,0.0,0.0,0.0,0.0,0.0,0.0,0.0,0.0,0.0,0.0,200.0,0.07692307692307693,2025,11,27,3,331,48,0,-0.5000000000000004,0.8660254037844384,-0.5556819724760489,0.8313949395234058,2600.0,2600.0,2600.0,0.0,0.0
Maharashtra,Raigad,APMC Murud,Cereals,Rice,Other,Local,2500.0,2700.0,2600.0,Rs./Quintal,2025-11-28,0,2600.0,2600.0,2600.0,2600.0,2600.0,2600.0,2600.0,2600.0,2600.0,2600.0,0.0,0.0,0.0,0.0,0.0,0.0,0.0,0.0,0.0,0.0,0.0,200.0,0.07692307692307693,2025,11,28,4,332,48,0,-0.5000000000000004,0.8660254037844384,-0.5412984521036173,0.8408305333122887,2600.0,2600.0,2600.0,0.0,0.0
Maharashtra,Raigad,APMC Murud,Cereals,Rice,Other,Local,2500.0,2700.0,2600.0,Rs./Quintal,2025-11-29,0,2600.0,2600.0,2600.0,2600.0,2600.0,2600.0,2600.0,2600.0,2600.0,2600.0,0.0,0.0,0.0,0.0,0.0,0.0,0.0,0.0,0.0,0.0,0.0,200.0,0.07692307692307693,2025,11,29,5,333,48,1,-0.5000000000000004,0.8660254037844384,-0.5267547528105542,0.8500173118187018,2600.0,2600.0,2600.0,0.0,0.0
Maharashtra,Raigad,APMC Murud,Cereals,Rice,Other,Local,2500.0,2700.0,2600.0,Rs./Quintal,2025-12-01,0,2600.0,2600.0,2600.0,2600.0,2600.0,2600.0,2600.0,2600.0,2600.0,2600.0,0.0,0.0,0.0,0.0,0.0,0.0,0.0,0.0,0.0,0.0,0.0,200.0,0.07692307692307693,2025,12,1,0,335,49,0,-2.4492935982947064e-16,1.0,-0.4972040784469378,0.8676336233547726,2600.0,2600.0,2600.0,0.0,0.0
Maharashtra,Raigad,APMC Murud,Cereals,Rice,Other,Local,2500.0,2700.0,2600.0,Rs./Quintal,2025-12-02,0,2600.0,2600.0,2600.0,2600.0,2600.0,2600.0,2600.0,2600.0,2600.0,2600.0,0.0,0.0,0.0,0.0,0.0,0.0,0.0,0.0,0.0,0.0,0.0,200.0,0.07692307692307693,2025,12,2,1,336,49,0,-2.4492935982947064e-16,1.0,-0.4822058478963526,0.8760579434344281,2600.0,2600.0,2600.0,0.0,0.0
Maharashtra,Raigad,APMC Murud,Cereals,Rice,Other,Local,2500.0,2700.0,2600.0,Rs./Quintal,2025-12-03,0,2600.0,2600.0,2600.0,2600.0,2600.0,2600.0,2600.0,2600.0,2600.0,2600.0,0.0,0.0,0.0,0.0,0.0,0.0,0.0,0.0,0.0,0.0,0.0,200.0,0.07692307692307693,2025,12,3,2,337,49,0,-2.4492935982947064e-16,1.0,-0.46706492487743034,0.8842230238742036,2600.0,2600.0,2600.0,0.0,0.0
Maharashtra,Raigad,APMC Murud,Cereals,Rice,Other,Local,2500.0,2700.0,2600.0,Rs./Quintal,2025-12-04,0,2600.0,2600.0,2600.0,2600.0,2600.0,2600.0,2600.0,2600.0,2600.0,2600.0,0.0,0.0,0.0,0.0,0.0,0.0,0.0,0.0,0.0,0.0,0.0,200.0,0.07692307692307693,2025,12,4,3,338,49,0,-2.4492935982947064e-16,1.0,-0.451785789832884,0.8921264484954345,2600.0,2600.0,2600.0,0.0,0.0
Maharashtra,Raigad,APMC Murud,Cereals,Rice,Other,Local,2500.0,2700.0,2600.0,Rs./Quintal,2025-12-05,0,2600.0,2600.0,2600.0,2600.0,2600.0,2600.0,2600.0,2600.0,2600.0,2600.0,0.0,0.0,0.0,0.0,0.0,0.0,0.0,0.0,0.0,0.0,0.0,200.0,0.07692307692307693,2025,12,5,4,339,49,0,-2.4492935982947064e-16,1.0,-0.4363729641045924,0.8997658785476209,2600.0,2600.0,2600.0,0.0,0.0
Maharashtra,Raigad,APMC Murud,Cereals,Rice,Other,Local,2500.0,2700.0,2600.0,Rs./Quintal,2025-12-06,0,2600.0,2600.0,2600.0,2600.0,2600.0,2600.0,2600.0,2600.0,2600.0,2600.0,0.0,0.0,0.0,0.0,0.0,0.0,0.0,0.0,0.0,0.0,0.0,200.0,0.07692307692307693,2025,12,6,5,340,49,1,-2.4492935982947064e-16,1.0,-0.42083100859565564,0.9071390534005044,2600.0,2600.0,2600.0,0.0,0.0
Maharashtra,Raigad,APMC Murud,Cereals,Rice,Other,Local,2500.0,2700.0,2600.0,Rs./Quintal,2025-12-07,0,2600.0,2600.0,2600.0,2600.0,2600.0,2600.0,2600.0,2600.0,2600.0,2600.0,0.0,0.0,0.0,0.0,0.0,0.0,0.0,0.0,0.0,0.0,0.0,200.0,0.07692307692307693,2025,12,7,6,341,49,1,-2.4492935982947064e-16,1.0,-0.4051645224207563,0.9142437912130223,2600.0,2600.0,2600.0,0.0,0.0
Maharashtra,Raigad,APMC Murud,Cereals,Rice,Other,Local,2500.0,2700.0,2600.0,Rs./Quintal,2025-12-08,0,2600.0,2600.0,2600.0,2600.0,2600.0,2600.0,2600.0,2600.0,2600.0,2600.0,0.0,0.0,0.0,0.0,0.0,0.0,0.0,0.0,0.0,0.0,0.0,200.0,0.07692307692307693,2025,12,8,0,342,50,0,-2.4492935982947064e-16,1.0,-0.3893781415452015,0.9210779895789526,2600.0,2600.0,2600.0,0.0,0.0
Maharashtra,Raigad,APMC Murud,Cereals,Rice,Other,Local,2500.0,2700.0,2600.0,Rs./Quintal,2025-12-09,0,2600.0,2600.0,2600.0,2600.0,2600.0,2600.0,2600.0,2600.0,2600.0,2600.0,0.0,0.0,0.0,0.0,0.0,0.0,0.0,0.0,0.0,0.0,0.0,200.0,0.07692307692307693,2025,12,9,1,343,50,0,-2.4492935982947064e-16,1.0,-0.37347653741307074,0.9276396261490467,2600.0,2600.0,2600.0,0.0,0.0
Maharashtra,Raigad,APMC Murud,Cereals,Rice,Other,Local,2500.0,2700.0,2600.0,Rs./Quintal,2025-12-10,0,2600.0,2600.0,2600.0,2600.0,2600.0,2600.0,2600.0,2600.0,2600.0,2600.0,0.0,0.0,0.0,0.0,0.0,0.0,0.0,0.0,0.0,0.0,0.0,200.0,0.07692307692307693,2025,12,10,2,344,50,0,-2.4492935982947064e-16,1.0,-0.3574644155648614,0.9339267592294762,2600.0,2600.0,2600.0,0.0,0.0
Maharashtra,Raigad,APMC Murud,Cereals,Rice,Other,Local,2500.0,2700.0,2600.0,Rs./Quintal,2025-12-11,0,2600.0,2600.0,2600.0,2600.0,2600.0,2600.0,2600.0,2600.0,2600.0,2600.0,0.0,0.0,0.0,0.0,0.0,0.0,0.0,0.0,0.0,0.0,0.0,200.0,0.07692307692307693,2025,12,11,3,345,50,0,-2.4492935982947064e-16,1.0,-0.34134651424503615,0.9399375283564133,2600.0,2600.0,2600.0,0.0,0.0
Maharashtra,Raigad,APMC Murud,Cereals,Rice,Other,Local,2500.0,2700.0,2600.0,Rs./Quintal,2025-12-12,0,2600.0,2600.0,2600.0,2600.0,2600.0,2600.0,2600.0,2600.0,2600.0,2600.0,0.0,0.0,0.0,0.0,0.0,0.0,0.0,0.0,0.0,0.0,0.0,200.0,0.07692307692307693,2025,12,12,4,346,50,0,-2.4492935982947064e-16,1.0,-0.3251276029999093,0.9456701548465688,2600.0,2600.0,2600.0,0.0,0.0
Maharashtra,Raigad,APMC Murud,Cereals,Rice,Other,Local,2500.0,2700.0,2600.0,Rs./Quintal,2025-12-13,0,2600.0,2600.0,2600.0,2600.0,2600.0,2600.0,2600.0,2600.0,2600.0,2600.0,0.0,0.0,0.0,0.0,0.0,0.0,0.0,0.0,0.0,0.0,0.0,200.0,0.07692307692307693,2025,12,13,5,347,50,1,-2.4492935982947064e-16,1.0,-0.30881248126625377,0.9511229423235357,2600.0,2600.0,2600.0,0.0,0.0
Maharashtra,Raigad,APMC Murud,Cereals,Rice,Other,Local,2500.0,2700.0,2600.0,Rs./Quintal,2025-12-14,0,2600.0,2600.0,2600.0,2600.0,2600.0,2600.0,2600.0,2600.0,2600.0,2600.0,0.0,0.0,0.0,0.0,0.0,0.0,0.0,0.0,0.0,0.0,0.0,200.0,0.07692307692307693,2025,12,14,6,348,50,1,-2.4492935982947064e-16,1.0,-0.29240597695107734,0.9562942772197719,2600.0,2600.0,2600.0,0.0,0.0
Maharashtra,Raigad,APMC Murud,Cereals,Rice,Other,Local,2500.0,2700.0,2600.0,Rs./Quintal,2025-12-15,0,2600.0,2600.0,2600.0,2600.0,2600.0,2600.0,2600.0,2600.0,2600.0,2600.0,0.0,0.0,0.0,0.0,0.0,0.0,0.0,0.0,0.0,0.0,0.0,200.0,0.07692307692307693,2025,12,15,0,349,51,0,-2.4492935982947064e-16,1.0,-0.27591294500296043,0.9611826292540837,2600.0,2600.0,2600.0,0.0,0.0
Maharashtra,Raigad,APMC Murud,Cereals,Rice,Other,Local,2500.0,2700.0,2600.0,Rs./Quintal,2025-12-16,0,2600.0,2600.0,2600.0,2600.0,2600.0,2600.0,2600.0,2600.0,2600.0,2600.0,0.0,0.0,0.0,0.0,0.0,0.0,0.0,0.0,0.0,0.0,0.0,200.0,0.07692307692307693,2025,12,16,1,350,51,0,-2.4492935982947064e-16,1.0,-0.2593382659754056,0.9657865518844574,2600.0,2600.0,2600.0,0.0,0.0
Maharashtra,Raigad,APMC Murud,Cereals,Rice,Other,Local,2500.0,2700.0,2600.0,Rs./Quintal,2025-12-17,0,2600.0,2600.0,2600.0,2600.0,2600.0,2600.0,2600.0,2600.0,2600.0,2600.0,0.0,0.0,0.0,0.0,0.0,0.0,0.0,0.0,0.0,0.0,0.0,200.0,0.07692307692307693,2025,12,17,2,351,51,0,-2.4492935982947064e-16,1.0,-0.2426868445825954,0.9701046827361175,2600.0,2600.0,2600.0,0.0,0.0
Maharashtra,Raigad,APMC Murud,Cereals,Rice,Other,Local,2500.0,2700.0,2600.0,Rs./Quintal,2025-12-18,0,2600.0,2600.0,2600.0,2600.0,2600.0,2600.0,2600.0,2600.0,2600.0,2600.0,0.0,0.0,0.0,0.0,0.0,0.0,0.0,0.0,0.0,0.0,0.0,200.0,0.07692307692307693,2025,12,18,3,352,51,0,-2.4492935982947064e-16,1.0,-0.22596360824801906,0.974135744004672,2600.0,2600.0,2600.0,0.0,0.0
Maharashtra,Raigad,APMC Murud,Cereals,Rice,Other,Local,2500.0,2700.0,2600.0,Rs./Quintal,2025-12-19,0,2600.0,2600.0,2600.0,2600.0,2600.0,2600.0,2600.0,2600.0,2600.0,2600.0,0.0,0.0,0.0,0.0,0.0,0.0,0.0,0.0,0.0,0.0,0.0,200.0,0.07692307692307693,2025,12,19,4,353,51,0,-2.4492935982947064e-16,1.0,-0.20917350564635637,0.9778785428342386,2600.0,2600.0,2600.0,0.0,0.0
Maharashtra,Raigad,APMC Murud,Cereals,Rice,Other,Local,2500.0,2700.0,2600.0,Rs./Quintal,2025-12-20,0,2600.0,2600.0,2600.0,2600.0,2600.0,2600.0,2600.0,2600.0,2600.0,2600.0,0.0,0.0,0.0,0.0,0.0,0.0,0.0,0.0,0.0,0.0,0.0,200.0,0.07692307692307693,2025,12,20,5,354,51,1,-2.4492935982947064e-16,1.0,-0.19232150523909483,0.9813319716704275,2600.0,2600.0,2600.0,0.0,0.0
Maharashtra,Raigad,APMC Murud,Cereals,Rice,Other,Local,2500.0,2700.0,2600.0,Rs./Quintal,2025-12-21,0,2600.0,2600.0,2600.0,2600.0,2600.0,2600.0,2600.0,2600.0,2600.0,2600.0,0.0,0.0,0.0,0.0,0.0,0.0,0.0,0.0,0.0,0.0,0.0,200.0,0.07692307692307693,2025,12,21,6,355,51,1,-2.4492935982947064e-16,1.0,-0.17541259380427843,0.9844950085880858,2600.0,2600.0,2600.0,0.0,0.0
Maharashtra,Raigad,APMC Murud,Cereals,Rice,Other,Local,2500.0,2700.0,2600.0,Rs./Quintal,2025-12-22,0,2600.0,2600.0,2600.0,2600.0,2600.0,2600.0,2600.0,2600.0,2600.0,2600.0,0.0,0.0,0.0,0.0,0.0,0.0,0.0,0.0,0.0,0.0,0.0,200.0,0.07692307692307693,2025,12,22,0,356,52,0,-2.4492935982947064e-16,1.0,-0.15845177496083632,0.9873667175937016,2600.0,2600.0,2600.0,0.0,0.0
Maharashtra,Raigad,APMC Murud,Cereals,Rice,Other,Local,2500.0,2700.0,2600.0,Rs./Quintal,2025-12-23,0,2600.0,2600.0,2600.0,2600.0,2600.0,2600.0,2600.0,2600.0,2600.0,2600.0,0.0,0.0,0.0,0.0,0.0,0.0,0.0,0.0,0.0,0.0,0.0,200.0,0.07692307692307693,2025,12,23,1,357,52,0,-2.4492935982947064e-16,1.0,-0.14144406768794202,0.9899462489023779,2600.0,2600.0,2600.0,0.0,0.0
Maharashtra,Raigad,APMC Murud,Cereals,Rice,Other,Local,2500.0,2700.0,2600.0,Rs./Quintal,2025-12-24,0,2600.0,2600.0,2600.0,2600.0,2600.0,2600.0,2600.0,2600.0,2600.0,2600.0,0.0,0.0,0.0,0.0,0.0,0.0,0.0,0.0,0.0,0.0,0.0,200.0,0.07692307692307693,2025,12,24,2,358,52,0,-2.4492935982947064e-16,1.0,-0.12439450483979998,0.9922328391893008,2600.0,2600.0,2600.0,0.0,0.0
Maharashtra,Raigad,APMC Murud,Cereals,Rice,Other,Local,2500.0,2700.0,2600.0,Rs./Quintal,2025-12-25,0,2600.0,2600.0,2600.0,2600.0,2600.0,2600.0,2600.0,2600.0,2600.0,2600.0,0.0,0.0,0.0,0.0,0.0,0.0,0.0,0.0,0.0,0.0,0.0,200.0,0.07692307692307693,2025,12,25,3,359,52,0,-2.4492935982947064e-16,1.0,-0.10730813165636247,0.9942258118156161,2600.0,2600.0,2600.0,0.0,0.0
Maharashtra,Raigad,APMC Murud,Cereals,Rice,Other,Local,2500.0,2700.0,2600.0,Rs./Quintal,2025-12-26,0,2600.0,2600.0,2600.0,2600.0,2600.0,2600.0,2600.0,2600.0,2600.0,2600.0,0.0,0.0,0.0,0.0,0.0,0.0,0.0,0.0,0.0,0.0,0.0,200.0,0.07692307692307693,2025,12,26,4,360,52,0,-2.4492935982947064e-16,1.0,-0.09019000427034513,0.9959245770286599,2600.0,2600.0,2600.0,0.0,0.0
Maharashtra,Raigad,APMC Murud,Cereals,Rice,Other,Local,2500.0,2700.0,2600.0,Rs./Quintal,2025-12-27,0,2600.0,2600.0,2600.0,2600.0,2600.0,2600.0,2600.0,2600.0,2600.0,2600.0,0.0,0.0,0.0,0.0,0.0,0.0,0.0,0.0,0.0,0.0,0.0,200.0,0.07692307692307693,2025,12,27,5,361,52,1,-2.4492935982947064e-16,1.0,-0.07304518821104743,0.9973286321364752,2600.0,2600.0,2600.0,0.0,0.0
Maharashtra,Raigad,APMC Murud,Cereals,Rice,Other,Local,2500.0,2700.0,2600.0,Rs./Quintal,2025-12-28,0,2600.0,2600.0,2600.0,2600.0,2600.0,2600.0,2600.0,2600.0,2600.0,2600.0,0.0,0.0,0.0,0.0,0.0,0.0,0.0,0.0,0.0,0.0,0.0,200.0,0.07692307692307693,2025,12,28,6,362,52,1,-2.4492935982947064e-16,1.0,-0.05587875690537313,0.9984375616565666,2600.0,2600.0,2600.0,0.0,0.0
Maharashtra,Raigad,APMC Murud,Cereals,Rice,Other,Local,2500.0,2700.0,2600.0,Rs./Quintal,2025-12-29,0,2600.0,2600.0,2600.0,2600.0,2600.0,2600.0,2600.0,2600.0,2600.0,2600.0,0.0,0.0,0.0,0.0,0.0,0.0,0.0,0.0,0.0,0.0,0.0,200.0,0.07692307692307693,2025,12,29,0,363,1,0,-2.4492935982947064e-16,1.0,-0.03869579017652689,0.9992510374388481,2600.0,2600.0,2600.0,0.0,0.0
Maharashtra,Raigad,APMC Murud,Cereals,Rice,Other,Local,2500.0,2700.0,2600.0,Rs./Quintal,2025-12-30,0,2600.0,2600.0,2600.0,2600.0,2600.0,2600.0,2600.0,2600.0,2600.0,2600.0,0.0,0.0,0.0,0.0,0.0,0.0,0.0,0.0,0.0,0.0,0.0,200.0,0.07692307692307693,2025,12,30,1,364,1,0,-2.4492935982947064e-16,1.0,-0.021501372740813793,0.999768818762748,2600.0,2600.0,2600.0,0.0,0.0
Maharashtra,Raigad,APMC Murud,Cereals,Rice,Other,Local,2500.0,2700.0,2600.0,Rs./Quintal,2025-12-31,0,2600.0,2600.0,2600.0,2600.0,2600.0,2600.0,2600.0,2600.0,2600.0,2600.0,0.0,0.0,0.0,0.0,0.0,0.0,0.0,0.0,0.0,0.0,0.0,200.0,0.07692307692307693,2025,12,31,2,365,1,0,-2.4492935982947064e-16,1.0,-0.004300592702981974,0.9999907524084426,2600.0,2600.0,2600.0,0.0,0.0
Maharashtra,Raigad,APMC Murud,Cereals,Rice,Other,Local,2500.0,2700.0,2600.0,Rs./Quintal,2026-01-01,0,2600.0,2600.0,2600.0,2600.0,2600.0,2600.0,2600.0,2600.0,2600.0,2600.0,0.0,0.0,0.0,0.0,0.0,0.0,0.0,0.0,0.0,0.0,0.0,200.0,0.07692307692307693,2026,1,1,3,1,1,0,0.49999999999999994,0.8660254037844387,0.017201575418260506,0.9998520419557735,2600.0,2600.0,2600.0,0.0,0.0
Maharashtra,Raigad,APMC Murud,Cereals,Rice,Other,Local,2500.0,2700.0,2600.0,Rs./Quintal,2026-01-02,0,2600.0,2600.0,2600.0,2600.0,2600.0,2600.0,2600.0,2600.0,2600.0,2600.0,0.0,0.0,0.0,0.0,0.0,0.0,0.0,0.0,0.0,0.0,0.0,200.0,0.07692307692307693,2026,1,2,4,2,1,0,0.49999999999999994,0.8660254037844387,0.03439806061360801,0.9994082116062598,2600.0,2600.0,2600.0,0.0,0.0
Maharashtra,Raigad,APMC Murud,Cereals,Rice,Other,Local,2500.0,2700.0,2600.0,Rs./Quintal,2026-01-03,0,2600.0,2600.0,2600.0,2600.0,2600.0,2600.0,2600.0,2600.0,2600.0,2600.0,0.0,0.0,0.0,0.0,0.0,0.0,0.0,0.0,0.0,0.0,0.0,200.0,0.07692307692307693,2026,1,3,5,3,1,1,0.49999999999999994,0.8660254037844387,0.051584366869408364,0.9986686402879997,2600.0,2600.0,2600.0,0.0,0.0
Maharashtra,Raigad,APMC Murud,Cereals,Rice,Other,Local,2500.0,2700.0,2600.0,Rs./Quintal,2026-01-04,0,2600.0,2600.0,2600.0,2600.0,2600.0,2600.0,2600.0,2600.0,2600.0,2600.0,0.0,0.0,0.0,0.0,0.0,0.0,0.0,0.0,0.0,0.0,0.0,200.0,0.07692307692307693,2026,1,4,6,4,1,1,0.49999999999999994,0.8660254037844387,0.06875540848113941,0.9976335468520451,2600.0,2600.0,2600.0,0.0,0.0
Maharashtra,Raigad,APMC Murud,Cereals,Rice,Other,Local,2500.0,2700.0,2600.0,Rs./Quintal,2026-01-05,0,2600.0,2600.0,2600.0,2600.0,2600.0,2600.0,2600.0,2600.0,2600.0,2600.0,0.0,0.0,0.0,0.0,0.0,0.0,0.0,0.0,0.0,0.0,0.0,200.0,0.07692307692307693,2026,1,5,0,5,2,0,0.49999999999999994,0.8660254037844387,0.08590610426133272,0.9963032375991965,2600.0,2600.0,2600.0,0.0,0.0
Maharashtra,Raigad,APMC Murud,Cereals,Rice,Other,Local,2500.0,2700.0,2600.0,Rs./Quintal,2026-01-06,0,2600.0,2600.0,2600.0,2600.0,2600.0,2600.0,2600.0,2600.0,2600.0,2600.0,0.0,0.0,0.0,0.0,0.0,0.0,0.0,0.0,0.0,0.0,0.0,200.0,0.07692307692307693,2026,1,6,1,6,2,0,0.49999999999999994,0.8660254037844387,0.10303137904317879,0.9946781061893646,2600.0,2600.0,2600.0,0.0,0.0
Maharashtra,Raigad,APMC Murud,Cereals,Rice,Other,Local,2500.0,2700.0,2600.0,Rs./Quintal,2026-01-07,0,2600.0,2600.0,2600.0,2600.0,2600.0,2600.0,2600.0,2600.0,2600.0,2600.0,0.0,0.0,0.0,0.0,0.0,0.0,0.0,0.0,0.0,0.0,0.0,200.0,0.07692307692307693,2026,1,7,2,7,2,0,0.49999999999999994,0.8660254037844387,0.1201261651823505,0.9927586335250793,2600.0,2600.0,2600.0,0.0,0.0
Maharashtra,Raigad,APMC Murud,Cereals,Rice,Other,Local,2500.0,2700.0,2600.0,Rs./Quintal,2026-01-08,0,2600.0,2600.0,2600.0,2600.0,2600.0,2600.0,2600.0,2600.0,2600.0,2600.0,0.0,0.0,0.0,0.0,0.0,0.0,0.0,0.0,0.0,0.0,0.0,200.0,0.07692307692307693,2026,1,8,3,8,2,0,0.49999999999999994,0.8660254037844387,0.13718540405660057,0.9905453876091833,2600.0,2600.0,2600.0,0.0,0.0
Maharashtra,Raigad,APMC Murud,Cereals,Rice,Other,Local,2500.0,2700.0,2600.0,Rs./Quintal,2026-01-09,0,2600.0,2600.0,2600.0,2600.0,2600.0,2600.0,2600.0,2600.0,2600.0,2600.0,0.0,0.0,0.0,0.0,0.0,0.0,0.0,0.0,0.0,0.0,0.0,200.0,0.07692307692307693,2026,1,9,4,9,2,0,0.49999999999999994,0.8660254037844387,0.1542040475626894,0.988039023376751,2600.0,2600.0,2600.0,0.0,0.0
Maharashtra,Raigad,APMC Murud,Cereals,Rice,Other,Local,2500.0,2700.0,2600.0,Rs./Quintal,2026-01-10,0,2600.0,2600.0,2600.0,2600.0,2600.0,2600.0,2600.0,2600.0,2600.0,2600.0,0.0,0.0,0.0,0.0,0.0,0.0,0.0,0.0,0.0,0.0,0.0,200.0,0.07692307692307693,2026,1,10,5,10,2,1,0.49999999999999994,0.8660254037844387,0.17117705961019986,0.985240282501282,2600.0,2600.0,2600.0,0.0,0.0
Maharashtra,Raigad,APMC Murud,Cereals,Rice,Other,Local,2500.0,2700.0,2600.0,Rs./Quintal,2026-01-11,0,2600.0,2600.0,2600.0,2600.0,2600.0,2600.0,2600.0,2600.0,2600.0,2600.0,0.0,0.0,0.0,0.0,0.0,0.0,0.0,0.0,0.0,0.0,0.0,200.0,0.07692307692307693,2026,1,11,6,11,2,1,0.49999999999999994,0.8660254037844387,0.18809941761179758,0.9821499931752291,2600.0,2600.0,2600.0,0.0,0.0
Maharashtra,Raigad,APMC Murud,Cereals,Rice,Other,Local,2500.0,2700.0,2600.0,Rs./Quintal,2026-01-12,0,2600.0,2600.0,2600.0,2600.0,2600.0,2600.0,2600.0,2600.0,2600.0,2600.0,0.0,0.0,0.0,0.0,0.0,0.0,0.0,0.0,0.0,0.0,0.0,200.0,0.07692307692307693,2026,1,12,0,12,3,0,0.49999999999999994,0.8660254037844387,0.20496611396949532,0.9787690698649216,2600.0,2600.0,2600.0,0.0,0.0
Maharashtra,Raigad,APMC Murud,Cereals,Rice,Other,Local,2500.0,2700.0,2600.0,Rs./Quintal,2026-01-13,0,2600.0,2600.0,2600.0,2600.0,2600.0,2600.0,2600.0,2600.0,2600.0,2600.0,0.0,0.0,0.0,0.0,0.0,0.0,0.0,0.0,0.0,0.0,0.0,200.0,0.07692307692307693,2026,1,13,1,13,3,0,0.49999999999999994,0.8660254037844387,0.22177215755648186,0.975098513039961,2600.0,2600.0,2600.0,0.0,0.0
Maharashtra,Raigad,APMC Murud,Cereals,Rice,Other,Local,2500.0,2700.0,2600.0,Rs./Quintal,2026-01-14,0,2600.0,2600.0,2600.0,2600.0,2600.0,2600.0,2600.0,2600.0,2600.0,2600.0,0.0,0.0,0.0,0.0,0.0,0.0,0.0,0.0,0.0,0.0,0.0,200.0,0.07692307692307693,2026,1,14,2,14,3,0,0.49999999999999994,0.8660254037844387,0.23851257519407648,0.9711394088771653,2600.0,2600.0,2600.0,0.0,0.0
Maharashtra,Raigad,APMC Murud,Cereals,Rice,Other,Local,2500.0,2700.0,2600.0,Rs./Quintal,2026-01-15,0,2600.0,2600.0,2600.0,2600.0,2600.0,2600.0,2600.0,2600.0,2600.0,2600.0,0.0,0.0,0.0,0.0,0.0,0.0,0.0,0.0,0.0,0.0,0.0,200.0,0.07692307692307693,2026,1,15,3,15,3,0,0.49999999999999994,0.8660254037844387,0.2551824131233728,0.9668929289391521,2600.0,2600.0,2600.0,0.0,0.0
Maharashtra,Raigad,APMC Murud,Cereals,Rice,Other,Local,2500.0,2700.0,2600.0,Rs./Quintal,2026-01-16,0,2600.0,2600.0,2600.0,2600.0,2600.0,2600.0,2600.0,2600.0,2600.0,2600.0,0.0,0.0,0.0,0.0,0.0,0.0,0.0,0.0,0.0,0.0,0.0,200.0,0.07692307692307693,2026,1,16,4,16,3,0,0.49999999999999994,0.8660254037844387,0.2717767384711357,0.9623603298276545,2600.0,2600.0,2600.0,0.0,0.0
Maharashtra,Raigad,APMC Murud,Cereals,Rice,Other,Local,2500.0,2700.0,2600.0,Rs./Quintal,2026-01-17,0,2600.0,2600.0,2600.0,2600.0,2600.0,2600.0,2600.0,2600.0,2600.0,2600.0,0.0,0.0,0.0,0.0,0.0,0.0,0.0,0.0,0.0,0.0,0.0,200.0,0.07692307692307693,2026,1,17,5,17,3,1,0.49999999999999994,0.8660254037844387,0.2882906407095177,0.9575429528116719,2600.0,2600.0,2600.0,0.0,0.0
Maharashtra,Raigad,APMC Murud,Cereals,Rice,Other,Local,2500.0,2700.0,2600.0,Rs./Quintal,2026-01-18,0,2600.0,2600.0,2600.0,2600.0,2600.0,2600.0,2600.0,2600.0,2600.0,2600.0,0.0,0.0,0.0,0.0,0.0,0.0,0.0,0.0,0.0,0.0,0.0,200.0,0.07692307692307693,2026,1,18,6,18,3,1,0.49999999999999994,0.8660254037844387,0.3047192331091634,0.9524422234305676,2600.0,2600.0,2600.0,0.0,0.0
Maharashtra,Raigad,APMC Murud,Cereals,Rice,Other,Local,2500.0,2700.0,2600.0,Rs./Quintal,2026-01-19,0,2600.0,2600.0,2600.0,2600.0,2600.0,2600.0,2600.0,2600.0,2600.0,2600.0,0.0,0.0,0.0,0.0,0.0,0.0,0.0,0.0,0.0,0.0,0.0,200.0,0.07692307692307693,2026,1,19,0,19,4,0,0.49999999999999994,0.8660254037844387,0.321057654185271,0.9470596510722283,2600.0,2600.0,2600.0,0.0,0.0
Maharashtra,Raigad,APMC Murud,Cereals,Rice,Other,Local,2500.0,2700.0,2600.0,Rs./Quintal,2026-01-20,0,2600.0,2600.0,2600.0,2600.0,2600.0,2600.0,2600.0,2600.0,2600.0,2600.0,0.0,0.0,0.0,0.0,0.0,0.0,0.0,0.0,0.0,0.0,0.0,200.0,0.07692307692307693,2026,1,20,1,20,4,0,0.49999999999999994,0.8660254037844387,0.3373010691361842,0.9413968285264122,2600.0,2600.0,2600.0,0.0,0.0
Maharashtra,Raigad,APMC Murud,Cereals,Rice,Other,Local,2500.0,2700.0,2600.0,Rs./Quintal,2026-01-21,0,2600.0,2600.0,2600.0,2600.0,2600.0,2600.0,2600.0,2600.0,2600.0,2600.0,0.0,0.0,0.0,0.0,0.0,0.0,0.0,0.0,0.0,0.0,0.0,200.0,0.07692307692307693,2026,1,21,2,21,4,0,0.49999999999999994,0.8660254037844387,0.3534446712740877,0.9354554315134164,2600.0,2600.0,2600.0,0.0,0.0
Maharashtra,Raigad,APMC Murud,Cereals,Rice,Other,Local,2500.0,2700.0,2600.0,Rs./Quintal,2026-01-22,0,2600.0,2600.0,2600.0,2600.0,2600.0,2600.0,2600.0,2600.0,2600.0,2600.0,0.0,0.0,0.0,0.0,0.0,0.0,0.0,0.0,0.0,0.0,0.0,200.0,0.07692307692307693,2026,1,22,3,22,4,0,0.49999999999999994,0.8660254037844387,0.3694836834473831,0.9292372181882051,2600.0,2600.0,2600.0,0.0,0.0
Maharashtra,Raigad,APMC Murud,Cereals,Rice,Other,Local,2500.0,2700.0,2600.0,Rs./Quintal,2026-01-23,0,2600.0,2600.0,2600.0,2600.0,2600.0,2600.0,2600.0,2600.0,2600.0,2600.0,0.0,0.0,0.0,0.0,0.0,0.0,0.0,0.0,0.0,0.0,0.0,200.0,0.07692307692307693,2026,1,23,4,23,4,0,0.49999999999999994,0.8660254037844387,0.38541335945432564,0.9227440286201427,2600.0,2600.0,2600.0,0.0,0.0
Maharashtra,Raigad,APMC Murud,Cereals,Rice,Other,Local,2500.0,2700.0,2600.0,Rs./Quintal,2026-01-24,0,2600.0,2600.0,2600.0,2600.0,2600.0,2600.0,2600.0,2600.0,2600.0,2600.0,0.0,0.0,0.0,0.0,0.0,0.0,0.0,0.0,0.0,0.0,0.0,200.0,0.07692307692307693,2026,1,24,5,24,4,1,0.49999999999999994,0.8660254037844387,0.4012289854475009,0.9159777842484877,2600.0,2600.0,2600.0,0.0,0.0
Maharashtra,Raigad,APMC Murud,Cereals,Rice,Other,Local,2500.0,2700.0,2600.0,Rs./Quintal,2026-01-25,0,2600.0,2600.0,2600.0,2600.0,2600.0,2600.0,2600.0,2600.0,2600.0,2600.0,0.0,0.0,0.0,0.0,0.0,0.0,0.0,0.0,0.0,0.0,0.0,200.0,0.07692307692307693,2026,1,25,6,25,4,1,0.49999999999999994,0.8660254037844387,0.4169258813287287,0.908940487313808,2600.0,2600.0,2600.0,0.0,0.0
Maharashtra,Raigad,APMC Murud,Cereals,Rice,Other,Local,2500.0,2700.0,2600.0,Rs./Quintal,2026-01-26,0,2600.0,2600.0,2600.0,2600.0,2600.0,2600.0,2600.0,2600.0,2600.0,2600.0,0.0,0.0,0.0,0.0,0.0,0.0,0.0,0.0,0.0,0.0,0.0,200.0,0.07692307692307693,2026,1,26,0,26,5,0,0.49999999999999994,0.8660254037844387,0.4324994021339788,0.901634220265486,2600.0,2600.0,2600.0,0.0,0.0
Maharashtra,Raigad,APMC Murud,Cereals,Rice,Other,Local,2500.0,2700.0,2600.0,Rs./Quintal,2026-01-27,0,2600.0,2600.0,2600.0,2600.0,2600.0,2600.0,2600.0,2600.0,2600.0,2600.0,0.0,0.0,0.0,0.0,0.0,0.0,0.0,0.0,0.0,0.0,0.0,200.0,0.07692307692307693,2026,1,27,1,27,5,0,0.49999999999999994,0.8660254037844387,0.44794493940789115,0.8940611451454876,2600.0,2600.0,2600.0,0.0,0.0
Maharashtra,Raigad,APMC Murud,Cereals,Rice,Other,Local,2500.0,2700.0,2600.0,Rs./Quintal,2026-01-28,0,2600.0,2600.0,2600.0,2600.0,2600.0,2600.0,2600.0,2600.0,2600.0,2600.0,0.0,0.0,0.0,0.0,0.0,0.0,0.0,0.0,0.0,0.0,0.0,200.0,0.07692307692307693,2026,1,28,2,28,5,0,0.49999999999999994,0.8660254037844387,0.4632579225674917,0.88622350294858,2600.0,2600.0,2600.0,0.0,0.0
Maharashtra,Raigad,APMC Murud,Cereals,Rice,Other,Local,2500.0,2700.0,2600.0,Rs./Quintal,2026-01-29,0,2600.0,2600.0,2600.0,2600.0,2600.0,2600.0,2600.0,2600.0,2600.0,2600.0,0.0,0.0,0.0,0.0,0.0,0.0,0.0,0.0,0.0,0.0,0.0,200.0,0.07692307692307693,2026,1,29,3,29,5,0,0.49999999999999994,0.8660254037844387,0.4784338202547012,0.8781236129591848,2600.0,2600.0,2600.0,0.0,0.0
Maharashtra,Raigad,APMC Murud,Cereals,Rice,Other,Local,2500.0,2700.0,2600.0,Rs./Quintal,2026-01-30,0,2600.0,2600.0,2600.0,2600.0,2600.0,2600.0,2600.0,2600.0,2600.0,2600.0,0.0,0.0,0.0,0.0,0.0,0.0,0.0,0.0,0.0,0.0,0.0,200.0,0.07692307692307693,2026,1,30,4,30,5,0,0.49999999999999994,0.8660254037844387,0.49346814167723735,0.8697638720650646,2600.0,2600.0,2600.0,0.0,0.0
Maharashtra,Raigad,APMC Murud,Cereals,Rice,Other,Local,2500.0,2700.0,2600.0,Rs./Quintal,2026-01-31,0,2600.0,2600.0,2600.0,2600.0,2600.0,2600.0,2600.0,2600.0,2600.0,2600.0,0.0,0.0,0.0,0.0,0.0,0.0,0.0,0.0,0.0,0.0,0.0,200.0,0.07692307692307693,2026,1,31,5,31,5,1,0.49999999999999994,0.8660254037844387,0.5083564379375122,0.8611467540480452,2600.0,2600.0,2600.0,0.0,0.0
Maharashtra,Raigad,APMC Murud,Cereals,Rice,Other,Local,2500.0,2700.0,2600.0,Rs./Quintal,2026-02-01,0,2600.0,2600.0,2600.0,2600.0,2600.0,2600.0,2600.0,2600.0,2600.0,2600.0,0.0,0.0,0.0,0.0,0.0,0.0,0.0,0.0,0.0,0.0,0.0,200.0,0.07692307692307693,2026,2,1,6,32,5,1,0.8660254037844386,0.5000000000000001,0.5230943033491326,0.8522748088519838,2600.0,2600.0,2600.0,0.0,0.0
Maharashtra,Raigad,APMC Murud,Cereals,Rice,Other,Local,2500.0,2700.0,2600.0,Rs./Quintal,2026-02-02,0,2600.0,2600.0,2600.0,2600.0,2600.0,2600.0,2600.0,2600.0,2600.0,2600.0,0.0,0.0,0.0,0.0,0.0,0.0,0.0,0.0,0.0,0.0,0.0,200.0,0.07692307692307693,2026,2,2,0,33,6,0,0.8660254037844386,0.5000000000000001,0.5376773767406141,0.8431506618282,2600.0,2600.0,2600.0,0.0,0.0
Maharashtra,Raigad,APMC Murud,Cereals,Rice,Other,Local,2500.0,2700.0,2600.0,Rs./Quintal,2026-02-03,0,2600.0,2600.0,2600.0,2600.0,2600.0,2600.0,2600.0,2600.0,2600.0,2600.0,0.0,0.0,0.0,0.0,0.0,0.0,0.0,0.0,0.0,0.0,0.0,200.0,0.07692307692307693,2026,2,3,1,34,6,0,0.8660254037844386,0.5000000000000001,0.5521013427459208,0.8337770129585915,2600.0,2600.0,2600.0,0.0,0.0
Maharashtra,Raigad,APMC Murud,Cereals,Rice,Other,Local,2500.0,2700.0,2600.0,Rs./Quintal,2026-02-04,0,2600.0,2600.0,2600.0,2600.0,2600.0,2600.0,2600.0,2600.0,2600.0,2600.0,0.0,0.0,0.0,0.0,0.0,0.0,0.0,0.0,0.0,0.0,0.0,200.0,0.07692307692307693,2026,2,4,2,35,6,0,0.8660254037844386,0.5000000000000001,0.5663619330814524,0.8241566360566663,2600.0,2600.0,2600.0,0.0,0.0
Maharashtra,Raigad,APMC Murud,Cereals,Rice,Other,Local,2500.0,2700.0,2600.0,Rs./Quintal,2026-02-05,0,2600.0,2600.0,2600.0,2600.0,2600.0,2600.0,2600.0,2600.0,2600.0,2600.0,0.0,0.0,0.0,0.0,0.0,0.0,0.0,0.0,0.0,0.0,0.0,200.0,0.07692307692307693,2026,2,5,3,36,6,0,0.8660254037844386,0.5000000000000001,0.580454927809098,0.8142923779467267,2600.0,2600.0,2600.0,0.0,0.0
Maharashtra,Raigad,APMC Murud,Cereals,Rice,Other,Local,2500.0,2700.0,2600.0,Rs./Quintal,2026-02-06,0,2600.0,2600.0,2600.0,2600.0,2600.0,2600.0,2600.0,2600.0,2600.0,2600.0,0.0,0.0,0.0,0.0,0.0,0.0,0.0,0.0,0.0,0.0,0.0,200.0,0.07692307692307693,2026,2,6,4,37,6,0,0.8660254037844386,0.5000000000000001,0.5943761565849831,0.804187157621448,2600.0,2600.0,2600.0,0.0,0.0
Maharashtra,Raigad,APMC Murud,Cereals,Rice,Other,Local,2500.0,2700.0,2600.0,Rs./Quintal,2026-02-07,0,2600.0,2600.0,2600.0,2600.0,2600.0,2600.0,2600.0,2600.0,2600.0,2600.0,0.0,0.0,0.0,0.0,0.0,0.0,0.0,0.0,0.0,0.0,0.0,200.0,0.07692307692307693,2026,2,7,5,38,6,1,0.8660254037844386,0.5000000000000001,0.6081214998935418,0.7938439653781019,2600.0,2600.0,2600.0,0.0,0.0
Maharashtra,Raigad,APMC Murud,Cereals,Rice,Other,Local,2500.0,2700.0,2600.0,Rs./Quintal,2026-02-08,0,2600.0,2600.0,2600.0,2600.0,2600.0,2600.0,2600.0,2600.0,2600.0,2600.0,0.0,0.0,0.0,0.0,0.0,0.0,0.0,0.0,0.0,0.0,0.0,200.0,0.07692307692307693,2026,2,8,6,39,6,1,0.8660254037844386,0.5000000000000001,0.6216868902665479,0.7832658619336791,2600.0,2600.0,2600.0,0.0,0.0
Maharashtra,Raigad,APMC Murud,Cereals,Rice,Other,Local,2500.0,2700.0,2600.0,Rs./Quintal,2026-02-09,0,2600.0,2600.0,2600.0,2600.0,2600.0,2600.0,2600.0,2600.0,2600.0,2600.0,0.0,0.0,0.0,0.0,0.0,0.0,0.0,0.0,0.0,0.0,0.0,200.0,0.07692307692307693,2026,2,9,0,40,7,0,0.8660254037844386,0.5000000000000001,0.6350683134867438,0.7724559775191742,2600.0,2600.0,2600.0,0.0,0.0
Maharashtra,Raigad,APMC Murud,Cereals,Rice,Other,Local,2500.0,2700.0,2600.0,Rs./Quintal,2026-02-10,0,2600.0,2600.0,2600.0,2600.0,2600.0,2600.0,2600.0,2600.0,2600.0,2600.0,0.0,0.0,0.0,0.0,0.0,0.0,0.0,0.0,0.0,0.0,0.0,200.0,0.07692307692307693,2026,2,10,1,41,7,0,0.8660254037844386,0.5000000000000001,0.6482618097757122,0.7614175109532997,2600.0,2600.0,2600.0,0.0,0.0
Maharashtra,Raigad,APMC Murud,Cereals,Rice,Other,Local,2500.0,2700.0,2600.0,Rs./Quintal,2026-02-11,0,2600.0,2600.0,2600.0,2600.0,2600.0,2600.0,2600.0,2600.0,2600.0,2600.0,0.0,0.0,0.0,0.0,0.0,0.0,0.0,0.0,0.0,0.0,0.0,200.0,0.07692307692307693,2026,2,11,2,42,7,0,0.8660254037844386,0.5000000000000001,0.6612634749656386,0.7501537286959042,2600.0,2600.0,2600.0,0.0,0.0
Maharashtra,Raigad,APMC Murud,Cereals,Rice,Other,Local,2500.0,2700.0,2600.0,Rs./Quintal,2026-02-12,0,2600.0,2600.0,2600.0,2600.0,2600.0,2600.0,2600.0,2600.0,2600.0,2600.0,0.0,0.0,0.0,0.0,0.0,0.0,0.0,0.0,0.0,0.0,0.0,200.0,0.07692307692307693,2026,2,12,3,43,7,0,0.8660254037844386,0.5000000000000001,0.6740694616546162,0.7386679638813748,2600.0,2600.0,2600.0,0.0,0.0
Maharashtra,Raigad,APMC Murud,Cereals,Rice,Other,Local,2500.0,2700.0,2600.0,Rs./Quintal,2026-02-13,0,2600.0,2600.0,2600.0,2600.0,2600.0,2600.0,2600.0,2600.0,2600.0,2600.0,0.0,0.0,0.0,0.0,0.0,0.0,0.0,0.0,0.0,0.0,0.0,200.0,0.07692307692307693,2026,2,13,4,44,7,0,0.8660254037844386,0.5000000000000001,0.6866759803451553,0.726963615332308,2600.0,2600.0,2600.0,0.0,0.0
Maharashtra,Raigad,APMC Murud,Cereals,Rice,Other,Local,2500.0,2700.0,2600.0,Rs./Quintal,2026-02-14,0,2600.0,2600.0,2600.0,2600.0,2600.0,2600.0,2600.0,2600.0,2600.0,2600.0,0.0,0.0,0.0,0.0,0.0,0.0,0.0,0.0,0.0,0.0,0.0,200.0,0.07692307692307693,2026,2,14,5,45,7,1,0.8660254037844386,0.5000000000000001,0.6990793005655562,0.7150441465537444,2600.0,2600.0,2600.0,0.0,0.0
Maharashtra,Raigad,APMC Murud,Cereals,Rice,Other,Local,2500.0,2700.0,2600.0,Rs./Quintal,2026-02-15,0,2600.0,2600.0,2600.0,2600.0,2600.0,2600.0,2600.0,2600.0,2600.0,2600.0,0.0,0.0,0.0,0.0,0.0,0.0,0.0,0.0,0.0,0.0,0.0,200.0,0.07692307692307693,2026,2,15,6,46,7,1,0.8660254037844386,0.5000000000000001,0.7112757519738152,0.7029130847082615,2600.0,2600.0,2600.0,0.0,0.0
Maharashtra,Raigad,APMC Murud,Cereals,Rice,Other,Local,2500.0,2700.0,2600.0,Rs./Quintal,2026-02-16,0,2600.0,2600.0,2600.0,2600.0,2600.0,2600.0,2600.0,2600.0,2600.0,2600.0,0.0,0.0,0.0,0.0,0.0,0.0,0.0,0.0,0.0,0.0,0.0,200.0,0.07692307692307693,2026,2,16,0,47,8,0,0.8660254037844386,0.5000000000000001,0.7232617254437388,0.6905740195722293,2600.0,2600.0,2600.0,0.0,0.0
Maharashtra,Raigad,APMC Murud,Cereals,Rice,Other,Local,2500.0,2700.0,2600.0,Rs./Quintal,2026-02-17,0,2600.0,2600.0,2600.0,2600.0,2600.0,2600.0,2600.0,2600.0,2600.0,2600.0,0.0,0.0,0.0,0.0,0.0,0.0,0.0,0.0,0.0,0.0,0.0,200.0,0.07692307692307693,2026,2,17,1,48,8,0,0.8660254037844386,0.5000000000000001,0.7350336741329412,0.6780306024735382,2600.0,2600.0,2600.0,0.0,0.0
Maharashtra,Raigad,APMC Murud,Cereals,Rice,Other,Local,2500.0,2700.0,2600.0,Rs./Quintal,2026-02-18,0,2600.0,2600.0,2600.0,2600.0,2600.0,2600.0,2600.0,2600.0,2600.0,2600.0,0.0,0.0,0.0,0.0,0.0,0.0,0.0,0.0,0.0,0.0,0.0,200.0,0.07692307692307693,2026,2,18,2,49,8,0,0.8660254037844386,0.5000000000000001,0.746588114532413,0.6652865452111116,2600.0,2600.0,2600.0,0.0,0.0
Maharashtra,Raigad,APMC Murud,Cereals,Rice,Other,Local,2500.0,2700.0,2600.0,Rs./Quintal,2026-02-19,0,2600.0,2600.0,2600.0,2600.0,2600.0,2600.0,2600.0,2600.0,2600.0,2600.0,0.0,0.0,0.0,0.0,0.0,0.0,0.0,0.0,0.0,0.0,0.0,200.0,0.07692307692307693,2026,2,19,3,50,8,0,0.8660254037844386,0.5000000000000001,0.7579216274973472,0.6523456189565257,2600.0,2600.0,2600.0,0.0,0.0
Maharashtra,Raigad,APMC Murud,Cereals,Rice,Other,Local,2500.0,2700.0,2600.0,Rs./Quintal,2026-02-20,0,2600.0,2600.0,2600.0,2600.0,2600.0,2600.0,2600.0,2600.0,2600.0,2600.0,0.0,0.0,0.0,0.0,0.0,0.0,0.0,0.0,0.0,0.0,0.0,200.0,0.07692307692307693,2026,2,20,4,51,8,0,0.8660254037844386,0.5000000000000001,0.7690308592589181,0.6392116531380588,2600.0,2600.0,2600.0,0.0,0.0
Maharashtra,Raigad,APMC Murud,Cereals,Rice,Other,Local,2500.0,2700.0,2600.0,Rs./Quintal,2026-02-21,0,2600.0,2600.0,2600.0,2600.0,2600.0,2600.0,2600.0,2600.0,2600.0,2600.0,0.0,0.0,0.0,0.0,0.0,0.0,0.0,0.0,0.0,0.0,0.0,200.0,0.07692307692307693,2026,2,21,5,52,8,1,0.8660254037844386,0.5000000000000001,0.7799125224167177,0.6258885343075018,2600.0,2600.0,2600.0,0.0,0.0
Maharashtra,Raigad,APMC Murud,Cereals,Rice,Other,Local,2500.0,2700.0,2600.0,Rs./Quintal,2026-02-22,0,2600.0,2600.0,2600.0,2600.0,2600.0,2600.0,2600.0,2600.0,2600.0,2600.0,0.0,0.0,0.0,0.0,0.0,0.0,0.0,0.0,0.0,0.0,0.0,200.0,0.07692307692307693,2026,2,22,6,53,8,1,0.8660254037844386,0.5000000000000001,0.7905633969115482,0.612380204990065,2600.0,2600.0,2600.0,0.0,0.0
Maharashtra,Raigad,APMC Murud,Cereals,Rice,Other,Local,2500.0,2700.0,2600.0,Rs./Quintal,2026-02-23,0,2600.0,2600.0,2600.0,2600.0,2600.0,2600.0,2600.0,2600.0,2600.0,2600.0,0.0,0.0,0.0,0.0,0.0,0.0,0.0,0.0,0.0,0.0,0.0,200.0,0.07692307692307693,2026,2,23,0,54,9,0,0.8660254037844386,0.5000000000000001,0.8009803309782905,0.5986906625177214,2600.0,2600.0,2600.0,0.0,0.0
Maharashtra,Raigad,APMC Murud,Cereals,Rice,Other,Local,2500.0,2700.0,2600.0,Rs./Quintal,2026-02-24,0,2600.0,2600.0,2600.0,2600.0,2600.0,2600.0,2600.0,2600.0,2600.0,2600.0,0.0,0.0,0.0,0.0,0.0,0.0,0.0,0.0,0.0,0.0,0.0,200.0,0.07692307692307693,2026,2,24,1,55,9,0,0.8660254037844386,0.5000000000000001,0.8111602420785621,0.5848239578463322,2600.0,2600.0,2600.0,0.0,0.0
Maharashtra,Raigad,APMC Murud,Cereals,Rice,Other,Local,2500.0,2700.0,2600.0,Rs./Quintal,2026-02-25,0,2600.0,2600.0,2600.0,2600.0,2600.0,2600.0,2600.0,2600.0,2600.0,2600.0,0.0,0.0,0.0,0.0,0.0,0.0,0.0,0.0,0.0,0.0,0.0,200.0,0.07692307692307693,2026,2,25,2,56,9,0,0.8660254037844386,0.5000000000000001,0.8211001178128892,0.5707841943569036,2600.0,2600.0,2600.0,0.0,0.0
Maharashtra,Raigad,APMC Murud,Cereals,Rice,Other,Local,2500.0,2700.0,2600.0,Rs./Quintal,2026-02-26,0,2600.0,2600.0,2600.0,2600.0,2600.0,2600.0,2600.0,2600.0,2600.0,2600.0,0.0,0.0,0.0,0.0,0.0,0.0,0.0,0.0,0.0,0.0,0.0,200.0,0.07692307692307693,2026,2,26,3,57,9,0,0.8660254037844386,0.5000000000000001,0.8307970168121247,0.5565755266413303,2600.0,2600.0,2600.0,0.0,0.0
Maharashtra,Raigad,APMC Murud,Cereals,Rice,Other,Local,2500.0,2700.0,2600.0,Rs./Quintal,2026-02-27,0,2600.0,2600.0,2600.0,2600.0,2600.0,2600.0,2600.0,2600.0,2600.0,2600.0,0.0,0.0,0.0,0.0,0.0,0.0,0.0,0.0,0.0,0.0,0.0,200.0,0.07692307692307693,2026,2,27,4,58,9,0,0.8660254037844386,0.5000000000000001,0.8402480696078469,0.5422021592729844,2600.0,2600.0,2600.0,0.0,0.0
Maharashtra,Raigad,APMC Murud,Cereals,Rice,Other,Local,2500.0,2700.0,2600.0,Rs./Quintal,2026-02-28,0,2600.0,2600.0,2600.0,2600.0,2600.0,2600.0,2600.0,2600.0,2600.0,2600.0,0.0,0.0,0.0,0.0,0.0,0.0,0.0,0.0,0.0,0.0,0.0,200.0,0.07692307692307693,2026,2,28,5,59,9,1,0.8660254037844386,0.5000000000000001,0.8494504794814806,0.527668345562516,2600.0,2600.0,2600.0,0.0,0.0
Maharashtra,Raigad,APMC Murud,Cereals,Rice,Other,Local,2500.0,2700.0,2600.0,Rs./Quintal,2026-03-01,0,2600.0,2600.0,2600.0,2600.0,2600.0,2600.0,2600.0,2600.0,2600.0,2600.0,0.0,0.0,0.0,0.0,0.0,0.0,0.0,0.0,0.0,0.0,0.0,200.0,0.07692307692307693,2026,3,1,6,60,9,1,1.0,6.123233995736766e-17,0.8584015232918917,0.512978386299228,2600.0,2600.0,2600.0,0.0,0.0
Maharashtra,Raigad,APMC Murud,Cereals,Rice,Other,Local,2500.0,2700.0,2600.0,Rs./Quintal,2026-03-02,0,2600.0,2600.0,2600.0,2600.0,2600.0,2600.0,2600.0,2600.0,2600.0,2600.0,0.0,0.0,0.0,0.0,0.0,0.0,0.0,0.0,0.0,0.0,0.0,200.0,0.07692307692307693,2026,3,2,0,61,10,0,1.0,6.123233995736766e-17,0.8670985522812081,0.4981366284784055,2600.0,2600.0,2600.0,0.0,0.0
Maharashtra,Raigad,APMC Murud,Cereals,Rice,Other,Local,2500.0,2700.0,2600.0,Rs./Quintal,2026-03-03,0,2600.0,2600.0,2600.0,2600.0,2600.0,2600.0,2600.0,2600.0,2600.0,2600.0,0.0,0.0,0.0,0.0,0.0,0.0,0.0,0.0,0.0,0.0,0.0,200.0,0.07692307692307693,2026,3,3,1,62,10,0,1.0,6.123233995736766e-17,0.8755389928586302,0.4831474640149687,2600.0,2600.0,2600.0,0.0,0.0
Maharashtra,Raigad,APMC Murud,Cereals,Rice,Other,Local,2500.0,2700.0,2600.0,Rs./Quintal,2026-03-04,0,2600.0,2600.0,2600.0,2600.0,2600.0,2600.0,2600.0,2600.0,2600.0,2600.0,0.0,0.0,0.0,0.0,0.0,0.0,0.0,0.0,0.0,0.0,0.0,200.0,0.07692307692307693,2026,3,4,2,63,10,0,1.0,6.123233995736766e-17,0.8837203473619977,0.4680153284438345,2600.0,2600.0,2600.0,0.0,0.0
Maharashtra,Raigad,APMC Murud,Cereals,Rice,Other,Local,2500.0,2700.0,2600.0,Rs./Quintal,2026-03-05,0,2600.0,2600.0,2600.0,2600.0,2600.0,2600.0,2600.0,2600.0,2600.0,2600.0,0.0,0.0,0.0,0.0,0.0,0.0,0.0,0.0,0.0,0.0,0.0,200.0,0.07692307692307693,2026,3,5,3,64,10,0,1.0,6.123233995736766e-17,0.8916401947968874,0.45274469960737107,2600.0,2600.0,2600.0,0.0,0.0
Maharashtra,Raigad,APMC Murud,Cereals,Rice,Other,Local,2500.0,2700.0,2600.0,Rs./Quintal,2026-03-06,0,2600.0,2600.0,2600.0,2600.0,2600.0,2600.0,2600.0,2600.0,2600.0,2600.0,0.0,0.0,0.0,0.0,0.0,0.0,0.0,0.0,0.0,0.0,0.0,200.0,0.07692307692307693,2026,3,6,4,65,10,0,1.0,6.123233995736766e-17,0.8992961915530253,0.4373400963303323,2600.0,2600.0,2600.0,0.0,0.0
Maharashtra,Raigad,APMC Murud,Cereals,Rice,Other,Local,2500.0,2700.0,2600.0,Rs./Quintal,2026-03-07,0,2600.0,2600.0,2600.0,2600.0,2600.0,2600.0,2600.0,2600.0,2600.0,2600.0,0.0,0.0,0.0,0.0,0.0,0.0,0.0,0.0,0.0,0.0,0.0,200.0,0.07692307692307693,2026,3,7,5,66,10,1,1.0,6.123233995736766e-17,0.9066860720977985,0.4218060770826634,2600.0,2600.0,2600.0,0.0,0.0
Maharashtra,Raigad,APMC Murud,Cereals,Rice,Other,Local,2500.0,2700.0,2600.0,Rs./Quintal,2026-03-08,0,2600.0,2600.0,2600.0,2600.0,2600.0,2600.0,2600.0,2600.0,2600.0,2600.0,0.0,0.0,0.0,0.0,0.0,0.0,0.0,0.0,0.0,0.0,0.0,200.0,0.07692307692307693,2026,3,8,6,67,10,1,1.0,6.123233995736766e-17,0.9138076496466615,0.4061472386305789,2600.0,2600.0,2600.0,0.0,0.0
Maharashtra,Raigad,APMC Murud,Cereals,Rice,Other,Local,2500.0,2700.0,2600.0,Rs./Quintal,2026-03-09,0,2600.0,2600.0,2600.0,2600.0,2600.0,2600.0,2600.0,2600.0,2600.0,2600.0,0.0,0.0,0.0,0.0,0.0,0.0,0.0,0.0,0.0,0.0,0.0,200.0,0.07692307692307693,2026,3,9,0,68,11,0,1.0,6.123233995736766e-17,0.9206588168102428,0.3903682146763026,2600.0,2600.0,2600.0,0.0,0.0
Maharashtra,Raigad,APMC Murud,Cereals,Rice,Other,Local,2500.0,2700.0,2600.0,Rs./Quintal,2026-03-10,0,2600.0,2600.0,2600.0,2600.0,2600.0,2600.0,2600.0,2600.0,2600.0,2600.0,0.0,0.0,0.0,0.0,0.0,0.0,0.0,0.0,0.0,0.0,0.0,200.0,0.07692307692307693,2026,3,10,1,69,11,0,1.0,6.123233995736766e-17,0.9272375462179537,0.374473674486883,2600.0,2600.0,2600.0,0.0,0.0
Maharashtra,Raigad,APMC Murud,Cereals,Rice,Other,Local,2500.0,2700.0,2600.0,Rs./Quintal,2026-03-11,0,2600.0,2600.0,2600.0,2600.0,2600.0,2600.0,2600.0,2600.0,2600.0,2600.0,0.0,0.0,0.0,0.0,0.0,0.0,0.0,0.0,0.0,0.0,0.0,200.0,0.07692307692307693,2026,3,11,2,70,11,0,1.0,6.123233995736766e-17,0.9335418911179212,0.35846832151248087,2600.0,2600.0,2600.0,0.0,0.0
Maharashtra,Raigad,APMC Murud,Cereals,Rice,Other,Local,2500.0,2700.0,2600.0,Rs./Quintal,2026-03-12,0,2600.0,2600.0,2600.0,2600.0,2600.0,2600.0,2600.0,2600.0,2600.0,2600.0,0.0,0.0,0.0,0.0,0.0,0.0,0.0,0.0,0.0,0.0,0.0,200.0,0.07692307692307693,2026,3,12,3,71,11,0,1.0,6.123233995736766e-17,0.9395699859530622,0.342356891994542,2600.0,2600.0,2600.0,0.0,0.0
Maharashtra,Raigad,APMC Murud,Cereals,Rice,Other,Local,2500.0,2700.0,2600.0,Rs./Quintal,2026-03-13,0,2600.0,2600.0,2600.0,2600.0,2600.0,2600.0,2600.0,2600.0,2600.0,2600.0,0.0,0.0,0.0,0.0,0.0,0.0,0.0,0.0,0.0,0.0,0.0,200.0,0.07692307692307693,2026,3,13,4,72,11,0,1.0,6.123233995736766e-17,0.945320046913132,0.3261441535642696,2600.0,2600.0,2600.0,0.0,0.0
Maharashtra,Raigad,APMC Murud,Cereals,Rice,Other,Local,2500.0,2700.0,2600.0,Rs./Quintal,2026-03-14,0,2600.0,2600.0,2600.0,2600.0,2600.0,2600.0,2600.0,2600.0,2600.0,2600.0,0.0,0.0,0.0,0.0,0.0,0.0,0.0,0.0,0.0,0.0,0.0,200.0,0.07692307692307693,2026,3,14,5,73,11,1,1.0,6.123233995736766e-17,0.9507903724625832,0.3098349038318025,2600.0,2600.0,2600.0,0.0,0.0
Maharashtra,Raigad,APMC Murud,Cereals,Rice,Other,Local,2500.0,2700.0,2600.0,Rs./Quintal,2026-03-15,0,2600.0,2600.0,2600.0,2600.0,2600.0,2600.0,2600.0,2600.0,2600.0,2600.0,0.0,0.0,0.0,0.0,0.0,0.0,0.0,0.0,0.0,0.0,0.0,200.0,0.07692307692307693,2026,3,15,6,74,11,1,1.0,6.123233995736766e-17,0.9559793438440766,0.2934339689665273,2600.0,2600.0,2600.0,0.0,0.0
Maharashtra,Raigad,APMC Murud,Cereals,Rice,Other,Local,2500.0,2700.0,2600.0,Rs./Quintal,2026-03-16,0,2600.0,2600.0,2600.0,2600.0,2600.0,2600.0,2600.0,2600.0,2600.0,2600.0,0.0,0.0,0.0,0.0,0.0,0.0,0.0,0.0,0.0,0.0,0.0,200.0,0.07692307692307693,2026,3,16,0,75,12,0,1.0,6.123233995736766e-17,0.9608854255574977,0.27694620226893646,2600.0,2600.0,2600.0,0.0,0.0
Maharashtra,Raigad,APMC Murud,Cereals,Rice,Other,Local,2500.0,2700.0,2600.0,Rs./Quintal,2026-03-17,0,2600.0,2600.0,2600.0,2600.0,2600.0,2600.0,2600.0,2600.0,2600.0,2600.0,0.0,0.0,0.0,0.0,0.0,0.0,0.0,0.0,0.0,0.0,0.0,200.0,0.07692307692307693,2026,3,17,1,76,12,0,1.0,6.123233995736766e-17,0.9655071658143364,0.2603764827344581,2600.0,2600.0,2600.0,0.0,0.0
Maharashtra,Raigad,APMC Murud,Cereals,Rice,Other,Local,2500.0,2700.0,2600.0,Rs./Quintal,2026-03-18,0,2600.0,2600.0,2600.0,2600.0,2600.0,2600.0,2600.0,2600.0,2600.0,2600.0,0.0,0.0,0.0,0.0,0.0,0.0,0.0,0.0,0.0,0.0,0.0,200.0,0.07692307692307693,2026,3,18,2,77,12,0,1.0,6.123233995736766e-17,0.969843196967294,0.24372971360968387,2600.0,2600.0,2600.0,0.0,0.0
Maharashtra,Raigad,APMC Murud,Cereals,Rice,Other,Local,2500.0,2700.0,2600.0,Rs./Quintal,2026-03-19,0,2600.0,2600.0,2600.0,2600.0,2600.0,2600.0,2600.0,2600.0,2600.0,2600.0,0.0,0.0,0.0,0.0,0.0,0.0,0.0,0.0,0.0,0.0,0.0,200.0,0.07692307692307693,2026,3,19,3,78,12,0,1.0,6.123233995736766e-17,0.9738922359149924,0.22701082094141847,2600.0,2600.0,2600.0,0.0,0.0
Maharashtra,Raigad,APMC Murud,Cereals,Rice,Other,Local,2500.0,2700.0,2600.0,Rs./Quintal,2026-03-20,0,2600.0,2600.0,2600.0,2600.0,2600.0,2600.0,2600.0,2600.0,2600.0,2600.0,0.0,0.0,0.0,0.0,0.0,0.0,0.0,0.0,0.0,0.0,0.0,200.0,0.07692307692307693,2026,3,20,4,79,12,0,1.0,6.123233995736766e-17,0.9776530844816641,0.2102247521189836,2600.0,2600.0,2600.0,0.0,0.0
Maharashtra,Raigad,APMC Murud,Cereals,Rice,Other,Local,2500.0,2700.0,2600.0,Rs./Quintal,2026-03-21,0,2600.0,2600.0,2600.0,2600.0,2600.0,2600.0,2600.0,2600.0,2600.0,2600.0,0.0,0.0,0.0,0.0,0.0,0.0,0.0,0.0,0.0,0.0,0.0,200.0,0.07692307692307693,2026,3,21,5,80,12,1,1.0,6.123233995736766e-17,0.981124629771712,0.19337647441020586,2600.0,2600.0,2600.0,0.0,0.0
Maharashtra,Raigad,APMC Murud,Cereals,Rice,Other,Local,2500.0,2700.0,2600.0,Rs./Quintal,2026-03-22,0,2600.0,2600.0,2600.0,2600.0,2600.0,2600.0,2600.0,2600.0,2600.0,2600.0,0.0,0.0,0.0,0.0,0.0,0.0,0.0,0.0,0.0,0.0,0.0,200.0,0.07692307692307693,2026,3,22,6,81,12,1,1.0,6.123233995736766e-17,0.984305844499033,0.17647097349152166,2600.0,2600.0,2600.0,0.0,0.0
Maharashtra,Raigad,APMC Murud,Cereals,Rice,Other,Local,2500.0,2700.0,2600.0,Rs./Quintal,2026-03-23,0,2600.0,2600.0,2600.0,2600.0,2600.0,2600.0,2600.0,2600.0,2600.0,2600.0,0.0,0.0,0.0,0.0,0.0,0.0,0.0,0.0,0.0,0.0,0.0,200.0,0.07692307692307693,2026,3,23,0,82,13,0,1.0,6.123233995736766e-17,0.9871957872910085,0.15951325197263655,2600.0,2600.0,2600.0,0.0,0.0
Maharashtra,Raigad,APMC Murud,Cereals,Rice,Other,Local,2500.0,2700.0,2600.0,Rs./Quintal,2026-03-24,0,2600.0,2600.0,2600.0,2600.0,2600.0,2600.0,2600.0,2600.0,2600.0,2600.0,0.0,0.0,0.0,0.0,0.0,0.0,0.0,0.0,0.0,0.0,0.0,200.0,0.07692307692307693,2026,3,24,1,83,13,0,1.0,6.123233995736766e-17,0.9897936029670716,0.14250832791617088,2600.0,2600.0,2600.0,0.0,0.0
Maharashtra,Raigad,APMC Murud,Cereals,Rice,Other,Local,2500.0,2700.0,2600.0,Rs./Quintal,2026-03-25,0,2600.0,2600.0,2600.0,2600.0,2600.0,2600.0,2600.0,2600.0,2600.0,2600.0,0.0,0.0,0.0,0.0,0.0,0.0,0.0,0.0,0.0,0.0,0.0,200.0,0.07692307692307693,2026,3,25,2,84,13,0,1.0,6.123233995736766e-17,0.992098522791769,0.12546123335273648,2600.0,2600.0,2600.0,0.0,0.0
Maharashtra,Raigad,APMC Murud,Cereals,Rice,Other,Local,2500.0,2700.0,2600.0,Rs./Quintal,2026-03-26,0,2600.0,2600.0,2600.0,2600.0,2600.0,2600.0,2600.0,2600.0,2600.0,2600.0,0.0,0.0,0.0,0.0,0.0,0.0,0.0,0.0,0.0,0.0,0.0,200.0,0.07692307692307693,2026,3,26,3,85,13,0,1.0,6.123233995736766e-17,0.9941098647022418,0.10837701279187609,2600.0,2600.0,2600.0,0.0,0.0
Maharashtra,Raigad,APMC Murud,Cereals,Rice,Other,Local,2500.0,2700.0,2600.0,Rs./Quintal,2026-03-27,0,2600.0,2600.0,2600.0,2600.0,2600.0,2600.0,2600.0,2600.0,2600.0,2600.0,0.0,0.0,0.0,0.0,0.0,0.0,0.0,0.0,0.0,0.0,0.0,200.0,0.07692307692307693,2026,3,27,4,86,13,0,1.0,6.123233995736766e-17,0.9958270335100595,0.09126072172931188,2600.0,2600.0,2600.0,0.0,0.0
Maharashtra,Raigad,APMC Murud,Cereals,Rice,Other,Local,2500.0,2700.0,2600.0,Rs./Quintal,2026-03-28,0,2600.0,2600.0,2600.0,2600.0,2600.0,2600.0,2600.0,2600.0,2600.0,2600.0,0.0,0.0,0.0,0.0,0.0,0.0,0.0,0.0,0.0,0.0,0.0,200.0,0.07692307692307693,2026,3,28,5,87,13,1,1.0,6.123233995736766e-17,0.9972495210773451,0.07411742515094437,2600.0,2600.0,2600.0,0.0,0.0
Maharashtra,Raigad,APMC Murud,Cereals,Rice,Other,Local,2500.0,2700.0,2600.0,Rs./Quintal,2026-03-29,0,2600.0,2600.0,2600.0,2600.0,2600.0,2600.0,2600.0,2600.0,2600.0,2600.0,0.0,0.0,0.0,0.0,0.0,0.0,0.0,0.0,0.0,0.0,0.0,200.0,0.07692307692307693,2026,3,29,6,88,13,1,1.0,6.123233995736766e-17,0.998376906467142,0.056952196034039754,2600.0,2600.0,2600.0,0.0,0.0
Maharashtra,Raigad,APMC Murud,Cereals,Rice,Other,Local,2500.0,2700.0,2600.0,Rs./Quintal,2026-03-30,0,2600.0,2600.0,2600.0,2600.0,2600.0,2600.0,2600.0,2600.0,2600.0,2600.0,0.0,0.0,0.0,0.0,0.0,0.0,0.0,0.0,0.0,0.0,0.0,200.0,0.07692307692307693,2026,3,30,0,89,14,0,1.0,6.123233995736766e-17,0.9992088560679753,0.03977011384605572,2600.0,2600.0,2600.0,0.0,0.0
Maharashtra,Raigad,APMC Murud,Cereals,Rice,Other,Local,2500.0,2700.0,2600.0,Rs./Quintal,2026-03-31,0,2600.0,2600.0,2600.0,2600.0,2600.0,2600.0,2600.0,2600.0,2600.0,2600.0,0.0,0.0,0.0,0.0,0.0,0.0,0.0,0.0,0.0,0.0,0.0,200.0,0.07692307692307693,2026,3,31,1,90,14,0,1.0,6.123233995736766e-17,0.9997451236925734,0.022576263041545485,2600.0,2600.0,2600.0,0.0,0.0
Maharashtra,Raigad,APMC Murud,Cereals,Rice,Other,Local,2500.0,2700.0,2600.0,Rs./Quintal,2026-04-01,0,2600.0,2600.0,2600.0,2600.0,2600.0,2600.0,2600.0,2600.0,2600.0,2600.0,0.0,0.0,0.0,0.0,0.0,0.0,0.0,0.0,0.0,0.0,0.0,200.0,0.07692307692307693,2026,4,1,2,91,14,0,0.8660254037844387,-0.49999999999999983,0.9999855506507186,0.005375731557583884,2600.0,2600.0,2600.0,0.0,0.0
Maharashtra,Raigad,APMC Murud,Cereals,Rice,Other,Local,2500.0,2700.0,2600.0,Rs./Quintal,2026-04-02,0,2600.0,2600.0,2600.0,2600.0,2600.0,2600.0,2600.0,2600.0,2600.0,2600.0,0.0,0.0,0.0,0.0,0.0,0.0,0.0,0.0,0.0,0.0,0.0,200.0,0.07692307692307693,2026,4,2,3,92,14,0,0.8660254037844387,-0.49999999999999983,0.9999300657962057,-0.011826390691832589,2600.0,2600.0,2600.0,0.0,0.0
Maharashtra,Raigad,APMC Murud,Cereals,Rice,Other,Local,2500.0,2700.0,2600.0,Rs./Quintal,2026-04-03,0,2600.0,2600.0,2600.0,2600.0,2600.0,2600.0,2600.0,2600.0,2600.0,2600.0,0.0,0.0,0.0,0.0,0.0,0.0,0.0,0.0,0.0,0.0,0.0,200.0,0.07692307692307693,2026,4,3,4,93,14,0,0.8660254037844387,-0.49999999999999983,0.9995786855478958,-0.029025013321975237,2600.0,2600.0,2600.0,0.0,0.0
Maharashtra,Raigad,APMC Murud,Cereals,Rice,Other,Local,2500.0,2700.0,2600.0,Rs./Quintal,2026-04-04,0,2600.0,2600.0,2600.0,2600.0,2600.0,2600.0,2600.0,2600.0,2600.0,2600.0,0.0,0.0,0.0,0.0,0.0,0.0,0.0,0.0,0.0,0.0,0.0,200.0,0.07692307692307693,2026,4,4,5,94,14,1,0.8660254037844387,-0.49999999999999983,0.9989315138848577,-0.046215046983708354,2600.0,2600.0,2600.0,0.0,0.0
Maharashtra,Raigad,APMC Murud,Cereals,Rice,Other,Local,2500.0,2700.0,2600.0,Rs./Quintal,2026-04-05,0,2600.0,2600.0,2600.0,2600.0,2600.0,2600.0,2600.0,2600.0,2600.0,2600.0,0.0,0.0,0.0,0.0,0.0,0.0,0.0,0.0,0.0,0.0,0.0,200.0,0.07692307692307693,2026,4,5,6,95,14,1,0.8660254037844387,-0.49999999999999983,0.9979887423155984,-0.06339140486951038,2600.0,2600.0,2600.0,0.0,0.0
Maharashtra,Raigad,APMC Murud,Cereals,Rice,Other,Local,2500.0,2700.0,2600.0,Rs./Quintal,2026-04-06,0,2600.0,2600.0,2600.0,2600.0,2600.0,2600.0,2600.0,2600.0,2600.0,2600.0,0.0,0.0,0.0,0.0,0.0,0.0,0.0,0.0,0.0,0.0,0.0,200.0,0.07692307692307693,2026,4,6,0,96,15,0,0.8660254037844387,-0.49999999999999983,0.9967506498213929,-0.08054900421874167,2600.0,2600.0,2600.0,0.0,0.0
Maharashtra,Raigad,APMC Murud,Cereals,Rice,Other,Local,2500.0,2700.0,2600.0,Rs./Quintal,2026-04-07,0,2600.0,2600.0,2600.0,2600.0,2600.0,2600.0,2600.0,2600.0,2600.0,2600.0,0.0,0.0,0.0,0.0,0.0,0.0,0.0,0.0,0.0,0.0,0.0,200.0,0.07692307692307693,2026,4,7,1,97,15,0,0.8660254037844387,-0.49999999999999983,0.9952176027737294,-0.09768276782171598,2600.0,2600.0,2600.0,0.0,0.0
Maharashtra,Raigad,APMC Murud,Cereals,Rice,Other,Local,2500.0,2700.0,2600.0,Rs./Quintal,2026-04-08,0,2600.0,2600.0,2600.0,2600.0,2600.0,2600.0,2600.0,2600.0,2600.0,2600.0,0.0,0.0,0.0,0.0,0.0,0.0,0.0,0.0,0.0,0.0,0.0,200.0,0.07692307692307693,2026,4,8,2,98,15,0,0.8660254037844387,-0.49999999999999983,0.9933900548258936,-0.11478762552212701,2600.0,2600.0,2600.0,0.0,0.0
Maharashtra,Raigad,APMC Murud,Cereals,Rice,Other,Local,2500.0,2700.0,2600.0,Rs./Quintal,2026-04-09,0,2600.0,2600.0,2600.0,2600.0,2600.0,2600.0,2600.0,2600.0,2600.0,2600.0,0.0,0.0,0.0,0.0,0.0,0.0,0.0,0.0,0.0,0.0,0.0,200.0,0.07692307692307693,2026,4,9,3,99,15,0,0.8660254037844387,-0.49999999999999983,0.9912685467787256,-0.13185851571739118,2600.0,2600.0,2600.0,0.0,0.0
Maharashtra,Raigad,APMC Murud,Cereals,Rice,Other,Local,2500.0,2700.0,2600.0,Rs./Quintal,2026-04-10,0,2600.0,2600.0,2600.0,2600.0,2600.0,2600.0,2600.0,2600.0,2600.0,2600.0,0.0,0.0,0.0,0.0,0.0,0.0,0.0,0.0,0.0,0.0,0.0,200.0,0.07692307692307693,2026,4,10,4,100,15,0,0.8660254037844387,-0.49999999999999983,0.9888537064205885,-0.1488903868564548,2600.0,2600.0,2600.0,0.0,0.0
Maharashtra,Raigad,APMC Murud,Cereals,Rice,Other,Local,2500.0,2700.0,2600.0,Rs./Quintal,2026-04-11,0,2600.0,2600.0,2600.0,2600.0,2600.0,2600.0,2600.0,2600.0,2600.0,2600.0,0.0,0.0,0.0,0.0,0.0,0.0,0.0,0.0,0.0,0.0,0.0,200.0,0.07692307692307693,2026,4,11,5,101,15,1,0.8660254037844387,-0.49999999999999983,0.986146248341595,-0.16587819893463143,2600.0,2600.0,2600.0,0.0,0.0
Maharashtra,Raigad,APMC Murud,Cereals,Rice,Other,Local,2500.0,2700.0,2600.0,Rs./Quintal,2026-04-12,0,2600.0,2600.0,2600.0,2600.0,2600.0,2600.0,2600.0,2600.0,2600.0,2600.0,0.0,0.0,0.0,0.0,0.0,0.0,0.0,0.0,0.0,0.0,0.0,200.0,0.07692307692307693,2026,4,12,6,102,15,1,0.8660254037844387,-0.49999999999999983,0.9831469737221499,-0.1828169249850199,2600.0,2600.0,2600.0,0.0,0.0
Maharashtra,Raigad,APMC Murud,Cereals,Rice,Other,Local,2500.0,2700.0,2600.0,Rs./Quintal,2026-04-13,0,2600.0,2600.0,2600.0,2600.0,2600.0,2600.0,2600.0,2600.0,2600.0,2600.0,0.0,0.0,0.0,0.0,0.0,0.0,0.0,0.0,0.0,0.0,0.0,200.0,0.07692307692307693,2026,4,13,0,103,16,0,0.8660254037844387,-0.49999999999999983,0.9798567700958665,-0.1997015525660636,2600.0,2600.0,2600.0,0.0,0.0
Maharashtra,Raigad,APMC Murud,Cereals,Rice,Other,Local,2500.0,2700.0,2600.0,Rs./Quintal,2026-04-14,0,2600.0,2600.0,2600.0,2600.0,2600.0,2600.0,2600.0,2600.0,2600.0,2600.0,0.0,0.0,0.0,0.0,0.0,0.0,0.0,0.0,0.0,0.0,0.0,200.0,0.07692307692307693,2026,4,14,1,104,16,0,0.8660254037844387,-0.49999999999999983,0.9762766110869321,-0.21652708524481437,2600.0,2600.0,2600.0,0.0,0.0
Maharashtra,Raigad,APMC Murud,Cereals,Rice,Other,Local,2500.0,2700.0,2600.0,Rs./Quintal,2026-04-15,0,2600.0,2600.0,2600.0,2600.0,2600.0,2600.0,2600.0,2600.0,2600.0,2600.0,0.0,0.0,0.0,0.0,0.0,0.0,0.0,0.0,0.0,0.0,0.0,200.0,0.07692307692307693,2026,4,15,2,105,16,0,0.8660254037844387,-0.49999999999999983,0.9724075561219968,-0.23328854407545518,2600.0,2600.0,2600.0,0.0,0.0
Maharashtra,Raigad,APMC Murud,Cereals,Rice,Other,Local,2500.0,2700.0,2600.0,Rs./Quintal,2026-04-16,0,2600.0,2600.0,2600.0,2600.0,2600.0,2600.0,2600.0,2600.0,2600.0,2600.0,0.0,0.0,0.0,0.0,0.0,0.0,0.0,0.0,0.0,0.0,0.0,200.0,0.07692307692307693,2026,4,16,3,106,16,0,0.8660254037844387,-0.49999999999999983,0.9682507501166718,-0.2499809690726521,2600.0,2600.0,2600.0,0.0,0.0
Maharashtra,Raigad,APMC Murud,Cereals,Rice,Other,Local,2500.0,2700.0,2600.0,Rs./Quintal,2026-04-17,0,2600.0,2600.0,2600.0,2600.0,2600.0,2600.0,2600.0,2600.0,2600.0,2600.0,0.0,0.0,0.0,0.0,0.0,0.0,0.0,0.0,0.0,0.0,0.0,200.0,0.07692307692307693,2026,4,17,4,107,16,0,0.8660254037844387,-0.49999999999999983,0.9638074231367307,-0.26659942067929354,2600.0,2600.0,2600.0,0.0,0.0
Maharashtra,Raigad,APMC Murud,Cereals,Rice,Other,Local,2500.0,2700.0,2600.0,Rs./Quintal,2026-04-18,0,2600.0,2600.0,2600.0,2600.0,2600.0,2600.0,2600.0,2600.0,2600.0,2600.0,0.0,0.0,0.0,0.0,0.0,0.0,0.0,0.0,0.0,0.0,0.0,200.0,0.07692307692307693,2026,4,18,5,108,16,1,0.8660254037844387,-0.49999999999999983,0.9590788900341131,-0.28313898122818354,2600.0,2600.0,2600.0,0.0,0.0
Maharashtra,Raigad,APMC Murud,Cereals,Rice,Other,Local,2500.0,2700.0,2600.0,Rs./Quintal,2026-04-19,0,2600.0,2600.0,2600.0,2600.0,2600.0,2600.0,2600.0,2600.0,2600.0,2600.0,0.0,0.0,0.0,0.0,0.0,0.0,0.0,0.0,0.0,0.0,0.0,200.0,0.07692307692307693,2026,4,19,6,109,16,1,0.8660254037844387,-0.49999999999999983,0.9540665500578387,-0.2995947563972602,2600.0,2600.0,2600.0,0.0,0.0
Maharashtra,Raigad,APMC Murud,Cereals,Rice,Other,Local,2500.0,2700.0,2600.0,Rs./Quintal,2026-04-20,0,2600.0,2600.0,2600.0,2600.0,2600.0,2600.0,2600.0,2600.0,2600.0,2600.0,0.0,0.0,0.0,0.0,0.0,0.0,0.0,0.0,0.0,0.0,0.0,200.0,0.07692307692307693,2026,4,20,0,110,17,0,0.8660254037844387,-0.49999999999999983,0.9487718864399473,-0.31596187665790293,2600.0,2600.0,2600.0,0.0,0.0
Maharashtra,Raigad,APMC Murud,Cereals,Rice,Other,Local,2500.0,2700.0,2600.0,Rs./Quintal,2026-04-21,0,2600.0,2600.0,2600.0,2600.0,2600.0,2600.0,2600.0,2600.0,2600.0,2600.0,0.0,0.0,0.0,0.0,0.0,0.0,0.0,0.0,0.0,0.0,0.0,200.0,0.07692307692307693,2026,4,21,1,111,17,0,0.8660254037844387,-0.49999999999999983,0.9431964659565866,-0.33223549871590435,2600.0,2600.0,2600.0,0.0,0.0
Maharashtra,Raigad,APMC Murud,Cereals,Rice,Other,Local,2500.0,2700.0,2600.0,Rs./Quintal,2026-04-22,0,2600.0,2600.0,2600.0,2600.0,2600.0,2600.0,2600.0,2600.0,2600.0,2600.0,0.0,0.0,0.0,0.0,0.0,0.0,0.0,0.0,0.0,0.0,0.0,200.0,0.07692307692307693,2026,4,22,2,112,17,0,0.8660254037844387,-0.49999999999999983,0.9373419384643772,-0.3484108069446808,2600.0,2600.0,2600.0,0.0,0.0
Maharashtra,Raigad,APMC Murud,Cereals,Rice,Other,Local,2500.0,2700.0,2600.0,Rs./Quintal,2026-04-23,0,2600.0,2600.0,2600.0,2600.0,2600.0,2600.0,2600.0,2600.0,2600.0,2600.0,0.0,0.0,0.0,0.0,0.0,0.0,0.0,0.0,0.0,0.0,0.0,200.0,0.07692307692307693,2026,4,23,3,113,17,0,0.8660254037844387,-0.49999999999999983,0.9312100364121947,-0.3644830148102912,2600.0,2600.0,2600.0,0.0,0.0
Maharashtra,Raigad,APMC Murud,Cereals,Rice,Other,Local,2500.0,2700.0,2600.0,Rs./Quintal,2026-04-24,0,2600.0,2600.0,2600.0,2600.0,2600.0,2600.0,2600.0,2600.0,2600.0,2600.0,0.0,0.0,0.0,0.0,0.0,0.0,0.0,0.0,0.0,0.0,0.0,200.0,0.07692307692307693,2026,4,24,4,114,17,0,0.8660254037844387,-0.49999999999999983,0.9248025743285089,-0.38044736628785164,2600.0,2600.0,2600.0,0.0,0.0
Maharashtra,Raigad,APMC Murud,Cereals,Rice,Other,Local,2500.0,2700.0,2600.0,Rs./Quintal,2026-04-25,0,2600.0,2600.0,2600.0,2600.0,2600.0,2600.0,2600.0,2600.0,2600.0,2600.0,0.0,0.0,0.0,0.0,0.0,0.0,0.0,0.0,0.0,0.0,0.0,200.0,0.07692307692307693,2026,4,25,5,115,17,1,0.8660254037844387,-0.49999999999999983,0.9181214482844365,-0.39629913726891813,2600.0,2600.0,2600.0,0.0,0.0
Maharashtra,Raigad,APMC Murud,Cereals,Rice,Other,Local,2500.0,2700.0,2600.0,Rs./Quintal,2026-04-26,0,2600.0,2600.0,2600.0,2600.0,2600.0,2600.0,2600.0,2600.0,2600.0,2600.0,0.0,0.0,0.0,0.0,0.0,0.0,0.0,0.0,0.0,0.0,0.0,200.0,0.07692307692307693,2026,4,26,6,116,17,1,0.8660254037844387,-0.49999999999999983,0.9111686353326631,-0.41203363695942635,2600.0,2600.0,2600.0,0.0,0.0
Maharashtra,Raigad,APMC Murud,Cereals,Rice,Other,Local,2500.0,2700.0,2600.0,Rs./Quintal,2026-04-27,0,2600.0,2600.0,2600.0,2600.0,2600.0,2600.0,2600.0,2600.0,2600.0,2600.0,0.0,0.0,0.0,0.0,0.0,0.0,0.0,0.0,0.0,0.0,0.0,200.0,0.07692307692307693,2026,4,27,0,117,18,0,0.8660254037844387,-0.49999999999999983,0.9039461929224011,-0.42764620926777464,2600.0,2600.0,2600.0,0.0,0.0
Maharashtra,Raigad,APMC Murud,Cereals,Rice,Other,Local,2500.0,2700.0,2600.0,Rs./Quintal,2026-04-28,0,2600.0,2600.0,2600.0,2600.0,2600.0,2600.0,2600.0,2600.0,2600.0,2600.0,0.0,0.0,0.0,0.0,0.0,0.0,0.0,0.0,0.0,0.0,0.0,200.0,0.07692307692307693,2026,4,28,1,118,18,0,0.8660254037844387,-0.49999999999999983,0.8964562582905575,-0.44313223418263453,2600.0,2600.0,2600.0,0.0,0.0
Maharashtra,Raigad,APMC Murud,Cereals,Rice,Other,Local,2500.0,2700.0,2600.0,Rs./Quintal,2026-04-29,0,2600.0,2600.0,2600.0,2600.0,2600.0,2600.0,2600.0,2600.0,2600.0,2600.0,0.0,0.0,0.0,0.0,0.0,0.0,0.0,0.0,0.0,0.0,0.0,200.0,0.07692307692307693,2026,4,29,2,119,18,0,0.8660254037844387,-0.49999999999999983,0.8887010478292915,-0.45848712914008766,2600.0,2600.0,2600.0,0.0,0.0
Maharashtra,Raigad,APMC Murud,Cereals,Rice,Other,Local,2500.0,2700.0,2600.0,Rs./Quintal,2026-04-30,0,2600.0,2600.0,2600.0,2600.0,2600.0,2600.0,2600.0,2600.0,2600.0,2600.0,0.0,0.0,0.0,0.0,0.0,0.0,0.0,0.0,0.0,0.0,0.0,200.0,0.07692307692307693,2026,4,30,3,120,18,0,0.8660254037844387,-0.49999999999999983,0.8806828564301475,-0.47370635037968,2600.0,2600.0,2600.0,0.0,0.0
Maharashtra,Raigad,APMC Murud,Cereals,Rice,Other,Local,2500.0,2700.0,2600.0,Rs./Quintal,2026-05-01,0,2600.0,2600.0,2600.0,2600.0,2600.0,2600.0,2600.0,2600.0,2600.0,2600.0,0.0,0.0,0.0,0.0,0.0,0.0,0.0,0.0,0.0,0.0,0.0,200.0,0.07692307692307693,2026,5,1,4,121,18,0,0.49999999999999994,-0.8660254037844387,0.8724040568049612,-0.48878539428899265,2600.0,2600.0,2600.0,0.0,0.0
Maharashtra,Raigad,APMC Murud,Cereals,Rice,Other,Local,2500.0,2700.0,2600.0,Rs./Quintal,2026-05-02,0,2600.0,2600.0,2600.0,2600.0,2600.0,2600.0,2600.0,2600.0,2600.0,2600.0,0.0,0.0,0.0,0.0,0.0,0.0,0.0,0.0,0.0,0.0,0.0,200.0,0.07692307692307693,2026,5,2,5,122,18,1,0.49999999999999994,-0.8660254037844387,0.8638670987837349,-0.503719798736334,2600.0,2600.0,2600.0,0.0,0.0
Maharashtra,Raigad,APMC Murud,Cereals,Rice,Other,Local,2500.0,2700.0,2600.0,Rs./Quintal,2026-05-03,0,2600.0,2600.0,2600.0,2600.0,2600.0,2600.0,2600.0,2600.0,2600.0,2600.0,0.0,0.0,0.0,0.0,0.0,0.0,0.0,0.0,0.0,0.0,0.0,200.0,0.07692307692307693,2026,5,3,6,123,18,1,0.49999999999999994,-0.8660254037844387,0.8550745085896932,-0.518505144391157,2600.0,2600.0,2600.0,0.0,0.0
Maharashtra,Raigad,APMC Murud,Cereals,Rice,Other,Local,2500.0,2700.0,2600.0,Rs./Quintal,2026-05-04,0,2600.0,2600.0,2600.0,2600.0,2600.0,2600.0,2600.0,2600.0,2600.0,2600.0,0.0,0.0,0.0,0.0,0.0,0.0,0.0,0.0,0.0,0.0,0.0,200.0,0.07692307692307693,2026,5,4,0,124,19,0,0.49999999999999994,-0.8660254037844387,0.8460288880917339,-0.533137056031809,2600.0,2600.0,2600.0,0.0,0.0
Maharashtra,Raigad,APMC Murud,Cereals,Rice,Other,Local,2500.0,2700.0,2600.0,Rs./Quintal,2026-05-05,0,2600.0,2600.0,2600.0,2600.0,2600.0,2600.0,2600.0,2600.0,2600.0,2600.0,0.0,0.0,0.0,0.0,0.0,0.0,0.0,0.0,0.0,0.0,0.0,200.0,0.07692307692307693,2026,5,5,1,125,19,0,0.49999999999999994,-0.8660254037844387,0.8367329140344921,-0.5476112038402312,2600.0,2600.0,2600.0,0.0,0.0
Maharashtra,Raigad,APMC Murud,Cereals,Rice,Other,Local,2500.0,2700.0,2600.0,Rs./Quintal,2026-05-06,0,2600.0,2600.0,2600.0,2600.0,2600.0,2600.0,2600.0,2600.0,2600.0,2600.0,0.0,0.0,0.0,0.0,0.0,0.0,0.0,0.0,0.0,0.0,0.0,200.0,0.07692307692307693,2026,5,6,2,126,19,0,0.49999999999999994,-0.8660254037844387,0.8271893372462497,-0.5619233046832195,2600.0,2600.0,2600.0,0.0,0.0
Maharashtra,Raigad,APMC Murud,Cereals,Rice,Other,Local,2500.0,2700.0,2600.0,Rs./Quintal,2026-05-07,0,2600.0,2600.0,2600.0,2600.0,2600.0,2600.0,2600.0,2600.0,2600.0,2600.0,0.0,0.0,0.0,0.0,0.0,0.0,0.0,0.0,0.0,0.0,0.0,200.0,0.07692307692307693,2026,5,7,3,127,19,0,0.49999999999999994,-0.8660254037844387,0.8174009818249189,-0.5760691233798758,2600.0,2600.0,2600.0,0.0,0.0
Maharashtra,Raigad,APMC Murud,Cereals,Rice,Other,Local,2500.0,2700.0,2600.0,Rs./Quintal,2026-05-08,0,2600.0,2600.0,2600.0,2600.0,2600.0,2600.0,2600.0,2600.0,2600.0,2600.0,0.0,0.0,0.0,0.0,0.0,0.0,0.0,0.0,0.0,0.0,0.0,200.0,0.07692307692307693,2026,5,8,4,128,19,0,0.49999999999999994,-0.8660254037844387,0.8073707443023492,-0.5900444739548627,2600.0,2600.0,2600.0,0.0,0.0
Maharashtra,Raigad,APMC Murud,Cereals,Rice,Other,Local,2500.0,2700.0,2600.0,Rs./Quintal,2026-05-09,0,2600.0,2600.0,2600.0,2600.0,2600.0,2600.0,2600.0,2600.0,2600.0,2600.0,0.0,0.0,0.0,0.0,0.0,0.0,0.0,0.0,0.0,0.0,0.0,200.0,0.07692307692307693,2026,5,9,5,129,19,1,0.49999999999999994,-0.8660254037844387,0.7971015927871943,-0.6038452208771035,2600.0,2600.0,2600.0,0.0,0.0
Maharashtra,Raigad,APMC Murud,Cereals,Rice,Other,Local,2500.0,2700.0,2600.0,Rs./Quintal,2026-05-10,0,2600.0,2600.0,2600.0,2600.0,2600.0,2600.0,2600.0,2600.0,2600.0,2600.0,0.0,0.0,0.0,0.0,0.0,0.0,0.0,0.0,0.0,0.0,0.0,200.0,0.07692307692307693,2026,5,10,6,130,19,1,0.49999999999999994,-0.8660254037844387,0.7865965660866021,-0.6174672802835514,2600.0,2600.0,2600.0,0.0,0.0
Maharashtra,Raigad,APMC Murud,Cereals,Rice,Other,Local,2500.0,2700.0,2600.0,Rs./Quintal,2026-05-11,0,2600.0,2600.0,2600.0,2600.0,2600.0,2600.0,2600.0,2600.0,2600.0,2600.0,0.0,0.0,0.0,0.0,0.0,0.0,0.0,0.0,0.0,0.0,0.0,200.0,0.07692307692307693,2026,5,11,0,131,20,0,0.49999999999999994,-0.8660254037844387,0.7758587728069828,-0.6309066211876704,2600.0,2600.0,2600.0,0.0,0.0
Maharashtra,Raigad,APMC Murud,Cereals,Rice,Other,Local,2500.0,2700.0,2600.0,Rs./Quintal,2026-05-12,0,2600.0,2600.0,2600.0,2600.0,2600.0,2600.0,2600.0,2600.0,2600.0,2600.0,0.0,0.0,0.0,0.0,0.0,0.0,0.0,0.0,0.0,0.0,0.0,200.0,0.07692307692307693,2026,5,12,1,132,20,0,0.49999999999999994,-0.8660254037844387,0.7648913904341226,-0.6441592666722685,2600.0,2600.0,2600.0,0.0,0.0
Maharashtra,Raigad,APMC Murud,Cereals,Rice,Other,Local,2500.0,2700.0,2600.0,Rs./Quintal,2026-05-13,0,2600.0,2600.0,2600.0,2600.0,2600.0,2600.0,2600.0,2600.0,2600.0,2600.0,0.0,0.0,0.0,0.0,0.0,0.0,0.0,0.0,0.0,0.0,0.0,200.0,0.07692307692307693,2026,5,13,2,133,20,0,0.49999999999999994,-0.8660254037844387,0.753697664392914,-0.6572212950663319,2600.0,2600.0,2600.0,0.0,0.0
Maharashtra,Raigad,APMC Murud,Cereals,Rice,Other,Local,2500.0,2700.0,2600.0,Rs./Quintal,2026-05-14,0,2600.0,2600.0,2600.0,2600.0,2600.0,2600.0,2600.0,2600.0,2600.0,2600.0,0.0,0.0,0.0,0.0,0.0,0.0,0.0,0.0,0.0,0.0,0.0,200.0,0.07692307692307693,2026,5,14,3,134,20,0,0.49999999999999994,-0.8660254037844387,0.742280907086982,-0.6700888411055113,2600.0,2600.0,2600.0,0.0,0.0
Maharashtra,Raigad,APMC Murud,Cereals,Rice,Other,Local,2500.0,2700.0,2600.0,Rs./Quintal,2026-05-15,0,2600.0,2600.0,2600.0,2600.0,2600.0,2600.0,2600.0,2600.0,2600.0,2600.0,0.0,0.0,0.0,0.0,0.0,0.0,0.0,0.0,0.0,0.0,0.0,200.0,0.07692307692307693,2026,5,15,4,135,20,0,0.49999999999999994,-0.8660254037844387,0.7306444969184916,-0.6827580970759147,2600.0,2600.0,2600.0,0.0,0.0
Maharashtra,Raigad,APMC Murud,Cereals,Rice,Other,Local,2500.0,2700.0,2600.0,Rs./Quintal,2026-05-16,0,2600.0,2600.0,2600.0,2600.0,2600.0,2600.0,2600.0,2600.0,2600.0,2600.0,0.0,0.0,0.0,0.0,0.0,0.0,0.0,0.0,0.0,0.0,0.0,200.0,0.07692307692307693,2026,5,16,5,136,20,1,0.49999999999999994,-0.8660254037844387,0.7187918772884232,-0.6952253139408723,2600.0,2600.0,2600.0,0.0,0.0
Maharashtra,Raigad,APMC Murud,Cereals,Rice,Other,Local,2500.0,2700.0,2600.0,Rs./Quintal,2026-05-17,0,2600.0,2600.0,2600.0,2600.0,2600.0,2600.0,2600.0,2600.0,2600.0,2600.0,0.0,0.0,0.0,0.0,0.0,0.0,0.0,0.0,0.0,0.0,0.0,200.0,0.07692307692307693,2026,5,17,6,137,20,1,0.49999999999999994,-0.8660254037844387,0.7067265555776159,-0.7074868024503348,2600.0,2600.0,2600.0,0.0,0.0
Maharashtra,Raigad,APMC Murud,Cereals,Rice,Other,Local,2500.0,2700.0,2600.0,Rs./Quintal,2026-05-18,0,2600.0,2600.0,2600.0,2600.0,2600.0,2600.0,2600.0,2600.0,2600.0,2600.0,0.0,0.0,0.0,0.0,0.0,0.0,0.0,0.0,0.0,0.0,0.0,200.0,0.07692307692307693,2026,5,18,0,138,21,0,0.49999999999999994,-0.8660254037844387,0.6944521021088763,-0.719538934232584,2600.0,2600.0,2600.0,0.0,0.0
Maharashtra,Raigad,APMC Murud,Cereals,Rice,Other,Local,2500.0,2700.0,2600.0,Rs./Quintal,2026-05-19,0,2600.0,2600.0,2600.0,2600.0,2600.0,2600.0,2600.0,2600.0,2600.0,2600.0,0.0,0.0,0.0,0.0,0.0,0.0,0.0,0.0,0.0,0.0,0.0,200.0,0.07692307692307693,2026,5,19,1,139,21,0,0.49999999999999994,-0.8660254037844387,0.6819721490904629,-0.7313781428679254,2600.0,2600.0,2600.0,0.0,0.0
Maharashtra,Raigad,APMC Murud,Cereals,Rice,Other,Local,2500.0,2700.0,2600.0,Rs./Quintal,2026-05-20,0,2600.0,2600.0,2600.0,2600.0,2600.0,2600.0,2600.0,2600.0,2600.0,2600.0,0.0,0.0,0.0,0.0,0.0,0.0,0.0,0.0,0.0,0.0,0.0,200.0,0.07692307692307693,2026,5,20,2,140,21,0,0.49999999999999994,-0.8660254037844387,0.6692903895412567,-0.7430009249440493,2600.0,2600.0,2600.0,0.0,0.0
Maharashtra,Raigad,APMC Murud,Cereals,Rice,Other,Local,2500.0,2700.0,2600.0,Rs./Quintal,2026-05-21,0,2600.0,2600.0,2600.0,2600.0,2600.0,2600.0,2600.0,2600.0,2600.0,2600.0,0.0,0.0,0.0,0.0,0.0,0.0,0.0,0.0,0.0,0.0,0.0,200.0,0.07692307692307693,2026,5,21,3,141,21,0,0.49999999999999994,-0.8660254037844387,0.6564105761979381,-0.7544038410927472,2600.0,2600.0,2600.0,0.0,0.0
Maharashtra,Raigad,APMC Murud,Cereals,Rice,Other,Local,2500.0,2700.0,2600.0,Rs./Quintal,2026-05-22,0,2600.0,2600.0,2600.0,2600.0,2600.0,2600.0,2600.0,2600.0,2600.0,2600.0,0.0,0.0,0.0,0.0,0.0,0.0,0.0,0.0,0.0,0.0,0.0,200.0,0.07692307692307693,2026,5,22,4,142,21,0,0.49999999999999994,-0.8660254037844387,0.6433365204044917,-0.765583517007675,2600.0,2600.0,2600.0,0.0,0.0
Maharashtra,Raigad,APMC Murud,Cereals,Rice,Other,Local,2500.0,2700.0,2600.0,Rs./Quintal,2026-05-23,0,2600.0,2600.0,2600.0,2600.0,2600.0,2600.0,2600.0,2600.0,2600.0,2600.0,0.0,0.0,0.0,0.0,0.0,0.0,0.0,0.0,0.0,0.0,0.0,200.0,0.07692307692307693,2026,5,23,5,143,21,1,0.49999999999999994,-0.8660254037844387,0.6300720909843687,-0.7765366444428655,2600.0,2600.0,2600.0,0.0,0.0
Maharashtra,Raigad,APMC Murud,Cereals,Rice,Other,Local,2500.0,2700.0,2600.0,Rs./Quintal,2026-05-24,0,2600.0,2600.0,2600.0,2600.0,2600.0,2600.0,2600.0,2600.0,2600.0,2600.0,0.0,0.0,0.0,0.0,0.0,0.0,0.0,0.0,0.0,0.0,0.0,200.0,0.07692307692307693,2026,5,24,6,144,21,1,0.49999999999999994,-0.8660254037844387,0.6166212130956382,-0.7872599821916922,2600.0,2600.0,2600.0,0.0,0.0
Maharashtra,Raigad,APMC Murud,Cereals,Rice,Other,Local,2500.0,2700.0,2600.0,Rs./Quintal,2026-05-25,0,2600.0,2600.0,2600.0,2600.0,2600.0,2600.0,2600.0,2600.0,2600.0,2600.0,0.0,0.0,0.0,0.0,0.0,0.0,0.0,0.0,0.0,0.0,0.0,200.0,0.07692307692307693,2026,5,25,0,145,22,0,0.49999999999999994,-0.8660254037844387,0.6029878670694714,-0.7977503570459932,2600.0,2600.0,2600.0,0.0,0.0
Maharashtra,Raigad,APMC Murud,Cereals,Rice,Other,Local,2500.0,2700.0,2600.0,Rs./Quintal,2026-05-26,0,2600.0,2600.0,2600.0,2600.0,2600.0,2600.0,2600.0,2600.0,2600.0,2600.0,0.0,0.0,0.0,0.0,0.0,0.0,0.0,0.0,0.0,0.0,0.0,200.0,0.07692307692307693,2026,5,26,1,146,22,0,0.49999999999999994,-0.8660254037844387,0.5891760872322963,-0.8080046647350754,2600.0,2600.0,2600.0,0.0,0.0
Maharashtra,Raigad,APMC Murud,Cereals,Rice,Other,Local,2500.0,2700.0,2600.0,Rs./Quintal,2026-05-27,0,2600.0,2600.0,2600.0,2600.0,2600.0,2600.0,2600.0,2600.0,2600.0,2600.0,0.0,0.0,0.0,0.0,0.0,0.0,0.0,0.0,0.0,0.0,0.0,200.0,0.07692307692307693,2026,5,27,2,147,22,0,0.49999999999999994,-0.8660254037844387,0.5751899607119775,-0.8180198708443175,2600.0,2600.0,2600.0,0.0,0.0
Maharashtra,Raigad,APMC Murud,Cereals,Rice,Other,Local,2500.0,2700.0,2600.0,Rs./Quintal,2026-05-28,0,2600.0,2600.0,2600.0,2600.0,2600.0,2600.0,2600.0,2600.0,2600.0,2600.0,0.0,0.0,0.0,0.0,0.0,0.0,0.0,0.0,0.0,0.0,0.0,200.0,0.07692307692307693,2026,5,28,3,148,22,0,0.49999999999999994,-0.8660254037844387,0.5610336262283677,-0.8277930117131022,2600.0,2600.0,2600.0,0.0,0.0
Maharashtra,Raigad,APMC Murud,Cereals,Rice,Other,Local,2500.0,2700.0,2600.0,Rs./Quintal,2026-05-29,0,2600.0,2600.0,2600.0,2600.0,2600.0,2600.0,2600.0,2600.0,2600.0,2600.0,0.0,0.0,0.0,0.0,0.0,0.0,0.0,0.0,0.0,0.0,0.0,200.0,0.07692307692307693,2026,5,29,4,149,22,0,0.49999999999999994,-0.8660254037844387,0.5467112728685939,-0.8373211953118121,2600.0,2600.0,2600.0,0.0,0.0
Maharashtra,Raigad,APMC Murud,Cereals,Rice,Other,Local,2500.0,2700.0,2600.0,Rs./Quintal,2026-05-30,0,2600.0,2600.0,2600.0,2600.0,2600.0,2600.0,2600.0,2600.0,2600.0,2600.0,0.0,0.0,0.0,0.0,0.0,0.0,0.0,0.0,0.0,0.0,0.0,200.0,0.07692307692307693,2026,5,30,5,150,22,1,0.49999999999999994,-0.8660254037844387,0.5322271388474397,-0.8466016020976267,2600.0,2600.0,2600.0,0.0,0.0
Maharashtra,Raigad,APMC Murud,Cereals,Rice,Other,Local,2500.0,2700.0,2600.0,Rs./Quintal,2026-05-31,0,2600.0,2600.0,2600.0,2600.0,2600.0,2600.0,2600.0,2600.0,2600.0,2600.0,0.0,0.0,0.0,0.0,0.0,0.0,0.0,0.0,0.0,0.0,0.0,200.0,0.07692307692307693,2026,5,31,6,151,22,1,0.49999999999999994,-0.8660254037844387,0.5175855102531889,-0.8556314858488706,2600.0,2600.0,2600.0,0.0,0.0
Maharashtra,Raigad,APMC Murud,Cereals,Rice,Other,Local,2500.0,2700.0,2600.0,Rs./Quintal,2026-06-01,0,2600.0,2600.0,2600.0,2600.0,2600.0,2600.0,2600.0,2600.0,2600.0,2600.0,0.0,0.0,0.0,0.0,0.0,0.0,0.0,0.0,0.0,0.0,0.0,200.0,0.07692307692307693,2026,6,1,0,152,23,0,1.2246467991473532e-16,-1.0,0.5027907197793043,-0.8644081744776648,2600.0,2600.0,2600.0,0.0,0.0
Maharashtra,Raigad,APMC Murud,Cereals,Rice,Other,Local,2500.0,2700.0,2600.0,Rs./Quintal,2026-06-02,0,2600.0,2600.0,2600.0,2600.0,2600.0,2600.0,2600.0,2600.0,2600.0,2600.0,0.0,0.0,0.0,0.0,0.0,0.0,0.0,0.0,0.0,0.0,0.0,200.0,0.07692307692307693,2026,6,2,1,153,23,0,1.2246467991473532e-16,-1.0,0.4878471454423119,-0.8729290708206411,2600.0,2600.0,2600.0,0.0,0.0
Maharashtra,Raigad,APMC Murud,Cereals,Rice,Other,Local,2500.0,2700.0,2600.0,Rs./Quintal,2026-06-03,0,2600.0,2600.0,2600.0,2600.0,2600.0,2600.0,2600.0,2600.0,2600.0,2600.0,0.0,0.0,0.0,0.0,0.0,0.0,0.0,0.0,0.0,0.0,0.0,200.0,0.07692307692307693,2026,6,3,2,154,23,0,1.2246467991473532e-16,-1.0,0.47275920928627757,-0.881191653407483,2600.0,2600.0,2600.0,0.0,0.0
Maharashtra,Raigad,APMC Murud,Cereals,Rice,Other,Local,2500.0,2700.0,2600.0,Rs./Quintal,2026-06-04,0,2600.0,2600.0,2600.0,2600.0,2600.0,2600.0,2600.0,2600.0,2600.0,2600.0,0.0,0.0,0.0,0.0,0.0,0.0,0.0,0.0,0.0,0.0,0.0,200.0,0.07692307692307693,2026,6,4,3,155,23,0,1.2246467991473532e-16,-1.0,0.4575313760742512,-0.8891934772070711,2600.0,2600.0,2600.0,0.0,0.0
Maharashtra,Raigad,APMC Murud,Cereals,Rice,Other,Local,2500.0,2700.0,2600.0,Rs./Quintal,2026-06-05,0,2600.0,2600.0,2600.0,2600.0,2600.0,2600.0,2600.0,2600.0,2600.0,2600.0,0.0,0.0,0.0,0.0,0.0,0.0,0.0,0.0,0.0,0.0,0.0,200.0,0.07692307692307693,2026,6,5,4,156,23,0,1.2246467991473532e-16,-1.0,0.44216815196707204,-0.8969321743510065,2600.0,2600.0,4250.0,0.0,1650.0
Maharashtra,Raigad,APMC Murud,Cereals,Rice,Other,Local,2500.0,2700.0,2600.0,Rs./Quintal,2026-06-06,0,2600.0,2600.0,2600.0,2600.0,2600.0,2600.0,2600.0,2600.0,2600.0,2600.0,0.0,0.0,0.0,0.0,0.0,0.0,0.0,0.0,0.0,0.0,0.0,200.0,0.07692307692307693,2026,6,6,5,157,23,1,1.2246467991473532e-16,-1.0,0.42667408318992467,-0.9044054548343001,2600.0,2600.0,4250.0,0.0,1650.0
Maharashtra,Raigad,APMC Murud,Cereals,Rice,Other,Local,2500.0,2700.0,2600.0,Rs./Quintal,2026-06-07,0,2600.0,2600.0,2600.0,2600.0,2600.0,2600.0,2600.0,2600.0,2600.0,2600.0,0.0,0.0,0.0,0.0,0.0,0.0,0.0,0.0,0.0,0.0,0.0,200.0,0.07692307692307693,2026,6,7,6,158,23,1,1.2246467991473532e-16,-1.0,0.4110537546870351,-0.9116111071930239,2600.0,2600.0,4250.0,0.0,1650.0
Maharashtra,Raigad,APMC Murud,Cereals,Rice,Other,Local,2500.0,2700.0,2600.0,Rs./Quintal,2026-06-08,0,2600.0,2600.0,2600.0,2600.0,2600.0,2600.0,2600.0,2600.0,2600.0,2600.0,0.0,0.0,0.0,0.0,0.0,0.0,0.0,0.0,0.0,0.0,0.0,200.0,0.07692307692307693,2026,6,8,0,159,24,0,1.2246467991473532e-16,-1.0,0.3953117887649151,-0.9185469991587165,2600.0,2600.0,4250.0,0.0,1650.0
Maharashtra,Raigad,APMC Murud,Cereals,Rice,Other,Local,2500.0,2700.0,2600.0,Rs./Quintal,2026-06-09,0,2600.0,2600.0,2600.0,2600.0,2600.0,2600.0,2600.0,2600.0,2600.0,2600.0,0.0,0.0,0.0,0.0,0.0,0.0,0.0,0.0,0.0,0.0,0.0,200.0,0.07692307692307693,2026,6,9,1,160,24,0,1.2246467991473532e-16,-1.0,0.37945284372454435,-0.925211078289358,2600.0,4250.0,4250.0,1650.0,1650.0
Maharashtra,Raigad,APMC Murud,Cereals,Rice,Other,Local,2500.0,2700.0,2600.0,Rs./Quintal,2026-06-10,0,2600.0,2600.0,2600.0,2600.0,2600.0,2600.0,2600.0,2600.0,2600.0,2600.0,0.0,0.0,0.0,0.0,0.0,0.0,0.0,0.0,0.0,0.0,0.0,200.0,0.07692307692307693,2026,6,10,2,161,24,0,1.2246467991473532e-16,-1.0,0.36348161248290634,-0.9316013725767187,2600.0,4250.0,4250.0,1650.0,1650.0
Maharashtra,Raigad,APMC Murud,Cereals,Rice,Other,Local,2500.0,2700.0,2600.0,Rs./Quintal,2026-06-11,0,2600.0,2600.0,2600.0,2600.0,2600.0,2600.0,2600.0,2600.0,2600.0,2600.0,0.0,0.0,0.0,0.0,0.0,0.0,0.0,0.0,0.0,0.0,0.0,200.0,0.07692307692307693,2026,6,11,3,162,24,0,1.2246467991473532e-16,-1.0,0.3474028211842774,-0.9377159910299093,4250.0,4250.0,4250.0,1650.0,1650.0
Maharashtra,Raigad,APMC Murud,Cereals,Rice,Other,Local,4000.0,4500.0,4250.0,Rs./Quintal,2026-06-12,0,2600.0,2600.0,2600.0,2600.0,2600.0,2600.0,3150.0,2835.714285714286,2717.8571428571427,2655.0,623.6413804652249,440.9810491555003,301.24740662784137,1650.0,63.46153846153846,1650.0,63.46153846153846,1650.0,63.46153846153846,1650.0,63.46153846153846,500.0,0.11764705882352941,2026,6,12,4,163,24,0,1.2246467991473532e-16,-1.0,0.3312212278016865,-0.9435531242349544,4250.0,4250.0,4250.0,0.0,0.0
Maharashtra,Raigad,APMC Murud,Cereals,Rice,Other,Local,4000.0,4500.0,4250.0,Rs./Quintal,2026-06-13,0,4250.0,2600.0,2600.0,2600.0,2600.0,2600.0,3700.0,3071.4285714285716,2835.714285714286,2710.0,805.1175601825398,599.1752573421145,418.618417309063,0.0,0.0,1650.0,63.46153846153846,1650.0,63.46153846153846,1650.0,63.46153846153846,500.0,0.11764705882352941,2026,6,13,5,164,24,1,1.2246467991473532e-16,-1.0,0.31494162072895193,-0.9491110448902284,4250.0,4250.0,4250.0,0.0,0.0
Maharashtra,Raigad,APMC Murud,Cereals,Rice,Other,Local,4000.0,4500.0,4250.0,Rs./Quintal,2026-06-14,0,4250.0,4250.0,2600.0,2600.0,2600.0,2600.0,4250.0,3307.1428571428573,2953.5714285714284,2765.0,881.9620983110004,702.5952674834283,503.4621514384517,0.0,0.0,1650.0,63.46153846153846,1650.0,63.46153846153846,1650.0,63.46153846153846,500.0,0.11764705882352941,2026,6,14,6,165,24,1,1.2246467991473532e-16,-1.0,0.2985688173637202,-0.9543881083175908,4250.0,4250.0,4250.0,0.0,0.0
Maharashtra,Raigad,APMC Murud,Cereals,Rice,Other,Local,4000.0,4500.0,4250.0,Rs./Quintal,2026-06-15,0,4250.0,4250.0,4250.0,2600.0,2600.0,2600.0,4250.0,3542.8571428571427,3071.4285714285716,2820.0,881.9620983110004,773.5319310485178,570.4807410089046,0.0,0.0,0.0,0.0,1650.0,63.46153846153846,1650.0,63.46153846153846,500.0,0.11764705882352941,2026,6,15,0,166,25,0,1.2246467991473532e-16,-1.0,0.2821076626819194,-0.9593827529490743,4250.0,4250.0,4250.0,0.0,0.0
Maharashtra,Raigad,APMC Murud,Cereals,Rice,Other,Local,4000.0,4500.0,4250.0,Rs./Quintal,2026-06-16,0,4250.0,4250.0,4250.0,2600.0,2600.0,2600.0,4250.0,3778.5714285714284,3189.285714285714,2875.0,805.1175601825398,820.4545108630978,625.4308859525953,0.0,0.0,0.0,0.0,1650.0,63.46153846153846,1650.0,63.46153846153846,500.0,0.11764705882352941,2026,6,16,1,167,25,0,1.2246467991473532e-16,-1.0,0.26556302780405594,-0.9640935007889755,4250.0,4250.0,4250.0,0.0,0.0
Maharashtra,Raigad,APMC Murud,Cereals,Rice,Other,Local,4000.0,4500.0,4250.0,Rs./Quintal,2026-06-17,0,4250.0,4250.0,4250.0,2600.0,2600.0,2600.0,4250.0,4014.285714285714,3307.1428571428573,2930.0,623.6413804652249,847.3617751716082,671.2828685846022,0.0,0.0,0.0,0.0,1650.0,63.46153846153846,1650.0,63.46153846153846,500.0,0.11764705882352941,2026,6,17,2,168,25,0,1.2246467991473532e-16,-1.0,0.24893980855376657,-0.9685189578512204,4250.0,4250.0,4250.0,0.0,0.0
Maharashtra,Raigad,APMC Murud,Cereals,Rice,Other,Local,4000.0,4500.0,4250.0,Rs./Quintal,2026-06-18,0,4250.0,4250.0,4250.0,2600.0,2600.0,2600.0,4250.0,4250.0,3425.0,2985.0,0.0,856.1429607435726,709.8020608009259,0.0,0.0,0.0,0.0,1650.0,63.46153846153846,1650.0,63.46153846153846,500.0,0.11764705882352941,2026,6,18,3,169,25,0,1.2246467991473532e-16,-1.0,0.23224292400907015,-0.9726578145718654,4250.0,4250.0,4250.0,0.0,0.0
Maharashtra,Raigad,APMC Murud,Cereals,Rice,Other,Local,4000.0,4500.0,4250.0,Rs./Quintal,2026-06-19,0,4250.0,4250.0,4250.0,4250.0,2600.0,2600.0,4250.0,4250.0,3542.8571428571427,3040.0,0.0,847.3617751716087,742.1311344295259,0.0,0.0,0.0,0.0,0.0,0.0,1650.0,63.46153846153846,500.0,0.11764705882352941,2026,6,19,4,170,25,0,1.2246467991473532e-16,-1.0,0.21547731504673012,-0.976508846196619,4250.0,4250.0,4250.0,0.0,0.0
Maharashtra,Raigad,APMC Murud,Cereals,Rice,Other,Local,4000.0,4500.0,4250.0,Rs./Quintal,2026-06-20,0,4250.0,4250.0,4250.0,4250.0,2600.0,2600.0,4250.0,4250.0,3660.714285714286,3095.0,0.0,820.4545108630986,769.0511395040083,0.0,0.0,0.0,0.0,0.0,0.0,1650.0,63.46153846153846,500.0,0.11764705882352941,2026,6,20,5,171,25,1,1.2246467991473532e-16,-1.0,0.19864794288017112,-0.9800709131432666,4250.0,4250.0,4250.0,0.0,0.0
Maharashtra,Raigad,APMC Murud,Cereals,Rice,Other,Local,4000.0,4500.0,4250.0,Rs./Quintal,2026-06-21,0,4250.0,4250.0,4250.0,4250.0,2600.0,2600.0,4250.0,4250.0,3778.5714285714284,3150.0,0.0,773.5319310485188,791.1144474508837,0.0,0.0,0.0,0.0,0.0,0.0,1650.0,63.46153846153846,500.0,0.11764705882352941,2026,6,21,6,172,25,1,1.2246467991473532e-16,-1.0,0.18175978759137534,-0.9833429613388902,4250.0,4250.0,4250.0,0.0,0.0
Maharashtra,Raigad,APMC Murud,Cereals,Rice,Other,Local,4000.0,4500.0,4250.0,Rs./Quintal,2026-06-22,0,4250.0,4250.0,4250.0,4250.0,2600.0,2600.0,4250.0,4250.0,3896.4285714285716,3205.0,0.0,702.5952674834297,808.7186544583755,0.0,0.0,0.0,0.0,0.0,0.0,1650.0,63.46153846153846,500.0,0.11764705882352941,2026,6,22,0,173,26,0,1.2246467991473532e-16,-1.0,0.16481784665719793,-0.9863240225317866,4250.0,4250.0,4250.0,0.0,0.0
Maharashtra,Raigad,APMC Murud,Cereals,Rice,Other,Local,4000.0,4500.0,4250.0,Rs./Quintal,2026-06-23,0,4250.0,4250.0,4250.0,4250.0,2600.0,2600.0,4250.0,4250.0,4014.285714285714,3260.0,0.0,599.1752573421164,822.1502505520256,0.0,0.0,0.0,0.0,0.0,0.0,1650.0,63.46153846153846,500.0,0.11764705882352941,2026,6,23,1,174,26,0,1.2246467991473532e-16,-1.0,0.14782713347053048,-0.9890132145779883,4250.0,4250.0,4250.0,0.0,0.0
Maharashtra,Raigad,APMC Murud,Cereals,Rice,Other,Local,4000.0,4500.0,4250.0,Rs./Quintal,2026-06-24,0,4250.0,4250.0,4250.0,4250.0,2600.0,2600.0,4250.0,4250.0,4132.142857142857,3315.0,0.0,440.9810491555033,831.6114394396559,0.0,0.0,0.0,0.0,0.0,0.0,1650.0,63.46153846153846,500.0,0.11764705882352941,2026,6,24,2,175,26,0,1.2246467991473532e-16,-1.0,0.13079267585675922,-0.9914097417023038,4250.0,4250.0,4250.0,0.0,0.0
Maharashtra,Raigad,APMC Murud,Cereals,Rice,Other,Local,4000.0,4500.0,4250.0,Rs./Quintal,2026-06-25,0,4250.0,4250.0,4250.0,4250.0,2600.0,2600.0,4250.0,4250.0,4250.0,3370.0,0.0,0.0,837.236834618126,0.0,0.0,0.0,0.0,0.0,0.0,1650.0,63.46153846153846,500.0,0.11764705882352941,2026,6,25,3,176,26,0,1.2246467991473532e-16,-1.0,0.11371951458594969,-0.9935128947338007,4250.0,4250.0,4250.0,0.0,0.0
Maharashtra,Raigad,APMC Murud,Cereals,Rice,Other,Local,4000.0,4500.0,4250.0,Rs./Quintal,2026-06-26,0,4250.0,4250.0,4250.0,4250.0,4250.0,2600.0,4250.0,4250.0,4250.0,3425.0,0.0,0.0,839.1035857307528,0.0,0.0,0.0,0.0,0.0,0.0,0.0,0.0,500.0,0.11764705882352941,2026,6,26,4,177,26,0,1.2246467991473532e-16,-1.0,0.0966127018812031,-0.9953220513156602,4250.0,4250.0,4250.0,0.0,0.0
Maharashtra,Raigad,APMC Murud,Cereals,Rice,Other,Local,4000.0,4500.0,4250.0,Rs./Quintal,2026-06-27,0,4250.0,4250.0,4250.0,4250.0,4250.0,2600.0,4250.0,4250.0,4250.0,3480.0,0.0,0.0,837.236834618126,0.0,0.0,0.0,0.0,0.0,0.0,0.0,0.0,500.0,0.11764705882352941,2026,6,27,5,178,26,1,1.2246467991473532e-16,-1.0,0.07947729992362097,-0.9968366760893436,4250.0,4250.0,4250.0,0.0,0.0
Maharashtra,Raigad,APMC Murud,Cereals,Rice,Other,Local,4000.0,4500.0,4250.0,Rs./Quintal,2026-06-28,0,4250.0,4250.0,4250.0,4250.0,4250.0,2600.0,4250.0,4250.0,4250.0,3535.0,0.0,0.0,831.6114394396559,0.0,0.0,0.0,0.0,0.0,0.0,0.0,0.0,500.0,0.11764705882352941,2026,6,28,6,179,26,1,1.2246467991473532e-16,-1.0,0.062318379354325076,-0.998056320853012,4250.0,4250.0,4250.0,0.0,0.0
Maharashtra,Raigad,APMC Murud,Cereals,Rice,Other,Local,4000.0,4500.0,4250.0,Rs./Quintal,2026-06-29,0,4250.0,4250.0,4250.0,4250.0,4250.0,2600.0,4250.0,4250.0,4250.0,3590.0,0.0,0.0,822.1502505520256,0.0,0.0,0.0,0.0,0.0,0.0,0.0,0.0,500.0,0.11764705882352941,2026,6,29,0,180,27,0,1.2246467991473532e-16,-1.0,0.04514101777397193,-0.9989806246941579,4250.0,4250.0,4250.0,0.0,0.0
Maharashtra,Raigad,APMC Murud,Cereals,Rice,Other,Local,4000.0,4500.0,4250.0,Rs./Quintal,2026-06-30,0,4250.0,4250.0,4250.0,4250.0,4250.0,2600.0,4250.0,4250.0,4250.0,3645.0,0.0,0.0,808.7186544583755,0.0,0.0,0.0,0.0,0.0,0.0,0.0,0.0,500.0,0.11764705882352941,2026,6,30,1,181,27,0,1.2246467991473532e-16,-1.0,0.02795029824021032,-0.999609314096404,4250.0,4250.0,4250.0,0.0,0.0
Maharashtra,Raigad,APMC Murud,Cereals,Rice,Other,Local,4000.0,4500.0,4250.0,Rs./Quintal,2026-07-01,0,4250.0,4250.0,4250.0,4250.0,4250.0,2600.0,4250.0,4250.0,4250.0,3700.0,0.0,0.0,791.1144474508837,0.0,0.0,0.0,0.0,0.0,0.0,0.0,0.0,500.0,0.11764705882352941,2026,7,1,2,182,27,0,-0.4999999999999998,-0.8660254037844388,0.01075130776352193,-0.9999422030204416,4250.0,4250.0,4250.0,0.0,0.0
Maharashtra,Raigad,APMC Murud,Cereals,Rice,Other,Local,4000.0,4500.0,4250.0,Rs./Quintal,2026-07-02,0,4250.0,4250.0,4250.0,4250.0,4250.0,2600.0,4250.0,4250.0,4250.0,3755.0,0.0,0.0,769.0511395040083,0.0,0.0,0.0,0.0,0.0,0.0,0.0,0.0,500.0,0.11764705882352941,2026,7,2,3,183,27,0,-0.4999999999999998,-0.8660254037844388,-0.00645086419810515,-0.9999791929590823,4250.0,4250.0,4250.0,0.0,0.0
Maharashtra,Raigad,APMC Murud,Cereals,Rice,Other,Local,4000.0,4500.0,4250.0,Rs./Quintal,2026-07-03,0,4250.0,4250.0,4250.0,4250.0,4250.0,2600.0,4250.0,4250.0,4250.0,3810.0,0.0,0.0,742.1311344295259,0.0,0.0,0.0,0.0,0.0,0.0,0.0,0.0,500.0,0.11764705882352941,2026,7,3,4,184,27,0,-0.4999999999999998,-0.8660254037844388,-0.023651127245231586,-0.9997202729664083,4250.0,4250.0,4250.0,0.0,0.0
Maharashtra,Raigad,APMC Murud,Cereals,Rice,Other,Local,4000.0,4500.0,4250.0,Rs./Quintal,2026-07-04,0,4250.0,4250.0,4250.0,4250.0,4250.0,2600.0,4250.0,4250.0,4250.0,3865.0,0.0,0.0,709.8020608009259,0.0,0.0,0.0,0.0,0.0,0.0,0.0,0.0,500.0,0.11764705882352941,2026,7,4,5,185,27,1,-0.4999999999999998,-0.8660254037844388,-0.04084439154329611,-0.9991655196610109,4250.0,4250.0,4250.0,0.0,0.0
Maharashtra,Raigad,APMC Murud,Cereals,Rice,Other,Local,4000.0,4500.0,4250.0,Rs./Quintal,2026-07-05,0,4250.0,4250.0,4250.0,4250.0,4250.0,2600.0,4250.0,4250.0,4250.0,3920.0,0.0,0.0,671.2828685846022,0.0,0.0,0.0,0.0,0.0,0.0,0.0,0.0,500.0,0.11764705882352941,2026,7,5,6,186,27,1,-0.4999999999999998,-0.8660254037844388,-0.05802556932878035,-0.9983150972033183,4250.0,4250.0,4250.0,0.0,0.0
Maharashtra,Raigad,APMC Murud,Cereals,Rice,Other,Local,4000.0,4500.0,4250.0,Rs./Quintal,2026-07-06,0,4250.0,4250.0,4250.0,4250.0,4250.0,2600.0,4250.0,4250.0,4250.0,3975.0,0.0,0.0,625.4308859525953,0.0,0.0,0.0,0.0,0.0,0.0,0.0,0.0,500.0,0.11764705882352941,2026,7,6,0,187,28,0,-0.4999999999999998,-0.8660254037844388,-0.07518957641475855,-0.9971692572470178,4250.0,4250.0,4250.0,0.0,0.0
Maharashtra,Raigad,APMC Murud,Cereals,Rice,Other,Local,4000.0,4500.0,4250.0,Rs./Quintal,2026-07-07,0,4250.0,4250.0,4250.0,4250.0,4250.0,2600.0,4250.0,4250.0,4250.0,4030.0,0.0,0.0,570.4807410089046,0.0,0.0,0.0,0.0,0.0,0.0,0.0,0.0,500.0,0.11764705882352941,2026,7,7,1,188,28,0,-0.4999999999999998,-0.8660254037844388,-0.09233133369539123,-0.9957283388645872,4250.0,4250.0,4250.0,0.0,0.0
Maharashtra,Raigad,APMC Murud,Cereals,Rice,Other,Local,4000.0,4500.0,4250.0,Rs./Quintal,2026-07-08,0,4250.0,4250.0,4250.0,4250.0,4250.0,2600.0,4250.0,4250.0,4250.0,4085.0,0.0,0.0,503.46215143845166,0.0,0.0,0.0,0.0,0.0,0.0,0.0,0.0,500.0,0.11764705882352941,2026,7,8,2,189,28,0,-0.4999999999999998,-0.8660254037844388,-0.10944576864891556,-0.993992768446958,4250.0,4250.0,4250.0,0.0,0.0
Maharashtra,Raigad,APMC Murud,Cereals,Rice,Other,Local,4000.0,4500.0,4250.0,Rs./Quintal,2026-07-09,0,4250.0,4250.0,4250.0,4250.0,4250.0,2600.0,4250.0,4250.0,4250.0,4140.0,0.0,0.0,418.618417309063,0.0,0.0,0.0,0.0,0.0,0.0,0.0,0.0,500.0,0.11764705882352941,2026,7,9,3,190,28,0,-0.4999999999999998,-0.8660254037844388,-0.12652781683868314,-0.9919630595773397,4250.0,4250.0,4250.0,0.0,0.0
Maharashtra,Raigad,APMC Murud,Cereals,Rice,Other,Local,4000.0,4500.0,4250.0,Rs./Quintal,2026-07-10,0,4250.0,4250.0,4250.0,4250.0,4250.0,2600.0,4250.0,4250.0,4250.0,4195.0,0.0,0.0,301.2474066278413,0.0,0.0,0.0,0.0,0.0,0.0,0.0,0.0,500.0,0.11764705882352941,2026,7,10,4,191,28,0,-0.4999999999999998,-0.8660254037844388,-0.1435724234118113,-0.9896398128792412,4250.0,4250.0,4250.0,0.0,0.0
Maharashtra,Raigad,APMC Murud,Cereals,Rice,Other,Local,4000.0,4500.0,4250.0,Rs./Quintal,2026-07-11,0,4250.0,4250.0,4250.0,4250.0,4250.0,2600.0,4250.0,4250.0,4250.0,4250.0,0.0,0.0,0.0,0.0,0.0,0.0,0.0,0.0,0.0,0.0,0.0,500.0,0.11764705882352941,2026,7,11,5,192,28,1,-0.4999999999999998,-0.8660254037844388,-0.16057454459499376,-0.9870237158387383,4250.0,4250.0,4250.0,0.0,0.0
Maharashtra,Raigad,APMC Murud,Cereals,Rice,Other,Local,4000.0,4500.0,4250.0,Rs./Quintal,2026-07-12,0,4250.0,4250.0,4250.0,4250.0,4250.0,4250.0,4250.0,4250.0,4250.0,4250.0,0.0,0.0,0.0,0.0,0.0,0.0,0.0,0.0,0.0,0.0,0.0,500.0,0.11764705882352941,2026,7,12,6,193,28,1,-0.4999999999999998,-0.8660254037844388,-0.17752914918703497,-0.984115542601034,4250.0,4250.0,4250.0,0.0,0.0
Maharashtra,Raigad,APMC Murud,Cereals,Rice,Other,Local,4000.0,4500.0,4250.0,Rs./Quintal,2026-07-13,0,4250.0,4250.0,4250.0,4250.0,4250.0,4250.0,4250.0,4250.0,4250.0,4250.0,0.0,0.0,0.0,0.0,0.0,0.0,0.0,0.0,0.0,0.0,0.0,500.0,0.11764705882352941,2026,7,13,0,194,29,0,-0.4999999999999998,-0.8660254037844388,-0.19443122004766195,-0.9809161537413774,4250.0,4250.0,4250.0,0.0,0.0
Maharashtra,Raigad,APMC Murud,Cereals,Rice,Other,Local,4000.0,4500.0,4250.0,Rs./Quintal,2026-07-14,0,4250.0,4250.0,4250.0,4250.0,4250.0,4250.0,4250.0,4250.0,4250.0,4250.0,0.0,0.0,0.0,0.0,0.0,0.0,0.0,0.0,0.0,0.0,0.0,500.0,0.11764705882352941,2026,7,14,1,195,29,0,-0.4999999999999998,-0.8660254037844388,-0.2112757555821793,-0.9774264960104055,4250.0,4250.0,4250.0,0.0,0.0
Maharashtra,Raigad,APMC Murud,Cereals,Rice,Other,Local,4000.0,4500.0,4250.0,Rs./Quintal,2026-07-15,0,4250.0,4250.0,4250.0,4250.0,4250.0,4250.0,4250.0,4250.0,4250.0,4250.0,0.0,0.0,0.0,0.0,0.0,0.0,0.0,0.0,0.0,0.0,0.0,500.0,0.11764705882352941,2026,7,15,2,196,29,0,-0.4999999999999998,-0.8660254037844388,-0.2280577712215198,-0.9736476020539838,4250.0,4250.0,4250.0,0.0,0.0
Maharashtra,Raigad,APMC Murud,Cereals,Rice,Other,Local,4000.0,4500.0,4250.0,Rs./Quintal,2026-07-16,0,4250.0,4250.0,4250.0,4250.0,4250.0,4250.0,4250.0,4250.0,4250.0,4250.0,0.0,0.0,0.0,0.0,0.0,0.0,0.0,0.0,0.0,0.0,0.0,500.0,0.11764705882352941,2026,7,16,3,197,29,0,-0.4999999999999998,-0.8660254037844388,-0.24477230089725957,-0.9695805901076308,4250.0,4250.0,4250.0,0.0,0.0
Maharashtra,Raigad,APMC Murud,Cereals,Rice,Other,Local,4000.0,4500.0,4250.0,Rs./Quintal,2026-07-18,0,4250.0,4250.0,4250.0,4250.0,4250.0,4250.0,4250.0,4250.0,4250.0,4250.0,0.0,0.0,0.0,0.0,0.0,0.0,0.0,0.0,0.0,0.0,0.0,500.0,0.11764705882352941,2026,7,18,5,199,29,1,-0.4999999999999998,-0.8660254037844388,-0.2779791393987801,-0.9605871111248129,4250.0,4250.0,4250.0,0.0,0.0
Maharashtra,Raigad,APMC Murud,Cereals,Rice,Other,Local,4000.0,4500.0,4250.0,Rs./Quintal,2026-07-19,0,4250.0,4250.0,4250.0,4250.0,4250.0,4250.0,4250.0,4250.0,4250.0,4250.0,0.0,0.0,0.0,0.0,0.0,0.0,0.0,0.0,0.0,0.0,0.0,500.0,0.11764705882352941,2026,7,19,6,200,29,1,-0.4999999999999998,-0.8660254037844388,-0.2944616217868012,-0.9556633054034704,4250.0,4250.0,4250.0,0.0,0.0
Maharashtra,Raigad,APMC Murud,Cereals,Rice,Other,Local,4000.0,4500.0,4250.0,Rs./Quintal,2026-07-20,0,4250.0,4250.0,4250.0,4250.0,4250.0,4250.0,4250.0,4250.0,4250.0,4250.0,0.0,0.0,0.0,0.0,0.0,0.0,0.0,0.0,0.0,0.0,0.0,500.0,0.11764705882352941,2026,7,20,0,201,30,0,-0.4999999999999998,-0.8660254037844388,-0.3108569682435036,-0.9504567035349151,4250.0,4250.0,4250.0,0.0,0.0
Maharashtra,Raigad,APMC Murud,Cereals,Rice,Other,Local,4000.0,4500.0,4250.0,Rs./Quintal,2026-07-21,0,4250.0,4250.0,4250.0,4250.0,4250.0,4250.0,4250.0,4250.0,4250.0,4250.0,0.0,0.0,0.0,0.0,0.0,0.0,0.0,0.0,0.0,0.0,0.0,500.0,0.11764705882352941,2026,7,21,1,202,30,0,-0.4999999999999998,-0.8660254037844388,-0.3271603271220951,-0.9449688462364056,4250.0,4250.0,4250.0,0.0,0.0
Maharashtra,Raigad,APMC Murud,Cereals,Rice,Other,Local,4000.0,4500.0,4250.0,Rs./Quintal,2026-07-22,0,4250.0,4250.0,4250.0,4250.0,4250.0,4250.0,4250.0,4250.0,4250.0,4250.0,0.0,0.0,0.0,0.0,0.0,0.0,0.0,0.0,0.0,0.0,0.0,500.0,0.11764705882352941,2026,7,22,2,203,30,0,-0.4999999999999998,-0.8660254037844388,-0.34336687399638804,-0.939201357453208,4250.0,4250.0,4250.0,0.0,0.0
Maharashtra,Raigad,APMC Murud,Cereals,Rice,Other,Local,4000.0,4500.0,4250.0,Rs./Quintal,2026-07-23,0,4250.0,4250.0,4250.0,4250.0,4250.0,4250.0,4250.0,4250.0,4250.0,4250.0,0.0,0.0,0.0,0.0,0.0,0.0,0.0,0.0,0.0,0.0,0.0,500.0,0.11764705882352941,2026,7,23,3,204,30,0,-0.4999999999999998,-0.8660254037844388,-0.3594718130884232,-0.9331559438780432,4250.0,4250.0,4250.0,0.0,0.0
Maharashtra,Raigad,APMC Murud,Cereals,Rice,Other,Local,4000.0,4500.0,4250.0,Rs./Quintal,2026-07-24,0,4250.0,4250.0,4250.0,4250.0,4250.0,4250.0,4250.0,4250.0,4250.0,4250.0,0.0,0.0,0.0,0.0,0.0,0.0,0.0,0.0,0.0,0.0,0.0,500.0,0.11764705882352941,2026,7,24,4,205,30,0,-0.4999999999999998,-0.8660254037844388,-0.3754703786876202,-0.9268343944460494,4250.0,4250.0,4250.0,0.0,0.0
Maharashtra,Raigad,APMC Murud,Cereals,Rice,Other,Local,4000.0,4500.0,4250.0,Rs./Quintal,2026-07-25,0,4250.0,4250.0,4250.0,4250.0,4250.0,4250.0,4250.0,4250.0,4250.0,4250.0,0.0,0.0,0.0,0.0,0.0,0.0,0.0,0.0,0.0,0.0,0.0,500.0,0.11764705882352941,2026,7,25,5,206,30,1,-0.4999999999999998,-0.8660254037844388,-0.3913578365610259,-0.9202385798054075,4250.0,4250.0,4250.0,0.0,0.0
Maharashtra,Raigad,APMC Murud,Cereals,Rice,Other,Local,4000.0,4500.0,4250.0,Rs./Quintal,2026-07-26,0,4250.0,4250.0,4250.0,4250.0,4250.0,4250.0,4250.0,4250.0,4250.0,4250.0,0.0,0.0,0.0,0.0,0.0,0.0,0.0,0.0,0.0,0.0,0.0,500.0,0.11764705882352941,2026,7,26,6,207,30,1,-0.4999999999999998,-0.8660254037844388,-0.4071294853542516,-0.9133704517637858,4250.0,4250.0,4250.0,0.0,0.0
Maharashtra,Raigad,APMC Murud,Cereals,Rice,Other,Local,4000.0,4500.0,4250.0,Rs./Quintal,2026-07-27,0,4250.0,4250.0,4250.0,4250.0,4250.0,4250.0,4250.0,4250.0,4250.0,4250.0,0.0,0.0,0.0,0.0,0.0,0.0,0.0,0.0,0.0,0.0,0.0,500.0,0.11764705882352941,2026,7,27,0,208,31,0,-0.4999999999999998,-0.8660254037844388,-0.4227806579826773,-0.9062320427107697,4250.0,4250.0,4250.0,0.0,0.0
Maharashtra,Raigad,APMC Murud,Cereals,Rice,Other,Local,4000.0,4500.0,4250.0,Rs./Quintal,2026-07-28,0,4250.0,4250.0,4250.0,4250.0,4250.0,4250.0,4250.0,4250.0,4250.0,4250.0,0.0,0.0,0.0,0.0,0.0,0.0,0.0,0.0,0.0,0.0,0.0,500.0,0.11764705882352941,2026,7,28,1,209,31,0,-0.4999999999999998,-0.8660254037844388,-0.4383067230125192,-0.898825465016444,4250.0,4250.0,4250.0,0.0,0.0
Maharashtra,Raigad,APMC Murud,Cereals,Rice,Other,Local,4000.0,4500.0,4250.0,Rs./Quintal,2026-07-29,0,4250.0,4250.0,4250.0,4250.0,4250.0,4250.0,4250.0,4250.0,4250.0,4250.0,0.0,0.0,0.0,0.0,0.0,0.0,0.0,0.0,0.0,0.0,0.0,500.0,0.11764705882352941,2026,7,29,2,210,31,0,-0.4999999999999998,-0.8660254037844388,-0.45370308603134424,-0.8911529104063088,4250.0,4250.0,4250.0,0.0,0.0
Maharashtra,Raigad,APMC Murud,Cereals,Rice,Other,Local,4000.0,4500.0,4250.0,Rs./Quintal,2026-07-30,0,4250.0,4250.0,4250.0,4250.0,4250.0,4250.0,4250.0,4250.0,4250.0,4250.0,0.0,0.0,0.0,0.0,0.0,0.0,0.0,0.0,0.0,0.0,0.0,500.0,0.11764705882352941,2026,7,30,3,211,31,0,-0.4999999999999998,-0.8660254037844388,-0.46896519100763184,-0.8832166493127127,4250.0,4250.0,4250.0,0.0,0.0
Maharashtra,Raigad,APMC Murud,Cereals,Rice,Other,Local,4000.0,4500.0,4250.0,Rs./Quintal,2026-07-31,0,4250.0,4250.0,4250.0,4250.0,4250.0,4250.0,4250.0,4250.0,4250.0,4250.0,0.0,0.0,0.0,0.0,0.0,0.0,0.0,0.0,0.0,0.0,0.0,500.0,0.11764705882352941,2026,7,31,4,212,31,0,-0.4999999999999998,-0.8660254037844388,-0.48408852163897587,-0.8750190302029955,4250.0,4250.0,4250.0,0.0,0.0
Maharashtra,Raigad,APMC Murud,Cereals,Rice,Other,Local,4000.0,4500.0,4250.0,Rs./Quintal,2026-08-01,0,4250.0,4250.0,4250.0,4250.0,4250.0,4250.0,4250.0,4250.0,4250.0,4250.0,0.0,0.0,0.0,0.0,0.0,0.0,0.0,0.0,0.0,0.0,0.0,500.0,0.11764705882352941,2026,8,1,5,213,31,1,-0.8660254037844384,-0.5000000000000004,-0.4990686026885319,-0.8665624788845385,4250.0,4250.0,4250.0,0.0,0.0
Maharashtra,Raigad,APMC Murud,Cereals,Rice,Other,Local,4000.0,4500.0,4250.0,Rs./Quintal,2026-08-02,0,4250.0,4250.0,4250.0,4250.0,4250.0,4250.0,4250.0,4250.0,4250.0,4250.0,0.0,0.0,0.0,0.0,0.0,0.0,0.0,0.0,0.0,0.0,0.0,500.0,0.11764705882352941,2026,8,2,6,214,31,1,-0.8660254037844384,-0.5000000000000004,-0.5139010013093103,-0.8578494977869301,4250.0,4250.0,4250.0,0.0,0.0
Maharashtra,Raigad,APMC Murud,Cereals,Rice,Other,Local,4000.0,4500.0,4250.0,Rs./Quintal,2026-08-03,0,4250.0,4250.0,4250.0,4250.0,4250.0,4250.0,4250.0,4250.0,4250.0,4250.0,0.0,0.0,0.0,0.0,0.0,0.0,0.0,0.0,0.0,0.0,0.0,500.0,0.11764705882352941,2026,8,3,0,215,32,0,-0.8660254037844384,-0.5000000000000004,-0.5285813283559292,-0.8488826652214553,4250.0,4250.0,4250.0,0.0,0.0
Maharashtra,Raigad,APMC Murud,Cereals,Rice,Other,Local,4000.0,4500.0,4250.0,Rs./Quintal,2026-08-04,0,4250.0,4250.0,4250.0,4250.0,4250.0,4250.0,4250.0,4250.0,4250.0,4250.0,0.0,0.0,0.0,0.0,0.0,0.0,0.0,0.0,0.0,0.0,0.0,500.0,0.11764705882352941,2026,8,4,1,216,32,0,-0.8660254037844384,-0.5000000000000004,-0.5431052396834317,-0.8396646346181327,4250.0,4250.0,4250.0,0.0,0.0
Maharashtra,Raigad,APMC Murud,Cereals,Rice,Other,Local,4000.0,4500.0,4250.0,Rs./Quintal,2026-08-05,0,4250.0,4250.0,4250.0,4250.0,4250.0,4250.0,4250.0,4250.0,4250.0,4250.0,0.0,0.0,0.0,0.0,0.0,0.0,0.0,0.0,0.0,0.0,0.0,500.0,0.11764705882352941,2026,8,5,2,217,32,0,-0.8660254037844384,-0.5000000000000004,-0.5574684374327892,-0.8301981337405212,4250.0,4250.0,4250.0,0.0,0.0
Maharashtra,Raigad,APMC Murud,Cereals,Rice,Other,Local,4000.0,4500.0,4250.0,Rs./Quintal,2026-08-06,0,4250.0,4250.0,4250.0,4250.0,4250.0,4250.0,4250.0,4250.0,4250.0,4250.0,0.0,0.0,0.0,0.0,0.0,0.0,0.0,0.0,0.0,0.0,0.0,500.0,0.11764705882352941,2026,8,6,3,218,32,0,-0.8660254037844384,-0.5000000000000004,-0.5716666713027052,-0.8204859638785327,4250.0,4250.0,4250.0,0.0,0.0
Maharashtra,Raigad,APMC Murud,Cereals,Rice,Other,Local,4000.0,4500.0,4250.0,Rs./Quintal,2026-08-07,0,4250.0,4250.0,4250.0,4250.0,4250.0,4250.0,4250.0,4250.0,4250.0,4250.0,0.0,0.0,0.0,0.0,0.0,0.0,0.0,0.0,0.0,0.0,0.0,500.0,0.11764705882352941,2026,8,7,4,219,32,0,-0.8660254037844384,-0.5000000000000004,-0.5856957398073508,-0.8105309990194823,4250.0,4250.0,4250.0,0.0,0.0
Maharashtra,Raigad,APMC Murud,Cereals,Rice,Other,Local,4000.0,4500.0,4250.0,Rs./Quintal,2026-08-08,0,4250.0,4250.0,4250.0,4250.0,4250.0,4250.0,4250.0,4250.0,4250.0,4250.0,0.0,0.0,0.0,0.0,0.0,0.0,0.0,0.0,0.0,0.0,0.0,500.0,0.11764705882352941,2026,8,8,5,220,32,1,-0.8660254037844384,-0.5000000000000004,-0.5995514915196489,-0.8003361849976323,4250.0,4250.0,4250.0,0.0,0.0
Maharashtra,Raigad,APMC Murud,Cereals,Rice,Other,Local,4000.0,4500.0,4250.0,Rs./Quintal,2026-08-09,0,4250.0,4250.0,4250.0,4250.0,4250.0,4250.0,4250.0,4250.0,4250.0,4250.0,0.0,0.0,0.0,0.0,0.0,0.0,0.0,0.0,0.0,0.0,0.0,500.0,0.11764705882352941,2026,8,9,6,221,32,1,-0.8660254037844384,-0.5000000000000004,-0.6132298262997502,-0.7899045386224707,4250.0,4250.0,4250.0,0.0,0.0
Maharashtra,Raigad,APMC Murud,Cereals,Rice,Other,Local,4000.0,4500.0,4250.0,Rs./Quintal,2026-08-10,0,4250.0,4250.0,4250.0,4250.0,4250.0,4250.0,4250.0,4250.0,4250.0,4250.0,0.0,0.0,0.0,0.0,0.0,0.0,0.0,0.0,0.0,0.0,0.0,500.0,0.11764705882352941,2026,8,10,0,222,33,0,-0.8660254037844384,-0.5000000000000004,-0.6267266965083301,-0.7792391467859886,4250.0,4250.0,4250.0,0.0,0.0
Maharashtra,Raigad,APMC Murud,Cereals,Rice,Other,Local,4000.0,4500.0,4250.0,Rs./Quintal,2026-08-11,0,4250.0,4250.0,4250.0,4250.0,4250.0,4250.0,4250.0,4250.0,4250.0,4250.0,0.0,0.0,0.0,0.0,0.0,0.0,0.0,0.0,0.0,0.0,0.0,500.0,0.11764705882352941,2026,8,11,1,223,33,0,-0.8660254037844384,-0.5000000000000004,-0.6400381082043503,-0.7683431655492202,4250.0,4250.0,4250.0,0.0,0.0
Maharashtra,Raigad,APMC Murud,Cereals,Rice,Other,Local,4000.0,4500.0,4250.0,Rs./Quintal,2026-08-12,0,4250.0,4250.0,4250.0,4250.0,4250.0,4250.0,4250.0,4250.0,4250.0,4250.0,0.0,0.0,0.0,0.0,0.0,0.0,0.0,0.0,0.0,0.0,0.0,500.0,0.11764705882352941,2026,8,12,2,224,33,0,-0.8660254037844384,-0.5000000000000004,-0.65316012232693,-0.7572198192083127,4250.0,4250.0,4250.0,0.0,0.0
Maharashtra,Raigad,APMC Murud,Cereals,Rice,Other,Local,4000.0,4500.0,4250.0,Rs./Quintal,2026-08-13,0,4250.0,4250.0,4250.0,4250.0,4250.0,4250.0,4250.0,4250.0,4250.0,4250.0,0.0,0.0,0.0,0.0,0.0,0.0,0.0,0.0,0.0,0.0,0.0,500.0,0.11764705882352941,2026,8,13,3,225,33,0,-0.8660254037844384,-0.5000000000000004,-0.666088855860977,-0.7458723993404063,4250.0,4250.0,4250.0,0.0,0.0
Maharashtra,Raigad,APMC Murud,Cereals,Rice,Other,Local,4000.0,4500.0,4250.0,Rs./Quintal,2026-08-14,0,4250.0,4250.0,4250.0,4250.0,4250.0,4250.0,4250.0,4250.0,4250.0,4250.0,0.0,0.0,0.0,0.0,0.0,0.0,0.0,0.0,0.0,0.0,0.0,500.0,0.11764705882352941,2026,8,14,4,226,33,0,-0.8660254037844384,-0.5000000000000004,-0.6788204829862357,-0.734304263829602,4250.0,4250.0,4250.0,0.0,0.0
Maharashtra,Raigad,APMC Murud,Cereals,Rice,Other,Local,4000.0,4500.0,4250.0,Rs./Quintal,2026-08-15,0,4250.0,4250.0,4250.0,4250.0,4250.0,4250.0,4250.0,4250.0,4250.0,4250.0,0.0,0.0,0.0,0.0,0.0,0.0,0.0,0.0,0.0,0.0,0.0,500.0,0.11764705882352941,2026,8,15,5,227,33,1,-0.8660254037844384,-0.5000000000000004,-0.6913512362094071,-0.722518835873311,4250.0,4250.0,4250.0,0.0,0.0
Maharashtra,Raigad,APMC Murud,Cereals,Rice,Other,Local,4000.0,4500.0,4250.0,Rs./Quintal,2026-08-16,0,4250.0,4250.0,4250.0,4250.0,4250.0,4250.0,4250.0,4250.0,4250.0,4250.0,0.0,0.0,0.0,0.0,0.0,0.0,0.0,0.0,0.0,0.0,0.0,500.0,0.11764705882352941,2026,8,16,6,228,33,1,-0.8660254037844384,-0.5000000000000004,-0.7036774074790128,-0.7105196029692745,4250.0,4250.0,4250.0,0.0,0.0
Maharashtra,Raigad,APMC Murud,Cereals,Rice,Other,Local,4000.0,4500.0,4250.0,Rs./Quintal,2026-08-17,0,4250.0,4250.0,4250.0,4250.0,4250.0,4250.0,4250.0,4250.0,4250.0,4250.0,0.0,0.0,0.0,0.0,0.0,0.0,0.0,0.0,0.0,0.0,0.0,500.0,0.11764705882352941,2026,8,17,0,229,34,0,-0.8660254037844384,-0.5000000000000004,-0.7157953492826642,-0.6983101158835584,4250.0,4250.0,4250.0,0.0,0.0
Maharashtra,Raigad,APMC Murud,Cereals,Rice,Other,Local,4000.0,4500.0,4250.0,Rs./Quintal,2026-08-18,0,4250.0,4250.0,4250.0,4250.0,4250.0,4250.0,4250.0,4250.0,4250.0,4250.0,0.0,0.0,0.0,0.0,0.0,0.0,0.0,0.0,0.0,0.0,0.0,500.0,0.11764705882352941,2026,8,18,1,230,34,0,-0.8660254037844384,-0.5000000000000004,-0.7277014757264236,-0.6858939875998223,4250.0,4250.0,4250.0,0.0,0.0
Maharashtra,Raigad,APMC Murud,Cereals,Rice,Other,Local,4000.0,4500.0,4250.0,Rs./Quintal,2026-08-19,0,4250.0,4250.0,4250.0,4250.0,4250.0,4250.0,4250.0,4250.0,4250.0,4250.0,0.0,0.0,0.0,0.0,0.0,0.0,0.0,0.0,0.0,0.0,0.0,500.0,0.11764705882352941,2026,8,19,2,231,34,0,-0.8660254037844384,-0.5000000000000004,-0.7393922635959241,-0.673274892250183,4250.0,4250.0,4250.0,0.0,0.0
Maharashtra,Raigad,APMC Murud,Cereals,Rice,Other,Local,4000.0,4500.0,4250.0,Rs./Quintal,2026-08-20,0,4250.0,4250.0,4250.0,4250.0,4250.0,4250.0,4250.0,4250.0,4250.0,4250.0,0.0,0.0,0.0,0.0,0.0,0.0,0.0,0.0,0.0,0.0,0.0,500.0,0.11764705882352941,2026,8,20,3,232,34,0,-0.8660254037844384,-0.5000000000000004,-0.7508642533989489,-0.6604565640279754,4250.0,4250.0,4250.0,0.0,0.0
Maharashtra,Raigad,APMC Murud,Cereals,Rice,Other,Local,4000.0,4500.0,4250.0,Rs./Quintal,2026-08-21,0,4250.0,4250.0,4250.0,4250.0,4250.0,4250.0,4250.0,4250.0,4250.0,4250.0,0.0,0.0,0.0,0.0,0.0,0.0,0.0,0.0,0.0,0.0,0.0,500.0,0.11764705882352941,2026,8,21,4,233,34,0,-0.8660254037844384,-0.5000000000000004,-0.7621140503891487,-0.6474427960827475,4250.0,4250.0,4250.0,0.0,0.0
Maharashtra,Raigad,APMC Murud,Cereals,Rice,Other,Local,4000.0,4500.0,4250.0,Rs./Quintal,2026-08-22,0,4250.0,4250.0,4250.0,4250.0,4250.0,4250.0,4250.0,4250.0,4250.0,4250.0,0.0,0.0,0.0,0.0,0.0,0.0,0.0,0.0,0.0,0.0,0.0,500.0,0.11764705882352941,2026,8,22,5,234,34,1,-0.8660254037844384,-0.5000000000000004,-0.7731383255706027,-0.6342374393978054,4250.0,4250.0,4250.0,0.0,0.0
Maharashtra,Raigad,APMC Murud,Cereals,Rice,Other,Local,4000.0,4500.0,4250.0,Rs./Quintal,2026-08-23,0,4250.0,4250.0,4250.0,4250.0,4250.0,4250.0,4250.0,4250.0,4250.0,4250.0,0.0,0.0,0.0,0.0,0.0,0.0,0.0,0.0,0.0,0.0,0.0,500.0,0.11764705882352941,2026,8,23,6,235,34,1,-0.8660254037844384,-0.5000000000000004,-0.7839338166829201,-0.620844401650647,4250.0,4250.0,4250.0,0.0,0.0
Maharashtra,Raigad,APMC Murud,Cereals,Rice,Other,Local,4000.0,4500.0,4250.0,Rs./Quintal,2026-08-24,0,4250.0,4250.0,4250.0,4250.0,4250.0,4250.0,4250.0,4250.0,4250.0,4250.0,0.0,0.0,0.0,0.0,0.0,0.0,0.0,0.0,0.0,0.0,0.0,500.0,0.11764705882352941,2026,8,24,0,236,35,0,-0.8660254037844384,-0.5000000000000004,-0.7944973291665992,-0.6072676460566135,4250.0,4250.0,4250.0,0.0,0.0
Maharashtra,Raigad,APMC Murud,Cereals,Rice,Other,Local,4000.0,4500.0,4250.0,Rs./Quintal,2026-08-25,0,4250.0,4250.0,4250.0,4250.0,4250.0,4250.0,4250.0,4250.0,4250.0,4250.0,0.0,0.0,0.0,0.0,0.0,0.0,0.0,0.0,0.0,0.0,0.0,500.0,0.11764705882352941,2026,8,25,1,237,35,0,-0.8660254037844384,-0.5000000000000004,-0.8048257371083452,-0.593511190196115,4250.0,4250.0,4250.0,0.0,0.0
Maharashtra,Raigad,APMC Murud,Cereals,Rice,Other,Local,4000.0,4500.0,4250.0,Rs./Quintal,2026-08-26,0,4250.0,4250.0,4250.0,4250.0,4250.0,4250.0,4250.0,4250.0,4250.0,4250.0,0.0,0.0,0.0,0.0,0.0,0.0,0.0,0.0,0.0,0.0,0.0,500.0,0.11764705882352941,2026,8,26,2,238,35,0,-0.8660254037844384,-0.5000000000000004,-0.8149159841660791,-0.5795791048257612,4250.0,4250.0,4250.0,0.0,0.0
Maharashtra,Raigad,APMC Murud,Cereals,Rice,Other,Local,4000.0,4500.0,4250.0,Rs./Quintal,2026-08-27,0,4250.0,4250.0,4250.0,4250.0,4250.0,4250.0,4250.0,4250.0,4250.0,4250.0,0.0,0.0,0.0,0.0,0.0,0.0,0.0,0.0,0.0,0.0,0.0,500.0,0.11764705882352941,2026,8,27,3,239,35,0,-0.8660254037844384,-0.5000000000000004,-0.8247650844733614,-0.5654755126737576,4250.0,4250.0,4250.0,0.0,0.0
Maharashtra,Raigad,APMC Murud,Cereals,Rice,Other,Local,4000.0,4500.0,4250.0,Rs./Quintal,2026-08-28,0,4250.0,4250.0,4250.0,4250.0,4250.0,4250.0,4250.0,4250.0,4250.0,4250.0,0.0,0.0,0.0,0.0,0.0,0.0,0.0,0.0,0.0,0.0,0.0,500.0,0.11764705882352941,2026,8,28,4,240,35,0,-0.8660254037844384,-0.5000000000000004,-0.8343701235229537,-0.5512045872199277,4250.0,4250.0,,0.0,
Maharashtra,Raigad,APMC Murud,Cereals,Rice,Other,Local,4000.0,4500.0,4250.0,Rs./Quintal,2026-08-29,0,4250.0,4250.0,4250.0,4250.0,4250.0,4250.0,4250.0,4250.0,4250.0,4250.0,0.0,0.0,0.0,0.0,0.0,0.0,0.0,0.0,0.0,0.0,0.0,500.0,0.11764705882352941,2026,8,29,5,241,35,1,-0.8660254037844384,-0.5000000000000004,-0.8437282590292712,-0.5367705514607103,4250.0,4250.0,,0.0,
Maharashtra,Raigad,APMC Murud,Cereals,Rice,Other,Local,4000.0,4500.0,4250.0,Rs./Quintal,2026-08-30,0,4250.0,4250.0,4250.0,4250.0,4250.0,4250.0,4250.0,4250.0,4250.0,4250.0,0.0,0.0,0.0,0.0,0.0,0.0,0.0,0.0,0.0,0.0,0.0,500.0,0.11764705882352941,2026,8,30,6,242,35,1,-0.8660254037844384,-0.5000000000000004,-0.8528367217694595,-0.522177676659508,4250.0,4250.0,,0.0,
Maharashtra,Raigad,APMC Murud,Cereals,Rice,Other,Local,4000.0,4500.0,4250.0,Rs./Quintal,2026-08-31,0,4250.0,4250.0,4250.0,4250.0,4250.0,4250.0,4250.0,4250.0,4250.0,4250.0,0.0,0.0,0.0,0.0,0.0,0.0,0.0,0.0,0.0,0.0,0.0,500.0,0.11764705882352941,2026,8,31,0,243,36,0,-0.8660254037844384,-0.5000000000000004,-0.8616928164028521,-0.5074302810827518,4250.0,4250.0,,0.0,
Maharashtra,Raigad,APMC Murud,Cereals,Rice,Other,Local,4000.0,4500.0,4250.0,Rs./Quintal,2026-09-01,0,4250.0,4250.0,4250.0,4250.0,4250.0,4250.0,4250.0,4250.0,4250.0,4250.0,0.0,0.0,0.0,0.0,0.0,0.0,0.0,0.0,0.0,0.0,0.0,500.0,0.11764705882352941,2026,9,1,1,244,36,0,-1.0,-1.8369701987210297e-16,-0.8702939222685674,-0.49253272872205434,4250.0,,,,
Maharashtra,Raigad,APMC Murud,Cereals,Rice,Other,Local,4000.0,4500.0,4250.0,Rs./Quintal,2026-09-02,0,4250.0,4250.0,4250.0,4250.0,4250.0,4250.0,4250.0,4250.0,4250.0,4250.0,0.0,0.0,0.0,0.0,0.0,0.0,0.0,0.0,0.0,0.0,0.0,500.0,0.11764705882352941,2026,9,2,2,245,36,0,-1.0,-1.8369701987210297e-16,-0.8786374941610001,-0.4774894280028391,4250.0,,,,
Maharashtra,Raigad,APMC Murud,Cereals,Rice,Other,Local,4000.0,4500.0,4250.0,Rs./Quintal,2026-09-03,0,4250.0,4250.0,4250.0,4250.0,4250.0,4250.0,4250.0,4250.0,4250.0,4250.0,0.0,0.0,0.0,0.0,0.0,0.0,0.0,0.0,0.0,0.0,0.0,500.0,0.11764705882352941,2026,9,3,3,246,36,0,-1.0,-1.8369701987210297e-16,-0.886721063082993,-0.46230483047981086,,,,,
Maharashtra,Palghar,APMC Palghar,Cereals,Rice,1009 Kar,Local,3600.0,3600.0,3600.0,Rs./Quintal,2025-01-26,0,,,,,,,,,,,,,,,,,,,,,,0.0,0.0,2025,1,26,6,26,4,1,0.49999999999999994,0.8660254037844387,0.4324994021339788,0.901634220265486,3640.0,3535.0,4700.0,-65.0,1100.0
Maharashtra,Palghar,APMC Palghar,Cereals,Rice,1009 Kar,Local,3640.0,3640.0,3640.0,Rs./Quintal,2025-01-27,0,3600.0,,,,,,,,,,,,,40.0,1.1111111111111072,,,,,,,0.0,0.0,2025,1,27,0,27,5,0,0.49999999999999994,0.8660254037844387,0.44794493940789115,0.8940611451454876,3650.0,3700.0,4650.0,60.0,1010.0
Maharashtra,Palghar,APMC Palghar,Cereals,Rice,1009 Kar,Local,3650.0,3650.0,3650.0,Rs./Quintal,2025-01-28,0,3640.0,3600.0,,,,,3630.0,,,,,,,10.0,0.27472527472527375,,,,,,,0.0,0.0,2025,1,28,1,28,5,0,0.49999999999999994,0.8660254037844387,0.4632579225674917,0.88622350294858,3535.0,3670.0,4000.0,20.0,350.0
Maharashtra,Palghar,APMC Palghar,Cereals,Rice,1009 Kar,Local,3535.0,3535.0,3535.0,Rs./Quintal,2025-01-29,1,3650.0,3640.0,3600.0,,,,3608.3333333333335,,,,,,,-115.0,-3.150684931506853,-65.0,-1.8055555555555602,,,,,0.0,0.0,2025,1,29,2,29,5,0,0.49999999999999994,0.8660254037844387,0.4784338202547012,0.8781236129591848,3700.0,4400.0,4400.0,865.0,865.0
Maharashtra,Palghar,APMC Palghar,Cereals,Rice,1009 Kar,Local,3700.0,3700.0,3700.0,Rs./Quintal,2025-01-30,0,3535.0,3650.0,3640.0,,,,3628.3333333333335,,,,,,,165.0,4.667609618104662,60.0,1.6483516483516425,,,,,0.0,0.0,2025,1,30,3,30,5,0,0.49999999999999994,0.8660254037844387,0.49346814167723735,0.8697638720650646,3670.0,4700.0,4150.0,1000.0,450.0
Maharashtra,Palghar,APMC Palghar,Cereals,Rice,1009 Kar,Local,3670.0,3670.0,3670.0,Rs./Quintal,2025-01-31,0,3700.0,3535.0,3650.0,,,,3635.0,,,,,,,-30.0,-0.8108108108108136,20.0,0.5479452054794498,,,,,0.0,0.0,2025,1,31,4,31,5,0,0.49999999999999994,0.8660254037844387,0.5083564379375122,0.8611467540480452,4400.0,4650.0,4851.0,980.0,1181.0
Maharashtra,Palghar,APMC Palghar,Cereals,Rice,1009 Kar,Local,4400.0,4400.0,4400.0,Rs./Quintal,2025-02-01,0,3670.0,3700.0,3535.0,,,,3923.3333333333335,3742.1428571428573,,,294.8990949299034,,,730.0,19.891008174386915,865.0,24.46958981612446,,,,,0.0,0.0,2025,2,1,5,32,5,1,0.8660254037844386,0.5000000000000001,0.5230943033491326,0.8522748088519838,4700.0,4000.0,5250.0,-400.0,850.0
Maharashtra,Palghar,APMC Palghar,Cereals,Rice,1009 Kar,Local,4700.0,4700.0,4700.0,Rs./Quintal,2025-02-03,0,4400.0,3670.0,3700.0,3600.0,,,4256.666666666667,3899.285714285714,,,455.74507285166715,,,300.0,6.818181818181812,1000.0,27.027027027027017,1100.0,30.555555555555557,,,0.0,0.0,2025,2,3,0,34,6,0,0.8660254037844386,0.5000000000000001,0.5521013427459208,0.8337770129585915,4650.0,4400.0,4900.0,-300.0,200.0
Maharashtra,Palghar,APMC Palghar,Cereals,Rice,1009 Kar,Local,4650.0,4650.0,4650.0,Rs./Quintal,2025-02-04,0,4700.0,4400.0,3670.0,3640.0,,,4583.333333333333,4043.5714285714284,,,515.8868923652603,,,-50.0,-1.0638297872340385,980.0,26.702997275204353,1010.0,27.747252747252737,,,0.0,0.0,2025,2,4,1,35,6,0,0.8660254037844386,0.5000000000000001,0.5663619330814524,0.8241566360566663,4000.0,4150.0,5250.0,-500.0,600.0
Maharashtra,Palghar,APMC Palghar,Cereals,Rice,1009 Kar,Local,4000.0,4000.0,4000.0,Rs./Quintal,2025-02-05,0,4650.0,4700.0,4400.0,3650.0,,,4450.0,4093.5714285714284,,,487.56806606628686,,,-650.0,-13.978494623655912,-400.0,-9.090909090909093,350.0,9.589041095890405,,,0.0,0.0,2025,2,5,2,36,6,0,0.8660254037844386,0.5000000000000001,0.580454927809098,0.8142923779467267,4400.0,4851.0,4851.0,851.0,851.0
Maharashtra,Palghar,APMC Palghar,Cereals,Rice,1009 Kar,Local,4400.0,4400.0,4400.0,Rs./Quintal,2025-02-06,0,4000.0,4650.0,4700.0,3535.0,,,4350.0,4217.142857142857,,,428.435692790812,,,400.0,10.000000000000009,-300.0,-6.382978723404253,865.0,24.46958981612446,,,0.0,0.0,2025,2,6,3,37,6,0,0.8660254037844386,0.5000000000000001,0.5943761565849831,0.804187157621448,4150.0,5250.0,4601.0,850.0,201.0
Maharashtra,Palghar,APMC Palghar,Cereals,Rice,1009 Kar,Local,4150.0,4150.0,4150.0,Rs./Quintal,2025-02-07,0,4400.0,4000.0,4650.0,3700.0,,,4183.333333333333,4281.428571428572,,,367.30680052823135,,,-250.0,-5.681818181818176,-500.0,-10.752688172043012,450.0,12.162162162162172,,,0.0,0.0,2025,2,7,4,38,6,0,0.8660254037844386,0.5000000000000001,0.6081214998935418,0.7938439653781019,4851.0,4900.0,4605.0,750.0,455.0
Maharashtra,Palghar,APMC Palghar,Cereals,Rice,1009 Kar,Local,4851.0,4851.0,4851.0,Rs./Quintal,2025-02-13,0,4150.0,4400.0,4000.0,3670.0,,,4467.0,4450.142857142857,,,305.72341997925116,,,701.0,16.89156626506023,851.0,21.275,1181.0,32.17983651226157,,,0.0,0.0,2025,2,13,3,44,7,0,0.8660254037844386,0.5000000000000001,0.6866759803451553,0.726963615332308,5250.0,5250.0,4545.0,399.0,-306.0
Maharashtra,Palghar,APMC Palghar,Cereals,Rice,1009 Kar,Local,5250.0,5250.0,5250.0,Rs./Quintal,2025-02-14,0,4851.0,4150.0,4400.0,4400.0,,,4750.333333333333,4571.571428571428,4156.857142857143,,427.16969974584134,556.3941404799656,,399.0,8.225108225108224,850.0,19.318181818181813,850.0,19.318181818181813,,,0.0,0.0,2025,2,14,4,45,7,0,0.8660254037844386,0.5000000000000001,0.6990793005655562,0.7150441465537444,4900.0,4851.0,4725.0,-399.0,-525.0
Maharashtra,Palghar,APMC Palghar,Cereals,Rice,1009 Kar,Local,4900.0,4900.0,4900.0,Rs./Quintal,2025-02-15,0,5250.0,4851.0,4150.0,4700.0,3600.0,,5000.333333333333,4600.142857142857,4249.714285714285,,443.5652633572006,564.7276305470602,,-350.0,-6.666666666666665,750.0,18.07228915662651,200.0,4.255319148936176,1300.0,36.111111111111114,0.0,0.0,2025,2,15,5,46,7,1,0.8660254037844386,0.5000000000000001,0.7112757519738152,0.7029130847082615,5250.0,4601.0,4850.0,-299.0,-50.0
Maharashtra,Palghar,APMC Palghar,Cereals,Rice,1009 Kar,Local,5250.0,5250.0,5250.0,Rs./Quintal,2025-02-16,0,4900.0,5250.0,4851.0,4650.0,3640.0,,5133.333333333333,4685.857142857143,4364.714285714285,,508.0847792023912,594.1765379428566,,350.0,7.14285714285714,399.0,8.225108225108224,600.0,12.903225806451623,1610.0,44.230769230769226,0.0,0.0,2025,2,16,6,47,7,1,0.8660254037844386,0.5000000000000001,0.7232617254437388,0.6905740195722293,4851.0,4605.0,4540.0,-645.0,-710.0
Maharashtra,Palghar,APMC Palghar,Cereals,Rice,1009 Kar,Local,4851.0,4851.0,4851.0,Rs./Quintal,2025-02-17,0,5250.0,4900.0,5250.0,4000.0,3650.0,,5000.333333333333,4807.428571428572,4450.5,,408.72071032383315,569.2250805329058,,-399.0,-7.599999999999996,-399.0,-7.599999999999996,851.0,21.275,1201.0,32.904109589041084,0.0,0.0,2025,2,17,0,48,8,0,0.8660254037844386,0.5000000000000001,0.7350336741329412,0.6780306024735382,4601.0,4545.0,4125.0,-306.0,-726.0
Maharashtra,Palghar,APMC Palghar,Cereals,Rice,1009 Kar,Local,4601.0,4601.0,4601.0,Rs./Quintal,2025-02-18,0,4851.0,5250.0,4900.0,4400.0,3535.0,,4900.666666666667,4836.142857142857,4526.642857142857,,381.4793260328479,505.01829473988266,,-250.0,-5.153576582148012,-299.0,-6.102040816326526,201.0,4.568181818181816,1066.0,30.155586987270166,0.0,0.0,2025,2,18,1,49,8,0,0.8660254037844386,0.5000000000000001,0.746588114532413,0.6652865452111116,4605.0,4725.0,4500.0,124.0,-101.0
Maharashtra,Palghar,APMC Palghar,Cereals,Rice,1009 Kar,Local,4605.0,4605.0,4605.0,Rs./Quintal,2025-02-19,0,4601.0,4851.0,5250.0,4150.0,3700.0,,4685.666666666667,4901.142857142857,4591.285714285715,,266.5266894524369,445.4785548790692,,4.0,0.08693762225602253,-645.0,-12.285714285714288,455.0,10.963855421686741,905.0,24.459459459459467,0.0,0.0,2025,2,19,2,50,8,0,0.8660254037844386,0.5000000000000001,0.7579216274973472,0.6523456189565257,4545.0,4850.0,5410.0,245.0,805.0
Maharashtra,Palghar,APMC Palghar,Cereals,Rice,1009 Kar,Local,4545.0,4545.0,4545.0,Rs./Quintal,2025-02-20,0,4605.0,4601.0,4851.0,4851.0,3670.0,,4583.666666666667,4857.428571428572,4653.785714285715,,299.2116626196558,359.33189684178217,,-60.0,-1.3029315960912058,-306.0,-6.307977736549164,-306.0,-6.307977736549164,875.0,23.841961852861026,0.0,0.0,2025,2,20,3,51,8,0,0.8660254037844386,0.5000000000000001,0.7690308592589181,0.6392116531380588,4725.0,4540.0,5345.0,-5.0,800.0
Maharashtra,Palghar,APMC Palghar,Cereals,Rice,1009 Kar,Local,4725.0,4725.0,4725.0,Rs./Quintal,2025-02-21,0,4545.0,4605.0,4601.0,5250.0,4400.0,,4625.0,4782.428571428572,4677.0,,245.36222009025528,352.10051012568886,,180.0,3.960396039603964,124.0,2.695066289936965,-525.0,-9.999999999999998,325.0,7.3863636363636465,0.0,0.0,2025,2,21,4,52,8,0,0.8660254037844386,0.5000000000000001,0.7799125224167177,0.6258885343075018,4850.0,4125.0,4950.0,-600.0,225.0
Maharashtra,Palghar,APMC Palghar,Cereals,Rice,1009 Kar,Local,4850.0,4850.0,4850.0,Rs./Quintal,2025-02-24,0,4725.0,4545.0,4605.0,4900.0,4700.0,,4706.666666666667,4775.285714285715,4687.714285714285,,242.07486051888563,355.1234733422763,,125.0,2.645502645502651,245.0,5.320304017372424,-50.0,-1.0204081632653073,150.0,3.1914893617021267,0.0,0.0,2025,2,24,0,55,9,0,0.8660254037844386,0.5000000000000001,0.8111602420785621,0.5848239578463322,4540.0,4500.0,4500.0,-350.0,-350.0
Maharashtra,Palghar,APMC Palghar,Cereals,Rice,1009 Kar,Local,4540.0,4540.0,4540.0,Rs./Quintal,2025-02-25,0,4850.0,4725.0,4545.0,5250.0,4650.0,,4705.0,4673.857142857143,4679.857142857143,,135.14982867349963,357.2327095762787,,-310.0,-6.391752577319587,-5.0,-0.11001100110010764,-710.0,-13.523809523809527,-110.0,-2.3655913978494647,0.0,0.0,2025,2,25,1,56,9,0,0.8660254037844386,0.5000000000000001,0.8211001178128892,0.5707841943569036,4125.0,5410.0,4125.0,870.0,-415.0
Maharashtra,Palghar,APMC Palghar,Cereals,Rice,1009 Kar,Local,4125.0,4125.0,4125.0,Rs./Quintal,2025-02-26,0,4540.0,4850.0,4725.0,4851.0,4000.0,,4505.0,4570.142857142857,4688.785714285715,,225.15211789027575,340.08396668411984,,-415.0,-9.140969162995594,-600.0,-12.698412698412698,-726.0,-14.965986394557829,125.0,3.125,0.0,0.0,2025,2,26,2,57,9,0,0.8660254037844386,0.5000000000000001,0.8307970168121247,0.5565755266413303,4500.0,5345.0,4400.0,1220.0,275.0
Maharashtra,Palghar,APMC Palghar,Cereals,Rice,1009 Kar,Local,4500.0,4500.0,4500.0,Rs./Quintal,2025-02-27,0,4125.0,4540.0,4850.0,4601.0,4400.0,,4388.333333333333,4555.714285714285,4695.928571428572,,226.07942135874563,334.5572192720314,,375.0,9.090909090909083,-350.0,-7.216494845360821,-101.0,-2.1951749619647853,100.0,2.2727272727272707,0.0,0.0,2025,2,27,3,58,9,0,0.8660254037844386,0.5000000000000001,0.8402480696078469,0.5422021592729844,5410.0,4950.0,4500.0,450.0,0.0
Maharashtra,Palghar,APMC Palghar,Cereals,Rice,1009 Kar,Local,5410.0,5410.0,5410.0,Rs./Quintal,2025-02-28,0,4500.0,4125.0,4540.0,4605.0,4150.0,,4678.333333333333,4670.714285714285,4785.928571428572,,396.12107336255775,345.6911614734753,,910.0,20.22222222222223,870.0,19.16299559471366,805.0,17.480998914223676,1260.0,30.361445783132535,0.0,0.0,2025,2,28,4,59,9,0,0.8660254037844386,0.5000000000000001,0.8494504794814806,0.527668345562516,5345.0,4500.0,4600.0,-910.0,-810.0
Maharashtra,Palghar,APMC Palghar,Cereals,Rice,1009 Kar,Local,5345.0,5345.0,5345.0,Rs./Quintal,2025-03-01,0,5410.0,4500.0,4125.0,4545.0,4851.0,,5085.0,4785.0,4821.214285714285,,463.4831891953218,376.66822344000803,,-65.0,-1.201478743068396,1220.0,29.575757575757567,800.0,17.6017601760176,494.0,10.183467326324468,0.0,0.0,2025,3,1,5,60,9,1,1.0,6.123233995736766e-17,0.8584015232918917,0.512978386299228,4950.0,4125.0,4400.0,-1220.0,-945.0
Maharashtra,Palghar,APMC Palghar,Cereals,Rice,1009 Kar,Local,4950.0,4950.0,4950.0,Rs./Quintal,2025-03-02,0,5345.0,5410.0,4500.0,4725.0,5250.0,,5235.0,4817.142857142857,4799.785714285715,,466.4212790212398,358.49325249983906,,-395.0,-7.390084190832558,450.0,10.000000000000009,225.0,4.761904761904767,-300.0,-5.714285714285716,0.0,0.0,2025,3,2,6,61,9,1,1.0,6.123233995736766e-17,0.8670985522812081,0.4981366284784055,4500.0,4400.0,4700.0,-550.0,-250.0
Maharashtra,Palghar,APMC Palghar,Cereals,Rice,1009 Kar,Local,4500.0,4500.0,4500.0,Rs./Quintal,2025-03-03,0,4950.0,5345.0,5410.0,4850.0,4900.0,,4931.666666666667,4767.142857142857,4771.214285714285,,480.8487040540673,365.7580491929765,,-450.0,-9.090909090909093,-910.0,-16.820702402957487,-350.0,-7.216494845360821,-400.0,-8.163265306122447,0.0,0.0,2025,3,3,0,62,10,0,1.0,6.123233995736766e-17,0.8755389928586302,0.4831474640149687,4125.0,4500.0,4300.0,0.0,-200.0
Maharashtra,Palghar,APMC Palghar,Cereals,Rice,1009 Kar,Local,4125.0,4125.0,4125.0,Rs./Quintal,2025-03-04,0,4500.0,4950.0,5345.0,4540.0,5250.0,,4525.0,4707.857142857143,4690.857142857143,4467.266666666666,535.9482028988214,375.9175149178065,548.0477536035387,-375.0,-8.333333333333337,-1220.0,-22.825070159027128,-415.0,-9.140969162995594,-1125.0,-21.42857142857143,0.0,0.0,2025,3,4,1,63,10,0,1.0,6.123233995736766e-17,0.8837203473619977,0.4680153284438345,4400.0,4600.0,4035.0,475.0,-90.0
Maharashtra,Palghar,APMC Palghar,Cereals,Rice,1009 Kar,Local,4400.0,4400.0,4400.0,Rs./Quintal,2025-03-05,0,4125.0,4500.0,4950.0,4125.0,4851.0,3600.0,4341.666666666667,4747.142857142857,4658.642857142857,4493.933333333333,494.58616659837554,380.4355008798096,523.2976955432915,275.0,6.666666666666665,-550.0,-11.111111111111116,275.0,6.666666666666665,-451.0,-9.297052154195008,0.0,0.0,2025,3,5,2,64,10,0,1.0,6.123233995736766e-17,0.8916401947968874,0.45274469960737107,4500.0,4400.0,4450.0,0.0,50.0
Maharashtra,Palghar,APMC Palghar,Cereals,Rice,1009 Kar,Local,4500.0,4500.0,4500.0,Rs./Quintal,2025-03-06,0,4400.0,4125.0,4500.0,4500.0,4601.0,3640.0,4341.666666666667,4747.142857142857,4651.428571428572,4522.6,494.58616659837554,382.5643664868643,497.842074391551,100.0,2.2727272727272707,0.0,0.0,0.0,0.0,-101.0,-2.1951749619647853,0.0,0.0,2025,3,6,3,65,10,0,1.0,6.123233995736766e-17,0.8992961915530253,0.4373400963303323,4600.0,4700.0,4035.0,200.0,-465.0
Maharashtra,Palghar,APMC Palghar,Cereals,Rice,1009 Kar,Local,4600.0,4600.0,4600.0,Rs./Quintal,2025-03-07,0,4500.0,4400.0,4125.0,5410.0,4605.0,3650.0,4500.0,4631.428571428572,4651.071428571428,4554.266666666666,399.2150035352121,382.61337470806717,469.85074176830847,100.0,2.2222222222222143,475.0,11.515151515151523,-810.0,-14.972273567467653,-5.0,-0.10857763300760048,0.0,0.0,2025,3,7,4,66,10,0,1.0,6.123233995736766e-17,0.9066860720977985,0.4218060770826634,4400.0,4300.0,4500.0,-300.0,-100.0
Maharashtra,Palghar,APMC Palghar,Cereals,Rice,1009 Kar,Local,4400.0,4400.0,4400.0,Rs./Quintal,2025-03-08,0,4600.0,4500.0,4400.0,5345.0,4545.0,3535.0,4500.0,4496.428571428572,4640.714285714285,4583.1,249.3443784159168,387.6351235517627,429.99537687971815,-200.0,-4.347826086956519,0.0,0.0,-945.0,-17.6800748362956,-145.0,-3.190319031903188,0.0,0.0,2025,3,8,5,67,10,1,1.0,6.123233995736766e-17,0.9138076496466615,0.4061472386305789,4700.0,4035.0,4700.0,-365.0,300.0
Maharashtra,Palghar,APMC Palghar,Cereals,Rice,1009 Kar,Local,4700.0,4700.0,4700.0,Rs./Quintal,2025-03-09,0,4400.0,4600.0,4500.0,4950.0,4725.0,3700.0,4566.666666666667,4460.714285714285,4638.928571428572,4616.433333333333,182.4926613005916,387.274393736479,396.64330221926355,300.0,6.818181818181812,200.0,4.444444444444451,-250.0,-5.05050505050505,-25.0,-0.5291005291005346,0.0,0.0,2025,3,9,6,68,10,1,1.0,6.123233995736766e-17,0.9206588168102428,0.3903682146763026,4300.0,4450.0,4400.0,-250.0,-300.0
Maharashtra,Palghar,APMC Palghar,Cereals,Rice,1009 Kar,Local,4300.0,4300.0,4300.0,Rs./Quintal,2025-03-10,0,4700.0,4400.0,4600.0,4500.0,4850.0,3670.0,4466.666666666667,4432.142857142857,4599.642857142857,4637.433333333333,190.7847203625351,392.0825280361396,359.7707779179374,-400.0,-8.510638297872342,-300.0,-6.521739130434778,-200.0,-4.444444444444439,-550.0,-11.340206185567014,0.0,0.0,2025,3,10,0,69,11,0,1.0,6.123233995736766e-17,0.9272375462179537,0.374473674486883,4035.0,4035.0,4025.0,-265.0,-275.0
Maharashtra,Palghar,APMC Palghar,Cereals,Rice,1009 Kar,Local,4035.0,4035.0,4035.0,Rs./Quintal,2025-03-11,0,4300.0,4700.0,4400.0,4125.0,4540.0,4400.0,4345.0,4419.285714285715,4563.571428571428,4625.266666666666,216.2642783615439,420.21253126075715,373.96873678417785,-265.0,-6.162790697674414,-365.0,-8.29545454545455,-90.0,-2.1818181818181848,-505.0,-11.123348017621149,0.0,0.0,2025,3,11,1,70,11,0,1.0,6.123233995736766e-17,0.9335418911179212,0.35846832151248087,4450.0,4500.0,3845.0,465.0,-190.0
Maharashtra,Palghar,APMC Palghar,Cereals,Rice,1009 Kar,Local,4450.0,4450.0,4450.0,Rs./Quintal,2025-03-12,0,4035.0,4300.0,4700.0,4400.0,4125.0,4700.0,4261.666666666667,4426.428571428572,4586.785714285715,4616.933333333333,216.34683353576864,402.7339603971141,375.0299237103096,415.0,10.285006195786872,-250.0,-5.319148936170215,50.0,1.1363636363636465,325.0,7.878787878787885,0.0,0.0,2025,3,12,2,71,11,0,1.0,6.123233995736766e-17,0.9395699859530622,0.342356891994542,4035.0,4700.0,4350.0,250.0,-100.0
Maharashtra,Palghar,APMC Palghar,Cereals,Rice,1009 Kar,Local,4035.0,4035.0,4035.0,Rs./Quintal,2025-03-13,0,4450.0,4035.0,4300.0,4500.0,4500.0,4650.0,4173.333333333333,4360.0,4553.571428571428,4596.433333333333,257.4716812907162,428.7747686114514,389.68251297632025,-415.0,-9.325842696629216,-265.0,-6.162790697674414,-465.0,-10.33333333333334,-465.0,-10.33333333333334,0.0,0.0,2025,3,13,3,72,11,0,1.0,6.123233995736766e-17,0.945320046913132,0.3261441535642696,4500.0,4400.0,4035.0,365.0,0.0
Maharashtra,Palghar,APMC Palghar,Cereals,Rice,1009 Kar,Local,4500.0,4500.0,4500.0,Rs./Quintal,2025-03-14,0,4035.0,4450.0,4035.0,4600.0,5410.0,4000.0,4328.333333333333,4345.714285714285,4488.571428571428,4613.1,244.37724545308967,350.8529637865466,373.65642987403095,465.0,11.524163568773238,465.0,11.524163568773238,-100.0,-2.1739130434782594,-910.0,-16.820702402957487,0.0,0.0,2025,3,14,4,73,11,0,1.0,6.123233995736766e-17,0.9507903724625832,0.3098349038318025,4700.0,4025.0,4305.0,-475.0,-195.0
Maharashtra,Palghar,APMC Palghar,Cereals,Rice,1009 Kar,Local,4700.0,4700.0,4700.0,Rs./Quintal,2025-03-15,0,4500.0,4035.0,4450.0,4400.0,5345.0,4400.0,4411.666666666667,4388.571428571428,4442.5,4623.1,279.2954571434234,260.44156291250704,371.76627344201785,200.0,4.444444444444451,250.0,5.617977528089879,300.0,6.818181818181812,-645.0,-12.06735266604303,0.0,0.0,2025,3,15,5,74,11,1,1.0,6.123233995736766e-17,0.9559793438440766,0.2934339689665273,4400.0,3845.0,4413.0,-855.0,-287.0
Maharashtra,Palghar,APMC Palghar,Cereals,Rice,1009 Kar,Local,4400.0,4400.0,4400.0,Rs./Quintal,2025-03-16,0,4700.0,4500.0,4035.0,4700.0,4950.0,4150.0,4533.333333333333,4345.714285714285,4403.214285714285,4631.433333333333,244.37724545308967,215.6261645931323,363.50598186353744,-300.0,-6.382978723404253,365.0,9.045848822800506,-300.0,-6.382978723404253,-550.0,-11.111111111111116,0.0,0.0,2025,3,16,6,75,11,1,1.0,6.123233995736766e-17,0.9608854255574977,0.27694620226893646,4025.0,4350.0,4550.0,-50.0,150.0
Maharashtra,Palghar,APMC Palghar,Cereals,Rice,1009 Kar,Local,4025.0,4025.0,4025.0,Rs./Quintal,2025-03-17,0,4400.0,4700.0,4500.0,4300.0,4500.0,4851.0,4375.0,4306.428571428572,4369.285714285715,4603.9,273.3391404725773,235.66482997662982,377.321353024548,-375.0,-8.52272727272727,-475.0,-10.555555555555552,-275.0,-6.395348837209303,-475.0,-10.555555555555552,0.0,0.0,2025,3,17,0,76,12,0,1.0,6.123233995736766e-17,0.9655071658143364,0.2603764827344581,3845.0,4035.0,4575.0,10.0,550.0
Maharashtra,Palghar,APMC Palghar,Cereals,Rice,1009 Kar,Local,3845.0,3845.0,3845.0,Rs./Quintal,2025-03-18,0,4025.0,4400.0,4700.0,4035.0,4125.0,5250.0,4090.0,4279.285714285715,4349.285714285715,4557.066666666667,311.54759630256575,267.6957022646998,381.5329274291322,-180.0,-4.472049689440993,-855.0,-18.19148936170213,-190.0,-4.708798017348204,-280.0,-6.787878787878787,0.0,0.0,2025,3,18,1,77,12,0,1.0,6.123233995736766e-17,0.969843196967294,0.24372971360968387,4350.0,4305.0,4250.0,460.0,405.0
Maharashtra,Palghar,APMC Palghar,Cereals,Rice,1009 Kar,Local,4350.0,4350.0,4350.0,Rs./Quintal,2025-03-19,0,3845.0,4025.0,4400.0,4450.0,4400.0,4900.0,4073.3333333333335,4265.0,4345.714285714285,4538.733333333334,304.63092423455925,267.3003003168016,377.6809393575784,505.0,13.133940182054626,-50.0,-1.1363636363636354,-100.0,-2.2471910112359605,-50.0,-1.1363636363636354,0.0,0.0,2025,3,19,2,78,12,0,1.0,6.123233995736766e-17,0.9738922359149924,0.22701082094141847,4035.0,4413.0,4605.0,63.0,255.0
Maharashtra,Palghar,APMC Palghar,Cereals,Rice,1009 Kar,Local,4035.0,4035.0,4035.0,Rs./Quintal,2025-03-20,0,4350.0,3845.0,4025.0,4035.0,4500.0,5250.0,4076.6666666666665,4265.0,4312.5,4498.233333333334,304.63092423455925,275.42100640516253,363.66351284492725,-315.0,-7.241379310344831,10.0,0.248447204968949,0.0,0.0,-465.0,-10.33333333333334,0.0,0.0,2025,3,20,3,79,12,0,1.0,6.123233995736766e-17,0.9776530844816641,0.2102247521189836,4305.0,4550.0,4545.0,515.0,510.0
Maharashtra,Palghar,APMC Palghar,Cereals,Rice,1009 Kar,Local,4305.0,4305.0,4305.0,Rs./Quintal,2025-03-21,0,4035.0,4350.0,3845.0,4500.0,4600.0,4851.0,4230.0,4237.142857142857,4291.428571428572,4480.033333333334,288.02281655650944,262.7255702719609,359.03323094045237,270.0,6.691449814126393,460.0,11.963589076723014,-195.0,-4.333333333333334,-295.0,-6.413043478260871,0.0,0.0,2025,3,21,4,80,12,0,1.0,6.123233995736766e-17,0.981124629771712,0.19337647441020586,4413.0,4575.0,4851.0,270.0,546.0
Maharashtra,Palghar,APMC Palghar,Cereals,Rice,1009 Kar,Local,4413.0,4413.0,4413.0,Rs./Quintal,2025-03-22,0,4305.0,4035.0,4350.0,4700.0,4400.0,4601.0,4251.0,4196.142857142857,4292.357142857143,4473.766666666666,224.59773564563105,263.16143250947954,358.4893287820081,108.0,2.508710801393721,63.0,1.4482758620689706,-287.0,-6.106382978723401,13.0,0.2954545454545432,0.0,0.0,2025,3,22,5,81,12,1,1.0,6.123233995736766e-17,0.984305844499033,0.17647097349152166,4550.0,4250.0,4825.0,-163.0,412.0
Maharashtra,Palghar,APMC Palghar,Cereals,Rice,1009 Kar,Local,4550.0,4550.0,4550.0,Rs./Quintal,2025-03-23,0,4413.0,4305.0,4035.0,4400.0,4700.0,4605.0,4422.666666666667,4217.571428571428,4281.642857142857,4471.933333333333,252.68811945615403,247.89905114873144,357.93526031213054,137.0,3.1044640833899795,515.0,12.763320941759604,150.0,3.409090909090917,-150.0,-3.1914893617021267,0.0,0.0,2025,3,23,6,82,12,1,1.0,6.123233995736766e-17,0.9871957872910085,0.15951325197263655,4575.0,4605.0,4975.0,55.0,425.0
Maharashtra,Palghar,APMC Palghar,Cereals,Rice,1009 Kar,Local,4575.0,4575.0,4575.0,Rs./Quintal,2025-03-24,0,4550.0,4413.0,4305.0,4025.0,4300.0,4545.0,4512.666666666667,4296.142857142857,4301.285714285715,4472.933333333333,267.88208137874994,260.06224952187017,358.18825076837146,25.0,0.5494505494505475,270.0,6.271777003484313,550.0,13.664596273291929,275.0,6.3953488372092915,0.0,0.0,2025,3,24,0,83,13,0,1.0,6.123233995736766e-17,0.9897936029670716,0.14250832791617088,4250.0,4545.0,4274.0,-30.0,-301.0
Maharashtra,Palghar,APMC Palghar,Cereals,Rice,1009 Kar,Local,4250.0,4250.0,4250.0,Rs./Quintal,2025-03-25,0,4575.0,4550.0,4413.0,3845.0,4035.0,4725.0,4458.333333333333,4354.0,4316.642857142857,4457.1,185.17199212264333,249.2513736225923,357.15864822232714,-325.0,-7.103825136612018,-163.0,-3.693632449580786,405.0,10.533159947984405,215.0,5.3283767038413865,0.0,0.0,2025,3,25,1,84,13,0,1.0,6.123233995736766e-17,0.992098522791769,0.12546123335273648,4605.0,4851.0,4035.0,601.0,-215.0
Maharashtra,Palghar,APMC Palghar,Cereals,Rice,1009 Kar,Local,4605.0,4605.0,4605.0,Rs./Quintal,2025-03-26,0,4250.0,4575.0,4550.0,4350.0,4450.0,4850.0,4476.666666666667,4390.428571428572,4327.714285714285,4448.933333333333,207.93737610384983,258.88679693328413,350.60587296980583,355.0,8.352941176470585,55.0,1.2087912087912045,255.0,5.862068965517242,155.0,3.483146067415732,0.0,0.0,2025,3,26,2,85,13,0,1.0,6.123233995736766e-17,0.9941098647022418,0.10837701279187609,4545.0,4825.0,4005.0,220.0,-600.0
Maharashtra,Palghar,APMC Palghar,Cereals,Rice,1009 Kar,Local,4545.0,4545.0,4545.0,Rs./Quintal,2025-03-27,0,4605.0,4250.0,4575.0,4035.0,4035.0,4540.0,4466.666666666667,4463.285714285715,4364.142857142857,4449.1,141.32316899659247,250.268119959642,350.6518412800702,-60.0,-1.3029315960912058,-30.0,-0.6557377049180357,510.0,12.639405204460964,510.0,12.639405204460964,0.0,0.0,2025,3,27,3,86,13,0,1.0,6.123233995736766e-17,0.9958270335100595,0.09126072172931188,4851.0,4975.0,4300.0,430.0,-245.0
Maharashtra,Palghar,APMC Palghar,Cereals,Rice,1009 Kar,Local,4851.0,4851.0,4851.0,Rs./Quintal,2025-03-28,0,4545.0,4605.0,4250.0,4305.0,4500.0,4125.0,4667.0,4541.285714285715,4389.214285714285,4473.3,183.71782193145887,280.6608077573193,352.5600120106725,306.0,6.732673267326739,601.0,14.141176470588235,546.0,12.682926829268283,351.0,7.800000000000007,0.0,0.0,2025,3,28,4,87,13,0,1.0,6.123233995736766e-17,0.9972495210773451,0.07411742515094437,4825.0,4274.0,4274.0,-577.0,-577.0
Maharashtra,Palghar,APMC Palghar,Cereals,Rice,1009 Kar,Local,4825.0,4825.0,4825.0,Rs./Quintal,2025-03-29,0,4851.0,4545.0,4605.0,4413.0,4700.0,4500.0,4740.333333333333,4600.142857142857,4398.142857142857,4484.133333333333,200.95640370607052,293.0242460807821,358.3543549033009,-26.0,-0.5359719645433914,220.0,4.777415852334421,412.0,9.336052571946517,125.0,2.659574468085113,0.0,0.0,2025,3,29,5,88,13,1,1.0,6.123233995736766e-17,0.998376906467142,0.056952196034039754,4975.0,4035.0,4801.0,-790.0,-24.0
Maharashtra,Palghar,APMC Palghar,Cereals,Rice,1009 Kar,Local,4975.0,4975.0,4975.0,Rs./Quintal,2025-03-31,0,4825.0,4851.0,4545.0,4550.0,4400.0,5410.0,4883.666666666667,4660.857142857143,4439.214285714285,4469.633333333333,243.07092831204034,331.12469846580154,327.0311050621346,150.0,3.1088082901554515,430.0,9.460946094609458,425.0,9.340659340659329,575.0,13.068181818181813,0.0,0.0,2025,3,31,0,90,14,0,1.0,6.123233995736766e-17,0.9997451236925734,0.022576263041545485,4274.0,4005.0,4601.0,-970.0,-374.0
Maharashtra,Palghar,APMC Palghar,Cereals,Rice,1009 Kar,Local,4274.0,4274.0,4274.0,Rs./Quintal,2025-04-01,0,4975.0,4825.0,4851.0,4575.0,4025.0,5345.0,4691.333333333333,4617.857142857143,4457.0,4433.933333333333,283.9732549445643,313.37615637539733,283.77394273384704,-701.0,-14.09045226130653,-577.0,-11.894454751597605,-301.0,-6.579234972677595,249.0,6.186335403726706,0.0,0.0,2025,4,1,1,91,14,0,0.8660254037844387,-0.49999999999999983,0.9999855506507186,0.005375731557583884,4035.0,4300.0,4700.0,26.0,426.0
Maharashtra,Palghar,APMC Palghar,Cereals,Rice,1009 Kar,Local,4035.0,4035.0,4035.0,Rs./Quintal,2025-04-02,0,4274.0,4975.0,4825.0,4250.0,3845.0,4950.0,4428.0,4587.142857142857,4470.571428571428,4403.433333333333,337.0570815017498,287.91310502295335,275.4443035675565,-239.0,-5.591951333645295,-790.0,-16.373056994818658,-215.0,-5.05882352941176,190.0,4.941482444733425,0.0,0.0,2025,4,2,2,92,14,0,0.8660254037844387,-0.49999999999999983,0.9999300657962057,-0.011826390691832589,4005.0,4274.0,4950.0,239.0,915.0
Maharashtra,Palghar,APMC Palghar,Cereals,Rice,1009 Kar,Local,4005.0,4005.0,4005.0,Rs./Quintal,2025-04-03,0,4035.0,4274.0,4975.0,4605.0,4350.0,4500.0,4104.666666666667,4501.428571428572,4445.928571428572,4386.933333333333,401.82660321041493,312.7224043745574,284.14869023263105,-30.0,-0.743494423791824,-970.0,-19.497487437185935,-600.0,-13.029315960912047,-345.0,-7.931034482758625,0.0,0.0,2025,4,3,3,93,14,0,0.8660254037844387,-0.49999999999999983,0.9995786855478958,-0.029025013321975237,4300.0,4801.0,4900.0,796.0,895.0
Maharashtra,Palghar,APMC Palghar,Cereals,Rice,1009 Kar,Local,4300.0,4300.0,4300.0,Rs./Quintal,2025-04-04,0,4005.0,4035.0,4274.0,4545.0,4035.0,4125.0,4113.333333333333,4466.428571428572,4464.857142857143,4392.766666666666,408.0211829234936,293.3566632414099,280.35699942472803,295.0,7.365792759051182,26.0,0.6083294337856815,-245.0,-5.3905390539053855,265.0,6.567534076827752,0.0,0.0,2025,4,4,4,94,14,0,0.8660254037844387,-0.49999999999999983,0.9989315138848577,-0.046215046983708354,4274.0,4601.0,5275.0,301.0,975.0
Maharashtra,Palghar,APMC Palghar,Cereals,Rice,1009 Kar,Local,4274.0,4274.0,4274.0,Rs./Quintal,2025-04-05,0,4300.0,4005.0,4035.0,4851.0,4305.0,4400.0,4193.0,4384.0,4462.642857142857,4388.566666666667,374.268174798056,294.76969031715663,281.18746763329113,-26.0,-0.6046511627906925,239.0,5.923172242874841,-577.0,-11.894454751597605,-31.0,-0.720092915214865,0.0,0.0,2025,4,5,5,95,14,1,0.8660254037844387,-0.49999999999999983,0.9979887423155984,-0.06339140486951038,4801.0,4700.0,4850.0,426.0,576.0
Maharashtra,Palghar,APMC Palghar,Cereals,Rice,1009 Kar,Local,4801.0,4801.0,4801.0,Rs./Quintal,2025-04-06,0,4274.0,4300.0,4005.0,4825.0,4413.0,4500.0,4458.333333333333,4380.571428571428,4490.357142857143,4398.6,369.6362433270768,307.6995555465082,290.5161399754015,527.0,12.330369677117448,796.0,19.87515605493133,-24.0,-0.4974093264248691,388.0,8.79220484930887,0.0,0.0,2025,4,6,6,96,14,1,0.8660254037844387,-0.49999999999999983,0.9967506498213929,-0.08054900421874167,4601.0,4950.0,4801.0,149.0,0.0
Maharashtra,Palghar,APMC Palghar,Cereals,Rice,1009 Kar,Local,4601.0,4601.0,4601.0,Rs./Quintal,2025-04-07,0,4801.0,4274.0,4300.0,4975.0,4550.0,4600.0,4558.666666666667,4327.142857142857,4494.0,4398.633333333333,287.24172664118834,308.7600512222581,290.5401014915373,-200.0,-4.165798791918352,301.0,7.000000000000006,-374.0,-7.517587939698489,51.0,1.1208791208791258,0.0,0.0,2025,4,7,0,97,15,0,0.8660254037844387,-0.49999999999999983,0.9952176027737294,-0.09768276782171598,4700.0,4900.0,4825.0,299.0,224.0
Maharashtra,Palghar,APMC Palghar,Cereals,Rice,1009 Kar,Local,4700.0,4700.0,4700.0,Rs./Quintal,2025-04-08,0,4601.0,4801.0,4274.0,4274.0,4575.0,4400.0,4700.666666666667,4388.0,4502.928571428572,4408.633333333333,317.6266151736472,313.05995107492623,295.7056415369544,99.0,2.151706150836774,426.0,9.967243799719228,426.0,9.967243799719228,125.0,2.732240437158473,0.0,0.0,2025,4,8,1,98,15,0,0.8660254037844387,-0.49999999999999983,0.9933900548258936,-0.11478762552212701,4950.0,5275.0,4601.0,575.0,-99.0
Maharashtra,Palghar,APMC Palghar,Cereals,Rice,1009 Kar,Local,4950.0,4950.0,4950.0,Rs./Quintal,2025-04-09,0,4700.0,4601.0,4801.0,4035.0,4250.0,4700.0,4750.333333333333,4518.714285714285,4552.928571428572,4416.966666666666,335.8946830410381,325.220035404607,307.48776071334265,250.0,5.319148936170204,149.0,3.1035200999791623,915.0,22.676579925650554,700.0,16.470588235294127,0.0,0.0,2025,4,9,2,99,15,0,0.8660254037844387,-0.49999999999999983,0.9912685467787256,-0.13185851571739118,4900.0,4850.0,4274.0,-100.0,-676.0
Maharashtra,Palghar,APMC Palghar,Cereals,Rice,1009 Kar,Local,4900.0,4900.0,4900.0,Rs./Quintal,2025-04-10,0,4950.0,4700.0,4601.0,4005.0,4605.0,4300.0,4850.0,4646.571428571428,4574.0,4436.966666666666,272.02809728828913,338.15290123757194,318.91805058432465,-50.0,-1.0101010101010055,299.0,6.498587263638345,895.0,22.347066167290897,295.0,6.4060803474484285,0.0,0.0,2025,4,10,3,100,15,0,0.8660254037844387,-0.49999999999999983,0.9888537064205885,-0.1488903868564548,5275.0,4801.0,4225.0,-99.0,-675.0
Maharashtra,Palghar,APMC Palghar,Cereals,Rice,1009 Kar,Local,5275.0,5275.0,5275.0,Rs./Quintal,2025-04-11,0,4900.0,4950.0,4700.0,4300.0,4545.0,4035.0,5041.666666666667,4785.857142857143,4626.142857142857,4478.3,311.7164462410411,386.20557641332664,344.3645972832705,375.0,7.653061224489788,575.0,12.234042553191493,975.0,22.67441860465116,730.0,16.061606160616073,0.0,0.0,2025,4,11,4,101,15,0,0.8660254037844387,-0.49999999999999983,0.986146248341595,-0.16587819893463143,4850.0,4825.0,4540.0,-450.0,-735.0
Maharashtra,Palghar,APMC Palghar,Cereals,Rice,1009 Kar,Local,4850.0,4850.0,4850.0,Rs./Quintal,2025-04-14,0,5275.0,4900.0,4950.0,4274.0,4851.0,4450.0,5008.333333333333,4868.142857142857,4626.071428571428,4491.633333333333,215.14446973404597,386.16088004189123,350.9125525543792,-425.0,-8.056872037914697,-100.0,-2.020202020202022,576.0,13.476836686944305,-1.0,-0.020614306328592402,0.0,0.0,2025,4,14,0,104,16,0,0.8660254037844387,-0.49999999999999983,0.9762766110869321,-0.21652708524481437,4801.0,4601.0,4350.0,-249.0,-500.0
Maharashtra,Palghar,APMC Palghar,Cereals,Rice,1009 Kar,Local,4801.0,4801.0,4801.0,Rs./Quintal,2025-04-15,0,4850.0,5275.0,4900.0,4801.0,4825.0,4035.0,4975.333333333333,4868.142857142857,4624.357142857143,4517.166666666667,215.14446973404597,385.2620700735608,344.3476674698902,-49.0,-1.0103092783505185,-99.0,-2.020408163265308,0.0,0.0,-24.0,-0.4974093264248691,0.0,0.0,2025,4,15,1,105,16,0,0.8660254037844387,-0.49999999999999983,0.9724075561219968,-0.23328854407545518,4825.0,4274.0,4575.0,-527.0,-226.0
Maharashtra,Palghar,APMC Palghar,Cereals,Rice,1009 Kar,Local,4825.0,4825.0,4825.0,Rs./Quintal,2025-04-16,0,4801.0,4850.0,5275.0,4601.0,4975.0,4500.0,4825.333333333333,4900.142857142857,4613.642857142857,4528.0,183.0532059005717,376.7522358961521,348.8715799693992,24.0,0.49989585503020795,-450.0,-8.530805687203792,224.0,4.86850684633775,-150.0,-3.015075376884424,0.0,0.0,2025,4,16,2,106,16,0,0.8660254037844387,-0.49999999999999983,0.9682507501166718,-0.2499809690726521,4601.0,4225.0,4300.0,-600.0,-525.0
Maharashtra,Palghar,APMC Palghar,Cereals,Rice,1009 Kar,Local,4601.0,4601.0,4601.0,Rs./Quintal,2025-04-17,0,4825.0,4801.0,4850.0,4700.0,4274.0,4700.0,4742.333333333333,4886.0,4637.0,4524.7,203.7482106260918,363.99640742099,347.65461953317794,-224.0,-4.642487046632127,-249.0,-5.1340206185567006,-99.0,-2.106382978723409,327.0,7.650912494150686,0.0,0.0,2025,4,17,3,107,16,0,0.8660254037844387,-0.49999999999999983,0.9638074231367307,-0.26659942067929354,4274.0,4540.0,3906.0,-61.0,-695.0
Maharashtra,Palghar,APMC Palghar,Cereals,Rice,1009 Kar,Local,4274.0,4274.0,4274.0,Rs./Quintal,2025-04-18,0,4601.0,4825.0,4801.0,4950.0,4035.0,4400.0,4566.666666666667,4789.428571428572,4654.071428571428,4520.5,303.93138323359557,338.28742087296405,349.96647622702193,-327.0,-7.107150619430557,-527.0,-10.976879816704855,-676.0,-13.656565656565656,239.0,5.923172242874841,0.0,0.0,2025,4,18,4,108,16,0,0.8660254037844387,-0.49999999999999983,0.9590788900341131,-0.28313898122818354,4225.0,4350.0,3960.0,76.0,-314.0
Maharashtra,Palghar,APMC Palghar,Cereals,Rice,1009 Kar,Local,4225.0,4225.0,4225.0,Rs./Quintal,2025-04-19,0,4274.0,4601.0,4825.0,4900.0,4005.0,4025.0,4366.666666666667,4693.0,4669.785714285715,4527.166666666667,364.12223222429174,309.7207622188952,342.0166444158403,-49.0,-1.146467009826857,-600.0,-12.435233160621761,-675.0,-13.77551020408163,220.0,5.493133583021215,0.0,0.0,2025,4,19,5,109,16,1,0.8660254037844387,-0.49999999999999983,0.9540665500578387,-0.2995947563972602,4540.0,4575.0,3845.0,350.0,-380.0
Maharashtra,Palghar,APMC Palghar,Cereals,Rice,1009 Kar,Local,4540.0,4540.0,4540.0,Rs./Quintal,2025-04-20,0,4225.0,4274.0,4601.0,5275.0,4300.0,3845.0,4346.333333333333,4588.0,4686.928571428572,4550.333333333333,259.1717577206301,293.91769237341396,316.82686812802996,315.0,7.4556213017751505,-61.0,-1.3257987394044823,-735.0,-13.933649289099526,240.0,5.581395348837215,0.0,0.0,2025,4,20,6,110,16,1,0.8660254037844387,-0.49999999999999983,0.9487718864399473,-0.31596187665790293,4350.0,4300.0,4080.0,-240.0,-460.0
Maharashtra,Palghar,APMC Palghar,Cereals,Rice,1009 Kar,Local,4350.0,4350.0,4350.0,Rs./Quintal,2025-04-21,0,4540.0,4225.0,4274.0,4850.0,4274.0,4350.0,4371.666666666667,4516.571428571428,4692.357142857143,4550.333333333333,243.3467054381876,286.30769009336154,316.82686812802996,-190.0,-4.185022026431717,76.0,1.7781937295273664,-500.0,-10.309278350515461,76.0,1.7781937295273664,0.0,0.0,2025,4,21,0,111,17,0,0.8660254037844387,-0.49999999999999983,0.9431964659565866,-0.33223549871590435,4575.0,3906.0,4080.0,-444.0,-270.0
Maharashtra,Palghar,APMC Palghar,Cereals,Rice,1009 Kar,Local,4575.0,4575.0,4575.0,Rs./Quintal,2025-04-22,0,4350.0,4540.0,4225.0,4801.0,4801.0,4035.0,4488.333333333333,4484.285714285715,4676.214285714285,4568.333333333333,212.3375569588175,286.08206960495346,301.50877305624965,225.0,5.1724137931034475,350.0,8.284023668639051,-226.0,-4.707352634867734,-226.0,-4.707352634867734,0.0,0.0,2025,4,22,1,112,17,0,0.8660254037844387,-0.49999999999999983,0.9373419384643772,-0.3484108069446808,4300.0,3960.0,4225.0,-615.0,-350.0
Maharashtra,Palghar,APMC Palghar,Cereals,Rice,1009 Kar,Local,4300.0,4300.0,4300.0,Rs./Quintal,2025-04-23,0,4575.0,4350.0,4540.0,4825.0,4601.0,4305.0,4408.333333333333,4409.285714285715,4654.714285714285,4568.166666666667,157.5983442020853,302.98094090132696,301.6607003918799,-275.0,-6.010928961748629,-240.0,-5.286343612334798,-525.0,-10.880829015544046,-301.0,-6.542056074766355,0.0,0.0,2025,4,23,2,113,17,0,0.8660254037844387,-0.49999999999999983,0.9312100364121947,-0.3644830148102912,3906.0,3845.0,4413.0,-455.0,113.0
Maharashtra,Palghar,APMC Palghar,Cereals,Rice,1009 Kar,Local,3906.0,3906.0,3906.0,Rs./Quintal,2025-04-24,0,4300.0,4575.0,4350.0,4601.0,4700.0,4413.0,4260.333333333333,4310.0,4598.0,4551.266666666666,222.3218387833296,362.3489605763647,324.0261732013948,-394.0,-9.162790697674417,-444.0,-10.206896551724142,-695.0,-15.105411866985442,-794.0,-16.893617021276597,0.0,0.0,2025,4,24,3,114,17,0,0.8660254037844387,-0.49999999999999983,0.9248025743285089,-0.38044736628785164,3960.0,4080.0,4300.0,174.0,394.0
Maharashtra,Palghar,APMC Palghar,Cereals,Rice,1009 Kar,Local,3960.0,3960.0,3960.0,Rs./Quintal,2025-04-25,0,3906.0,4300.0,4575.0,4274.0,4950.0,4550.0,4055.3333333333335,4265.142857142857,4527.285714285715,4531.6,259.38416076766066,384.3066541131012,341.5374569249451,54.0,1.382488479262678,-615.0,-13.442622950819672,-314.0,-7.346747777257834,-990.0,-19.999999999999996,0.0,0.0,2025,4,25,4,115,17,0,0.8660254037844387,-0.49999999999999983,0.9181214482844365,-0.39629913726891813,3845.0,4080.0,4350.0,120.0,390.0
Maharashtra,Palghar,APMC Palghar,Cereals,Rice,1009 Kar,Local,3845.0,3845.0,3845.0,Rs./Quintal,2025-04-26,0,3960.0,3906.0,4300.0,4225.0,4900.0,4575.0,3903.6666666666665,4210.857142857143,4451.928571428572,4507.266666666666,304.9483172448684,408.28788189890804,363.6292099087349,-115.0,-2.904040404040409,-455.0,-10.581395348837209,-380.0,-8.994082840236683,-1055.0,-21.530612244897963,0.0,0.0,2025,4,26,5,116,17,1,0.8660254037844387,-0.49999999999999983,0.9111686353326631,-0.41203363695942635,4080.0,4225.0,4305.0,380.0,460.0
Maharashtra,Palghar,APMC Palghar,Cereals,Rice,1009 Kar,Local,4080.0,4080.0,4080.0,Rs./Quintal,2025-04-27,0,3845.0,3960.0,3906.0,4540.0,5275.0,4250.0,3961.6666666666665,4145.142857142857,4366.571428571428,4501.6,269.728523131086,342.6109509870716,369.0606528976526,235.0,6.111833550065016,174.0,4.454685099846389,-460.0,-10.132158590308372,-1195.0,-22.654028436018958,0.0,0.0,2025,4,27,6,117,17,1,0.8660254037844387,-0.49999999999999983,0.9039461929224011,-0.42764620926777464,4080.0,4413.0,4850.0,333.0,770.0
Maharashtra,Palghar,APMC Palghar,Cereals,Rice,1009 Kar,Local,4080.0,4080.0,4080.0,Rs./Quintal,2025-04-28,0,4080.0,3845.0,3960.0,4350.0,4850.0,4605.0,4001.6666666666665,4106.571428571428,4311.571428571428,4484.1,254.42212766899723,320.10087695689475,376.36348443199614,0.0,0.0,120.0,3.0303030303030276,-270.0,-6.206896551724139,-770.0,-15.876288659793813,0.0,0.0,2025,4,28,0,118,18,0,0.8660254037844387,-0.49999999999999983,0.8964562582905575,-0.44313223418263453,4225.0,4300.0,4700.0,220.0,620.0
Maharashtra,Palghar,APMC Palghar,Cereals,Rice,1009 Kar,Local,4225.0,4225.0,4225.0,Rs./Quintal,2025-04-29,0,4080.0,4080.0,3845.0,4575.0,4801.0,4545.0,4128.333333333333,4056.5714285714284,4270.428571428572,4473.433333333333,166.0741372026942,287.7359137194339,379.1026322081222,145.0,3.5539215686274606,380.0,9.88296488946685,-350.0,-7.650273224043714,-576.0,-11.997500520724847,0.0,0.0,2025,4,29,1,119,18,0,0.8660254037844387,-0.49999999999999983,0.8887010478292915,-0.45848712914008766,4413.0,4350.0,5410.0,125.0,1185.0
Maharashtra,Palghar,APMC Palghar,Cereals,Rice,1009 Kar,Local,4413.0,4413.0,4413.0,Rs./Quintal,2025-04-30,0,4225.0,4080.0,4080.0,4300.0,4825.0,4851.0,4239.333333333333,4072.714285714286,4241.0,4458.833333333333,196.4024051836053,244.46928389724553,372.43588509399507,188.0,4.449704142011823,333.0,8.161764705882346,113.0,2.6279069767441765,-412.0,-8.538860103626945,0.0,0.0,2025,4,30,2,120,18,0,0.8660254037844387,-0.49999999999999983,0.8806828564301475,-0.47370635037968,4300.0,4305.0,5250.0,-108.0,837.0
Maharashtra,Palghar,APMC Palghar,Cereals,Rice,1009 Kar,Local,4300.0,4300.0,4300.0,Rs./Quintal,2025-05-01,0,4413.0,4225.0,4080.0,3906.0,4601.0,4825.0,4312.666666666667,4129.0,4219.5,4441.333333333333,197.1175622143645,222.63414279589435,366.93082438663816,-113.0,-2.5606163607523214,220.0,5.392156862745101,394.0,10.08704557091653,-301.0,-6.542056074766355,0.0,0.0,2025,5,1,3,121,18,0,0.49999999999999994,-0.8660254037844387,0.8724040568049612,-0.48878539428899265,4350.0,4850.0,5001.0,550.0,701.0
Maharashtra,Palghar,APMC Palghar,Cereals,Rice,1009 Kar,Local,4350.0,4350.0,4350.0,Rs./Quintal,2025-05-02,0,4300.0,4413.0,4225.0,3960.0,4274.0,4975.0,4354.333333333333,4184.714285714285,4224.928571428572,4420.5,196.50421054497932,224.97947403322132,353.0668345443578,50.0,1.1627906976744207,125.0,2.9585798816567976,390.0,9.84848484848484,76.0,1.7781937295273664,0.0,0.0,2025,5,2,4,122,18,0,0.49999999999999994,-0.8660254037844387,0.8638670987837349,-0.503719798736334,4305.0,4700.0,5300.0,350.0,950.0
Maharashtra,Palghar,APMC Palghar,Cereals,Rice,1009 Kar,Local,4305.0,4305.0,4305.0,Rs./Quintal,2025-05-03,0,4350.0,4300.0,4413.0,3845.0,4225.0,4274.0,4318.333333333333,4250.428571428572,4230.642857142857,4421.533333333334,129.43319659559344,225.99510108470696,352.6684223062146,-45.0,-1.0344827586206917,-108.0,-2.4473147518694782,460.0,11.963589076723014,80.0,1.8934911242603603,0.0,0.0,2025,5,3,5,123,18,1,0.49999999999999994,-0.8660254037844387,0.8550745085896932,-0.518505144391157,4850.0,5410.0,4851.0,1105.0,546.0
Maharashtra,Palghar,APMC Palghar,Cereals,Rice,1009 Kar,Local,4850.0,4850.0,4850.0,Rs./Quintal,2025-05-05,0,4305.0,4350.0,4300.0,4080.0,4540.0,4035.0,4501.666666666667,4360.428571428572,4252.785714285715,4448.7,240.22826446448985,269.6145906150644,353.2562955487531,545.0,12.659698025551691,550.0,12.790697674418606,770.0,18.872549019607842,310.0,6.8281938325991165,0.0,0.0,2025,5,5,0,125,19,0,0.49999999999999994,-0.8660254037844387,0.8367329140344921,-0.5476112038402312,4700.0,5250.0,4825.0,400.0,-25.0
Maharashtra,Palghar,APMC Palghar,Cereals,Rice,1009 Kar,Local,4700.0,4700.0,4700.0,Rs./Quintal,2025-05-06,0,4850.0,4305.0,4350.0,4080.0,4350.0,4005.0,4618.333333333333,4449.0,4277.785714285715,4471.866666666667,233.81331584550327,294.4089721070747,345.86680048562226,-150.0,-3.0927835051546393,350.0,8.045977011494255,620.0,15.19607843137254,350.0,8.045977011494255,0.0,0.0,2025,5,6,1,126,19,0,0.49999999999999994,-0.8660254037844387,0.8271893372462497,-0.5619233046832195,5410.0,5001.0,4400.0,301.0,-300.0
Maharashtra,Palghar,APMC Palghar,Cereals,Rice,1009 Kar,Local,5410.0,5410.0,5410.0,Rs./Quintal,2025-05-07,0,4700.0,4850.0,4305.0,4225.0,4575.0,4300.0,4986.666666666667,4618.285714285715,4337.428571428572,4508.866666666667,408.40205446990774,417.9222810129112,384.105654765702,710.0,15.1063829787234,1105.0,25.667828106852486,1185.0,28.04733727810651,835.0,18.25136612021858,0.0,0.0,2025,5,7,2,127,19,0,0.49999999999999994,-0.8660254037844387,0.8174009818249189,-0.5760691233798758,5250.0,5300.0,4600.0,-110.0,-810.0
Maharashtra,Palghar,APMC Palghar,Cereals,Rice,1009 Kar,Local,5250.0,5250.0,5250.0,Rs./Quintal,2025-05-08,0,5410.0,4700.0,4850.0,4413.0,4300.0,4274.0,5120.0,4737.857142857143,4405.285714285715,4541.4,457.81962553369596,483.37665335739075,404.32750467224315,-160.0,-2.957486136783738,400.0,8.247422680412363,837.0,18.96668932698844,950.0,22.093023255813947,0.0,0.0,2025,5,8,3,128,19,0,0.49999999999999994,-0.8660254037844387,0.8073707443023492,-0.5900444739548627,5001.0,4851.0,4500.0,-399.0,-750.0
Maharashtra,Palghar,APMC Palghar,Cereals,Rice,1009 Kar,Local,5001.0,5001.0,5001.0,Rs./Quintal,2025-05-09,0,5250.0,5410.0,4700.0,4300.0,3906.0,4801.0,5220.333333333333,4838.0,4483.5,4548.066666666667,421.29126899727936,484.9610214313052,410.35929869199805,-249.0,-4.7428571428571376,301.0,6.404255319148944,701.0,16.30232558139535,1095.0,28.03379416282643,0.0,0.0,2025,5,9,4,129,19,0,0.49999999999999994,-0.8660254037844387,0.7971015927871943,-0.6038452208771035,5300.0,4825.0,4450.0,-176.0,-551.0
Maharashtra,Palghar,APMC Palghar,Cereals,Rice,1009 Kar,Local,5300.0,5300.0,5300.0,Rs./Quintal,2025-05-12,0,5001.0,5250.0,5410.0,4350.0,3960.0,4601.0,5183.666666666667,4973.714285714285,4579.214285714285,4571.366666666667,389.7198627585934,505.4926277437682,432.70452475924753,299.0,5.97880423915218,-110.0,-2.0332717190388205,950.0,21.839080459770123,1340.0,33.83838383838385,0.0,0.0,2025,5,12,0,132,20,0,0.49999999999999994,-0.8660254037844387,0.7648913904341226,-0.6441592666722685,4851.0,4400.0,4850.0,-900.0,-450.0
Maharashtra,Palghar,APMC Palghar,Cereals,Rice,1009 Kar,Local,4851.0,4851.0,4851.0,Rs./Quintal,2025-05-13,0,5300.0,5001.0,5250.0,4305.0,3845.0,4700.0,5050.666666666667,5051.714285714285,4651.071428571428,4576.4,269.7472361833894,462.7929366334429,435.123890403641,-449.0,-8.471698113207548,-399.0,-7.599999999999996,546.0,12.682926829268283,1006.0,26.163849154746433,0.0,0.0,2025,5,13,1,133,20,0,0.49999999999999994,-0.8660254037844387,0.753697664392914,-0.6572212950663319,4825.0,4600.0,4700.0,-251.0,-151.0
Maharashtra,Palghar,APMC Palghar,Cereals,Rice,1009 Kar,Local,4825.0,4825.0,4825.0,Rs./Quintal,2025-05-15,0,4851.0,5300.0,5001.0,4850.0,4080.0,4950.0,4992.0,5048.142857142857,4704.285714285715,4572.233333333334,273.0088085095705,434.01425509581793,432.0103513553359,-26.0,-0.5359719645433914,-176.0,-3.5192961407718437,-25.0,-0.5154639175257714,745.0,18.25980392156863,0.0,0.0,2025,5,15,3,135,20,0,0.49999999999999994,-0.8660254037844387,0.7306444969184916,-0.6827580970759147,4400.0,4500.0,4950.0,-325.0,125.0
Maharashtra,Palghar,APMC Palghar,Cereals,Rice,1009 Kar,Local,4400.0,4400.0,4400.0,Rs./Quintal,2025-05-16,0,4825.0,4851.0,5300.0,4700.0,4080.0,4900.0,4692.0,5005.285714285715,4727.142857142857,4555.566666666667,349.57865795160257,406.13863816017016,428.56035533040085,-425.0,-8.808290155440412,-900.0,-16.981132075471695,-300.0,-6.382978723404253,320.0,7.843137254901955,0.0,0.0,2025,5,16,4,136,20,0,0.49999999999999994,-0.8660254037844387,0.7187918772884232,-0.6952253139408723,4600.0,4450.0,4851.0,50.0,451.0
Maharashtra,Palghar,APMC Palghar,Cereals,Rice,1009 Kar,Local,4600.0,4600.0,4600.0,Rs./Quintal,2025-05-17,0,4400.0,4825.0,4851.0,5410.0,4225.0,5275.0,4608.333333333333,4889.571428571428,4753.928571428572,4533.066666666667,326.58988407627834,382.1301558945073,406.64556568583663,200.0,4.545454545454541,-251.0,-5.174190888476604,-810.0,-14.972273567467653,375.0,8.875739644970416,0.0,0.0,2025,5,17,5,137,20,1,0.49999999999999994,-0.8660254037844387,0.7067265555776159,-0.7074868024503348,4500.0,4850.0,4540.0,250.0,-60.0
Maharashtra,Palghar,APMC Palghar,Cereals,Rice,1009 Kar,Local,4500.0,4500.0,4500.0,Rs./Quintal,2025-05-18,0,4600.0,4400.0,4825.0,5250.0,4413.0,4850.0,4500.0,4782.428571428572,4760.142857142857,4521.4,311.30523988676447,376.83006926054287,402.2360432417248,-100.0,-2.1739130434782594,-325.0,-6.735751295336789,-750.0,-14.28571428571429,87.0,1.971447994561526,0.0,0.0,2025,5,18,6,138,20,1,0.49999999999999994,-0.8660254037844387,0.6944521021088763,-0.719538934232584,4450.0,4700.0,4605.0,200.0,105.0
Maharashtra,Palghar,APMC Palghar,Cereals,Rice,1009 Kar,Local,4450.0,4450.0,4450.0,Rs./Quintal,2025-05-19,0,4500.0,4600.0,4400.0,5001.0,4300.0,4801.0,4516.666666666667,4703.714285714285,4770.857142857143,4509.7,316.44626415118427,364.6770662344523,398.9138831964823,-50.0,-1.1111111111111072,50.0,1.1363636363636465,-551.0,-11.017796440711859,150.0,3.488372093023262,0.0,0.0,2025,5,19,0,139,21,0,0.49999999999999994,-0.8660254037844387,0.6819721490904629,-0.7313781428679254,4850.0,4950.0,4350.0,500.0,-100.0
Maharashtra,Palghar,APMC Palghar,Cereals,Rice,1009 Kar,Local,4850.0,4850.0,4850.0,Rs./Quintal,2025-05-20,0,4450.0,4500.0,4600.0,5300.0,4350.0,4825.0,4600.0,4639.428571428572,4806.571428571428,4510.533333333334,199.05766094515153,344.1988947118858,399.62074549488193,400.0,8.98876404494382,250.0,5.434782608695654,-450.0,-8.490566037735848,500.0,11.494252873563227,0.0,0.0,2025,5,20,1,140,21,0,0.49999999999999994,-0.8660254037844387,0.6692903895412567,-0.7430009249440493,4700.0,4851.0,4450.0,1.0,-400.0
Maharashtra,Palghar,APMC Palghar,Cereals,Rice,1009 Kar,Local,4700.0,4700.0,4700.0,Rs./Quintal,2025-05-21,0,4850.0,4450.0,4500.0,4851.0,4305.0,4601.0,4666.666666666667,4617.857142857143,4834.785714285715,4513.833333333333,179.53312467938946,314.8609408737721,400.8005853231784,-150.0,-3.0927835051546393,200.0,4.444444444444451,-151.0,-3.112760255617397,395.0,9.175377468060386,0.0,0.0,2025,5,21,2,141,21,0,0.49999999999999994,-0.8660254037844387,0.6564105761979381,-0.7544038410927472,4950.0,4540.0,4545.0,-160.0,-155.0
Maharashtra,Palghar,APMC Palghar,Cereals,Rice,1009 Kar,Local,4950.0,4950.0,4950.0,Rs./Quintal,2025-05-22,0,4700.0,4850.0,4450.0,4825.0,4850.0,4274.0,4833.333333333333,4635.714285714285,4841.928571428572,4536.366666666667,207.59392595940895,316.3633413280823,405.82317223938406,250.0,5.319148936170204,500.0,11.23595505617978,125.0,2.590673575129543,100.0,2.0618556701030855,0.0,0.0,2025,5,22,3,142,21,0,0.49999999999999994,-0.8660254037844387,0.6433365204044917,-0.765583517007675,4851.0,4605.0,3906.0,-345.0,-1044.0
Maharashtra,Palghar,APMC Palghar,Cereals,Rice,1009 Kar,Local,4851.0,4851.0,4851.0,Rs./Quintal,2025-05-23,0,4950.0,4700.0,4850.0,4400.0,4700.0,4225.0,4833.666666666667,4700.142857142857,4852.714285714285,4557.233333333334,191.6163080841828,313.7153115538063,405.35481973828485,-99.0,-2.0000000000000018,1.0,0.020618556701035295,451.0,10.250000000000004,151.0,3.212765957446817,0.0,0.0,2025,5,23,4,143,21,0,0.49999999999999994,-0.8660254037844387,0.6300720909843687,-0.7765366444428655,4540.0,4350.0,4300.0,-501.0,-551.0
Maharashtra,Palghar,APMC Palghar,Cereals,Rice,1009 Kar,Local,4540.0,4540.0,4540.0,Rs./Quintal,2025-05-24,0,4851.0,4950.0,4700.0,4600.0,5410.0,4540.0,4780.333333333333,4691.571428571428,4790.571428571428,4557.233333333334,198.07562288417842,279.0896504119017,405.35481973828485,-311.0,-6.4110492681921265,-160.0,-3.404255319148941,-60.0,-1.30434782608696,-870.0,-16.081330868761555,0.0,0.0,2025,5,24,5,144,21,1,0.49999999999999994,-0.8660254037844387,0.6166212130956382,-0.7872599821916922,4605.0,4450.0,4250.0,-90.0,-290.0
Maharashtra,Palghar,APMC Palghar,Cereals,Rice,1009 Kar,Local,4605.0,4605.0,4605.0,Rs./Quintal,2025-05-25,0,4540.0,4851.0,4950.0,4500.0,5250.0,4350.0,4665.333333333333,4706.571428571428,4744.5,4565.733333333334,184.67255448754526,249.0334392128053,403.5289104998492,65.0,1.4317180616740144,-345.0,-6.969696969696971,105.0,2.333333333333343,-645.0,-12.285714285714288,0.0,0.0,2025,5,25,6,145,21,1,0.49999999999999994,-0.8660254037844387,0.6029878670694714,-0.7977503570459932,4350.0,4545.0,4413.0,-60.0,-192.0
Maharashtra,Palghar,APMC Palghar,Cereals,Rice,1009 Kar,Local,4350.0,4350.0,4350.0,Rs./Quintal,2025-05-26,0,4605.0,4540.0,4851.0,4450.0,5001.0,4575.0,4498.333333333333,4692.285714285715,4698.0,4558.233333333334,209.96405588078093,258.0691618688604,405.43715728303323,-255.0,-5.537459283387625,-501.0,-10.327767470624616,-100.0,-2.2471910112359605,-651.0,-13.017396520695856,0.0,0.0,2025,5,26,0,146,22,0,0.49999999999999994,-0.8660254037844387,0.5891760872322963,-0.8080046647350754,4450.0,3906.0,4120.0,-444.0,-230.0
Maharashtra,Palghar,APMC Palghar,Cereals,Rice,1009 Kar,Local,4450.0,4450.0,4450.0,Rs./Quintal,2025-05-27,0,4350.0,4605.0,4540.0,4850.0,5300.0,4300.0,4468.333333333333,4635.142857142857,4637.285714285715,4563.233333333334,214.27430128337562,198.70520436506325,403.06067681603747,100.0,2.298850574712641,-90.0,-1.982378854625555,-400.0,-8.247422680412376,-850.0,-16.0377358490566,0.0,0.0,2025,5,27,1,147,22,0,0.49999999999999994,-0.8660254037844387,0.5751899607119775,-0.8180198708443175,4545.0,4300.0,4125.0,-150.0,-325.0
Maharashtra,Palghar,APMC Palghar,Cereals,Rice,1009 Kar,Local,4545.0,4545.0,4545.0,Rs./Quintal,2025-05-28,0,4450.0,4350.0,4605.0,4700.0,4851.0,3906.0,4448.333333333333,4613.0,4615.428571428572,4584.533333333334,214.46367213742568,190.02903190574892,383.5427174278685,95.0,2.134831460674147,-60.0,-1.3029315960912058,-155.0,-3.297872340425534,-306.0,-6.307977736549164,0.0,0.0,2025,5,28,2,148,22,0,0.49999999999999994,-0.8660254037844387,0.5610336262283677,-0.8277930117131022,3906.0,4250.0,4575.0,-295.0,30.0
Maharashtra,Palghar,APMC Palghar,Cereals,Rice,1009 Kar,Local,3906.0,3906.0,3906.0,Rs./Quintal,2025-05-29,0,4545.0,4450.0,4350.0,4950.0,4825.0,3960.0,4300.333333333333,4463.857142857143,4549.785714285715,4582.733333333334,290.5577559174965,258.4698103399035,386.6885883599565,-639.0,-14.059405940594061,-444.0,-10.206896551724142,-1044.0,-21.090909090909093,-919.0,-19.046632124352335,0.0,0.0,2025,5,29,3,149,22,0,0.49999999999999994,-0.8660254037844387,0.5467112728685939,-0.8373211953118121,4300.0,4413.0,4274.0,507.0,368.0
Maharashtra,Palghar,APMC Palghar,Cereals,Rice,1009 Kar,Local,4300.0,4300.0,4300.0,Rs./Quintal,2025-05-30,0,3906.0,4545.0,4450.0,4851.0,4400.0,3845.0,4250.333333333333,4385.142857142857,4542.642857142857,4597.9,238.09691904168872,264.2448186357246,365.07442321088223,394.0,10.08704557091653,-150.0,-3.3707865168539297,-551.0,-11.358482787054214,-100.0,-2.2727272727272707,0.0,0.0,2025,5,30,4,150,22,0,0.49999999999999994,-0.8660254037844387,0.5322271388474397,-0.8466016020976267,4250.0,4120.0,4215.0,-180.0,-85.0
Maharashtra,Palghar,APMC Palghar,Cereals,Rice,1009 Kar,Local,4250.0,4250.0,4250.0,Rs./Quintal,2025-05-31,0,4300.0,3906.0,4545.0,4540.0,4600.0,4080.0,4152.0,4343.714285714285,4517.642857142857,4603.566666666667,231.80790487363927,274.74872636168004,358.0094087892229,-50.0,-1.1627906976744207,-295.0,-6.490649064906496,-290.0,-6.38766519823789,-350.0,-7.608695652173914,0.0,0.0,2025,5,31,5,151,22,1,0.49999999999999994,-0.8660254037844387,0.5175855102531889,-0.8556314858488706,4413.0,4125.0,4035.0,-125.0,-215.0
Maharashtra,Palghar,APMC Palghar,Cereals,Rice,1009 Kar,Local,4413.0,4413.0,4413.0,Rs./Quintal,2025-06-01,0,4250.0,4300.0,3906.0,4605.0,4500.0,4080.0,4321.0,4316.285714285715,4511.428571428572,4614.666666666667,205.61834733774626,276.15873759787326,346.1835603711765,163.0,3.835294117647048,507.0,12.980030721966207,-192.0,-4.169381107491854,-87.0,-1.9333333333333313,0.0,0.0,2025,6,1,6,152,22,1,1.2246467991473532e-16,-1.0,0.5027907197793043,-0.8644081744776648,4120.0,4575.0,4414.0,162.0,1.0
Maharashtra,Palghar,APMC Palghar,Cereals,Rice,1009 Kar,Local,4120.0,4120.0,4120.0,Rs./Quintal,2025-06-02,0,4413.0,4250.0,4300.0,4350.0,4450.0,4225.0,4261.0,4283.428571428572,4487.857142857143,4611.166666666667,217.37360859655172,295.2302509887895,350.7595780719253,-293.0,-6.639474280534785,-180.0,-4.1860465116279055,-230.0,-5.287356321839076,-330.0,-7.415730337078652,0.0,0.0,2025,6,2,0,153,23,0,1.2246467991473532e-16,-1.0,0.4878471454423119,-0.8729290708206411,4125.0,4274.0,4550.0,154.0,430.0
Maharashtra,Palghar,APMC Palghar,Cereals,Rice,1009 Kar,Local,4125.0,4125.0,4125.0,Rs./Quintal,2025-06-03,0,4120.0,4413.0,4250.0,4450.0,4850.0,4413.0,4219.333333333333,4237.0,4436.071428571428,4601.566666666667,210.46456550529896,290.36646985006564,360.1847881424132,5.0,0.12135922330096527,-125.0,-2.941176470588236,-325.0,-7.303370786516849,-725.0,-14.948453608247425,0.0,0.0,2025,6,3,1,154,23,0,1.2246467991473532e-16,-1.0,0.47275920928627757,-0.881191653407483,4575.0,4215.0,4450.0,90.0,325.0
Maharashtra,Palghar,APMC Palghar,Cereals,Rice,1009 Kar,Local,4575.0,4575.0,4575.0,Rs./Quintal,2025-06-04,0,4125.0,4120.0,4413.0,4545.0,4700.0,4300.0,4273.333333333333,4241.285714285715,4427.142857142857,4610.733333333334,217.95390513112116,283.4664156319246,355.716948044982,450.0,10.909090909090914,162.0,3.6709721278042062,30.0,0.660066006600668,-125.0,-2.659574468085102,0.0,0.0,2025,6,4,2,155,23,0,1.2246467991473532e-16,-1.0,0.4575313760742512,-0.8891934772070711,4274.0,4035.0,4413.0,-540.0,-162.0
Maharashtra,Palghar,APMC Palghar,Cereals,Rice,1009 Kar,Local,4274.0,4274.0,4274.0,Rs./Quintal,2025-06-05,0,4575.0,4125.0,4120.0,3906.0,4950.0,4350.0,4324.666666666667,4293.857142857143,4378.857142857143,4608.2,160.38020302958464,242.1099105596685,357.9017780880955,-301.0,-6.579234972677595,154.0,3.7378640776698946,368.0,9.42140296979006,-676.0,-13.656565656565656,0.0,0.0,2025,6,5,3,156,23,0,1.2246467991473532e-16,-1.0,0.44216815196707204,-0.8969321743510065,4215.0,4414.0,4215.0,140.0,-59.0
Maharashtra,Palghar,APMC Palghar,Cereals,Rice,1009 Kar,Local,4215.0,4215.0,4215.0,Rs./Quintal,2025-06-06,0,4274.0,4575.0,4125.0,4300.0,4851.0,4305.0,4354.666666666667,4281.714285714285,4333.428571428572,4605.2,163.03344675834452,203.25456349715537,360.89557186685334,-59.0,-1.3804398689752029,90.0,2.1818181818181737,-85.0,-1.9767441860465085,-636.0,-13.110698824984535,0.0,0.0,2025,6,6,4,157,23,0,1.2246467991473532e-16,-1.0,0.42667408318992467,-0.9044054548343001,4035.0,4550.0,4305.0,335.0,90.0
Maharashtra,Palghar,APMC Palghar,Cereals,Rice,1009 Kar,Local,4035.0,4035.0,4035.0,Rs./Quintal,2025-06-07,0,4215.0,4274.0,4575.0,4250.0,4540.0,4850.0,4174.666666666667,4251.0,4297.357142857143,4578.033333333334,188.29852185647752,208.517332665607,372.3264681036986,-180.0,-4.270462633451954,-540.0,-11.803278688524587,-215.0,-5.05882352941176,-505.0,-11.123348017621149,0.0,0.0,2025,6,7,5,158,23,1,1.2246467991473532e-16,-1.0,0.4110537546870351,-0.9116111071930239,4414.0,4450.0,3845.0,415.0,-190.0
Maharashtra,Palghar,APMC Palghar,Cereals,Rice,1009 Kar,Local,4414.0,4414.0,4414.0,Rs./Quintal,2025-06-08,0,4035.0,4215.0,4274.0,4413.0,4605.0,4700.0,4221.333333333333,4251.142857142857,4283.714285714285,4568.5,188.44223568636946,192.4715477760233,372.75708554980685,379.0,9.39281288723668,140.0,3.2756200280767533,1.0,0.022660321776579728,-191.0,-4.147665580890337,0.0,0.0,2025,6,8,6,159,23,1,1.2246467991473532e-16,-1.0,0.3953117887649151,-0.9185469991587165,4550.0,4413.0,3900.0,-1.0,-514.0
Maharashtra,Palghar,APMC Palghar,Cereals,Rice,1009 Kar,Local,4550.0,4550.0,4550.0,Rs./Quintal,2025-06-09,0,4414.0,4035.0,4215.0,4120.0,4350.0,5410.0,4333.0,4312.571428571428,4298.0,4539.833333333333,207.67190240285396,204.79746092176387,337.1817358465692,136.0,3.081105573176268,335.0,7.947805456702262,430.0,10.436893203883502,200.0,4.597701149425282,0.0,0.0,2025,6,9,0,160,24,0,1.2246467991473532e-16,-1.0,0.37945284372454435,-0.925211078289358,4450.0,4215.0,3906.0,-335.0,-644.0
Maharashtra,Palghar,APMC Palghar,Cereals,Rice,1009 Kar,Local,4450.0,4450.0,4450.0,Rs./Quintal,2025-06-10,0,4550.0,4414.0,4035.0,4125.0,4450.0,5250.0,4471.333333333333,4359.0,4298.0,4513.166666666667,194.67066205945983,204.79746092176387,309.58560548972014,-100.0,-2.197802197802201,415.0,10.285006195786872,325.0,7.878787878787885,0.0,0.0,0.0,0.0,2025,6,10,1,161,24,0,1.2246467991473532e-16,-1.0,0.36348161248290634,-0.9316013725767187,4413.0,4305.0,4400.0,-145.0,-50.0
Maharashtra,Palghar,APMC Palghar,Cereals,Rice,1009 Kar,Local,4413.0,4413.0,4413.0,Rs./Quintal,2025-06-11,0,4450.0,4550.0,4414.0,4575.0,4545.0,5001.0,4471.0,4335.857142857143,4288.571428571428,4493.566666666667,173.15256141279323,195.37290351676913,295.94858399359845,-37.0,-0.8314606741573027,-1.0,-0.02265518803805655,-162.0,-3.5409836065573796,-132.0,-2.9042904290428995,0.0,0.0,2025,6,11,2,162,24,0,1.2246467991473532e-16,-1.0,0.3474028211842774,-0.9377159910299093,4215.0,3845.0,4550.0,-568.0,137.0
Maharashtra,Palghar,APMC Palghar,Cereals,Rice,1009 Kar,Local,4215.0,4215.0,4215.0,Rs./Quintal,2025-06-12,0,4413.0,4450.0,4550.0,4274.0,3906.0,5300.0,4359.333333333333,4327.428571428572,4310.642857142857,4457.4,178.03263478256054,163.71861749442914,257.84285510953066,-198.0,-4.48674371176071,-335.0,-7.362637362637359,-59.0,-1.3804398689752029,309.0,7.910906298003062,0.0,0.0,2025,6,12,3,163,24,0,1.2246467991473532e-16,-1.0,0.3312212278016865,-0.9435531242349544,4305.0,3900.0,4274.0,-315.0,59.0
Maharashtra,Palghar,APMC Palghar,Cereals,Rice,1009 Kar,Local,4305.0,4305.0,4305.0,Rs./Quintal,2025-06-13,0,4215.0,4413.0,4450.0,4215.0,4300.0,4851.0,4311.0,4340.285714285715,4311.0,4439.2,171.6971309076142,163.6990672404278,248.1915833967088,90.0,2.1352313167259718,-145.0,-3.2584269662921383,90.0,2.1352313167259718,5.0,0.11627906976743319,0.0,0.0,2025,6,13,4,164,24,0,1.2246467991473532e-16,-1.0,0.31494162072895193,-0.9491110448902284,3845.0,3906.0,4305.0,-399.0,0.0
Maharashtra,Palghar,APMC Palghar,Cereals,Rice,1009 Kar,Local,3845.0,3845.0,3845.0,Rs./Quintal,2025-06-14,0,4305.0,4215.0,4413.0,4035.0,4250.0,4825.0,4121.666666666667,4313.142857142857,4282.071428571428,4406.533333333334,232.31833660693013,205.70421793129728,259.88004306142693,-460.0,-10.685249709639955,-568.0,-12.871062769091324,-190.0,-4.708798017348204,-405.0,-9.529411764705886,0.0,0.0,2025,6,14,5,165,24,1,1.2246467991473532e-16,-1.0,0.2985688173637202,-0.9543881083175908,3900.0,4400.0,3970.0,555.0,125.0
Maharashtra,Palghar,APMC Palghar,Cereals,Rice,1009 Kar,Local,3900.0,3900.0,3900.0,Rs./Quintal,2025-06-15,0,3845.0,4305.0,4215.0,4414.0,4413.0,4400.0,4016.6666666666665,4239.714285714285,4245.428571428572,4389.866666666667,272.8257773046847,225.34135278445126,275.85550107123896,55.0,1.4304291287386306,-315.0,-7.473309608540923,-514.0,-11.64476665156321,-513.0,-11.624745071380016,0.0,0.0,2025,6,15,6,166,24,1,1.2246467991473532e-16,-1.0,0.2821076626819194,-0.9593827529490743,3906.0,4550.0,3900.0,650.0,0.0
Maharashtra,Palghar,APMC Palghar,Cereals,Rice,1009 Kar,Local,3906.0,3906.0,3906.0,Rs./Quintal,2025-06-16,0,3900.0,3845.0,4305.0,4550.0,4120.0,4600.0,3883.6666666666665,4147.714285714285,4230.142857142857,4366.733333333334,258.9863022669434,241.20398553374653,286.519414198486,6.0,0.15384615384614886,-399.0,-9.268292682926827,-644.0,-14.15384615384615,-214.0,-5.194174757281555,0.0,0.0,2025,6,16,0,167,25,0,1.2246467991473532e-16,-1.0,0.26556302780405594,-0.9640935007889755,4400.0,4274.0,4080.0,368.0,174.0
Maharashtra,Palghar,APMC Palghar,Cereals,Rice,1009 Kar,Local,4400.0,4400.0,4400.0,Rs./Quintal,2025-06-17,0,3906.0,3900.0,3845.0,4450.0,4125.0,4500.0,4068.6666666666665,4140.571428571428,4249.785714285715,4363.4,249.78581300977064,243.17236007264057,285.49540729442003,494.0,12.64720942140296,555.0,14.434330299089737,-50.0,-1.1235955056179803,275.0,6.666666666666665,0.0,0.0,2025,6,17,1,168,25,0,1.2246467991473532e-16,-1.0,0.24893980855376657,-0.9685189578512204,4550.0,4305.0,4300.0,-95.0,-100.0
Maharashtra,Palghar,APMC Palghar,Cereals,Rice,1009 Kar,Local,4550.0,4550.0,4550.0,Rs./Quintal,2025-06-18,0,4400.0,3906.0,3900.0,4413.0,4575.0,4450.0,4285.333333333333,4160.142857142857,4248.0,4366.733333333334,278.4154141874023,240.67948683802828,287.1205361844577,150.0,3.409090909090917,650.0,16.666666666666675,137.0,3.1044640833899795,-25.0,-0.5464480874316946,0.0,0.0,2025,6,18,2,169,25,0,1.2246467991473532e-16,-1.0,0.23224292400907015,-0.9726578145718654,4274.0,3970.0,4400.0,-580.0,-150.0
Maharashtra,Palghar,APMC Palghar,Cereals,Rice,1009 Kar,Local,4274.0,4274.0,4274.0,Rs./Quintal,2025-06-19,0,4550.0,4400.0,3906.0,4215.0,4274.0,4850.0,4408.0,4168.571428571428,4248.0,4347.533333333334,281.2317295652923,240.67948683802828,272.58035617907706,-276.0,-6.065934065934064,368.0,9.42140296979006,59.0,1.399762752075917,0.0,0.0,0.0,0.0,2025,6,19,3,170,25,0,1.2246467991473532e-16,-1.0,0.21547731504673012,-0.976508846196619,4305.0,3900.0,4900.0,-374.0,626.0
Maharashtra,Palghar,APMC Palghar,Cereals,Rice,1009 Kar,Local,4305.0,4305.0,4305.0,Rs./Quintal,2025-06-20,0,4274.0,4550.0,4400.0,4305.0,4215.0,4700.0,4376.333333333333,4168.571428571428,4254.428571428572,4334.366666666667,281.2317295652923,240.93207286757197,264.3845792536438,31.0,0.7253158633598433,-95.0,-2.1590909090909105,0.0,0.0,90.0,2.1352313167259718,0.0,0.0,2025,6,20,4,171,25,0,1.2246467991473532e-16,-1.0,0.19864794288017112,-0.9800709131432666,3970.0,4080.0,5250.0,-225.0,945.0
Maharashtra,Palghar,APMC Palghar,Cereals,Rice,1009 Kar,Local,3970.0,3970.0,3970.0,Rs./Quintal,2025-06-21,0,4305.0,4274.0,4550.0,3845.0,4035.0,4950.0,4183.0,4186.428571428572,4249.785714285715,4301.7,260.46359767592446,246.05758505853143,245.56916997330714,-335.0,-7.781649245063882,-580.0,-12.747252747252746,125.0,3.2509752925877766,-65.0,-1.6109045848822778,0.0,0.0,2025,6,21,5,172,25,1,1.2246467991473532e-16,-1.0,0.18175978759137534,-0.9833429613388902,3900.0,4300.0,5275.0,330.0,1305.0
Maharashtra,Palghar,APMC Palghar,Cereals,Rice,1009 Kar,Local,3900.0,3900.0,3900.0,Rs./Quintal,2025-06-22,0,3970.0,4305.0,4274.0,3900.0,4414.0,4851.0,4058.3333333333335,4186.428571428572,4213.071428571428,4270.0,260.46359767592446,257.7400193652873,233.29040656037063,-70.0,-1.7632241813602012,-374.0,-8.750584932147875,0.0,0.0,-514.0,-11.64476665156321,0.0,0.0,2025,6,22,6,173,25,1,1.2246467991473532e-16,-1.0,0.16481784665719793,-0.9863240225317866,4080.0,4400.0,5201.0,500.0,1301.0
Maharashtra,Palghar,APMC Palghar,Cereals,Rice,1009 Kar,Local,4080.0,4080.0,4080.0,Rs./Quintal,2025-06-23,0,3900.0,3970.0,4305.0,3906.0,4550.0,4540.0,3983.3333333333335,4211.285714285715,4179.5,4254.666666666667,236.43513154472578,240.51187400721506,230.02658517018634,180.0,4.615384615384621,-225.0,-5.226480836236935,174.0,4.454685099846389,-470.0,-10.329670329670327,0.0,0.0,2025,6,23,0,174,26,0,1.2246467991473532e-16,-1.0,0.14782713347053048,-0.9890132145779883,4300.0,4900.0,4605.0,820.0,525.0
Maharashtra,Palghar,APMC Palghar,Cereals,Rice,1009 Kar,Local,4300.0,4300.0,4300.0,Rs./Quintal,2025-06-24,0,4080.0,3900.0,3970.0,4400.0,4450.0,4605.0,4093.3333333333335,4197.0,4168.785714285715,4244.5,225.91960221872495,230.6746555287286,220.55380921357983,220.0,5.392156862745101,330.0,8.312342569269514,-100.0,-2.2727272727272707,-150.0,-3.3707865168539297,0.0,0.0,2025,6,24,1,175,26,0,1.2246467991473532e-16,-1.0,0.13079267585675922,-0.9914097417023038,4400.0,5250.0,4575.0,950.0,275.0
Maharashtra,Palghar,APMC Palghar,Cereals,Rice,1009 Kar,Local,4400.0,4400.0,4400.0,Rs./Quintal,2025-06-25,0,4300.0,4080.0,3900.0,4550.0,4413.0,4350.0,4260.0,4175.571428571428,4167.857142857143,4246.166666666667,191.3215941313276,229.63980395489034,221.56513533361195,100.0,2.3255813953488413,500.0,12.82051282051282,-150.0,-3.296703296703296,-13.0,-0.29458418309540324,0.0,0.0,2025,6,25,2,176,26,0,1.2246467991473532e-16,-1.0,0.11371951458594969,-0.9935128947338007,4900.0,5275.0,4851.0,875.0,451.0
Maharashtra,Palghar,APMC Palghar,Cereals,Rice,1009 Kar,Local,4900.0,4900.0,4900.0,Rs./Quintal,2025-06-26,0,4400.0,4300.0,4080.0,4274.0,4215.0,4450.0,4533.333333333333,4265.0,4216.785714285715,4261.166666666667,336.340601176844,302.02424216798215,249.33305289184455,500.0,11.363636363636353,820.0,20.09803921568627,626.0,14.646700982686012,685.0,16.25148279952551,0.0,0.0,2025,6,26,3,177,26,0,1.2246467991473532e-16,-1.0,0.0966127018812031,-0.9953220513156602,5250.0,5201.0,5250.0,301.0,350.0
Maharashtra,Palghar,APMC Palghar,Cereals,Rice,1009 Kar,Local,5250.0,5250.0,5250.0,Rs./Quintal,2025-06-27,0,4900.0,4400.0,4300.0,4305.0,4305.0,4545.0,4850.0,4400.0,4284.285714285715,4284.666666666667,503.2891812864667,409.6719942309264,304.1950750392921,350.0,7.14285714285714,950.0,22.093023255813947,945.0,21.95121951219512,945.0,21.95121951219512,0.0,0.0,2025,6,27,4,178,26,0,1.2246467991473532e-16,-1.0,0.07947729992362097,-0.9968366760893436,5275.0,4605.0,5151.0,-645.0,-99.0
Maharashtra,Palghar,APMC Palghar,Cereals,Rice,1009 Kar,Local,5275.0,5275.0,5275.0,Rs./Quintal,2025-06-28,0,5250.0,4900.0,4400.0,3970.0,3845.0,3906.0,5141.666666666667,4586.428571428572,4386.428571428572,4330.3,556.3625488063419,466.10360589526977,345.3336367770376,25.0,0.4761904761904745,875.0,19.886363636363647,1305.0,32.871536523929464,1430.0,37.191157347204154,0.0,0.0,2025,6,28,5,179,26,1,1.2246467991473532e-16,-1.0,0.062318379354325076,-0.998056320853012,5201.0,4575.0,5275.0,-700.0,0.0
Maharashtra,Palghar,APMC Palghar,Cereals,Rice,1009 Kar,Local,5201.0,5201.0,5201.0,Rs./Quintal,2025-06-29,0,5275.0,5250.0,4900.0,3900.0,3900.0,4300.0,5242.0,4772.285714285715,4479.357142857143,4360.333333333333,503.64495241712,490.7057095720357,380.0428590470337,-74.0,-1.4028436018957313,301.0,6.142857142857139,1301.0,33.35897435897437,1301.0,33.35897435897437,0.0,0.0,2025,6,29,6,180,26,1,1.2246467991473532e-16,-1.0,0.04514101777397193,-0.9989806246941579,4605.0,4851.0,5500.0,-350.0,299.0
Maharashtra,Palghar,APMC Palghar,Cereals,Rice,1009 Kar,Local,4605.0,4605.0,4605.0,Rs./Quintal,2025-06-30,0,5201.0,5275.0,5250.0,4080.0,3906.0,4250.0,5027.0,4847.285714285715,4529.285714285715,4372.166666666667,414.5880341920684,462.6383250231453,382.01065911589535,-596.0,-11.459334743318594,-645.0,-12.285714285714288,525.0,12.867647058823529,699.0,17.89554531490016,0.0,0.0,2025,6,30,0,181,27,0,1.2246467991473532e-16,-1.0,0.02795029824021032,-0.999609314096404,4575.0,5250.0,5410.0,645.0,805.0
Maharashtra,Palghar,APMC Palghar,Cereals,Rice,1009 Kar,Local,4575.0,4575.0,4575.0,Rs./Quintal,2025-07-01,0,4605.0,5201.0,5275.0,4300.0,4400.0,4413.0,4793.666666666667,4886.571428571428,4541.785714285715,4377.566666666667,364.0315266305355,461.23849638712096,383.74881182189023,-30.0,-0.6514657980456029,-700.0,-13.27014218009479,275.0,6.3953488372092915,175.0,3.9772727272727293,0.0,0.0,2025,7,1,1,182,27,0,-0.4999999999999998,-0.8660254037844388,0.01075130776352193,-0.9999422030204416,4851.0,5151.0,4950.0,576.0,375.0
Maharashtra,Palghar,APMC Palghar,Cereals,Rice,1009 Kar,Local,4851.0,4851.0,4851.0,Rs./Quintal,2025-07-03,0,4575.0,4605.0,5201.0,4400.0,4550.0,4120.0,4677.0,4951.0,4563.285714285715,4401.933333333333,297.3690187853127,468.6073357992135,389.98752706255584,276.0,6.032786885245911,-350.0,-6.729475100942128,451.0,10.250000000000004,301.0,6.615384615384623,0.0,0.0,2025,7,3,3,184,27,0,-0.4999999999999998,-0.8660254037844388,-0.023651127245231586,-0.9997202729664083,5250.0,5275.0,4700.0,424.0,-151.0
Maharashtra,Palghar,APMC Palghar,Cereals,Rice,1009 Kar,Local,5250.0,5250.0,5250.0,Rs./Quintal,2025-07-04,0,4851.0,4575.0,4605.0,4900.0,4274.0,4125.0,4892.0,5001.0,4633.0,4439.433333333333,316.19350615302017,494.1625394388138,415.68204720412933,399.0,8.225108225108224,645.0,14.006514657980462,350.0,7.14285714285714,976.0,22.835751052877875,0.0,0.0,2025,7,4,4,185,27,0,-0.4999999999999998,-0.8660254037844388,-0.04084439154329611,-0.9991655196610109,5151.0,5500.0,4400.0,250.0,-850.0
Maharashtra,Palghar,APMC Palghar,Cereals,Rice,1009 Kar,Local,5151.0,5151.0,5151.0,Rs./Quintal,2025-07-05,0,5250.0,4851.0,4575.0,5250.0,4305.0,4575.0,5084.0,4986.857142857143,4693.428571428572,4458.633333333333,305.2236494613135,502.6218511711635,435.01268180747707,-99.0,-1.8857142857142906,576.0,12.590163934426224,-99.0,-1.8857142857142906,846.0,19.65156794425087,0.0,0.0,2025,7,5,5,186,27,1,-0.4999999999999998,-0.8660254037844388,-0.05802556932878035,-0.9983150972033183,5275.0,5410.0,4500.0,259.0,-651.0
Maharashtra,Palghar,APMC Palghar,Cereals,Rice,1009 Kar,Local,5275.0,5275.0,5275.0,Rs./Quintal,2025-07-06,0,5151.0,5250.0,4851.0,5275.0,3970.0,4274.0,5225.333333333333,4986.857142857143,4786.642857142857,4492.0,305.2236494613135,478.5720116447184,458.1375339349527,124.0,2.407299553484754,424.0,8.740465883323022,0.0,0.0,1305.0,32.871536523929464,0.0,0.0,2025,7,6,6,187,27,1,-0.4999999999999998,-0.8660254037844388,-0.07518957641475855,-0.9971692572470178,5500.0,4950.0,4600.0,-325.0,-675.0
Maharashtra,Palghar,APMC Palghar,Cereals,Rice,1009 Kar,Local,5500.0,5500.0,5500.0,Rs./Quintal,2025-07-07,0,5275.0,5151.0,5250.0,5201.0,3900.0,4215.0,5308.666666666667,5029.571428571428,4900.928571428572,4534.833333333333,356.7575540629229,440.04291124419467,490.2885908307989,225.0,4.2654028436019065,250.0,4.761904761904767,299.0,5.748894443376273,1600.0,41.025641025641036,0.0,0.0,2025,7,7,0,188,28,0,-0.4999999999999998,-0.8660254037844388,-0.09233133369539123,-0.9957283388645872,5410.0,4700.0,4400.0,-800.0,-1100.0
Maharashtra,Palghar,APMC Palghar,Cereals,Rice,1009 Kar,Local,5410.0,5410.0,5410.0,Rs./Quintal,2025-07-08,0,5500.0,5275.0,5151.0,4605.0,4080.0,4035.0,5395.0,5144.571428571428,4995.928571428572,4580.666666666667,325.46011386081364,389.88863583291464,505.97010497304757,-90.0,-1.6363636363636358,259.0,5.028149873810905,805.0,17.480998914223676,1330.0,32.59803921568627,0.0,0.0,2025,7,8,1,189,28,0,-0.4999999999999998,-0.8660254037844388,-0.10944576864891556,-0.993992768446958,4950.0,4400.0,4125.0,-1010.0,-1285.0
Maharashtra,Palghar,APMC Palghar,Cereals,Rice,1009 Kar,Local,4950.0,4950.0,4950.0,Rs./Quintal,2025-07-09,0,5410.0,5500.0,5275.0,4575.0,4300.0,4414.0,5286.666666666667,5198.142857142857,5042.357142857143,4598.533333333334,234.130610679491,335.55753997990513,509.3342330135883,-460.0,-8.50277264325323,-325.0,-6.16113744075829,375.0,8.196721311475418,650.0,15.116279069767447,0.0,0.0,2025,7,9,2,190,28,0,-0.4999999999999998,-0.8660254037844388,-0.12652781683868314,-0.9919630595773397,4700.0,4500.0,4274.0,-450.0,-676.0
Maharashtra,Palghar,APMC Palghar,Cereals,Rice,1009 Kar,Local,4700.0,4700.0,4700.0,Rs./Quintal,2025-07-10,0,4950.0,5410.0,5500.0,4851.0,4400.0,4550.0,5020.0,5176.571428571428,5063.785714285715,4603.533333333334,274.8586649794655,298.96518412464746,509.57756225526947,-250.0,-5.05050505050505,-800.0,-14.54545454545455,-151.0,-3.112760255617397,300.0,6.818181818181812,0.0,0.0,2025,7,10,3,191,28,0,-0.4999999999999998,-0.8660254037844388,-0.1435724234118113,-0.9896398128792412,4400.0,4600.0,4035.0,-100.0,-665.0
Maharashtra,Palghar,APMC Palghar,Cereals,Rice,1009 Kar,Local,4400.0,4400.0,4400.0,Rs./Quintal,2025-07-11,0,4700.0,4950.0,5410.0,5250.0,4900.0,4450.0,4683.333333333333,5055.142857142857,5028.071428571428,4601.866666666667,397.43780585623296,346.1736923492715,510.17844973569066,-300.0,-6.382978723404253,-1010.0,-18.669131238447324,-850.0,-16.19047619047619,-500.0,-10.204081632653061,0.0,0.0,2025,7,11,4,192,28,0,-0.4999999999999998,-0.8660254037844388,-0.16057454459499376,-0.9870237158387383,4500.0,4400.0,3775.0,0.0,-625.0
Maharashtra,Palghar,APMC Palghar,Cereals,Rice,1009 Kar,Local,4500.0,4500.0,4500.0,Rs./Quintal,2025-07-12,0,4400.0,4700.0,4950.0,5151.0,5250.0,4413.0,4533.333333333333,4962.142857142857,4974.5,4604.766666666666,444.6333427936055,366.6164942363564,509.31439266401327,100.0,2.2727272727272707,-450.0,-9.090909090909093,-651.0,-12.638322655794987,-750.0,-14.28571428571429,0.0,0.0,2025,7,12,5,193,28,1,-0.4999999999999998,-0.8660254037844388,-0.17752914918703497,-0.984115542601034,4600.0,4125.0,3845.0,-375.0,-655.0
Maharashtra,Palghar,APMC Palghar,Cereals,Rice,1009 Kar,Local,4600.0,4600.0,4600.0,Rs./Quintal,2025-07-13,0,4500.0,4400.0,4700.0,5275.0,5275.0,4215.0,4500.0,4865.714285714285,4926.285714285715,4617.6,438.6288158514481,368.4379560693085,503.9771888652816,100.0,2.2222222222222143,-100.0,-2.127659574468088,-675.0,-12.796208530805686,-675.0,-12.796208530805686,0.0,0.0,2025,7,13,6,194,28,1,-0.4999999999999998,-0.8660254037844388,-0.19443122004766195,-0.9809161537413774,4400.0,4274.0,4275.0,-326.0,-325.0
Maharashtra,Palghar,APMC Palghar,Cereals,Rice,1009 Kar,Local,4400.0,4400.0,4400.0,Rs./Quintal,2025-07-14,0,4600.0,4500.0,4400.0,5500.0,5201.0,4305.0,4500.0,4708.571428571428,4869.071428571428,4620.766666666666,364.2539668705839,384.34609088999406,502.2407503024499,-200.0,-4.347826086956519,0.0,0.0,-1100.0,-19.999999999999996,-801.0,-15.40088444529898,0.0,0.0,2025,7,14,0,195,29,0,-0.4999999999999998,-0.8660254037844388,-0.2112757555821793,-0.9774264960104055,4125.0,4035.0,4305.0,-365.0,-95.0
Maharashtra,Palghar,APMC Palghar,Cereals,Rice,1009 Kar,Local,4125.0,4125.0,4125.0,Rs./Quintal,2025-07-16,0,4400.0,4600.0,4500.0,5410.0,4605.0,3845.0,4375.0,4525.0,4834.785714285715,4630.1,261.0076627227685,428.5787206339363,489.7742161022982,-275.0,-6.25,-375.0,-8.333333333333337,-1285.0,-23.752310536044362,-480.0,-10.423452768729646,0.0,0.0,2025,7,16,2,197,29,0,-0.4999999999999998,-0.8660254037844388,-0.24477230089725957,-0.9695805901076308,4274.0,3775.0,4350.0,-350.0,225.0
Maharashtra,Palghar,APMC Palghar,Cereals,Rice,1009 Kar,Local,4274.0,4274.0,4274.0,Rs./Quintal,2025-07-17,0,4125.0,4400.0,4600.0,4950.0,4575.0,3900.0,4266.333333333333,4428.428571428572,4813.285714285715,4642.566666666667,194.01190439666505,449.64574578583364,475.0892245298433,149.0,3.612121212121222,-326.0,-7.086956521739129,-676.0,-13.656565656565656,-301.0,-6.579234972677595,0.0,0.0,2025,7,17,3,198,29,0,-0.4999999999999998,-0.8660254037844388,-0.2614143985111562,-0.965226663665613,4035.0,3845.0,4550.0,-429.0,276.0
Maharashtra,Palghar,APMC Palghar,Cereals,Rice,1009 Kar,Local,4035.0,4035.0,4035.0,Rs./Quintal,2025-07-18,0,4274.0,4125.0,4400.0,4700.0,4851.0,3906.0,4144.666666666667,4333.428571428572,4755.0,4646.866666666667,201.5373060112856,494.9826725794022,468.7340053976157,-239.0,-5.591951333645295,-365.0,-8.29545454545455,-665.0,-14.148936170212767,-816.0,-16.821273964131112,0.0,0.0,2025,7,18,4,199,29,0,-0.4999999999999998,-0.8660254037844388,-0.2779791393987801,-0.9605871111248129,3775.0,4275.0,4439.0,240.0,404.0
Maharashtra,Palghar,APMC Palghar,Cereals,Rice,1009 Kar,Local,3775.0,3775.0,3775.0,Rs./Quintal,2025-07-19,0,4035.0,4274.0,4125.0,4400.0,5250.0,4400.0,4028.0,4244.142857142857,4649.642857142857,4626.033333333334,287.3183069764433,536.733368434654,493.32869949672147,-260.0,-6.443618339529122,-350.0,-8.484848484848484,-625.0,-14.204545454545459,-1475.0,-28.095238095238095,0.0,0.0,2025,7,19,5,200,29,1,-0.4999999999999998,-0.8660254037844388,-0.2944616217868012,-0.9556633054034704,3845.0,4305.0,4540.0,530.0,765.0
Maharashtra,Palghar,APMC Palghar,Cereals,Rice,1009 Kar,Local,3845.0,3845.0,3845.0,Rs./Quintal,2025-07-20,0,3775.0,4035.0,4274.0,4500.0,5151.0,4550.0,3885.0,4150.571428571428,4556.357142857143,4602.533333333334,296.6124616076538,556.0392359070831,513.4564235167136,70.0,1.8543046357615944,-429.0,-10.037435657463734,-655.0,-14.555555555555555,-1306.0,-25.354300135895947,0.0,0.0,2025,7,20,6,201,29,1,-0.4999999999999998,-0.8660254037844388,-0.3108569682435036,-0.9504567035349151,4275.0,4350.0,4450.0,505.0,605.0
Maharashtra,Palghar,APMC Palghar,Cereals,Rice,1009 Kar,Local,4275.0,4275.0,4275.0,Rs./Quintal,2025-07-21,0,3845.0,3775.0,4035.0,4600.0,5275.0,4274.0,3965.0,4104.142857142857,4484.928571428572,4602.566666666667,233.19550350969905,519.6612009148505,513.4343918288331,430.0,11.18335500650196,240.0,5.947955390334569,-325.0,-7.065217391304346,-1000.0,-18.957345971563978,0.0,0.0,2025,7,21,0,202,30,0,-0.4999999999999998,-0.8660254037844388,-0.3271603271220951,-0.9449688462364056,4305.0,4550.0,4550.0,275.0,275.0
Maharashtra,Palghar,APMC Palghar,Cereals,Rice,1009 Kar,Local,4305.0,4305.0,4305.0,Rs./Quintal,2025-07-22,0,4275.0,3845.0,3775.0,4400.0,5500.0,4305.0,4141.666666666667,4090.5714285714284,4399.571428571428,4602.566666666667,215.17578638782328,430.6188238205249,513.4343918288331,30.0,0.7017543859649145,530.0,14.039735099337758,-95.0,-2.1590909090909105,-1195.0,-21.727272727272727,0.0,0.0,2025,7,22,1,203,30,0,-0.4999999999999998,-0.8660254037844388,-0.34336687399638804,-0.939201357453208,4350.0,4439.0,3550.0,134.0,-755.0
Maharashtra,Palghar,APMC Palghar,Cereals,Rice,1009 Kar,Local,4350.0,4350.0,4350.0,Rs./Quintal,2025-07-23,0,4305.0,4275.0,3845.0,4125.0,5410.0,3970.0,4310.0,4122.714285714285,4323.857142857143,4615.233333333334,236.88584753400548,317.66669933773767,501.84718675167915,45.0,1.0452961672473782,505.0,13.133940182054626,225.0,5.454545454545445,-1060.0,-19.59334565619224,0.0,0.0,2025,7,23,2,204,30,0,-0.4999999999999998,-0.8660254037844388,-0.3594718130884232,-0.9331559438780432,4550.0,4540.0,3708.0,190.0,-642.0
Maharashtra,Palghar,APMC Palghar,Cereals,Rice,1009 Kar,Local,4550.0,4550.0,4550.0,Rs./Quintal,2025-07-24,0,4350.0,4305.0,4275.0,4274.0,4950.0,3900.0,4401.666666666667,4162.142857142857,4295.285714285715,4636.9,284.45645745961855,271.67781500305813,483.6028828241847,200.0,4.597701149425282,275.0,6.432748538011701,276.0,6.457650912494151,-400.0,-8.080808080808078,0.0,0.0,2025,7,24,3,205,30,0,-0.4999999999999998,-0.8660254037844388,-0.3754703786876202,-0.9268343944460494,4439.0,4450.0,5270.0,-100.0,720.0
Maharashtra,Palghar,APMC Palghar,Cereals,Rice,1009 Kar,Local,4439.0,4439.0,4439.0,Rs./Quintal,2025-07-25,0,4550.0,4350.0,4305.0,4035.0,4700.0,4080.0,4446.333333333333,4219.857142857143,4276.642857142857,4648.866666666667,295.144274647405,249.84752493127962,473.68735020805286,-111.0,-2.4395604395604398,134.0,3.112659698025544,404.0,10.012391573729861,-261.0,-5.553191489361698,0.0,0.0,2025,7,25,4,206,30,0,-0.4999999999999998,-0.8660254037844388,-0.3913578365610259,-0.9202385798054075,4540.0,4550.0,5320.0,111.0,881.0
Maharashtra,Palghar,APMC Palghar,Cereals,Rice,1009 Kar,Local,4540.0,4540.0,4540.0,Rs./Quintal,2025-07-26,0,4439.0,4550.0,4350.0,3775.0,4400.0,4300.0,4509.666666666667,4329.142857142857,4286.642857142857,4656.866666666667,239.32225733755607,257.838532401985,469.60127866046145,101.0,2.2752872268528845,190.0,4.367816091954024,765.0,20.264900662251662,140.0,3.1818181818181746,0.0,0.0,2025,7,26,5,207,30,1,-0.4999999999999998,-0.8660254037844388,-0.4071294853542516,-0.9133704517637858,4450.0,3550.0,5245.0,-990.0,705.0
Maharashtra,Palghar,APMC Palghar,Cereals,Rice,1009 Kar,Local,4450.0,4450.0,4450.0,Rs./Quintal,2025-07-27,0,4540.0,4439.0,4550.0,3845.0,4500.0,4400.0,4476.333333333333,4415.571428571428,4283.071428571428,4658.533333333334,109.21974354920144,254.98641420391814,468.7461435856693,-90.0,-1.982378854625555,-100.0,-2.197802197802201,605.0,15.734720416124848,-50.0,-1.1111111111111072,0.0,0.0,2025,7,27,6,208,30,1,-0.4999999999999998,-0.8660254037844388,-0.4227806579826773,-0.9062320427107697,4550.0,3708.0,5345.0,-742.0,895.0
Maharashtra,Palghar,APMC Palghar,Cereals,Rice,1009 Kar,Local,4550.0,4550.0,4550.0,Rs./Quintal,2025-07-28,0,4450.0,4540.0,4439.0,4275.0,4600.0,4900.0,4513.333333333333,4454.857142857143,4279.5,4646.866666666667,99.23109151778301,250.51692711118633,466.88089992271455,100.0,2.2471910112359605,111.0,2.500563189907634,275.0,6.432748538011701,-50.0,-1.0869565217391353,0.0,0.0,2025,7,28,0,209,31,0,-0.4999999999999998,-0.8660254037844388,-0.4383067230125192,-0.898825465016444,3550.0,5270.0,4950.0,720.0,400.0
Maharashtra,Palghar,APMC Palghar,Cereals,Rice,1009 Kar,Local,3550.0,3550.0,3550.0,Rs./Quintal,2025-07-29,1,4550.0,4450.0,4540.0,4305.0,4400.0,5250.0,4183.333333333333,4347.0,4218.785714285715,4590.2,359.1559549833479,314.0193964051933,493.5574172656421,-1000.0,-21.978021978021978,-990.0,-21.80616740088106,-755.0,-17.53774680603949,-850.0,-19.318181818181824,0.0,0.0,2025,7,29,1,210,31,0,-0.4999999999999998,-0.8660254037844388,-0.45370308603134424,-0.8911529104063088,3708.0,5320.0,4400.0,1770.0,850.0
Maharashtra,Palghar,APMC Palghar,Cereals,Rice,1009 Kar,Local,3708.0,3708.0,3708.0,Rs./Quintal,2025-07-30,0,3550.0,4550.0,4450.0,4350.0,4125.0,5275.0,3936.0,4255.285714285715,4189.0,4537.966666666666,432.7026362625628,342.1191875085918,501.4408538253116,158.0,4.45070422535212,-742.0,-16.674157303370784,-642.0,-14.758620689655178,-417.0,-10.109090909090913,0.0,0.0,2025,7,30,2,211,31,0,-0.4999999999999998,-0.8660254037844388,-0.46896519100763184,-0.8832166493127127,5270.0,5245.0,3580.0,1537.0,-128.0
Maharashtra,Palghar,APMC Palghar,Cereals,Rice,1009 Kar,Local,5270.0,5270.0,5270.0,Rs./Quintal,2025-07-31,0,3708.0,3550.0,4550.0,4550.0,4274.0,5201.0,4176.0,4358.142857142857,4260.142857142857,4540.266666666666,576.2118905898624,448.2504205914817,504.734340047305,1562.0,42.12513484358145,720.0,15.824175824175835,720.0,15.824175824175835,996.0,23.303696771174543,0.0,0.0,2025,7,31,3,212,31,0,-0.4999999999999998,-0.8660254037844388,-0.48408852163897587,-0.8750190302029955,5320.0,5345.0,3640.0,75.0,-1630.0
Maharashtra,Palghar,APMC Palghar,Cereals,Rice,1009 Kar,Local,5320.0,5320.0,5320.0,Rs./Quintal,2025-08-01,0,5270.0,3708.0,3550.0,4439.0,4035.0,4605.0,4766.0,4484.0,4351.928571428572,4564.1,683.1144364843524,523.7977390449222,524.394517843987,50.0,0.9487666034155628,1770.0,49.859154929577464,881.0,19.84681234512278,1285.0,31.8463444857497,0.0,0.0,2025,8,1,4,213,31,0,-0.8660254037844384,-0.5000000000000004,-0.4990686026885319,-0.8665624788845385,5245.0,4950.0,3700.0,-370.0,-1620.0
Maharashtra,Palghar,APMC Palghar,Cereals,Rice,1009 Kar,Local,5245.0,5245.0,5245.0,Rs./Quintal,2025-08-02,0,5320.0,5270.0,3708.0,4540.0,3775.0,4575.0,5278.333333333333,4584.714285714285,4456.928571428572,4586.433333333333,742.1650118146946,546.1130432831258,538.9402553628507,-75.0,-1.4097744360902276,1537.0,41.450916936353835,705.0,15.528634361233484,1470.0,38.94039735099337,0.0,0.0,2025,8,2,5,214,31,1,-0.8660254037844384,-0.5000000000000004,-0.5139010013093103,-0.8578494977869301,5345.0,4400.0,4080.0,-845.0,-1165.0
Maharashtra,Palghar,APMC Palghar,Cereals,Rice,1009 Kar,Local,5345.0,5345.0,5345.0,Rs./Quintal,2025-08-03,0,5245.0,5320.0,5270.0,4450.0,3845.0,4851.0,5303.333333333333,4712.571428571428,4564.071428571428,4602.9,790.6018503104372,563.6838263104214,554.6211723578413,100.0,1.9065776930409895,75.0,1.4231499051233332,895.0,20.112359550561788,1500.0,39.01170351105332,0.0,0.0,2025,8,3,6,215,31,1,-0.8660254037844384,-0.5000000000000004,-0.5285813283559292,-0.8488826652214553,4950.0,3580.0,4035.0,-1765.0,-1310.0
Maharashtra,Palghar,APMC Palghar,Cereals,Rice,1009 Kar,Local,4950.0,4950.0,4950.0,Rs./Quintal,2025-08-04,0,5345.0,5245.0,5320.0,4550.0,4275.0,5250.0,5180.0,4769.714285714285,4612.285714285715,4592.9,791.3483670895134,565.9197318146313,545.175539588413,-395.0,-7.390084190832558,-370.0,-6.954887218045114,400.0,8.791208791208781,675.0,15.789473684210531,0.0,0.0,2025,8,4,0,216,32,0,-0.8660254037844384,-0.5000000000000004,-0.5431052396834317,-0.8396646346181327,4400.0,3640.0,4120.0,-1310.0,-830.0
Maharashtra,Palghar,APMC Palghar,Cereals,Rice,1009 Kar,Local,4400.0,4400.0,4400.0,Rs./Quintal,2025-08-05,0,4950.0,5345.0,5245.0,3550.0,4305.0,5151.0,4898.333333333333,4891.142857142857,4619.071428571428,4567.866666666667,619.565016381502,562.5110548364255,535.8270908272256,-550.0,-11.111111111111116,-845.0,-16.110581506196375,850.0,23.943661971830977,95.0,2.2067363530778206,0.0,0.0,2025,8,5,1,217,32,0,-0.8660254037844384,-0.5000000000000004,-0.5574684374327892,-0.8301981337405212,3580.0,3700.0,4413.0,-700.0,13.0
Maharashtra,Palghar,APMC Palghar,Cereals,Rice,1009 Kar,Local,3580.0,3580.0,3580.0,Rs./Quintal,2025-08-06,1,4400.0,4950.0,5345.0,3708.0,4350.0,5275.0,4310.0,4872.857142857143,4564.071428571428,4511.366666666667,660.8192966743209,625.0146415867418,547.9203619035394,-820.0,-18.63636363636364,-1765.0,-33.02151543498597,-128.0,-3.4519956850053934,-770.0,-17.701149425287355,0.0,0.0,2025,8,6,2,218,32,0,-0.8660254037844384,-0.5000000000000004,-0.5716666713027052,-0.8204859638785327,3640.0,4080.0,4125.0,500.0,545.0
Maharashtra,Palghar,APMC Palghar,Cereals,Rice,1009 Kar,Local,3640.0,3640.0,3640.0,Rs./Quintal,2025-08-07,0,3580.0,4400.0,4950.0,5270.0,4550.0,5500.0,3873.3333333333335,4640.0,4499.071428571428,4449.366666666667,774.8924656578707,672.133396133389,537.3257204760043,60.0,1.6759776536312776,-1310.0,-26.464646464646467,-1630.0,-30.929791271347252,-910.0,-19.999999999999996,0.0,0.0,2025,8,7,3,219,32,0,-0.8660254037844384,-0.5000000000000004,-0.5856957398073508,-0.8105309990194823,3700.0,4035.0,4500.0,395.0,860.0
Maharashtra,Palghar,APMC Palghar,Cereals,Rice,1009 Kar,Local,3700.0,3700.0,3700.0,Rs./Quintal,2025-08-09,0,3640.0,3580.0,4400.0,5320.0,4439.0,5410.0,3640.0,4408.571428571428,4446.285714285715,4392.366666666667,779.8542293580383,705.4088207526224,522.3987434196566,60.0,1.6483516483516425,-700.0,-15.909090909090907,-1620.0,-30.451127819548873,-739.0,-16.64789366974544,0.0,0.0,2025,8,9,5,221,32,1,-0.8660254037844384,-0.5000000000000004,-0.6132298262997502,-0.7899045386224707,4080.0,4120.0,4700.0,420.0,1000.0
Maharashtra,Palghar,APMC Palghar,Cereals,Rice,1009 Kar,Local,4080.0,4080.0,4080.0,Rs./Quintal,2025-08-10,0,3700.0,3640.0,3580.0,5245.0,4540.0,4950.0,3806.6666666666665,4242.142857142857,4413.428571428572,4363.366666666667,690.8319690950977,711.3956720403935,514.4632612018434,380.0,10.270270270270277,500.0,13.966480446927365,-1165.0,-22.21163012392755,-460.0,-10.132158590308372,0.0,0.0,2025,8,10,6,222,32,1,-0.8660254037844384,-0.5000000000000004,-0.6267266965083301,-0.7792391467859886,4035.0,4413.0,5270.0,333.0,1190.0
Maharashtra,Palghar,APMC Palghar,Cereals,Rice,1009 Kar,Local,4035.0,4035.0,4035.0,Rs./Quintal,2025-08-11,0,4080.0,3700.0,3640.0,5345.0,4450.0,4700.0,3938.3333333333335,4055.0,4383.785714285715,4341.2,490.7392382925992,718.3666493213224,513.7845650760094,-45.0,-1.1029411764705843,395.0,10.851648351648358,-1310.0,-24.508886810102904,-415.0,-9.325842696629216,0.0,0.0,2025,8,11,0,223,33,0,-0.8660254037844384,-0.5000000000000004,-0.6400381082043503,-0.7683431655492202,4120.0,4125.0,4825.0,90.0,790.0
Maharashtra,Palghar,APMC Palghar,Cereals,Rice,1009 Kar,Local,4120.0,4120.0,4120.0,Rs./Quintal,2025-08-12,0,4035.0,4080.0,3700.0,4950.0,4550.0,4400.0,4078.3333333333335,3936.4285714285716,4353.071428571428,4331.866666666667,302.69228442036547,719.9042098977977,515.2207918628822,85.0,2.106567534076831,420.0,11.351351351351347,-830.0,-16.767676767676765,-430.0,-9.45054945054945,0.0,0.0,2025,8,12,1,224,33,0,-0.8660254037844384,-0.5000000000000004,-0.65316012232693,-0.7572198192083127,4413.0,4500.0,4950.0,380.0,830.0
Maharashtra,Palghar,APMC Palghar,Cereals,Rice,1009 Kar,Local,4413.0,4413.0,4413.0,Rs./Quintal,2025-08-13,0,4120.0,4035.0,4080.0,4400.0,3550.0,4500.0,4189.333333333333,3938.285714285714,4414.714285714285,4328.966666666666,306.03197778757016,681.7893232653928,514.4861167882135,293.0,7.111650485436893,333.0,8.161764705882346,13.0,0.2954545454545432,863.0,24.30985915492958,0.0,0.0,2025,8,13,2,225,33,0,-0.8660254037844384,-0.5000000000000004,-0.666088855860977,-0.7458723993404063,4125.0,4700.0,4300.0,287.0,-113.0
Maharashtra,Palghar,APMC Palghar,Cereals,Rice,1009 Kar,Local,4125.0,4125.0,4125.0,Rs./Quintal,2025-08-15,0,4413.0,4120.0,4035.0,3580.0,3708.0,4600.0,4219.333333333333,4016.1428571428573,4444.5,4313.133333333333,266.4566434847203,657.2053595455424,513.1648073867001,-288.0,-6.526172671651942,90.0,2.230483271375472,545.0,15.22346368715084,417.0,11.245954692556626,0.0,0.0,2025,8,15,4,227,33,0,-0.8660254037844384,-0.5000000000000004,-0.6913512362094071,-0.722518835873311,4500.0,5270.0,4500.0,1145.0,375.0
Maharashtra,Palghar,APMC Palghar,Cereals,Rice,1009 Kar,Local,4500.0,4500.0,4500.0,Rs./Quintal,2025-08-16,0,4125.0,4413.0,4120.0,3640.0,5270.0,4400.0,4346.0,4139.0,4389.5,4316.466666666666,262.3521806020815,613.5787517632807,514.0724981297215,375.0,9.090909090909083,380.0,9.223300970873783,860.0,23.62637362637363,-770.0,-14.61100569259962,0.0,0.0,2025,8,16,5,228,33,1,-0.8660254037844384,-0.5000000000000004,-0.7036774074790128,-0.7105196029692745,4700.0,4825.0,4600.0,325.0,100.0
Maharashtra,Palghar,APMC Palghar,Cereals,Rice,1009 Kar,Local,4700.0,4700.0,4700.0,Rs./Quintal,2025-08-17,0,4500.0,4125.0,4413.0,3700.0,5320.0,4125.0,4441.666666666667,4281.857142857143,4345.214285714285,4335.633333333333,255.64130376462379,561.4095143984861,517.3960987372295,200.0,4.444444444444451,287.0,6.503512349875362,1000.0,27.027027027027017,-620.0,-11.654135338345862,0.0,0.0,2025,8,17,6,229,33,1,-0.8660254037844384,-0.5000000000000004,-0.7157953492826642,-0.6983101158835584,5270.0,4950.0,4850.0,250.0,150.0
Maharashtra,Palghar,APMC Palghar,Cereals,Rice,1009 Kar,Local,5270.0,5270.0,5270.0,Rs./Quintal,2025-08-18,0,4700.0,4500.0,4125.0,4080.0,5245.0,4274.0,4823.333333333333,4451.857142857143,4347.0,4368.833333333333,433.107926723209,564.5228073337702,544.547840483012,570.0,12.127659574468087,1145.0,27.757575757575758,1190.0,29.166666666666675,25.0,0.4766444232602529,0.0,0.0,2025,8,18,0,230,34,0,-0.8660254037844384,-0.5000000000000004,-0.7277014757264236,-0.6858939875998223,4825.0,4300.0,4550.0,-970.0,-720.0
Maharashtra,Palghar,APMC Palghar,Cereals,Rice,1009 Kar,Local,4825.0,4825.0,4825.0,Rs./Quintal,2025-08-19,0,5270.0,4700.0,4500.0,4035.0,5345.0,4035.0,4931.666666666667,4564.714285714285,4309.857142857143,4395.166666666667,408.6162479579568,508.0947605656712,546.9438024043284,-445.0,-8.444022770398485,325.0,7.222222222222219,790.0,19.578686493184637,-520.0,-9.728718428437787,0.0,0.0,2025,8,19,1,231,34,0,-0.8660254037844384,-0.5000000000000004,-0.7393922635959241,-0.673274892250183,4950.0,4500.0,4950.0,-325.0,125.0
Maharashtra,Palghar,APMC Palghar,Cereals,Rice,1009 Kar,Local,4950.0,4950.0,4950.0,Rs./Quintal,2025-08-20,0,4825.0,5270.0,4700.0,4120.0,4950.0,3775.0,5015.0,4683.285714285715,4309.857142857143,4434.333333333333,377.284911919235,508.0947605656712,543.0593625602703,125.0,2.590673575129543,250.0,5.319148936170204,830.0,20.14563106796117,0.0,0.0,0.0,0.0,2025,8,20,2,232,34,0,-0.8660254037844384,-0.5000000000000004,-0.7508642533989489,-0.6604565640279754,4300.0,4600.0,4550.0,-350.0,-400.0
Maharashtra,Palghar,APMC Palghar,Cereals,Rice,1009 Kar,Local,4300.0,4300.0,4300.0,Rs./Quintal,2025-08-21,0,4950.0,4825.0,5270.0,4413.0,4400.0,3845.0,4691.666666666667,4667.142857142857,4302.714285714285,4449.5,392.8725105219373,507.43251594843554,532.2794670419685,-650.0,-13.131313131313128,-970.0,-18.40607210626186,-113.0,-2.5606163607523214,-100.0,-2.2727272727272707,0.0,0.0,2025,8,21,3,233,34,0,-0.8660254037844384,-0.5000000000000004,-0.7621140503891487,-0.6474427960827475,4500.0,4850.0,4550.0,550.0,250.0
Maharashtra,Palghar,APMC Palghar,Cereals,Rice,1009 Kar,Local,4500.0,4500.0,4500.0,Rs./Quintal,2025-08-22,0,4300.0,4950.0,4825.0,4125.0,3580.0,4275.0,4583.333333333333,4720.714285714285,4368.428571428572,4457.0,326.6040999363575,464.38457442838666,531.3202164550041,200.0,4.651162790697683,-325.0,-6.735751295336789,375.0,9.090909090909083,920.0,25.698324022346377,0.0,0.0,2025,8,22,4,234,34,0,-0.8660254037844384,-0.5000000000000004,-0.7731383255706027,-0.6342374393978054,4600.0,4550.0,4450.0,50.0,-50.0
Maharashtra,Palghar,APMC Palghar,Cereals,Rice,1009 Kar,Local,4600.0,4600.0,4600.0,Rs./Quintal,2025-08-23,0,4500.0,4300.0,4950.0,4500.0,3640.0,4305.0,4466.666666666667,4735.0,4437.0,4466.833333333333,317.3982776680849,417.0111601531884,531.1398986651468,100.0,2.2222222222222143,-350.0,-7.070707070707072,100.0,2.2222222222222143,960.0,26.37362637362637,0.0,0.0,2025,8,23,5,235,34,1,-0.8660254037844384,-0.5000000000000004,-0.7839338166829201,-0.620844401650647,4850.0,4950.0,4413.0,350.0,-187.0
Maharashtra,Palghar,APMC Palghar,Cereals,Rice,1009 Kar,Local,4850.0,4850.0,4850.0,Rs./Quintal,2025-08-24,0,4600.0,4500.0,4300.0,4700.0,3700.0,4350.0,4650.0,4756.428571428572,4519.142857142857,4483.5,319.6966568185417,371.4435161828591,535.176783553969,250.0,5.434782608695654,550.0,12.790697674418606,150.0,3.1914893617021267,1150.0,31.081081081081074,0.0,0.0,2025,8,24,6,236,34,1,-0.8660254037844384,-0.5000000000000004,-0.7944973291665992,-0.6072676460566135,4550.0,4550.0,4400.0,-300.0,-450.0
Maharashtra,Palghar,APMC Palghar,Cereals,Rice,1009 Kar,Local,4550.0,4550.0,4550.0,Rs./Quintal,2025-08-25,0,4850.0,4600.0,4500.0,5270.0,4080.0,4550.0,4666.666666666667,4653.571428571428,4552.714285714285,4483.5,230.230216046792,349.278471351228,535.176783553969,-300.0,-6.185567010309279,50.0,1.1111111111111072,-720.0,-13.662239089184059,470.0,11.519607843137258,0.0,0.0,2025,8,25,0,237,35,0,-0.8660254037844384,-0.5000000000000004,-0.8048257371083452,-0.593511190196115,4950.0,4550.0,4550.0,0.0,0.0
Maharashtra,Palghar,APMC Palghar,Cereals,Rice,1009 Kar,Local,4950.0,4950.0,4950.0,Rs./Quintal,2025-08-26,0,4550.0,4850.0,4600.0,4825.0,4035.0,4439.0,4783.333333333333,4671.428571428572,4618.071428571428,4500.533333333334,249.76179127511173,330.02877829894516,541.8025300874801,400.0,8.791208791208781,350.0,7.608695652173902,125.0,2.590673575129543,915.0,22.676579925650554,0.0,0.0,2025,8,26,1,238,35,0,-0.8660254037844384,-0.5000000000000004,-0.8149159841660791,-0.5795791048257612,4550.0,4450.0,4850.0,-500.0,-100.0
Maharashtra,Palghar,APMC Palghar,Cereals,Rice,1009 Kar,Local,4550.0,4550.0,4550.0,Rs./Quintal,2025-08-27,0,4950.0,4550.0,4850.0,4950.0,4120.0,4540.0,4683.333333333333,4614.285714285715,4648.785714285715,4500.866666666667,219.30626551751388,298.6248427430249,541.8307238735478,-400.0,-8.080808080808078,-300.0,-6.185567010309279,-400.0,-8.080808080808078,430.0,10.436893203883502,0.0,0.0,2025,8,27,2,239,35,0,-0.8660254037844384,-0.5000000000000004,-0.8247650844733614,-0.5654755126737576,4550.0,4413.0,4605.0,-137.0,55.0
Maharashtra,Palghar,APMC Palghar,Cereals,Rice,1009 Kar,Local,4550.0,4550.0,4550.0,Rs./Quintal,2025-08-28,0,4550.0,4950.0,4550.0,4300.0,4413.0,4450.0,4683.333333333333,4650.0,4658.571428571428,4504.2,175.5942292142128,292.4855589559967,541.8146011958011,0.0,0.0,0.0,0.0,250.0,5.813953488372103,137.0,3.1044640833899795,0.0,0.0,2025,8,28,3,240,35,0,-0.8660254037844384,-0.5000000000000004,-0.8343701235229537,-0.5512045872199277,4450.0,4400.0,4801.0,-150.0,251.0
Maharashtra,Palghar,APMC Palghar,Cereals,Rice,1009 Kar,Local,4450.0,4450.0,4450.0,Rs./Quintal,2025-08-29,0,4550.0,4550.0,4950.0,4500.0,4125.0,4550.0,4516.666666666667,4642.857142857143,4681.785714285715,4500.866666666667,183.54965592579128,257.7088931844867,541.8307238735478,-100.0,-2.197802197802201,-500.0,-10.1010101010101,-50.0,-1.1111111111111072,325.0,7.878787878787885,0.0,0.0,2025,8,29,4,241,35,0,-0.8660254037844384,-0.5000000000000004,-0.8437282590292712,-0.5367705514607103,4413.0,4550.0,3700.0,100.0,-750.0
Maharashtra,Palghar,APMC Palghar,Cereals,Rice,1009 Kar,Local,4413.0,4413.0,4413.0,Rs./Quintal,2025-08-30,0,4450.0,4550.0,4550.0,4600.0,4500.0,3550.0,4471.0,4616.142857142857,4675.571428571428,4529.633333333333,203.36537608569546,263.4153532952245,511.67685676325635,-37.0,-0.8314606741573027,-137.0,-3.010989010989007,-187.0,-4.065217391304343,-87.0,-1.9333333333333313,0.0,0.0,2025,8,30,5,242,35,1,-0.8660254037844384,-0.5000000000000004,-0.8528367217694595,-0.522177676659508,4400.0,4850.0,3870.0,437.0,-543.0
Maharashtra,Palghar,APMC Palghar,Cereals,Rice,1009 Kar,Local,4400.0,4400.0,4400.0,Rs./Quintal,2025-08-31,0,4413.0,4450.0,4550.0,4850.0,4700.0,3708.0,4421.0,4551.857142857143,4654.142857142857,4552.7,187.63655344968444,273.29242077442785,488.4297252949738,-13.0,-0.29458418309540324,-150.0,-3.296703296703296,-450.0,-9.278350515463918,-300.0,-6.382978723404253,0.0,0.0,2025,8,31,6,243,35,1,-0.8660254037844384,-0.5000000000000004,-0.8616928164028521,-0.5074302810827518,4550.0,4605.0,4125.0,205.0,-275.0
Maharashtra,Palghar,APMC Palghar,Cereals,Rice,1009 Kar,Local,4550.0,4550.0,4550.0,Rs./Quintal,2025-09-01,0,4400.0,4413.0,4450.0,4550.0,5270.0,5270.0,4454.333333333333,4551.857142857143,4602.714285714285,4528.7,187.63655344968444,208.5648501145304,469.28236849396956,150.0,3.409090909090917,100.0,2.2471910112359605,0.0,0.0,-720.0,-13.662239089184059,0.0,0.0,2025,9,1,0,244,36,0,-1.0,-1.8369701987210297e-16,-0.8702939222685674,-0.49253272872205434,4850.0,4801.0,4500.0,251.0,-50.0
Maharashtra,Palghar,APMC Palghar,Cereals,Rice,1009 Kar,Local,4850.0,4850.0,4850.0,Rs./Quintal,2025-09-02,0,4550.0,4400.0,4413.0,4950.0,4825.0,5320.0,4600.0,4537.571428571428,4604.5,4513.033333333334,152.8548953995885,210.710428349867,449.37761429546595,300.0,6.593406593406592,437.0,9.902560616360745,-100.0,-2.020202020202022,25.0,0.5181347150259086,0.0,0.0,2025,9,2,1,245,36,0,-1.0,-1.8369701987210297e-16,-0.8786374941610001,-0.4774894280028391,4605.0,3700.0,4700.0,-1150.0,-150.0
Maharashtra,Palghar,APMC Palghar,Cereals,Rice,1009 Kar,Local,4605.0,4605.0,4605.0,Rs./Quintal,2025-09-03,0,4850.0,4550.0,4400.0,4550.0,4950.0,5245.0,4668.333333333333,4545.428571428572,4579.857142857143,4491.7,154.99877111648064,185.91017564026268,428.11923492217016,-245.0,-5.051546391752582,205.0,4.659090909090913,55.0,1.2087912087912045,-345.0,-6.969696969696971,0.0,0.0,2025,9,3,2,246,36,0,-1.0,-1.8369701987210297e-16,-0.886721063082993,-0.46230483047981086,4801.0,3870.0,4801.0,-735.0,196.0
Maharashtra,Palghar,APMC Palghar,Cereals,Rice,1009 Kar,Local,4801.0,4801.0,4801.0,Rs./Quintal,2025-09-04,0,4605.0,4850.0,4550.0,4550.0,4300.0,5345.0,4752.0,4581.285714285715,4615.642857142857,4473.566666666667,182.7764702997578,175.84285254513054,401.4189215454501,196.0,4.256243213897948,251.0,5.516483516483506,251.0,5.516483516483506,501.0,11.651162790697667,0.0,0.0,2025,9,4,3,247,36,0,-1.0,-1.8369701987210297e-16,-0.8945422369764496,-0.4469834295196742,3700.0,4125.0,4850.0,-676.0,49.0
Maharashtra,Palghar,APMC Palghar,Cereals,Rice,1009 Kar,Local,3700.0,3700.0,3700.0,Rs./Quintal,2025-09-05,0,4801.0,4605.0,4850.0,4450.0,4500.0,4950.0,4368.666666666667,4474.142857142857,4558.5,4431.9,382.86526288475113,301.4431315164796,414.90799561780665,-1101.0,-22.932722349510513,-1150.0,-23.71134020618557,-750.0,-16.85393258426966,-800.0,-17.777777777777782,0.0,0.0,2025,9,5,4,248,36,0,-1.0,-1.8369701987210297e-16,-0.9020987014301837,-0.4315297589714715,3870.0,4500.0,4950.0,800.0,1250.0
Maharashtra,Palghar,APMC Palghar,Cereals,Rice,1009 Kar,Local,3870.0,3870.0,3870.0,Rs./Quintal,2025-09-06,0,3700.0,4801.0,4605.0,4413.0,4600.0,4400.0,4123.666666666667,4396.571428571428,4506.357142857143,4414.233333333334,446.96079512743887,352.52159936942644,427.408444185324,170.0,4.594594594594592,-735.0,-15.96091205211726,-543.0,-12.304554724677086,-730.0,-15.869565217391301,0.0,0.0,2025,9,6,5,249,36,1,-1.0,-1.8369701987210297e-16,-0.9093882203647925,-0.4159483918249421,4125.0,4700.0,4540.0,830.0,670.0
Maharashtra,Palghar,APMC Palghar,Cereals,Rice,1009 Kar,Local,4125.0,4125.0,4125.0,Rs./Quintal,2025-09-07,0,3870.0,3700.0,4801.0,4400.0,4850.0,3580.0,3898.3333333333335,4357.285714285715,4454.571428571428,4432.4,458.5446958533466,351.4067803482539,401.52602011275167,255.0,6.589147286821695,-676.0,-14.080399916684028,-275.0,-6.25,-725.0,-14.948453608247425,0.0,0.0,2025,9,7,6,250,36,1,-1.0,-1.8369701987210297e-16,-0.9164086366943458,-0.4002439388573056,4500.0,4801.0,4550.0,676.0,425.0
Maharashtra,Palghar,APMC Palghar,Cereals,Rice,1009 Kar,Local,4500.0,4500.0,4500.0,Rs./Quintal,2025-09-08,0,4125.0,3870.0,3700.0,4550.0,4550.0,3640.0,4165.0,4350.142857142857,4451.0,4461.066666666667,455.4212074447963,350.6155027508502,372.6646762433217,375.0,9.090909090909083,800.0,21.62162162162162,-50.0,-1.098901098901095,-50.0,-1.098901098901095,0.0,0.0,2025,9,8,0,251,37,0,-1.0,-1.8369701987210297e-16,-0.9231578729647039,-0.38442104726885545,4700.0,4850.0,4350.0,350.0,-150.0
Maharashtra,Palghar,APMC Palghar,Cereals,Rice,1009 Kar,Local,4700.0,4700.0,4700.0,Rs./Quintal,2025-09-09,0,4500.0,4125.0,3870.0,4850.0,4950.0,3700.0,4441.666666666667,4328.714285714285,4433.142857142857,4494.4,430.8478905157884,328.9425615380436,346.01291584424126,200.0,4.444444444444451,830.0,21.44702842377262,-150.0,-3.0927835051546393,-250.0,-5.05050505050505,0.0,0.0,2025,9,9,1,252,37,0,-1.0,-1.8369701987210297e-16,-0.9296339319682695,-0.3684843993077793,4801.0,4950.0,4305.0,250.0,-395.0
Maharashtra,Palghar,APMC Palghar,Cereals,Rice,1009 Kar,Local,4801.0,4801.0,4801.0,Rs./Quintal,2025-09-10,0,4700.0,4500.0,4125.0,4605.0,4550.0,4080.0,4667.0,4356.714285714285,4451.071428571428,4518.433333333333,457.3495068638113,342.3678777809981,341.2437376798974,101.0,2.1489361702127674,676.0,16.387878787878797,196.0,4.256243213897948,251.0,5.516483516483506,0.0,0.0,2025,9,10,2,253,37,0,-1.0,-1.8369701987210297e-16,-0.9358348973349941,-0.35243871088460327,4850.0,4540.0,4545.0,-261.0,-256.0
Maharashtra,Palghar,APMC Palghar,Cereals,Rice,1009 Kar,Local,4850.0,4850.0,4850.0,Rs./Quintal,2025-09-11,0,4801.0,4700.0,4500.0,4801.0,4550.0,4035.0,4783.666666666667,4363.714285714285,4472.5,4545.6,465.5837605579023,358.0646159993611,333.79010542968183,49.0,1.0206207040200033,350.0,7.777777777777772,49.0,1.0206207040200033,300.0,6.593406593406592,0.0,0.0,2025,9,11,3,254,37,0,-1.0,-1.8369701987210297e-16,-0.9417589340994617,-0.33628873017668287,4950.0,4550.0,4601.0,-300.0,-249.0
Maharashtra,Palghar,APMC Palghar,Cereals,Rice,1009 Kar,Local,4950.0,4950.0,4950.0,Rs./Quintal,2025-09-12,0,4850.0,4801.0,4700.0,3700.0,4450.0,4120.0,4867.0,4542.285714285715,4508.214285714285,4573.266666666666,404.2708309560616,379.91662619204146,331.6884634436487,100.0,2.0618556701030855,250.0,5.319148936170204,1250.0,33.7837837837838,500.0,11.23595505617978,0.0,0.0,2025,9,12,4,255,37,0,-1.0,-1.8369701987210297e-16,-0.9474042892438845,-0.32003923622313857,4540.0,4350.0,4900.0,-600.0,-50.0
Maharashtra,Palghar,APMC Palghar,Cereals,Rice,1009 Kar,Local,4540.0,4540.0,4540.0,Rs./Quintal,2025-09-13,0,4950.0,4850.0,4801.0,3870.0,4413.0,4413.0,4780.0,4638.0,4517.285714285715,4577.5,278.2438978067018,378.9833421489315,330.3803189846715,-410.0,-8.28282828282828,-261.0,-5.436367423453447,670.0,17.312661498708003,127.0,2.877860865624293,0.0,0.0,2025,9,13,5,256,37,1,-1.0,-1.8369701987210297e-16,-0.9527692922168511,-0.30369503751065885,4550.0,4305.0,4700.0,-235.0,160.0
Maharashtra,Palghar,APMC Palghar,Cereals,Rice,1009 Kar,Local,4550.0,4550.0,4550.0,Rs./Quintal,2025-09-15,0,4540.0,4950.0,4850.0,4125.0,4400.0,4125.0,4680.0,4698.714285714285,4528.0,4591.666666666667,174.78054266776272,377.53002937107334,319.231980652415,10.0,0.22026431718060735,-300.0,-6.185567010309279,425.0,10.303030303030303,150.0,3.409090909090917,0.0,0.0,2025,9,15,0,258,38,0,-1.0,-1.8369701987210297e-16,-0.9626519747161487,-0.2707418984477642,4350.0,4545.0,4500.0,-5.0,-50.0
Maharashtra,Palghar,APMC Palghar,Cereals,Rice,1009 Kar,Local,4350.0,4350.0,4350.0,Rs./Quintal,2025-09-16,0,4550.0,4540.0,4950.0,4500.0,4550.0,4500.0,4480.0,4677.285714285715,4513.714285714285,4586.666666666667,209.04123539444947,380.40654944038926,321.8809303660794,-200.0,-4.395604395604391,-600.0,-12.121212121212121,-150.0,-3.3333333333333326,-200.0,-4.395604395604391,0.0,0.0,2025,9,16,1,259,38,0,-1.0,-1.8369701987210297e-16,-0.9671667297977312,-0.2541427094613622,4305.0,4601.0,4450.0,251.0,100.0
Maharashtra,Palghar,APMC Palghar,Cereals,Rice,1009 Kar,Local,4305.0,4305.0,4305.0,Rs./Quintal,2025-09-17,0,4350.0,4550.0,4540.0,4700.0,4850.0,4700.0,4401.666666666667,4620.857142857143,4474.785714285715,4573.5,250.99165229905375,371.1185128088482,325.1473671196294,-45.0,-1.0344827586206917,-235.0,-5.176211453744495,-395.0,-8.404255319148934,-545.0,-11.23711340206186,0.0,0.0,2025,9,17,2,260,38,0,-1.0,-1.8369701987210297e-16,-0.97139528468375,-0.23746831555846842,4545.0,4900.0,4305.0,595.0,0.0
Maharashtra,Palghar,APMC Palghar,Cereals,Rice,1009 Kar,Local,4545.0,4545.0,4545.0,Rs./Quintal,2025-09-18,0,4305.0,4350.0,4550.0,4801.0,4605.0,5270.0,4400.0,4584.285714285715,4470.5,4549.333333333333,238.71930119264414,369.8433660140683,297.3493630027823,240.0,5.574912891986061,-5.0,-0.1098901098901095,-256.0,-5.332222453655488,-60.0,-1.3029315960912058,0.0,0.0,2025,9,18,3,261,38,0,-1.0,-1.8369701987210297e-16,-0.9753363880767837,-0.2207236509605022,4601.0,4700.0,4850.0,155.0,305.0
Maharashtra,Palghar,APMC Palghar,Cereals,Rice,1009 Kar,Local,4601.0,4601.0,4601.0,Rs./Quintal,2025-09-19,0,4545.0,4305.0,4350.0,4850.0,4801.0,4825.0,4483.666666666667,4548.714285714285,4456.214285714285,4541.866666666667,209.26037551792834,359.82221647992804,292.96860292333383,56.0,1.2321232123212233,251.0,5.770114942528726,-249.0,-5.1340206185567006,-200.0,-4.165798791918352,0.0,0.0,2025,9,19,4,262,38,0,-1.0,-1.8369701987210297e-16,-0.9789888737409319,-0.20391367068311472,4900.0,4500.0,4950.0,-101.0,349.0
Maharashtra,Palghar,APMC Palghar,Cereals,Rice,1009 Kar,Local,4900.0,4900.0,4900.0,Rs./Quintal,2025-09-20,0,4601.0,4545.0,4305.0,4950.0,3700.0,4950.0,4682.0,4541.571428571428,4541.928571428572,4540.2,193.54315379509544,304.5002120210749,290.7001536125227,299.0,6.498587263638345,595.0,13.821138211382111,-50.0,-1.0101010101010055,1200.0,32.432432432432435,0.0,0.0,2025,9,20,5,263,38,1,-1.0,-1.8369701987210297e-16,-0.9823516608469237,-0.18704334906991657,4700.0,4450.0,4900.0,-450.0,0.0
Maharashtra,Palghar,APMC Palghar,Cereals,Rice,1009 Kar,Local,4700.0,4700.0,4700.0,Rs./Quintal,2025-09-21,0,4900.0,4601.0,4545.0,4540.0,3870.0,4300.0,4733.666666666667,4564.428571428572,4601.214285714285,4553.533333333334,202.5642755134412,236.91224554233645,288.4678591232061,-200.0,-4.081632653061229,155.0,3.4103410341034035,160.0,3.524229074889873,830.0,21.44702842377262,0.0,0.0,2025,9,21,6,264,38,1,-1.0,-1.8369701987210297e-16,-0.9854237542919524,-0.17011767832049052,4500.0,4305.0,5345.0,-395.0,645.0
Maharashtra,Palghar,APMC Palghar,Cereals,Rice,1009 Kar,Local,4500.0,4500.0,4500.0,Rs./Quintal,2025-09-22,0,4700.0,4900.0,4601.0,4550.0,4125.0,4500.0,4700.0,4557.285714285715,4628.0,4553.533333333334,204.0340774525284,196.7184634093963,288.4678591232061,-200.0,-4.255319148936165,-101.0,-2.1951749619647853,-50.0,-1.098901098901095,375.0,9.090909090909083,0.0,0.0,2025,9,22,0,265,39,0,-1.0,-1.8369701987210297e-16,-0.9882042449941422,-0.15314166701312007,4450.0,4850.0,5410.0,350.0,910.0
Maharashtra,Palghar,APMC Palghar,Cereals,Rice,1009 Kar,Local,4450.0,4450.0,4450.0,Rs./Quintal,2025-09-23,0,4500.0,4700.0,4900.0,4350.0,4500.0,4600.0,4550.0,4571.571428571428,4624.428571428572,4548.533333333334,190.12877841334796,199.65305071383412,288.93427642277663,-50.0,-1.1111111111111072,-450.0,-9.183673469387754,100.0,2.298850574712641,-50.0,-1.1111111111111072,0.0,0.0,2025,9,23,1,266,39,0,-1.0,-1.8369701987210297e-16,-0.9906923101615609,-0.13612033862266704,4305.0,4950.0,6020.0,500.0,1570.0
Maharashtra,Palghar,APMC Palghar,Cereals,Rice,1009 Kar,Local,4305.0,4305.0,4305.0,Rs./Quintal,2025-09-24,0,4450.0,4500.0,4700.0,4305.0,4700.0,4850.0,4418.333333333333,4571.571428571428,4596.214285714285,4530.366666666667,190.12877841334796,215.438079118029,286.44870556443374,-145.0,-3.2584269662921383,-395.0,-8.404255319148934,0.0,0.0,-395.0,-8.404255319148934,0.0,0.0,2025,9,24,2,267,39,0,-1.0,-1.8369701987210297e-16,-0.9928872135356962,-0.11905873003404988,4850.0,4900.0,6045.0,595.0,1740.0
Maharashtra,Palghar,APMC Palghar,Cereals,Rice,1009 Kar,Local,4850.0,4850.0,4850.0,Rs./Quintal,2025-09-25,0,4305.0,4450.0,4500.0,4545.0,4801.0,4550.0,4535.0,4615.142857142857,4599.714285714285,4540.366666666667,216.186978155043,219.3828506625697,292.33382940756513,545.0,12.659698025551691,350.0,7.777777777777772,305.0,6.710671067106722,49.0,1.0206207040200033,0.0,0.0,2025,9,25,3,268,39,0,-1.0,-1.8369701987210297e-16,-0.994788305609327,-0.10196189005174576,4950.0,5345.0,6020.0,495.0,1170.0
Maharashtra,Palghar,APMC Palghar,Cereals,Rice,1009 Kar,Local,4950.0,4950.0,4950.0,Rs./Quintal,2025-09-26,0,4850.0,4305.0,4450.0,4601.0,4850.0,4950.0,4701.666666666667,4665.0,4606.857142857143,4540.366666666667,249.98333277773958,229.5510190124856,292.33382940756513,100.0,2.0618556701030855,500.0,11.23595505617978,349.0,7.585307541838726,100.0,2.0618556701030855,0.0,0.0,2025,9,26,4,269,39,0,-1.0,-1.8369701987210297e-16,-0.9963950238187231,-0.08483487790576538,4900.0,5410.0,5500.0,460.0,550.0
Maharashtra,Palghar,APMC Palghar,Cereals,Rice,1009 Kar,Local,4900.0,4900.0,4900.0,Rs./Quintal,2025-09-27,0,4950.0,4850.0,4305.0,4900.0,4950.0,4550.0,4900.0,4665.0,4603.285714285715,4552.033333333334,249.98333277773958,224.12648508974013,299.6246483269642,-50.0,-1.0101010101010055,595.0,13.821138211382111,0.0,0.0,-50.0,-1.0101010101010055,0.0,0.0,2025,9,27,5,270,39,1,-1.0,-1.8369701987210297e-16,-0.9977068927101168,-0.06768276175455162,5345.0,6020.0,4901.0,1120.0,1.0
Maharashtra,Palghar,APMC Palghar,Cereals,Rice,1009 Kar,Local,5345.0,5345.0,5345.0,Rs./Quintal,2025-09-28,0,4900.0,4950.0,4850.0,4700.0,4540.0,4550.0,5065.0,4757.142857142857,4660.785714285715,4578.533333333334,359.78995194947953,297.79605271223653,332.7625987493732,445.0,9.081632653061234,495.0,10.206185567010317,645.0,13.72340425531915,805.0,17.731277533039645,0.0,0.0,2025,9,28,6,271,39,1,-1.0,-1.8369701987210297e-16,-0.9987235240803972,-0.050510617185222886,5410.0,6045.0,4450.0,700.0,-895.0
Maharashtra,Palghar,APMC Palghar,Cereals,Rice,1009 Kar,Local,5410.0,5410.0,5410.0,Rs./Quintal,2025-09-29,0,5345.0,4900.0,4950.0,4500.0,4550.0,4450.0,5218.333333333333,4887.142857142857,4722.214285714285,4610.533333333334,412.0058367593941,356.1646504662673,364.61096256556544,65.0,1.2160898035547207,460.0,9.292929292929287,910.0,20.22222222222223,860.0,18.9010989010989,0.0,0.0,2025,9,29,0,272,40,0,-1.0,-1.8369701987210297e-16,-0.9994446170919858,-0.033323525711631344,6020.0,6020.0,4500.0,610.0,-910.0
Maharashtra,Palghar,APMC Palghar,Cereals,Rice,1009 Kar,Local,6020.0,6020.0,6020.0,Rs./Quintal,2025-09-30,1,5410.0,5345.0,4900.0,4450.0,4350.0,4413.0,5591.666666666667,5111.428571428572,4841.5,4664.1,541.3926046603805,480.0312089213175,443.993969359479,610.0,11.275415896487996,1120.0,22.857142857142865,1570.0,35.280898876404486,1670.0,38.39080459770115,0.0,0.0,2025,9,30,1,273,40,0,-1.0,-1.8369701987210297e-16,-0.9998699583618592,-0.016126573270657762,6045.0,5500.0,4274.0,-520.0,-1746.0
Maharashtra,Palghar,APMC Palghar,Cereals,Rice,1009 Kar,Local,6045.0,6045.0,6045.0,Rs./Quintal,2025-10-01,1,6020.0,5410.0,5345.0,4305.0,4305.0,4400.0,5825.0,5360.0,4965.785714285715,4718.933333333333,507.8303522503008,550.5181026257733,507.31626083316814,25.0,0.41528239202657247,700.0,13.09635173058934,1740.0,40.41811846689895,1740.0,40.41811846689895,0.0,0.0,2025,10,1,2,274,40,0,-0.8660254037844386,0.5000000000000001,-0.9999994220246925,0.001075151282798226,6020.0,4901.0,4601.0,-1144.0,-1444.0
Maharashtra,Palghar,APMC Palghar,Cereals,Rice,1009 Kar,Local,6020.0,6020.0,6020.0,Rs./Quintal,2025-10-02,1,6045.0,6020.0,5410.0,4850.0,4545.0,4550.0,6028.333333333333,5527.142857142857,5071.142857142857,4767.933333333333,504.52830398681016,602.4831765468463,558.8143194999221,-25.0,-0.41356492969396585,610.0,11.275415896487996,1170.0,24.12371134020619,1475.0,32.453245324532446,0.0,0.0,2025,10,2,3,275,40,0,-0.8660254037844386,0.5000000000000001,-0.999832969770105,0.018276557681691223,5500.0,4450.0,4035.0,-1570.0,-1985.0
Maharashtra,Palghar,APMC Palghar,Cereals,Rice,1009 Kar,Local,5500.0,5500.0,5500.0,Rs./Quintal,2025-10-03,0,6020.0,6045.0,6020.0,4950.0,4601.0,4850.0,5855.0,5605.714285714285,5135.357142857143,4789.6,438.12506368452483,596.3977257273434,574.4872736503455,-520.0,-8.637873754152825,-520.0,-8.637873754152825,550.0,11.111111111111116,899.0,19.539230602043034,0.0,0.0,2025,10,3,4,276,40,0,-0.8660254037844386,0.5000000000000001,-0.9993706508539969,0.03547255575312556,4901.0,4500.0,4080.0,-1000.0,-1420.0
Maharashtra,Palghar,APMC Palghar,Cereals,Rice,1009 Kar,Local,4901.0,4901.0,4901.0,Rs./Quintal,2025-10-04,0,5500.0,6020.0,6045.0,4900.0,4900.0,4605.0,5473.666666666667,5605.857142857143,5135.428571428572,4799.466666666666,437.856684533277,596.3674285959204,573.7488777441258,-599.0,-10.890909090909096,-1144.0,-18.924731182795696,1.0,0.020408163265295265,1.0,0.020408163265295265,0.0,0.0,2025,10,4,5,277,40,1,-0.8660254037844386,0.5000000000000001,-0.9986126020839734,0.052658056924614005,4450.0,4274.0,4545.0,-627.0,-356.0
Maharashtra,Palghar,APMC Palghar,Cereals,Rice,1009 Kar,Local,4450.0,4450.0,4450.0,Rs./Quintal,2025-10-07,0,4901.0,5500.0,6020.0,5345.0,4700.0,4801.0,4950.333333333333,5478.0,5117.571428571428,4787.766666666666,619.6555494789002,613.893841271965,577.284468413333,-451.0,-9.202203631911853,-1570.0,-26.079734219269103,-895.0,-16.744621141253514,-250.0,-5.319148936170215,0.0,0.0,2025,10,7,1,280,41,0,-0.8660254037844386,0.5000000000000001,-0.9945667569706337,0.1041007489354256,4500.0,4601.0,4975.0,151.0,525.0
Maharashtra,Palghar,APMC Palghar,Cereals,Rice,1009 Kar,Local,4500.0,4500.0,4500.0,Rs./Quintal,2025-10-08,0,4450.0,4901.0,5500.0,5410.0,4500.0,3700.0,4617.0,5348.0,5117.571428571428,4814.433333333333,723.1180171083172,613.893841271965,542.7485404502896,50.0,1.1235955056179803,-1000.0,-18.181818181818176,-910.0,-16.820702402957487,0.0,0.0,0.0,0.0,2025,10,8,2,281,41,0,-0.8660254037844386,0.5000000000000001,-0.9926289059345095,0.12119346147073601,4274.0,4035.0,4850.0,-465.0,350.0
Maharashtra,Palghar,APMC Palghar,Cereals,Rice,1009 Kar,Local,4274.0,4274.0,4274.0,Rs./Quintal,2025-10-09,0,4500.0,4450.0,4901.0,6020.0,4450.0,3870.0,4408.0,5098.571428571428,5105.0,4827.9,753.1918430127552,630.2015550599667,523.1659821008877,-226.0,-5.022222222222217,-627.0,-12.793307488267702,-1746.0,-29.003322259136212,-176.0,-3.955056179775285,0.0,0.0,2025,10,9,3,282,41,0,-0.8660254037844386,0.5000000000000001,-0.9903973200352558,0.13825031091098192,4601.0,4080.0,4825.0,-194.0,551.0
Maharashtra,Palghar,APMC Palghar,Cereals,Rice,1009 Kar,Local,4601.0,4601.0,4601.0,Rs./Quintal,2025-10-10,0,4274.0,4500.0,4450.0,6045.0,4305.0,4125.0,4458.333333333333,4892.285714285715,5126.142857142857,4843.766666666666,640.0210190000821,605.7899937135944,508.1148175521869,327.0,7.650912494150686,151.0,3.3932584269662946,-1444.0,-23.887510339123242,296.0,6.875725900116136,0.0,0.0,2025,10,10,4,283,41,0,-0.8660254037844386,0.5000000000000001,-0.9878726596350429,0.15526624985999563,4035.0,4545.0,4801.0,-56.0,200.0
Maharashtra,Palghar,APMC Palghar,Cereals,Rice,1009 Kar,Local,4035.0,4035.0,4035.0,Rs./Quintal,2025-10-12,0,4601.0,4274.0,4500.0,6020.0,4850.0,4500.0,4303.333333333333,4608.714285714285,5067.928571428572,4828.266666666666,475.75754129097845,670.1120990362177,525.7493786923599,-566.0,-12.30167354922843,-465.0,-10.33333333333334,-1985.0,-32.9734219269103,-815.0,-16.804123711340203,0.0,0.0,2025,10,12,6,285,41,1,-0.8660254037844386,0.5000000000000001,-0.981947190186646,0.18915526872004093,4080.0,4975.0,4600.0,940.0,565.0
Maharashtra,Palghar,APMC Palghar,Cereals,Rice,1009 Kar,Local,4080.0,4080.0,4080.0,Rs./Quintal,2025-10-13,0,4035.0,4601.0,4274.0,5500.0,4950.0,4700.0,4238.666666666667,4405.857142857143,5005.785714285715,4807.6,304.1827458241871,720.346303317576,542.872220946939,45.0,1.1152416356877248,-194.0,-4.539073467477772,-1420.0,-25.818181818181817,-870.0,-17.575757575757578,0.0,0.0,2025,10,13,0,286,42,0,-0.8660254037844386,0.5000000000000001,-0.9785481345802031,0.20601832032517084,4545.0,4850.0,4700.0,770.0,620.0
Maharashtra,Palghar,APMC Palghar,Cereals,Rice,1009 Kar,Local,4545.0,4545.0,4545.0,Rs./Quintal,2025-10-14,0,4080.0,4035.0,4601.0,4901.0,4900.0,4801.0,4220.0,4355.0,4980.428571428572,4799.066666666667,227.76157123916343,730.5327575749841,544.9874363204408,465.0,11.397058823529417,-56.0,-1.2171267115844375,-356.0,-7.263823709447048,-355.0,-7.244897959183671,0.0,0.0,2025,10,14,1,287,42,0,-0.8660254037844386,0.5000000000000001,-0.9748595108374125,0.22282040779479959,4975.0,4825.0,4605.0,280.0,60.0
Maharashtra,Palghar,APMC Palghar,Cereals,Rice,1009 Kar,Local,4975.0,4975.0,4975.0,Rs./Quintal,2025-10-15,0,4545.0,4080.0,4035.0,4450.0,5345.0,4850.0,4533.333333333333,4430.0,4954.0,4803.233333333334,328.44380544216745,722.982817116807,545.8674010602116,430.0,9.460946094609458,940.0,23.296158612143735,525.0,11.79775280898876,-370.0,-6.922357343311503,0.0,0.0,2025,10,15,2,288,42,0,-0.8660254037844386,0.5000000000000001,-0.9708824104813836,0.2395565591209271,4850.0,4801.0,4305.0,-174.0,-670.0
Maharashtra,Palghar,APMC Palghar,Cereals,Rice,1009 Kar,Local,4850.0,4850.0,4850.0,Rs./Quintal,2025-10-16,0,4975.0,4545.0,4080.0,4500.0,5410.0,4950.0,4790.0,4480.0,4914.0,4799.9,365.4339885670173,711.208830091416,545.2452374533108,-125.0,-2.5125628140703515,770.0,18.872549019607842,350.0,7.777777777777772,-560.0,-10.351201478743066,0.0,0.0,2025,10,16,3,289,42,0,-0.8660254037844386,0.5000000000000001,-0.9666180104000972,0.2562218218071163,4825.0,4600.0,4035.0,-250.0,-815.0
Maharashtra,Palghar,APMC Palghar,Cereals,Rice,1009 Kar,Local,4825.0,4825.0,4825.0,Rs./Quintal,2025-10-17,0,4850.0,4975.0,4545.0,4274.0,6020.0,4540.0,4883.333333333333,4558.714285714285,4828.642857142857,4809.4,372.93194834344365,635.992090800224,543.0391235032449,-25.0,-0.5154639175257714,280.0,6.160616061606161,551.0,12.891904539073472,-1195.0,-19.850498338870437,0.0,0.0,2025,10,17,4,290,42,0,-0.8660254037844386,0.5000000000000001,-0.9620675724981452,0.27281126433401914,4801.0,4700.0,3700.0,-125.0,-1125.0
Maharashtra,Palghar,APMC Palghar,Cereals,Rice,1009 Kar,Local,4801.0,4801.0,4801.0,Rs./Quintal,2025-10-18,0,4825.0,4850.0,4975.0,4601.0,6045.0,4550.0,4825.333333333333,4587.285714285715,4739.785714285715,4817.766666666666,384.20251356357653,531.2552882736155,540.8338187837647,-24.0,-0.4974093264248691,-174.0,-3.497487437185931,200.0,4.3468811128015705,-1244.0,-20.578990901571547,0.0,0.0,2025,10,18,5,291,42,1,-0.8660254037844386,0.5000000000000001,-0.957232443323312,0.2893199776186952,4600.0,4605.0,4080.0,-196.0,-721.0
Maharashtra,Palghar,APMC Palghar,Cereals,Rice,1009 Kar,Local,4600.0,4600.0,4600.0,Rs./Quintal,2025-10-20,0,4801.0,4825.0,4850.0,4035.0,6020.0,4350.0,4742.0,4668.0,4638.357142857143,4826.1,298.66592261811866,382.8618162335745,535.2752659565242,-201.0,-4.186627785877938,-250.0,-5.154639175257736,565.0,14.00247831474597,-1420.0,-23.588039867109632,0.0,0.0,2025,10,20,0,293,43,0,-0.8660254037844386,0.5000000000000001,-0.9467139181463862,0.3220757010206104,4700.0,4305.0,4605.0,-295.0,5.0
Maharashtra,Palghar,APMC Palghar,Cereals,Rice,1009 Kar,Local,4700.0,4700.0,4700.0,Rs./Quintal,2025-10-21,0,4600.0,4801.0,4825.0,4080.0,5500.0,4305.0,4700.333333333333,4756.571428571428,4581.214285714285,4839.266666666666,150.31839224664952,293.68197832963034,526.8063789662579,100.0,2.1739130434782705,-125.0,-2.590673575129532,620.0,15.19607843137254,-800.0,-14.54545454545455,0.0,0.0,2025,10,21,1,294,43,0,-0.8660254037844386,0.5000000000000001,-0.9410336347451197,0.3383130181923075,4605.0,4035.0,4450.0,-665.0,-250.0
Maharashtra,Palghar,APMC Palghar,Cereals,Rice,1009 Kar,Local,4605.0,4605.0,4605.0,Rs./Quintal,2025-10-23,0,4700.0,4600.0,4801.0,4545.0,4901.0,4545.0,4635.0,4765.142857142857,4560.071428571428,4841.266666666666,137.39896721036413,279.18603235001166,525.7635454718467,-95.0,-2.021276595744681,-196.0,-4.082482816079979,60.0,1.320132013201314,-296.0,-6.0395837584166445,0.0,0.0,2025,10,23,3,296,43,0,-0.8660254037844386,0.5000000000000001,-0.9288394302558068,0.3704825404820963,4305.0,3700.0,4275.0,-905.0,-330.0
Maharashtra,Palghar,APMC Palghar,Cereals,Rice,1009 Kar,Local,4305.0,4305.0,4305.0,Rs./Quintal,2025-10-24,0,4605.0,4700.0,4600.0,4975.0,4450.0,4601.0,4536.666666666667,4669.428571428572,4549.714285714285,4831.4,190.10247862916233,286.18536988124845,533.153442362936,-300.0,-6.514657980456029,-295.0,-6.413043478260871,-670.0,-13.467336683417086,-145.0,-3.2584269662921383,0.0,0.0,2025,10,24,4,297,43,0,-0.8660254037844386,0.5000000000000001,-0.9223291176290545,0.3864052261209853,4035.0,4080.0,4125.0,-225.0,-180.0
Maharashtra,Palghar,APMC Palghar,Cereals,Rice,1009 Kar,Local,4035.0,4035.0,4035.0,Rs./Quintal,2025-10-25,0,4305.0,4605.0,4700.0,4850.0,4500.0,4900.0,4315.0,4553.0,4516.5,4802.566666666667,286.30927333916213,317.65262836578785,552.3595582672536,-270.0,-6.271777003484324,-665.0,-14.148936170212767,-815.0,-16.804123711340203,-465.0,-10.33333333333334,0.0,0.0,2025,10,25,5,298,43,1,-0.8660254037844386,0.5000000000000001,-0.9155458729775467,0.40221356823680365,3700.0,4605.0,4413.0,570.0,378.0
Maharashtra,Palghar,APMC Palghar,Cereals,Rice,1009 Kar,Local,3700.0,3700.0,3700.0,Rs./Quintal,2025-10-26,0,4035.0,4305.0,4605.0,4825.0,4274.0,4700.0,4013.3333333333335,4392.285714285715,4475.5,4769.233333333334,400.9695392776999,381.9054957608081,587.7992668938264,-335.0,-8.30235439900867,-905.0,-19.652551574375675,-1125.0,-23.316062176165808,-574.0,-13.430042115114649,0.0,0.0,2025,10,26,6,299,43,1,-0.8660254037844386,0.5000000000000001,-0.9084917035725082,0.41790288888678667,4080.0,4450.0,4575.0,750.0,875.0
Maharashtra,Palghar,APMC Palghar,Cereals,Rice,1009 Kar,Local,4080.0,4080.0,4080.0,Rs./Quintal,2025-10-27,0,3700.0,4035.0,4305.0,4801.0,4601.0,4500.0,3938.3333333333335,4289.285714285715,4438.285714285715,4755.233333333334,369.8809332229826,393.9303781852114,599.3216673202634,380.0,10.270270270270277,-225.0,-5.226480836236935,-721.0,-15.017704644865649,-521.0,-11.323625298848071,0.0,0.0,2025,10,27,0,300,44,0,-0.8660254037844386,0.5000000000000001,-0.9011686968561569,0.4334685453485363,4605.0,4275.0,4215.0,195.0,135.0
Maharashtra,Palghar,APMC Palghar,Cereals,Rice,1009 Kar,Local,4605.0,4605.0,4605.0,Rs./Quintal,2025-10-28,0,4080.0,3700.0,4035.0,4600.0,4035.0,4450.0,4128.333333333333,4290.0,4479.0,4760.4,370.5851229249942,378.1841228412845,597.2641418772887,525.0,12.867647058823529,570.0,14.12639405204461,5.0,0.10869565217390686,570.0,14.12639405204461,0.0,0.0,2025,10,28,1,301,44,0,-0.8660254037844386,0.5000000000000001,-0.8935790198239952,0.4489059314938798,4450.0,4125.0,4500.0,-480.0,-105.0
Maharashtra,Palghar,APMC Palghar,Cereals,Rice,1009 Kar,Local,4450.0,4450.0,4450.0,Rs./Quintal,2025-10-29,0,4605.0,4080.0,3700.0,4700.0,4080.0,4305.0,4378.333333333333,4254.285714285715,4505.428571428572,4765.233333333334,334.80626949810534,360.67921274381143,594.0297033867477,-155.0,-3.365906623235615,750.0,20.270270270270263,-250.0,-5.319148936170215,370.0,9.068627450980383,0.0,0.0,2025,10,29,2,302,44,0,-0.8660254037844386,0.5000000000000001,-0.8857249183835637,0.4642104791518923,4275.0,4413.0,4850.0,-37.0,400.0
Maharashtra,Palghar,APMC Palghar,Cereals,Rice,1009 Kar,Local,4275.0,4275.0,4275.0,Rs./Quintal,2025-10-30,0,4450.0,4605.0,4080.0,4605.0,4545.0,4850.0,4443.333333333333,4207.142857142857,4486.142857142857,4746.066666666667,298.45235720933687,365.5856959714125,600.4420746895336,-175.0,-3.93258426966292,195.0,4.779411764705888,-330.0,-7.166123778501632,-270.0,-5.940594059405946,0.0,0.0,2025,10,30,3,303,44,0,-0.8660254037844386,0.5000000000000001,-0.8776087166898392,0.4793776594606945,4125.0,4575.0,4600.0,300.0,325.0
Maharashtra,Palghar,APMC Palghar,Cereals,Rice,1009 Kar,Local,4125.0,4125.0,4125.0,Rs./Quintal,2025-10-31,0,4275.0,4450.0,4605.0,4305.0,4975.0,4950.0,4283.333333333333,4181.428571428572,4425.428571428572,4718.566666666667,296.3628728112761,348.32825241225,609.6023963282917,-150.0,-3.508771929824561,-480.0,-10.423452768729646,-180.0,-4.181184668989546,-850.0,-17.085427135678387,0.0,0.0,2025,10,31,4,304,44,0,-0.8660254037844386,0.5000000000000001,-0.8692328164574792,0.4944029842076182,4413.0,4215.0,3320.0,90.0,-805.0
Maharashtra,Palghar,APMC Palghar,Cereals,Rice,1009 Kar,Local,4413.0,4413.0,4413.0,Rs./Quintal,2025-11-01,0,4125.0,4275.0,4450.0,4035.0,4850.0,4900.0,4271.0,4235.428571428572,4394.214285714285,4702.333333333333,299.65472194002274,326.2345023896937,611.0867839114708,288.0,6.981818181818178,-37.0,-0.8314606741573027,378.0,9.36802973977695,-437.0,-9.010309278350515,0.0,0.0,2025,11,1,5,305,44,1,-0.5000000000000004,0.8660254037844384,-0.8605996962501181,0.5092820071573356,4575.0,4500.0,5410.0,87.0,997.0
Maharashtra,Palghar,APMC Palghar,Cereals,Rice,1009 Kar,Local,4575.0,4575.0,4575.0,Rs./Quintal,2025-11-02,0,4413.0,4125.0,4275.0,3700.0,4825.0,5345.0,4371.0,4360.428571428572,4376.357142857143,4676.666666666667,207.36751364253064,307.1230290047546,599.2183030521046,162.0,3.6709721278042062,300.0,7.017543859649122,875.0,23.64864864864864,-250.0,-5.181347150259064,0.0,0.0,2025,11,2,6,306,44,1,-0.5000000000000004,0.8660254037844384,-0.8517119107469189,0.5240103253675756,4215.0,4850.0,5245.0,275.0,670.0
Maharashtra,Palghar,APMC Palghar,Cereals,Rice,1009 Kar,Local,4215.0,4215.0,4215.0,Rs./Quintal,2025-11-03,0,4575.0,4413.0,4125.0,4080.0,4801.0,5410.0,4401.0,4379.714285714285,4334.5,4636.833333333333,181.619303568125,283.8479414160934,588.4102535109172,-360.0,-7.868852459016395,90.0,2.1818181818181737,135.0,3.308823529411775,-586.0,-12.205790460320765,0.0,0.0,2025,11,3,0,307,45,0,-0.5000000000000004,0.8660254037844384,-0.8425720899866032,0.5385835804920232,4500.0,4600.0,5345.0,385.0,1130.0
Maharashtra,Palghar,APMC Palghar,Cereals,Rice,1009 Kar,Local,4500.0,4500.0,4500.0,Rs./Quintal,2025-11-04,0,4215.0,4575.0,4413.0,4605.0,4600.0,6020.0,4430.0,4364.714285714285,4327.357142857143,4586.166666666667,163.3265790634543,277.84766361411835,527.490224346963,285.0,6.761565836298922,87.0,1.971447994561526,-105.0,-2.28013029315961,-100.0,-2.1739130434782594,0.0,0.0,2025,11,4,1,308,45,0,-0.5000000000000004,0.8660254037844384,-0.8331829385891785,0.5529974600700271,4850.0,3320.0,5650.0,-1180.0,1150.0
Maharashtra,Palghar,APMC Palghar,Cereals,Rice,1009 Kar,Local,4850.0,4850.0,4850.0,Rs./Quintal,2025-11-05,0,4500.0,4215.0,4575.0,4450.0,4700.0,6045.0,4521.666666666667,4421.857142857143,4338.071428571428,4546.333333333333,246.78764729447468,295.64491807304546,453.4520720089342,350.0,7.777777777777772,275.0,6.0109289617486406,400.0,8.98876404494382,150.0,3.1914893617021267,0.0,0.0,2025,11,5,2,309,45,0,-0.5000000000000004,0.8660254037844384,-0.8235472349556007,0.5672476988027229,4600.0,5410.0,5900.0,560.0,1050.0
Maharashtra,Palghar,APMC Palghar,Cereals,Rice,1009 Kar,Local,4600.0,4600.0,4600.0,Rs./Quintal,2025-11-06,0,4850.0,4500.0,4215.0,4275.0,4605.0,6020.0,4650.0,4468.285714285715,4337.714285714285,4499.0,245.1201843216992,295.3004802339031,358.48907067455156,-250.0,-5.154639175257736,385.0,9.13404507710558,325.0,7.602339181286544,-5.0,-0.10857763300760048,0.0,0.0,2025,11,6,3,310,45,0,-0.5000000000000004,0.8660254037844384,-0.8136678304455991,0.5813300798152042,3320.0,5245.0,6045.0,645.0,1445.0
Maharashtra,Palghar,APMC Palghar,Cereals,Rice,1009 Kar,Local,3320.0,3320.0,3320.0,Rs./Quintal,2025-11-07,1,4600.0,4850.0,4500.0,4125.0,4305.0,5500.0,4256.666666666667,4353.285714285715,4267.357142857143,4426.333333333333,494.7463034342997,401.82288619257554,369.367804109459,-1280.0,-27.826086956521735,-1180.0,-26.222222222222225,-805.0,-19.51515151515152,-985.0,-22.880371660859467,0.0,0.0,2025,11,7,4,311,45,0,-0.5000000000000004,0.8660254037844384,-0.8035476485339116,0.5952404359043674,5410.0,5345.0,6193.0,2025.0,2873.0
Maharashtra,Palghar,APMC Palghar,Cereals,Rice,1009 Kar,Local,5410.0,5410.0,5410.0,Rs./Quintal,2025-11-10,0,3320.0,4600.0,4850.0,4413.0,4035.0,4901.0,4443.333333333333,4495.714285714285,4365.571428571428,4443.3,637.6678117133066,497.3467625287235,402.1579849108883,2090.0,62.95180722891567,560.0,11.546391752577323,997.0,22.59234081123951,1375.0,34.07682775712515,0.0,0.0,2025,11,10,0,314,46,0,-0.5000000000000004,0.8660254037844384,-0.7717727365467837,0.6358984534680745,5245.0,5650.0,6100.0,240.0,690.0
Maharashtra,Palghar,APMC Palghar,Cereals,Rice,1009 Kar,Local,5245.0,5245.0,5245.0,Rs./Quintal,2025-11-11,0,5410.0,3320.0,4600.0,4575.0,3700.0,4450.0,4658.333333333333,4591.428571428572,4475.928571428572,4469.8,698.8962386370032,509.56292950025323,427.97884253216597,-165.0,-3.049907578558231,645.0,14.021739130434785,670.0,14.644808743169403,1545.0,41.756756756756765,0.0,0.0,2025,11,11,1,315,46,0,-0.5000000000000004,0.8660254037844384,-0.7607200913564104,0.6490800741100398,5345.0,5900.0,5501.0,655.0,256.0
Maharashtra,Palghar,APMC Palghar,Cereals,Rice,1009 Kar,Local,5345.0,5345.0,5345.0,Rs./Quintal,2025-11-12,0,5245.0,5410.0,3320.0,4215.0,4080.0,4500.0,5333.333333333333,4752.857142857143,4566.285714285715,4497.966666666666,727.3803288906985,544.8874871258975,456.8661226475309,100.0,1.9065776930409895,2025.0,60.99397590361446,1130.0,26.809015421115067,1265.0,31.004901960784316,0.0,0.0,2025,11,12,2,316,46,0,-0.5000000000000004,0.8660254037844384,-0.7494423368521953,0.6620696215153815,5650.0,6045.0,5201.0,700.0,-144.0
Maharashtra,Palghar,APMC Palghar,Cereals,Rice,1009 Kar,Local,5650.0,5650.0,5650.0,Rs./Quintal,2025-11-13,1,5345.0,5245.0,5410.0,4500.0,4605.0,4274.0,5413.333333333333,4917.142857142857,4640.928571428572,4543.833333333333,788.0876492225594,617.3558335957692,500.5851805522275,305.0,5.706267539756782,240.0,4.43622920517559,1150.0,25.555555555555554,1045.0,22.6927252985885,0.0,0.0,2025,11,13,3,317,46,0,-0.5000000000000004,0.8660254037844384,-0.7379428103031386,0.6748632518680403,5900.0,6193.0,5075.0,543.0,-575.0
Maharashtra,Palghar,APMC Palghar,Cereals,Rice,1009 Kar,Local,5900.0,5900.0,5900.0,Rs./Quintal,2025-11-14,1,5650.0,5345.0,5245.0,4850.0,4450.0,4601.0,5631.666666666667,5067.142857142857,4744.5,4587.133333333333,868.9546264662724,699.0815678170472,558.5280367323494,250.0,4.424778761061954,655.0,12.488083889418489,1050.0,21.649484536082465,1450.0,32.584269662921336,0.0,0.0,2025,11,14,4,318,46,0,-0.5000000000000004,0.8660254037844384,-0.7262249146041543,0.6874571793269664,6045.0,6100.0,4900.0,200.0,-1000.0
Maharashtra,Palghar,APMC Palghar,Cereals,Rice,1009 Kar,Local,6045.0,6045.0,6045.0,Rs./Quintal,2025-11-15,1,5900.0,5650.0,5345.0,4600.0,4275.0,4035.0,5865.0,5273.571428571428,4870.928571428572,4654.133333333333,910.1452003467803,764.6209180709428,608.3473221506091,145.0,2.457627118644057,700.0,13.09635173058934,1445.0,31.41304347826086,1770.0,41.40350877192982,0.0,0.0,2025,11,15,5,319,46,1,-0.5000000000000004,0.8660254037844384,-0.7142921172691032,0.699847677146407,6193.0,5501.0,4800.0,-544.0,-1245.0
Maharashtra,Palghar,APMC Palghar,Cereals,Rice,1009 Kar,Local,6193.0,6193.0,6193.0,Rs./Quintal,2025-11-16,1,6045.0,5900.0,5650.0,3320.0,4125.0,4080.0,6046.0,5684.0,5018.642857142857,4724.566666666667,369.6692215120509,807.9593103942494,659.7325311394607,148.0,2.4483043837882468,543.0,9.610619469026549,2873.0,86.53614457831324,2068.0,50.13333333333334,0.0,0.0,2025,11,16,6,320,46,1,-0.5000000000000004,0.8660254037844384,-0.7021479494046978,0.712031078778713,6100.0,5201.0,4600.0,-992.0,-1593.0
Maharashtra,Palghar,APMC Palghar,Cereals,Rice,1009 Kar,Local,6100.0,6100.0,6100.0,Rs./Quintal,2025-11-17,1,6193.0,6045.0,5900.0,5410.0,4413.0,4545.0,6112.666666666667,5782.571428571428,5139.142857142857,4776.4,376.3636792354051,835.9988826955072,704.6920383866408,-93.0,-1.5016954626190904,200.0,3.3898305084745672,690.0,12.754158964879858,1687.0,38.22796283707228,0.0,0.0,2025,11,17,0,321,47,0,-0.5000000000000004,0.8660254037844384,-0.6897960046655887,0.7240037789593305,5501.0,5075.0,4700.0,-1025.0,-1400.0
Maharashtra,Palghar,APMC Palghar,Cereals,Rice,1009 Kar,Local,5501.0,5501.0,5501.0,Rs./Quintal,2025-11-18,0,6100.0,6193.0,6045.0,5245.0,4575.0,4975.0,5931.333333333333,5819.142857142857,5205.285714285715,4793.933333333333,324.25166592807886,824.4839344958536,716.2526010464106,-599.0,-9.819672131147538,-544.0,-8.999172870140615,256.0,4.880838894184936,926.0,20.24043715846995,0.0,0.0,2025,11,18,1,322,47,0,-0.5000000000000004,0.8660254037844384,-0.6772399381909491,0.7357622347736525,5201.0,4900.0,4601.0,-601.0,-900.0
Maharashtra,Palghar,APMC Palghar,Cereals,Rice,1009 Kar,Local,5201.0,5201.0,5201.0,Rs./Quintal,2025-11-19,0,5501.0,6100.0,6193.0,5345.0,4215.0,4850.0,5600.666666666667,5798.571428571428,5275.714285714285,4805.633333333333,361.74616198969886,773.9493551877988,720.05672589439,-300.0,-5.453553899291041,-992.0,-16.018084934603582,-144.0,-2.694106641721239,986.0,23.3926453143535,0.0,0.0,2025,11,19,2,323,47,0,-0.5000000000000004,0.8660254037844384,-0.6644834655228552,0.7473029667054297,5075.0,4800.0,4550.0,-401.0,-651.0
Maharashtra,Palghar,APMC Palghar,Cereals,Rice,1009 Kar,Local,5075.0,5075.0,5075.0,Rs./Quintal,2025-11-20,0,5201.0,5501.0,6100.0,5650.0,4500.0,4825.0,5259.0,5716.428571428572,5316.785714285715,4813.966666666666,454.49820576940823,744.3069237238775,721.7332816803304,-126.0,-2.4226110363391617,-1025.0,-16.803278688524593,-575.0,-10.176991150442483,575.0,12.777777777777777,0.0,0.0,2025,11,20,3,324,47,0,-0.5000000000000004,0.8660254037844384,-0.6515303615068021,0.75862255966641,4900.0,4600.0,4450.0,-475.0,-625.0
Maharashtra,Palghar,APMC Palghar,Cereals,Rice,1009 Kar,Local,4900.0,4900.0,4900.0,Rs./Quintal,2025-11-21,0,5075.0,5201.0,5501.0,5900.0,4850.0,4801.0,5058.666666666667,5573.571428571428,5320.357142857143,4817.266666666666,536.8754843669795,742.0112592078466,721.8982607338629,-175.0,-3.4482758620689613,-601.0,-10.925286311579718,-1000.0,-16.94915254237288,50.0,1.0309278350515427,0.0,0.0,2025,11,21,4,325,47,0,-0.5000000000000004,0.8660254037844384,-0.6383844591746642,0.769717664006921,4800.0,4700.0,4575.0,-200.0,-325.0
Maharashtra,Palghar,APMC Palghar,Cereals,Rice,1009 Kar,Local,4800.0,4800.0,4800.0,Rs./Quintal,2025-11-23,0,4900.0,5075.0,5201.0,6045.0,4600.0,4600.0,4925.0,5395.714285714285,5334.642857142857,4823.933333333333,560.3789534132824,728.884775862085,720.7452050306782,-100.0,-2.0408163265306145,-401.0,-7.710055758507983,-1245.0,-20.5955334987593,200.0,4.347826086956519,0.0,0.0,2025,11,23,6,327,47,1,-0.5000000000000004,0.8660254037844384,-0.6115298757991053,0.7912213413483807,4600.0,4601.0,4601.0,-199.0,-199.0
Maharashtra,Palghar,APMC Palghar,Cereals,Rice,1009 Kar,Local,4600.0,4600.0,4600.0,Rs./Quintal,2025-11-24,0,4800.0,4900.0,5075.0,6193.0,3320.0,4700.0,4766.666666666667,5168.142857142857,5426.071428571428,4820.6,503.17704921542105,501.56945439532444,721.5689132381784,-200.0,-4.1666666666666625,-475.0,-9.35960591133005,-1593.0,-25.722590020991444,1280.0,38.55421686746987,0.0,0.0,2025,11,24,0,328,48,0,-0.5000000000000004,0.8660254037844384,-0.5978291414589552,0.801623551065242,4700.0,4550.0,4725.0,-50.0,125.0
Maharashtra,Palghar,APMC Palghar,Cereals,Rice,1009 Kar,Local,4700.0,4700.0,4700.0,Rs./Quintal,2025-11-25,0,4600.0,4800.0,4900.0,6100.0,5410.0,4605.0,4700.0,4968.142857142857,5375.357142857143,4823.766666666666,313.5609608839606,537.8982756479709,720.7981535498833,100.0,2.1739130434782705,-200.0,-4.081632653061229,-1400.0,-22.95081967213115,-710.0,-13.123844731977819,0.0,0.0,2025,11,25,1,329,48,0,-0.5000000000000004,0.8660254037844384,-0.5839514998576998,0.8117885474764613,4601.0,4450.0,4850.0,-250.0,150.0
Maharashtra,Palghar,APMC Palghar,Cereals,Rice,1009 Kar,Local,4601.0,4601.0,4601.0,Rs./Quintal,2025-11-26,0,4700.0,4600.0,4800.0,5501.0,5245.0,4305.0,4633.666666666667,4839.571428571428,5329.357142857143,4833.633333333333,232.76086236224543,576.0850107062714,715.4582560093605,-99.0,-2.106382978723409,-199.0,-4.1458333333333375,-900.0,-16.360661697873113,-644.0,-12.27836034318398,0.0,0.0,2025,11,26,2,330,48,0,-0.5000000000000004,0.8660254037844384,-0.5699010576127624,0.821713322596059,4550.0,4575.0,4801.0,-26.0,200.0
Maharashtra,Palghar,APMC Palghar,Cereals,Rice,1009 Kar,Local,4550.0,4550.0,4550.0,Rs./Quintal,2025-11-27,0,4601.0,4700.0,4600.0,5201.0,5345.0,4035.0,4617.0,4746.571428571428,5272.571428571428,4850.8,190.50096862645233,612.4584399445777,701.6809079287578,-51.0,-1.1084546837644038,-50.0,-1.0869565217391353,-651.0,-12.516823687752353,-795.0,-14.873713751169316,0.0,0.0,2025,11,27,3,331,48,0,-0.5000000000000004,0.8660254037844384,-0.5556819724760489,0.8313949395234058,4450.0,4601.0,4601.0,51.0,51.0
Maharashtra,Palghar,APMC Palghar,Cereals,Rice,1009 Kar,Local,4450.0,4450.0,4450.0,Rs./Quintal,2025-11-28,0,4550.0,4601.0,4700.0,5075.0,5650.0,3700.0,4533.666666666667,4657.285714285715,5186.857142857143,4875.8,153.8556837707641,638.970549115816,671.9984811148695,-100.0,-2.197802197802201,-250.0,-5.319148936170215,-625.0,-12.315270935960587,-1200.0,-21.238938053097346,0.0,0.0,2025,11,28,4,332,48,0,-0.5000000000000004,0.8660254037844384,-0.5412984521036173,0.8408305333122887,4575.0,4725.0,4500.0,275.0,50.0
Maharashtra,Palghar,APMC Palghar,Cereals,Rice,1009 Kar,Local,4575.0,4575.0,4575.0,Rs./Quintal,2025-11-29,0,4450.0,4550.0,4601.0,4900.0,5900.0,4080.0,4525.0,4610.857142857143,5092.214285714285,4892.3,111.65486789122849,623.148232590147,657.7100372530817,125.0,2.8089887640449396,-26.0,-0.565094544664202,-325.0,-6.632653061224492,-1325.0,-22.457627118644062,0.0,0.0,2025,11,29,5,333,48,1,-0.5000000000000004,0.8660254037844384,-0.5267547528105542,0.8500173118187018,4601.0,4850.0,4125.0,275.0,-450.0
Maharashtra,Palghar,APMC Palghar,Cereals,Rice,1009 Kar,Local,4601.0,4601.0,4601.0,Rs./Quintal,2025-11-30,0,4575.0,4450.0,4550.0,4800.0,6045.0,4605.0,4542.0,4582.428571428572,4989.071428571428,4892.166666666667,74.68345899606787,570.6023085350236,657.7706907495935,26.0,0.568306010928965,51.0,1.1208791208791258,-199.0,-4.1458333333333375,-1444.0,-23.887510339123242,0.0,0.0,2025,11,30,6,334,48,1,-0.5000000000000004,0.8660254037844384,-0.5120551783114646,0.8589525565270845,4725.0,4801.0,4025.0,200.0,-576.0
Maharashtra,Palghar,APMC Palghar,Cereals,Rice,1009 Kar,Local,4725.0,4725.0,4725.0,Rs./Quintal,2025-12-01,0,4601.0,4575.0,4450.0,4600.0,6193.0,4450.0,4633.666666666667,4600.285714285715,4884.214285714285,4901.333333333333,92.42242564390423,455.64749846470806,653.297172351374,124.0,2.695066289936965,275.0,6.17977528089888,125.0,2.717391304347827,-1468.0,-23.704182141127085,0.0,0.0,2025,12,1,0,335,49,0,-2.4492935982947064e-16,1.0,-0.4972040784469378,0.8676336233547726,4850.0,4601.0,4400.0,-124.0,-325.0
Maharashtra,Palghar,APMC Palghar,Cereals,Rice,1009 Kar,Local,4850.0,4850.0,4850.0,Rs./Quintal,2025-12-02,0,4725.0,4601.0,4575.0,4700.0,6100.0,4275.0,4725.333333333333,4621.714285714285,4794.928571428572,4920.5,129.39051264255406,292.261596278648,642.6357229518097,125.0,2.645502645502651,275.0,6.0109289617486406,150.0,3.1914893617021267,-1250.0,-20.491803278688526,0.0,0.0,2025,12,2,1,336,49,0,-2.4492935982947064e-16,1.0,-0.4822058478963526,0.8760579434344281,4801.0,4500.0,4025.0,-350.0,-825.0
Maharashtra,Palghar,APMC Palghar,Cereals,Rice,1009 Kar,Local,4801.0,4801.0,4801.0,Rs./Quintal,2025-12-03,0,4850.0,4725.0,4601.0,4601.0,5501.0,4125.0,4792.0,4650.285714285715,4744.928571428572,4943.033333333334,145.173131450817,210.66176473409135,625.4010290417174,-49.0,-1.0103092783505185,200.0,4.3468811128015705,200.0,4.3468811128015705,-700.0,-12.724959098345757,0.0,0.0,2025,12,3,2,337,49,0,-2.4492935982947064e-16,1.0,-0.46706492487743034,0.8842230238742036,4601.0,4125.0,4413.0,-676.0,-388.0
Maharashtra,Palghar,APMC Palghar,Cereals,Rice,1009 Kar,Local,4601.0,4601.0,4601.0,Rs./Quintal,2025-12-04,0,4801.0,4850.0,4725.0,4550.0,5201.0,4413.0,4750.666666666667,4657.571428571428,4702.071428571428,4949.3,140.50605816458756,167.3133698670432,620.8320418099676,-200.0,-4.165798791918352,-124.0,-2.624338624338629,51.0,1.1208791208791258,-600.0,-11.5362430301865,0.0,0.0,2025,12,4,3,338,49,0,-2.4492935982947064e-16,1.0,-0.451785789832884,0.8921264484954345,4500.0,4025.0,4575.0,-576.0,-26.0
Maharashtra,Palghar,APMC Palghar,Cereals,Rice,1009 Kar,Local,4500.0,4500.0,4500.0,Rs./Quintal,2025-12-05,0,4601.0,4801.0,4850.0,4450.0,5075.0,4575.0,4634.0,4664.714285714285,4661.0,4946.8,128.99446278259185,136.45512082733293,622.539925322619,-101.0,-2.1951749619647853,-350.0,-7.216494845360821,50.0,1.1235955056179803,-575.0,-11.33004926108374,0.0,0.0,2025,12,5,4,339,49,0,-2.4492935982947064e-16,1.0,-0.4363729641045924,0.8997658785476209,4125.0,4400.0,4080.0,-100.0,-420.0
Maharashtra,Palghar,APMC Palghar,Cereals,Rice,1009 Kar,Local,4125.0,4125.0,4125.0,Rs./Quintal,2025-12-06,0,4500.0,4601.0,4801.0,4575.0,4900.0,4215.0,4408.666666666667,4600.428571428572,4605.642857142857,4943.8,242.95120027339627,181.7295569469469,626.3929800989501,-375.0,-8.333333333333337,-676.0,-14.080399916684028,-450.0,-9.836065573770492,-775.0,-15.816326530612246,0.0,0.0,2025,12,6,5,340,49,1,-2.4492935982947064e-16,1.0,-0.42083100859565564,0.9071390534005044,4025.0,4025.0,4305.0,-100.0,180.0
Maharashtra,Palghar,APMC Palghar,Cereals,Rice,1009 Kar,Local,4025.0,4025.0,4025.0,Rs./Quintal,2025-12-07,0,4125.0,4500.0,4601.0,4601.0,4800.0,4500.0,4216.666666666667,4518.142857142857,4550.285714285715,4927.966666666666,326.05542911772125,229.6825329320179,643.7602618309443,-100.0,-2.4242424242424288,-576.0,-12.519017604868509,-576.0,-12.519017604868509,-775.0,-16.145833333333336,0.0,0.0,2025,12,7,6,341,49,1,-2.4492935982947064e-16,1.0,-0.4051645224207563,0.9142437912130223,4400.0,4413.0,4500.0,388.0,475.0
Maharashtra,Palghar,APMC Palghar,Cereals,Rice,1009 Kar,Local,4400.0,4400.0,4400.0,Rs./Quintal,2025-12-08,0,4025.0,4125.0,4500.0,4725.0,4600.0,4850.0,4183.333333333333,4471.714285714285,4536.0,4912.966666666666,314.6297900102649,232.55437742932293,650.8432452480856,375.0,9.316770186335411,-100.0,-2.2222222222222254,-325.0,-6.8783068783068835,-200.0,-4.347826086956519,0.0,0.0,2025,12,8,0,342,50,0,-2.4492935982947064e-16,1.0,-0.3893781415452015,0.9210779895789526,4025.0,4575.0,4605.0,175.0,205.0
Maharashtra,Palghar,APMC Palghar,Cereals,Rice,1009 Kar,Local,4025.0,4025.0,4025.0,Rs./Quintal,2025-12-09,0,4400.0,4025.0,4125.0,4850.0,4700.0,4600.0,4150.0,4353.857142857143,4487.785714285715,4893.8,303.63707973578454,263.809423804218,668.6019072249419,-375.0,-8.52272727272727,-100.0,-2.4242424242424288,-825.0,-17.010309278350512,-675.0,-14.36170212765957,0.0,0.0,2025,12,9,1,343,50,0,-2.4492935982947064e-16,1.0,-0.37347653741307074,0.9276396261490467,4413.0,4080.0,4825.0,55.0,800.0
Maharashtra,Palghar,APMC Palghar,Cereals,Rice,1009 Kar,Local,4413.0,4413.0,4413.0,Rs./Quintal,2025-12-10,0,4025.0,4400.0,4025.0,4801.0,4601.0,3320.0,4279.333333333333,4298.428571428572,4474.357142857143,4930.233333333334,236.37107630648225,262.3842183172979,606.8098425845394,388.0,9.63975155279504,388.0,9.63975155279504,-388.0,-8.081649656321598,-188.0,-4.08606824603347,0.0,0.0,2025,12,10,2,344,50,0,-2.4492935982947064e-16,1.0,-0.3574644155648614,0.9339267592294762,4575.0,4305.0,4901.0,-108.0,488.0
Maharashtra,Palghar,APMC Palghar,Cereals,Rice,1009 Kar,Local,4575.0,4575.0,4575.0,Rs./Quintal,2025-12-11,0,4413.0,4025.0,4400.0,4601.0,4550.0,5410.0,4337.666666666667,4294.714285714285,4476.142857142857,4902.4,230.96660240946224,263.02291714802413,603.1841143979765,162.0,3.6709721278042062,175.0,3.9772727272727293,-26.0,-0.565094544664202,25.0,0.5494505494505475,0.0,0.0,2025,12,11,3,345,50,0,-2.4492935982947064e-16,1.0,-0.34134651424503615,0.9399375283564133,4080.0,4500.0,5250.0,-75.0,675.0
Maharashtra,Palghar,APMC Palghar,Cereals,Rice,1009 Kar,Local,4080.0,4080.0,4080.0,Rs./Quintal,2025-12-14,0,4575.0,4413.0,4025.0,4500.0,4450.0,5245.0,4356.0,4234.714285714285,4449.714285714285,4863.566666666667,223.17161877929436,283.63314023886505,617.6939138961708,-495.0,-10.81967213114754,55.0,1.3664596273291973,-420.0,-9.333333333333337,-370.0,-8.314606741573039,0.0,0.0,2025,12,14,6,348,50,1,-2.4492935982947064e-16,1.0,-0.29240597695107734,0.9562942772197719,4305.0,4605.0,4900.0,525.0,820.0
Maharashtra,Palghar,APMC Palghar,Cereals,Rice,1009 Kar,Local,4305.0,4305.0,4305.0,Rs./Quintal,2025-12-15,0,4080.0,4575.0,4413.0,4125.0,4575.0,5345.0,4320.0,4260.428571428572,4430.428571428572,4828.9,218.74936734602213,283.6383705966574,618.9254509172375,225.0,5.514705882352944,-108.0,-2.4473147518694782,180.0,4.3636363636363695,-270.0,-5.9016393442623,0.0,0.0,2025,12,15,0,349,51,0,-2.4492935982947064e-16,1.0,-0.27591294500296043,0.9611826292540837,4500.0,4825.0,4950.0,520.0,645.0
Maharashtra,Palghar,APMC Palghar,Cereals,Rice,1009 Kar,Local,4500.0,4500.0,4500.0,Rs./Quintal,2025-12-16,0,4305.0,4080.0,4575.0,4025.0,4601.0,5650.0,4295.0,4328.285714285715,4423.214285714285,4790.566666666667,206.8991012431836,280.2301742308491,601.6895569880768,195.0,4.529616724738683,-75.0,-1.6393442622950838,475.0,11.801242236024834,-101.0,-2.1951749619647853,0.0,0.0,2025,12,16,1,350,51,0,-2.4492935982947064e-16,1.0,-0.2593382659754056,0.9657865518844574,4605.0,4901.0,4801.0,401.0,301.0
Maharashtra,Palghar,APMC Palghar,Cereals,Rice,1009 Kar,Local,4605.0,4605.0,4605.0,Rs./Quintal,2025-12-17,0,4500.0,4305.0,4080.0,4400.0,4725.0,5900.0,4470.0,4357.571428571428,4414.642857142857,4747.4,231.7569539717949,272.0038481466667,564.6656380183083,105.0,2.333333333333343,525.0,12.867647058823529,205.0,4.659090909090913,-120.0,-2.5396825396825418,0.0,0.0,2025,12,17,2,351,51,0,-2.4492935982947064e-16,1.0,-0.2426868445825954,0.9701046827361175,4825.0,5250.0,5250.0,645.0,645.0
Maharashtra,Palghar,APMC Palghar,Cereals,Rice,1009 Kar,Local,4825.0,4825.0,4825.0,Rs./Quintal,2025-12-18,0,4605.0,4500.0,4305.0,4025.0,4850.0,6045.0,4643.333333333333,4471.857142857143,4412.857142857143,4706.733333333334,237.60080567443663,268.9912372444263,509.1986221324756,220.0,4.777415852334421,520.0,12.078977932636459,800.0,19.875776397515523,-25.0,-0.5154639175257714,0.0,0.0,2025,12,18,3,352,51,0,-2.4492935982947064e-16,1.0,-0.22596360824801906,0.974135744004672,4901.0,4900.0,4825.0,75.0,0.0
Maharashtra,Palghar,APMC Palghar,Cereals,Rice,1009 Kar,Local,4901.0,4901.0,4901.0,Rs./Quintal,2025-12-19,0,4825.0,4605.0,4500.0,4413.0,4801.0,6193.0,4777.0,4541.571428571428,4420.0,4663.666666666667,284.43034129223525,281.14409117034904,427.1930302070409,76.0,1.575129533678754,401.0,8.911111111111115,488.0,11.058237026965777,100.0,2.0828993959591813,0.0,0.0,2025,12,19,4,353,51,0,-2.4492935982947064e-16,1.0,-0.20917350564635637,0.9778785428342386,5250.0,4950.0,4875.0,49.0,-26.0
Maharashtra,Palghar,APMC Palghar,Cereals,Rice,1009 Kar,Local,5250.0,5250.0,5250.0,Rs./Quintal,2025-12-20,0,4901.0,4825.0,4605.0,4575.0,4601.0,6100.0,4992.0,4638.0,4466.357142857143,4635.333333333333,391.80522371879056,356.651005270476,349.8261965835241,349.0,7.120995715160161,645.0,14.006514657980462,675.0,14.754098360655732,649.0,14.105629211041082,0.0,0.0,2025,12,20,5,354,51,1,-2.4492935982947064e-16,1.0,-0.19232150523909483,0.9813319716704275,4900.0,4801.0,4600.0,-449.0,-650.0
Maharashtra,Palghar,APMC Palghar,Cereals,Rice,1009 Kar,Local,4900.0,4900.0,4900.0,Rs./Quintal,2025-12-22,0,5250.0,4901.0,4825.0,4080.0,4500.0,5501.0,5017.0,4755.142857142857,4494.928571428572,4615.3,311.52604416079595,375.098441291539,313.9076462031947,-350.0,-6.666666666666665,75.0,1.5544041450777257,820.0,20.09803921568627,400.0,8.888888888888879,0.0,0.0,2025,12,22,0,356,52,0,-2.4492935982947064e-16,1.0,-0.15845177496083632,0.9873667175937016,4950.0,5250.0,4575.0,350.0,-325.0
Maharashtra,Palghar,APMC Palghar,Cereals,Rice,1009 Kar,Local,4950.0,4950.0,4950.0,Rs./Quintal,2025-12-23,0,4900.0,5250.0,4901.0,4305.0,4125.0,5201.0,5033.333333333333,4847.285714285715,4553.857142857143,4606.933333333333,244.3356395655422,377.30947451719385,300.8311398652842,50.0,1.0204081632652962,49.0,0.9997959600081652,645.0,14.982578397212553,825.0,19.999999999999996,0.0,0.0,2025,12,23,1,357,52,0,-2.4492935982947064e-16,1.0,-0.14144406768794202,0.9899462489023779,4801.0,4825.0,4350.0,-125.0,-600.0
Maharashtra,Palghar,APMC Palghar,Cereals,Rice,1009 Kar,Local,4801.0,4801.0,4801.0,Rs./Quintal,2025-12-24,0,4950.0,4900.0,5250.0,4500.0,4025.0,5075.0,4883.666666666667,4890.285714285715,4609.285714285715,4597.8,194.4185470282326,349.624948188206,290.09836619493046,-149.0,-3.0101010101010073,-449.0,-8.552380952380956,301.0,6.6888888888889,776.0,19.279503105590056,0.0,0.0,2025,12,24,2,358,52,0,-2.4492935982947064e-16,1.0,-0.12439450483979998,0.9922328391893008,5250.0,4875.0,4400.0,74.0,-401.0
Maharashtra,Palghar,APMC Palghar,Cereals,Rice,1009 Kar,Local,5250.0,5250.0,5250.0,Rs./Quintal,2025-12-25,0,4801.0,4950.0,4900.0,4605.0,4400.0,4900.0,5000.333333333333,4982.428571428572,4670.0,4609.466666666666,189.45787319159663,382.72263505653365,309.08716919490854,449.0,9.352218287856706,350.0,7.14285714285714,645.0,14.006514657980462,850.0,19.318181818181813,0.0,0.0,2025,12,25,3,359,52,0,-2.4492935982947064e-16,1.0,-0.10730813165636247,0.9942258118156161,4825.0,4600.0,4700.0,-650.0,-550.0
Maharashtra,Palghar,APMC Palghar,Cereals,Rice,1009 Kar,Local,4825.0,4825.0,4825.0,Rs./Quintal,2025-12-26,0,5250.0,4801.0,4950.0,4825.0,4025.0,4800.0,4958.666666666667,4982.428571428572,4727.142857142857,4610.3,189.45787319159663,335.86647006554085,309.65176770265947,-425.0,-8.0952380952381,-125.0,-2.5252525252525304,0.0,0.0,800.0,19.875776397515523,0.0,0.0,2025,12,26,4,360,52,0,-2.4492935982947064e-16,1.0,-0.09019000427034513,0.9959245770286599,4875.0,4575.0,4500.0,-250.0,-325.0
Maharashtra,Palghar,APMC Palghar,Cereals,Rice,1009 Kar,Local,4875.0,4875.0,4875.0,Rs./Quintal,2025-12-28,0,4825.0,5250.0,4801.0,4901.0,4413.0,4600.0,4983.333333333333,4978.714285714285,4760.142857142857,4619.466666666666,191.56349189907982,325.1522382238497,313.38427807905254,50.0,1.0362694300518172,74.0,1.5413455530097986,-26.0,-0.5305039787798393,462.0,10.469068660774994,0.0,0.0,2025,12,28,6,362,52,1,-2.4492935982947064e-16,1.0,-0.05587875690537313,0.9984375616565666,4600.0,4350.0,4350.0,-525.0,-525.0
Maharashtra,Palghar,APMC Palghar,Cereals,Rice,1009 Kar,Local,4600.0,4600.0,4600.0,Rs./Quintal,2025-12-29,0,4875.0,4825.0,5250.0,5250.0,4575.0,4700.0,4766.666666666667,4885.857142857143,4761.928571428572,4616.133333333333,195.64034056691997,324.12425544385604,313.02976980091154,-275.0,-5.641025641025643,-650.0,-12.380952380952381,-650.0,-12.380952380952381,25.0,0.5464480874316946,0.0,0.0,2025,12,29,0,363,1,0,-2.4492935982947064e-16,1.0,-0.03869579017652689,0.9992510374388481,4575.0,4400.0,4551.0,-200.0,-49.0
Maharashtra,Palghar,APMC Palghar,Cereals,Rice,1009 Kar,Local,4575.0,4575.0,4575.0,Rs./Quintal,2025-12-30,0,4600.0,4875.0,4825.0,4900.0,4080.0,4601.0,4683.333333333333,4839.428571428572,4797.285714285715,4615.266666666666,227.66705012865492,265.7570980516535,313.1090955994874,-25.0,-0.5434782608695676,-250.0,-5.181347150259064,-325.0,-6.632653061224492,495.0,12.132352941176471,0.0,0.0,2025,12,30,1,364,1,0,-2.4492935982947064e-16,1.0,-0.021501372740813793,0.999768818762748,4350.0,4700.0,4600.0,125.0,25.0
Maharashtra,Palghar,APMC Palghar,Cereals,Rice,1009 Kar,Local,4350.0,4350.0,4350.0,Rs./Quintal,2025-12-31,0,4575.0,4600.0,4875.0,4950.0,4305.0,4550.0,4508.333333333333,4753.714285714285,4800.5,4608.6,284.8623727847704,259.5444974447487,316.6557578278338,-225.0,-4.918032786885251,-525.0,-10.769230769230765,-600.0,-12.121212121212121,45.0,1.0452961672473782,0.0,0.0,2025,12,31,2,365,1,0,-2.4492935982947064e-16,1.0,-0.004300592702981974,0.9999907524084426,4400.0,4500.0,4413.0,150.0,63.0
Maharashtra,Palghar,APMC Palghar,Cereals,Rice,1009 Kar,Local,4400.0,4400.0,4400.0,Rs./Quintal,2026-01-01,0,4350.0,4575.0,4600.0,4801.0,4500.0,4450.0,4441.666666666667,4696.428571428572,4793.357142857143,4606.933333333333,312.7261086759743,269.63068963159554,317.64933314990157,50.0,1.1494252873563315,-200.0,-4.347826086956519,-401.0,-8.35242657779629,-100.0,-2.2222222222222254,0.0,0.0,2026,1,1,3,1,1,0,0.49999999999999994,0.8660254037844387,0.017201575418260506,0.9998520419557735,4700.0,4350.0,4025.0,-50.0,-375.0
Maharashtra,Palghar,APMC Palghar,Cereals,Rice,1009 Kar,Local,4700.0,4700.0,4700.0,Rs./Quintal,2026-01-02,0,4400.0,4350.0,4575.0,5250.0,4605.0,4575.0,4483.333333333333,4617.857142857143,4800.142857142857,4611.1,198.80595947759699,265.6923776860009,318.03560308177555,300.0,6.818181818181812,125.0,2.732240437158473,-550.0,-10.476190476190473,95.0,2.062975027144409,0.0,0.0,2026,1,2,4,2,1,0,0.49999999999999994,0.8660254037844387,0.03439806061360801,0.9994082116062598,4500.0,4551.0,4035.0,-149.0,-665.0
Maharashtra,Palghar,APMC Palghar,Cereals,Rice,1009 Kar,Local,4500.0,4500.0,4500.0,Rs./Quintal,2026-01-03,0,4700.0,4400.0,4350.0,4825.0,4825.0,4601.0,4533.333333333333,4571.428571428572,4776.928571428572,4607.733333333334,179.3672741823814,277.2980801857926,318.68013726158074,-200.0,-4.255319148936165,150.0,3.4482758620689724,-325.0,-6.735751295336789,-325.0,-6.735751295336789,0.0,0.0,2026,1,3,5,3,1,1,0.49999999999999994,0.8660254037844387,0.051584366869408364,0.9986686402879997,4350.0,4600.0,4305.0,100.0,-195.0
Maharashtra,Palghar,APMC Palghar,Cereals,Rice,1009 Kar,Local,4350.0,4350.0,4350.0,Rs./Quintal,2026-01-04,0,4500.0,4700.0,4400.0,4875.0,4901.0,4725.0,4516.666666666667,4496.428571428572,4737.571428571428,4595.233333333334,135.7299489708067,296.7533848645579,321.2658887345033,-150.0,-3.3333333333333326,-50.0,-1.1363636363636354,-525.0,-10.769230769230765,-551.0,-11.24260355029586,0.0,0.0,2026,1,4,6,4,1,1,0.49999999999999994,0.8660254037844387,0.06875540848113941,0.9976335468520451,4551.0,4413.0,4450.0,63.0,100.0
Maharashtra,Palghar,APMC Palghar,Cereals,Rice,1009 Kar,Local,4551.0,4551.0,4551.0,Rs./Quintal,2026-01-05,0,4350.0,4500.0,4700.0,4600.0,5250.0,4850.0,4467.0,4489.428571428572,4687.642857142857,4585.266666666666,130.66733478934643,260.4934982631306,317.7079480118296,201.0,4.620689655172416,-149.0,-3.1702127659574475,-49.0,-1.0652173913043517,-699.0,-13.314285714285711,0.0,0.0,2026,1,5,0,5,2,0,0.49999999999999994,0.8660254037844387,0.08590610426133272,0.9963032375991965,4600.0,4025.0,4500.0,-526.0,-51.0
Maharashtra,Palghar,APMC Palghar,Cereals,Rice,1009 Kar,Local,4600.0,4600.0,4600.0,Rs./Quintal,2026-01-06,0,4551.0,4350.0,4500.0,4575.0,4900.0,4801.0,4500.333333333333,4493.0,4666.214285714285,4578.566666666667,133.70240586216872,253.93765999716572,315.11034556970645,49.0,1.076686442540109,100.0,2.2222222222222143,25.0,0.5464480874316946,-300.0,-6.122448979591832,0.0,0.0,2026,1,6,1,6,2,0,0.49999999999999994,0.8660254037844387,0.10303137904317879,0.9946781061893646,4413.0,4035.0,4700.0,-565.0,100.0
Maharashtra,Palghar,APMC Palghar,Cereals,Rice,1009 Kar,Local,4413.0,4413.0,4413.0,Rs./Quintal,2026-01-07,0,4600.0,4551.0,4350.0,4350.0,4950.0,4601.0,4521.333333333333,4502.0,4627.857142857143,4572.3,124.25913782628655,248.2681110111727,316.5150919755299,-187.0,-4.065217391304343,63.0,1.4482758620689706,63.0,1.4482758620689706,-537.0,-10.848484848484851,0.0,0.0,2026,1,7,2,7,2,0,0.49999999999999994,0.8660254037844387,0.1201261651823505,0.9927586335250793,4025.0,4305.0,4950.0,-108.0,537.0
Maharashtra,Palghar,APMC Palghar,Cereals,Rice,1009 Kar,Local,4025.0,4025.0,4025.0,Rs./Quintal,2026-01-08,0,4413.0,4600.0,4551.0,4400.0,4801.0,4500.0,4346.0,4448.428571428572,4572.428571428572,4556.466666666666,219.72623659367105,289.7913610980045,331.76962648421187,-388.0,-8.79220484930886,-526.0,-11.557899362777412,-375.0,-8.52272727272727,-776.0,-16.163299312643197,0.0,0.0,2026,1,8,3,8,2,0,0.49999999999999994,0.8660254037844387,0.13718540405660057,0.9905453876091833,4035.0,4450.0,5410.0,425.0,1385.0
Maharashtra,Palghar,APMC Palghar,Cereals,Rice,1009 Kar,Local,4035.0,4035.0,4035.0,Rs./Quintal,2026-01-09,0,4025.0,4413.0,4600.0,4700.0,5250.0,4125.0,4157.666666666667,4353.428571428572,4485.642857142857,4553.466666666666,235.98648064585842,250.53929743742918,336.18321496319635,10.0,0.248447204968949,-565.0,-12.282608695652176,-665.0,-14.148936170212767,-1215.0,-23.142857142857142,0.0,0.0,2026,1,9,4,9,2,0,0.49999999999999994,0.8660254037844387,0.1542040475626894,0.988039023376751,4305.0,4500.0,5320.0,465.0,1285.0
Maharashtra,Palghar,APMC Palghar,Cereals,Rice,1009 Kar,Local,4305.0,4305.0,4305.0,Rs./Quintal,2026-01-11,0,4035.0,4025.0,4413.0,4500.0,4825.0,4025.0,4121.666666666667,4325.571428571428,4448.5,4562.8,227.14448936220788,234.3835613820962,324.6961869087866,270.0,6.691449814126393,-108.0,-2.4473147518694782,-195.0,-4.333333333333334,-520.0,-10.777202072538861,0.0,0.0,2026,1,11,6,11,2,1,0.49999999999999994,0.8660254037844387,0.18809941761179758,0.9821499931752291,4450.0,4700.0,5245.0,395.0,940.0
Maharashtra,Palghar,APMC Palghar,Cereals,Rice,1009 Kar,Local,4450.0,4450.0,4450.0,Rs./Quintal,2026-01-12,0,4305.0,4035.0,4025.0,4350.0,4875.0,4400.0,4263.333333333333,4339.857142857143,4418.142857142857,4564.466666666666,232.02904169623955,199.8772150568995,323.95920702473364,145.0,3.3681765389082408,425.0,10.559006211180133,100.0,2.298850574712641,-425.0,-8.71794871794872,0.0,0.0,2026,1,12,0,12,3,0,0.49999999999999994,0.8660254037844387,0.20496611396949532,0.9787690698649216,4500.0,4950.0,4950.0,500.0,500.0
Maharashtra,Palghar,APMC Palghar,Cereals,Rice,1009 Kar,Local,4500.0,4500.0,4500.0,Rs./Quintal,2026-01-13,0,4450.0,4305.0,4035.0,4551.0,4600.0,4025.0,4418.333333333333,4332.571428571428,4411.0,4580.3,224.98804201027698,194.5954383211116,307.8931912877933,50.0,1.1235955056179803,465.0,11.524163568773238,-51.0,-1.1206328279498967,-100.0,-2.1739130434782594,0.0,0.0,2026,1,13,1,13,3,0,0.49999999999999994,0.8660254037844387,0.22177215755648186,0.975098513039961,4700.0,5410.0,4500.0,910.0,0.0
Maharashtra,Palghar,APMC Palghar,Cereals,Rice,1009 Kar,Local,4700.0,4700.0,4700.0,Rs./Quintal,2026-01-14,0,4500.0,4450.0,4305.0,4600.0,4575.0,4413.0,4550.0,4346.857142857143,4419.928571428572,4589.866666666667,246.90580428672644,205.27372505462833,306.97306782162264,200.0,4.444444444444451,395.0,9.175377468060386,100.0,2.1739130434782705,125.0,2.732240437158473,0.0,0.0,2026,1,14,2,14,3,0,0.49999999999999994,0.8660254037844387,0.23851257519407648,0.9711394088771653,4950.0,5320.0,4125.0,620.0,-575.0
Maharashtra,Palghar,APMC Palghar,Cereals,Rice,1009 Kar,Local,4950.0,4950.0,4950.0,Rs./Quintal,2026-01-15,0,4700.0,4500.0,4450.0,4413.0,4350.0,4575.0,4716.666666666667,4423.571428571428,4462.785714285715,4602.366666666667,337.6353344180935,247.7834596117018,313.9036183435895,250.0,5.319148936170204,500.0,11.23595505617978,537.0,12.168592794017673,600.0,13.793103448275868,0.0,0.0,2026,1,15,3,15,3,0,0.49999999999999994,0.8660254037844387,0.2551824131233728,0.9668929289391521,5410.0,5245.0,4215.0,295.0,-735.0
Maharashtra,Palghar,APMC Palghar,Cereals,Rice,1009 Kar,Local,5410.0,5410.0,5410.0,Rs./Quintal,2026-01-16,0,4950.0,4700.0,4500.0,4025.0,4400.0,4080.0,5020.0,4621.428571428572,4534.928571428572,4646.7,451.6886306379839,352.85265268309325,331.03652783133083,460.0,9.292929292929287,910.0,20.22222222222223,1385.0,34.40993788819875,1010.0,22.95454545454545,0.0,0.0,2026,1,16,4,16,3,0,0.49999999999999994,0.8660254037844387,0.2717767384711357,0.9623603298276545,5320.0,4950.0,4350.0,-460.0,-1060.0
Maharashtra,Palghar,APMC Palghar,Cereals,Rice,1009 Kar,Local,5320.0,5320.0,5320.0,Rs./Quintal,2026-01-17,0,5410.0,4950.0,4700.0,4035.0,4700.0,4305.0,5226.666666666667,4805.0,4579.214285714285,4680.533333333334,434.4249072049129,409.52095439417167,346.4202882222071,-90.0,-1.6635859519408491,620.0,13.191489361702136,1285.0,31.8463444857497,620.0,13.191489361702136,0.0,0.0,2026,1,17,5,17,3,1,0.49999999999999994,0.8660254037844387,0.2882906407095177,0.9575429528116719,5245.0,4500.0,4450.0,-820.0,-870.0
Maharashtra,Palghar,APMC Palghar,Cereals,Rice,1009 Kar,Local,5245.0,5245.0,5245.0,Rs./Quintal,2026-01-18,0,5320.0,5410.0,4950.0,4305.0,4500.0,4500.0,5325.0,4939.285714285715,4632.428571428572,4705.366666666667,397.85286823385013,445.2784287621402,359.48876375259766,-75.0,-1.4097744360902276,295.0,5.959595959595965,940.0,21.835075493612077,745.0,16.555555555555546,0.0,0.0,2026,1,18,6,18,3,1,0.49999999999999994,0.8660254037844387,0.3047192331091634,0.9524422234305676,4950.0,4125.0,4600.0,-1120.0,-645.0
Maharashtra,Palghar,APMC Palghar,Cereals,Rice,1009 Kar,Local,4950.0,4950.0,4950.0,Rs./Quintal,2026-01-19,0,5245.0,5320.0,5410.0,4450.0,4350.0,4605.0,5171.666666666667,5010.714285714285,4675.285714285715,4716.866666666667,335.34097785473165,444.8784498768585,361.6789139300388,-295.0,-5.624404194470922,-460.0,-8.50277264325323,500.0,11.23595505617978,600.0,13.793103448275868,0.0,0.0,2026,1,19,0,19,4,0,0.49999999999999994,0.8660254037844387,0.321057654185271,0.9470596510722283,4500.0,4215.0,4550.0,-735.0,-400.0
Maharashtra,Palghar,APMC Palghar,Cereals,Rice,1009 Kar,Local,4500.0,4500.0,4500.0,Rs./Quintal,2026-01-20,0,4950.0,5245.0,5320.0,4500.0,4551.0,4825.0,4898.333333333333,5010.714285714285,4671.642857142857,4706.033333333334,335.34097785473165,446.181337254582,363.1924998592704,-450.0,-9.090909090909093,-820.0,-15.413533834586469,0.0,0.0,-51.0,-1.1206328279498967,0.0,0.0,2026,1,20,1,20,4,0,0.49999999999999994,0.8660254037844387,0.3373010691361842,0.9413968285264122,4125.0,4350.0,4850.0,-150.0,350.0
Maharashtra,Palghar,APMC Palghar,Cereals,Rice,1009 Kar,Local,4125.0,4125.0,4125.0,Rs./Quintal,2026-01-21,0,4500.0,4950.0,5245.0,4700.0,4600.0,4901.0,4525.0,4928.571428571428,4637.714285714285,4680.166666666667,468.22994961266886,469.4989847734476,376.2276533250046,-375.0,-8.333333333333337,-1120.0,-21.353670162059103,-575.0,-12.234042553191493,-475.0,-10.32608695652174,0.0,0.0,2026,1,21,2,21,4,0,0.49999999999999994,0.8660254037844387,0.3534446712740877,0.9354554315134164,4215.0,4450.0,4900.0,325.0,775.0
Maharashtra,Palghar,APMC Palghar,Cereals,Rice,1009 Kar,Local,4215.0,4215.0,4215.0,Rs./Quintal,2026-01-22,0,4125.0,4500.0,4950.0,4950.0,4413.0,5250.0,4280.0,4823.571428571428,4623.571428571428,4645.666666666667,539.5964100272379,479.6610524888659,369.56790550805704,90.0,2.1818181818181737,-735.0,-14.848484848484844,-735.0,-14.848484848484844,-198.0,-4.48674371176071,0.0,0.0,2026,1,22,3,22,4,0,0.49999999999999994,0.8660254037844387,0.3694836834473831,0.9292372181882051,4350.0,4600.0,5075.0,385.0,860.0
Maharashtra,Palghar,APMC Palghar,Cereals,Rice,1009 Kar,Local,4350.0,4350.0,4350.0,Rs./Quintal,2026-01-23,0,4215.0,4125.0,4500.0,5410.0,4025.0,4900.0,4230.0,4672.142857142857,4646.785714285715,4627.333333333333,494.44292847992864,455.73105742674375,370.1575930305413,135.0,3.2028469750889688,-150.0,-3.3333333333333326,-1060.0,-19.59334565619224,325.0,8.074534161490687,0.0,0.0,2026,1,23,4,23,4,0,0.49999999999999994,0.8660254037844387,0.38541335945432564,0.9227440286201427,4450.0,4550.0,4700.0,200.0,350.0
Maharashtra,Palghar,APMC Palghar,Cereals,Rice,1009 Kar,Local,4450.0,4450.0,4450.0,Rs./Quintal,2026-01-24,0,4350.0,4215.0,4125.0,5320.0,4035.0,4950.0,4338.333333333333,4547.857142857143,4676.428571428572,4610.666666666667,405.86181087139573,425.3615139883002,366.3653098068756,100.0,2.298850574712641,325.0,7.878787878787885,-870.0,-16.35338345864662,415.0,10.285006195786872,0.0,0.0,2026,1,24,5,24,4,1,0.49999999999999994,0.8660254037844387,0.4012289854475009,0.9159777842484877,4600.0,4850.0,4600.0,400.0,150.0
Maharashtra,Palghar,APMC Palghar,Cereals,Rice,1009 Kar,Local,4600.0,4600.0,4600.0,Rs./Quintal,2026-01-25,0,4450.0,4350.0,4215.0,5245.0,4305.0,4801.0,4466.666666666667,4455.714285714285,4697.5,4603.966666666666,272.52566502118253,412.6637204236004,364.59817119232025,150.0,3.370786516853941,385.0,9.13404507710558,-645.0,-12.297426120114396,295.0,6.852497096399546,0.0,0.0,2026,1,25,6,25,4,1,0.49999999999999994,0.8660254037844387,0.4169258813287287,0.908940487313808,4550.0,4900.0,4851.0,300.0,251.0
Maharashtra,Palghar,APMC Palghar,Cereals,Rice,1009 Kar,Local,4550.0,4550.0,4550.0,Rs./Quintal,2026-01-26,0,4600.0,4450.0,4350.0,4950.0,4450.0,5250.0,4533.333333333333,4398.571428571428,4704.642857142857,4580.633333333333,176.69923329663615,408.8984465126284,343.62384038096616,-50.0,-1.0869565217391353,200.0,4.597701149425282,-400.0,-8.080808080808078,100.0,2.2471910112359605,0.0,0.0,2026,1,26,0,26,5,0,0.49999999999999994,0.8660254037844387,0.4324994021339788,0.901634220265486,4850.0,5075.0,4550.0,525.0,0.0
Maharashtra,Palghar,APMC Palghar,Cereals,Rice,1009 Kar,Local,4850.0,4850.0,4850.0,Rs./Quintal,2026-01-27,0,4550.0,4600.0,4450.0,4500.0,4500.0,4825.0,4666.666666666667,4448.571428571428,4729.642857142857,4581.466666666666,246.08119062811804,406.11415733905415,344.26661013025574,300.0,6.593406593406592,400.0,8.98876404494382,350.0,7.777777777777772,350.0,7.777777777777772,0.0,0.0,2026,1,27,1,27,5,0,0.49999999999999994,0.8660254037844387,0.44794493940789115,0.8940611451454876,4900.0,4700.0,4215.0,-150.0,-635.0
Maharashtra,Palghar,APMC Palghar,Cereals,Rice,1009 Kar,Local,4900.0,4900.0,4900.0,Rs./Quintal,2026-01-28,0,4850.0,4550.0,4600.0,4125.0,4700.0,4875.0,4766.666666666667,4559.285714285715,4743.928571428572,4582.3,250.53989322109462,408.50185279416417,345.0310480781894,50.0,1.0309278350515427,300.0,6.521739130434789,775.0,18.787878787878796,200.0,4.255319148936176,0.0,0.0,2026,1,28,2,28,5,0,0.49999999999999994,0.8660254037844387,0.4632579225674917,0.88622350294858,5075.0,4600.0,4075.0,-300.0,-825.0
Maharashtra,Palghar,APMC Palghar,Cereals,Rice,1009 Kar,Local,5075.0,5075.0,5075.0,Rs./Quintal,2026-01-29,0,4900.0,4850.0,4550.0,4215.0,4950.0,4600.0,4941.666666666667,4682.142857142857,4752.857142857143,4598.133333333333,264.0684435087653,414.67185490788796,356.576899220174,175.0,3.571428571428581,525.0,11.538461538461542,860.0,20.40332147093713,125.0,2.5252525252525304,0.0,0.0,2026,1,29,3,29,5,0,0.49999999999999994,0.8660254037844387,0.4784338202547012,0.8781236129591848,4700.0,4851.0,4035.0,-224.0,-1040.0
Maharashtra,Palghar,APMC Palghar,Cereals,Rice,1009 Kar,Local,4700.0,4700.0,4700.0,Rs./Quintal,2026-01-30,0,5075.0,4900.0,4850.0,4350.0,5410.0,4575.0,4891.666666666667,4732.142857142857,4702.142857142857,4602.3,220.18660916854571,369.0252976825188,357.02730022149734,-375.0,-7.389162561576357,-150.0,-3.0927835051546393,350.0,8.045977011494255,-710.0,-13.123844731977819,0.0,0.0,2026,1,30,4,30,5,0,0.49999999999999994,0.8660254037844387,0.49346814167723735,0.8697638720650646,4600.0,4550.0,3905.0,-150.0,-795.0
Maharashtra,Palghar,APMC Palghar,Cereals,Rice,1009 Kar,Local,4600.0,4600.0,4600.0,Rs./Quintal,2026-01-31,0,4700.0,5075.0,4900.0,4450.0,5320.0,4350.0,4791.666666666667,4753.571428571428,4650.714285714285,4610.633333333333,193.8795649734255,323.6799056455043,353.83870115744065,-100.0,-2.127659574468088,-300.0,-6.122448979591832,150.0,3.370786516853941,-720.0,-13.533834586466165,0.0,0.0,2026,1,31,5,31,5,1,0.49999999999999994,0.8660254037844387,0.5083564379375122,0.8611467540480452,4851.0,4215.0,4295.0,-385.0,-305.0
Maharashtra,Palghar,APMC Palghar,Cereals,Rice,1009 Kar,Local,4851.0,4851.0,4851.0,Rs./Quintal,2026-02-01,0,4600.0,4700.0,5075.0,4600.0,5245.0,4400.0,4717.0,4789.428571428572,4622.571428571428,4625.666666666667,183.6861972158441,282.5493052373535,354.16159698873656,251.0,5.456521739130427,-224.0,-4.413793103448271,251.0,5.456521739130427,-394.0,-7.511916110581507,0.0,0.0,2026,2,1,6,32,5,1,0.8660254037844386,0.5000000000000001,0.5230943033491326,0.8522748088519838,4550.0,4075.0,4400.0,-776.0,-451.0
Maharashtra,Palghar,APMC Palghar,Cereals,Rice,1009 Kar,Local,4550.0,4550.0,4550.0,Rs./Quintal,2026-02-02,0,4851.0,4600.0,4700.0,4550.0,4950.0,4700.0,4667.0,4789.428571428572,4594.0,4620.666666666667,183.6861972158441,266.6706409960273,354.1348207453919,-301.0,-6.204906204906202,-150.0,-3.1914893617021267,0.0,0.0,-400.0,-8.080808080808078,0.0,0.0,2026,2,2,0,33,6,0,0.8660254037844386,0.5000000000000001,0.5376773767406141,0.8431506618282,4215.0,4035.0,4080.0,-515.0,-470.0
Maharashtra,Palghar,APMC Palghar,Cereals,Rice,1009 Kar,Local,4215.0,4215.0,4215.0,Rs./Quintal,2026-02-03,0,4550.0,4851.0,4600.0,4850.0,4500.0,4500.0,4538.666666666667,4698.714285714285,4573.642857142857,4611.166666666667,280.2199816130843,284.669202663471,361.23495872119275,-335.0,-7.362637362637359,-385.0,-8.369565217391306,-635.0,-13.092783505154637,-285.0,-6.333333333333336,0.0,0.0,2026,2,3,1,34,6,0,0.8660254037844386,0.5000000000000001,0.5521013427459208,0.8337770129585915,4075.0,3905.0,4700.0,-310.0,485.0
Maharashtra,Palghar,APMC Palghar,Cereals,Rice,1009 Kar,Local,4075.0,4075.0,4075.0,Rs./Quintal,2026-02-04,0,4215.0,4550.0,4851.0,4900.0,4125.0,4350.0,4280.0,4580.857142857143,4570.071428571428,4602.0,346.98963892861275,290.9746127666926,371.43598325307056,-140.0,-3.3214709371293005,-776.0,-15.996701710987427,-825.0,-16.836734693877553,-50.0,-1.2121212121212088,0.0,0.0,2026,2,4,2,35,6,0,0.8660254037844386,0.5000000000000001,0.5663619330814524,0.8241566360566663,4035.0,4295.0,4600.0,220.0,525.0
Maharashtra,Palghar,APMC Palghar,Cereals,Rice,1009 Kar,Local,4035.0,4035.0,4035.0,Rs./Quintal,2026-02-05,0,4075.0,4215.0,4550.0,5075.0,4215.0,4551.0,4108.333333333333,4432.285714285715,4557.214285714285,4584.8,321.8901025120811,311.1482897940461,385.55775988417,-40.0,-0.9815950920245453,-515.0,-11.318681318681323,-1040.0,-20.49261083743842,-180.0,-4.270462633451954,0.0,0.0,2026,2,5,3,36,6,0,0.8660254037844386,0.5000000000000001,0.580454927809098,0.8142923779467267,3905.0,4400.0,4950.0,365.0,915.0
Maharashtra,Palghar,APMC Palghar,Cereals,Rice,1009 Kar,Local,3905.0,3905.0,3905.0,Rs./Quintal,2026-02-06,0,4035.0,4075.0,4215.0,4700.0,4350.0,4600.0,4005.0,4318.714285714285,4525.428571428572,4561.633333333333,350.6540147998286,353.7571340483629,405.0025528513303,-130.0,-3.2218091697645557,-310.0,-7.354685646500592,-795.0,-16.914893617021278,-445.0,-10.229885057471266,0.0,0.0,2026,2,6,4,37,6,0,0.8660254037844386,0.5000000000000001,0.5943761565849831,0.804187157621448,4295.0,4080.0,4700.0,175.0,795.0
Maharashtra,Palghar,APMC Palghar,Cereals,Rice,1009 Kar,Local,4295.0,4295.0,4295.0,Rs./Quintal,2026-02-07,0,3905.0,4035.0,4075.0,4600.0,4450.0,4413.0,4078.3333333333335,4275.142857142857,4514.357142857143,4557.7,328.1008120336543,358.69048305936997,407.0635932695527,390.0,9.98719590268886,220.0,5.39877300613496,-305.0,-6.630434782608696,-155.0,-3.483146067415732,0.0,0.0,2026,2,7,5,38,6,1,0.8660254037844386,0.5000000000000001,0.6081214998935418,0.7938439653781019,4400.0,4700.0,5320.0,405.0,1025.0
Maharashtra,Palghar,APMC Palghar,Cereals,Rice,1009 Kar,Local,4400.0,4400.0,4400.0,Rs./Quintal,2026-02-08,0,4295.0,3905.0,4035.0,4851.0,4600.0,4025.0,4200.0,4210.714285714285,4500.071428571428,4570.2,223.9127168382928,358.9997780770097,395.7417653313697,105.0,2.4447031431897637,365.0,9.045848822800506,-451.0,-9.297052154195008,-200.0,-4.347826086956519,0.0,0.0,2026,2,8,6,39,6,1,0.8660254037844386,0.5000000000000001,0.6216868902665479,0.7832658619336791,4080.0,4600.0,5270.0,200.0,870.0
Maharashtra,Palghar,APMC Palghar,Cereals,Rice,1009 Kar,Local,4080.0,4080.0,4080.0,Rs./Quintal,2026-02-09,0,4400.0,4295.0,3905.0,4550.0,4550.0,4035.0,4258.333333333333,4143.571428571428,4466.5,4571.7,168.93574433578772,375.56516386333544,393.7233537781923,-320.0,-7.272727272727275,175.0,4.481434058898848,-470.0,-10.329670329670327,-470.0,-10.329670329670327,0.0,0.0,2026,2,9,0,40,7,0,0.8660254037844386,0.5000000000000001,0.6350683134867438,0.7724559775191742,4700.0,4950.0,5345.0,870.0,1265.0
Maharashtra,Palghar,APMC Palghar,Cereals,Rice,1009 Kar,Local,4700.0,4700.0,4700.0,Rs./Quintal,2026-02-10,0,4080.0,4400.0,4295.0,4215.0,4850.0,4305.0,4393.333333333333,4212.857142857143,4455.785714285715,4584.866666666667,271.45989794162404,365.7954827015185,391.0928748796276,620.0,15.19607843137254,405.0,9.429569266589066,485.0,11.506524317912215,-150.0,-3.0927835051546393,0.0,0.0,2026,2,10,1,41,7,0,0.8660254037844386,0.5000000000000001,0.6482618097757122,0.7614175109532997,4600.0,4700.0,4950.0,0.0,250.0
Maharashtra,Palghar,APMC Palghar,Cereals,Rice,1009 Kar,Local,4600.0,4600.0,4600.0,Rs./Quintal,2026-02-11,0,4700.0,4080.0,4400.0,4075.0,4900.0,4450.0,4460.0,4287.857142857143,4434.357142857143,4589.866666666667,298.22889898612556,346.0241448095936,390.2671704971082,-100.0,-2.127659574468088,200.0,4.545454545454541,525.0,12.883435582822077,-300.0,-6.122448979591832,0.0,0.0,2026,2,11,2,42,7,0,0.8660254037844386,0.5000000000000001,0.6612634749656386,0.7501537286959042,4950.0,5320.0,5270.0,720.0,670.0
Maharashtra,Palghar,APMC Palghar,Cereals,Rice,1009 Kar,Local,4950.0,4950.0,4950.0,Rs./Quintal,2026-02-12,0,4600.0,4700.0,4080.0,4035.0,5075.0,4500.0,4750.0,4418.571428571428,4425.428571428572,4604.866666666667,362.52257729363436,329.4369822511236,395.3093710634466,350.0,7.608695652173902,870.0,21.323529411764696,915.0,22.676579925650554,-125.0,-2.463054187192115,0.0,0.0,2026,2,12,3,43,7,0,0.8660254037844386,0.5000000000000001,0.6740694616546162,0.7386679638813748,4700.0,5270.0,4700.0,320.0,-250.0
Maharashtra,Palghar,APMC Palghar,Cereals,Rice,1009 Kar,Local,4700.0,4700.0,4700.0,Rs./Quintal,2026-02-13,0,4950.0,4600.0,4700.0,3905.0,4700.0,4700.0,4750.0,4532.142857142857,4425.428571428572,4604.866666666667,292.60122383625765,329.4369822511236,395.3093710634466,-250.0,-5.05050505050505,0.0,0.0,795.0,20.358514724711906,0.0,0.0,0.0,0.0,2026,2,13,4,44,7,0,0.8660254037844386,0.5000000000000001,0.6866759803451553,0.726963615332308,5320.0,5345.0,4500.0,645.0,-200.0
Maharashtra,Palghar,APMC Palghar,Cereals,Rice,1009 Kar,Local,5320.0,5320.0,5320.0,Rs./Quintal,2026-02-15,0,4700.0,4950.0,4600.0,4295.0,4600.0,4950.0,4990.0,4678.571428571428,4476.857142857143,4617.2,393.29499409597287,406.0719635242518,411.8733819496275,620.0,13.191489361702136,720.0,15.652173913043477,1025.0,23.864959254947603,720.0,15.652173913043477,0.0,0.0,2026,2,15,6,46,7,1,0.8660254037844386,0.5000000000000001,0.7112757519738152,0.7029130847082615,5270.0,4950.0,4025.0,-370.0,-1295.0
Maharashtra,Palghar,APMC Palghar,Cereals,Rice,1009 Kar,Local,5270.0,5270.0,5270.0,Rs./Quintal,2026-02-16,0,5320.0,4700.0,4950.0,4400.0,4851.0,5410.0,5096.666666666667,4802.857142857143,4506.785714285715,4612.533333333334,426.6424844337564,448.94580426242635,403.2845092515975,-50.0,-0.9398496240601517,320.0,6.464646464646462,870.0,19.772727272727273,419.0,8.637394351680072,0.0,0.0,2026,2,16,0,47,8,0,0.8660254037844386,0.5000000000000001,0.7232617254437388,0.6905740195722293,5345.0,5270.0,4125.0,0.0,-1145.0
Maharashtra,Palghar,APMC Palghar,Cereals,Rice,1009 Kar,Local,5345.0,5345.0,5345.0,Rs./Quintal,2026-02-17,0,5270.0,5320.0,4700.0,4080.0,4550.0,5320.0,5311.666666666667,4983.571428571428,4563.571428571428,4613.366666666667,325.3038872310275,501.9785031078712,404.81971153907233,75.0,1.4231499051233332,645.0,13.72340425531915,1265.0,31.004901960784316,795.0,17.472527472527478,0.0,0.0,2026,2,17,1,48,8,0,0.8660254037844386,0.5000000000000001,0.7350336741329412,0.6780306024735382,4950.0,4700.0,4413.0,-645.0,-932.0
Maharashtra,Palghar,APMC Palghar,Cereals,Rice,1009 Kar,Local,4950.0,4950.0,4950.0,Rs./Quintal,2026-02-18,0,5345.0,5270.0,5320.0,4700.0,4215.0,5245.0,5188.333333333333,5019.285714285715,4616.071428571428,4603.533333333334,301.86128949442315,501.15320308966824,392.33832456126845,-395.0,-7.390084190832558,-370.0,-6.954887218045114,250.0,5.319148936170204,735.0,17.437722419928825,0.0,0.0,2026,2,18,2,49,8,0,0.8660254037844386,0.5000000000000001,0.746588114532413,0.6652865452111116,5270.0,4500.0,4550.0,-450.0,-400.0
Maharashtra,Palghar,APMC Palghar,Cereals,Rice,1009 Kar,Local,5270.0,5270.0,5270.0,Rs./Quintal,2026-02-19,0,4950.0,5345.0,5270.0,4600.0,4075.0,4950.0,5188.333333333333,5115.0,4701.428571428572,4614.2,248.21026033049202,503.6689563417807,406.1882016657018,320.0,6.464646464646462,0.0,0.0,670.0,14.56521739130434,1195.0,29.32515337423314,0.0,0.0,2026,2,19,3,50,8,0,0.8660254037844386,0.5000000000000001,0.7579216274973472,0.6523456189565257,4700.0,4025.0,4450.0,-1245.0,-820.0
Maharashtra,Palghar,APMC Palghar,Cereals,Rice,1009 Kar,Local,4700.0,4700.0,4700.0,Rs./Quintal,2026-02-20,0,5270.0,4950.0,5345.0,4950.0,4035.0,4500.0,4973.333333333333,5079.285714285715,4748.928571428572,4620.866666666667,290.32207074540906,465.9282652422464,405.8903991128111,-570.0,-10.815939278937382,-645.0,-12.06735266604303,-250.0,-5.05050505050505,665.0,16.480793060718703,0.0,0.0,2026,2,20,4,51,8,0,0.8660254037844386,0.5000000000000001,0.7690308592589181,0.6392116531380588,4500.0,4125.0,4545.0,-575.0,-155.0
Maharashtra,Palghar,APMC Palghar,Cereals,Rice,1009 Kar,Local,4500.0,4500.0,4500.0,Rs./Quintal,2026-02-21,0,4700.0,5270.0,4950.0,4700.0,3905.0,4125.0,4823.333333333333,5050.714285714285,4791.428571428572,4633.366666666667,339.53925363925526,406.3554174300201,395.7402913034288,-200.0,-4.255319148936165,-450.0,-9.090909090909093,-200.0,-4.255319148936165,595.0,15.236875800256078,0.0,0.0,2026,2,21,5,52,8,1,0.8660254037844386,0.5000000000000001,0.7799125224167177,0.6258885343075018,4025.0,4413.0,4100.0,-87.0,-400.0
Maharashtra,Palghar,APMC Palghar,Cereals,Rice,1009 Kar,Local,4025.0,4025.0,4025.0,Rs./Quintal,2026-02-22,0,4500.0,4700.0,5270.0,5320.0,4295.0,4215.0,4408.333333333333,4865.714285714285,4772.142857142857,4627.033333333334,488.4877051628192,436.9814037836712,404.09869768568603,-475.0,-10.555555555555552,-1245.0,-23.624288425047435,-1295.0,-24.342105263157897,-270.0,-6.28637951105937,0.0,0.0,2026,2,22,6,53,8,1,0.8660254037844386,0.5000000000000001,0.7905633969115482,0.612380204990065,4125.0,4550.0,4600.0,525.0,575.0
Maharashtra,Palghar,APMC Palghar,Cereals,Rice,1009 Kar,Local,4125.0,4125.0,4125.0,Rs./Quintal,2026-02-23,0,4025.0,4500.0,4700.0,5270.0,4400.0,4350.0,4216.666666666667,4702.142857142857,4752.5,4619.533333333334,521.1594217292281,460.5421136677287,411.4389998222285,100.0,2.4844720496894457,-575.0,-12.234042553191493,-1145.0,-21.72675521821632,-275.0,-6.25,0.0,0.0,2026,2,23,0,54,9,0,0.8660254037844386,0.5000000000000001,0.8009803309782905,0.5986906625177214,4413.0,4450.0,4545.0,325.0,420.0
Maharashtra,Palghar,APMC Palghar,Cereals,Rice,1009 Kar,Local,4413.0,4413.0,4413.0,Rs./Quintal,2026-02-24,0,4125.0,4025.0,4500.0,5345.0,4080.0,4450.0,4187.666666666667,4569.0,4776.285714285715,4618.3,442.6985430290025,430.7748704497393,412.0197643401341,288.0,6.981818181818178,-87.0,-1.9333333333333313,-932.0,-17.43685687558466,333.0,8.161764705882346,0.0,0.0,2026,2,24,1,55,9,0,0.8660254037844386,0.5000000000000001,0.8111602420785621,0.5848239578463322,4550.0,4545.0,4400.0,132.0,-13.0
Maharashtra,Palghar,APMC Palghar,Cereals,Rice,1009 Kar,Local,4550.0,4550.0,4550.0,Rs./Quintal,2026-02-25,0,4413.0,4125.0,4025.0,4950.0,4700.0,4600.0,4362.666666666667,4511.857142857143,4765.571428571428,4616.633333333333,409.9257772538156,434.66604586575676,412.19743204987196,137.0,3.1044640833899795,525.0,13.043478260869556,-400.0,-8.080808080808078,-150.0,-3.1914893617021267,0.0,0.0,2026,2,25,2,56,9,0,0.8660254037844386,0.5000000000000001,0.8211001178128892,0.5707841943569036,4450.0,4100.0,4450.0,-450.0,-100.0
Maharashtra,Palghar,APMC Palghar,Cereals,Rice,1009 Kar,Local,4450.0,4450.0,4450.0,Rs./Quintal,2026-02-26,0,4550.0,4413.0,4125.0,5270.0,4600.0,4550.0,4471.0,4394.714285714285,4754.857142857143,4613.3,238.47551536494106,440.86573172179556,413.1580769532736,-100.0,-2.197802197802201,325.0,7.878787878787885,-820.0,-15.559772296015185,-150.0,-3.2608695652173947,0.0,0.0,2026,2,26,3,57,9,0,0.8660254037844386,0.5000000000000001,0.8307970168121247,0.5565755266413303,4545.0,4600.0,4950.0,150.0,500.0
Maharashtra,Palghar,APMC Palghar,Cereals,Rice,1009 Kar,Local,4545.0,4545.0,4545.0,Rs./Quintal,2026-02-27,0,4450.0,4550.0,4413.0,4700.0,4950.0,4850.0,4515.0,4372.571428571428,4725.928571428572,4603.133333333333,211.02042329504988,440.36321796474414,410.87901846662226,95.0,2.134831460674147,132.0,2.9911624745071475,-155.0,-3.297872340425534,-405.0,-8.18181818181818,0.0,0.0,2026,2,27,4,58,9,0,0.8660254037844386,0.5000000000000001,0.8402480696078469,0.5422021592729844,4100.0,4545.0,5201.0,0.0,656.0
Maharashtra,Palghar,APMC Palghar,Cereals,Rice,1009 Kar,Local,4100.0,4100.0,4100.0,Rs./Quintal,2026-03-01,0,4545.0,4450.0,4550.0,4500.0,4700.0,4900.0,4365.0,4315.428571428572,4683.071428571428,4576.466666666666,224.49117068225462,471.1978947787833,416.8645470350237,-445.0,-9.79097909790979,-450.0,-9.890109890109889,-400.0,-8.888888888888891,-600.0,-12.765957446808507,0.0,0.0,2026,3,1,6,60,9,1,1.0,6.123233995736766e-17,0.8584015232918917,0.512978386299228,4600.0,4400.0,4825.0,300.0,725.0
Maharashtra,Palghar,APMC Palghar,Cereals,Rice,1009 Kar,Local,4600.0,4600.0,4600.0,Rs./Quintal,2026-03-02,0,4100.0,4545.0,4450.0,4025.0,5320.0,5075.0,4415.0,4397.571428571428,4631.642857142857,4560.633333333333,204.84860844280868,434.17040382831385,406.1595986065485,500.0,12.195121951219523,150.0,3.370786516853941,575.0,14.28571428571428,-720.0,-13.533834586466165,0.0,0.0,2026,3,2,0,61,10,0,1.0,6.123233995736766e-17,0.8670985522812081,0.4981366284784055,4545.0,4450.0,4725.0,-150.0,125.0
Maharashtra,Palghar,APMC Palghar,Cereals,Rice,1009 Kar,Local,4545.0,4545.0,4545.0,Rs./Quintal,2026-03-04,0,4600.0,4100.0,4545.0,4125.0,5270.0,4700.0,4415.0,4457.571428571428,4579.857142857143,4555.466666666666,170.3025319276102,393.5063008278402,405.3105861735794,-55.0,-1.1956521739130421,0.0,0.0,420.0,10.18181818181818,-725.0,-13.757115749525617,0.0,0.0,2026,3,4,2,63,10,0,1.0,6.123233995736766e-17,0.8837203473619977,0.4680153284438345,4400.0,4950.0,4600.0,405.0,55.0
Maharashtra,Palghar,APMC Palghar,Cereals,Rice,1009 Kar,Local,4400.0,4400.0,4400.0,Rs./Quintal,2026-03-05,0,4545.0,4600.0,4100.0,4413.0,5345.0,4600.0,4515.0,4455.714285714285,4512.357142857143,4548.8,170.93928189635176,327.711319290639,406.1966909320417,-145.0,-3.190319031903188,300.0,7.317073170731714,-13.0,-0.29458418309540324,-945.0,-17.6800748362956,0.0,0.0,2026,3,5,3,64,10,0,1.0,6.123233995736766e-17,0.8916401947968874,0.45274469960737107,4450.0,5201.0,4450.0,801.0,50.0
Maharashtra,Palghar,APMC Palghar,Cereals,Rice,1009 Kar,Local,4450.0,4450.0,4450.0,Rs./Quintal,2026-03-06,0,4400.0,4545.0,4600.0,4550.0,4950.0,4851.0,4465.0,4441.428571428572,4476.642857142857,4535.433333333333,165.84918565056267,302.6334688753362,402.49023833383285,50.0,1.1363636363636465,-150.0,-3.2608695652173947,-100.0,-2.197802197802201,-500.0,-10.1010101010101,0.0,0.0,2026,3,6,4,65,10,0,1.0,6.123233995736766e-17,0.8992961915530253,0.4373400963303323,4950.0,4825.0,4545.0,375.0,95.0
Maharashtra,Palghar,APMC Palghar,Cereals,Rice,1009 Kar,Local,4950.0,4950.0,4950.0,Rs./Quintal,2026-03-07,0,4450.0,4400.0,4545.0,4450.0,5270.0,4550.0,4600.0,4512.857142857143,4453.785714285715,4548.766666666666,254.26130166388168,244.629760618414,409.5528834812652,500.0,11.23595505617978,405.0,8.910891089108919,500.0,11.23595505617978,-320.0,-6.072106261859577,0.0,0.0,2026,3,7,5,66,10,1,1.0,6.123233995736766e-17,0.9066860720977985,0.4218060770826634,5201.0,4725.0,4601.0,-225.0,-349.0
Maharashtra,Palghar,APMC Palghar,Cereals,Rice,1009 Kar,Local,5201.0,5201.0,5201.0,Rs./Quintal,2026-03-08,0,4950.0,4450.0,4400.0,4545.0,4700.0,4215.0,4867.0,4606.571428571428,4489.571428571428,4581.633333333333,364.9026615153054,311.04630233745706,421.2409813489412,251.0,5.07070707070707,801.0,18.20454545454546,656.0,14.433443344334428,501.0,10.659574468085097,0.0,0.0,2026,3,8,6,67,10,1,1.0,6.123233995736766e-17,0.9138076496466615,0.4061472386305789,4825.0,4600.0,4801.0,-601.0,-400.0
Maharashtra,Palghar,APMC Palghar,Cereals,Rice,1009 Kar,Local,4825.0,4825.0,4825.0,Rs./Quintal,2026-03-09,0,5201.0,4950.0,4450.0,4100.0,4500.0,4075.0,4992.0,4710.142857142857,4512.785714285715,4606.633333333333,292.9535961953871,323.7527970942893,412.2969705855552,-376.0,-7.229378965583544,375.0,8.426966292134841,725.0,17.682926829268286,325.0,7.222222222222219,0.0,0.0,2026,3,9,0,68,11,0,1.0,6.123233995736766e-17,0.9206588168102428,0.3903682146763026,4725.0,4450.0,4650.0,-375.0,-175.0
Maharashtra,Palghar,APMC Palghar,Cereals,Rice,1009 Kar,Local,4725.0,4725.0,4725.0,Rs./Quintal,2026-03-10,0,4825.0,5201.0,4950.0,4600.0,4025.0,4035.0,4917.0,4728.0,4562.785714285715,4629.633333333333,288.9025210458831,295.4405259872223,398.31762437163235,-100.0,-2.072538860103623,-225.0,-4.545454545454541,125.0,2.717391304347827,700.0,17.391304347826097,0.0,0.0,2026,3,10,1,69,11,0,1.0,6.123233995736766e-17,0.9272375462179537,0.374473674486883,4600.0,4545.0,4550.0,-180.0,-175.0
Maharashtra,Palghar,APMC Palghar,Cereals,Rice,1009 Kar,Local,4600.0,4600.0,4600.0,Rs./Quintal,2026-03-11,0,4725.0,4825.0,5201.0,4545.0,4125.0,3905.0,4716.666666666667,4735.857142857143,4596.714285714285,4652.8,283.79888922229725,267.2248919115599,374.19959638011096,-125.0,-2.645502645502651,-601.0,-11.555470101903476,55.0,1.2101210121012063,475.0,11.515151515151523,0.0,0.0,2026,3,11,2,70,11,0,1.0,6.123233995736766e-17,0.9335418911179212,0.35846832151248087,4450.0,4601.0,4801.0,1.0,201.0
Maharashtra,Palghar,APMC Palghar,Cereals,Rice,1009 Kar,Local,4450.0,4450.0,4450.0,Rs./Quintal,2026-03-12,0,4600.0,4725.0,4825.0,4400.0,4413.0,4295.0,4591.666666666667,4743.0,4599.357142857143,4657.966666666666,274.4108841378809,265.44523037657376,370.13701874262955,-150.0,-3.2608695652173947,-375.0,-7.772020725388606,50.0,1.1363636363636465,37.0,0.8384319057330725,0.0,0.0,2026,3,12,3,71,11,0,1.0,6.123233995736766e-17,0.9395699859530622,0.342356891994542,4545.0,4801.0,4825.0,351.0,375.0
Maharashtra,Palghar,APMC Palghar,Cereals,Rice,1009 Kar,Local,4545.0,4545.0,4545.0,Rs./Quintal,2026-03-13,0,4450.0,4600.0,4725.0,4450.0,4550.0,4400.0,4531.666666666667,4756.571428571428,4599.0,4662.8,259.44611331504996,265.52009919575784,367.59023288214337,95.0,2.134831460674147,-180.0,-3.809523809523807,95.0,2.134831460674147,-5.0,-0.1098901098901095,0.0,0.0,2026,3,13,4,72,11,0,1.0,6.123233995736766e-17,0.945320046913132,0.3261441535642696,4601.0,4650.0,4725.0,105.0,180.0
Maharashtra,Palghar,APMC Palghar,Cereals,Rice,1009 Kar,Local,4601.0,4601.0,4601.0,Rs./Quintal,2026-03-15,0,4545.0,4450.0,4600.0,4950.0,4450.0,4080.0,4532.0,4706.714285714285,4609.785714285715,4680.166666666667,249.4198029332043,262.04614349133874,351.0413162964299,56.0,1.2321232123212233,1.0,0.02173913043477249,-349.0,-7.050505050505052,151.0,3.3932584269662946,0.0,0.0,2026,3,15,6,74,11,1,1.0,6.123233995736766e-17,0.9559793438440766,0.2934339689665273,4801.0,4550.0,4400.0,-51.0,-201.0
Maharashtra,Palghar,APMC Palghar,Cereals,Rice,1009 Kar,Local,4801.0,4801.0,4801.0,Rs./Quintal,2026-03-16,0,4601.0,4545.0,4450.0,5201.0,4545.0,4700.0,4649.0,4649.571428571428,4628.071428571428,4683.533333333334,138.42911199462299,266.07849168293484,351.72174869596967,200.0,4.3468811128015705,351.0,7.8876404494381935,-400.0,-7.690828686791007,256.0,5.63256325632564,0.0,0.0,2026,3,16,0,75,12,0,1.0,6.123233995736766e-17,0.9608854255574977,0.27694620226893646,4650.0,4801.0,4500.0,0.0,-301.0
Maharashtra,Palghar,APMC Palghar,Cereals,Rice,1009 Kar,Local,4650.0,4650.0,4650.0,Rs./Quintal,2026-03-17,0,4801.0,4601.0,4545.0,4825.0,4100.0,4600.0,4684.0,4624.571428571428,4667.357142857143,4685.2,115.34420537801951,218.45351807751052,351.4306131543931,-151.0,-3.1451780878983593,105.0,2.310231023102305,-175.0,-3.626943005181349,550.0,13.414634146341452,0.0,0.0,2026,3,17,1,76,12,0,1.0,6.123233995736766e-17,0.9655071658143364,0.2603764827344581,4550.0,4825.0,4825.0,175.0,175.0
Maharashtra,Palghar,APMC Palghar,Cereals,Rice,1009 Kar,Local,4550.0,4550.0,4550.0,Rs./Quintal,2026-03-18,0,4650.0,4801.0,4601.0,4725.0,4600.0,4950.0,4667.0,4599.571428571428,4663.785714285715,4671.866666666667,108.72420328957863,220.04236605059612,348.6143737845573,-100.0,-2.1505376344086002,-51.0,-1.1084546837644038,-175.0,-3.703703703703709,-50.0,-1.0869565217391353,0.0,0.0,2026,3,18,2,77,12,0,1.0,6.123233995736766e-17,0.969843196967294,0.24372971360968387,4801.0,4725.0,4900.0,175.0,350.0
Maharashtra,Palghar,APMC Palghar,Cereals,Rice,1009 Kar,Local,4801.0,4801.0,4801.0,Rs./Quintal,2026-03-19,0,4550.0,4650.0,4801.0,4600.0,4545.0,4700.0,4667.0,4628.285714285715,4682.071428571428,4675.233333333334,132.74501156442426,220.04875833314227,349.382280834222,251.0,5.516483516483506,0.0,0.0,201.0,4.3695652173913135,256.0,5.63256325632564,0.0,0.0,2026,3,19,3,78,12,0,1.0,6.123233995736766e-17,0.9738922359149924,0.22701082094141847,4825.0,4400.0,4439.0,-401.0,-362.0
Maharashtra,Palghar,APMC Palghar,Cereals,Rice,1009 Kar,Local,4825.0,4825.0,4825.0,Rs./Quintal,2026-03-20,0,4801.0,4550.0,4650.0,4450.0,4400.0,5320.0,4725.333333333333,4681.857142857143,4712.428571428572,4658.733333333334,124.19665665310869,207.07513102763303,328.97488986383604,24.0,0.49989585503020795,175.0,3.7634408602150504,375.0,8.426966292134841,425.0,9.659090909090917,0.0,0.0,2026,3,20,4,79,12,0,1.0,6.123233995736766e-17,0.9776530844816641,0.2102247521189836,4725.0,4500.0,4250.0,-325.0,-575.0
Maharashtra,Palghar,APMC Palghar,Cereals,Rice,1009 Kar,Local,4725.0,4725.0,4725.0,Rs./Quintal,2026-03-21,0,4825.0,4801.0,4550.0,4545.0,4450.0,5270.0,4783.666666666667,4707.571428571428,4732.071428571428,4640.566666666667,108.82073506897875,192.81895226260775,308.4641244812068,-100.0,-2.072538860103623,175.0,3.8461538461538547,180.0,3.960396039603964,275.0,6.17977528089888,0.0,0.0,2026,3,21,5,80,12,1,1.0,6.123233995736766e-17,0.981124629771712,0.19337647441020586,4400.0,4825.0,4274.0,100.0,-451.0
Maharashtra,Palghar,APMC Palghar,Cereals,Rice,1009 Kar,Local,4400.0,4400.0,4400.0,Rs./Quintal,2026-03-22,0,4725.0,4825.0,4801.0,4601.0,4950.0,5345.0,4650.0,4678.857142857143,4692.785714285715,4609.066666666667,157.3334342211159,200.86358883252797,281.08360927365027,-325.0,-6.8783068783068835,-401.0,-8.35242657779629,-201.0,-4.368615518365571,-550.0,-11.111111111111116,0.0,0.0,2026,3,22,6,81,12,1,1.0,6.123233995736766e-17,0.984305844499033,0.17647097349152166,4500.0,4900.0,4400.0,500.0,0.0
Maharashtra,Palghar,APMC Palghar,Cereals,Rice,1009 Kar,Local,4500.0,4500.0,4500.0,Rs./Quintal,2026-03-23,0,4400.0,4725.0,4825.0,4801.0,5201.0,4950.0,4541.666666666667,4635.857142857143,4642.714285714285,4594.066666666667,159.5048887144545,143.65687140996218,274.1848021811741,100.0,2.2727272727272707,-325.0,-6.735751295336789,-301.0,-6.26952718183712,-701.0,-13.478177273601233,0.0,0.0,2026,3,23,0,82,13,0,1.0,6.123233995736766e-17,0.9871957872910085,0.15951325197263655,4825.0,4439.0,4600.0,-61.0,100.0
Maharashtra,Palghar,APMC Palghar,Cereals,Rice,1009 Kar,Local,4825.0,4825.0,4825.0,Rs./Quintal,2026-03-24,0,4500.0,4400.0,4725.0,4650.0,4825.0,5270.0,4575.0,4660.857142857143,4642.714285714285,4579.233333333334,175.04802062237187,143.65687140996218,247.0505579044957,325.0,7.222222222222219,100.0,2.1164021164021163,175.0,3.7634408602150504,0.0,0.0,0.0,0.0,2026,3,24,1,83,13,0,1.0,6.123233995736766e-17,0.9897936029670716,0.14250832791617088,4900.0,4250.0,5245.0,-575.0,420.0
Maharashtra,Palghar,APMC Palghar,Cereals,Rice,1009 Kar,Local,4900.0,4900.0,4900.0,Rs./Quintal,2026-03-25,0,4825.0,4500.0,4400.0,4550.0,4725.0,4700.0,4741.666666666667,4710.857142857143,4655.214285714285,4585.9,187.63921815675064,158.24089647964897,253.04754221428968,75.0,1.5544041450777257,500.0,11.363636363636353,350.0,7.692307692307687,175.0,3.703703703703698,0.0,0.0,2026,3,25,2,84,13,0,1.0,6.123233995736766e-17,0.992098522791769,0.12546123335273648,4439.0,4274.0,4950.0,-626.0,50.0
Maharashtra,Palghar,APMC Palghar,Cereals,Rice,1009 Kar,Local,4439.0,4439.0,4439.0,Rs./Quintal,2026-03-26,0,4900.0,4825.0,4500.0,4801.0,4600.0,4500.0,4721.333333333333,4659.142857142857,4643.714285714285,4583.866666666667,207.48929978148348,168.10501688914107,254.00485107142964,-461.0,-9.408163265306124,-61.0,-1.3555555555555543,-362.0,-7.540095813372217,-161.0,-3.500000000000003,0.0,0.0,2026,3,26,3,85,13,0,1.0,6.123233995736766e-17,0.9941098647022418,0.10837701279187609,4250.0,4400.0,4575.0,-39.0,136.0
Maharashtra,Palghar,APMC Palghar,Cereals,Rice,1009 Kar,Local,4250.0,4250.0,4250.0,Rs./Quintal,2026-03-27,0,4439.0,4900.0,4825.0,4825.0,4450.0,4025.0,4529.666666666667,4577.0,4629.428571428572,4591.366666666667,241.85670688791728,192.55357467697368,239.86224255247413,-189.0,-4.257715701734622,-575.0,-11.917098445595853,-575.0,-11.917098445595853,-200.0,-4.49438202247191,0.0,0.0,2026,3,27,4,86,13,0,1.0,6.123233995736766e-17,0.9958270335100595,0.09126072172931188,4274.0,4600.0,4700.0,350.0,450.0
Maharashtra,Palghar,APMC Palghar,Cereals,Rice,1009 Kar,Local,4274.0,4274.0,4274.0,Rs./Quintal,2026-03-28,0,4250.0,4439.0,4900.0,4725.0,4545.0,4125.0,4321.0,4512.571428571428,4610.071428571428,4596.333333333333,255.54377129490112,214.10905355259652,231.2609115164199,24.0,0.5647058823529338,-626.0,-12.77551020408163,-451.0,-9.544973544973544,-271.0,-5.962596259625963,0.0,0.0,2026,3,28,5,87,13,1,1.0,6.123233995736766e-17,0.9972495210773451,0.07411742515094437,4400.0,5245.0,4950.0,971.0,676.0
Maharashtra,Palghar,APMC Palghar,Cereals,Rice,1009 Kar,Local,4400.0,4400.0,4400.0,Rs./Quintal,2026-03-29,0,4274.0,4250.0,4439.0,4400.0,4601.0,4413.0,4308.0,4512.571428571428,4595.714285714285,4595.9,255.54377129490112,221.37973938685283,231.62817260607716,126.0,2.9480580252690736,-39.0,-0.8785762559134991,0.0,0.0,-201.0,-4.368615518365571,0.0,0.0,2026,3,29,6,88,13,1,1.0,6.123233995736766e-17,0.998376906467142,0.056952196034039754,4600.0,4950.0,5320.0,550.0,920.0
Maharashtra,Palghar,APMC Palghar,Cereals,Rice,1009 Kar,Local,4600.0,4600.0,4600.0,Rs./Quintal,2026-03-30,0,4400.0,4274.0,4250.0,4500.0,4801.0,4550.0,4424.666666666667,4526.857142857143,4581.357142857143,4597.566666666667,257.5114421868365,213.4167490878134,231.46634272847328,200.0,4.545454545454541,350.0,8.23529411764705,100.0,2.2222222222222143,-201.0,-4.186627785877938,0.0,0.0,2026,3,30,0,89,14,0,1.0,6.123233995736766e-17,0.9992088560679753,0.03977011384605572,5245.0,4575.0,5051.0,-25.0,451.0
Maharashtra,Palghar,APMC Palghar,Cereals,Rice,1009 Kar,Local,5245.0,5245.0,5245.0,Rs./Quintal,2026-04-01,0,4600.0,4400.0,4274.0,4825.0,4650.0,4450.0,4748.333333333333,4586.857142857143,4623.857142857143,4624.066666666667,365.03718010244387,277.70068478430534,257.97954120077844,645.0,14.021739130434785,971.0,22.718764623303688,420.0,8.704663212435237,595.0,12.79569892473118,0.0,0.0,2026,4,1,2,91,14,0,0.8660254037844387,-0.49999999999999983,0.9999855506507186,0.005375731557583884,4950.0,4700.0,5500.0,-545.0,255.0
Maharashtra,Palghar,APMC Palghar,Cereals,Rice,1009 Kar,Local,4950.0,4950.0,4950.0,Rs./Quintal,2026-04-02,0,5245.0,4600.0,4400.0,4900.0,4550.0,4545.0,4931.666666666667,4594.0,4652.428571428572,4637.566666666667,372.59674358927845,289.8295823638238,264.22060836554886,-295.0,-5.624404194470922,550.0,12.5,50.0,1.0204081632652962,400.0,8.791208791208781,0.0,0.0,2026,4,2,3,92,14,0,0.8660254037844387,-0.49999999999999983,0.9999300657962057,-0.011826390691832589,4575.0,4950.0,5475.0,0.0,525.0
Maharashtra,Palghar,APMC Palghar,Cereals,Rice,1009 Kar,Local,4575.0,4575.0,4575.0,Rs./Quintal,2026-04-03,0,4950.0,5245.0,4600.0,4439.0,4801.0,4100.0,4923.333333333333,4613.428571428572,4636.285714285715,4653.4,366.6659956703831,287.1998576631959,244.383757008641,-375.0,-7.57575757575758,-25.0,-0.5434782608695676,136.0,3.063753097544497,-226.0,-4.707352634867734,0.0,0.0,2026,4,3,4,93,14,0,0.8660254037844387,-0.49999999999999983,0.9995786855478958,-0.029025013321975237,4700.0,5320.0,5250.0,745.0,675.0
Maharashtra,Palghar,APMC Palghar,Cereals,Rice,1009 Kar,Local,4700.0,4700.0,4700.0,Rs./Quintal,2026-04-04,0,4575.0,4950.0,5245.0,4250.0,4825.0,4600.0,4741.666666666667,4677.714285714285,4627.357142857143,4656.733333333334,329.9367183191933,282.7909277031542,244.31225544561383,125.0,2.732240437158473,-545.0,-10.390848427073408,450.0,10.588235294117654,-125.0,-2.590673575129532,0.0,0.0,2026,4,4,5,94,14,1,0.8660254037844387,-0.49999999999999983,0.9989315138848577,-0.046215046983708354,4950.0,5051.0,5320.0,351.0,620.0
Maharashtra,Palghar,APMC Palghar,Cereals,Rice,1009 Kar,Local,4950.0,4950.0,4950.0,Rs./Quintal,2026-04-06,0,4700.0,4575.0,4950.0,4274.0,4725.0,4545.0,4741.666666666667,4774.285714285715,4643.428571428572,4670.233333333334,288.39250700258833,294.9012127386509,249.06856601087986,250.0,5.319148936170204,0.0,0.0,676.0,15.816565278427696,225.0,4.761904761904767,0.0,0.0,2026,4,6,0,96,15,0,0.8660254037844387,-0.49999999999999983,0.9967506498213929,-0.08054900421874167,5320.0,5500.0,5501.0,550.0,551.0
Maharashtra,Palghar,APMC Palghar,Cereals,Rice,1009 Kar,Local,5320.0,5320.0,5320.0,Rs./Quintal,2026-04-07,0,4950.0,4700.0,4575.0,4400.0,4400.0,4400.0,4990.0,4905.714285714285,4709.142857142857,4700.9,298.8370315549435,336.1091528616324,270.3750077717792,370.0,7.4747474747474785,745.0,16.284153005464486,920.0,20.9090909090909,920.0,20.9090909090909,0.0,0.0,2026,4,7,1,97,15,0,0.8660254037844387,-0.49999999999999983,0.9952176027737294,-0.09768276782171598,5051.0,5475.0,5475.0,155.0,155.0
Maharashtra,Palghar,APMC Palghar,Cereals,Rice,1009 Kar,Local,5051.0,5051.0,5051.0,Rs./Quintal,2026-04-08,0,5320.0,4950.0,4700.0,4600.0,4500.0,4450.0,5107.0,4970.142857142857,4748.5,4720.933333333333,269.07584344159903,341.9448336073681,273.39221961703663,-269.0,-5.056390977443614,351.0,7.468085106382971,451.0,9.804347826086946,551.0,12.244444444444436,0.0,0.0,2026,4,8,2,98,15,0,0.8660254037844387,-0.49999999999999983,0.9933900548258936,-0.11478762552212701,5500.0,5250.0,4700.0,199.0,-351.0
Maharashtra,Palghar,APMC Palghar,Cereals,Rice,1009 Kar,Local,5500.0,5500.0,5500.0,Rs./Quintal,2026-04-09,0,5051.0,5320.0,4950.0,5245.0,4825.0,4950.0,5290.333333333333,5006.571428571428,4796.714285714285,4739.266666666666,324.1202745601553,396.7557723047569,305.80283633846057,449.0,8.889328845773115,550.0,11.111111111111116,255.0,4.861773117254531,675.0,13.989637305699487,0.0,0.0,2026,4,9,3,99,15,0,0.8660254037844387,-0.49999999999999983,0.9912685467787256,-0.13185851571739118,5475.0,5320.0,4500.0,-180.0,-1000.0
Maharashtra,Palghar,APMC Palghar,Cereals,Rice,1009 Kar,Local,5475.0,5475.0,5475.0,Rs./Quintal,2026-04-10,0,5500.0,5051.0,5320.0,4950.0,4900.0,5201.0,5342.0,5081.571428571428,4837.785714285715,4748.4,366.78188665874694,436.0825924896895,323.64034955807443,-25.0,-0.4545454545454519,155.0,2.913533834586457,525.0,10.606060606060597,575.0,11.734693877551017,0.0,0.0,2026,4,10,4,100,15,0,0.8660254037844387,-0.49999999999999983,0.9888537064205885,-0.1488903868564548,5250.0,5501.0,4450.0,26.0,-1025.0
Maharashtra,Palghar,APMC Palghar,Cereals,Rice,1009 Kar,Local,5250.0,5250.0,5250.0,Rs./Quintal,2026-04-12,0,5475.0,5500.0,5051.0,4575.0,4439.0,4825.0,5408.333333333333,5178.0,4895.714285714285,4762.566666666667,292.64255785285815,432.88787472960365,336.16823408704033,-225.0,-4.109589041095896,199.0,3.939813898237965,675.0,14.754098360655732,811.0,18.269880603739573,0.0,0.0,2026,4,12,6,102,15,1,0.8660254037844387,-0.49999999999999983,0.9831469737221499,-0.1828169249850199,5320.0,5475.0,4400.0,225.0,-850.0
Maharashtra,Palghar,APMC Palghar,Cereals,Rice,1009 Kar,Local,5320.0,5320.0,5320.0,Rs./Quintal,2026-04-13,0,5250.0,5475.0,5500.0,4700.0,4250.0,4725.0,5348.333333333333,5266.571428571428,4972.142857142857,4782.4,204.37046194174425,403.57896132229035,351.09597862536157,70.0,1.333333333333342,-180.0,-3.2727272727272716,620.0,13.191489361702136,1070.0,25.17647058823529,0.0,0.0,2026,4,13,0,103,16,0,0.8660254037844387,-0.49999999999999983,0.9798567700958665,-0.1997015525660636,5501.0,4700.0,4125.0,-620.0,-1195.0
Maharashtra,Palghar,APMC Palghar,Cereals,Rice,1009 Kar,Local,5501.0,5501.0,5501.0,Rs./Quintal,2026-04-14,0,5320.0,5250.0,5475.0,4950.0,4274.0,4600.0,5357.0,5345.285714285715,5059.785714285715,4812.433333333333,164.30227659784208,372.3249570286339,372.81960908667907,181.0,3.402255639097751,26.0,0.4748858447488624,551.0,11.131313131313124,1227.0,28.708469817501168,0.0,0.0,2026,4,14,1,104,16,0,0.8660254037844387,-0.49999999999999983,0.9762766110869321,-0.21652708524481437,5475.0,4500.0,4025.0,-1001.0,-1476.0
Maharashtra,Palghar,APMC Palghar,Cereals,Rice,1009 Kar,Local,5475.0,5475.0,5475.0,Rs./Quintal,2026-04-15,0,5501.0,5320.0,5250.0,5320.0,4400.0,4450.0,5432.0,5367.428571428572,5136.571428571428,4846.6,170.6486225580152,334.741855599371,385.2207249052884,-26.0,-0.4726413379385619,225.0,4.285714285714293,155.0,2.913533834586457,1075.0,24.431818181818187,0.0,0.0,2026,4,15,2,105,16,0,0.8660254037844387,-0.49999999999999983,0.9724075561219968,-0.23328854407545518,4700.0,4450.0,4250.0,-1025.0,-1225.0
Maharashtra,Palghar,APMC Palghar,Cereals,Rice,1009 Kar,Local,4700.0,4700.0,4700.0,Rs./Quintal,2026-04-16,0,5475.0,5501.0,5320.0,5051.0,4600.0,4545.0,5225.333333333333,5317.285714285715,5143.714285714285,4851.766666666666,289.38423954188295,323.28230782003953,382.06261297055653,-775.0,-14.155251141552515,-620.0,-11.654135338345862,-351.0,-6.949118986339342,100.0,2.1739130434782705,0.0,0.0,2026,4,16,3,106,16,0,0.8660254037844387,-0.49999999999999983,0.9682507501166718,-0.2499809690726521,4500.0,4400.0,4125.0,-300.0,-575.0
Maharashtra,Palghar,APMC Palghar,Cereals,Rice,1009 Kar,Local,4500.0,4500.0,4500.0,Rs./Quintal,2026-04-17,0,4700.0,5475.0,5501.0,5500.0,5245.0,4601.0,4891.666666666667,5174.428571428572,5090.5,4848.4,407.0572675283117,364.0703123130099,384.7838264577299,-200.0,-4.255319148936165,-1001.0,-18.196691510634434,-1000.0,-18.181818181818176,-745.0,-14.204003813155385,0.0,0.0,2026,4,17,4,107,16,0,0.8660254037844387,-0.49999999999999983,0.9638074231367307,-0.26659942067929354,4450.0,4125.0,3850.0,-375.0,-650.0
Maharashtra,Palghar,APMC Palghar,Cereals,Rice,1009 Kar,Local,4450.0,4450.0,4450.0,Rs./Quintal,2026-04-18,0,4500.0,4700.0,5475.0,5475.0,4950.0,4801.0,4550.0,5028.0,5054.785714285715,4836.7,461.6163630837449,401.5121759953585,391.551656873016,-50.0,-1.1111111111111072,-1025.0,-18.721461187214615,-1025.0,-18.721461187214615,-500.0,-10.1010101010101,0.0,0.0,2026,4,18,5,108,16,1,0.8660254037844387,-0.49999999999999983,0.9590788900341131,-0.28313898122818354,4400.0,4025.0,4025.0,-425.0,-425.0
Maharashtra,Palghar,APMC Palghar,Cereals,Rice,1009 Kar,Local,4400.0,4400.0,4400.0,Rs./Quintal,2026-04-19,0,4450.0,4500.0,4700.0,5250.0,4575.0,4650.0,4450.0,4906.571428571428,5042.285714285715,4828.366666666667,503.3924437066472,419.9009825718862,398.2649857200338,-50.0,-1.1235955056179803,-300.0,-6.382978723404253,-850.0,-16.19047619047619,-175.0,-3.825136612021862,0.0,0.0,2026,4,19,6,109,16,1,0.8660254037844387,-0.49999999999999983,0.9540665500578387,-0.2995947563972602,4125.0,4250.0,4125.0,-150.0,-275.0
Maharashtra,Palghar,APMC Palghar,Cereals,Rice,1009 Kar,Local,4125.0,4125.0,4125.0,Rs./Quintal,2026-04-20,0,4400.0,4450.0,4500.0,5320.0,4700.0,4550.0,4325.0,4735.857142857143,5001.214285714285,4814.2,541.0407959268332,479.804155330618,415.686005504657,-275.0,-6.25,-375.0,-8.333333333333337,-1195.0,-22.462406015037594,-575.0,-12.234042553191493,0.0,0.0,2026,4,20,0,110,17,0,0.8660254037844387,-0.49999999999999983,0.9487718864399473,-0.31596187665790293,4025.0,4125.0,4250.0,0.0,125.0
Maharashtra,Palghar,APMC Palghar,Cereals,Rice,1009 Kar,Local,4025.0,4025.0,4025.0,Rs./Quintal,2026-04-21,0,4125.0,4400.0,4450.0,5501.0,4950.0,4801.0,4183.333333333333,4525.0,4935.142857142857,4788.333333333333,476.9696007084721,546.4579450555058,439.97024455292177,-100.0,-2.4242424242424288,-425.0,-9.55056179775281,-1476.0,-26.831485184511905,-925.0,-18.686868686868685,0.0,0.0,2026,4,21,1,111,17,0,0.8660254037844387,-0.49999999999999983,0.9431964659565866,-0.33223549871590435,4250.0,3850.0,4500.0,-175.0,475.0
Maharashtra,Palghar,APMC Palghar,Cereals,Rice,1009 Kar,Local,4250.0,4250.0,4250.0,Rs./Quintal,2026-04-22,0,4025.0,4125.0,4400.0,5475.0,5320.0,4825.0,4133.333333333333,4350.0,4858.714285714285,4769.166666666667,232.28933107943942,563.064339617997,450.71124507469887,225.0,5.590062111801242,-150.0,-3.409090909090906,-1225.0,-22.374429223744297,-1070.0,-20.112781954887215,0.0,0.0,2026,4,22,2,112,17,0,0.8660254037844387,-0.49999999999999983,0.9373419384643772,-0.3484108069446808,4125.0,4025.0,4350.0,-225.0,100.0
Maharashtra,Palghar,APMC Palghar,Cereals,Rice,1009 Kar,Local,4125.0,4125.0,4125.0,Rs./Quintal,2026-04-23,0,4250.0,4025.0,4125.0,4700.0,5051.0,4725.0,4133.333333333333,4267.857142857143,4792.571428571428,4749.166666666667,184.68119248354256,592.3651049668761,465.7984678417069,-125.0,-2.941176470588236,0.0,0.0,-575.0,-12.234042553191493,-926.0,-18.333003365670166,0.0,0.0,2026,4,23,3,113,17,0,0.8660254037844387,-0.49999999999999983,0.9312100364121947,-0.3644830148102912,3850.0,4125.0,4700.0,0.0,575.0
Maharashtra,Palghar,APMC Palghar,Cereals,Rice,1009 Kar,Local,3850.0,3850.0,3850.0,Rs./Quintal,2026-04-24,0,4125.0,4250.0,4025.0,4500.0,5500.0,4400.0,4075.0,4175.0,4674.714285714285,4730.833333333333,210.15867021531022,604.7997034710596,490.1997540294957,-275.0,-6.666666666666665,-175.0,-4.347826086956519,-650.0,-14.444444444444448,-1650.0,-30.000000000000004,0.0,0.0,2026,4,24,4,114,17,0,0.8660254037844387,-0.49999999999999983,0.9248025743285089,-0.38044736628785164,4025.0,4250.0,4600.0,400.0,750.0
Maharashtra,Palghar,APMC Palghar,Cereals,Rice,1009 Kar,Local,4025.0,4025.0,4025.0,Rs./Quintal,2026-04-26,0,3850.0,4125.0,4250.0,4450.0,5475.0,4500.0,4000.0,4114.285714285715,4571.142857142857,4715.0,176.10197262355092,580.8923979722736,505.3497935025864,175.0,4.545454545454541,-225.0,-5.294117647058827,-425.0,-9.55056179775281,-1450.0,-26.48401826484018,0.0,0.0,2026,4,26,6,116,17,1,0.8660254037844387,-0.49999999999999983,0.9111686353326631,-0.41203363695942635,4125.0,4500.0,4950.0,475.0,925.0
Maharashtra,Palghar,APMC Palghar,Cereals,Rice,1009 Kar,Local,4125.0,4125.0,4125.0,Rs./Quintal,2026-04-27,0,4025.0,3850.0,4125.0,4400.0,5250.0,4825.0,4000.0,4075.0,4490.785714285715,4691.666666666667,125.00000000000527,557.0846059996259,516.1408744701912,100.0,2.4844720496894457,0.0,0.0,-275.0,-6.25,-1125.0,-21.42857142857143,0.0,0.0,2026,4,27,0,117,18,0,0.8660254037844387,-0.49999999999999983,0.9039461929224011,-0.42764620926777464,4250.0,4350.0,4700.0,225.0,575.0
Maharashtra,Palghar,APMC Palghar,Cereals,Rice,1009 Kar,Local,4250.0,4250.0,4250.0,Rs./Quintal,2026-04-28,0,4125.0,4025.0,3850.0,4125.0,5320.0,4900.0,4133.333333333333,4092.8571428571427,4414.357142857143,4670.0,141.21075097342066,505.58916236298137,520.7164825242396,125.0,3.0303030303030276,400.0,10.389610389610393,125.0,3.0303030303030276,-1070.0,-20.112781954887215,0.0,0.0,2026,4,28,1,118,18,0,0.8660254037844387,-0.49999999999999983,0.8964562582905575,-0.44313223418263453,4500.0,4700.0,4750.0,450.0,500.0
Maharashtra,Palghar,APMC Palghar,Cereals,Rice,1009 Kar,Local,4500.0,4500.0,4500.0,Rs./Quintal,2026-04-29,0,4250.0,4125.0,4025.0,4025.0,5501.0,4439.0,4291.666666666667,4160.714285714285,4342.857142857143,4672.033333333334,203.54009783964534,399.8110817610001,519.9018132323658,250.0,5.882352941176472,475.0,11.801242236024834,475.0,11.801242236024834,-1001.0,-18.196691510634434,0.0,0.0,2026,4,29,2,119,18,0,0.8660254037844387,-0.49999999999999983,0.8887010478292915,-0.45848712914008766,4350.0,4600.0,4851.0,100.0,351.0
Maharashtra,Palghar,APMC Palghar,Cereals,Rice,1009 Kar,Local,4350.0,4350.0,4350.0,Rs./Quintal,2026-04-30,0,4500.0,4250.0,4125.0,4250.0,5475.0,4250.0,4366.666666666667,4175.0,4262.5,4675.366666666667,214.08720964442102,233.0297934071618,517.4172919636447,-150.0,-3.3333333333333326,225.0,5.454545454545445,100.0,2.35294117647058,-1125.0,-20.547945205479458,0.0,0.0,2026,4,30,3,120,18,0,0.8660254037844387,-0.49999999999999983,0.8806828564301475,-0.47370635037968,4700.0,4950.0,4801.0,600.0,451.0
Maharashtra,Palghar,APMC Palghar,Cereals,Rice,1009 Kar,Local,4700.0,4700.0,4700.0,Rs./Quintal,2026-05-01,0,4350.0,4500.0,4250.0,4125.0,4700.0,4274.0,4516.666666666667,4257.142857142857,4262.5,4689.566666666667,288.9327652882997,233.0297934071618,511.8378436193661,350.0,8.045977011494255,450.0,10.588235294117654,575.0,13.939393939393941,0.0,0.0,0.0,0.0,2026,5,1,4,121,18,0,0.49999999999999994,-0.8660254037844387,0.8724040568049612,-0.48878539428899265,4600.0,4700.0,4601.0,0.0,-99.0
Maharashtra,Palghar,APMC Palghar,Cereals,Rice,1009 Kar,Local,4600.0,4600.0,4600.0,Rs./Quintal,2026-05-02,0,4700.0,4350.0,4500.0,3850.0,4500.0,4400.0,4550.0,4364.285714285715,4269.642857142857,4696.233333333334,249.10554274959858,242.22100751899362,509.23205761789023,-100.0,-2.127659574468088,100.0,2.2222222222222143,750.0,19.480519480519476,100.0,2.2222222222222143,0.0,0.0,2026,5,2,5,122,18,1,0.49999999999999994,-0.8660254037844387,0.8638670987837349,-0.503719798736334,4950.0,4750.0,4400.0,150.0,-200.0
Maharashtra,Palghar,APMC Palghar,Cereals,Rice,1009 Kar,Local,4950.0,4950.0,4950.0,Rs./Quintal,2026-05-03,0,4600.0,4700.0,4350.0,4025.0,4450.0,4600.0,4750.0,4496.428571428572,4305.357142857143,4707.9,282.2633859493994,300.6688971514772,510.95767757796267,350.0,7.608695652173902,600.0,13.793103448275868,925.0,22.98136645962734,500.0,11.23595505617978,0.0,0.0,2026,5,3,6,123,18,1,0.49999999999999994,-0.8660254037844387,0.8550745085896932,-0.518505144391157,4700.0,4851.0,4450.0,-99.0,-500.0
Maharashtra,Palghar,APMC Palghar,Cereals,Rice,1009 Kar,Local,4700.0,4700.0,4700.0,Rs./Quintal,2026-05-04,0,4950.0,4600.0,4700.0,4125.0,4400.0,5245.0,4750.0,4578.571428571428,4326.785714285715,4689.733333333334,236.03873774083394,318.1170995262418,500.7904051447677,-250.0,-5.05050505050505,0.0,0.0,575.0,13.939393939393941,300.0,6.818181818181812,0.0,0.0,2026,5,4,0,124,19,0,0.49999999999999994,-0.8660254037844387,0.8460288880917339,-0.533137056031809,4750.0,4801.0,4600.0,101.0,-100.0
Maharashtra,Palghar,APMC Palghar,Cereals,Rice,1009 Kar,Local,4750.0,4750.0,4750.0,Rs./Quintal,2026-05-05,0,4700.0,4950.0,4600.0,4250.0,4125.0,4950.0,4800.0,4650.0,4371.428571428572,4683.066666666667,191.48542155126856,331.20658537807185,498.53232408834094,50.0,1.0638297872340496,150.0,3.2608695652173836,500.0,11.764705882352944,625.0,15.15151515151516,0.0,0.0,2026,5,5,1,125,19,0,0.49999999999999994,-0.8660254037844387,0.8367329140344921,-0.5476112038402312,4851.0,4601.0,4550.0,-149.0,-200.0
Maharashtra,Palghar,APMC Palghar,Cereals,Rice,1009 Kar,Local,4851.0,4851.0,4851.0,Rs./Quintal,2026-05-06,0,4750.0,4700.0,4950.0,4500.0,4025.0,4575.0,4767.0,4700.142857142857,4430.428571428572,4692.266666666666,191.61630808417584,338.243588667583,499.01571624296,101.0,2.1263157894736873,-99.0,-2.0000000000000018,351.0,7.800000000000007,826.0,20.52173913043478,0.0,0.0,2026,5,6,2,126,19,0,0.49999999999999994,-0.8660254037844387,0.8271893372462497,-0.5619233046832195,4801.0,4400.0,4305.0,-451.0,-546.0
Maharashtra,Palghar,APMC Palghar,Cereals,Rice,1009 Kar,Local,4801.0,4801.0,4801.0,Rs./Quintal,2026-05-07,0,4851.0,4750.0,4700.0,4350.0,4250.0,4700.0,4800.666666666667,4764.571428571428,4469.785714285715,4695.633333333333,114.61218251544007,347.56254081851165,499.4102372373582,-50.0,-1.030715316429598,101.0,2.1489361702127674,451.0,10.36781609195403,551.0,12.964705882352945,0.0,0.0,2026,5,7,3,127,19,0,0.49999999999999994,-0.8660254037844387,0.8174009818249189,-0.5760691233798758,4601.0,4450.0,4125.0,-351.0,-676.0
Maharashtra,Palghar,APMC Palghar,Cereals,Rice,1009 Kar,Local,4601.0,4601.0,4601.0,Rs./Quintal,2026-05-08,0,4801.0,4851.0,4750.0,4700.0,4125.0,4950.0,4751.0,4750.428571428572,4503.785714285715,4684.0,129.10055143550917,334.2675525732291,497.3412066801544,-200.0,-4.165798791918352,-149.0,-3.13684210526316,-99.0,-2.106382978723409,476.0,11.539393939393939,0.0,0.0,2026,5,8,4,128,19,0,0.49999999999999994,-0.8660254037844387,0.8073707443023492,-0.5900444739548627,4400.0,4600.0,4500.0,-1.0,-101.0
Maharashtra,Palghar,APMC Palghar,Cereals,Rice,1009 Kar,Local,4400.0,4400.0,4400.0,Rs./Quintal,2026-05-10,0,4601.0,4801.0,4851.0,4600.0,3850.0,5320.0,4600.666666666667,4721.857142857143,4543.071428571428,4653.333333333333,180.027246615088,279.32348610546455,484.98299531749495,-201.0,-4.368615518365571,-451.0,-9.297052154195008,-200.0,-4.347826086956519,550.0,14.28571428571428,0.0,0.0,2026,5,10,6,130,19,1,0.49999999999999994,-0.8660254037844387,0.7865965660866021,-0.6174672802835514,4450.0,4550.0,4500.0,150.0,100.0
Maharashtra,Palghar,APMC Palghar,Cereals,Rice,1009 Kar,Local,4450.0,4450.0,4450.0,Rs./Quintal,2026-05-11,0,4400.0,4601.0,4801.0,4950.0,4025.0,5051.0,4483.666666666667,4650.428571428572,4573.428571428572,4633.3,173.49433914190385,238.85036006984416,480.3810376974856,50.0,1.1363636363636465,-351.0,-7.3109768798167,-500.0,-10.1010101010101,425.0,10.559006211180133,0.0,0.0,2026,5,11,0,131,20,0,0.49999999999999994,-0.8660254037844387,0.7758587728069828,-0.6309066211876704,4600.0,4305.0,4550.0,-145.0,100.0
Maharashtra,Palghar,APMC Palghar,Cereals,Rice,1009 Kar,Local,4600.0,4600.0,4600.0,Rs./Quintal,2026-05-12,0,4450.0,4400.0,4601.0,4700.0,4125.0,5500.0,4483.333333333333,4636.142857142857,4607.357142857143,4603.3,172.84813042227688,200.9870287214708,451.63123116711034,150.0,3.370786516853941,-1.0,-0.021734405564011183,-100.0,-2.127659574468088,475.0,11.515151515151523,0.0,0.0,2026,5,12,1,132,20,0,0.49999999999999994,-0.8660254037844387,0.7648913904341226,-0.6441592666722685,4550.0,4125.0,4350.0,-475.0,-250.0
Maharashtra,Palghar,APMC Palghar,Cereals,Rice,1009 Kar,Local,4550.0,4550.0,4550.0,Rs./Quintal,2026-05-13,0,4600.0,4450.0,4400.0,4750.0,4250.0,5475.0,4533.333333333333,4607.571428571428,4628.785714285715,4572.466666666666,167.33285903935908,174.1578322943017,420.5747900468964,-50.0,-1.0869565217391353,150.0,3.409090909090917,-200.0,-4.210526315789476,300.0,7.058823529411762,0.0,0.0,2026,5,13,2,133,20,0,0.49999999999999994,-0.8660254037844387,0.753697664392914,-0.6572212950663319,4305.0,4500.0,4305.0,-50.0,-245.0
Maharashtra,Palghar,APMC Palghar,Cereals,Rice,1009 Kar,Local,4305.0,4305.0,4305.0,Rs./Quintal,2026-05-14,0,4550.0,4600.0,4450.0,4851.0,4500.0,5250.0,4485.0,4529.571428571428,4614.857142857143,4540.966666666666,162.12429094459029,192.12129868026875,403.10565769332754,-245.0,-5.384615384615388,-145.0,-3.2584269662921383,-546.0,-11.255411255411252,-195.0,-4.333333333333334,0.0,0.0,2026,5,14,3,134,20,0,0.49999999999999994,-0.8660254037844387,0.742280907086982,-0.6700888411055113,4125.0,4500.0,4275.0,195.0,-30.0
Maharashtra,Palghar,APMC Palghar,Cereals,Rice,1009 Kar,Local,4125.0,4125.0,4125.0,Rs./Quintal,2026-05-15,0,4305.0,4550.0,4600.0,4801.0,4350.0,5320.0,4326.666666666667,4433.0,4598.785714285715,4501.133333333333,174.36933981255783,222.9232978028461,381.9579985334517,-180.0,-4.181184668989546,-475.0,-10.32608695652174,-676.0,-14.080399916684028,-225.0,-5.1724137931034475,0.0,0.0,2026,5,15,4,135,20,0,0.49999999999999994,-0.8660254037844387,0.7306444969184916,-0.6827580970759147,4500.0,4550.0,4400.0,425.0,275.0
Maharashtra,Palghar,APMC Palghar,Cereals,Rice,1009 Kar,Local,4500.0,4500.0,4500.0,Rs./Quintal,2026-05-16,0,4125.0,4305.0,4550.0,4601.0,4700.0,5501.0,4310.0,4418.571428571428,4584.5,4467.766666666666,161.8825264843399,222.34579790532052,332.0642525417241,375.0,9.090909090909083,-50.0,-1.098901098901095,-101.0,-2.1951749619647853,-200.0,-4.255319148936165,0.0,0.0,2026,5,16,5,136,20,1,0.49999999999999994,-0.8660254037844387,0.7187918772884232,-0.6952253139408723,4500.0,4350.0,4550.0,-150.0,50.0
Maharashtra,Palghar,APMC Palghar,Cereals,Rice,1009 Kar,Local,4500.0,4500.0,4500.0,Rs./Quintal,2026-05-17,0,4500.0,4125.0,4305.0,4400.0,4600.0,5475.0,4375.0,4432.857142857143,4577.357142857143,4435.266666666666,164.36385305314786,223.41324495646595,272.44524072812163,0.0,0.0,195.0,4.529616724738683,100.0,2.2727272727272707,-100.0,-2.1739130434782594,0.0,0.0,2026,5,17,6,137,20,1,0.49999999999999994,-0.8660254037844387,0.7067265555776159,-0.7074868024503348,4550.0,4305.0,4575.0,-195.0,75.0
Maharashtra,Palghar,APMC Palghar,Cereals,Rice,1009 Kar,Local,4550.0,4550.0,4550.0,Rs./Quintal,2026-05-18,0,4500.0,4500.0,4125.0,4450.0,4950.0,4700.0,4516.666666666667,4447.142857142857,4548.785714285715,4430.266666666666,170.3392972583741,195.98515586309423,268.7708847806045,50.0,1.1111111111111072,425.0,10.303030303030303,100.0,2.2471910112359605,-400.0,-8.080808080808078,0.0,0.0,2026,5,18,0,138,21,0,0.49999999999999994,-0.8660254037844387,0.6944521021088763,-0.719538934232584,4350.0,4275.0,4725.0,-275.0,175.0
Maharashtra,Palghar,APMC Palghar,Cereals,Rice,1009 Kar,Local,4350.0,4350.0,4350.0,Rs./Quintal,2026-05-19,0,4550.0,4500.0,4500.0,4600.0,4700.0,4500.0,4466.666666666667,4411.428571428572,4523.785714285715,4425.266666666666,158.76382579464715,197.5294247102791,268.8241231649498,-200.0,-4.395604395604391,-150.0,-3.3333333333333326,-250.0,-5.434782608695654,-350.0,-7.446808510638303,0.0,0.0,2026,5,19,1,139,21,0,0.49999999999999994,-0.8660254037844387,0.6819721490904629,-0.7313781428679254,4305.0,4400.0,4601.0,50.0,251.0
Maharashtra,Palghar,APMC Palghar,Cereals,Rice,1009 Kar,Local,4305.0,4305.0,4305.0,Rs./Quintal,2026-05-20,0,4350.0,4550.0,4500.0,4550.0,4750.0,4450.0,4401.666666666667,4376.428571428572,4492.0,4420.433333333333,149.88090510230637,194.10187650184858,269.66629228623304,-45.0,-1.0344827586206917,-195.0,-4.333333333333334,-245.0,-5.384615384615388,-445.0,-9.368421052631582,0.0,0.0,2026,5,20,2,140,21,0,0.49999999999999994,-0.8660254037844387,0.6692903895412567,-0.7430009249440493,4275.0,4550.0,4851.0,245.0,546.0
Maharashtra,Palghar,APMC Palghar,Cereals,Rice,1009 Kar,Local,4275.0,4275.0,4275.0,Rs./Quintal,2026-05-21,0,4305.0,4350.0,4550.0,4305.0,4851.0,4400.0,4310.0,4372.142857142857,4450.857142857143,4416.266666666666,152.66677063835385,171.9328389194508,270.9555165594987,-30.0,-0.6968641114982632,-275.0,-6.043956043956045,-30.0,-0.6968641114982632,-576.0,-11.873840445269012,0.0,0.0,2026,5,21,3,141,21,0,0.49999999999999994,-0.8660254037844387,0.6564105761979381,-0.7544038410927472,4400.0,4575.0,4901.0,300.0,626.0
Maharashtra,Palghar,APMC Palghar,Cereals,Rice,1009 Kar,Local,4400.0,4400.0,4400.0,Rs./Quintal,2026-05-22,0,4275.0,4305.0,4350.0,4125.0,4801.0,4125.0,4326.666666666667,4411.428571428572,4422.214285714285,4425.433333333333,107.03248283092871,139.44735900714227,265.3558032130678,125.0,2.923976608187129,50.0,1.1494252873563315,275.0,6.666666666666665,-401.0,-8.35242657779629,0.0,0.0,2026,5,22,4,142,21,0,0.49999999999999994,-0.8660254037844387,0.6433365204044917,-0.765583517007675,4550.0,4725.0,4850.0,325.0,450.0
Maharashtra,Palghar,APMC Palghar,Cereals,Rice,1009 Kar,Local,4550.0,4550.0,4550.0,Rs./Quintal,2026-05-24,0,4400.0,4275.0,4305.0,4500.0,4601.0,4025.0,4408.333333333333,4418.571428571428,4418.571428571428,4442.933333333333,115.27916426781711,135.01322686526802,255.1524133199417,150.0,3.409090909090917,245.0,5.691056910569103,50.0,1.1111111111111072,-51.0,-1.1084546837644038,0.0,0.0,2026,5,24,6,144,21,1,0.49999999999999994,-0.8660254037844387,0.6166212130956382,-0.7872599821916922,4575.0,4601.0,4600.0,51.0,50.0
Maharashtra,Palghar,APMC Palghar,Cereals,Rice,1009 Kar,Local,4575.0,4575.0,4575.0,Rs./Quintal,2026-05-25,0,4550.0,4400.0,4275.0,4500.0,4400.0,4250.0,4508.333333333333,4429.285714285715,4431.071428571428,4453.766666666666,126.99831269970497,141.1243119684637,253.57290774101202,25.0,0.5494505494505475,300.0,7.017543859649122,75.0,1.6666666666666607,175.0,3.9772727272727293,0.0,0.0,2026,5,25,0,145,22,0,0.49999999999999994,-0.8660254037844387,0.6029878670694714,-0.7977503570459932,4725.0,4851.0,4700.0,276.0,125.0
Maharashtra,Palghar,APMC Palghar,Cereals,Rice,1009 Kar,Local,4725.0,4725.0,4725.0,Rs./Quintal,2026-05-26,0,4575.0,4550.0,4400.0,4550.0,4450.0,4125.0,4616.666666666667,4454.285714285715,4450.714285714285,4473.766666666666,165.96758145866514,161.6127511017681,250.389859237944,150.0,3.2786885245901676,325.0,7.3863636363636465,175.0,3.8461538461538547,275.0,6.17977528089888,0.0,0.0,2026,5,26,1,146,22,0,0.49999999999999994,-0.8660254037844387,0.5891760872322963,-0.8080046647350754,4601.0,4901.0,4901.0,176.0,176.0
Maharashtra,Palghar,APMC Palghar,Cereals,Rice,1009 Kar,Local,4601.0,4601.0,4601.0,Rs./Quintal,2026-05-27,0,4725.0,4575.0,4550.0,4350.0,4600.0,3850.0,4633.666666666667,4490.142857142857,4450.785714285715,4498.8,166.79371348208338,161.6840121354629,221.7843624971742,-124.0,-2.624338624338629,51.0,1.1208791208791258,251.0,5.770114942528726,1.0,0.02173913043477249,0.0,0.0,2026,5,27,2,147,22,0,0.49999999999999994,-0.8660254037844387,0.5751899607119775,-0.8180198708443175,4851.0,4850.0,4550.0,249.0,-51.0
Maharashtra,Palghar,APMC Palghar,Cereals,Rice,1009 Kar,Local,4851.0,4851.0,4851.0,Rs./Quintal,2026-05-28,0,4601.0,4725.0,4575.0,4305.0,4550.0,4025.0,4725.666666666667,4568.142857142857,4472.285714285715,4526.333333333333,191.60413058476374,192.89272768978364,211.99192133816297,250.0,5.433601391001952,276.0,6.032786885245911,546.0,12.682926829268283,301.0,6.615384615384623,0.0,0.0,2026,5,28,3,148,22,0,0.49999999999999994,-0.8660254037844387,0.5610336262283677,-0.8277930117131022,4901.0,4600.0,4600.0,-251.0,-251.0
Maharashtra,Palghar,APMC Palghar,Cereals,Rice,1009 Kar,Local,4901.0,4901.0,4901.0,Rs./Quintal,2026-05-29,0,4851.0,4601.0,4725.0,4275.0,4305.0,4125.0,4784.333333333333,4657.571428571428,4514.857142857143,4552.2,177.5536136334203,217.3507824631949,208.65007829477588,50.0,1.030715316429598,176.0,3.724867724867731,626.0,14.64327485380117,596.0,13.844367015098724,0.0,0.0,2026,5,29,4,149,22,0,0.49999999999999994,-0.8660254037844387,0.5467112728685939,-0.8373211953118121,4850.0,4700.0,4825.0,-201.0,-76.0
Maharashtra,Palghar,APMC Palghar,Cereals,Rice,1009 Kar,Local,4850.0,4850.0,4850.0,Rs./Quintal,2026-05-30,0,4901.0,4851.0,4601.0,4400.0,4125.0,4250.0,4867.333333333333,4721.857142857143,4566.642857142857,4572.2,147.70965729140025,203.22878624948717,207.43680383723927,-51.0,-1.0406039583758409,249.0,5.411866985437941,450.0,10.22727272727273,725.0,17.575757575757578,0.0,0.0,2026,5,30,5,150,22,1,0.49999999999999994,-0.8660254037844387,0.5322271388474397,-0.8466016020976267,4600.0,4901.0,4851.0,51.0,1.0
Maharashtra,Palghar,APMC Palghar,Cereals,Rice,1009 Kar,Local,4600.0,4600.0,4600.0,Rs./Quintal,2026-05-31,0,4850.0,4901.0,4851.0,4550.0,4500.0,4500.0,4783.666666666667,4729.0,4573.785714285715,4575.533333333334,138.96402412135325,202.46222005463315,207.03968190919315,-250.0,-5.154639175257736,-251.0,-5.174190888476604,50.0,1.098901098901095,100.0,2.2222222222222143,0.0,0.0,2026,5,31,6,151,22,1,0.49999999999999994,-0.8660254037844387,0.5175855102531889,-0.8556314858488706,4700.0,4550.0,4540.0,-50.0,-60.0
Maharashtra,Palghar,APMC Palghar,Cereals,Rice,1009 Kar,Local,4700.0,4700.0,4700.0,Rs./Quintal,2026-06-01,0,4600.0,4850.0,4901.0,4575.0,4500.0,4350.0,4716.666666666667,4746.857142857143,4588.071428571428,4587.2,122.98974018378998,203.906262131068,203.7274040781363,100.0,2.1739130434782705,-201.0,-4.10120383595185,125.0,2.732240437158473,200.0,4.444444444444451,0.0,0.0,2026,6,1,0,152,23,0,1.2246467991473532e-16,-1.0,0.5027907197793043,-0.8644081744776648,4901.0,4600.0,4500.0,-100.0,-200.0
Maharashtra,Palghar,APMC Palghar,Cereals,Rice,1009 Kar,Local,4901.0,4901.0,4901.0,Rs./Quintal,2026-06-02,0,4700.0,4600.0,4850.0,4725.0,4550.0,4700.0,4733.666666666667,4772.0,4613.142857142857,4593.9,135.16409779720783,219.82260580290182,210.74913179352978,201.0,4.2765957446808445,51.0,1.051546391752578,176.0,3.724867724867731,351.0,7.714285714285718,0.0,0.0,2026,6,2,1,153,23,0,1.2246467991473532e-16,-1.0,0.4878471454423119,-0.8729290708206411,4550.0,4825.0,4035.0,-76.0,-866.0
Maharashtra,Palghar,APMC Palghar,Cereals,Rice,1009 Kar,Local,4550.0,4550.0,4550.0,Rs./Quintal,2026-06-03,0,4901.0,4700.0,4600.0,4601.0,4350.0,4600.0,4717.0,4764.714285714285,4627.428571428572,4592.233333333334,146.79204597628805,207.56304483799002,210.89688333946827,-351.0,-7.161803713527847,-50.0,-1.0869565217391353,-51.0,-1.1084546837644038,200.0,4.597701149425282,0.0,0.0,2026,6,3,2,154,23,0,1.2246467991473532e-16,-1.0,0.47275920928627757,-0.881191653407483,4600.0,4851.0,4305.0,301.0,-245.0
Maharashtra,Palghar,APMC Palghar,Cereals,Rice,1009 Kar,Local,4600.0,4600.0,4600.0,Rs./Quintal,2026-06-04,0,4550.0,4901.0,4700.0,4851.0,4305.0,4950.0,4683.666666666667,4728.857142857143,4648.5,4580.566666666667,152.73771480485667,186.1859079191872,199.81261624131196,50.0,1.098901098901095,-100.0,-2.127659574468088,-251.0,-5.174190888476604,295.0,6.852497096399546,0.0,0.0,2026,6,4,3,155,23,0,1.2246467991473532e-16,-1.0,0.4575313760742512,-0.8891934772070711,4825.0,4540.0,4295.0,-60.0,-305.0
Maharashtra,Palghar,APMC Palghar,Cereals,Rice,1009 Kar,Local,4825.0,4825.0,4825.0,Rs./Quintal,2026-06-05,0,4600.0,4550.0,4901.0,4901.0,4275.0,4700.0,4658.333333333333,4718.0,4687.785714285715,4584.733333333334,140.68759717899903,157.0620546503468,203.65537715385904,225.0,4.891304347826098,-76.0,-1.5507039379718424,-76.0,-1.5507039379718424,550.0,12.865497076023402,0.0,0.0,2026,6,5,4,156,23,0,1.2246467991473532e-16,-1.0,0.44216815196707204,-0.8969321743510065,4851.0,4500.0,4400.0,-325.0,-425.0
Maharashtra,Palghar,APMC Palghar,Cereals,Rice,1009 Kar,Local,4851.0,4851.0,4851.0,Rs./Quintal,2026-06-06,0,4825.0,4600.0,4550.0,4850.0,4400.0,4750.0,4758.666666666667,4718.142857142857,4720.0,4588.1,140.8443923524936,138.66950194339805,207.2841378231964,26.0,0.5388601036269369,301.0,6.615384615384623,1.0,0.020618556701035295,451.0,10.250000000000004,0.0,0.0,2026,6,6,5,157,23,1,1.2246467991473532e-16,-1.0,0.42667408318992467,-0.9044054548343001,4540.0,4035.0,4450.0,-816.0,-401.0
Maharashtra,Palghar,APMC Palghar,Cereals,Rice,1009 Kar,Local,4540.0,4540.0,4540.0,Rs./Quintal,2026-06-07,0,4851.0,4825.0,4600.0,4600.0,4550.0,4851.0,4738.666666666667,4709.571428571428,4719.285714285715,4577.733333333334,150.71259308460625,139.63492431305067,201.37526015452156,-311.0,-6.4110492681921265,-60.0,-1.30434782608696,-60.0,-1.30434782608696,-10.0,-0.219780219780219,0.0,0.0,2026,6,7,6,158,23,1,1.2246467991473532e-16,-1.0,0.4110537546870351,-0.9116111071930239,4500.0,4305.0,4600.0,-235.0,60.0
Maharashtra,Palghar,APMC Palghar,Cereals,Rice,1009 Kar,Local,4500.0,4500.0,4500.0,Rs./Quintal,2026-06-08,0,4540.0,4851.0,4825.0,4700.0,4575.0,4801.0,4630.333333333333,4681.0,4713.928571428572,4567.7,170.48949136726097,146.84867369858097,197.32541825537206,-40.0,-0.8810572687224627,-325.0,-6.735751295336789,-200.0,-4.255319148936165,-75.0,-1.6393442622950838,0.0,0.0,2026,6,8,0,159,24,0,1.2246467991473532e-16,-1.0,0.3953117887649151,-0.9185469991587165,4035.0,4295.0,4550.0,-205.0,50.0
Maharashtra,Palghar,APMC Palghar,Cereals,Rice,1009 Kar,Local,4035.0,4035.0,4035.0,Rs./Quintal,2026-06-09,0,4500.0,4540.0,4851.0,4901.0,4725.0,4601.0,4358.333333333333,4557.285714285715,4664.642857142857,4548.833333333333,269.62301724551145,233.23036058562528,219.8090210776817,-465.0,-10.33333333333334,-816.0,-16.821273964131112,-866.0,-17.669863293205466,-690.0,-14.603174603174606,0.0,0.0,2026,6,9,1,160,24,0,1.2246467991473532e-16,-1.0,0.37945284372454435,-0.925211078289358,4305.0,4400.0,4700.0,365.0,665.0
Maharashtra,Palghar,APMC Palghar,Cereals,Rice,1009 Kar,Local,4305.0,4305.0,4305.0,Rs./Quintal,2026-06-10,0,4035.0,4500.0,4540.0,4550.0,4601.0,4400.0,4280.0,4522.285714285715,4643.5,4545.666666666667,286.12335002333117,252.09697462560806,222.6925100289428,270.0,6.691449814126393,-235.0,-5.176211453744495,-245.0,-5.384615384615388,-296.0,-6.433384046946311,0.0,0.0,2026,6,10,2,161,24,0,1.2246467991473532e-16,-1.0,0.36348161248290634,-0.9316013725767187,4295.0,4450.0,4605.0,145.0,300.0
Maharashtra,Palghar,APMC Palghar,Cereals,Rice,1009 Kar,Local,4295.0,4295.0,4295.0,Rs./Quintal,2026-06-11,0,4305.0,4035.0,4500.0,4600.0,4851.0,4450.0,4211.666666666667,4478.714285714285,4603.785714285715,4540.5,295.3894120680485,260.5471103338068,226.7497101089327,-10.0,-0.23228803716608404,-205.0,-4.555555555555557,-305.0,-6.630434782608696,-556.0,-11.461554318697175,0.0,0.0,2026,6,11,3,162,24,0,1.2246467991473532e-16,-1.0,0.3474028211842774,-0.9377159910299093,4400.0,4600.0,4851.0,305.0,556.0
Maharashtra,Palghar,APMC Palghar,Cereals,Rice,1009 Kar,Local,4400.0,4400.0,4400.0,Rs./Quintal,2026-06-12,0,4295.0,4305.0,4035.0,4825.0,4901.0,4600.0,4333.333333333333,4418.0,4568.0,4533.833333333333,252.98484803113482,250.808845384443,227.8773238228102,105.0,2.4447031431897637,365.0,9.045848822800506,-425.0,-8.808290155440412,-501.0,-10.222403591103857,0.0,0.0,2026,6,12,4,163,24,0,1.2246467991473532e-16,-1.0,0.3312212278016865,-0.9435531242349544,4450.0,4550.0,4545.0,150.0,145.0
Maharashtra,Palghar,APMC Palghar,Cereals,Rice,1009 Kar,Local,4450.0,4450.0,4450.0,Rs./Quintal,2026-06-13,0,4400.0,4295.0,4305.0,4851.0,4850.0,4550.0,4381.666666666667,4360.714285714285,4539.428571428572,4530.5,170.57326313124665,238.70442433646465,228.36355618422496,50.0,1.1363636363636465,145.0,3.3681765389082408,-401.0,-8.266336837765408,-400.0,-8.247422680412376,0.0,0.0,2026,6,13,5,164,24,1,1.2246467991473532e-16,-1.0,0.31494162072895193,-0.9491110448902284,4600.0,4700.0,4601.0,250.0,151.0
Maharashtra,Palghar,APMC Palghar,Cereals,Rice,1009 Kar,Local,4600.0,4600.0,4600.0,Rs./Quintal,2026-06-14,0,4450.0,4400.0,4295.0,4540.0,4600.0,4305.0,4483.333333333333,4369.285714285715,4539.428571428572,4540.333333333333,182.19560394049412,238.70442433646465,224.63968595452894,150.0,3.370786516853941,305.0,7.101280558789291,60.0,1.3215859030837107,0.0,0.0,0.0,0.0,2026,6,14,6,165,24,1,1.2246467991473532e-16,-1.0,0.2985688173637202,-0.9543881083175908,4550.0,4605.0,4540.0,5.0,-60.0
Maharashtra,Palghar,APMC Palghar,Cereals,Rice,1009 Kar,Local,4550.0,4550.0,4550.0,Rs./Quintal,2026-06-15,0,4600.0,4450.0,4400.0,4500.0,4700.0,4125.0,4533.333333333333,4376.428571428572,4528.714285714285,4554.5,189.02632721649022,234.26790337016175,210.50002047670202,-50.0,-1.0869565217391353,150.0,3.409090909090917,50.0,1.1111111111111072,-150.0,-3.1914893617021267,0.0,0.0,2026,6,15,0,166,25,0,1.2246467991473532e-16,-1.0,0.2821076626819194,-0.9593827529490743,4700.0,4851.0,4450.0,301.0,-100.0
Maharashtra,Palghar,APMC Palghar,Cereals,Rice,1009 Kar,Local,4700.0,4700.0,4700.0,Rs./Quintal,2026-06-16,0,4550.0,4600.0,4450.0,4035.0,4901.0,4500.0,4616.666666666667,4471.428571428572,4514.357142857143,4561.166666666667,152.38969468970492,215.06979444709924,211.8770110608848,150.0,3.296703296703307,250.0,5.617977528089879,665.0,16.480793060718703,-201.0,-4.10120383595185,0.0,0.0,2026,6,16,1,167,25,0,1.2246467991473532e-16,-1.0,0.26556302780405594,-0.9640935007889755,4605.0,4545.0,4575.0,-155.0,-125.0
Maharashtra,Palghar,APMC Palghar,Cereals,Rice,1009 Kar,Local,4605.0,4605.0,4605.0,Rs./Quintal,2026-06-17,0,4700.0,4550.0,4600.0,4305.0,4550.0,4500.0,4618.333333333333,4514.285714285715,4518.285714285715,4564.666666666667,139.41630020161486,216.26992698635266,211.69892957124642,-95.0,-2.021276595744681,5.0,0.10869565217390686,300.0,6.968641114982588,55.0,1.2087912087912045,0.0,0.0,2026,6,17,2,168,25,0,1.2246467991473532e-16,-1.0,0.24893980855376657,-0.9685189578512204,4851.0,4601.0,4350.0,-4.0,-255.0
Maharashtra,Palghar,APMC Palghar,Cereals,Rice,1009 Kar,Local,4851.0,4851.0,4851.0,Rs./Quintal,2026-06-18,0,4605.0,4700.0,4550.0,4295.0,4600.0,4550.0,4718.666666666667,4593.714285714285,4536.214285714285,4574.7,151.51976140173747,233.2984811752578,218.0183715764109,246.0,5.34201954397393,301.0,6.615384615384623,556.0,12.94528521536671,251.0,5.456521739130427,0.0,0.0,2026,6,18,3,169,25,0,1.2246467991473532e-16,-1.0,0.23224292400907015,-0.9726578145718654,4545.0,4540.0,4295.0,-311.0,-556.0
Maharashtra,Palghar,APMC Palghar,Cereals,Rice,1009 Kar,Local,4545.0,4545.0,4545.0,Rs./Quintal,2026-06-19,0,4851.0,4605.0,4700.0,4400.0,4825.0,4350.0,4667.0,4614.428571428572,4516.214285714285,4581.2,128.83692165273735,218.147155192733,213.95719842674868,-306.0,-6.307977736549164,-155.0,-3.297872340425534,145.0,3.295454545454546,-280.0,-5.803108808290158,0.0,0.0,2026,6,19,4,170,25,0,1.2246467991473532e-16,-1.0,0.21547731504673012,-0.976508846196619,4601.0,4450.0,4650.0,-95.0,105.0
Maharashtra,Palghar,APMC Palghar,Cereals,Rice,1009 Kar,Local,4601.0,4601.0,4601.0,Rs./Quintal,2026-06-20,0,4545.0,4851.0,4605.0,4450.0,4851.0,4305.0,4665.666666666667,4636.0,4498.357142857143,4591.066666666667,107.61040841852174,197.92951625918406,207.5088586947171,56.0,1.2321232123212233,-4.0,-0.0868621064060826,151.0,3.3932584269662946,-250.0,-5.153576582148012,0.0,0.0,2026,6,20,5,171,25,1,1.2246467991473532e-16,-1.0,0.19864794288017112,-0.9800709131432666,4540.0,4575.0,4550.0,-26.0,-51.0
Maharashtra,Palghar,APMC Palghar,Cereals,Rice,1009 Kar,Local,4540.0,4540.0,4540.0,Rs./Quintal,2026-06-21,0,4601.0,4545.0,4851.0,4600.0,4540.0,4275.0,4562.0,4627.428571428572,4498.357142857143,4599.9,113.20020191804797,197.92951625918406,199.0587073340921,-61.0,-1.3257987394044823,-311.0,-6.4110492681921265,-60.0,-1.30434782608696,0.0,0.0,0.0,0.0,2026,6,21,6,172,25,1,1.2246467991473532e-16,-1.0,0.18175978759137534,-0.9833429613388902,4450.0,4350.0,4601.0,-190.0,61.0
Maharashtra,Palghar,APMC Palghar,Cereals,Rice,1009 Kar,Local,4450.0,4450.0,4450.0,Rs./Quintal,2026-06-22,0,4540.0,4601.0,4545.0,4550.0,4500.0,4400.0,4530.333333333333,4613.142857142857,4494.785714285715,4601.566666666667,129.70662868107675,198.34824796939526,197.5307367323513,-90.0,-1.982378854625555,-95.0,-2.0902090209020896,-100.0,-2.197802197802201,-50.0,-1.1111111111111072,0.0,0.0,2026,6,22,0,173,26,0,1.2246467991473532e-16,-1.0,0.16481784665719793,-0.9863240225317866,4575.0,4295.0,4305.0,-155.0,-145.0
Maharashtra,Palghar,APMC Palghar,Cereals,Rice,1009 Kar,Local,4575.0,4575.0,4575.0,Rs./Quintal,2026-06-23,0,4450.0,4540.0,4601.0,4700.0,4035.0,4550.0,4521.666666666667,4595.285714285715,4533.357142857143,4602.4,124.24534100684043,148.23298041771042,197.35834728073144,125.0,2.8089887640449396,-26.0,-0.565094544664202,-125.0,-2.659574468085102,540.0,13.382899628252787,0.0,0.0,2026,6,23,1,174,26,0,1.2246467991473532e-16,-1.0,0.14782713347053048,-0.9890132145779883,4350.0,4650.0,4500.0,75.0,-75.0
Maharashtra,Palghar,APMC Palghar,Cereals,Rice,1009 Kar,Local,4350.0,4350.0,4350.0,Rs./Quintal,2026-06-24,0,4575.0,4450.0,4540.0,4605.0,4305.0,4575.0,4458.333333333333,4558.857142857143,4536.571428571428,4594.9,154.59778843980186,143.3064034672773,202.6400494847326,-225.0,-4.918032786885251,-190.0,-4.185022026431717,-255.0,-5.537459283387625,45.0,1.0452961672473782,0.0,0.0,2026,6,24,2,175,26,0,1.2246467991473532e-16,-1.0,0.13079267585675922,-0.9914097417023038,4295.0,4550.0,4551.0,200.0,201.0
Maharashtra,Palghar,APMC Palghar,Cereals,Rice,1009 Kar,Local,4295.0,4295.0,4295.0,Rs./Quintal,2026-06-25,0,4350.0,4575.0,4450.0,4851.0,4295.0,4725.0,4406.666666666667,4479.428571428572,4536.571428571428,4580.566666666667,117.97860984498179,143.3064034672773,208.2502942554312,-55.0,-1.2643678160919491,-155.0,-3.483146067415732,-556.0,-11.461554318697175,0.0,0.0,0.0,0.0,2026,6,25,3,176,26,0,1.2246467991473532e-16,-1.0,0.11371951458594969,-0.9935128947338007,4650.0,4601.0,4540.0,306.0,245.0
Maharashtra,Palghar,APMC Palghar,Cereals,Rice,1009 Kar,Local,4650.0,4650.0,4650.0,Rs./Quintal,2026-06-28,0,4295.0,4350.0,4575.0,4545.0,4400.0,4601.0,4431.666666666667,4494.428571428572,4554.428571428572,4582.2,133.37523151228015,140.5285157406296,208.6079312143229,355.0,8.265424912689179,75.0,1.6393442622950838,105.0,2.310231023102305,250.0,5.681818181818188,0.0,0.0,2026,6,28,6,179,26,1,1.2246467991473532e-16,-1.0,0.062318379354325076,-0.998056320853012,4550.0,4305.0,4350.0,-345.0,-300.0
Maharashtra,Palghar,APMC Palghar,Cereals,Rice,1009 Kar,Local,4550.0,4550.0,4550.0,Rs./Quintal,2026-06-29,0,4650.0,4295.0,4350.0,4601.0,4450.0,4851.0,4498.333333333333,4487.142857142857,4561.571428571428,4572.166666666667,127.86246331043183,137.31699109708393,202.3793098552163,-100.0,-2.1505376344086002,200.0,4.597701149425282,-51.0,-1.1084546837644038,100.0,2.2471910112359605,0.0,0.0,2026,6,29,0,180,27,0,1.2246467991473532e-16,-1.0,0.04514101777397193,-0.9989806246941579,4601.0,4500.0,4275.0,-50.0,-275.0
Maharashtra,Palghar,APMC Palghar,Cereals,Rice,1009 Kar,Local,4601.0,4601.0,4601.0,Rs./Quintal,2026-06-30,0,4550.0,4650.0,4295.0,4540.0,4600.0,4901.0,4600.333333333333,4495.857142857143,4561.642857142857,4562.166666666667,133.99680166759512,137.33877660893933,192.7535648998781,51.0,1.1208791208791258,306.0,7.1245634458672935,61.0,1.3436123348017581,1.0,0.02173913043477249,0.0,0.0,2026,6,30,1,181,27,0,1.2246467991473532e-16,-1.0,0.02795029824021032,-0.999609314096404,4305.0,4551.0,4350.0,-50.0,-251.0
Maharashtra,Palghar,APMC Palghar,Cereals,Rice,1009 Kar,Local,4305.0,4305.0,4305.0,Rs./Quintal,2026-07-01,0,4601.0,4550.0,4650.0,4450.0,4550.0,4850.0,4485.333333333333,4475.142857142857,4544.142857142857,4544.0,152.23384268008522,153.58478347247305,190.3581017360542,-296.0,-6.433384046946311,-345.0,-7.41935483870968,-145.0,-3.2584269662921383,-245.0,-5.384615384615388,0.0,0.0,2026,7,1,2,182,27,0,-0.4999999999999998,-0.8660254037844388,0.01075130776352193,-0.9999422030204416,4500.0,4540.0,4400.0,235.0,95.0
Maharashtra,Palghar,APMC Palghar,Cereals,Rice,1009 Kar,Local,4500.0,4500.0,4500.0,Rs./Quintal,2026-07-02,0,4305.0,4601.0,4550.0,4575.0,4700.0,4600.0,4468.666666666667,4464.428571428572,4529.857142857143,4540.666666666667,146.56836532583645,147.13879221954008,190.21917183432262,195.0,4.529616724738683,-50.0,-1.098901098901095,-75.0,-1.6393442622950838,-200.0,-4.255319148936165,0.0,0.0,2026,7,2,3,183,27,0,-0.4999999999999998,-0.8660254037844388,-0.00645086419810515,-0.9999791929590823,4551.0,4350.0,4450.0,-150.0,-50.0
Maharashtra,Palghar,APMC Palghar,Cereals,Rice,1009 Kar,Local,4551.0,4551.0,4551.0,Rs./Quintal,2026-07-03,0,4500.0,4305.0,4601.0,4350.0,4605.0,4700.0,4452.0,4493.142857142857,4526.0,4535.7,139.95407409984495,145.71837960204948,187.84589245002672,51.0,1.1333333333333417,-50.0,-1.0867202782003926,201.0,4.620689655172416,-54.0,-1.1726384364820874,0.0,0.0,2026,7,3,4,184,27,0,-0.4999999999999998,-0.8660254037844388,-0.023651127245231586,-0.9997202729664083,4540.0,4275.0,4575.0,-276.0,24.0
Maharashtra,Palghar,APMC Palghar,Cereals,Rice,1009 Kar,Local,4540.0,4540.0,4540.0,Rs./Quintal,2026-07-04,0,4551.0,4500.0,4305.0,4295.0,4851.0,4901.0,4530.333333333333,4528.142857142857,4503.785714285715,4523.666666666667,109.45536163422094,112.21626001159554,174.7438190576498,-11.0,-0.24170511975389886,235.0,5.458768873403019,245.0,5.704307334109426,-311.0,-6.4110492681921265,0.0,0.0,2026,7,4,5,185,27,1,-0.4999999999999998,-0.8660254037844388,-0.04084439154329611,-0.9991655196610109,4350.0,4350.0,4600.0,-190.0,60.0
Maharashtra,Palghar,APMC Palghar,Cereals,Rice,1009 Kar,Local,4350.0,4350.0,4350.0,Rs./Quintal,2026-07-05,0,4540.0,4551.0,4500.0,4650.0,4545.0,4550.0,4480.333333333333,4485.285714285715,4489.857142857143,4517.0,112.48068617281277,118.62601682655026,177.49793587921334,-190.0,-4.185022026431717,-150.0,-3.3333333333333326,-300.0,-6.451612903225811,-195.0,-4.290429042904287,0.0,0.0,2026,7,5,6,186,27,1,-0.4999999999999998,-0.8660254037844388,-0.05802556932878035,-0.9983150972033183,4275.0,4400.0,4605.0,50.0,255.0
Maharashtra,Palghar,APMC Palghar,Cereals,Rice,1009 Kar,Local,4275.0,4275.0,4275.0,Rs./Quintal,2026-07-06,0,4350.0,4540.0,4551.0,4550.0,4601.0,4600.0,4388.333333333333,4446.0,4466.571428571428,4506.166666666667,132.37572788595162,126.84255187843823,182.11536384151765,-75.0,-1.7241379310344862,-276.0,-6.06460118655241,-275.0,-6.043956043956045,-326.0,-7.085416213866546,0.0,0.0,2026,7,6,0,187,28,0,-0.4999999999999998,-0.8660254037844388,-0.07518957641475855,-0.9971692572470178,4350.0,4450.0,4850.0,175.0,575.0
Maharashtra,Palghar,APMC Palghar,Cereals,Rice,1009 Kar,Local,4350.0,4350.0,4350.0,Rs./Quintal,2026-07-07,0,4275.0,4350.0,4540.0,4601.0,4540.0,4825.0,4325.0,4410.142857142857,4453.0,4490.333333333333,116.42655563549575,128.53493987718758,173.90313065202847,75.0,1.7543859649122862,-190.0,-4.185022026431717,-251.0,-5.455335796565963,-190.0,-4.185022026431717,0.0,0.0,2026,7,7,1,188,28,0,-0.4999999999999998,-0.8660254037844388,-0.09233133369539123,-0.9957283388645872,4400.0,4575.0,5275.0,225.0,925.0
Maharashtra,Palghar,APMC Palghar,Cereals,Rice,1009 Kar,Local,4400.0,4400.0,4400.0,Rs./Quintal,2026-07-08,0,4350.0,4275.0,4350.0,4305.0,4450.0,4851.0,4341.666666666667,4423.714285714285,4449.428571428572,4475.3,107.30752425579036,129.31697151140145,160.63734052957744,50.0,1.1494252873563315,50.0,1.1494252873563315,95.0,2.2067363530778206,-50.0,-1.1235955056179803,0.0,0.0,2026,7,8,2,189,28,0,-0.4999999999999998,-0.8660254037844388,-0.10944576864891556,-0.993992768446958,4450.0,4600.0,5151.0,200.0,751.0
Maharashtra,Palghar,APMC Palghar,Cereals,Rice,1009 Kar,Local,4450.0,4450.0,4450.0,Rs./Quintal,2026-07-09,0,4400.0,4350.0,4275.0,4500.0,4575.0,4540.0,4400.0,4416.571428571428,4440.5,4472.3,102.95930772699157,124.19386210524647,160.2272416461035,50.0,1.1363636363636465,175.0,4.093567251461994,-50.0,-1.1111111111111072,-125.0,-2.732240437158473,0.0,0.0,2026,7,9,3,190,28,0,-0.4999999999999998,-0.8660254037844388,-0.12652781683868314,-0.9919630595773397,4575.0,4605.0,5250.0,155.0,800.0
Maharashtra,Palghar,APMC Palghar,Cereals,Rice,1009 Kar,Local,4575.0,4575.0,4575.0,Rs./Quintal,2026-07-10,0,4450.0,4400.0,4350.0,4551.0,4350.0,4500.0,4475.0,4420.0,4456.571428571428,4474.8,108.43584893076465,126.12491627547641,161.25614663505957,125.0,2.8089887640449396,225.0,5.1724137931034475,24.0,0.5273566249176076,225.0,5.1724137931034475,0.0,0.0,2026,7,10,4,191,28,0,-0.4999999999999998,-0.8660254037844388,-0.1435724234118113,-0.9896398128792412,4600.0,4850.0,4825.0,275.0,250.0
Maharashtra,Palghar,APMC Palghar,Cereals,Rice,1009 Kar,Local,4600.0,4600.0,4600.0,Rs./Quintal,2026-07-12,0,4575.0,4450.0,4400.0,4540.0,4295.0,4035.0,4541.666666666667,4428.571428571428,4478.357142857143,4493.633333333333,121.13058675504425,122.35484784515089,139.66869254833995,25.0,0.5464480874316946,200.0,4.545454545454541,60.0,1.3215859030837107,305.0,7.101280558789291,0.0,0.0,2026,7,12,6,193,28,1,-0.4999999999999998,-0.8660254037844388,-0.17752914918703497,-0.984115542601034,4605.0,5275.0,4831.0,675.0,231.0
Maharashtra,Palghar,APMC Palghar,Cereals,Rice,1009 Kar,Local,4605.0,4605.0,4605.0,Rs./Quintal,2026-07-13,0,4600.0,4575.0,4450.0,4350.0,4650.0,4305.0,4593.333333333333,4465.0,4475.142857142857,4503.633333333333,131.46609195277478,118.01294397249909,136.39862557032285,5.0,0.10869565217390686,155.0,3.483146067415732,255.0,5.862068965517242,-45.0,-0.9677419354838679,0.0,0.0,2026,7,13,0,194,29,0,-0.4999999999999998,-0.8660254037844388,-0.19443122004766195,-0.9809161537413774,4850.0,5151.0,5001.0,546.0,396.0
Maharashtra,Palghar,APMC Palghar,Cereals,Rice,1009 Kar,Local,4850.0,4850.0,4850.0,Rs./Quintal,2026-07-14,0,4605.0,4600.0,4575.0,4275.0,4550.0,4295.0,4685.0,4547.142857142857,4496.571428571428,4522.133333333333,167.62699521202214,154.30674459845406,144.52150140314103,245.0,5.320304017372424,275.0,6.0109289617486406,575.0,13.450292397660824,300.0,6.593406593406592,0.0,0.0,2026,7,14,1,195,29,0,-0.4999999999999998,-0.8660254037844388,-0.2112757555821793,-0.9774264960104055,5275.0,5250.0,5245.0,400.0,395.0
Maharashtra,Palghar,APMC Palghar,Cereals,Rice,1009 Kar,Local,5275.0,5275.0,5275.0,Rs./Quintal,2026-07-15,0,4850.0,4605.0,4600.0,4350.0,4601.0,4400.0,4910.0,4679.285714285715,4544.714285714285,4551.3,299.24110361920435,259.01215551262726,197.5782952619617,425.0,8.762886597938135,675.0,14.67391304347827,925.0,21.264367816091955,674.0,14.648989350141273,0.0,0.0,2026,7,15,2,196,29,0,-0.4999999999999998,-0.8660254037844388,-0.2280577712215198,-0.9736476020539838,5151.0,4825.0,5410.0,-450.0,135.0
Maharashtra,Palghar,APMC Palghar,Cereals,Rice,1009 Kar,Local,5151.0,5151.0,5151.0,Rs./Quintal,2026-07-16,0,5275.0,4850.0,4605.0,4400.0,4305.0,4450.0,5092.0,4786.571428571428,4605.142857142857,4574.666666666667,316.54744622929223,294.974798700045,224.7662898600981,-124.0,-2.350710900473929,546.0,11.856677524429958,751.0,17.068181818181817,846.0,19.65156794425087,0.0,0.0,2026,7,16,3,197,29,0,-0.4999999999999998,-0.8660254037844388,-0.24477230089725957,-0.9695805901076308,5250.0,4831.0,5320.0,-320.0,169.0
Maharashtra,Palghar,APMC Palghar,Cereals,Rice,1009 Kar,Local,5250.0,5250.0,5250.0,Rs./Quintal,2026-07-17,0,5151.0,5275.0,4850.0,4450.0,4500.0,4600.0,5225.333333333333,4900.857142857143,4658.714285714285,4596.333333333333,319.1840788486742,339.2002876838918,256.39588642315454,99.0,1.921956901572508,400.0,8.247422680412363,800.0,17.97752808988764,750.0,16.666666666666675,0.0,0.0,2026,7,17,4,198,29,0,-0.4999999999999998,-0.8660254037844388,-0.2614143985111562,-0.965226663665613,4825.0,5001.0,5650.0,-249.0,400.0
Maharashtra,Palghar,APMC Palghar,Cereals,Rice,1009 Kar,Local,4825.0,4825.0,4825.0,Rs./Quintal,2026-07-18,0,5250.0,5151.0,5275.0,4575.0,4551.0,4550.0,5075.333333333333,4936.571428571428,4678.285714285715,4605.5,289.2270487251945,340.40980474251154,259.5784048719474,-425.0,-8.0952380952381,-450.0,-8.530805687203792,250.0,5.464480874316946,274.0,6.0206548011426,0.0,0.0,2026,7,18,5,199,29,1,-0.4999999999999998,-0.8660254037844388,-0.2779791393987801,-0.9605871111248129,4831.0,5245.0,5500.0,420.0,675.0
Maharashtra,Palghar,APMC Palghar,Cereals,Rice,1009 Kar,Local,4831.0,4831.0,4831.0,Rs./Quintal,2026-07-19,0,4825.0,5250.0,5151.0,4600.0,4540.0,4700.0,4968.666666666667,4969.571428571428,4699.071428571428,4609.866666666667,255.6546219302242,340.2007245245555,262.31038910017963,6.0,0.1243523316062145,-320.0,-6.2123859444768055,231.0,5.021739130434777,291.0,6.409691629955949,0.0,0.0,2026,7,19,6,200,29,1,-0.4999999999999998,-0.8660254037844388,-0.2944616217868012,-0.9556633054034704,5001.0,5410.0,5101.0,579.0,270.0
Maharashtra,Palghar,APMC Palghar,Cereals,Rice,1009 Kar,Local,5001.0,5001.0,5001.0,Rs./Quintal,2026-07-20,0,4831.0,4825.0,5250.0,4605.0,4350.0,4605.0,4885.666666666667,5026.142857142857,4745.571428571428,4623.066666666667,199.0933018891966,333.2374330911611,271.8474386214815,170.0,3.5189401780169716,-249.0,-4.7428571428571376,396.0,8.599348534201944,651.0,14.965517241379311,0.0,0.0,2026,7,20,0,201,30,0,-0.4999999999999998,-0.8660254037844388,-0.3108569682435036,-0.9504567035349151,5245.0,5320.0,4950.0,319.0,-51.0
Maharashtra,Palghar,APMC Palghar,Cereals,Rice,1009 Kar,Local,5245.0,5245.0,5245.0,Rs./Quintal,2026-07-21,0,5001.0,4831.0,4825.0,4850.0,4275.0,4851.0,5025.666666666667,5082.571428571428,4814.857142857143,4636.2,196.81281897855462,328.6800775930788,292.00866779766704,244.0,4.879024195160975,420.0,8.704663212435237,395.0,8.144329896907209,970.0,22.690058479532162,0.0,0.0,2026,7,21,1,202,30,0,-0.4999999999999998,-0.8660254037844388,-0.3271603271220951,-0.9449688462364056,5410.0,5650.0,4700.0,405.0,-545.0
Maharashtra,Palghar,APMC Palghar,Cereals,Rice,1009 Kar,Local,5410.0,5410.0,5410.0,Rs./Quintal,2026-07-22,0,5245.0,5001.0,4831.0,5275.0,4350.0,4545.0,5218.666666666667,5101.857142857143,4890.571428571428,4665.033333333334,223.6026450137439,335.38077424960176,323.68092881441726,165.0,3.1458531935176337,579.0,11.985096253363704,135.0,2.5592417061611306,1060.0,24.36781609195402,0.0,0.0,2026,7,22,2,203,30,0,-0.4999999999999998,-0.8660254037844388,-0.34336687399638804,-0.939201357453208,5320.0,5500.0,5270.0,90.0,-140.0
Maharashtra,Palghar,APMC Palghar,Cereals,Rice,1009 Kar,Local,5320.0,5320.0,5320.0,Rs./Quintal,2026-07-23,0,5410.0,5245.0,5001.0,5151.0,4400.0,4601.0,5325.0,5126.0,4956.285714285715,4689.0,238.42539014682578,321.718326053521,344.71177365525944,-90.0,-1.6635859519408491,319.0,6.37872425514896,169.0,3.2809163269268193,920.0,20.9090909090909,0.0,0.0,2026,7,23,3,204,30,0,-0.4999999999999998,-0.8660254037844388,-0.3594718130884232,-0.9331559438780432,5650.0,5101.0,5320.0,-219.0,0.0
Maharashtra,Palghar,APMC Palghar,Cereals,Rice,1009 Kar,Local,5650.0,5650.0,5650.0,Rs./Quintal,2026-07-24,1,5320.0,5410.0,5245.0,5250.0,4450.0,4540.0,5460.0,5183.142857142857,5042.0,4726.0,310.2211192958048,335.9935896824379,385.34400215911415,330.0,6.203007518796988,405.0,7.721639656816026,400.0,7.619047619047614,1200.0,26.96629213483146,0.0,0.0,2026,7,24,4,205,30,0,-0.4999999999999998,-0.8660254037844388,-0.3754703786876202,-0.9268343944460494,5500.0,4950.0,5410.0,-700.0,-240.0
Maharashtra,Palghar,APMC Palghar,Cereals,Rice,1009 Kar,Local,5500.0,5500.0,5500.0,Rs./Quintal,2026-07-26,0,5650.0,5320.0,5410.0,4825.0,4575.0,4450.0,5490.0,5279.571428571428,5108.071428571428,4761.0,284.15539008486945,327.94827553833767,406.5141979112807,-150.0,-2.6548672566371723,90.0,1.6635859519408491,675.0,13.989637305699487,925.0,20.21857923497268,0.0,0.0,2026,7,26,6,207,30,1,-0.4999999999999998,-0.8660254037844388,-0.4071294853542516,-0.9133704517637858,5101.0,4700.0,5501.0,-800.0,1.0
Maharashtra,Palghar,APMC Palghar,Cereals,Rice,1009 Kar,Local,5101.0,5101.0,5101.0,Rs./Quintal,2026-07-27,0,5500.0,5650.0,5320.0,4831.0,4600.0,4575.0,5417.0,5318.142857142857,5143.857142857143,4778.533333333334,225.36002941325094,293.799475609011,409.54733071033166,-399.0,-7.2545454545454575,-219.0,-4.116541353383463,270.0,5.588904988615195,501.0,10.89130434782608,0.0,0.0,2026,7,27,0,208,31,0,-0.4999999999999998,-0.8660254037844388,-0.4227806579826773,-0.9062320427107697,4950.0,5270.0,5300.0,169.0,199.0
Maharashtra,Palghar,APMC Palghar,Cereals,Rice,1009 Kar,Local,4950.0,4950.0,4950.0,Rs./Quintal,2026-07-28,0,5101.0,5500.0,5650.0,5001.0,4605.0,4350.0,5183.666666666667,5310.857142857143,5168.5,4798.533333333334,237.8027393810705,257.33060148675753,402.488015099648,-151.0,-2.9602038815918497,-700.0,-12.389380530973447,-51.0,-1.0197960407918427,345.0,7.491856677524433,0.0,0.0,2026,7,28,1,209,31,0,-0.4999999999999998,-0.8660254037844388,-0.4383067230125192,-0.898825465016444,4700.0,5320.0,4950.0,370.0,0.0
Maharashtra,Palghar,APMC Palghar,Cereals,Rice,1009 Kar,Local,4700.0,4700.0,4700.0,Rs./Quintal,2026-07-29,0,4950.0,5101.0,5500.0,5245.0,4850.0,4295.0,4917.0,5233.0,5157.785714285715,4812.033333333334,333.08607496161136,274.18275167974974,391.6629870211159,-250.0,-5.05050505050505,-800.0,-14.54545454545455,-545.0,-10.390848427073408,-150.0,-3.0927835051546393,0.0,0.0,2026,7,29,2,210,31,0,-0.4999999999999998,-0.8660254037844388,-0.45370308603134424,-0.8911529104063088,5270.0,5410.0,4700.0,710.0,0.0
Maharashtra,Palghar,APMC Palghar,Cereals,Rice,1009 Kar,Local,5270.0,5270.0,5270.0,Rs./Quintal,2026-07-30,0,4700.0,4950.0,5101.0,5410.0,5275.0,4650.0,4973.333333333333,5213.0,5157.428571428572,4832.7,324.7865966035733,274.02153601094966,399.1051326361963,570.0,12.127659574468087,169.0,3.3130758674769556,-140.0,-2.5878003696857665,-5.0,-0.09478672985782088,0.0,0.0,2026,7,30,3,211,31,0,-0.4999999999999998,-0.8660254037844388,-0.46896519100763184,-0.8832166493127127,5320.0,5501.0,5345.0,231.0,75.0
Maharashtra,Palghar,APMC Palghar,Cereals,Rice,1009 Kar,Local,5320.0,5320.0,5320.0,Rs./Quintal,2026-07-31,0,5270.0,4700.0,4950.0,5320.0,5151.0,4550.0,5096.666666666667,5213.0,5169.5,4858.366666666667,324.7865966035733,277.41797124416564,405.01345089058844,50.0,0.9487666034155628,370.0,7.4747474747474785,0.0,0.0,169.0,3.2809163269268193,0.0,0.0,2026,7,31,4,212,31,0,-0.4999999999999998,-0.8660254037844388,-0.48408852163897587,-0.8750190302029955,5410.0,5300.0,5240.0,-20.0,-80.0
Maharashtra,Palghar,APMC Palghar,Cereals,Rice,1009 Kar,Local,5410.0,5410.0,5410.0,Rs./Quintal,2026-08-01,0,5320.0,5270.0,4700.0,5650.0,5250.0,4601.0,5333.333333333333,5178.714285714285,5180.928571428572,4885.333333333333,280.6330428903621,284.2021123414437,414.11670296930225,90.0,1.6917293233082775,710.0,15.1063829787234,-240.0,-4.2477876106194685,160.0,3.0476190476190546,0.0,0.0,2026,8,1,5,213,31,1,-0.8660254037844384,-0.5000000000000004,-0.4990686026885319,-0.8665624788845385,5501.0,4950.0,5270.0,-460.0,-140.0
Maharashtra,Palghar,APMC Palghar,Cereals,Rice,1009 Kar,Local,5501.0,5501.0,5501.0,Rs./Quintal,2026-08-02,0,5410.0,5320.0,5270.0,5500.0,4825.0,4305.0,5410.333333333333,5178.857142857143,5229.214285714285,4925.2,280.8240425197635,276.3971998554072,413.8909068324952,91.0,1.682070240295741,231.0,4.383301707779896,1.0,0.01818181818182829,676.0,14.010362694300515,0.0,0.0,2026,8,2,6,214,31,1,-0.8660254037844384,-0.5000000000000004,-0.5139010013093103,-0.8578494977869301,5300.0,4700.0,5201.0,-801.0,-300.0
Maharashtra,Palghar,APMC Palghar,Cereals,Rice,1009 Kar,Local,5300.0,5300.0,5300.0,Rs./Quintal,2026-08-03,0,5501.0,5410.0,5320.0,5101.0,4831.0,4500.0,5403.666666666667,5207.285714285715,5262.714285714285,4951.866666666667,281.7000262014609,251.74236786885433,411.3146067758001,-201.0,-3.6538811125249926,-20.0,-0.3759398496240629,199.0,3.9011958439521655,469.0,9.70813496170566,0.0,0.0,2026,8,3,0,215,32,0,-0.8660254037844384,-0.5000000000000004,-0.5285813283559292,-0.8488826652214553,4950.0,5345.0,4801.0,45.0,-499.0
Maharashtra,Palghar,APMC Palghar,Cereals,Rice,1009 Kar,Local,4950.0,4950.0,4950.0,Rs./Quintal,2026-08-04,0,5300.0,5501.0,5410.0,4950.0,5001.0,4551.0,5250.333333333333,5207.285714285715,5259.071428571428,4965.166666666667,281.7000262014609,256.1512366629407,404.29650124573783,-350.0,-6.6037735849056585,-460.0,-8.50277264325323,0.0,0.0,-51.0,-1.0197960407918427,0.0,0.0,2026,8,4,1,216,32,0,-0.8660254037844384,-0.5000000000000004,-0.5431052396834317,-0.8396646346181327,4700.0,5240.0,4700.0,290.0,-250.0
Maharashtra,Palghar,APMC Palghar,Cereals,Rice,1009 Kar,Local,4700.0,4700.0,4700.0,Rs./Quintal,2026-08-05,0,4950.0,5300.0,5501.0,4700.0,5245.0,4540.0,4983.333333333333,5207.285714285715,5220.142857142857,4970.5,281.7000262014609,296.6637197861587,399.5215889035343,-250.0,-5.05050505050505,-801.0,-14.560988911107076,0.0,0.0,-545.0,-10.390848427073408,0.0,0.0,2026,8,5,2,217,32,0,-0.8660254037844384,-0.5000000000000004,-0.5574684374327892,-0.8301981337405212,5345.0,5270.0,5151.0,570.0,451.0
Maharashtra,Palghar,APMC Palghar,Cereals,Rice,1009 Kar,Local,5345.0,5345.0,5345.0,Rs./Quintal,2026-08-06,0,4700.0,4950.0,5300.0,5270.0,5410.0,4350.0,4998.333333333333,5218.0,5215.5,5003.666666666667,285.87817918360315,293.96016213608743,387.3489323624162,645.0,13.72340425531915,45.0,0.8490566037735903,75.0,1.4231499051233332,-65.0,-1.201478743068396,0.0,0.0,2026,8,6,3,218,32,0,-0.8660254037844384,-0.5000000000000004,-0.5716666713027052,-0.8204859638785327,5240.0,5201.0,4801.0,-144.0,-544.0
Maharashtra,Palghar,APMC Palghar,Cereals,Rice,1009 Kar,Local,5240.0,5240.0,5240.0,Rs./Quintal,2026-08-07,0,5345.0,4700.0,4950.0,5320.0,5320.0,4275.0,5095.0,5206.571428571428,5209.785714285715,5035.833333333333,282.7023506227319,292.54669017793344,364.12361327869326,-105.0,-1.9644527595883976,290.0,5.858585858585852,-80.0,-1.5037593984962405,-80.0,-1.5037593984962405,0.0,0.0,2026,8,7,4,219,32,0,-0.8660254037844384,-0.5000000000000004,-0.5856957398073508,-0.8105309990194823,5270.0,4801.0,5275.0,-439.0,35.0
Maharashtra,Palghar,APMC Palghar,Cereals,Rice,1009 Kar,Local,5270.0,5270.0,5270.0,Rs./Quintal,2026-08-08,0,5240.0,5345.0,4700.0,5410.0,5650.0,4350.0,5285.0,5186.571428571428,5182.642857142857,5066.5,270.6054059221374,264.88157212751713,342.4680956698437,30.0,0.5725190839694694,570.0,12.127659574468087,-140.0,-2.5878003696857665,-380.0,-6.725663716814156,0.0,0.0,2026,8,8,5,220,32,1,-0.8660254037844384,-0.5000000000000004,-0.5995514915196489,-0.8003361849976323,5201.0,4700.0,4700.0,-570.0,-570.0
Maharashtra,Palghar,APMC Palghar,Cereals,Rice,1009 Kar,Local,5201.0,5201.0,5201.0,Rs./Quintal,2026-08-09,0,5270.0,5240.0,5345.0,5501.0,5500.0,4400.0,5237.0,5143.714285714285,5161.285714285715,5093.2,233.7553666305237,248.8967745785433,319.14372505406476,-69.0,-1.3092979127134696,-144.0,-2.694106641721239,-300.0,-5.453553899291041,-299.0,-5.436363636363639,0.0,0.0,2026,8,9,6,221,32,1,-0.8660254037844384,-0.5000000000000004,-0.6132298262997502,-0.7899045386224707,4801.0,5151.0,4850.0,-50.0,-351.0
Maharashtra,Palghar,APMC Palghar,Cereals,Rice,1009 Kar,Local,4801.0,4801.0,4801.0,Rs./Quintal,2026-08-10,0,5201.0,5270.0,5240.0,5300.0,5101.0,4450.0,5090.666666666667,5072.428571428572,5139.857142857143,5104.9,253.4119552184118,266.75942983630625,300.64853463690054,-400.0,-7.690828686791007,-439.0,-8.377862595419849,-499.0,-9.415094339622643,-300.0,-5.88119976475201,0.0,0.0,2026,8,10,0,222,33,0,-0.8660254037844384,-0.5000000000000004,-0.6267266965083301,-0.7792391467859886,4700.0,4801.0,4500.0,0.0,-301.0
Maharashtra,Palghar,APMC Palghar,Cereals,Rice,1009 Kar,Local,4700.0,4700.0,4700.0,Rs./Quintal,2026-08-11,0,4801.0,5201.0,5270.0,4950.0,4950.0,4575.0,4900.666666666667,5036.714285714285,5122.0,5109.066666666667,288.7015265435409,287.970618159344,293.84055415203164,-101.0,-2.1037283899187686,-570.0,-10.815939278937382,-250.0,-5.05050505050505,-250.0,-5.05050505050505,0.0,0.0,2026,8,11,1,223,33,0,-0.8660254037844384,-0.5000000000000004,-0.6400381082043503,-0.7683431655492202,5151.0,5275.0,4800.0,575.0,100.0
Maharashtra,Palghar,APMC Palghar,Cereals,Rice,1009 Kar,Local,5151.0,5151.0,5151.0,Rs./Quintal,2026-08-12,0,4700.0,4801.0,5201.0,4700.0,4700.0,4600.0,4884.0,5101.142857142857,5154.214285714285,5127.433333333333,248.56885603485284,261.1042169094744,277.7008665171449,451.0,9.59574468085107,-50.0,-0.9613535858488786,451.0,9.59574468085107,451.0,9.59574468085107,0.0,0.0,2026,8,12,2,224,33,0,-0.8660254037844384,-0.5000000000000004,-0.65316012232693,-0.7572198192083127,4801.0,4700.0,4700.0,-451.0,-451.0
Maharashtra,Palghar,APMC Palghar,Cereals,Rice,1009 Kar,Local,4801.0,4801.0,4801.0,Rs./Quintal,2026-08-13,0,5151.0,4700.0,4801.0,5345.0,5270.0,4605.0,4884.0,5023.428571428572,5120.714285714285,5133.966666666666,244.62955473045068,274.8318167034618,267.0888375174861,-350.0,-6.794797126771501,0.0,0.0,-544.0,-10.177736202057996,-469.0,-8.89943074003795,0.0,0.0,2026,8,13,3,225,33,0,-0.8660254037844384,-0.5000000000000004,-0.666088855860977,-0.7458723993404063,5275.0,4850.0,4400.0,49.0,-401.0
Maharashtra,Palghar,APMC Palghar,Cereals,Rice,1009 Kar,Local,5275.0,5275.0,5275.0,Rs./Quintal,2026-08-14,0,4801.0,5151.0,4700.0,5240.0,5320.0,4850.0,5075.666666666667,5028.428571428572,5117.5,5148.133333333333,250.09055502814417,272.5756775649613,262.7434481395022,474.0,9.87294313684648,575.0,12.234042553191493,35.0,0.6679389312977069,-45.0,-0.8458646616541388,0.0,0.0,2026,8,14,4,226,33,0,-0.8660254037844384,-0.5000000000000004,-0.6788204829862357,-0.734304263829602,4700.0,4500.0,4600.0,-775.0,-675.0
Maharashtra,Palghar,APMC Palghar,Cereals,Rice,1009 Kar,Local,4700.0,4700.0,4700.0,Rs./Quintal,2026-08-16,0,5275.0,4801.0,5151.0,5270.0,5410.0,5275.0,4925.333333333333,4947.0,5066.785714285715,5128.966666666666,251.11949346874655,279.9189933840514,273.9051539006498,-575.0,-10.900473933649291,-451.0,-8.755581440496996,-570.0,-10.815939278937382,-710.0,-13.123844731977819,0.0,0.0,2026,8,16,6,228,33,1,-0.8660254037844384,-0.5000000000000004,-0.7036774074790128,-0.7105196029692745,4850.0,4800.0,4500.0,100.0,-200.0
Maharashtra,Palghar,APMC Palghar,Cereals,Rice,1009 Kar,Local,4850.0,4850.0,4850.0,Rs./Quintal,2026-08-17,0,4700.0,5275.0,4801.0,5201.0,5501.0,5151.0,4941.666666666667,4896.857142857143,5020.285714285715,5118.933333333333,225.70587687772536,255.2213002237664,278.5438655893835,150.0,3.1914893617021267,49.0,1.0206207040200033,-351.0,-6.7487021726591045,-651.0,-11.834211961461548,0.0,0.0,2026,8,17,0,229,34,0,-0.8660254037844384,-0.5000000000000004,-0.7157953492826642,-0.6983101158835584,4500.0,4700.0,4700.0,-150.0,-150.0
Maharashtra,Palghar,APMC Palghar,Cereals,Rice,1009 Kar,Local,4500.0,4500.0,4500.0,Rs./Quintal,2026-08-18,0,4850.0,4700.0,5275.0,4801.0,5300.0,5250.0,4683.333333333333,4853.857142857143,4963.142857142857,5093.933333333333,271.11585996361373,276.45220956943365,299.261381926651,-350.0,-7.216494845360821,-775.0,-14.691943127962082,-301.0,-6.26952718183712,-800.0,-15.094339622641506,0.0,0.0,2026,8,18,1,230,34,0,-0.8660254037844384,-0.5000000000000004,-0.7277014757264236,-0.6858939875998223,4800.0,4400.0,4825.0,-100.0,325.0
Maharashtra,Palghar,APMC Palghar,Cereals,Rice,1009 Kar,Local,4800.0,4800.0,4800.0,Rs./Quintal,2026-08-19,0,4500.0,4850.0,4700.0,4700.0,4950.0,4825.0,4716.666666666667,4868.142857142857,4952.428571428572,5093.1,264.20410580422424,279.88616210213326,300.06980222425204,300.0,6.666666666666665,100.0,2.127659574468077,100.0,2.127659574468077,-150.0,-3.0303030303030276,0.0,0.0,2026,8,19,2,231,34,0,-0.8660254037844384,-0.5000000000000004,-0.7393922635959241,-0.673274892250183,4700.0,4600.0,4850.0,-200.0,50.0
Maharashtra,Palghar,APMC Palghar,Cereals,Rice,1009 Kar,Local,4700.0,4700.0,4700.0,Rs./Quintal,2026-08-20,0,4800.0,4500.0,4850.0,5151.0,4700.0,4831.0,4666.666666666667,4803.714285714285,4952.428571428572,5088.733333333334,237.35677385581113,279.88616210213326,304.9292663410148,-100.0,-2.083333333333337,-150.0,-3.0927835051546393,-451.0,-8.755581440496996,0.0,0.0,0.0,0.0,2026,8,20,3,232,34,0,-0.8660254037844384,-0.5000000000000004,-0.7508642533989489,-0.6604565640279754,4400.0,4500.0,5151.0,-200.0,451.0
Maharashtra,Palghar,APMC Palghar,Cereals,Rice,1009 Kar,Local,4400.0,4400.0,4400.0,Rs./Quintal,2026-08-21,0,4700.0,4800.0,4500.0,4801.0,5345.0,5001.0,4633.333333333333,4746.428571428572,4884.928571428572,5068.7,282.26338594940006,291.6331901248819,329.63356353214635,-300.0,-6.382978723404253,-100.0,-2.2222222222222254,-401.0,-8.35242657779629,-945.0,-17.6800748362956,0.0,0.0,2026,8,21,4,233,34,0,-0.8660254037844384,-0.5000000000000004,-0.7621140503891487,-0.6474427960827475,4600.0,4700.0,5501.0,300.0,1101.0
Maharashtra,Palghar,APMC Palghar,Cereals,Rice,1009 Kar,Local,4600.0,4600.0,4600.0,Rs./Quintal,2026-08-23,0,4400.0,4700.0,4800.0,5275.0,5240.0,5245.0,4566.666666666667,4650.0,4839.214285714285,5047.2,160.72751268322082,281.684542207554,338.64948820583487,200.0,4.545454545454541,-200.0,-4.1666666666666625,-675.0,-12.796208530805686,-640.0,-12.213740458015266,0.0,0.0,2026,8,23,6,235,34,1,-0.8660254037844384,-0.5000000000000004,-0.7839338166829201,-0.620844401650647,4500.0,4825.0,4400.0,225.0,-200.0
Maharashtra,Palghar,APMC Palghar,Cereals,Rice,1009 Kar,Local,4500.0,4500.0,4500.0,Rs./Quintal,2026-08-24,0,4600.0,4400.0,4700.0,4700.0,5270.0,5410.0,4500.0,4621.428571428572,4784.214285714285,5016.866666666667,167.97108594721735,265.8282205807744,345.7137278286764,-100.0,-2.1739130434782594,-200.0,-4.255319148936165,-200.0,-4.255319148936165,-770.0,-14.61100569259962,0.0,0.0,2026,8,24,0,236,35,0,-0.8660254037844384,-0.5000000000000004,-0.7944973291665992,-0.6072676460566135,4700.0,4850.0,4500.0,350.0,0.0
Maharashtra,Palghar,APMC Palghar,Cereals,Rice,1009 Kar,Local,4700.0,4700.0,4700.0,Rs./Quintal,2026-08-25,0,4500.0,4600.0,4400.0,4850.0,5201.0,5320.0,4600.0,4600.0,4748.428571428572,4996.2,141.42135623731625,237.63149049468026,345.49927890538726,200.0,4.444444444444451,300.0,6.818181818181812,-150.0,-3.0927835051546393,-501.0,-9.632762930205729,0.0,0.0,2026,8,25,1,237,35,0,-0.8660254037844384,-0.5000000000000004,-0.8048257371083452,-0.593511190196115,4825.0,5151.0,4801.0,451.0,101.0
Maharashtra,Palghar,APMC Palghar,Cereals,Rice,1009 Kar,Local,4825.0,4825.0,4825.0,Rs./Quintal,2026-08-26,0,4700.0,4500.0,4600.0,4500.0,4801.0,5650.0,4675.0,4646.428571428572,4750.142857142857,4968.7,155.74322579474844,238.12597091030636,323.8182919584701,125.0,2.659574468085113,225.0,4.891304347826098,325.0,7.222222222222219,24.0,0.49989585503020795,0.0,0.0,2026,8,26,2,238,35,0,-0.8660254037844384,-0.5000000000000004,-0.8149159841660791,-0.5795791048257612,4850.0,5501.0,4975.0,676.0,150.0
Maharashtra,Palghar,APMC Palghar,Cereals,Rice,1009 Kar,Local,4850.0,4850.0,4850.0,Rs./Quintal,2026-08-27,0,4825.0,4700.0,4500.0,4800.0,4700.0,5500.0,4791.666666666667,4653.571428571428,4760.857142857143,4947.033333333334,164.8411934184554,239.06898172279915,308.42296118886816,25.0,0.5181347150259086,350.0,7.777777777777772,50.0,1.041666666666674,150.0,3.1914893617021267,0.0,0.0,2026,8,27,3,239,35,0,-0.8660254037844384,-0.5000000000000004,-0.8247650844733614,-0.5654755126737576,5151.0,4400.0,4600.0,-450.0,-250.0
Maharashtra,Palghar,APMC Palghar,Cereals,Rice,1009 Kar,Local,5151.0,5151.0,5151.0,Rs./Quintal,2026-08-28,0,4850.0,4825.0,4700.0,4700.0,5151.0,5101.0,4942.0,4718.0,4760.857142857143,4948.7,251.41532703211993,239.06898172279915,309.41715508690413,301.0,6.206185567010314,451.0,9.59574468085107,451.0,9.59574468085107,0.0,0.0,0.0,0.0,2026,8,28,4,240,35,0,-0.8660254037844384,-0.5000000000000004,-0.8343701235229537,-0.5512045872199277,5501.0,4500.0,,-651.0,
Maharashtra,Palghar,APMC Palghar,Cereals,Rice,1009 Kar,Local,5501.0,5501.0,5501.0,Rs./Quintal,2026-08-29,0,5151.0,4850.0,4825.0,4400.0,4801.0,4950.0,5167.333333333333,4875.285714285715,4810.857142857143,4967.066666666667,345.941090498423,310.6075577719463,325.43572206413785,350.0,6.79479712677149,676.0,14.010362694300515,1101.0,25.022727272727273,700.0,14.580295771714225,0.0,0.0,2026,8,29,5,241,35,1,-0.8660254037844384,-0.5000000000000004,-0.8437282590292712,-0.5367705514607103,4400.0,4801.0,,-700.0,
Maharashtra,Palghar,APMC Palghar,Cereals,Rice,1009 Kar,Local,4400.0,4400.0,4400.0,Rs./Quintal,2026-08-30,0,5501.0,5151.0,4850.0,4600.0,5275.0,4700.0,5017.333333333333,4846.714285714285,4748.357142857143,4957.066666666667,379.13309636841916,297.7982298709711,338.2808395945387,-1101.0,-20.014542810398105,-450.0,-9.278350515463918,-200.0,-4.347826086956519,-875.0,-16.58767772511849,0.0,0.0,2026,8,30,6,242,35,1,-0.8660254037844384,-0.5000000000000004,-0.8528367217694595,-0.522177676659508,4500.0,4975.0,,575.0,
Maharashtra,Palghar,APMC Palghar,Cereals,Rice,1009 Kar,Local,4500.0,4500.0,4500.0,Rs./Quintal,2026-08-31,0,4400.0,5501.0,5151.0,4500.0,4700.0,5270.0,4800.333333333333,4846.714285714285,4734.071428571428,4931.4,379.13309636841916,305.0062960978654,342.89855743303934,100.0,2.2727272727272707,-651.0,-12.638322655794987,0.0,0.0,-200.0,-4.255319148936165,0.0,0.0,2026,8,31,0,243,36,0,-0.8660254037844384,-0.5000000000000004,-0.8616928164028521,-0.5074302810827518,4801.0,4600.0,,100.0,
Maharashtra,Palghar,APMC Palghar,Cereals,Rice,1009 Kar,Local,4801.0,4801.0,4801.0,Rs./Quintal,2026-09-01,0,4500.0,4400.0,5501.0,4700.0,4850.0,5320.0,4567.0,4861.142857142857,4730.571428571428,4914.1,374.51276283166857,303.85262477460293,335.63212106361226,301.0,6.6888888888889,-700.0,-12.724959098345757,101.0,2.1489361702127674,-49.0,-1.0103092783505185,0.0,0.0,2026,9,1,1,244,36,0,-1.0,-1.8369701987210297e-16,-0.8702939222685674,-0.49253272872205434,4975.0,,,,
Maharashtra,Palghar,APMC Palghar,Cereals,Rice,1009 Kar,Local,4975.0,4975.0,4975.0,Rs./Quintal,2026-09-02,0,4801.0,4500.0,4400.0,4825.0,4500.0,5410.0,4758.666666666667,4882.571428571428,4764.5,4899.6,376.3867059035857,302.6434180046486,322.61342298431913,174.0,3.6242449489689577,575.0,13.068181818181813,150.0,3.1088082901554515,475.0,10.555555555555562,0.0,0.0,2026,9,2,2,245,36,0,-1.0,-1.8369701987210297e-16,-0.8786374941610001,-0.4774894280028391,4600.0,,,,
Maharashtra,Palghar,APMC Palghar,Cereals,Rice,1009 Kar,Local,4600.0,4600.0,4600.0,Rs./Quintal,2026-09-03,0,4975.0,4801.0,4500.0,4850.0,4800.0,5501.0,4792.0,4846.857142857143,4750.214285714285,4869.566666666667,391.5479658021604,305.5452071729675,306.2183898769869,-375.0,-7.537688442211055,100.0,2.2222222222222143,-250.0,-5.154639175257736,-200.0,-4.1666666666666625,0.0,0.0,2026,9,3,3,246,36,0,-1.0,-1.8369701987210297e-16,-0.886721063082993,-0.46230483047981086,,,,,
