,,,,,,Daily Price Report-01-01-2026 to 03-09-2026 for Maharashtra,,,,,
State/UT,District,Market,Commodity Group,Commodity,Variety,Grade,Min Price,Max Price,Modal Price,Price Unit,Price Date
Maharashtra,Ahilyanagar,APMC Pathardi ,Fibre Crops,Cotton,Other,Non-FAQ,"7,200.00","7,700.00","7,600.00",Rs./Quintal,29-04-2026
Maharashtra,Ahilyanagar,APMC Pathardi ,Fibre Crops,Cotton,Other,Local,"7,500.00","7,800.00","7,750.00",Rs./Quintal,22-04-2026
Maharashtra,Ahilyanagar,APMC Pathardi ,Fibre Crops,Cotton,Other,Local,"1,500.00","8,000.00","7,600.00",Rs./Quintal,15-04-2026
Maharashtra,Ahilyanagar,APMC Pathardi ,Fibre Crops,Cotton,Other,Local,"7,000.00","7,800.00","7,500.00",Rs./Quintal,08-04-2026
Maharashtra,Ahilyanagar,APMC Pathardi ,Fibre Crops,Cotton,Varalaxmi,Non-FAQ,"7,000.00","7,600.00","7,400.00",Rs./Quintal,11-03-2026
Maharashtra,Ahilyanagar,APMC Pathardi ,Fibre Crops,Cotton,Other,Local,"7,100.00","7,500.00","7,200.00",Rs./Quintal,18-02-2026
Maharashtra,Ahilyanagar,APMC Pathardi ,Fibre Crops,Cotton,Other,Local,"7,200.00","7,700.00","7,400.00",Rs./Quintal,07-02-2026
Maharashtra,Ahilyanagar,APMC Pathardi ,Fibre Crops,Cotton,Other,Local,"7,200.00","7,700.00","7,550.00",Rs./Quintal,06-02-2026
Maharashtra,Ahilyanagar,APMC Pathardi ,Fibre Crops,Cotton,Other,Local,"7,500.00","8,000.00","7,700.00",Rs./Quintal,17-01-2026
Maharashtra,Ahilyanagar,APMC Pathardi ,Fibre Crops,Cotton,Other,Local,"6,800.00","7,900.00","7,500.00",Rs./Quintal,14-01-2026
Maharashtra,Ahilyanagar,APMC Pathardi ,Fibre Crops,Cotton,Other,Local,"6,250.00","7,100.00","6,800.00",Rs./Quintal,13-01-2026
Maharashtra,Ahilyanagar,APMC Pathardi ,Fibre Crops,Cotton,Other,Local,"6,450.00","7,350.00","6,900.00",Rs./Quintal,10-01-2026
Maharashtra,Ahilyanagar,APMC Pathardi ,Fibre Crops,Cotton,Other,Local,"6,500.00","7,400.00","7,000.00",Rs./Quintal,09-01-2026
Maharashtra,Ahilyanagar,APMC Pathardi ,Fibre Crops,Cotton,Other,Local,"7,000.00","7,600.00","7,400.00",Rs./Quintal,06-01-2026
Maharashtra,Ahilyanagar,APMC Pathardi ,Fibre Crops,Cotton,Other,Local,"6,300.00","7,150.00","6,850.00",Rs./Quintal,02-01-2026
Maharashtra,Akola,APMC Akola ,Fibre Crops,Cotton,Desi,Local,"8,010.00","8,010.00","8,010.00",Rs./Quintal,14-03-2026
Maharashtra,Akola,APMC Akola ,Fibre Crops,Cotton,Desi,Local,"8,010.00","8,010.00","8,010.00",Rs./Quintal,13-03-2026
Maharashtra,Akola,APMC Akola ,Fibre Crops,Cotton,Desi,Local,"8,010.00","8,010.00","8,010.00",Rs./Quintal,12-03-2026
Maharashtra,Akola,APMC Akola ,Fibre Crops,Cotton,Desi,Local,"8,010.00","8,010.00","8,010.00",Rs./Quintal,11-03-2026
Maharashtra,Akola,APMC Akola ,Fibre Crops,Cotton,Desi,Local,"8,010.00","8,010.00","8,010.00",Rs./Quintal,10-03-2026
Maharashtra,Akola,APMC Akola ,Fibre Crops,Cotton,Desi,Local,"8,010.00","8,010.00","8,010.00",Rs./Quintal,07-03-2026
Maharashtra,Akola,APMC Akola ,Fibre Crops,Cotton,Desi,Local,"8,010.00","8,010.00","8,010.00",Rs./Quintal,06-03-2026
Maharashtra,Akola,APMC Akola ,Fibre Crops,Cotton,Desi,Local,"8,010.00","8,010.00","8,010.00",Rs./Quintal,05-03-2026
Maharashtra,Akola,APMC Akola ,Fibre Crops,Cotton,Desi,Local,"8,010.00","8,010.00","8,010.00",Rs./Quintal,28-02-2026
Maharashtra,Akola,APMC Akola ,Fibre Crops,Cotton,Desi,Local,"8,010.00","8,010.00","8,010.00",Rs./Quintal,27-02-2026
Maharashtra,Akola,APMC Akola ,Fibre Crops,Cotton,Desi,Local,"8,010.00","8,010.00","8,010.00",Rs./Quintal,26-02-2026
Maharashtra,Akola,APMC Akola ,Fibre Crops,Cotton,Desi,Local,"8,010.00","8,010.00","8,010.00",Rs./Quintal,25-02-2026
Maharashtra,Akola,APMC Akola ,Fibre Crops,Cotton,Desi,Local,"8,010.00","8,010.00","8,010.00",Rs./Quintal,24-02-2026
Maharashtra,Akola,APMC Akola ,Fibre Crops,Cotton,Desi,Local,"8,010.00","8,010.00","8,010.00",Rs./Quintal,21-02-2026
Maharashtra,Akola,APMC Akola ,Fibre Crops,Cotton,Desi,Local,"8,010.00","8,010.00","8,010.00",Rs./Quintal,20-02-2026
Maharashtra,Akola,APMC Akola ,Fibre Crops,Cotton,Desi,Local,"8,010.00","8,010.00","8,010.00",Rs./Quintal,18-02-2026
Maharashtra,Akola,APMC Akola ,Fibre Crops,Cotton,Desi,Local,"8,010.00","8,010.00","8,010.00",Rs./Quintal,17-02-2026
Maharashtra,Akola,APMC Akola ,Fibre Crops,Cotton,Desi,Local,"8,010.00","8,010.00","8,010.00",Rs./Quintal,14-02-2026
Maharashtra,Akola,APMC Akola ,Fibre Crops,Cotton,Desi,Local,"7,789.00","8,010.00","7,899.00",Rs./Quintal,13-02-2026
Maharashtra,Akola,APMC Akola ,Fibre Crops,Cotton,Desi,Local,"7,789.00","8,010.00","7,899.00",Rs./Quintal,12-02-2026
Maharashtra,Akola,APMC Akola ,Fibre Crops,Cotton,Desi,Local,"7,789.00","8,010.00","7,899.00",Rs./Quintal,11-02-2026
Maharashtra,Akola,APMC Akola ,Fibre Crops,Cotton,Desi,Local,"7,789.00","8,010.00","7,899.00",Rs./Quintal,10-02-2026
Maharashtra,Akola,APMC Akola ,Fibre Crops,Cotton,Desi,Local,"7,789.00","8,010.00","7,899.00",Rs./Quintal,06-02-2026
Maharashtra,Akola,APMC Akola ,Fibre Crops,Cotton,Desi,Local,"7,789.00","8,010.00","7,899.00",Rs./Quintal,05-02-2026
Maharashtra,Akola,APMC Akola ,Fibre Crops,Cotton,Desi,Local,"7,789.00","8,010.00","7,988.00",Rs./Quintal,03-02-2026
Maharashtra,Akola,APMC Akola ,Fibre Crops,Cotton,Desi,Local,"7,789.00","8,010.00","7,899.00",Rs./Quintal,31-01-2026
Maharashtra,Akola,APMC Akola ,Fibre Crops,Cotton,Desi,Local,"7,789.00","8,010.00","7,899.00",Rs./Quintal,29-01-2026
Maharashtra,Akola,APMC Akola ,Fibre Crops,Cotton,Desi,Local,"7,789.00","8,010.00","7,899.00",Rs./Quintal,28-01-2026
Maharashtra,Akola,APMC Akola ,Fibre Crops,Cotton,Desi,Local,"7,789.00","8,010.00","7,899.00",Rs./Quintal,24-01-2026
Maharashtra,Akola,APMC Akola ,Fibre Crops,Cotton,Desi,Local,"7,789.00","8,010.00","7,899.00",Rs./Quintal,23-01-2026
Maharashtra,Akola,APMC Akola ,Fibre Crops,Cotton,Desi,Local,"7,789.00","8,010.00","7,899.00",Rs./Quintal,22-01-2026
Maharashtra,Akola,APMC Akola ,Fibre Crops,Cotton,Desi,Local,"7,789.00","8,010.00","7,899.00",Rs./Quintal,17-01-2026
Maharashtra,Akola,APMC Akola ,Fibre Crops,Cotton,Desi,Local,"7,789.00","8,010.00","7,899.00",Rs./Quintal,13-01-2026
Maharashtra,Akola,APMC Akola ,Fibre Crops,Cotton,Desi,Local,"7,789.00","8,010.00","7,899.00",Rs./Quintal,10-01-2026
Maharashtra,Akola,APMC Akola ,Fibre Crops,Cotton,Desi,Local,"7,689.00","8,010.00","7,789.00",Rs./Quintal,09-01-2026
Maharashtra,Akola,APMC Akola ,Fibre Crops,Cotton,Desi,Local,"7,689.00","8,010.00","7,789.00",Rs./Quintal,08-01-2026
Maharashtra,Akola,APMC Akola ,Fibre Crops,Cotton,Desi,Local,"7,689.00","8,010.00","7,789.00",Rs./Quintal,07-01-2026
Maharashtra,Akola,APMC Akola ,Fibre Crops,Cotton,Desi,Local,"7,689.00","8,010.00","7,789.00",Rs./Quintal,06-01-2026
Maharashtra,Akola,APMC Akola ,Fibre Crops,Cotton,Desi,Local,"7,689.00","8,010.00","7,789.00",Rs./Quintal,03-01-2026
Maharashtra,Akola,APMC Akola ,Fibre Crops,Cotton,Desi,Local,"7,689.00","8,010.00","7,789.00",Rs./Quintal,02-01-2026
Maharashtra,Akola,APMC Akola ,Fibre Crops,Cotton,Desi,Local,"7,789.00","8,010.00","7,899.00",Rs./Quintal,01-01-2026
Maharashtra,Akola,APMC Akot ,Fibre Crops,Cotton,H-4(A) 27mm FIne,FAQ,"8,000.00","8,675.00","8,600.00",Rs./Quintal,09-04-2026
Maharashtra,Akola,APMC Akot ,Fibre Crops,Cotton,H-4(A) 27mm FIne,FAQ,"7,800.00","8,035.00","8,000.00",Rs./Quintal,06-01-2026
Maharashtra,Akola,APMC Akot ,Fibre Crops,Cotton,H-4(A) 27mm FIne,FAQ,"7,800.00","8,125.00","8,100.00",Rs./Quintal,05-01-2026
Maharashtra,Akola,APMC Balapur ,Fibre Crops,Cotton,Other,FAQ,"7,930.00","8,010.00","7,950.00",Rs./Quintal,09-01-2026
Maharashtra,Akola,APMC Balapur ,Fibre Crops,Cotton,Other,FAQ,"7,720.00","7,890.00","7,750.00",Rs./Quintal,01-01-2026
Maharashtra,Akola,APMC Barshi Takli ,Fibre Crops,Cotton,Other,FAQ,"8,010.00","8,010.00","8,010.00",Rs./Quintal,13-03-2026
Maharashtra,Akola,APMC Barshi Takli ,Fibre Crops,Cotton,Other,FAQ,"8,010.00","8,010.00","8,010.00",Rs./Quintal,12-03-2026
Maharashtra,Akola,APMC Barshi Takli ,Fibre Crops,Cotton,Other,FAQ,"8,010.00","8,010.00","8,010.00",Rs./Quintal,10-03-2026
Maharashtra,Akola,APMC Barshi Takli ,Fibre Crops,Cotton,Other,FAQ,"8,010.00","8,010.00","8,010.00",Rs./Quintal,09-03-2026
Maharashtra,Akola,APMC Barshi Takli ,Fibre Crops,Cotton,Other,FAQ,"8,010.00","8,010.00","8,010.00",Rs./Quintal,05-03-2026
Maharashtra,Akola,APMC Barshi Takli ,Fibre Crops,Cotton,Other,FAQ,"8,010.00","8,010.00","8,010.00",Rs./Quintal,27-02-2026
Maharashtra,Akola,APMC Barshi Takli ,Fibre Crops,Cotton,Other,FAQ,"8,010.00","8,010.00","8,010.00",Rs./Quintal,26-02-2026
Maharashtra,Akola,APMC Barshi Takli ,Fibre Crops,Cotton,Other,FAQ,"8,010.00","8,010.00","8,010.00",Rs./Quintal,25-02-2026
Maharashtra,Akola,APMC Barshi Takli ,Fibre Crops,Cotton,Other,FAQ,"8,010.00","8,010.00","8,010.00",Rs./Quintal,24-02-2026
Maharashtra,Akola,APMC Barshi Takli ,Fibre Crops,Cotton,Other,FAQ,"8,010.00","8,010.00","8,010.00",Rs./Quintal,23-02-2026
Maharashtra,Akola,APMC Barshi Takli ,Fibre Crops,Cotton,Other,FAQ,"8,010.00","8,010.00","8,010.00",Rs./Quintal,20-02-2026
Maharashtra,Akola,APMC Barshi Takli ,Fibre Crops,Cotton,Other,FAQ,"8,010.00","8,010.00","8,010.00",Rs./Quintal,17-02-2026
Maharashtra,Akola,APMC Barshi Takli ,Fibre Crops,Cotton,Other,FAQ,"8,010.00","8,010.00","8,010.00",Rs./Quintal,16-02-2026
Maharashtra,Akola,APMC Barshi Takli ,Fibre Crops,Cotton,Other,FAQ,"8,010.00","8,010.00","8,010.00",Rs./Quintal,13-02-2026
Maharashtra,Akola,APMC Barshi Takli ,Fibre Crops,Cotton,Other,FAQ,"8,010.00","8,010.00","8,010.00",Rs./Quintal,12-02-2026
Maharashtra,Akola,APMC Barshi Takli ,Fibre Crops,Cotton,Other,FAQ,"8,010.00","8,010.00","8,010.00",Rs./Quintal,10-02-2026
Maharashtra,Akola,APMC Barshi Takli ,Fibre Crops,Cotton,Other,FAQ,"8,010.00","8,010.00","8,010.00",Rs./Quintal,09-02-2026
Maharashtra,Akola,APMC Barshi Takli ,Fibre Crops,Cotton,Other,FAQ,"8,010.00","8,010.00","8,010.00",Rs./Quintal,06-02-2026
Maharashtra,Akola,APMC Barshi Takli ,Fibre Crops,Cotton,Other,FAQ,"8,010.00","8,010.00","8,010.00",Rs./Quintal,05-02-2026
Maharashtra,Akola,APMC Barshi Takli ,Fibre Crops,Cotton,Other,FAQ,"8,010.00","8,010.00","8,010.00",Rs./Quintal,04-02-2026
Maharashtra,Akola,APMC Barshi Takli ,Fibre Crops,Cotton,Other,FAQ,"8,010.00","8,010.00","8,010.00",Rs./Quintal,03-02-2026
Maharashtra,Akola,APMC Barshi Takli ,Fibre Crops,Cotton,Other,FAQ,"8,010.00","8,010.00","8,010.00",Rs./Quintal,30-01-2026
Maharashtra,Akola,APMC Barshi Takli ,Fibre Crops,Cotton,Other,FAQ,"8,010.00","8,010.00","8,010.00",Rs./Quintal,29-01-2026
Maharashtra,Akola,APMC Barshi Takli ,Fibre Crops,Cotton,Other,FAQ,"8,010.00","8,010.00","8,010.00",Rs./Quintal,28-01-2026
Maharashtra,Akola,APMC Barshi Takli ,Fibre Crops,Cotton,Other,FAQ,"8,010.00","8,010.00","8,010.00",Rs./Quintal,27-01-2026
Maharashtra,Akola,APMC Barshi Takli ,Fibre Crops,Cotton,Other,FAQ,"8,010.00","8,010.00","8,010.00",Rs./Quintal,24-01-2026
Maharashtra,Akola,APMC Barshi Takli ,Fibre Crops,Cotton,Other,FAQ,"8,010.00","8,010.00","8,010.00",Rs./Quintal,23-01-2026
Maharashtra,Akola,APMC Barshi Takli ,Fibre Crops,Cotton,Other,FAQ,"8,010.00","8,010.00","8,010.00",Rs./Quintal,22-01-2026
Maharashtra,Akola,APMC Barshi Takli ,Fibre Crops,Cotton,Other,FAQ,"8,010.00","8,010.00","8,010.00",Rs./Quintal,21-01-2026
Maharashtra,Akola,APMC Barshi Takli ,Fibre Crops,Cotton,Other,FAQ,"8,010.00","8,010.00","8,010.00",Rs./Quintal,16-01-2026
Maharashtra,Akola,APMC Barshi Takli ,Fibre Crops,Cotton,Other,FAQ,"8,010.00","8,010.00","8,010.00",Rs./Quintal,15-01-2026
Maharashtra,Akola,APMC Barshi Takli ,Fibre Crops,Cotton,Other,FAQ,"8,010.00","8,010.00","8,010.00",Rs./Quintal,14-01-2026
Maharashtra,Akola,APMC Barshi Takli ,Fibre Crops,Cotton,Other,FAQ,"8,010.00","8,010.00","8,010.00",Rs./Quintal,13-01-2026
Maharashtra,Akola,APMC Barshi Takli ,Fibre Crops,Cotton,Other,FAQ,"8,010.00","8,010.00","8,010.00",Rs./Quintal,12-01-2026
Maharashtra,Akola,APMC Barshi Takli ,Fibre Crops,Cotton,Other,FAQ,"8,010.00","8,010.00","8,010.00",Rs./Quintal,09-01-2026
Maharashtra,Akola,APMC Barshi Takli ,Fibre Crops,Cotton,Other,FAQ,"8,010.00","8,010.00","8,010.00",Rs./Quintal,08-01-2026
Maharashtra,Akola,APMC Barshi Takli ,Fibre Crops,Cotton,Other,FAQ,"8,010.00","8,010.00","8,010.00",Rs./Quintal,07-01-2026
Maharashtra,Akola,APMC Barshi Takli ,Fibre Crops,Cotton,Other,FAQ,"8,010.00","8,010.00","8,010.00",Rs./Quintal,02-01-2026
Maharashtra,Akola,"Shri Gajanan Maharaj Khajagi Krushi Utpanna Bazar, Akot, Dist Akola",Fibre Crops,Cotton,Other,Local,"7,200.00","8,600.00","6,442.00",Rs./Quintal,29-04-2026
Maharashtra,Amarawati,APMC Amarawati ,Fibre Crops,Cotton,Other,Local,"9,100.00","9,550.00","9,325.00",Rs./Quintal,04-08-2026
Maharashtra,Amarawati,APMC Amarawati ,Fibre Crops,Cotton,Other,Local,"9,100.00","9,600.00","9,350.00",Rs./Quintal,03-08-2026
Maharashtra,Amarawati,APMC Amarawati ,Fibre Crops,Cotton,Other,Local,"9,000.00","9,600.00","9,300.00",Rs./Quintal,01-08-2026
Maharashtra,Amarawati,APMC Amarawati ,Fibre Crops,Cotton,Other,Local,"9,000.00","9,550.00","9,275.00",Rs./Quintal,31-07-2026
Maharashtra,Amarawati,APMC Amarawati ,Fibre Crops,Cotton,Other,Local,"9,000.00","9,550.00","9,275.00",Rs./Quintal,30-07-2026
Maharashtra,Amarawati,APMC Amarawati ,Fibre Crops,Cotton,Other,Local,"9,000.00","9,500.00","9,250.00",Rs./Quintal,29-07-2026
Maharashtra,Amarawati,APMC Amarawati ,Fibre Crops,Cotton,Other,Local,"9,000.00","9,450.00","9,225.00",Rs./Quintal,28-07-2026
Maharashtra,Amarawati,APMC Amarawati ,Fibre Crops,Cotton,Other,Local,"9,000.00","9,500.00","9,250.00",Rs./Quintal,27-07-2026
Maharashtra,Amarawati,APMC Amarawati ,Fibre Crops,Cotton,Other,Local,"9,000.00","9,400.00","9,200.00",Rs./Quintal,24-07-2026
Maharashtra,Amarawati,APMC Amarawati ,Fibre Crops,Cotton,Other,Local,"8,900.00","9,350.00","9,125.00",Rs./Quintal,23-07-2026
Maharashtra,Amarawati,APMC Amarawati ,Fibre Crops,Cotton,Other,Local,"8,800.00","9,250.00","9,025.00",Rs./Quintal,22-07-2026
Maharashtra,Amarawati,APMC Amarawati ,Fibre Crops,Cotton,Other,Local,"8,800.00","9,250.00","9,025.00",Rs./Quintal,21-07-2026
Maharashtra,Amarawati,APMC Amarawati ,Fibre Crops,Cotton,Other,Local,"8,800.00","9,250.00","9,025.00",Rs./Quintal,20-07-2026
Maharashtra,Amarawati,APMC Amarawati ,Fibre Crops,Cotton,Other,Local,"8,800.00","9,250.00","9,025.00",Rs./Quintal,18-07-2026
Maharashtra,Amarawati,APMC Amarawati ,Fibre Crops,Cotton,Other,Local,"8,800.00","9,250.00","9,025.00",Rs./Quintal,17-07-2026
Maharashtra,Amarawati,APMC Amarawati ,Fibre Crops,Cotton,Other,Local,"8,900.00","9,300.00","9,100.00",Rs./Quintal,16-07-2026
Maharashtra,Amarawati,APMC Amarawati ,Fibre Crops,Cotton,Other,Local,"8,900.00","9,300.00","9,100.00",Rs./Quintal,15-07-2026
Maharashtra,Amarawati,APMC Amarawati ,Fibre Crops,Cotton,Other,Local,"8,900.00","9,300.00","9,100.00",Rs./Quintal,14-07-2026
Maharashtra,Amarawati,APMC Amarawati ,Fibre Crops,Cotton,Other,Local,"8,900.00","9,300.00","9,100.00",Rs./Quintal,13-07-2026
Maharashtra,Amarawati,APMC Amarawati ,Fibre Crops,Cotton,Other,Local,"8,900.00","9,200.00","9,050.00",Rs./Quintal,11-07-2026
Maharashtra,Amarawati,APMC Amarawati ,Fibre Crops,Cotton,Other,Local,"8,900.00","9,200.00","9,050.00",Rs./Quintal,10-07-2026
Maharashtra,Amarawati,APMC Amarawati ,Fibre Crops,Cotton,Other,Local,"8,800.00","9,100.00","8,950.00",Rs./Quintal,09-07-2026
Maharashtra,Amarawati,APMC Amarawati ,Fibre Crops,Cotton,Other,Local,"8,800.00","9,100.00","8,950.00",Rs./Quintal,08-07-2026
Maharashtra,Amarawati,APMC Amarawati ,Fibre Crops,Cotton,Other,Local,"8,800.00","9,100.00","8,950.00",Rs./Quintal,07-07-2026
Maharashtra,Amarawati,APMC Amarawati ,Fibre Crops,Cotton,Other,Local,"8,800.00","9,100.00","8,950.00",Rs./Quintal,06-07-2026
Maharashtra,Amarawati,APMC Amarawati ,Fibre Crops,Cotton,Other,Local,"8,800.00","9,050.00","8,925.00",Rs./Quintal,04-07-2026
Maharashtra,Amarawati,APMC Amarawati ,Fibre Crops,Cotton,Other,Local,"8,800.00","9,050.00","8,925.00",Rs./Quintal,03-07-2026
Maharashtra,Amarawati,APMC Amarawati ,Fibre Crops,Cotton,Other,Local,"8,800.00","9,050.00","8,925.00",Rs./Quintal,02-07-2026
Maharashtra,Amarawati,APMC Amarawati ,Fibre Crops,Cotton,Other,Local,"8,800.00","9,050.00","8,925.00",Rs./Quintal,01-07-2026
Maharashtra,Amarawati,APMC Amarawati ,Fibre Crops,Cotton,Other,Local,"8,700.00","9,050.00","8,875.00",Rs./Quintal,30-06-2026
Maharashtra,Amarawati,APMC Amarawati ,Fibre Crops,Cotton,Other,Local,"8,700.00","9,050.00","8,875.00",Rs./Quintal,29-06-2026
Maharashtra,Amarawati,APMC Amarawati ,Fibre Crops,Cotton,Other,Local,"8,800.00","9,100.00","8,950.00",Rs./Quintal,27-06-2026
Maharashtra,Amarawati,APMC Amarawati ,Fibre Crops,Cotton,Other,Local,"8,800.00","9,100.00","8,950.00",Rs./Quintal,25-06-2026
Maharashtra,Amarawati,APMC Amarawati ,Fibre Crops,Cotton,Other,Local,"8,800.00","9,100.00","8,950.00",Rs./Quintal,24-06-2026
Maharashtra,Amarawati,APMC Amarawati ,Fibre Crops,Cotton,Other,Local,"8,800.00","9,100.00","8,950.00",Rs./Quintal,23-06-2026
Maharashtra,Amarawati,APMC Amarawati ,Fibre Crops,Cotton,Other,Local,"8,800.00","9,150.00","8,975.00",Rs./Quintal,22-06-2026
Maharashtra,Amarawati,APMC Amarawati ,Fibre Crops,Cotton,Other,Local,"8,800.00","9,150.00","8,975.00",Rs./Quintal,20-06-2026
Maharashtra,Amarawati,APMC Amarawati ,Fibre Crops,Cotton,Other,Local,"8,700.00","9,100.00","8,900.00",Rs./Quintal,19-06-2026
Maharashtra,Amarawati,APMC Amarawati ,Fibre Crops,Cotton,Other,Local,"8,700.00","9,100.00","8,900.00",Rs./Quintal,18-06-2026
Maharashtra,Amarawati,APMC Amarawati ,Fibre Crops,Cotton,Other,Local,"8,500.00","8,900.00","8,700.00",Rs./Quintal,17-06-2026
Maharashtra,Amarawati,APMC Amarawati ,Fibre Crops,Cotton,Other,Local,"8,350.00","8,750.00","8,550.00",Rs./Quintal,16-06-2026
Maharashtra,Amarawati,APMC Amarawati ,Fibre Crops,Cotton,Other,Local,"8,300.00","8,700.00","8,500.00",Rs./Quintal,15-06-2026
Maharashtra,Amarawati,APMC Amarawati ,Fibre Crops,Cotton,Other,Local,"8,300.00","8,700.00","8,500.00",Rs./Quintal,13-06-2026
Maharashtra,Amarawati,APMC Amarawati ,Fibre Crops,Cotton,Other,Local,"8,300.00","8,700.00","8,500.00",Rs./Quintal,12-06-2026
Maharashtra,Amarawati,APMC Amarawati ,Fibre Crops,Cotton,Other,Local,"8,200.00","8,600.00","8,400.00",Rs./Quintal,11-06-2026
Maharashtra,Amarawati,APMC Amarawati ,Fibre Crops,Cotton,Other,Local,"8,200.00","8,600.00","8,400.00",Rs./Quintal,10-06-2026
Maharashtra,Amarawati,APMC Amarawati ,Fibre Crops,Cotton,Other,Local,"8,300.00","8,700.00","8,500.00",Rs./Quintal,09-06-2026
Maharashtra,Amarawati,APMC Amarawati ,Fibre Crops,Cotton,Other,Local,"8,500.00","8,850.00","8,675.00",Rs./Quintal,08-06-2026
Maharashtra,Amarawati,APMC Amarawati ,Fibre Crops,Cotton,Other,Local,"8,500.00","8,850.00","8,675.00",Rs./Quintal,06-06-2026
Maharashtra,Amarawati,APMC Amarawati ,Fibre Crops,Cotton,Other,Local,"8,600.00","8,900.00","8,750.00",Rs./Quintal,05-06-2026
Maharashtra,Amarawati,APMC Amarawati ,Fibre Crops,Cotton,Other,Local,"8,600.00","9,000.00","8,800.00",Rs./Quintal,04-06-2026
Maharashtra,Amarawati,APMC Amarawati ,Fibre Crops,Cotton,Other,Local,"8,600.00","9,000.00","8,800.00",Rs./Quintal,03-06-2026
Maharashtra,Amarawati,APMC Amarawati ,Fibre Crops,Cotton,Other,Local,"8,600.00","8,900.00","8,750.00",Rs./Quintal,02-06-2026
Maharashtra,Amarawati,APMC Amarawati ,Fibre Crops,Cotton,Other,Local,"8,600.00","8,900.00","8,750.00",Rs./Quintal,01-06-2026
Maharashtra,Amarawati,APMC Amarawati ,Fibre Crops,Cotton,Other,Local,"8,600.00","9,050.00","8,825.00",Rs./Quintal,30-05-2026
Maharashtra,Amarawati,APMC Amarawati ,Fibre Crops,Cotton,Other,Local,"8,800.00","9,250.00","9,025.00",Rs./Quintal,29-05-2026
Maharashtra,Amarawati,APMC Amarawati ,Fibre Crops,Cotton,Other,Local,"8,900.00","9,300.00","9,100.00",Rs./Quintal,27-05-2026
Maharashtra,Amarawati,APMC Amarawati ,Fibre Crops,Cotton,Other,Local,"8,900.00","9,250.00","9,075.00",Rs./Quintal,26-05-2026
Maharashtra,Amarawati,APMC Amarawati ,Fibre Crops,Cotton,Other,Local,"7,900.00","9,300.00","8,600.00",Rs./Quintal,25-05-2026
Maharashtra,Amarawati,APMC Amarawati ,Fibre Crops,Cotton,Other,Local,"8,800.00","9,300.00","9,050.00",Rs./Quintal,23-05-2026
Maharashtra,Amarawati,APMC Amarawati ,Fibre Crops,Cotton,Other,Local,"9,000.00","9,450.00","9,225.00",Rs./Quintal,22-05-2026
Maharashtra,Amarawati,APMC Amarawati ,Fibre Crops,Cotton,Other,Local,"9,100.00","9,550.00","9,325.00",Rs./Quintal,21-05-2026
Maharashtra,Amarawati,APMC Amarawati ,Fibre Crops,Cotton,Other,Local,"9,100.00","9,600.00","9,350.00",Rs./Quintal,20-05-2026
Maharashtra,Amarawati,APMC Amarawati ,Fibre Crops,Cotton,Other,Local,"9,100.00","9,600.00","9,350.00",Rs./Quintal,19-05-2026
Maharashtra,Amarawati,APMC Amarawati ,Fibre Crops,Cotton,Other,Local,"9,100.00","9,600.00","9,350.00",Rs./Quintal,18-05-2026
Maharashtra,Amarawati,APMC Amarawati ,Fibre Crops,Cotton,Other,Local,"8,700.00","9,200.00","8,950.00",Rs./Quintal,09-05-2026
Maharashtra,Amarawati,APMC Amarawati ,Fibre Crops,Cotton,Other,Local,"8,700.00","9,200.00","8,950.00",Rs./Quintal,08-05-2026
Maharashtra,Amarawati,APMC Amarawati ,Fibre Crops,Cotton,Other,Local,"8,700.00","9,200.00","8,950.00",Rs./Quintal,07-05-2026
Maharashtra,Amarawati,APMC Amarawati ,Fibre Crops,Cotton,Other,Local,"8,700.00","9,200.00","8,950.00",Rs./Quintal,06-05-2026
Maharashtra,Amarawati,APMC Amarawati ,Fibre Crops,Cotton,Other,Local,"8,600.00","9,100.00","8,850.00",Rs./Quintal,05-05-2026
Maharashtra,Amarawati,APMC Amarawati ,Fibre Crops,Cotton,Other,Local,"8,600.00","8,800.00","8,700.00",Rs./Quintal,04-05-2026
Maharashtra,Amarawati,APMC Amarawati ,Fibre Crops,Cotton,Other,Local,"8,600.00","8,750.00","8,675.00",Rs./Quintal,02-05-2026
Maharashtra,Amarawati,APMC Amarawati ,Fibre Crops,Cotton,Other,Local,"8,300.00","8,500.00","8,400.00",Rs./Quintal,30-04-2026
Maharashtra,Amarawati,APMC Amarawati ,Fibre Crops,Cotton,Other,Local,"8,300.00","8,500.00","8,400.00",Rs./Quintal,29-04-2026
Maharashtra,Amarawati,APMC Amarawati ,Fibre Crops,Cotton,Other,Local,"8,300.00","8,500.00","8,400.00",Rs./Quintal,28-04-2026
Maharashtra,Amarawati,APMC Amarawati ,Fibre Crops,Cotton,Other,Local,"8,300.00","8,500.00","8,400.00",Rs./Quintal,27-04-2026
Maharashtra,Amarawati,APMC Amarawati ,Fibre Crops,Cotton,Other,Local,"8,200.00","8,450.00","8,325.00",Rs./Quintal,25-04-2026
Maharashtra,Amarawati,APMC Amarawati ,Fibre Crops,Cotton,Other,Local,"8,200.00","8,750.00","8,475.00",Rs./Quintal,24-04-2026
Maharashtra,Amarawati,APMC Amarawati ,Fibre Crops,Cotton,Other,Local,"8,300.00","8,500.00","8,400.00",Rs./Quintal,23-04-2026
Maharashtra,Amarawati,APMC Amarawati ,Fibre Crops,Cotton,Other,Local,"8,200.00","8,475.00","8,337.00",Rs./Quintal,22-04-2026
Maharashtra,Amarawati,APMC Amarawati ,Fibre Crops,Cotton,Other,Local,"8,200.00","8,450.00","8,325.00",Rs./Quintal,21-04-2026
Maharashtra,Amarawati,APMC Amarawati ,Fibre Crops,Cotton,Other,Local,"8,200.00","8,400.00","8,300.00",Rs./Quintal,20-04-2026
Maharashtra,Amarawati,APMC Amarawati ,Fibre Crops,Cotton,Other,Local,"8,100.00","8,300.00","8,200.00",Rs./Quintal,18-04-2026
Maharashtra,Amarawati,APMC Amarawati ,Fibre Crops,Cotton,Other,Local,"8,100.00","8,275.00","8,187.00",Rs./Quintal,17-04-2026
Maharashtra,Amarawati,APMC Amarawati ,Fibre Crops,Cotton,Other,Local,"8,100.00","8,275.00","8,187.00",Rs./Quintal,16-04-2026
Maharashtra,Amarawati,APMC Amarawati ,Fibre Crops,Cotton,Other,Local,"8,100.00","8,300.00","8,200.00",Rs./Quintal,15-04-2026
Maharashtra,Amarawati,APMC Amarawati ,Fibre Crops,Cotton,Other,Local,"8,100.00","8,300.00","8,200.00",Rs./Quintal,13-04-2026
Maharashtra,Amarawati,APMC Amarawati ,Fibre Crops,Cotton,Other,Local,"8,150.00","8,350.00","8,250.00",Rs./Quintal,11-04-2026
Maharashtra,Amarawati,APMC Amarawati ,Fibre Crops,Cotton,Other,Local,"8,150.00","8,350.00","8,250.00",Rs./Quintal,10-04-2026
Maharashtra,Amarawati,APMC Amarawati ,Fibre Crops,Cotton,Other,Local,"8,200.00","8,400.00","8,300.00",Rs./Quintal,09-04-2026
Maharashtra,Amarawati,APMC Amarawati ,Fibre Crops,Cotton,Other,Local,"8,250.00","8,450.00","8,350.00",Rs./Quintal,08-04-2026
Maharashtra,Amarawati,APMC Amarawati ,Fibre Crops,Cotton,Other,Local,"7,800.00","7,900.00","7,850.00",Rs./Quintal,28-03-2026
Maharashtra,Amarawati,APMC Amarawati ,Fibre Crops,Cotton,Other,Local,"7,550.00","7,825.00","7,687.00",Rs./Quintal,27-03-2026
Maharashtra,Amarawati,APMC Amarawati ,Fibre Crops,Cotton,Other,Local,"7,550.00","7,800.00","7,675.00",Rs./Quintal,25-03-2026
Maharashtra,Amarawati,APMC Amarawati ,Fibre Crops,Cotton,Other,Local,"7,550.00","7,775.00","7,662.00",Rs./Quintal,24-03-2026
Maharashtra,Amarawati,APMC Amarawati ,Fibre Crops,Cotton,Other,Local,"7,500.00","7,750.00","7,625.00",Rs./Quintal,23-03-2026
Maharashtra,Amarawati,APMC Amarawati ,Fibre Crops,Cotton,Other,Local,"7,500.00","7,675.00","7,587.00",Rs./Quintal,20-03-2026
Maharashtra,Amarawati,APMC Amarawati ,Fibre Crops,Cotton,Other,Local,"7,400.00","7,600.00","7,500.00",Rs./Quintal,18-03-2026
Maharashtra,Amarawati,APMC Amarawati ,Fibre Crops,Cotton,Other,Local,"7,400.00","7,600.00","7,500.00",Rs./Quintal,17-03-2026
Maharashtra,Amarawati,APMC Amarawati ,Fibre Crops,Cotton,Other,Local,"7,300.00","7,575.00","7,437.00",Rs./Quintal,16-03-2026
Maharashtra,Amarawati,APMC Amarawati ,Fibre Crops,Cotton,Other,Local,"7,400.00","7,650.00","7,525.00",Rs./Quintal,14-03-2026
Maharashtra,Amarawati,APMC Amarawati ,Fibre Crops,Cotton,Other,Local,"7,400.00","7,650.00","7,525.00",Rs./Quintal,13-03-2026
Maharashtra,Amarawati,APMC Amarawati ,Fibre Crops,Cotton,Other,Local,"7,400.00","7,650.00","7,525.00",Rs./Quintal,12-03-2026
Maharashtra,Amarawati,APMC Amarawati ,Fibre Crops,Cotton,Other,Local,"7,400.00","7,650.00","7,525.00",Rs./Quintal,11-03-2026
Maharashtra,Amarawati,APMC Amarawati ,Fibre Crops,Cotton,Other,Local,"7,400.00","7,650.00","7,525.00",Rs./Quintal,10-03-2026
Maharashtra,Amarawati,APMC Amarawati ,Fibre Crops,Cotton,Other,Local,"7,400.00","7,650.00","7,525.00",Rs./Quintal,09-03-2026
Maharashtra,Amarawati,APMC Amarawati ,Fibre Crops,Cotton,Other,Local,"7,400.00","7,625.00","7,512.00",Rs./Quintal,07-03-2026
Maharashtra,Amarawati,APMC Amarawati ,Fibre Crops,Cotton,Other,Local,"7,400.00","7,600.00","7,500.00",Rs./Quintal,06-03-2026
Maharashtra,Amarawati,APMC Amarawati ,Fibre Crops,Cotton,Other,Local,"7,400.00","7,600.00","7,500.00",Rs./Quintal,05-03-2026
Maharashtra,Amarawati,APMC Amarawati ,Fibre Crops,Cotton,Other,Local,"7,400.00","7,600.00","7,500.00",Rs./Quintal,02-03-2026
Maharashtra,Amarawati,APMC Amarawati ,Fibre Crops,Cotton,Other,Local,"7,400.00","7,600.00","7,500.00",Rs./Quintal,28-02-2026
Maharashtra,Amarawati,APMC Amarawati ,Fibre Crops,Cotton,Other,Local,"7,400.00","7,600.00","7,500.00",Rs./Quintal,27-02-2026
Maharashtra,Amarawati,APMC Amarawati ,Fibre Crops,Cotton,Other,Local,"7,400.00","7,650.00","7,525.00",Rs./Quintal,26-02-2026
Maharashtra,Amarawati,APMC Amarawati ,Fibre Crops,Cotton,Other,Local,"7,400.00","7,625.00","7,512.00",Rs./Quintal,25-02-2026
Maharashtra,Amarawati,APMC Amarawati ,Fibre Crops,Cotton,Other,Local,"7,400.00","7,600.00","7,500.00",Rs./Quintal,24-02-2026
Maharashtra,Amarawati,APMC Amarawati ,Fibre Crops,Cotton,Other,Local,"7,400.00","7,600.00","7,500.00",Rs./Quintal,23-02-2026
Maharashtra,Amarawati,APMC Amarawati ,Fibre Crops,Cotton,Other,Local,"7,400.00","7,600.00","7,500.00",Rs./Quintal,21-02-2026
Maharashtra,Amarawati,APMC Amarawati ,Fibre Crops,Cotton,Other,Local,"7,400.00","7,600.00","7,500.00",Rs./Quintal,20-02-2026
Maharashtra,Amarawati,APMC Amarawati ,Fibre Crops,Cotton,Other,Local,"7,300.00","7,550.00","7,425.00",Rs./Quintal,18-02-2026
Maharashtra,Amarawati,APMC Amarawati ,Fibre Crops,Cotton,Other,Local,"7,300.00","7,500.00","7,400.00",Rs./Quintal,17-02-2026
Maharashtra,Amarawati,APMC Amarawati ,Fibre Crops,Cotton,Other,Local,"7,400.00","7,650.00","7,525.00",Rs./Quintal,14-02-2026
Maharashtra,Amarawati,APMC Amarawati ,Fibre Crops,Cotton,Other,Local,"7,400.00","7,625.00","7,512.00",Rs./Quintal,13-02-2026
Maharashtra,Amarawati,APMC Amarawati ,Fibre Crops,Cotton,Other,Local,"7,400.00","7,600.00","7,500.00",Rs./Quintal,12-02-2026
Maharashtra,Amarawati,APMC Amarawati ,Fibre Crops,Cotton,Other,Local,"7,400.00","7,600.00","7,500.00",Rs./Quintal,11-02-2026
Maharashtra,Amarawati,APMC Amarawati ,Fibre Crops,Cotton,Other,Local,"7,300.00","7,550.00","7,425.00",Rs./Quintal,10-02-2026
Maharashtra,Amarawati,APMC Amarawati ,Fibre Crops,Cotton,Other,Local,"7,400.00","7,600.00","7,500.00",Rs./Quintal,09-02-2026
Maharashtra,Amarawati,APMC Amarawati ,Fibre Crops,Cotton,Other,Local,"7,500.00","7,700.00","7,600.00",Rs./Quintal,07-02-2026
Maharashtra,Amarawati,APMC Amarawati ,Fibre Crops,Cotton,Other,Local,"7,600.00","7,800.00","7,700.00",Rs./Quintal,06-02-2026
Maharashtra,Amarawati,APMC Amarawati ,Fibre Crops,Cotton,Other,Local,"7,600.00","7,800.00","7,700.00",Rs./Quintal,05-02-2026
Maharashtra,Amarawati,APMC Amarawati ,Fibre Crops,Cotton,Other,Local,"7,600.00","7,800.00","7,700.00",Rs./Quintal,04-02-2026
Maharashtra,Amarawati,APMC Amarawati ,Fibre Crops,Cotton,Other,Local,"7,600.00","7,850.00","7,725.00",Rs./Quintal,03-02-2026
Maharashtra,Amarawati,APMC Amarawati ,Fibre Crops,Cotton,Other,Local,"7,600.00","7,850.00","7,725.00",Rs./Quintal,02-02-2026
Maharashtra,Amarawati,APMC Amarawati ,Fibre Crops,Cotton,Other,Local,"7,800.00","8,000.00","7,900.00",Rs./Quintal,31-01-2026
Maharashtra,Amarawati,APMC Amarawati ,Fibre Crops,Cotton,Other,Local,"7,800.00","8,000.00","7,900.00",Rs./Quintal,30-01-2026
Maharashtra,Amarawati,APMC Amarawati ,Fibre Crops,Cotton,Other,Local,"7,900.00","8,100.00","8,000.00",Rs./Quintal,28-01-2026
Maharashtra,Amarawati,APMC Amarawati ,Fibre Crops,Cotton,Other,Local,"7,900.00","8,100.00","8,000.00",Rs./Quintal,27-01-2026
Maharashtra,Amarawati,APMC Amarawati ,Fibre Crops,Cotton,Other,Local,"7,800.00","8,050.00","7,925.00",Rs./Quintal,24-01-2026
Maharashtra,Amarawati,APMC Amarawati ,Fibre Crops,Cotton,Other,Local,"7,800.00","8,050.00","7,925.00",Rs./Quintal,23-01-2026
Maharashtra,Amarawati,APMC Amarawati ,Fibre Crops,Cotton,Other,Local,"7,800.00","8,075.00","7,937.00",Rs./Quintal,22-01-2026
Maharashtra,Amarawati,APMC Amarawati ,Fibre Crops,Cotton,Other,Local,"7,800.00","8,050.00","7,925.00",Rs./Quintal,21-01-2026
Maharashtra,Amarawati,APMC Amarawati ,Fibre Crops,Cotton,Other,Local,"7,800.00","8,050.00","7,925.00",Rs./Quintal,20-01-2026
Maharashtra,Amarawati,APMC Amarawati ,Fibre Crops,Cotton,Other,Local,"7,900.00","8,100.00","8,000.00",Rs./Quintal,19-01-2026
Maharashtra,Amarawati,APMC Amarawati ,Fibre Crops,Cotton,Other,Local,"7,800.00","8,000.00","7,900.00",Rs./Quintal,16-01-2026
Maharashtra,Amarawati,APMC Amarawati ,Fibre Crops,Cotton,Other,Local,"7,900.00","8,100.00","8,000.00",Rs./Quintal,13-01-2026
Maharashtra,Amarawati,APMC Amarawati ,Fibre Crops,Cotton,Other,Local,"7,600.00","7,850.00","7,725.00",Rs./Quintal,10-01-2026
Maharashtra,Amarawati,APMC Amarawati ,Fibre Crops,Cotton,Other,Local,"7,600.00","7,800.00","7,700.00",Rs./Quintal,09-01-2026
Maharashtra,Amarawati,APMC Amarawati ,Fibre Crops,Cotton,Other,Local,"7,400.00","7,700.00","7,550.00",Rs./Quintal,08-01-2026
Maharashtra,Amarawati,APMC Amarawati ,Fibre Crops,Cotton,Other,Local,"7,400.00","7,700.00","7,550.00",Rs./Quintal,07-01-2026
Maharashtra,Amarawati,APMC Amarawati ,Fibre Crops,Cotton,Other,Local,"7,400.00","7,700.00","7,550.00",Rs./Quintal,06-01-2026
Maharashtra,Amarawati,APMC Amarawati ,Fibre Crops,Cotton,Other,Local,"7,400.00","7,700.00","7,550.00",Rs./Quintal,05-01-2026
Maharashtra,Amarawati,APMC Amarawati ,Fibre Crops,Cotton,Other,Local,"7,300.00","7,650.00","7,475.00",Rs./Quintal,03-01-2026
Maharashtra,Amarawati,APMC Amarawati ,Fibre Crops,Cotton,Other,Local,"7,300.00","7,600.00","7,450.00",Rs./Quintal,02-01-2026
Maharashtra,Amarawati,APMC Amarawati ,Fibre Crops,Cotton,Other,Local,"7,200.00","7,575.00","7,387.00",Rs./Quintal,01-01-2026
Maharashtra,Amarawati,APMC Dhamngaon-Railway ,Fibre Crops,Cotton,LRA,Non-FAQ,"7,000.00","7,700.00","7,350.00",Rs./Quintal,24-03-2026
Maharashtra,Amarawati,APMC Dhamngaon-Railway ,Fibre Crops,Cotton,LRA,FAQ,"7,750.00","8,050.00","7,900.00",Rs./Quintal,13-03-2026
Maharashtra,Amarawati,APMC Dhamngaon-Railway ,Fibre Crops,Cotton,LRA,Non-FAQ,"7,200.00","7,550.00","7,300.00",Rs./Quintal,13-03-2026
Maharashtra,Amarawati,APMC Dhamngaon-Railway ,Fibre Crops,Cotton,LRA,FAQ,"7,800.00","7,950.00","7,900.00",Rs./Quintal,05-03-2026
Maharashtra,Amarawati,APMC Dhamngaon-Railway ,Fibre Crops,Cotton,LRA,Non-FAQ,"6,800.00","7,600.00","7,000.00",Rs./Quintal,05-03-2026
Maharashtra,Amarawati,APMC Dhamngaon-Railway ,Fibre Crops,Cotton,LRA,Non-FAQ,"7,000.00","7,650.00","7,200.00",Rs./Quintal,28-02-2026
Maharashtra,Amarawati,APMC Dhamngaon-Railway ,Fibre Crops,Cotton,LRA,FAQ,"7,710.00","7,945.00","7,800.00",Rs./Quintal,24-02-2026
Maharashtra,Amarawati,APMC Dhamngaon-Railway ,Fibre Crops,Cotton,LRA,Non-FAQ,"6,600.00","7,550.00","7,000.00",Rs./Quintal,24-02-2026
Maharashtra,Amarawati,APMC Dhamngaon-Railway ,Fibre Crops,Cotton,LRA,FAQ,"7,710.00","8,000.00","7,910.00",Rs./Quintal,23-02-2026
Maharashtra,Amarawati,APMC Dhamngaon-Railway ,Fibre Crops,Cotton,LRA,Non-FAQ,"6,700.00","7,600.00","7,250.00",Rs./Quintal,23-02-2026
Maharashtra,Amarawati,APMC Dhamngaon-Railway ,Fibre Crops,Cotton,LRA,FAQ,"7,710.00","8,050.00","7,900.00",Rs./Quintal,14-01-2026
Maharashtra,Amarawati,APMC Dhamngaon-Railway ,Fibre Crops,Cotton,LRA,FAQ,"7,710.00","8,025.00","7,925.00",Rs./Quintal,13-01-2026
Maharashtra,Amarawati,APMC Dharni ,Fibre Crops,Cotton,Other,Non-FAQ,"6,300.00","6,400.00","6,350.00",Rs./Quintal,25-01-2026
Maharashtra,Amarawati,APMC Dharni ,Fibre Crops,Cotton,Other,Non-FAQ,"6,300.00","6,400.00","6,350.00",Rs./Quintal,23-01-2026
Maharashtra,Amarawati,APMC Dharni ,Fibre Crops,Cotton,Other,Non-FAQ,"6,300.00","6,400.00","6,350.00",Rs./Quintal,17-01-2026
Maharashtra,Amarawati,APMC Dharni ,Fibre Crops,Cotton,Other,Non-FAQ,"6,300.00","6,400.00","6,350.00",Rs./Quintal,16-01-2026
Maharashtra,Amarawati,APMC Dharni ,Fibre Crops,Cotton,Other,Non-FAQ,"6,200.00","6,300.00","6,250.00",Rs./Quintal,12-01-2026
Maharashtra,Amarawati,APMC Dharni ,Fibre Crops,Cotton,Other,Non-FAQ,"6,200.00","6,300.00","6,250.00",Rs./Quintal,11-01-2026
Maharashtra,Amarawati,APMC Dharni ,Fibre Crops,Cotton,Other,Non-FAQ,"6,300.00","6,400.00","6,350.00",Rs./Quintal,06-01-2026
Maharashtra,Amarawati,APMC Dharni ,Fibre Crops,Cotton,Other,Non-FAQ,"6,300.00","6,400.00","6,350.00",Rs./Quintal,05-01-2026
Maharashtra,Beed,APMC Kille Dharur ,Fibre Crops,Cotton,Desi,Local,"8,208.00","8,506.00","8,506.00",Rs./Quintal,22-04-2026
Maharashtra,Beed,APMC Kille Dharur ,Fibre Crops,Cotton,Desi,Local,"8,208.00","8,208.00","8,208.00",Rs./Quintal,21-04-2026
Maharashtra,Beed,APMC Kille Dharur ,Fibre Crops,Cotton,Desi,Local,"8,208.00","8,306.00","8,306.00",Rs./Quintal,17-04-2026
Maharashtra,Beed,APMC Kille Dharur ,Fibre Crops,Cotton,Desi,Local,"8,306.00","8,307.00","8,307.00",Rs./Quintal,08-04-2026
Maharashtra,Beed,APMC Kille Dharur ,Fibre Crops,Cotton,Desi,Local,"8,106.00","8,300.00","8,300.00",Rs./Quintal,06-04-2026
Maharashtra,Beed,APMC Kille Dharur ,Fibre Crops,Cotton,Desi,Local,"7,605.00","7,706.00","7,605.00",Rs./Quintal,17-03-2026
Maharashtra,Beed,APMC Kille Dharur ,Fibre Crops,Cotton,Desi,Local,"7,911.00","7,969.00","7,949.00",Rs./Quintal,13-03-2026
Maharashtra,Beed,APMC Kille Dharur ,Fibre Crops,Cotton,Other,FAQ,"7,911.00","7,969.00","7,949.00",Rs./Quintal,12-03-2026
Maharashtra,Beed,APMC Kille Dharur ,Fibre Crops,Cotton,Other,FAQ,"7,911.00","7,969.00","7,949.00",Rs./Quintal,11-03-2026
Maharashtra,Beed,APMC Kille Dharur ,Fibre Crops,Cotton,Desi,Local,"7,911.00","7,969.00","7,949.00",Rs./Quintal,10-03-2026
Maharashtra,Beed,APMC Kille Dharur ,Fibre Crops,Cotton,Other,FAQ,"7,911.00","7,969.00","7,949.00",Rs./Quintal,06-03-2026
Maharashtra,Beed,APMC Kille Dharur ,Fibre Crops,Cotton,Other,FAQ,"7,911.00","7,969.00","7,949.00",Rs./Quintal,05-03-2026
Maharashtra,Beed,APMC Kille Dharur ,Fibre Crops,Cotton,Other,FAQ,"7,911.00","7,969.00","7,949.00",Rs./Quintal,04-03-2026
Maharashtra,Beed,APMC Kille Dharur ,Fibre Crops,Cotton,Other,FAQ,"7,929.00","7,969.00","7,949.00",Rs./Quintal,26-02-2026
Maharashtra,Beed,APMC Kille Dharur ,Fibre Crops,Cotton,Other,FAQ,"7,839.00","7,969.00","7,949.00",Rs./Quintal,25-02-2026
Maharashtra,Beed,APMC Kille Dharur ,Fibre Crops,Cotton,Other,FAQ,"7,900.00","8,010.00","7,979.00",Rs./Quintal,24-02-2026
Maharashtra,Beed,APMC Kille Dharur ,Fibre Crops,Cotton,Other,FAQ,"7,900.00","8,010.00","7,979.00",Rs./Quintal,23-02-2026
Maharashtra,Beed,APMC Kille Dharur ,Fibre Crops,Cotton,Desi,Local,"7,506.00","7,636.00","7,506.00",Rs./Quintal,21-02-2026
Maharashtra,Beed,APMC Kille Dharur ,Fibre Crops,Cotton,Other,FAQ,"7,877.00","7,979.00","7,900.00",Rs./Quintal,20-02-2026
Maharashtra,Beed,APMC Kille Dharur ,Fibre Crops,Cotton,Desi,Local,"7,551.00","7,900.00","7,656.00",Rs./Quintal,16-02-2026
Maharashtra,Beed,APMC Kille Dharur ,Fibre Crops,Cotton,Desi,Local,"7,775.00","7,806.00","7,775.00",Rs./Quintal,04-02-2026
Maharashtra,Beed,APMC Kille Dharur ,Fibre Crops,Cotton,Desi,Local,"7,821.00","7,856.00","7,821.00",Rs./Quintal,03-02-2026
Maharashtra,Beed,APMC Kille Dharur ,Fibre Crops,Cotton,Desi,Local,"7,929.00","7,956.00","7,929.00",Rs./Quintal,30-01-2026
Maharashtra,Beed,APMC Kille Dharur ,Fibre Crops,Cotton,Desi,Local,"7,929.00","7,956.00","7,956.00",Rs./Quintal,29-01-2026
Maharashtra,Beed,APMC Kille Dharur ,Fibre Crops,Cotton,Desi,Local,"7,929.00","7,956.00","7,929.00",Rs./Quintal,28-01-2026
Maharashtra,Beed,APMC Kille Dharur ,Fibre Crops,Cotton,Desi,Local,"7,929.00","7,956.00","7,929.00",Rs./Quintal,21-01-2026
Maharashtra,Beed,APMC Kille Dharur ,Fibre Crops,Cotton,Other,FAQ,"7,929.00","8,010.00","7,939.00",Rs./Quintal,21-01-2026
Maharashtra,Beed,APMC Kille Dharur ,Fibre Crops,Cotton,Other,FAQ,"7,959.00","8,010.00","7,979.00",Rs./Quintal,20-01-2026
Maharashtra,Beed,APMC Kille Dharur ,Fibre Crops,Cotton,Other,FAQ,"7,942.00","7,942.00","7,942.00",Rs./Quintal,16-01-2026
Maharashtra,Beed,APMC Kille Dharur ,Fibre Crops,Cotton,Other,FAQ,"7,929.00","8,010.00","7,969.00",Rs./Quintal,15-01-2026
Maharashtra,Beed,APMC Kille Dharur ,Fibre Crops,Cotton,Desi,Local,"8,000.00","8,001.00","8,001.00",Rs./Quintal,14-01-2026
Maharashtra,Beed,APMC Kille Dharur ,Fibre Crops,Cotton,Other,FAQ,"7,979.00","8,010.00","8,010.00",Rs./Quintal,14-01-2026
Maharashtra,Beed,APMC Kille Dharur ,Fibre Crops,Cotton,Other,FAQ,"7,939.00","8,010.00","7,939.00",Rs./Quintal,13-01-2026
Maharashtra,Beed,APMC Kille Dharur ,Fibre Crops,Cotton,Other,FAQ,"7,929.00","8,010.00","7,959.00",Rs./Quintal,12-01-2026
Maharashtra,Beed,APMC Kille Dharur ,Fibre Crops,Cotton,Desi,Local,"7,809.00","7,929.00","7,889.00",Rs./Quintal,06-01-2026
Maharashtra,Beed,APMC Kille Dharur ,Fibre Crops,Cotton,Other,FAQ,"7,889.00","7,929.00","7,913.00",Rs./Quintal,05-01-2026
Maharashtra,Beed,APMC Vadvani ,Fibre Crops,Cotton,Other,Local,"7,929.00","7,969.00","7,944.00",Rs./Quintal,13-03-2026
Maharashtra,Beed,APMC Vadvani ,Fibre Crops,Cotton,Other,Local,"7,929.00","7,944.00","7,929.00",Rs./Quintal,12-03-2026
Maharashtra,Beed,APMC Vadvani ,Fibre Crops,Cotton,Other,Local,"7,929.00","7,969.00","7,944.00",Rs./Quintal,11-03-2026
Maharashtra,Beed,APMC Vadvani ,Fibre Crops,Cotton,Other,Local,"7,929.00","7,959.00","7,939.00",Rs./Quintal,10-03-2026
Maharashtra,Beed,APMC Vadvani ,Fibre Crops,Cotton,Other,Local,"7,929.00","7,959.00","7,939.00",Rs./Quintal,09-03-2026
Maharashtra,Beed,APMC Vadvani ,Fibre Crops,Cotton,Other,Local,"7,929.00","7,969.00","7,929.00",Rs./Quintal,06-03-2026
Maharashtra,Beed,APMC Vadvani ,Fibre Crops,Cotton,Other,Local,"7,769.00","7,929.00","7,889.00",Rs./Quintal,05-03-2026
Maharashtra,Beed,APMC Vadvani ,Fibre Crops,Cotton,Other,Local,"7,929.00","7,969.00","7,929.00",Rs./Quintal,04-03-2026
Maharashtra,Beed,APMC Vadvani ,Fibre Crops,Cotton,Other,Local,"7,889.00","7,969.00","7,929.00",Rs./Quintal,26-02-2026
Maharashtra,Beed,APMC Vadvani ,Fibre Crops,Cotton,Other,Local,"7,829.00","7,929.00","7,869.00",Rs./Quintal,25-02-2026
Maharashtra,Beed,APMC Vadvani ,Fibre Crops,Cotton,Other,Local,"7,689.00","7,969.00","7,829.00",Rs./Quintal,24-02-2026
Maharashtra,Beed,APMC Vadvani ,Fibre Crops,Cotton,Other,Local,"7,849.00","7,969.00","7,929.00",Rs./Quintal,23-02-2026
Maharashtra,Beed,APMC Vadvani ,Fibre Crops,Cotton,Other,Local,"7,889.00","7,969.00","7,929.00",Rs./Quintal,20-02-2026
Maharashtra,Beed,APMC Vadvani ,Fibre Crops,Cotton,Other,Local,"7,873.00","7,969.00","7,929.00",Rs./Quintal,18-02-2026
Maharashtra,Beed,APMC Vadvani ,Fibre Crops,Cotton,Other,Local,"7,829.00","7,879.00","7,869.00",Rs./Quintal,17-02-2026
Maharashtra,Beed,APMC Vadvani ,Fibre Crops,Cotton,Other,Local,"7,809.00","7,969.00","7,889.00",Rs./Quintal,16-02-2026
Maharashtra,Beed,APMC Vadvani ,Fibre Crops,Cotton,Other,Local,"7,821.00","8,060.00","7,979.00",Rs./Quintal,09-01-2026
Maharashtra,Beed,APMC Vadvani ,Fibre Crops,Cotton,Other,Local,"7,737.00","7,998.00","7,837.00",Rs./Quintal,08-01-2026
Maharashtra,Beed,APMC Vadvani ,Fibre Crops,Cotton,Other,Local,"7,712.00","7,979.00","7,821.00",Rs./Quintal,07-01-2026
Maharashtra,Beed,APMC Vadvani ,Fibre Crops,Cotton,Other,Local,"7,712.00","7,979.00","7,851.00",Rs./Quintal,06-01-2026
Maharashtra,Beed,APMC Vadvani ,Fibre Crops,Cotton,Other,Local,"7,737.00","7,979.00","7,879.00",Rs./Quintal,05-01-2026
Maharashtra,Beed,APMC Vadvani ,Fibre Crops,Cotton,Other,Local,"7,712.00","7,979.00","7,898.00",Rs./Quintal,02-01-2026
Maharashtra,Beed,APMC Vadvani ,Fibre Crops,Cotton,Other,Local,"7,712.00","7,979.00","7,879.00",Rs./Quintal,01-01-2026
Maharashtra,Buldhana,APMC Deoulgaon Raja ,Fibre Crops,Cotton,Desi,Local,"8,500.00","8,500.00","8,500.00",Rs./Quintal,24-04-2026
Maharashtra,Buldhana,APMC Deoulgaon Raja ,Fibre Crops,Cotton,Desi,Local,"7,800.00","8,630.00","8,500.00",Rs./Quintal,23-04-2026
Maharashtra,Buldhana,APMC Deoulgaon Raja ,Fibre Crops,Cotton,Desi,Local,"8,500.00","8,500.00","8,500.00",Rs./Quintal,22-04-2026
Maharashtra,Buldhana,APMC Deoulgaon Raja ,Fibre Crops,Cotton,Desi,Local,"8,000.00","8,650.00","8,350.00",Rs./Quintal,21-04-2026
Maharashtra,Buldhana,APMC Deoulgaon Raja ,Fibre Crops,Cotton,Desi,Local,"8,000.00","8,625.00","8,250.00",Rs./Quintal,20-04-2026
Maharashtra,Buldhana,APMC Deoulgaon Raja ,Fibre Crops,Cotton,Desi,Local,"8,250.00","8,660.00","8,450.00",Rs./Quintal,18-04-2026
Maharashtra,Buldhana,APMC Deoulgaon Raja ,Fibre Crops,Cotton,Desi,Local,"8,300.00","8,595.00","8,450.00",Rs./Quintal,17-04-2026
Maharashtra,Buldhana,APMC Deoulgaon Raja ,Fibre Crops,Cotton,Desi,Local,"8,100.00","8,560.00","8,350.00",Rs./Quintal,16-04-2026
Maharashtra,Buldhana,APMC Deoulgaon Raja ,Fibre Crops,Cotton,Desi,Local,"8,100.00","8,475.00","8,350.00",Rs./Quintal,15-04-2026
Maharashtra,Buldhana,APMC Deoulgaon Raja ,Fibre Crops,Cotton,Desi,Local,"8,100.00","8,450.00","8,300.00",Rs./Quintal,13-04-2026
Maharashtra,Buldhana,APMC Deoulgaon Raja ,Fibre Crops,Cotton,Desi,Local,"8,000.00","8,455.00","8,300.00",Rs./Quintal,11-04-2026
Maharashtra,Buldhana,APMC Deoulgaon Raja ,Fibre Crops,Cotton,Desi,Local,"8,350.00","8,550.00","8,475.00",Rs./Quintal,10-04-2026
Maharashtra,Buldhana,APMC Deoulgaon Raja ,Fibre Crops,Cotton,Desi,Local,"8,150.00","8,475.00","8,350.00",Rs./Quintal,09-04-2026
Maharashtra,Buldhana,APMC Deoulgaon Raja ,Fibre Crops,Cotton,Desi,Local,"8,100.00","8,450.00","8,350.00",Rs./Quintal,08-04-2026
Maharashtra,Buldhana,APMC Deoulgaon Raja ,Fibre Crops,Cotton,Desi,Local,"8,000.00","8,530.00","8,450.00",Rs./Quintal,07-04-2026
Maharashtra,Buldhana,APMC Deoulgaon Raja ,Fibre Crops,Cotton,Desi,Local,"8,000.00","8,500.00","8,450.00",Rs./Quintal,06-04-2026
Maharashtra,Buldhana,APMC Deoulgaon Raja ,Fibre Crops,Cotton,Desi,Local,"8,550.00","8,595.00","8,550.00",Rs./Quintal,04-04-2026
Maharashtra,Buldhana,APMC Deoulgaon Raja ,Fibre Crops,Cotton,Desi,Local,"8,100.00","8,400.00","8,300.00",Rs./Quintal,01-04-2026
Maharashtra,Buldhana,APMC Deoulgaon Raja ,Fibre Crops,Cotton,Desi,Local,"8,000.00","8,320.00","8,200.00",Rs./Quintal,30-03-2026
Maharashtra,Buldhana,APMC Deoulgaon Raja ,Fibre Crops,Cotton,Desi,Local,"7,950.00","8,195.00","8,000.00",Rs./Quintal,28-03-2026
Maharashtra,Buldhana,APMC Deoulgaon Raja ,Fibre Crops,Cotton,Desi,Local,"7,950.00","8,205.00","8,050.00",Rs./Quintal,27-03-2026
Maharashtra,Buldhana,APMC Deoulgaon Raja ,Fibre Crops,Cotton,Desi,Local,"7,900.00","8,195.00","8,000.00",Rs./Quintal,26-03-2026
Maharashtra,Buldhana,APMC Deoulgaon Raja ,Fibre Crops,Cotton,Desi,Local,"7,800.00","8,150.00","7,950.00",Rs./Quintal,25-03-2026
Maharashtra,Buldhana,APMC Deoulgaon Raja ,Fibre Crops,Cotton,Desi,Local,"8,050.00","8,150.00","8,100.00",Rs./Quintal,24-03-2026
Maharashtra,Buldhana,APMC Deoulgaon Raja ,Fibre Crops,Cotton,Desi,Local,"7,850.00","8,150.00","8,050.00",Rs./Quintal,23-03-2026
Maharashtra,Buldhana,APMC Deoulgaon Raja ,Fibre Crops,Cotton,Desi,Local,"7,900.00","7,900.00","7,900.00",Rs./Quintal,21-03-2026
Maharashtra,Buldhana,APMC Deoulgaon Raja ,Fibre Crops,Cotton,Desi,Local,"7,500.00","7,875.00","7,750.00",Rs./Quintal,20-03-2026
Maharashtra,Buldhana,APMC Deoulgaon Raja ,Fibre Crops,Cotton,Desi,Local,"7,600.00","7,955.00","7,800.00",Rs./Quintal,18-03-2026
Maharashtra,Buldhana,APMC Deoulgaon Raja ,Fibre Crops,Cotton,Desi,Local,"7,500.00","7,980.00","7,800.00",Rs./Quintal,17-03-2026
Maharashtra,Buldhana,APMC Deoulgaon Raja ,Fibre Crops,Cotton,Desi,Local,"7,400.00","7,865.00","7,700.00",Rs./Quintal,16-03-2026
Maharashtra,Buldhana,APMC Deoulgaon Raja ,Fibre Crops,Cotton,Desi,Local,"7,400.00","7,820.00","7,700.00",Rs./Quintal,14-03-2026
Maharashtra,Buldhana,APMC Deoulgaon Raja ,Fibre Crops,Cotton,Desi,Local,"7,500.00","7,815.00","7,700.00",Rs./Quintal,13-03-2026
Maharashtra,Buldhana,APMC Deoulgaon Raja ,Fibre Crops,Cotton,Desi,Local,"7,400.00","7,830.00","7,700.00",Rs./Quintal,12-03-2026
Maharashtra,Buldhana,APMC Deoulgaon Raja ,Fibre Crops,Cotton,Desi,Local,"7,400.00","7,850.00","7,740.00",Rs./Quintal,11-03-2026
Maharashtra,Buldhana,APMC Deoulgaon Raja ,Fibre Crops,Cotton,Desi,Local,"7,400.00","7,790.00","7,650.00",Rs./Quintal,10-03-2026
Maharashtra,Buldhana,APMC Deoulgaon Raja ,Fibre Crops,Cotton,Desi,Local,"7,500.00","7,875.00","7,600.00",Rs./Quintal,09-03-2026
Maharashtra,Buldhana,APMC Deoulgaon Raja ,Fibre Crops,Cotton,Desi,Local,"7,400.00","7,795.00","7,650.00",Rs./Quintal,07-03-2026
Maharashtra,Buldhana,APMC Deoulgaon Raja ,Fibre Crops,Cotton,Desi,Local,"7,400.00","7,795.00","7,600.00",Rs./Quintal,06-03-2026
Maharashtra,Buldhana,APMC Deoulgaon Raja ,Fibre Crops,Cotton,Desi,Local,"7,400.00","7,795.00","7,600.00",Rs./Quintal,05-03-2026
Maharashtra,Buldhana,APMC Deoulgaon Raja ,Fibre Crops,Cotton,Desi,Local,"7,400.00","7,780.00","7,600.00",Rs./Quintal,04-03-2026
Maharashtra,Buldhana,APMC Deoulgaon Raja ,Fibre Crops,Cotton,Desi,Local,"7,400.00","7,800.00","7,650.00",Rs./Quintal,28-02-2026
Maharashtra,Buldhana,APMC Deoulgaon Raja ,Fibre Crops,Cotton,Desi,Local,"7,400.00","7,780.00","7,600.00",Rs./Quintal,27-02-2026
Maharashtra,Buldhana,APMC Deoulgaon Raja ,Fibre Crops,Cotton,Desi,Local,"7,300.00","7,880.00","7,650.00",Rs./Quintal,26-02-2026
Maharashtra,Buldhana,APMC Deoulgaon Raja ,Fibre Crops,Cotton,Desi,Local,"7,400.00","7,795.00","7,650.00",Rs./Quintal,25-02-2026
Maharashtra,Buldhana,APMC Deoulgaon Raja ,Fibre Crops,Cotton,Desi,Local,"7,400.00","7,795.00","7,600.00",Rs./Quintal,24-02-2026
Maharashtra,Buldhana,APMC Deoulgaon Raja ,Fibre Crops,Cotton,Desi,Local,"7,500.00","7,945.00","7,800.00",Rs./Quintal,23-02-2026
Maharashtra,Buldhana,APMC Deoulgaon Raja ,Fibre Crops,Cotton,Desi,Local,"7,500.00","7,855.00","7,700.00",Rs./Quintal,20-02-2026
Maharashtra,Buldhana,APMC Deoulgaon Raja ,Fibre Crops,Cotton,Desi,Local,"7,400.00","7,880.00","7,700.00",Rs./Quintal,18-02-2026
Maharashtra,Buldhana,APMC Deoulgaon Raja ,Fibre Crops,Cotton,Desi,Local,"7,400.00","7,825.00","7,750.00",Rs./Quintal,17-02-2026
Maharashtra,Buldhana,APMC Deoulgaon Raja ,Fibre Crops,Cotton,Desi,Local,"7,400.00","7,835.00","7,600.00",Rs./Quintal,16-02-2026
Maharashtra,Buldhana,APMC Deoulgaon Raja ,Fibre Crops,Cotton,Desi,Local,"7,400.00","7,845.00","7,675.00",Rs./Quintal,14-02-2026
Maharashtra,Buldhana,APMC Deoulgaon Raja ,Fibre Crops,Cotton,Desi,Local,"7,400.00","7,800.00","7,700.00",Rs./Quintal,13-02-2026
Maharashtra,Buldhana,APMC Deoulgaon Raja ,Fibre Crops,Cotton,Desi,Local,"7,500.00","7,850.00","7,700.00",Rs./Quintal,12-02-2026
Maharashtra,Buldhana,APMC Deoulgaon Raja ,Fibre Crops,Cotton,Desi,Local,"7,500.00","7,865.00","7,770.00",Rs./Quintal,11-02-2026
Maharashtra,Buldhana,APMC Deoulgaon Raja ,Fibre Crops,Cotton,Desi,Local,"7,400.00","7,900.00","7,750.00",Rs./Quintal,09-02-2026
Maharashtra,Buldhana,APMC Deoulgaon Raja ,Fibre Crops,Cotton,Desi,Local,"7,700.00","7,995.00","7,850.00",Rs./Quintal,06-02-2026
Maharashtra,Buldhana,APMC Deoulgaon Raja ,Fibre Crops,Cotton,Desi,Local,"7,600.00","8,075.00","7,900.00",Rs./Quintal,05-02-2026
Maharashtra,Buldhana,APMC Deoulgaon Raja ,Fibre Crops,Cotton,Desi,Local,"7,700.00","8,080.00","8,000.00",Rs./Quintal,04-02-2026
Maharashtra,Buldhana,APMC Deoulgaon Raja ,Fibre Crops,Cotton,Desi,Local,"7,700.00","8,095.00","8,000.00",Rs./Quintal,03-02-2026
Maharashtra,Buldhana,APMC Deoulgaon Raja ,Fibre Crops,Cotton,Desi,Local,"7,450.00","8,000.00","7,800.00",Rs./Quintal,02-02-2026
Maharashtra,Buldhana,APMC Deoulgaon Raja ,Fibre Crops,Cotton,Desi,Local,"8,000.00","8,200.00","8,150.00",Rs./Quintal,31-01-2026
Maharashtra,Buldhana,APMC Deoulgaon Raja ,Fibre Crops,Cotton,Desi,Local,"8,000.00","8,305.00","8,200.00",Rs./Quintal,30-01-2026
Maharashtra,Buldhana,APMC Deoulgaon Raja ,Fibre Crops,Cotton,Desi,Local,"8,000.00","8,395.00","8,150.00",Rs./Quintal,29-01-2026
Maharashtra,Buldhana,APMC Deoulgaon Raja ,Fibre Crops,Cotton,Desi,Local,"8,000.00","8,345.00","8,250.00",Rs./Quintal,28-01-2026
Maharashtra,Buldhana,APMC Deoulgaon Raja ,Fibre Crops,Cotton,Desi,Local,"8,000.00","8,400.00","8,325.00",Rs./Quintal,27-01-2026
Maharashtra,Buldhana,APMC Deoulgaon Raja ,Fibre Crops,Cotton,Desi,Local,"8,050.00","8,255.00","8,150.00",Rs./Quintal,24-01-2026
Maharashtra,Buldhana,APMC Deoulgaon Raja ,Fibre Crops,Cotton,Desi,Local,"7,900.00","8,190.00","8,100.00",Rs./Quintal,23-01-2026
Maharashtra,Buldhana,APMC Deoulgaon Raja ,Fibre Crops,Cotton,Desi,Local,"7,900.00","8,130.00","8,050.00",Rs./Quintal,22-01-2026
Maharashtra,Buldhana,APMC Deoulgaon Raja ,Fibre Crops,Cotton,Desi,Local,"7,800.00","8,060.00","7,950.00",Rs./Quintal,21-01-2026
Maharashtra,Buldhana,APMC Deoulgaon Raja ,Fibre Crops,Cotton,Desi,Local,"7,950.00","8,100.00","8,050.00",Rs./Quintal,20-01-2026
Maharashtra,Buldhana,APMC Deoulgaon Raja ,Fibre Crops,Cotton,Desi,Local,"7,950.00","8,150.00","8,050.00",Rs./Quintal,19-01-2026
Maharashtra,Buldhana,APMC Deoulgaon Raja ,Fibre Crops,Cotton,Desi,Local,"7,900.00","8,150.00","8,050.00",Rs./Quintal,17-01-2026
Maharashtra,Buldhana,APMC Deoulgaon Raja ,Fibre Crops,Cotton,Desi,Local,"7,800.00","8,200.00","8,100.00",Rs./Quintal,16-01-2026
Maharashtra,Buldhana,APMC Deoulgaon Raja ,Fibre Crops,Cotton,Desi,Local,"8,000.00","8,310.00","8,200.00",Rs./Quintal,13-01-2026
Maharashtra,Buldhana,APMC Deoulgaon Raja ,Fibre Crops,Cotton,Desi,Local,"8,100.00","8,400.00","8,300.00",Rs./Quintal,12-01-2026
Maharashtra,Buldhana,APMC Deoulgaon Raja ,Fibre Crops,Cotton,Desi,Local,"7,800.00","8,100.00","8,050.00",Rs./Quintal,10-01-2026
Maharashtra,Buldhana,APMC Deoulgaon Raja ,Fibre Crops,Cotton,Desi,Local,"7,850.00","8,100.00","8,000.00",Rs./Quintal,09-01-2026
Maharashtra,Buldhana,APMC Deoulgaon Raja ,Fibre Crops,Cotton,Desi,Local,"7,700.00","8,005.00","7,900.00",Rs./Quintal,08-01-2026
Maharashtra,Buldhana,APMC Deoulgaon Raja ,Fibre Crops,Cotton,Desi,Local,"7,850.00","8,000.00","7,900.00",Rs./Quintal,07-01-2026
Maharashtra,Buldhana,APMC Deoulgaon Raja ,Fibre Crops,Cotton,Desi,Local,"7,400.00","7,820.00","7,700.00",Rs./Quintal,06-01-2026
Maharashtra,Buldhana,APMC Deoulgaon Raja ,Fibre Crops,Cotton,Desi,Local,"7,400.00","7,800.00","7,700.00",Rs./Quintal,05-01-2026
Maharashtra,Buldhana,APMC Deoulgaon Raja ,Fibre Crops,Cotton,Desi,Local,"7,350.00","7,585.00","7,500.00",Rs./Quintal,03-01-2026
Maharashtra,Buldhana,APMC Deoulgaon Raja ,Fibre Crops,Cotton,Desi,Local,"7,350.00","7,580.00","7,465.00",Rs./Quintal,02-01-2026
Maharashtra,Buldhana,APMC Deoulgaon Raja ,Fibre Crops,Cotton,Desi,Local,700.00,"7,530.00","7,450.00",Rs./Quintal,01-01-2026
Maharashtra,Buldhana,APMC Khamgaon ,Fibre Crops,Cotton,Other,FAQ,"8,200.00","8,200.00","8,200.00",Rs./Quintal,15-06-2026
Maharashtra,Buldhana,APMC Khamgaon ,Fibre Crops,Cotton,Other,FAQ,"8,500.00","8,500.00","8,500.00",Rs./Quintal,11-06-2026
Maharashtra,Buldhana,APMC Khamgaon ,Fibre Crops,Cotton,Other,FAQ,"8,300.00","8,500.00","8,400.00",Rs./Quintal,10-06-2026
Maharashtra,Buldhana,APMC Khamgaon ,Fibre Crops,Cotton,Other,FAQ,"8,300.00","8,400.00","8,350.00",Rs./Quintal,09-06-2026
Maharashtra,Buldhana,APMC Khamgaon ,Fibre Crops,Cotton,Other,FAQ,"8,600.00","8,800.00","8,700.00",Rs./Quintal,05-06-2026
Maharashtra,Buldhana,APMC Khamgaon ,Fibre Crops,Cotton,Other,FAQ,"8,600.00","8,800.00","8,700.00",Rs./Quintal,03-06-2026
Maharashtra,Buldhana,APMC Khamgaon ,Fibre Crops,Cotton,Other,FAQ,"8,600.00","8,800.00","8,700.00",Rs./Quintal,01-06-2026
Maharashtra,Buldhana,APMC Khamgaon ,Fibre Crops,Cotton,Other,FAQ,"8,800.00","9,000.00","8,900.00",Rs./Quintal,29-05-2026
Maharashtra,Buldhana,APMC Khamgaon ,Fibre Crops,Cotton,Other,FAQ,"8,800.00","9,200.00","9,000.00",Rs./Quintal,25-05-2026
Maharashtra,Buldhana,APMC Khamgaon ,Fibre Crops,Cotton,Other,FAQ,"9,000.00","9,500.00","9,250.00",Rs./Quintal,20-05-2026
Maharashtra,Buldhana,APMC Khamgaon ,Fibre Crops,Cotton,Other,FAQ,"9,000.00","9,400.00","9,200.00",Rs./Quintal,14-05-2026
Maharashtra,Buldhana,APMC Khamgaon ,Fibre Crops,Cotton,Other,FAQ,"8,800.00","9,100.00","8,950.00",Rs./Quintal,12-05-2026
Maharashtra,Buldhana,APMC Khamgaon ,Fibre Crops,Cotton,Other,FAQ,"8,500.00","9,000.00","8,750.00",Rs./Quintal,08-05-2026
Maharashtra,Buldhana,APMC Khamgaon ,Fibre Crops,Cotton,Other,FAQ,"8,500.00","9,000.00","8,750.00",Rs./Quintal,07-05-2026
Maharashtra,Buldhana,APMC Khamgaon ,Fibre Crops,Cotton,Other,FAQ,"8,200.00","8,600.00","8,400.00",Rs./Quintal,06-05-2026
Maharashtra,Buldhana,APMC Khamgaon ,Fibre Crops,Cotton,Other,FAQ,"8,100.00","8,500.00","8,300.00",Rs./Quintal,05-05-2026
Maharashtra,Buldhana,APMC Khamgaon ,Fibre Crops,Cotton,Other,FAQ,"8,150.00","8,575.00","8,362.00",Rs./Quintal,04-05-2026
Maharashtra,Buldhana,APMC Khamgaon ,Fibre Crops,Cotton,Other,FAQ,"8,000.00","8,400.00","8,200.00",Rs./Quintal,29-04-2026
Maharashtra,Buldhana,APMC Khamgaon ,Fibre Crops,Cotton,Other,FAQ,"8,000.00","8,400.00","8,200.00",Rs./Quintal,28-04-2026
Maharashtra,Buldhana,APMC Khamgaon ,Fibre Crops,Cotton,Other,FAQ,"8,000.00","8,450.00","8,225.00",Rs./Quintal,27-04-2026
Maharashtra,Buldhana,APMC Khamgaon ,Fibre Crops,Cotton,Other,FAQ,"8,000.00","8,500.00","8,250.00",Rs./Quintal,24-04-2026
Maharashtra,Buldhana,APMC Khamgaon ,Fibre Crops,Cotton,Other,FAQ,"7,999.00","8,450.00","8,224.00",Rs./Quintal,23-04-2026
Maharashtra,Buldhana,APMC Khamgaon ,Fibre Crops,Cotton,Other,FAQ,"8,000.00","8,500.00","8,250.00",Rs./Quintal,22-04-2026
Maharashtra,Buldhana,APMC Khamgaon ,Fibre Crops,Cotton,Other,FAQ,"8,000.00","8,400.00","8,200.00",Rs./Quintal,21-04-2026
Maharashtra,Buldhana,APMC Khamgaon ,Fibre Crops,Cotton,Other,FAQ,"7,900.00","8,500.00","8,200.00",Rs./Quintal,20-04-2026
Maharashtra,Buldhana,APMC Khamgaon ,Fibre Crops,Cotton,Other,FAQ,"8,000.00","8,400.00","8,200.00",Rs./Quintal,18-04-2026
Maharashtra,Buldhana,APMC Khamgaon ,Fibre Crops,Cotton,Other,FAQ,"8,000.00","8,300.00","8,150.00",Rs./Quintal,16-04-2026
Maharashtra,Buldhana,APMC Khamgaon ,Fibre Crops,Cotton,Other,FAQ,"7,950.00","8,250.00","8,100.00",Rs./Quintal,15-04-2026
Maharashtra,Buldhana,APMC Khamgaon ,Fibre Crops,Cotton,Other,FAQ,"7,900.00","8,200.00","8,050.00",Rs./Quintal,13-04-2026
Maharashtra,Buldhana,APMC Khamgaon ,Fibre Crops,Cotton,Other,FAQ,"7,900.00","8,150.00","8,025.00",Rs./Quintal,10-04-2026
Maharashtra,Buldhana,APMC Khamgaon ,Fibre Crops,Cotton,Other,FAQ,"8,000.00","8,300.00","8,150.00",Rs./Quintal,09-04-2026
Maharashtra,Buldhana,APMC Khamgaon ,Fibre Crops,Cotton,Other,FAQ,"8,000.00","8,400.00","8,200.00",Rs./Quintal,08-04-2026
Maharashtra,Buldhana,APMC Khamgaon ,Fibre Crops,Cotton,Other,FAQ,"8,000.00","8,500.00","8,250.00",Rs./Quintal,07-04-2026
Maharashtra,Buldhana,APMC Khamgaon ,Fibre Crops,Cotton,Other,FAQ,"8,000.00","8,400.00","8,200.00",Rs./Quintal,06-04-2026
Maharashtra,Buldhana,APMC Khamgaon ,Fibre Crops,Cotton,Other,Non-FAQ,"5,100.00","5,225.00","5,162.00",Rs./Quintal,27-03-2026
Maharashtra,Buldhana,APMC Khamgaon ,Fibre Crops,Cotton,Other,Non-FAQ,"7,450.00","7,600.00","7,525.00",Rs./Quintal,24-03-2026
Maharashtra,Buldhana,APMC Khamgaon ,Fibre Crops,Cotton,Other,Non-FAQ,"7,400.00","7,600.00","7,500.00",Rs./Quintal,23-03-2026
Maharashtra,Buldhana,APMC Khamgaon ,Fibre Crops,Cotton,Other,FAQ,"7,729.00","8,001.00","7,865.00",Rs./Quintal,11-03-2026
Maharashtra,Buldhana,APMC Khamgaon ,Fibre Crops,Cotton,Other,Non-FAQ,"7,400.00","7,600.00","7,500.00",Rs./Quintal,11-03-2026
Maharashtra,Buldhana,APMC Khamgaon ,Fibre Crops,Cotton,Other,FAQ,"7,769.00","8,001.00","7,885.00",Rs./Quintal,10-03-2026
Maharashtra,Buldhana,APMC Khamgaon ,Fibre Crops,Cotton,Other,Non-FAQ,"7,400.00","7,450.00","7,425.00",Rs./Quintal,10-03-2026
Maharashtra,Buldhana,APMC Khamgaon ,Fibre Crops,Cotton,Other,FAQ,"7,789.00","7,929.00","7,859.00",Rs./Quintal,05-03-2026
Maharashtra,Buldhana,APMC Khamgaon ,Fibre Crops,Cotton,Other,Non-FAQ,"7,400.00","7,500.00","7,450.00",Rs./Quintal,05-03-2026
Maharashtra,Buldhana,APMC Khamgaon ,Fibre Crops,Cotton,Other,FAQ,"7,929.00","8,010.00","7,970.00",Rs./Quintal,26-02-2026
Maharashtra,Buldhana,APMC Khamgaon ,Fibre Crops,Cotton,Other,Non-FAQ,"7,450.00","7,500.00","7,475.00",Rs./Quintal,26-02-2026
Maharashtra,Buldhana,APMC Khamgaon ,Fibre Crops,Cotton,Other,FAQ,"7,929.00","8,010.00","7,970.00",Rs./Quintal,25-02-2026
Maharashtra,Buldhana,APMC Khamgaon ,Fibre Crops,Cotton,Other,Non-FAQ,"7,450.00","7,500.00","7,475.00",Rs./Quintal,25-02-2026
Maharashtra,Buldhana,APMC Khamgaon ,Fibre Crops,Cotton,Other,FAQ,"7,900.00","8,010.00","7,955.00",Rs./Quintal,24-02-2026
Maharashtra,Buldhana,APMC Khamgaon ,Fibre Crops,Cotton,Other,Non-FAQ,"7,500.00","7,500.00","7,500.00",Rs./Quintal,24-02-2026
Maharashtra,Buldhana,APMC Khamgaon ,Fibre Crops,Cotton,Other,FAQ,"7,905.00","8,010.00","7,958.00",Rs./Quintal,23-02-2026
Maharashtra,Buldhana,APMC Khamgaon ,Fibre Crops,Cotton,Other,Non-FAQ,"7,400.00","7,500.00","7,450.00",Rs./Quintal,23-02-2026
Maharashtra,Buldhana,APMC Khamgaon ,Fibre Crops,Cotton,Other,Non-FAQ,"7,450.00","7,500.00","7,475.00",Rs./Quintal,10-02-2026
Maharashtra,Buldhana,APMC Khamgaon ,Fibre Crops,Cotton,Other,Non-FAQ,"7,600.00","7,650.00","7,625.00",Rs./Quintal,03-02-2026
Maharashtra,Buldhana,APMC Khamgaon ,Fibre Crops,Cotton,Other,FAQ,"7,800.00","7,825.00","7,812.00",Rs./Quintal,30-01-2026
Maharashtra,Buldhana,APMC Khamgaon ,Fibre Crops,Cotton,Other,Non-FAQ,"7,650.00","7,650.00","7,650.00",Rs./Quintal,30-01-2026
Maharashtra,Buldhana,APMC Khamgaon ,Fibre Crops,Cotton,Other,FAQ,"7,800.00","7,800.00","7,800.00",Rs./Quintal,27-01-2026
Maharashtra,Buldhana,APMC Khamgaon ,Fibre Crops,Cotton,Other,Non-FAQ,"7,600.00","7,700.00","7,650.00",Rs./Quintal,27-01-2026
Maharashtra,Buldhana,APMC Khamgaon ,Fibre Crops,Cotton,Other,FAQ,"7,800.00","8,010.00","7,905.00",Rs./Quintal,23-01-2026
Maharashtra,Buldhana,APMC Khamgaon ,Fibre Crops,Cotton,Other,FAQ,"7,800.00","8,001.00","7,900.00",Rs./Quintal,22-01-2026
Maharashtra,Buldhana,APMC Khamgaon ,Fibre Crops,Cotton,Other,FAQ,"7,769.00","8,100.00","7,934.00",Rs./Quintal,16-01-2026
Maharashtra,Buldhana,APMC Khamgaon ,Fibre Crops,Cotton,Other,FAQ,"7,769.00","8,010.00","7,890.00",Rs./Quintal,15-01-2026
Maharashtra,Buldhana,APMC Khamgaon ,Fibre Crops,Cotton,Other,FAQ,"7,769.00","8,010.00","7,890.00",Rs./Quintal,14-01-2026
Maharashtra,Buldhana,APMC Khamgaon ,Fibre Crops,Cotton,Other,FAQ,"7,769.00","8,010.00","7,890.00",Rs./Quintal,09-01-2026
Maharashtra,Buldhana,APMC Khamgaon ,Fibre Crops,Cotton,Other,FAQ,"7,769.00","8,010.00","7,890.00",Rs./Quintal,08-01-2026
Maharashtra,Buldhana,APMC Khamgaon ,Fibre Crops,Cotton,Other,FAQ,"7,769.00","8,010.00","7,890.00",Rs./Quintal,07-01-2026
Maharashtra,Buldhana,APMC Khamgaon ,Fibre Crops,Cotton,Other,FAQ,"7,769.00","8,010.00","7,890.00",Rs./Quintal,05-01-2026
Maharashtra,Buldhana,APMC Khamgaon ,Fibre Crops,Cotton,Other,FAQ,"7,769.00","8,010.00","7,890.00",Rs./Quintal,02-01-2026
Maharashtra,Buldhana,APMC Khamgaon ,Fibre Crops,Cotton,Other,FAQ,"7,769.00","8,010.00","7,890.00",Rs./Quintal,01-01-2026
Maharashtra,Buldhana,"Acf Agro Marketing, Malkapur, Dist Buldhana",Fibre Crops,Cotton,Other,Local,"7,600.00","7,700.00","7,608.00",Rs./Quintal,24-04-2026
Maharashtra,Buldhana,"Acf Agro Marketing, Malkapur, Dist Buldhana",Fibre Crops,Cotton,Other,Local,"7,000.00","7,100.00","7,082.00",Rs./Quintal,21-04-2026
Maharashtra,Buldhana,"Acf Agro Marketing, Malkapur, Dist Buldhana",Fibre Crops,Cotton,Other,Local,"7,500.00","7,600.00","7,527.00",Rs./Quintal,20-04-2026
Maharashtra,Buldhana,"Acf Agro Marketing, Malkapur, Dist Buldhana",Fibre Crops,Cotton,Other,Local,"7,200.00","7,300.00","7,239.00",Rs./Quintal,18-04-2026
Maharashtra,Buldhana,"Acf Agro Marketing, Malkapur, Dist Buldhana",Fibre Crops,Cotton,Other,Local,"7,600.00","7,700.00","7,679.00",Rs./Quintal,17-04-2026
Maharashtra,Buldhana,"Acf Agro Marketing, Malkapur, Dist Buldhana",Fibre Crops,Cotton,Other,Local,"7,400.00","7,500.00","7,447.00",Rs./Quintal,16-04-2026
Maharashtra,Buldhana,"Acf Agro Marketing, Malkapur, Dist Buldhana",Fibre Crops,Cotton,Other,Local,"7,400.00","7,500.00","7,498.00",Rs./Quintal,15-04-2026
Maharashtra,Buldhana,"Acf Agro Marketing, Malkapur, Dist Buldhana",Fibre Crops,Cotton,Other,Local,"7,000.00","7,100.00","7,064.00",Rs./Quintal,14-04-2026
Maharashtra,Buldhana,"Acf Agro Marketing, Malkapur, Dist Buldhana",Fibre Crops,Cotton,Other,Local,"7,400.00","7,500.00","7,499.00",Rs./Quintal,13-04-2026
Maharashtra,Buldhana,"Acf Agro Marketing, Malkapur, Dist Buldhana",Fibre Crops,Cotton,Other,Local,"7,700.00","7,800.00","7,714.00",Rs./Quintal,11-04-2026
Maharashtra,Buldhana,"Acf Agro Marketing, Malkapur, Dist Buldhana",Fibre Crops,Cotton,Other,Local,"7,500.00","7,600.00","7,567.00",Rs./Quintal,10-04-2026
Maharashtra,Buldhana,"Acf Agro Marketing, Malkapur, Dist Buldhana",Fibre Crops,Cotton,Other,Local,"7,000.00","7,100.00","7,022.00",Rs./Quintal,06-04-2026
Maharashtra,Buldhana,"Acf Agro Marketing, Malkapur, Dist Buldhana",Fibre Crops,Cotton,Other,Local,"7,200.00","7,300.00","7,267.00",Rs./Quintal,05-04-2026
Maharashtra,Buldhana,"Acf Agro Marketing, Malkapur, Dist Buldhana",Fibre Crops,Cotton,Other,Local,"7,600.00","7,700.00","7,667.00",Rs./Quintal,30-03-2026
Maharashtra,Buldhana,"Acf Agro Marketing, Malkapur, Dist Buldhana",Fibre Crops,Cotton,Other,Local,"7,500.00","7,600.00","7,549.00",Rs./Quintal,29-03-2026
Maharashtra,Buldhana,"Acf Agro Marketing, Malkapur, Dist Buldhana",Fibre Crops,Cotton,Other,Local,"7,500.00","7,600.00","7,531.00",Rs./Quintal,28-03-2026
Maharashtra,Buldhana,"Acf Agro Marketing, Malkapur, Dist Buldhana",Fibre Crops,Cotton,Other,Local,"7,300.00","7,400.00","7,318.00",Rs./Quintal,27-03-2026
Maharashtra,Buldhana,"Acf Agro Marketing, Malkapur, Dist Buldhana",Fibre Crops,Cotton,Other,Local,"7,200.00","7,300.00","7,275.00",Rs./Quintal,24-03-2026
Maharashtra,Buldhana,"Acf Agro Marketing, Malkapur, Dist Buldhana",Fibre Crops,Cotton,Other,Local,"6,900.00","7,000.00","6,981.00",Rs./Quintal,23-03-2026
Maharashtra,Buldhana,"Acf Agro Marketing, Malkapur, Dist Buldhana",Fibre Crops,Cotton,Other,Local,"7,400.00","7,500.00","7,409.00",Rs./Quintal,22-03-2026
Maharashtra,Buldhana,"Acf Agro Marketing, Malkapur, Dist Buldhana",Fibre Crops,Cotton,Other,Local,"7,200.00","7,300.00","7,203.00",Rs./Quintal,21-03-2026
Maharashtra,Buldhana,"Acf Agro Marketing, Malkapur, Dist Buldhana",Fibre Crops,Cotton,Other,Local,"7,300.00","7,400.00","7,376.00",Rs./Quintal,20-03-2026
Maharashtra,Buldhana,"Acf Agro Marketing, Malkapur, Dist Buldhana",Fibre Crops,Cotton,Other,Local,"7,400.00","7,500.00","7,471.00",Rs./Quintal,19-03-2026
Maharashtra,Buldhana,"Acf Agro Marketing, Malkapur, Dist Buldhana",Fibre Crops,Cotton,Other,Local,"7,400.00","7,500.00","7,438.00",Rs./Quintal,18-03-2026
Maharashtra,Buldhana,"Acf Agro Marketing, Malkapur, Dist Buldhana",Fibre Crops,Cotton,Other,Local,"7,100.00","7,200.00","7,143.00",Rs./Quintal,28-02-2026
Maharashtra,Buldhana,"Acf Agro Marketing, Malkapur, Dist Buldhana",Fibre Crops,Cotton,Other,Local,"6,900.00","7,000.00","6,926.00",Rs./Quintal,12-02-2026
Maharashtra,Buldhana,"Acf Agro Marketing, Malkapur, Dist Buldhana",Fibre Crops,Cotton,Other,Local,"7,200.00","7,300.00","7,294.00",Rs./Quintal,31-01-2026
Maharashtra,Buldhana,"Acf Agro Marketing, Malkapur, Dist Buldhana",Fibre Crops,Cotton,Other,Local,"7,200.00","7,300.00","7,277.00",Rs./Quintal,29-01-2026
Maharashtra,Buldhana,"Acf Agro Marketing, Malkapur, Dist Buldhana",Fibre Crops,Cotton,Other,Local,"7,000.00","7,100.00","7,090.00",Rs./Quintal,23-01-2026
Maharashtra,Buldhana,"Deulgaon Raja Balaji Agro Marketing Pvt Market, Deulgaon Raja, Dist Buldhana",Fibre Crops,Cotton,Other,Local,"7,991.00","8,200.00","8,095.00",Rs./Quintal,30-03-2026
Maharashtra,Buldhana,"Deulgaon Raja Balaji Agro Marketing Pvt Market, Deulgaon Raja, Dist Buldhana",Fibre Crops,Cotton,Other,Local,"7,584.00","8,100.00","7,683.00",Rs./Quintal,29-03-2026
Maharashtra,Buldhana,"Deulgaon Raja Balaji Agro Marketing Pvt Market, Deulgaon Raja, Dist Buldhana",Fibre Crops,Cotton,Other,Local,"7,295.00","7,850.00","7,483.00",Rs./Quintal,20-03-2026
Maharashtra,Buldhana,"Deulgaon Raja Balaji Agro Marketing Pvt Market, Deulgaon Raja, Dist Buldhana",Fibre Crops,Cotton,Other,Local,"7,245.00","7,800.00","7,426.00",Rs./Quintal,14-03-2026
Maharashtra,Buldhana,"Deulgaon Raja Balaji Agro Marketing Pvt Market, Deulgaon Raja, Dist Buldhana",Fibre Crops,Cotton,Other,Local,"7,250.00","7,800.00","7,535.00",Rs./Quintal,13-03-2026
Maharashtra,Buldhana,"Deulgaon Raja Balaji Agro Marketing Pvt Market, Deulgaon Raja, Dist Buldhana",Fibre Crops,Cotton,Other,Local,"7,128.00","7,665.00","7,335.00",Rs./Quintal,28-02-2026
Maharashtra,Buldhana,"Deulgaon Raja Balaji Agro Marketing Pvt Market, Deulgaon Raja, Dist Buldhana",Fibre Crops,Cotton,Other,Local,"7,311.00","7,700.00","7,385.00",Rs./Quintal,27-02-2026
Maharashtra,Buldhana,"Deulgaon Raja Balaji Agro Marketing Pvt Market, Deulgaon Raja, Dist Buldhana",Fibre Crops,Cotton,Other,Local,"7,768.00","8,011.00","7,807.00",Rs./Quintal,23-01-2026
Maharashtra,Buldhana,"Deulgaon Raja Balaji Agro Marketing Pvt Market, Deulgaon Raja, Dist Buldhana",Fibre Crops,Cotton,Other,Local,"7,500.00","8,000.00","7,825.00",Rs./Quintal,21-01-2026
Maharashtra,Buldhana,"Deulgaon Raja Balaji Agro Marketing Pvt Market, Deulgaon Raja, Dist Buldhana",Fibre Crops,Cotton,Other,Local,"7,175.00","7,525.00","7,268.00",Rs./Quintal,06-01-2026
Maharashtra,Buldhana,"Maharaja Agresen Pvt Krushi Utappan Bazar Samati, Dist Buldhana",Fibre Crops,Cotton,Other,Local,"8,200.00","8,200.00","8,200.00",Rs./Quintal,25-06-2026
Maharashtra,Buldhana,"Maharaja Agresen Pvt Krushi Utappan Bazar Samati, Dist Buldhana",Fibre Crops,Cotton,Other,Local,"5,148.00","8,100.00","7,741.00",Rs./Quintal,27-03-2026
Maharashtra,Buldhana,"Maharaja Agresen Pvt Krushi Utappan Bazar Samati, Dist Buldhana",Fibre Crops,Cotton,Other,Local,"5,940.00","8,000.00","7,716.00",Rs./Quintal,24-03-2026
Maharashtra,Buldhana,"Maharaja Agresen Pvt Krushi Utappan Bazar Samati, Dist Buldhana",Fibre Crops,Cotton,Other,Local,"5,247.00","7,850.00","7,455.00",Rs./Quintal,21-03-2026
Maharashtra,Chandrapur,APMC  Chimur,Fibre Crops,Cotton,Other,Non-FAQ,"7,500.00","7,600.00","7,550.00",Rs./Quintal,06-05-2026
Maharashtra,Chandrapur,APMC  Chimur,Fibre Crops,Cotton,Other,Non-FAQ,"6,500.00","7,000.00","6,800.00",Rs./Quintal,05-05-2026
Maharashtra,Chandrapur,APMC Bhadrawati ,Fibre Crops,Cotton,Other,Local,"6,300.00","9,000.00","7,650.00",Rs./Quintal,05-05-2026
Maharashtra,Chandrapur,APMC Bhadrawati ,Fibre Crops,Cotton,Other,Local,"8,650.00","8,875.00","8,762.00",Rs./Quintal,04-05-2026
Maharashtra,Chandrapur,APMC Bhadrawati ,Fibre Crops,Cotton,Other,Local,"6,000.00","8,450.00","7,225.00",Rs./Quintal,30-04-2026
Maharashtra,Chandrapur,APMC Bhadrawati ,Fibre Crops,Cotton,Other,Local,"6,150.00","8,400.00","7,225.00",Rs./Quintal,29-04-2026
Maharashtra,Chandrapur,APMC Bhadrawati ,Fibre Crops,Cotton,Other,Local,"6,000.00","8,500.00","7,250.00",Rs./Quintal,27-04-2026
Maharashtra,Chandrapur,APMC Bhadrawati ,Fibre Crops,Cotton,Other,Local,"6,200.00","8,400.00","7,300.00",Rs./Quintal,26-04-2026
Maharashtra,Chandrapur,APMC Bhadrawati ,Fibre Crops,Cotton,Other,Local,"6,500.00","8,225.00","7,362.00",Rs./Quintal,22-04-2026
Maharashtra,Chandrapur,APMC Bhadrawati ,Fibre Crops,Cotton,Other,Local,"5,875.00","5,875.00","5,875.00",Rs./Quintal,20-04-2026
Maharashtra,Chandrapur,APMC Bhadrawati ,Fibre Crops,Cotton,Other,Local,"6,700.00","8,050.00","7,387.00",Rs./Quintal,18-04-2026
Maharashtra,Chandrapur,APMC Bhadrawati ,Fibre Crops,Cotton,Other,Local,"6,200.00","8,050.00","7,125.00",Rs./Quintal,17-04-2026
Maharashtra,Chandrapur,APMC Bhadrawati ,Fibre Crops,Cotton,Other,Local,"6,100.00","8,100.00","7,100.00",Rs./Quintal,16-04-2026
Maharashtra,Chandrapur,APMC Bhadrawati ,Fibre Crops,Cotton,Other,Local,"6,300.00","8,025.00","7,162.00",Rs./Quintal,15-04-2026
Maharashtra,Chandrapur,APMC Bhadrawati ,Fibre Crops,Cotton,Other,Local,"6,000.00","8,075.00","7,037.00",Rs./Quintal,14-04-2026
Maharashtra,Chandrapur,APMC Bhadrawati ,Fibre Crops,Cotton,Other,Local,"6,400.00","8,100.00","7,250.00",Rs./Quintal,13-04-2026
Maharashtra,Chandrapur,APMC Bhadrawati ,Fibre Crops,Cotton,Other,Local,"6,000.00","8,150.00","7,075.00",Rs./Quintal,12-04-2026
Maharashtra,Chandrapur,APMC Bhadrawati ,Fibre Crops,Cotton,Other,Local,"6,500.00","8,200.00","7,350.00",Rs./Quintal,09-04-2026
Maharashtra,Chandrapur,APMC Bhadrawati ,Fibre Crops,Cotton,Other,Local,"5,800.00","8,400.00","7,100.00",Rs./Quintal,08-04-2026
Maharashtra,Chandrapur,APMC Bhadrawati ,Fibre Crops,Cotton,Other,Local,"6,000.00","8,400.00","7,200.00",Rs./Quintal,07-04-2026
Maharashtra,Chandrapur,APMC Bhadrawati ,Fibre Crops,Cotton,Other,Local,"6,400.00","8,300.00","7,350.00",Rs./Quintal,06-04-2026
Maharashtra,Chandrapur,APMC Bhadrawati ,Fibre Crops,Cotton,Other,Local,"6,400.00","8,300.00","7,350.00",Rs./Quintal,05-04-2026
Maharashtra,Chandrapur,APMC Bhadrawati ,Fibre Crops,Cotton,Other,Local,"6,500.00","8,075.00","7,287.00",Rs./Quintal,04-04-2026
Maharashtra,Chandrapur,APMC Bhadrawati ,Fibre Crops,Cotton,Other,Local,"5,500.00","8,025.00","6,762.00",Rs./Quintal,03-04-2026
Maharashtra,Chandrapur,APMC Bhadrawati ,Fibre Crops,Cotton,Other,Local,"6,100.00","7,775.00","6,937.00",Rs./Quintal,31-03-2026
Maharashtra,Chandrapur,APMC Bhadrawati ,Fibre Crops,Cotton,Other,Local,"5,800.00","7,735.00","6,767.00",Rs./Quintal,30-03-2026
Maharashtra,Chandrapur,APMC Bhadrawati ,Fibre Crops,Cotton,Other,Local,"6,500.00","7,750.00","7,125.00",Rs./Quintal,29-03-2026
Maharashtra,Chandrapur,APMC Bhadrawati ,Fibre Crops,Cotton,Other,Local,"6,000.00","7,900.00","6,950.00",Rs./Quintal,28-03-2026
Maharashtra,Chandrapur,APMC Bhadrawati ,Fibre Crops,Cotton,Other,Local,"6,000.00","7,525.00","6,762.00",Rs./Quintal,27-03-2026
Maharashtra,Chandrapur,APMC Bhadrawati ,Fibre Crops,Cotton,Other,Local,"6,000.00","7,575.00","6,787.00",Rs./Quintal,26-03-2026
Maharashtra,Chandrapur,APMC Bhadrawati ,Fibre Crops,Cotton,Other,Local,"6,000.00","7,800.00","6,900.00",Rs./Quintal,23-03-2026
Maharashtra,Chandrapur,APMC Bhadrawati ,Fibre Crops,Cotton,Other,Local,"6,150.00","7,450.00","6,775.00",Rs./Quintal,22-03-2026
Maharashtra,Chandrapur,APMC Bhadrawati ,Fibre Crops,Cotton,Other,Local,"6,400.00","7,600.00","7,000.00",Rs./Quintal,19-03-2026
Maharashtra,Chandrapur,APMC Bhadrawati ,Fibre Crops,Cotton,Other,Local,"6,200.00","7,450.00","6,825.00",Rs./Quintal,14-03-2026
Maharashtra,Chandrapur,APMC Bhadrawati ,Fibre Crops,Cotton,Other,Local,"6,500.00","8,010.00","7,255.00",Rs./Quintal,13-03-2026
Maharashtra,Chandrapur,APMC Bhadrawati ,Fibre Crops,Cotton,Other,Local,"6,500.00","8,010.00","7,255.00",Rs./Quintal,09-03-2026
Maharashtra,Chandrapur,APMC Bhadrawati ,Fibre Crops,Cotton,Other,Local,"6,500.00","7,400.00","6,950.00",Rs./Quintal,02-03-2026
Maharashtra,Chandrapur,APMC Bhadrawati ,Fibre Crops,Cotton,Other,Local,"7,600.00","8,010.00","7,805.00",Rs./Quintal,24-02-2026
Maharashtra,Chandrapur,APMC Bhadrawati ,Fibre Crops,Cotton,Other,Local,"7,600.00","8,010.00","7,805.00",Rs./Quintal,23-02-2026
Maharashtra,Chandrapur,APMC Bhadrawati ,Fibre Crops,Cotton,Other,Local,"7,200.00","7,800.00","7,500.00",Rs./Quintal,12-02-2026
Maharashtra,Chandrapur,APMC Bhadrawati ,Fibre Crops,Cotton,Other,Local,"7,400.00","8,010.00","7,705.00",Rs./Quintal,09-02-2026
Maharashtra,Chandrapur,APMC Bhadrawati ,Fibre Crops,Cotton,Other,Local,"7,250.00","7,985.00","7,617.00",Rs./Quintal,04-02-2026
Maharashtra,Chandrapur,APMC Bhadrawati ,Fibre Crops,Cotton,Other,Local,"7,100.00","7,871.00","7,485.00",Rs./Quintal,03-02-2026
Maharashtra,Chandrapur,APMC Bhadrawati ,Fibre Crops,Cotton,Other,Local,"7,300.00","7,925.00","7,612.00",Rs./Quintal,31-01-2026
Maharashtra,Chandrapur,APMC Bhadrawati ,Fibre Crops,Cotton,Other,Local,"7,600.00","8,050.00","7,825.00",Rs./Quintal,30-01-2026
Maharashtra,Chandrapur,APMC Bhadrawati ,Fibre Crops,Cotton,Other,Local,"7,600.00","8,100.00","7,850.00",Rs./Quintal,29-01-2026
Maharashtra,Chandrapur,APMC Bhadrawati ,Fibre Crops,Cotton,Other,Local,"7,200.00","8,050.00","7,625.00",Rs./Quintal,24-01-2026
Maharashtra,Chandrapur,APMC Bhadrawati ,Fibre Crops,Cotton,Other,Local,"7,800.00","8,100.00","7,950.00",Rs./Quintal,23-01-2026
Maharashtra,Chandrapur,APMC Bhadrawati ,Fibre Crops,Cotton,Other,Local,"7,300.00","8,200.00","7,750.00",Rs./Quintal,22-01-2026
Maharashtra,Chandrapur,APMC Bhadrawati ,Fibre Crops,Cotton,Other,Local,"7,400.00","8,100.00","7,750.00",Rs./Quintal,21-01-2026
Maharashtra,Chandrapur,APMC Bhadrawati ,Fibre Crops,Cotton,Other,Local,"7,700.00","8,050.00","7,875.00",Rs./Quintal,15-01-2026
Maharashtra,Chandrapur,APMC Bhadrawati ,Fibre Crops,Cotton,Other,Local,"7,400.00","8,050.00","7,725.00",Rs./Quintal,14-01-2026
Maharashtra,Chandrapur,APMC Bhadrawati ,Fibre Crops,Cotton,Other,Local,"7,751.00","8,175.00","7,963.00",Rs./Quintal,13-01-2026
Maharashtra,Chandrapur,APMC Bhadrawati ,Fibre Crops,Cotton,Other,Local,"7,950.00","8,125.00","8,037.00",Rs./Quintal,12-01-2026
Maharashtra,Chandrapur,APMC Bhadrawati ,Fibre Crops,Cotton,Other,Local,"7,300.00","8,000.00","7,650.00",Rs./Quintal,11-01-2026
Maharashtra,Chandrapur,APMC Bhadrawati ,Fibre Crops,Cotton,Other,Local,"7,300.00","8,000.00","7,650.00",Rs./Quintal,10-01-2026
Maharashtra,Chandrapur,APMC Bhadrawati ,Fibre Crops,Cotton,Other,Local,"7,650.00","8,010.00","7,830.00",Rs./Quintal,09-01-2026
Maharashtra,Chandrapur,APMC Bhadrawati ,Fibre Crops,Cotton,Other,Local,"7,100.00","8,010.00","7,555.00",Rs./Quintal,08-01-2026
Maharashtra,Chandrapur,APMC Bhadrawati ,Fibre Crops,Cotton,Other,Local,"7,300.00","8,010.00","7,655.00",Rs./Quintal,07-01-2026
Maharashtra,Chandrapur,APMC Bhadrawati ,Fibre Crops,Cotton,Other,Local,"7,550.00","8,010.00","7,780.00",Rs./Quintal,06-01-2026
Maharashtra,Chandrapur,APMC Bhadrawati ,Fibre Crops,Cotton,Other,Local,"7,300.00","8,010.00","7,655.00",Rs./Quintal,05-01-2026
Maharashtra,Chandrapur,APMC Bhadrawati ,Fibre Crops,Cotton,Other,Local,"7,550.00","7,725.00","7,637.00",Rs./Quintal,03-01-2026
Maharashtra,Chandrapur,APMC Bhadrawati ,Fibre Crops,Cotton,Other,Local,"7,400.00","8,010.00","7,705.00",Rs./Quintal,02-01-2026
Maharashtra,Chandrapur,APMC Bhadrawati ,Fibre Crops,Cotton,Other,Local,"7,200.00","8,010.00","7,605.00",Rs./Quintal,01-01-2026
Maharashtra,Chandrapur,APMC Korpana ,Fibre Crops,Cotton,Desi,Local,"6,500.00","7,400.00","6,900.00",Rs./Quintal,16-03-2026
Maharashtra,Chandrapur,APMC Korpana ,Fibre Crops,Cotton,Desi,Local,"6,500.00","7,450.00","7,000.00",Rs./Quintal,13-03-2026
Maharashtra,Chandrapur,APMC Korpana ,Fibre Crops,Cotton,Desi,Local,"6,500.00","7,500.00","7,000.00",Rs./Quintal,12-03-2026
Maharashtra,Chandrapur,APMC Korpana ,Fibre Crops,Cotton,Desi,Local,"6,500.00","7,400.00","7,000.00",Rs./Quintal,11-03-2026
Maharashtra,Chandrapur,APMC Korpana ,Fibre Crops,Cotton,Desi,Local,"6,500.00","7,400.00","7,000.00",Rs./Quintal,10-03-2026
Maharashtra,Chandrapur,APMC Korpana ,Fibre Crops,Cotton,Desi,Local,"6,500.00","7,550.00","6,800.00",Rs./Quintal,09-03-2026
Maharashtra,Chandrapur,APMC Korpana ,Fibre Crops,Cotton,Desi,Local,"6,000.00","7,500.00","7,000.00",Rs./Quintal,27-02-2026
Maharashtra,Chandrapur,APMC Korpana ,Fibre Crops,Cotton,Desi,Local,"6,500.00","7,550.00","7,000.00",Rs./Quintal,25-02-2026
Maharashtra,Chandrapur,APMC Korpana ,Fibre Crops,Cotton,Desi,Local,"6,500.00","7,550.00","7,100.00",Rs./Quintal,20-02-2026
Maharashtra,Chandrapur,APMC Korpana ,Fibre Crops,Cotton,Desi,Local,"6,800.00","7,600.00","7,300.00",Rs./Quintal,18-02-2026
Maharashtra,Chandrapur,APMC Korpana ,Fibre Crops,Cotton,Desi,Local,"7,100.00","7,650.00","7,400.00",Rs./Quintal,13-02-2026
Maharashtra,Chandrapur,APMC Korpana ,Fibre Crops,Cotton,Desi,Local,"6,500.00","7,700.00","7,500.00",Rs./Quintal,12-02-2026
Maharashtra,Chandrapur,APMC Korpana ,Fibre Crops,Cotton,Desi,Local,"6,900.00","7,600.00","7,300.00",Rs./Quintal,11-02-2026
Maharashtra,Chandrapur,APMC Korpana ,Fibre Crops,Cotton,Desi,Local,"7,000.00","7,750.00","7,500.00",Rs./Quintal,10-02-2026
Maharashtra,Chandrapur,APMC Korpana ,Fibre Crops,Cotton,Desi,Local,"7,000.00","7,800.00","7,500.00",Rs./Quintal,06-02-2026
Maharashtra,Chandrapur,APMC Korpana ,Fibre Crops,Cotton,Desi,Local,"7,000.00","7,850.00","7,500.00",Rs./Quintal,03-02-2026
Maharashtra,Chandrapur,APMC Korpana ,Fibre Crops,Cotton,Desi,Local,"7,200.00","7,850.00","7,600.00",Rs./Quintal,02-02-2026
Maharashtra,Chandrapur,APMC Korpana ,Fibre Crops,Cotton,Desi,Local,"7,400.00","7,850.00","7,600.00",Rs./Quintal,31-01-2026
Maharashtra,Chandrapur,APMC Korpana ,Fibre Crops,Cotton,Desi,Local,"7,200.00","7,900.00","7,700.00",Rs./Quintal,30-01-2026
Maharashtra,Chandrapur,APMC Korpana ,Fibre Crops,Cotton,Desi,Local,"7,400.00","7,850.00","7,600.00",Rs./Quintal,29-01-2026
Maharashtra,Chandrapur,APMC Korpana ,Fibre Crops,Cotton,Desi,Local,"7,500.00","7,925.00","7,700.00",Rs./Quintal,28-01-2026
Maharashtra,Chandrapur,APMC Korpana ,Fibre Crops,Cotton,Desi,Local,"7,400.00","7,900.00","7,600.00",Rs./Quintal,27-01-2026
Maharashtra,Chandrapur,APMC Korpana ,Fibre Crops,Cotton,Desi,Local,"7,100.00","7,900.00","7,600.00",Rs./Quintal,24-01-2026
Maharashtra,Chandrapur,APMC Korpana ,Fibre Crops,Cotton,Desi,Local,"7,200.00","7,850.00","7,600.00",Rs./Quintal,23-01-2026
Maharashtra,Chandrapur,APMC Korpana ,Fibre Crops,Cotton,Desi,Local,"7,300.00","7,850.00","7,600.00",Rs./Quintal,22-01-2026
Maharashtra,Chandrapur,APMC Korpana ,Fibre Crops,Cotton,Desi,Local,"7,200.00","7,800.00","7,500.00",Rs./Quintal,21-01-2026
Maharashtra,Chandrapur,APMC Korpana ,Fibre Crops,Cotton,Desi,Local,"7,200.00","7,850.00","7,600.00",Rs./Quintal,16-01-2026
Maharashtra,Chandrapur,APMC Korpana ,Fibre Crops,Cotton,Desi,Local,"7,200.00","7,750.00","7,500.00",Rs./Quintal,15-01-2026
Maharashtra,Chandrapur,APMC Korpana ,Fibre Crops,Cotton,Desi,Local,"7,600.00","7,900.00","7,750.00",Rs./Quintal,13-01-2026
Maharashtra,Chandrapur,APMC Korpana ,Fibre Crops,Cotton,Desi,Local,"7,300.00","7,600.00","7,450.00",Rs./Quintal,08-01-2026
Maharashtra,Chandrapur,APMC Korpana ,Fibre Crops,Cotton,Desi,Local,"7,100.00","7,550.00","7,300.00",Rs./Quintal,06-01-2026
Maharashtra,Chandrapur,APMC Varora ,Fibre Crops,Cotton,Desi,Local,"7,000.00","9,000.00","8,500.00",Rs./Quintal,07-05-2026
Maharashtra,Chandrapur,APMC Varora ,Fibre Crops,Cotton,Desi,Local,"7,000.00","9,100.00","7,500.00",Rs./Quintal,06-05-2026
Maharashtra,Chandrapur,APMC Varora ,Fibre Crops,Cotton,Desi,Local,"6,500.00","9,000.00","7,500.00",Rs./Quintal,05-05-2026
Maharashtra,Chandrapur,APMC Varora ,Fibre Crops,Cotton,Desi,Local,"8,000.00","8,800.00","8,200.00",Rs./Quintal,04-05-2026
Maharashtra,Chandrapur,APMC Varora ,Fibre Crops,Cotton,Desi,Local,"6,800.00","8,700.00","7,500.00",Rs./Quintal,02-05-2026
Maharashtra,Chandrapur,APMC Varora ,Fibre Crops,Cotton,Desi,Local,"6,200.00","8,700.00","7,500.00",Rs./Quintal,01-05-2026
Maharashtra,Chandrapur,APMC Varora ,Fibre Crops,Cotton,Desi,Local,"7,000.00","8,550.00","7,500.00",Rs./Quintal,30-04-2026
Maharashtra,Chandrapur,APMC Varora ,Fibre Crops,Cotton,Desi,Local,"6,000.00","8,550.00","7,500.00",Rs./Quintal,29-04-2026
Maharashtra,Chandrapur,APMC Varora ,Fibre Crops,Cotton,Desi,Local,"6,100.00","8,500.00","8,000.00",Rs./Quintal,28-04-2026
Maharashtra,Chandrapur,APMC Varora ,Fibre Crops,Cotton,Desi,Local,"6,000.00","8,500.00","7,500.00",Rs./Quintal,27-04-2026
Maharashtra,Chandrapur,APMC Varora ,Fibre Crops,Cotton,Desi,Local,"6,500.00","8,600.00","7,500.00",Rs./Quintal,26-04-2026
Maharashtra,Chandrapur,APMC Varora ,Fibre Crops,Cotton,Desi,Local,"6,000.00","8,521.00","7,500.00",Rs./Quintal,25-04-2026
Maharashtra,Chandrapur,APMC Varora ,Fibre Crops,Cotton,Desi,Local,"6,500.00","8,515.00","7,200.00",Rs./Quintal,24-04-2026
Maharashtra,Chandrapur,APMC Varora ,Fibre Crops,Cotton,Desi,Local,"5,200.00","8,551.00","7,000.00",Rs./Quintal,23-04-2026
Maharashtra,Chandrapur,APMC Varora ,Fibre Crops,Cotton,Desi,Local,"6,000.00","8,300.00","7,500.00",Rs./Quintal,22-04-2026
Maharashtra,Chandrapur,APMC Varora ,Fibre Crops,Cotton,Desi,Local,"6,000.00","8,400.00","7,500.00",Rs./Quintal,21-04-2026
Maharashtra,Chandrapur,APMC Varora ,Fibre Crops,Cotton,Desi,Local,"5,700.00","8,400.00","7,500.00",Rs./Quintal,20-04-2026
Maharashtra,Chandrapur,APMC Varora ,Fibre Crops,Cotton,Desi,Local,"5,800.00","8,200.00","7,500.00",Rs./Quintal,17-04-2026
Maharashtra,Chandrapur,APMC Varora ,Fibre Crops,Cotton,Desi,Local,"6,000.00","7,950.00","7,200.00",Rs./Quintal,15-04-2026
Maharashtra,Chandrapur,APMC Varora ,Fibre Crops,Cotton,Desi,Local,"5,800.00","8,100.00","7,400.00",Rs./Quintal,14-04-2026
Maharashtra,Chandrapur,APMC Varora ,Fibre Crops,Cotton,Desi,Local,"6,000.00","8,171.00","7,700.00",Rs./Quintal,12-04-2026
Maharashtra,Chandrapur,APMC Varora ,Fibre Crops,Cotton,Desi,Local,"6,100.00","8,271.00","7,600.00",Rs./Quintal,09-04-2026
Maharashtra,Chandrapur,APMC Varora ,Fibre Crops,Cotton,Desi,Local,"6,000.00","8,150.00","7,450.00",Rs./Quintal,04-04-2026
Maharashtra,Chandrapur,APMC Varora ,Fibre Crops,Cotton,Desi,Local,"6,000.00","8,000.00","7,450.00",Rs./Quintal,02-04-2026
Maharashtra,Chandrapur,APMC Varora ,Fibre Crops,Cotton,Desi,Local,"6,600.00","8,000.00","7,450.00",Rs./Quintal,31-03-2026
Maharashtra,Chandrapur,APMC Varora ,Fibre Crops,Cotton,Desi,Local,"6,550.00","8,000.00","7,400.00",Rs./Quintal,30-03-2026
Maharashtra,Chandrapur,APMC Varora ,Fibre Crops,Cotton,Desi,Local,"6,000.00","7,900.00","7,300.00",Rs./Quintal,26-03-2026
Maharashtra,Chandrapur,APMC Varora ,Fibre Crops,Cotton,Desi,Local,"6,600.00","7,840.00","7,400.00",Rs./Quintal,25-03-2026
Maharashtra,Chandrapur,APMC Varora ,Fibre Crops,Cotton,Desi,Local,"6,200.00","7,850.00","7,200.00",Rs./Quintal,24-03-2026
Maharashtra,Chandrapur,APMC Varora ,Fibre Crops,Cotton,Desi,Local,"6,050.00","7,700.00","7,400.00",Rs./Quintal,23-03-2026
Maharashtra,Chandrapur,APMC Varora ,Fibre Crops,Cotton,Desi,Local,"6,200.00","7,800.00","7,400.00",Rs./Quintal,22-03-2026
Maharashtra,Chandrapur,APMC Varora ,Fibre Crops,Cotton,Desi,Local,"6,000.00","7,750.00","7,200.00",Rs./Quintal,21-03-2026
Maharashtra,Chandrapur,APMC Varora ,Fibre Crops,Cotton,Desi,Local,"6,400.00","7,750.00","7,300.00",Rs./Quintal,20-03-2026
Maharashtra,Chandrapur,APMC Varora ,Fibre Crops,Cotton,Desi,Local,"6,000.00","7,650.00","7,250.00",Rs./Quintal,18-03-2026
Maharashtra,Chandrapur,APMC Varora ,Fibre Crops,Cotton,Desi,Non-FAQ,"6,500.00","7,700.00","7,300.00",Rs./Quintal,17-03-2026
Maharashtra,Chandrapur,APMC Varora ,Fibre Crops,Cotton,Desi,Local,"6,300.00","7,400.00","7,200.00",Rs./Quintal,16-03-2026
Maharashtra,Chandrapur,APMC Varora ,Fibre Crops,Cotton,Desi,Local,"6,600.00","7,650.00","7,300.00",Rs./Quintal,15-03-2026
Maharashtra,Chandrapur,APMC Varora ,Fibre Crops,Cotton,Desi,Local,"6,000.00","7,575.00","7,300.00",Rs./Quintal,14-03-2026
Maharashtra,Chandrapur,APMC Varora ,Fibre Crops,Cotton,Desi,Local,"6,500.00","7,600.00","7,400.00",Rs./Quintal,13-03-2026
Maharashtra,Chandrapur,APMC Varora ,Fibre Crops,Cotton,Desi,Local,"6,300.00","7,700.00","7,200.00",Rs./Quintal,12-03-2026
Maharashtra,Chandrapur,APMC Varora ,Fibre Crops,Cotton,Desi,Local,"6,800.00","7,771.00","7,450.00",Rs./Quintal,11-03-2026
Maharashtra,Chandrapur,APMC Varora ,Fibre Crops,Cotton,Desi,Local,"7,000.00","7,800.00","7,500.00",Rs./Quintal,06-03-2026
Maharashtra,Chandrapur,APMC Varora ,Fibre Crops,Cotton,Desi,Local,"6,800.00","7,820.00","7,500.00",Rs./Quintal,05-03-2026
Maharashtra,Chandrapur,APMC Varora ,Fibre Crops,Cotton,Desi,Local,"6,825.00","7,800.00","7,400.00",Rs./Quintal,02-03-2026
Maharashtra,Chandrapur,APMC Varora ,Fibre Crops,Cotton,Desi,Local,"6,900.00","7,850.00","7,500.00",Rs./Quintal,01-03-2026
Maharashtra,Chandrapur,APMC Varora ,Fibre Crops,Cotton,Desi,Local,"6,800.00","7,750.00","7,300.00",Rs./Quintal,25-02-2026
Maharashtra,Chandrapur,APMC Varora ,Fibre Crops,Cotton,Desi,Local,"6,300.00","7,725.00","6,800.00",Rs./Quintal,24-02-2026
Maharashtra,Chandrapur,APMC Varora ,Fibre Crops,Cotton,Desi,Local,"6,850.00","7,700.00","7,500.00",Rs./Quintal,23-02-2026
Maharashtra,Chandrapur,APMC Varora ,Fibre Crops,Cotton,Desi,Local,"7,000.00","7,800.00","7,700.00",Rs./Quintal,20-02-2026
Maharashtra,Chandrapur,APMC Varora ,Fibre Crops,Cotton,Desi,Local,"6,600.00","7,771.00","7,450.00",Rs./Quintal,16-02-2026
Maharashtra,Chandrapur,APMC Varora ,Fibre Crops,Cotton,Desi,Local,"6,875.00","7,700.00","7,500.00",Rs./Quintal,15-02-2026
Maharashtra,Chandrapur,APMC Varora ,Fibre Crops,Cotton,Desi,Local,"7,000.00","7,775.00","7,600.00",Rs./Quintal,12-02-2026
Maharashtra,Chandrapur,APMC Varora ,Fibre Crops,Cotton,Desi,Local,"7,200.00","7,880.00","7,450.00",Rs./Quintal,10-02-2026
Maharashtra,Chandrapur,APMC Varora ,Fibre Crops,Cotton,Desi,Local,"7,400.00","7,900.00","7,700.00",Rs./Quintal,09-02-2026
Maharashtra,Chandrapur,APMC Varora ,Fibre Crops,Cotton,Desi,Local,"7,650.00","7,900.00","7,800.00",Rs./Quintal,06-02-2026
Maharashtra,Chandrapur,APMC Varora ,Fibre Crops,Cotton,Desi,Local,"7,650.00","7,900.00","7,750.00",Rs./Quintal,05-02-2026
Maharashtra,Chandrapur,APMC Varora ,Fibre Crops,Cotton,Desi,Local,"7,500.00","7,875.00","7,600.00",Rs./Quintal,03-02-2026
Maharashtra,Chandrapur,APMC Varora ,Fibre Crops,Cotton,Desi,Local,"7,200.00","7,900.00","7,600.00",Rs./Quintal,02-02-2026
Maharashtra,Chandrapur,APMC Varora ,Fibre Crops,Cotton,Desi,Local,"7,850.00","8,150.00","7,950.00",Rs./Quintal,30-01-2026
Maharashtra,Chandrapur,APMC Varora ,Fibre Crops,Cotton,Desi,Local,"7,850.00","8,200.00","7,950.00",Rs./Quintal,28-01-2026
Maharashtra,Chandrapur,APMC Varora ,Fibre Crops,Cotton,Desi,Local,"7,700.00","8,200.00","7,900.00",Rs./Quintal,27-01-2026
Maharashtra,Chandrapur,APMC Varora ,Fibre Crops,Cotton,Desi,Local,"7,900.00","8,171.00","8,000.00",Rs./Quintal,26-01-2026
Maharashtra,Chandrapur,APMC Varora ,Fibre Crops,Cotton,Desi,Local,"6,000.00","8,161.00","7,800.00",Rs./Quintal,25-01-2026
Maharashtra,Chandrapur,APMC Varora ,Fibre Crops,Cotton,Desi,Local,"7,850.00","8,150.00","8,050.00",Rs./Quintal,23-01-2026
Maharashtra,Chandrapur,APMC Varora ,Fibre Crops,Cotton,Desi,Local,"7,850.00","8,201.00","7,900.00",Rs./Quintal,22-01-2026
Maharashtra,Chandrapur,APMC Varora ,Fibre Crops,Cotton,Desi,Local,"7,800.00","8,165.00","7,900.00",Rs./Quintal,21-01-2026
Maharashtra,Chandrapur,APMC Varora ,Fibre Crops,Cotton,Desi,Local,"7,900.00","8,180.00","8,000.00",Rs./Quintal,19-01-2026
Maharashtra,Chandrapur,APMC Varora ,Fibre Crops,Cotton,Desi,Local,"7,850.00","8,151.00","7,930.00",Rs./Quintal,18-01-2026
Maharashtra,Chandrapur,APMC Varora ,Fibre Crops,Cotton,Desi,Local,"7,800.00","8,100.00","7,900.00",Rs./Quintal,17-01-2026
Maharashtra,Chandrapur,APMC Varora ,Fibre Crops,Cotton,Desi,Local,"7,900.00","8,060.00","7,980.00",Rs./Quintal,15-01-2026
Maharashtra,Chandrapur,APMC Varora ,Fibre Crops,Cotton,Desi,Local,"7,800.00","8,100.00","7,900.00",Rs./Quintal,14-01-2026
Maharashtra,Chandrapur,APMC Varora ,Fibre Crops,Cotton,Desi,Local,"7,600.00","8,150.00","7,900.00",Rs./Quintal,13-01-2026
Maharashtra,Chandrapur,APMC Varora ,Fibre Crops,Cotton,Desi,Local,"6,500.00","8,050.00","7,700.00",Rs./Quintal,11-01-2026
Maharashtra,Chandrapur,APMC Varora ,Fibre Crops,Cotton,Desi,Local,"7,700.00","8,015.00","7,900.00",Rs./Quintal,10-01-2026
Maharashtra,Chandrapur,APMC Varora ,Fibre Crops,Cotton,Desi,Local,"5,500.00","8,010.00","7,700.00",Rs./Quintal,09-01-2026
Maharashtra,Chandrapur,APMC Varora ,Fibre Crops,Cotton,Desi,Local,"7,600.00","7,900.00","7,700.00",Rs./Quintal,08-01-2026
Maharashtra,Chandrapur,APMC Varora ,Fibre Crops,Cotton,Desi,Local,"7,600.00","7,900.00","7,700.00",Rs./Quintal,07-01-2026
Maharashtra,Chandrapur,APMC Varora ,Fibre Crops,Cotton,Desi,Local,"7,700.00","7,850.00","7,800.00",Rs./Quintal,06-01-2026
Maharashtra,Chandrapur,APMC Varora ,Fibre Crops,Cotton,Other,Non-FAQ,"7,470.00","7,740.00","7,550.00",Rs./Quintal,03-01-2026
Maharashtra,Chandrapur,APMC Varora ,Fibre Crops,Cotton,Desi,Local,"7,600.00","7,760.00","7,700.00",Rs./Quintal,01-01-2026
Maharashtra,Chandrapur,APMC Varora ,Fibre Crops,Cotton,Other,FAQ,"7,904.00","8,010.00","7,950.00",Rs./Quintal,01-01-2026
Maharashtra,Chattrapati Sambhajinagar,APMC Fulmbri ,Fibre Crops,Cotton,Other,FAQ,"7,750.00","7,950.00","7,800.00",Rs./Quintal,12-02-2026
Maharashtra,Chattrapati Sambhajinagar,APMC Fulmbri ,Fibre Crops,Cotton,Other,FAQ,"7,750.00","7,950.00","7,800.00",Rs./Quintal,11-02-2026
Maharashtra,Chattrapati Sambhajinagar,APMC Fulmbri ,Fibre Crops,Cotton,Other,FAQ,"7,750.00","7,950.00","7,800.00",Rs./Quintal,10-02-2026
Maharashtra,Chattrapati Sambhajinagar,APMC Fulmbri ,Fibre Crops,Cotton,Other,FAQ,"7,750.00","7,950.00","7,800.00",Rs./Quintal,06-02-2026
Maharashtra,Chattrapati Sambhajinagar,APMC Fulmbri ,Fibre Crops,Cotton,Other,FAQ,"7,750.00","7,950.00","7,800.00",Rs./Quintal,05-02-2026
Maharashtra,Chattrapati Sambhajinagar,APMC Fulmbri ,Fibre Crops,Cotton,Other,FAQ,"7,750.00","7,950.00","7,800.00",Rs./Quintal,04-02-2026
Maharashtra,Chattrapati Sambhajinagar,APMC Fulmbri ,Fibre Crops,Cotton,Other,FAQ,"7,750.00","7,950.00","7,800.00",Rs./Quintal,03-02-2026
Maharashtra,Chattrapati Sambhajinagar,APMC Fulmbri ,Fibre Crops,Cotton,Other,FAQ,"7,750.00","7,950.00","7,800.00",Rs./Quintal,30-01-2026
Maharashtra,Chattrapati Sambhajinagar,APMC Fulmbri ,Fibre Crops,Cotton,Other,FAQ,"7,750.00","7,950.00","7,800.00",Rs./Quintal,29-01-2026
Maharashtra,Chattrapati Sambhajinagar,APMC Fulmbri ,Fibre Crops,Cotton,Other,FAQ,"7,750.00","7,950.00","7,800.00",Rs./Quintal,28-01-2026
Maharashtra,Chattrapati Sambhajinagar,APMC Fulmbri ,Fibre Crops,Cotton,Other,FAQ,"7,750.00","7,950.00","7,800.00",Rs./Quintal,22-01-2026
Maharashtra,Chattrapati Sambhajinagar,APMC Fulmbri ,Fibre Crops,Cotton,Other,FAQ,"7,750.00","8,200.00","7,950.00",Rs./Quintal,15-01-2026
Maharashtra,Chattrapati Sambhajinagar,APMC Fulmbri ,Fibre Crops,Cotton,Other,FAQ,"7,750.00","7,950.00","7,800.00",Rs./Quintal,14-01-2026
Maharashtra,Chattrapati Sambhajinagar,APMC Fulmbri ,Fibre Crops,Cotton,Other,FAQ,"7,750.00","7,950.00","7,800.00",Rs./Quintal,13-01-2026
Maharashtra,Chattrapati Sambhajinagar,APMC Fulmbri ,Fibre Crops,Cotton,Other,FAQ,"7,750.00","7,950.00","7,800.00",Rs./Quintal,12-01-2026
Maharashtra,Chattrapati Sambhajinagar,APMC Fulmbri ,Fibre Crops,Cotton,Other,FAQ,"7,750.00","8,000.00","7,800.00",Rs./Quintal,08-01-2026
Maharashtra,Chattrapati Sambhajinagar,APMC Fulmbri ,Fibre Crops,Cotton,Other,FAQ,"7,800.00","8,100.00","7,900.00",Rs./Quintal,07-01-2026
Maharashtra,Chattrapati Sambhajinagar,APMC Fulmbri ,Fibre Crops,Cotton,Other,FAQ,"7,800.00","8,100.00","7,900.00",Rs./Quintal,06-01-2026
Maharashtra,Chattrapati Sambhajinagar,APMC Fulmbri ,Fibre Crops,Cotton,Other,FAQ,"7,800.00","8,100.00","7,900.00",Rs./Quintal,05-01-2026
Maharashtra,Chattrapati Sambhajinagar,APMC Fulmbri ,Fibre Crops,Cotton,Other,FAQ,"7,800.00","8,100.00","7,900.00",Rs./Quintal,02-01-2026
Maharashtra,Chattrapati Sambhajinagar,APMC Fulmbri ,Fibre Crops,Cotton,Other,FAQ,"7,800.00","8,100.00","7,900.00",Rs./Quintal,01-01-2026
Maharashtra,Hingoli,"Marathawada Shetkari Khajgi Bazar Parisar, Vasmat, Dist Hingoli",Fibre Crops,Cotton,Other,Local,"7,200.00","7,200.00","7,200.00",Rs./Quintal,15-04-2026
Maharashtra,Hingoli,"Marathawada Shetkari Khajgi Bazar Parisar, Vasmat, Dist Hingoli",Fibre Crops,Cotton,Other,Local,"6,770.00","6,770.00","6,770.00",Rs./Quintal,10-04-2026
Maharashtra,Hingoli,"Marathawada Shetkari Khajgi Bazar Parisar, Vasmat, Dist Hingoli",Fibre Crops,Cotton,Other,Local,"6,600.00","6,600.00","6,600.00",Rs./Quintal,09-04-2026
Maharashtra,Hingoli,"Marathawada Shetkari Khajgi Bazar Parisar, Vasmat, Dist Hingoli",Fibre Crops,Cotton,Other,Local,"7,800.00","7,935.00","7,868.00",Rs./Quintal,06-04-2026
Maharashtra,Hingoli,"Marathawada Shetkari Khajgi Bazar Parisar, Vasmat, Dist Hingoli",Fibre Crops,Cotton,Other,Local,"6,615.00","7,770.00","6,759.00",Rs./Quintal,04-04-2026
Maharashtra,Hingoli,"Marathawada Shetkari Khajgi Bazar Parisar, Vasmat, Dist Hingoli",Fibre Crops,Cotton,Other,Local,"7,770.00","7,770.00","7,770.00",Rs./Quintal,02-04-2026
Maharashtra,Hingoli,"Marathawada Shetkari Khajgi Bazar Parisar, Vasmat, Dist Hingoli",Fibre Crops,Cotton,Other,Local,"6,600.00","7,750.00","7,592.00",Rs./Quintal,01-04-2026
Maharashtra,Hingoli,"Marathawada Shetkari Khajgi Bazar Parisar, Vasmat, Dist Hingoli",Fibre Crops,Cotton,Other,Local,"7,540.00","7,650.00","7,600.00",Rs./Quintal,30-03-2026
Maharashtra,Hingoli,"Marathawada Shetkari Khajgi Bazar Parisar, Vasmat, Dist Hingoli",Fibre Crops,Cotton,Other,Local,"7,700.00","7,700.00","7,700.00",Rs./Quintal,28-03-2026
Maharashtra,Hingoli,"Marathawada Shetkari Khajgi Bazar Parisar, Vasmat, Dist Hingoli",Fibre Crops,Cotton,Other,Local,"7,700.00","7,700.00","7,700.00",Rs./Quintal,27-03-2026
Maharashtra,Hingoli,"Marathawada Shetkari Khajgi Bazar Parisar, Vasmat, Dist Hingoli",Fibre Crops,Cotton,Other,Local,"6,600.00","7,650.00","7,198.00",Rs./Quintal,26-03-2026
Maharashtra,Hingoli,"Marathawada Shetkari Khajgi Bazar Parisar, Vasmat, Dist Hingoli",Fibre Crops,Cotton,Other,Local,"6,500.00","7,700.00","7,643.00",Rs./Quintal,25-03-2026
Maharashtra,Hingoli,"Marathawada Shetkari Khajgi Bazar Parisar, Vasmat, Dist Hingoli",Fibre Crops,Cotton,Other,Local,"7,470.00","7,700.00","7,656.00",Rs./Quintal,24-03-2026
Maharashtra,Hingoli,"Marathawada Shetkari Khajgi Bazar Parisar, Vasmat, Dist Hingoli",Fibre Crops,Cotton,Other,Local,"7,530.00","7,530.00","7,530.00",Rs./Quintal,23-03-2026
Maharashtra,Hingoli,"Marathawada Shetkari Khajgi Bazar Parisar, Vasmat, Dist Hingoli",Fibre Crops,Cotton,Other,Local,"6,725.00","7,625.00","7,298.00",Rs./Quintal,20-03-2026
Maharashtra,Hingoli,"Marathawada Shetkari Khajgi Bazar Parisar, Vasmat, Dist Hingoli",Fibre Crops,Cotton,Other,Local,"7,625.00","7,650.00","7,637.00",Rs./Quintal,19-03-2026
Maharashtra,Hingoli,"Marathawada Shetkari Khajgi Bazar Parisar, Vasmat, Dist Hingoli",Fibre Crops,Cotton,Other,Local,"6,200.00","7,600.00","7,488.00",Rs./Quintal,18-03-2026
Maharashtra,Hingoli,"Marathawada Shetkari Khajgi Bazar Parisar, Vasmat, Dist Hingoli",Fibre Crops,Cotton,Other,Local,"6,150.00","7,490.00","7,447.00",Rs./Quintal,17-03-2026
Maharashtra,Hingoli,"Marathawada Shetkari Khajgi Bazar Parisar, Vasmat, Dist Hingoli",Fibre Crops,Cotton,Other,Local,"7,050.00","7,580.00","7,319.00",Rs./Quintal,16-03-2026
Maharashtra,Hingoli,"Marathawada Shetkari Khajgi Bazar Parisar, Vasmat, Dist Hingoli",Fibre Crops,Cotton,Other,Local,"7,250.00","7,600.00","7,537.00",Rs./Quintal,14-03-2026
Maharashtra,Hingoli,"Marathawada Shetkari Khajgi Bazar Parisar, Vasmat, Dist Hingoli",Fibre Crops,Cotton,Other,Local,"6,900.00","7,574.00","7,046.00",Rs./Quintal,13-03-2026
Maharashtra,Hingoli,"Marathawada Shetkari Khajgi Bazar Parisar, Vasmat, Dist Hingoli",Fibre Crops,Cotton,Other,Local,"7,450.00","7,569.00","7,529.00",Rs./Quintal,12-03-2026
Maharashtra,Hingoli,"Marathawada Shetkari Khajgi Bazar Parisar, Vasmat, Dist Hingoli",Fibre Crops,Cotton,Other,Local,"6,870.00","7,550.00","7,381.00",Rs./Quintal,11-03-2026
Maharashtra,Hingoli,"Marathawada Shetkari Khajgi Bazar Parisar, Vasmat, Dist Hingoli",Fibre Crops,Cotton,Other,Local,"6,000.00","7,550.00","7,450.00",Rs./Quintal,10-03-2026
Maharashtra,Hingoli,"Marathawada Shetkari Khajgi Bazar Parisar, Vasmat, Dist Hingoli",Fibre Crops,Cotton,Other,Local,"6,000.00","7,550.00","7,085.00",Rs./Quintal,09-03-2026
Maharashtra,Hingoli,"Marathawada Shetkari Khajgi Bazar Parisar, Vasmat, Dist Hingoli",Fibre Crops,Cotton,Other,Local,"6,854.00","7,400.00","7,010.00",Rs./Quintal,07-03-2026
Maharashtra,Hingoli,"Marathawada Shetkari Khajgi Bazar Parisar, Vasmat, Dist Hingoli",Fibre Crops,Cotton,Other,Local,"5,900.00","7,415.00","7,281.00",Rs./Quintal,06-03-2026
Maharashtra,Hingoli,"Marathawada Shetkari Khajgi Bazar Parisar, Vasmat, Dist Hingoli",Fibre Crops,Cotton,Other,Local,"5,850.00","7,450.00","7,305.00",Rs./Quintal,04-03-2026
Maharashtra,Hingoli,"Marathawada Shetkari Khajgi Bazar Parisar, Vasmat, Dist Hingoli",Fibre Crops,Cotton,Other,Local,"5,850.00","7,550.00","7,300.00",Rs./Quintal,02-03-2026
Maharashtra,Hingoli,"Marathawada Shetkari Khajgi Bazar Parisar, Vasmat, Dist Hingoli",Fibre Crops,Cotton,Other,Local,"5,830.00","7,525.00","6,157.00",Rs./Quintal,28-02-2026
Maharashtra,Hingoli,"Marathawada Shetkari Khajgi Bazar Parisar, Vasmat, Dist Hingoli",Fibre Crops,Cotton,Other,Local,"7,100.00","7,350.00","7,281.00",Rs./Quintal,27-02-2026
Maharashtra,Hingoli,"Marathawada Shetkari Khajgi Bazar Parisar, Vasmat, Dist Hingoli",Fibre Crops,Cotton,Other,Local,"7,225.00","7,525.00","7,491.00",Rs./Quintal,26-02-2026
Maharashtra,Hingoli,"Marathawada Shetkari Khajgi Bazar Parisar, Vasmat, Dist Hingoli",Fibre Crops,Cotton,Other,Local,"6,500.00","7,475.00","7,296.00",Rs./Quintal,25-02-2026
Maharashtra,Hingoli,"Marathawada Shetkari Khajgi Bazar Parisar, Vasmat, Dist Hingoli",Fibre Crops,Cotton,Other,Local,"5,825.00","7,575.00","7,494.00",Rs./Quintal,24-02-2026
Maharashtra,Hingoli,"Marathawada Shetkari Khajgi Bazar Parisar, Vasmat, Dist Hingoli",Fibre Crops,Cotton,Other,Local,"5,925.00","7,575.00","7,363.00",Rs./Quintal,23-02-2026
Maharashtra,Hingoli,"Marathawada Shetkari Khajgi Bazar Parisar, Vasmat, Dist Hingoli",Fibre Crops,Cotton,Other,Local,"6,225.00","7,520.00","7,434.00",Rs./Quintal,21-02-2026
Maharashtra,Hingoli,"Marathawada Shetkari Khajgi Bazar Parisar, Vasmat, Dist Hingoli",Fibre Crops,Cotton,Other,Local,"5,700.00","7,400.00","7,276.00",Rs./Quintal,20-02-2026
Maharashtra,Hingoli,"Marathawada Shetkari Khajgi Bazar Parisar, Vasmat, Dist Hingoli",Fibre Crops,Cotton,Other,Local,"6,100.00","6,100.00","6,100.00",Rs./Quintal,19-02-2026
Maharashtra,Hingoli,"Marathawada Shetkari Khajgi Bazar Parisar, Vasmat, Dist Hingoli",Fibre Crops,Cotton,Other,Local,"6,100.00","7,370.00","7,129.00",Rs./Quintal,18-02-2026
Maharashtra,Hingoli,"Marathawada Shetkari Khajgi Bazar Parisar, Vasmat, Dist Hingoli",Fibre Crops,Cotton,Other,Local,"6,000.00","7,300.00","6,690.00",Rs./Quintal,17-02-2026
Maharashtra,Hingoli,"Marathawada Shetkari Khajgi Bazar Parisar, Vasmat, Dist Hingoli",Fibre Crops,Cotton,Other,Local,"6,150.00","7,350.00","7,011.00",Rs./Quintal,16-02-2026
Maharashtra,Hingoli,"Marathawada Shetkari Khajgi Bazar Parisar, Vasmat, Dist Hingoli",Fibre Crops,Cotton,Other,Local,"7,000.00","7,300.00","7,139.00",Rs./Quintal,14-02-2026
Maharashtra,Hingoli,"Marathawada Shetkari Khajgi Bazar Parisar, Vasmat, Dist Hingoli",Fibre Crops,Cotton,Other,Local,"6,350.00","7,350.00","7,161.00",Rs./Quintal,13-02-2026
Maharashtra,Hingoli,"Marathawada Shetkari Khajgi Bazar Parisar, Vasmat, Dist Hingoli",Fibre Crops,Cotton,Other,Local,"6,400.00","7,350.00","7,215.00",Rs./Quintal,12-02-2026
Maharashtra,Hingoli,"Marathawada Shetkari Khajgi Bazar Parisar, Vasmat, Dist Hingoli",Fibre Crops,Cotton,Other,Local,"6,000.00","7,240.00","6,915.00",Rs./Quintal,11-02-2026
Maharashtra,Hingoli,"Marathawada Shetkari Khajgi Bazar Parisar, Vasmat, Dist Hingoli",Fibre Crops,Cotton,Other,Local,"6,300.00","7,400.00","7,062.00",Rs./Quintal,10-02-2026
Maharashtra,Hingoli,"Marathawada Shetkari Khajgi Bazar Parisar, Vasmat, Dist Hingoli",Fibre Crops,Cotton,Other,Local,"7,000.00","7,500.00","7,314.00",Rs./Quintal,09-02-2026
Maharashtra,Hingoli,"Marathawada Shetkari Khajgi Bazar Parisar, Vasmat, Dist Hingoli",Fibre Crops,Cotton,Other,Local,"7,300.00","7,530.00","7,436.00",Rs./Quintal,07-02-2026
Maharashtra,Hingoli,"Marathawada Shetkari Khajgi Bazar Parisar, Vasmat, Dist Hingoli",Fibre Crops,Cotton,Other,Local,"6,600.00","7,540.00","7,467.00",Rs./Quintal,06-02-2026
Maharashtra,Hingoli,"Marathawada Shetkari Khajgi Bazar Parisar, Vasmat, Dist Hingoli",Fibre Crops,Cotton,Other,Local,"7,100.00","7,600.00","7,490.00",Rs./Quintal,05-02-2026
Maharashtra,Hingoli,"Marathawada Shetkari Khajgi Bazar Parisar, Vasmat, Dist Hingoli",Fibre Crops,Cotton,Other,Local,"6,650.00","7,560.00","7,303.00",Rs./Quintal,04-02-2026
Maharashtra,Hingoli,"Marathawada Shetkari Khajgi Bazar Parisar, Vasmat, Dist Hingoli",Fibre Crops,Cotton,Other,Local,"6,700.00","7,600.00","7,522.00",Rs./Quintal,03-02-2026
Maharashtra,Hingoli,"Marathawada Shetkari Khajgi Bazar Parisar, Vasmat, Dist Hingoli",Fibre Crops,Cotton,Other,Local,"7,411.00","7,680.00","7,518.00",Rs./Quintal,02-02-2026
Maharashtra,Hingoli,"Marathawada Shetkari Khajgi Bazar Parisar, Vasmat, Dist Hingoli",Fibre Crops,Cotton,Other,Local,"7,350.00","7,820.00","7,737.00",Rs./Quintal,31-01-2026
Maharashtra,Hingoli,"Marathawada Shetkari Khajgi Bazar Parisar, Vasmat, Dist Hingoli",Fibre Crops,Cotton,Other,Local,"7,740.00","7,810.00","7,742.00",Rs./Quintal,30-01-2026
Maharashtra,Hingoli,"Marathawada Shetkari Khajgi Bazar Parisar, Vasmat, Dist Hingoli",Fibre Crops,Cotton,Other,Local,"7,000.00","7,800.00","7,744.00",Rs./Quintal,29-01-2026
Maharashtra,Hingoli,"Marathawada Shetkari Khajgi Bazar Parisar, Vasmat, Dist Hingoli",Fibre Crops,Cotton,Other,Local,"7,720.00","7,900.00","7,734.00",Rs./Quintal,28-01-2026
Maharashtra,Hingoli,"Marathawada Shetkari Khajgi Bazar Parisar, Vasmat, Dist Hingoli",Fibre Crops,Cotton,Other,Local,"7,370.00","7,825.00","7,709.00",Rs./Quintal,27-01-2026
Maharashtra,Hingoli,"Marathawada Shetkari Khajgi Bazar Parisar, Vasmat, Dist Hingoli",Fibre Crops,Cotton,Other,Local,"7,615.00","7,770.00","7,705.00",Rs./Quintal,24-01-2026
Maharashtra,Hingoli,"Marathawada Shetkari Khajgi Bazar Parisar, Vasmat, Dist Hingoli",Fibre Crops,Cotton,Other,Local,"6,800.00","7,830.00","7,706.00",Rs./Quintal,23-01-2026
Maharashtra,Hingoli,"Marathawada Shetkari Khajgi Bazar Parisar, Vasmat, Dist Hingoli",Fibre Crops,Cotton,Other,Local,"7,710.00","7,850.00","7,792.00",Rs./Quintal,22-01-2026
Maharashtra,Hingoli,"Marathawada Shetkari Khajgi Bazar Parisar, Vasmat, Dist Hingoli",Fibre Crops,Cotton,Other,Local,"7,790.00","7,815.00","7,803.00",Rs./Quintal,21-01-2026
Maharashtra,Hingoli,"Marathawada Shetkari Khajgi Bazar Parisar, Vasmat, Dist Hingoli",Fibre Crops,Cotton,Other,Local,"6,650.00","7,870.00","7,792.00",Rs./Quintal,20-01-2026
Maharashtra,Hingoli,"Marathawada Shetkari Khajgi Bazar Parisar, Vasmat, Dist Hingoli",Fibre Crops,Cotton,Other,Local,"7,500.00","7,900.00","7,789.00",Rs./Quintal,13-01-2026
Maharashtra,Jalgaon,APMC  Yawal,Fibre Crops,Cotton,Other,Non-FAQ,"6,800.00","7,630.00","7,310.00",Rs./Quintal,09-04-2026
Maharashtra,Jalgaon,APMC  Yawal,Fibre Crops,Cotton,Other,Non-FAQ,"6,650.00","7,100.00","6,840.00",Rs./Quintal,29-01-2026
Maharashtra,Jalgaon,Govardhan Farm Produce Market Pvt Ltd Tal Chopda  Dist Jalgaon,Fibre Crops,Cotton,Other,Local,"8,500.00","9,000.00","8,833.00",Rs./Quintal,14-08-2026
Maharashtra,Jalgaon,"Shantilal Jain Agro Produce Market Pvt Ltd, Bodwad, Dist Jalgaon",Fibre Crops,Cotton,Other,Local,"8,090.00","8,190.00","8,140.00",Rs./Quintal,30-04-2026
Maharashtra,Jalna,APMC Badnapur,Fibre Crops,Cotton,Desi,Local,"7,874.00","8,010.00","7,993.00",Rs./Quintal,13-03-2026
Maharashtra,Jalna,APMC Badnapur,Fibre Crops,Cotton,Desi,Local,"7,962.00","8,010.00","8,007.00",Rs./Quintal,06-03-2026
Maharashtra,Jalna,APMC Badnapur,Fibre Crops,Cotton,Desi,Local,"7,962.00","8,010.00","7,988.00",Rs./Quintal,20-02-2026
Maharashtra,Jalna,APMC Badnapur,Fibre Crops,Cotton,Desi,Local,"7,994.00","8,010.00","8,000.00",Rs./Quintal,16-02-2026
Maharashtra,Jalna,APMC Badnapur,Fibre Crops,Cotton,Desi,Local,"7,898.00","8,010.00","7,976.00",Rs./Quintal,06-02-2026
Maharashtra,Jalna,APMC Badnapur,Fibre Crops,Cotton,Desi,Local,"7,890.00","8,010.00","7,982.00",Rs./Quintal,03-02-2026
Maharashtra,Jalna,APMC Ghansawangi ,Fibre Crops,Cotton,Other,Local,"7,500.00","7,700.00","7,500.00",Rs./Quintal,04-02-2026
Maharashtra,Jalna,APMC Jalana ,Fibre Crops,Cotton,Other,Local,"8,010.00","8,986.00","8,730.00",Rs./Quintal,14-03-2026
Maharashtra,Jalna,APMC Jalana ,Fibre Crops,Cotton,Other,Local,"7,930.00","8,010.00","7,986.00",Rs./Quintal,13-03-2026
Maharashtra,Jalna,APMC Jalana ,Fibre Crops,Cotton,Other,Local,"7,930.00","8,002.00","7,978.00",Rs./Quintal,12-03-2026
Maharashtra,Jalna,APMC Jalana ,Fibre Crops,Cotton,Other,Local,"7,930.00","8,010.00","7,986.00",Rs./Quintal,11-03-2026
Maharashtra,Jalna,APMC Jalana ,Fibre Crops,Cotton,Other,Local,"7,354.00","7,354.00","7,354.00",Rs./Quintal,10-03-2026
Maharashtra,Jalna,APMC Jalana ,Fibre Crops,Cotton,Other,Local,"7,905.00","8,002.00","7,970.00",Rs./Quintal,07-03-2026
Maharashtra,Jalna,APMC Jalana ,Fibre Crops,Cotton,Other,Local,"7,930.00","7,986.00","7,962.00",Rs./Quintal,06-03-2026
Maharashtra,Jalna,APMC Jalana ,Fibre Crops,Cotton,Other,Local,"7,930.00","8,002.00","7,970.00",Rs./Quintal,05-03-2026
Maharashtra,Jalna,APMC Jalana ,Fibre Crops,Cotton,Other,Local,"7,930.00","8,010.00","7,970.00",Rs./Quintal,04-03-2026
Maharashtra,Jalna,APMC Jalana ,Fibre Crops,Cotton,Other,Local,"7,834.00","8,010.00","7,914.00",Rs./Quintal,27-02-2026
Maharashtra,Jalna,APMC Jalana ,Fibre Crops,Cotton,Other,Local,"7,770.00","8,002.00","7,874.00",Rs./Quintal,26-02-2026
Maharashtra,Jalna,APMC Jalana ,Fibre Crops,Cotton,Other,Local,"7,746.00","8,010.00","7,882.00",Rs./Quintal,25-02-2026
Maharashtra,Jalna,APMC Jalana ,Fibre Crops,Cotton,Other,Local,"7,810.00","8,010.00","7,906.00",Rs./Quintal,24-02-2026
Maharashtra,Jalna,APMC Jalana ,Fibre Crops,Cotton,Other,Local,"7,810.00","8,010.00","7,930.00",Rs./Quintal,23-02-2026
Maharashtra,Jalna,APMC Jalana ,Fibre Crops,Cotton,Other,Local,"7,810.00","8,010.00","7,906.00",Rs./Quintal,20-02-2026
Maharashtra,Jalna,APMC Jalana ,Fibre Crops,Cotton,Other,Local,"7,730.00","8,002.00","7,850.00",Rs./Quintal,18-02-2026
Maharashtra,Jalna,APMC Jalana ,Fibre Crops,Cotton,Other,Local,"7,790.00","8,010.00","7,865.00",Rs./Quintal,17-02-2026
Maharashtra,Jalna,APMC Jalana ,Fibre Crops,Cotton,Other,Local,"7,826.00","8,010.00","7,930.00",Rs./Quintal,14-02-2026
Maharashtra,Jalna,APMC Jalana ,Fibre Crops,Cotton,Other,Local,"7,689.00","8,010.00","7,890.00",Rs./Quintal,12-02-2026
Maharashtra,Jalna,APMC Jalana ,Fibre Crops,Cotton,Other,Local,"7,850.00","8,010.00","7,986.00",Rs./Quintal,11-02-2026
Maharashtra,Jalna,APMC Jalana ,Fibre Crops,Cotton,Other,Local,"7,850.00","8,010.00","7,962.00",Rs./Quintal,10-02-2026
Maharashtra,Jalna,APMC Jalana ,Fibre Crops,Cotton,Other,Local,"7,889.00","8,002.00","7,954.00",Rs./Quintal,07-02-2026
Maharashtra,Jalna,APMC Jalana ,Fibre Crops,Cotton,Other,Local,"7,914.00","8,010.00","7,954.00",Rs./Quintal,06-02-2026
Maharashtra,Jalna,APMC Jalana ,Fibre Crops,Cotton,Other,Local,"7,922.00","8,002.00","7,962.00",Rs./Quintal,05-02-2026
Maharashtra,Jalna,APMC Jalana ,Fibre Crops,Cotton,Other,Local,"7,930.00","8,010.00","7,986.00",Rs./Quintal,04-02-2026
Maharashtra,Jalna,APMC Jalana ,Fibre Crops,Cotton,Other,Local,"7,825.00","7,994.00","7,930.00",Rs./Quintal,03-02-2026
Maharashtra,Jalna,APMC Jalana ,Fibre Crops,Cotton,Other,Local,"7,986.00","7,994.00","7,986.00",Rs./Quintal,31-01-2026
Maharashtra,Jalna,APMC Jalana ,Fibre Crops,Cotton,Other,Local,"7,929.00","8,001.00","7,969.00",Rs./Quintal,30-01-2026
Maharashtra,Jalna,APMC Jalana ,Fibre Crops,Cotton,Other,Local,"7,850.00","7,970.00","7,850.00",Rs./Quintal,29-01-2026
Maharashtra,Jalna,APMC Jalana ,Fibre Crops,Cotton,Other,Local,"7,890.00","8,002.00","7,954.00",Rs./Quintal,28-01-2026
Maharashtra,Jalna,APMC Jalana ,Fibre Crops,Cotton,Other,Local,"7,866.00","8,002.00","7,945.00",Rs./Quintal,24-01-2026
Maharashtra,Jalna,APMC Jalana ,Fibre Crops,Cotton,Other,Local,"7,810.00","8,002.00","7,906.00",Rs./Quintal,23-01-2026
Maharashtra,Jalna,APMC Jalana ,Fibre Crops,Cotton,Other,Local,"7,690.00","7,978.00","7,850.00",Rs./Quintal,22-01-2026
Maharashtra,Jalna,APMC Jalana ,Fibre Crops,Cotton,Other,Local,"7,930.00","8,002.00","7,970.00",Rs./Quintal,21-01-2026
Maharashtra,Jalna,APMC Jalana ,Fibre Crops,Cotton,Other,Local,"7,930.00","8,010.00","7,970.00",Rs./Quintal,20-01-2026
Maharashtra,Jalna,APMC Jalana ,Fibre Crops,Cotton,Other,Local,"7,986.00","8,010.00","8,002.00",Rs./Quintal,14-01-2026
Maharashtra,Jalna,APMC Jalana ,Fibre Crops,Cotton,Other,Local,"7,930.00","8,010.00","7,985.00",Rs./Quintal,13-01-2026
Maharashtra,Jalna,APMC Jalana ,Fibre Crops,Cotton,Other,Local,"7,690.00","8,010.00","7,690.00",Rs./Quintal,10-01-2026
Maharashtra,Jalna,APMC Jalana ,Fibre Crops,Cotton,Other,Local,"7,721.00","8,010.00","7,850.00",Rs./Quintal,09-01-2026
Maharashtra,Jalna,APMC Jalana ,Fibre Crops,Cotton,Other,Local,"7,690.00","8,010.00","7,890.00",Rs./Quintal,08-01-2026
Maharashtra,Jalna,APMC Jalana ,Fibre Crops,Cotton,Other,Local,"7,665.00","8,010.00","7,865.00",Rs./Quintal,07-01-2026
Maharashtra,Jalna,APMC Jalana ,Fibre Crops,Cotton,Other,Local,"7,640.00","8,010.00","7,640.00",Rs./Quintal,06-01-2026
Maharashtra,Jalna,APMC Jalana ,Fibre Crops,Cotton,Other,Local,"7,690.00","8,010.00","7,890.00",Rs./Quintal,03-01-2026
Maharashtra,Nagpur,APMC Bhiwapur ,Fibre Crops,Cotton,Other,FAQ,"8,400.00","8,400.00","8,400.00",Rs./Quintal,14-06-2026
Maharashtra,Nagpur,APMC Bhiwapur ,Fibre Crops,Cotton,Other,FAQ,"8,400.00","8,400.00","8,400.00",Rs./Quintal,10-06-2026
Maharashtra,Nagpur,APMC Bhiwapur ,Fibre Crops,Cotton,Other,Non-FAQ,"5,500.00","7,500.00","6,500.00",Rs./Quintal,07-06-2026
Maharashtra,Nagpur,APMC Bhiwapur ,Fibre Crops,Cotton,Other,FAQ,"8,500.00","8,900.00","8,700.00",Rs./Quintal,04-06-2026
Maharashtra,Nagpur,APMC Bhiwapur ,Fibre Crops,Cotton,Other,Non-FAQ,"7,800.00","8,000.00","7,900.00",Rs./Quintal,04-06-2026
Maharashtra,Nagpur,APMC Bhiwapur ,Fibre Crops,Cotton,Other,FAQ,"8,400.00","9,000.00","8,700.00",Rs./Quintal,03-06-2026
Maharashtra,Nagpur,APMC Bhiwapur ,Fibre Crops,Cotton,Other,Non-FAQ,"7,400.00","8,000.00","7,500.00",Rs./Quintal,03-06-2026
Maharashtra,Nagpur,APMC Bhiwapur ,Fibre Crops,Cotton,Other,FAQ,"8,300.00","9,110.00","8,705.00",Rs./Quintal,31-05-2026
Maharashtra,Nagpur,APMC Bhiwapur ,Fibre Crops,Cotton,Other,Non-FAQ,"7,500.00","8,000.00","7,750.00",Rs./Quintal,31-05-2026
Maharashtra,Nagpur,APMC Bhiwapur ,Fibre Crops,Cotton,Other,FAQ,"8,400.00","9,240.00","8,835.00",Rs./Quintal,28-05-2026
Maharashtra,Nagpur,APMC Bhiwapur ,Fibre Crops,Cotton,Other,Non-FAQ,"7,000.00","8,000.00","7,500.00",Rs./Quintal,28-05-2026
Maharashtra,Nagpur,APMC Bhiwapur ,Fibre Crops,Cotton,Other,FAQ,"8,500.00","9,170.00","8,835.00",Rs./Quintal,27-05-2026
Maharashtra,Nagpur,APMC Bhiwapur ,Fibre Crops,Cotton,Other,Non-FAQ,"7,000.00","8,000.00","7,500.00",Rs./Quintal,27-05-2026
Maharashtra,Nagpur,APMC Bhiwapur ,Fibre Crops,Cotton,Other,FAQ,"8,200.00","9,140.00","8,670.00",Rs./Quintal,24-05-2026
Maharashtra,Nagpur,APMC Bhiwapur ,Fibre Crops,Cotton,Other,Non-FAQ,"7,000.00","8,000.00","7,500.00",Rs./Quintal,24-05-2026
Maharashtra,Nagpur,APMC Bhiwapur ,Fibre Crops,Cotton,Other,FAQ,"8,400.00","9,400.00","8,900.00",Rs./Quintal,21-05-2026
Maharashtra,Nagpur,APMC Bhiwapur ,Fibre Crops,Cotton,Other,Non-FAQ,"7,000.00","8,000.00","7,500.00",Rs./Quintal,21-05-2026
Maharashtra,Nagpur,APMC Bhiwapur ,Fibre Crops,Cotton,Other,FAQ,"8,400.00","9,450.00","8,925.00",Rs./Quintal,20-05-2026
Maharashtra,Nagpur,APMC Bhiwapur ,Fibre Crops,Cotton,Other,Non-FAQ,"7,000.00","8,000.00","7,500.00",Rs./Quintal,20-05-2026
Maharashtra,Nagpur,APMC Bhiwapur ,Fibre Crops,Cotton,Other,FAQ,"8,300.00","9,625.00","8,960.00",Rs./Quintal,17-05-2026
Maharashtra,Nagpur,APMC Bhiwapur ,Fibre Crops,Cotton,Other,Non-FAQ,"7,500.00","8,000.00","7,750.00",Rs./Quintal,17-05-2026
Maharashtra,Nagpur,APMC Bhiwapur ,Fibre Crops,Cotton,Other,FAQ,"8,500.00","9,870.00","9,135.00",Rs./Quintal,14-05-2026
Maharashtra,Nagpur,APMC Bhiwapur ,Fibre Crops,Cotton,Other,Non-FAQ,"7,800.00","8,000.00","7,900.00",Rs./Quintal,14-05-2026
Maharashtra,Nagpur,APMC Bhiwapur ,Fibre Crops,Cotton,Other,FAQ,"8,350.00","9,770.00","9,060.00",Rs./Quintal,13-05-2026
Maharashtra,Nagpur,APMC Bhiwapur ,Fibre Crops,Cotton,Other,Non-FAQ,"7,200.00","8,000.00","7,600.00",Rs./Quintal,13-05-2026
Maharashtra,Nagpur,APMC Bhiwapur ,Fibre Crops,Cotton,Other,FAQ,"8,400.00","9,770.00","9,050.00",Rs./Quintal,10-05-2026
Maharashtra,Nagpur,APMC Bhiwapur ,Fibre Crops,Cotton,Other,Non-FAQ,"7,160.00","8,000.00","7,520.00",Rs./Quintal,10-05-2026
Maharashtra,Nagpur,APMC Bhiwapur ,Fibre Crops,Cotton,Other,FAQ,"8,500.00","9,590.00","9,045.00",Rs./Quintal,07-05-2026
Maharashtra,Nagpur,APMC Bhiwapur ,Fibre Crops,Cotton,Other,Non-FAQ,"7,000.00","8,000.00","7,500.00",Rs./Quintal,07-05-2026
Maharashtra,Nagpur,APMC Bhiwapur ,Fibre Crops,Cotton,Other,FAQ,"8,200.00","8,900.00","8,555.00",Rs./Quintal,03-05-2026
Maharashtra,Nagpur,APMC Bhiwapur ,Fibre Crops,Cotton,Other,Non-FAQ,"6,600.00","8,000.00","7,300.00",Rs./Quintal,03-05-2026
Maharashtra,Nagpur,APMC Bhiwapur ,Fibre Crops,Cotton,Other,FAQ,"8,250.00","8,830.00","8,415.00",Rs./Quintal,29-04-2026
Maharashtra,Nagpur,APMC Bhiwapur ,Fibre Crops,Cotton,Other,Non-FAQ,"6,200.00","8,000.00","7,150.00",Rs./Quintal,29-04-2026
Maharashtra,Nagpur,APMC Bhiwapur ,Fibre Crops,Cotton,Other,FAQ,"8,200.00","8,690.00","8,445.00",Rs./Quintal,26-04-2026
Maharashtra,Nagpur,APMC Bhiwapur ,Fibre Crops,Cotton,Other,Non-FAQ,"6,000.00","8,000.00","7,000.00",Rs./Quintal,26-04-2026
Maharashtra,Nagpur,APMC Bhiwapur ,Fibre Crops,Cotton,Other,FAQ,"8,200.00","8,500.00","8,350.00",Rs./Quintal,23-04-2026
Maharashtra,Nagpur,APMC Bhiwapur ,Fibre Crops,Cotton,Other,Non-FAQ,"6,000.00","8,000.00","7,000.00",Rs./Quintal,23-04-2026
Maharashtra,Nagpur,APMC Bhiwapur ,Fibre Crops,Cotton,Other,FAQ,"8,150.00","8,490.00","8,350.00",Rs./Quintal,22-04-2026
Maharashtra,Nagpur,APMC Bhiwapur ,Fibre Crops,Cotton,Other,Non-FAQ,"6,200.00","8,000.00","7,100.00",Rs./Quintal,22-04-2026
Maharashtra,Nagpur,APMC Bhiwapur ,Fibre Crops,Cotton,Other,FAQ,"8,200.00","8,250.00","8,225.00",Rs./Quintal,15-04-2026
Maharashtra,Nagpur,APMC Bhiwapur ,Fibre Crops,Cotton,Other,Non-FAQ,"6,500.00","8,000.00","7,250.00",Rs./Quintal,15-04-2026
Maharashtra,Nagpur,APMC Bhiwapur ,Fibre Crops,Cotton,Other,FAQ,"8,200.00","8,330.00","8,265.00",Rs./Quintal,12-04-2026
Maharashtra,Nagpur,APMC Bhiwapur ,Fibre Crops,Cotton,Other,Non-FAQ,"6,300.00","8,000.00","7,150.00",Rs./Quintal,12-04-2026
Maharashtra,Nagpur,APMC Bhiwapur ,Fibre Crops,Cotton,Other,FAQ,"8,200.00","8,350.00","8,275.00",Rs./Quintal,09-04-2026
Maharashtra,Nagpur,APMC Bhiwapur ,Fibre Crops,Cotton,Other,Non-FAQ,"6,300.00","8,000.00","7,150.00",Rs./Quintal,09-04-2026
Maharashtra,Nagpur,APMC Bhiwapur ,Fibre Crops,Cotton,Other,FAQ,"8,200.00","8,300.00","8,250.00",Rs./Quintal,08-04-2026
Maharashtra,Nagpur,APMC Bhiwapur ,Fibre Crops,Cotton,Other,Non-FAQ,"6,500.00","8,000.00","7,250.00",Rs./Quintal,08-04-2026
Maharashtra,Nagpur,APMC Bhiwapur ,Fibre Crops,Cotton,Other,FAQ,"8,150.00","8,500.00","8,350.00",Rs./Quintal,05-04-2026
Maharashtra,Nagpur,APMC Bhiwapur ,Fibre Crops,Cotton,Other,Non-FAQ,"6,300.00","7,900.00","7,100.00",Rs./Quintal,05-04-2026
Maharashtra,Nagpur,APMC Bhiwapur ,Fibre Crops,Cotton,Other,FAQ,"8,200.00","8,300.00","8,250.00",Rs./Quintal,02-04-2026
Maharashtra,Nagpur,APMC Bhiwapur ,Fibre Crops,Cotton,Other,Non-FAQ,"6,200.00","8,000.00","7,100.00",Rs./Quintal,02-04-2026
Maharashtra,Nagpur,APMC Bhiwapur ,Fibre Crops,Cotton,Other,FAQ,"8,200.00","8,350.00","8,250.00",Rs./Quintal,01-04-2026
Maharashtra,Nagpur,APMC Bhiwapur ,Fibre Crops,Cotton,Other,Non-FAQ,"6,200.00","8,000.00","7,100.00",Rs./Quintal,01-04-2026
Maharashtra,Nagpur,APMC Bhiwapur ,Fibre Crops,Cotton,Other,Non-FAQ,"6,400.00","8,060.00","7,230.00",Rs./Quintal,29-03-2026
Maharashtra,Nagpur,APMC Bhiwapur ,Fibre Crops,Cotton,Other,Non-FAQ,"6,400.00","7,760.00","7,080.00",Rs./Quintal,25-03-2026
Maharashtra,Nagpur,APMC Bhiwapur ,Fibre Crops,Cotton,Other,Non-FAQ,"6,500.00","7,910.00","7,205.00",Rs./Quintal,22-03-2026
Maharashtra,Nagpur,APMC Bhiwapur ,Fibre Crops,Cotton,Other,Non-FAQ,"6,900.00","7,780.00","7,355.00",Rs./Quintal,19-03-2026
Maharashtra,Nagpur,APMC Bhiwapur ,Fibre Crops,Cotton,Other,Non-FAQ,"7,000.00","7,710.00","7,355.00",Rs./Quintal,18-03-2026
Maharashtra,Nagpur,APMC Bhiwapur ,Fibre Crops,Cotton,Other,Non-FAQ,"7,000.00","7,660.00","7,330.00",Rs./Quintal,15-03-2026
Maharashtra,Nagpur,APMC Bhiwapur ,Fibre Crops,Cotton,Other,Non-FAQ,"7,000.00","7,700.00","7,450.00",Rs./Quintal,12-03-2026
Maharashtra,Nagpur,APMC Bhiwapur ,Fibre Crops,Cotton,Other,Non-FAQ,"7,100.00","7,770.00","7,435.00",Rs./Quintal,11-03-2026
Maharashtra,Nagpur,APMC Bhiwapur ,Fibre Crops,Cotton,Other,Non-FAQ,"7,200.00","7,660.00","7,430.00",Rs./Quintal,08-03-2026
Maharashtra,Nagpur,APMC Bhiwapur ,Fibre Crops,Cotton,Other,Non-FAQ,"7,190.00","7,770.00","7,480.00",Rs./Quintal,05-03-2026
Maharashtra,Nagpur,APMC Bhiwapur ,Fibre Crops,Cotton,Other,Non-FAQ,"7,300.00","7,600.00","7,450.00",Rs./Quintal,04-03-2026
Maharashtra,Nagpur,APMC Bhiwapur ,Fibre Crops,Cotton,Other,Non-FAQ,"7,300.00","7,660.00","7,480.00",Rs./Quintal,02-03-2026
Maharashtra,Nagpur,APMC Bhiwapur ,Fibre Crops,Cotton,Other,Non-FAQ,"7,300.00","7,660.00","7,480.00",Rs./Quintal,01-03-2026
Maharashtra,Nagpur,APMC Bhiwapur ,Fibre Crops,Cotton,Other,Non-FAQ,"7,450.00","7,730.00","7,590.00",Rs./Quintal,26-02-2026
Maharashtra,Nagpur,APMC Bhiwapur ,Fibre Crops,Cotton,Other,Non-FAQ,"7,550.00","7,790.00","7,670.00",Rs./Quintal,25-02-2026
Maharashtra,Nagpur,APMC Bhiwapur ,Fibre Crops,Cotton,Other,Non-FAQ,"7,450.00","7,750.00","7,650.00",Rs./Quintal,22-02-2026
Maharashtra,Nagpur,APMC Bhiwapur ,Fibre Crops,Cotton,Other,Non-FAQ,"7,430.00","7,750.00","7,590.00",Rs./Quintal,19-02-2026
Maharashtra,Nagpur,APMC Bhiwapur ,Fibre Crops,Cotton,Other,Non-FAQ,"7,450.00","7,650.00","7,525.00",Rs./Quintal,18-02-2026
Maharashtra,Nagpur,APMC Bhiwapur ,Fibre Crops,Cotton,Varalaxmi,Non-FAQ,"7,400.00","7,610.00","7,505.00",Rs./Quintal,15-02-2026
Maharashtra,Nagpur,APMC Bhiwapur ,Fibre Crops,Cotton,Other,Non-FAQ,"7,400.00","7,680.00","7,545.00",Rs./Quintal,12-02-2026
Maharashtra,Nagpur,APMC Bhiwapur ,Fibre Crops,Cotton,Other,Non-FAQ,"7,470.00","7,770.00","7,585.00",Rs./Quintal,11-02-2026
Maharashtra,Nagpur,APMC Bhiwapur ,Fibre Crops,Cotton,Other,Non-FAQ,"7,600.00","7,840.00","7,720.00",Rs./Quintal,08-02-2026
Maharashtra,Nagpur,APMC Bhiwapur ,Fibre Crops,Cotton,Other,Non-FAQ,"7,750.00","7,970.00","7,860.00",Rs./Quintal,05-02-2026
Maharashtra,Nagpur,APMC Bhiwapur ,Fibre Crops,Cotton,Other,Non-FAQ,"7,750.00","7,940.00","7,845.00",Rs./Quintal,04-02-2026
Maharashtra,Nagpur,APMC Bhiwapur ,Fibre Crops,Cotton,Other,Non-FAQ,"7,750.00","8,090.00","7,920.00",Rs./Quintal,01-02-2026
Maharashtra,Nagpur,APMC Bhiwapur ,Fibre Crops,Cotton,Other,FAQ,"8,110.00","8,110.00","8,110.00",Rs./Quintal,29-01-2026
Maharashtra,Nagpur,APMC Bhiwapur ,Fibre Crops,Cotton,Other,Non-FAQ,"7,900.00","8,000.00","7,950.00",Rs./Quintal,29-01-2026
Maharashtra,Nagpur,APMC Bhiwapur ,Fibre Crops,Cotton,Other,Non-FAQ,"7,900.00","8,000.00","7,950.00",Rs./Quintal,28-01-2026
Maharashtra,Nagpur,APMC Bhiwapur ,Fibre Crops,Cotton,Other,Non-FAQ,"7,850.00","8,100.00","7,975.00",Rs./Quintal,25-01-2026
Maharashtra,Nagpur,APMC Bhiwapur ,Fibre Crops,Cotton,Other,Non-FAQ,"7,800.00","8,100.00","7,950.00",Rs./Quintal,22-01-2026
Maharashtra,Nagpur,APMC Bhiwapur ,Fibre Crops,Cotton,Other,Non-FAQ,"7,750.00","8,075.00","7,915.00",Rs./Quintal,21-01-2026
Maharashtra,Nagpur,APMC Bhiwapur ,Fibre Crops,Cotton,Other,FAQ,"8,150.00","8,210.00","8,180.00",Rs./Quintal,18-01-2026
Maharashtra,Nagpur,APMC Bhiwapur ,Fibre Crops,Cotton,Other,Non-FAQ,"8,050.00","8,100.00","8,075.00",Rs./Quintal,18-01-2026
Maharashtra,Nagpur,APMC Bhiwapur ,Fibre Crops,Cotton,Other,FAQ,"8,200.00","8,250.00","8,225.00",Rs./Quintal,15-01-2026
Maharashtra,Nagpur,APMC Bhiwapur ,Fibre Crops,Cotton,Other,Non-FAQ,"8,100.00","8,100.00","8,100.00",Rs./Quintal,15-01-2026
Maharashtra,Nagpur,APMC Bhiwapur ,Fibre Crops,Cotton,Other,FAQ,"8,200.00","8,370.00","8,285.00",Rs./Quintal,14-01-2026
Maharashtra,Nagpur,APMC Bhiwapur ,Fibre Crops,Cotton,Other,Non-FAQ,"7,850.00","8,050.00","7,950.00",Rs./Quintal,11-01-2026
Maharashtra,Nagpur,APMC Bhiwapur ,Fibre Crops,Cotton,Other,Non-FAQ,"7,650.00","7,800.00","7,725.00",Rs./Quintal,08-01-2026
Maharashtra,Nagpur,APMC Bhiwapur ,Fibre Crops,Cotton,Other,Non-FAQ,"7,650.00","7,810.00","7,730.00",Rs./Quintal,07-01-2026
Maharashtra,Nagpur,APMC Bhiwapur ,Fibre Crops,Cotton,Other,Non-FAQ,"7,500.00","7,770.00","7,635.00",Rs./Quintal,04-01-2026
Maharashtra,Nagpur,APMC Bhiwapur ,Fibre Crops,Cotton,Other,Non-FAQ,"7,500.00","7,690.00","7,595.00",Rs./Quintal,01-01-2026
Maharashtra,Nagpur,APMC Hingna,Fibre Crops,Cotton,Other,FAQ,"7,810.00","8,010.00","7,970.00",Rs./Quintal,13-03-2026
Maharashtra,Nagpur,APMC Hingna,Fibre Crops,Cotton,Other,FAQ,"7,800.00","8,010.00","7,970.00",Rs./Quintal,12-03-2026
Maharashtra,Nagpur,APMC Hingna,Fibre Crops,Cotton,Other,FAQ,"7,890.00","7,985.00","7,970.00",Rs./Quintal,11-03-2026
Maharashtra,Nagpur,APMC Hingna,Fibre Crops,Cotton,Other,FAQ,"7,890.00","7,970.00","7,930.00",Rs./Quintal,10-03-2026
Maharashtra,Nagpur,APMC Hingna,Fibre Crops,Cotton,Other,FAQ,"7,745.00","8,010.00","7,905.00",Rs./Quintal,26-02-2026
Maharashtra,Nagpur,APMC Hingna,Fibre Crops,Cotton,Other,FAQ,"7,890.00","8,010.00","7,970.00",Rs./Quintal,25-02-2026
Maharashtra,Nagpur,APMC Hingna,Fibre Crops,Cotton,Other,FAQ,"7,865.00","8,002.00","7,961.00",Rs./Quintal,24-02-2026
Maharashtra,Nagpur,APMC Hingna,Fibre Crops,Cotton,Other,FAQ,"7,890.00","8,010.00","7,905.00",Rs./Quintal,23-02-2026
Maharashtra,Nagpur,APMC Hingna,Fibre Crops,Cotton,Other,FAQ,"7,736.00","8,010.00","7,945.00",Rs./Quintal,20-02-2026
Maharashtra,Nagpur,APMC Hingna,Fibre Crops,Cotton,Other,FAQ,"7,825.00","8,010.00","7,930.00",Rs./Quintal,18-02-2026
Maharashtra,Nagpur,APMC Hingna,Fibre Crops,Cotton,Other,FAQ,"7,856.00","7,945.00","7,930.00",Rs./Quintal,17-02-2026
Maharashtra,Nagpur,APMC Hingna,Fibre Crops,Cotton,Other,FAQ,"7,841.00","8,010.00","7,986.00",Rs./Quintal,16-02-2026
Maharashtra,Nagpur,APMC Hingna,Fibre Crops,Cotton,Other,FAQ,"7,881.00","8,010.00","7,970.00",Rs./Quintal,13-02-2026
Maharashtra,Nagpur,APMC Hingna,Fibre Crops,Cotton,Other,FAQ,"7,865.00","7,986.00","7,914.00",Rs./Quintal,12-02-2026
Maharashtra,Nagpur,APMC Hingna,Fibre Crops,Cotton,Other,FAQ,"7,929.00","8,010.00","8,001.00",Rs./Quintal,11-02-2026
Maharashtra,Nagpur,APMC Hingna,Fibre Crops,Cotton,Other,FAQ,"8,002.00","8,002.00","8,002.00",Rs./Quintal,09-01-2026
Maharashtra,Nagpur,APMC Hingna,Fibre Crops,Cotton,Other,FAQ,"7,986.00","7,986.00","7,986.00",Rs./Quintal,08-01-2026
Maharashtra,Nagpur,APMC Hingna,Fibre Crops,Cotton,Other,FAQ,"7,986.00","7,986.00","7,986.00",Rs./Quintal,07-01-2026
Maharashtra,Nagpur,APMC Hingna,Fibre Crops,Cotton,Other,FAQ,"8,002.00","8,002.00","8,002.00",Rs./Quintal,06-01-2026
Maharashtra,Nagpur,APMC Hingna,Fibre Crops,Cotton,Other,FAQ,"7,930.00","7,930.00","7,930.00",Rs./Quintal,05-01-2026
Maharashtra,Nagpur,APMC Hingna,Fibre Crops,Cotton,Other,FAQ,"7,930.00","8,010.00","8,010.00",Rs./Quintal,02-01-2026
Maharashtra,Nagpur,APMC Hingna,Fibre Crops,Cotton,Other,FAQ,"7,930.00","8,002.00","8,002.00",Rs./Quintal,01-01-2026
Maharashtra,Nagpur,APMC Kalmeshwar ,Fibre Crops,Cotton,Other,Local,"7,400.00","8,500.00","8,145.00",Rs./Quintal,22-06-2026
Maharashtra,Nagpur,APMC Kalmeshwar ,Fibre Crops,Cotton,Other,Local,"8,000.00","8,900.00","8,500.00",Rs./Quintal,29-05-2026
Maharashtra,Nagpur,APMC Kalmeshwar ,Fibre Crops,Cotton,Other,Local,"8,000.00","8,700.00","8,400.00",Rs./Quintal,24-05-2026
Maharashtra,Nagpur,APMC Kalmeshwar ,Fibre Crops,Cotton,Other,Local,"8,000.00","8,700.00","8,400.00",Rs./Quintal,22-05-2026
Maharashtra,Nagpur,APMC Kalmeshwar ,Fibre Crops,Cotton,Other,Local,"8,000.00","8,700.00","8,400.00",Rs./Quintal,21-05-2026
Maharashtra,Nagpur,APMC Kalmeshwar ,Fibre Crops,Cotton,Other,Local,"8,000.00","8,700.00","8,400.00",Rs./Quintal,20-05-2026
Maharashtra,Nagpur,APMC Kalmeshwar ,Fibre Crops,Cotton,Other,Local,"8,000.00","8,700.00","8,400.00",Rs./Quintal,19-05-2026
Maharashtra,Nagpur,APMC Kalmeshwar ,Fibre Crops,Cotton,Other,Local,"8,000.00","8,700.00","8,400.00",Rs./Quintal,18-05-2026
Maharashtra,Nagpur,APMC Kalmeshwar ,Fibre Crops,Cotton,Other,Local,"8,000.00","9,000.00","8,500.00",Rs./Quintal,17-05-2026
Maharashtra,Nagpur,APMC Kalmeshwar ,Fibre Crops,Cotton,Other,Local,"8,000.00","9,000.00","8,500.00",Rs./Quintal,15-05-2026
Maharashtra,Nagpur,APMC Kalmeshwar ,Fibre Crops,Cotton,Other,Local,"8,000.00","9,000.00","8,500.00",Rs./Quintal,14-05-2026
Maharashtra,Nagpur,APMC Kalmeshwar ,Fibre Crops,Cotton,Other,Local,"8,000.00","9,000.00","8,500.00",Rs./Quintal,12-05-2026
Maharashtra,Nagpur,APMC Kalmeshwar ,Fibre Crops,Cotton,Other,Local,"8,000.00","8,750.00","8,350.00",Rs./Quintal,11-05-2026
Maharashtra,Nagpur,APMC Kalmeshwar ,Fibre Crops,Cotton,Other,Local,"7,700.00","8,700.00","8,300.00",Rs./Quintal,10-05-2026
Maharashtra,Nagpur,APMC Kalmeshwar ,Fibre Crops,Cotton,Other,Local,"8,000.00","8,750.00","8,450.00",Rs./Quintal,08-05-2026
Maharashtra,Nagpur,APMC Kalmeshwar ,Fibre Crops,Cotton,Other,Local,"8,000.00","8,700.00","8,400.00",Rs./Quintal,07-05-2026
Maharashtra,Nagpur,APMC Kalmeshwar ,Fibre Crops,Cotton,Other,Local,"7,500.00","8,600.00","8,000.00",Rs./Quintal,06-05-2026
Maharashtra,Nagpur,APMC Kalmeshwar ,Fibre Crops,Cotton,Other,Local,"7,500.00","8,600.00","8,000.00",Rs./Quintal,05-05-2026
Maharashtra,Nagpur,APMC Kalmeshwar ,Fibre Crops,Cotton,Other,Local,"7,500.00","8,400.00","8,000.00",Rs./Quintal,04-05-2026
Maharashtra,Nagpur,APMC Kalmeshwar ,Fibre Crops,Cotton,Other,Local,"7,500.00","8,300.00","7,900.00",Rs./Quintal,03-05-2026
Maharashtra,Nagpur,APMC Kalmeshwar ,Fibre Crops,Cotton,Other,Local,"7,500.00","8,300.00","7,900.00",Rs./Quintal,01-05-2026
Maharashtra,Nagpur,APMC Kalmeshwar ,Fibre Crops,Cotton,Other,Local,"7,500.00","8,300.00","7,900.00",Rs./Quintal,29-04-2026
Maharashtra,Nagpur,APMC Kalmeshwar ,Fibre Crops,Cotton,Other,Local,"7,500.00","8,300.00","7,900.00",Rs./Quintal,27-04-2026
Maharashtra,Nagpur,APMC Kalmeshwar ,Fibre Crops,Cotton,Other,Local,"7,500.00","8,300.00","7,900.00",Rs./Quintal,24-04-2026
Maharashtra,Nagpur,APMC Kalmeshwar ,Fibre Crops,Cotton,Other,Local,"7,500.00","8,200.00","7,900.00",Rs./Quintal,23-04-2026
Maharashtra,Nagpur,APMC Kalmeshwar ,Fibre Crops,Cotton,Other,Local,"7,500.00","8,200.00","7,900.00",Rs./Quintal,22-04-2026
Maharashtra,Nagpur,APMC Kalmeshwar ,Fibre Crops,Cotton,Other,Local,"7,500.00","8,200.00","7,900.00",Rs./Quintal,21-04-2026
Maharashtra,Nagpur,APMC Kalmeshwar ,Fibre Crops,Cotton,Other,Local,"7,500.00","8,200.00","7,900.00",Rs./Quintal,20-04-2026
Maharashtra,Nagpur,APMC Kalmeshwar ,Fibre Crops,Cotton,Other,Local,"7,500.00","8,200.00","7,900.00",Rs./Quintal,19-04-2026
Maharashtra,Nagpur,APMC Kalmeshwar ,Fibre Crops,Cotton,Other,Local,"7,500.00","8,200.00","7,800.00",Rs./Quintal,17-04-2026
Maharashtra,Nagpur,APMC Kalmeshwar ,Fibre Crops,Cotton,Other,Local,"7,500.00","8,200.00","7,900.00",Rs./Quintal,16-04-2026
Maharashtra,Nagpur,APMC Kalmeshwar ,Fibre Crops,Cotton,Other,Local,"7,500.00","8,200.00","7,900.00",Rs./Quintal,15-04-2026
Maharashtra,Nagpur,APMC Kalmeshwar ,Fibre Crops,Cotton,Other,Local,"7,500.00","8,200.00","7,800.00",Rs./Quintal,14-04-2026
Maharashtra,Nagpur,APMC Kalmeshwar ,Fibre Crops,Cotton,Other,Local,"7,500.00","8,200.00","7,800.00",Rs./Quintal,12-04-2026
Maharashtra,Nagpur,APMC Kalmeshwar ,Fibre Crops,Cotton,Other,Local,"7,500.00","8,300.00","8,000.00",Rs./Quintal,09-04-2026
Maharashtra,Nagpur,APMC Kalmeshwar ,Fibre Crops,Cotton,Other,Local,"7,500.00","8,300.00","8,000.00",Rs./Quintal,08-04-2026
Maharashtra,Nagpur,APMC Kalmeshwar ,Fibre Crops,Cotton,Other,Local,"7,500.00","8,300.00","7,900.00",Rs./Quintal,07-04-2026
Maharashtra,Nagpur,APMC Kalmeshwar ,Fibre Crops,Cotton,Other,Local,"7,500.00","8,300.00","7,900.00",Rs./Quintal,06-04-2026
Maharashtra,Nagpur,APMC Kalmeshwar ,Fibre Crops,Cotton,Other,Local,"7,400.00","8,200.00","7,800.00",Rs./Quintal,05-04-2026
Maharashtra,Nagpur,APMC Kalmeshwar ,Fibre Crops,Cotton,Other,Local,"7,300.00","8,200.00","7,800.00",Rs./Quintal,03-04-2026
Maharashtra,Nagpur,APMC Kalmeshwar ,Fibre Crops,Cotton,Other,Local,"7,300.00","7,800.00","7,500.00",Rs./Quintal,29-03-2026
Maharashtra,Nagpur,APMC Kalmeshwar ,Fibre Crops,Cotton,Other,Local,"7,200.00","7,700.00","7,500.00",Rs./Quintal,22-03-2026
Maharashtra,Nagpur,APMC Kalmeshwar ,Fibre Crops,Cotton,Other,Local,"7,000.00","7,600.00","7,300.00",Rs./Quintal,12-03-2026
Maharashtra,Nagpur,APMC Kalmeshwar ,Fibre Crops,Cotton,Other,Local,"7,000.00","7,600.00","7,300.00",Rs./Quintal,08-03-2026
Maharashtra,Nagpur,APMC Kalmeshwar ,Fibre Crops,Cotton,Other,Local,"7,000.00","7,600.00","7,300.00",Rs./Quintal,01-03-2026
Maharashtra,Nagpur,APMC Kalmeshwar ,Fibre Crops,Cotton,Other,Local,"7,200.00","7,560.00","7,400.00",Rs./Quintal,27-02-2026
Maharashtra,Nagpur,APMC Kalmeshwar ,Fibre Crops,Cotton,Other,Local,"7,000.00","7,700.00","7,300.00",Rs./Quintal,25-02-2026
Maharashtra,Nagpur,APMC Kalmeshwar ,Fibre Crops,Cotton,Other,Local,"7,000.00","7,600.00","7,300.00",Rs./Quintal,24-02-2026
Maharashtra,Nagpur,APMC Kalmeshwar ,Fibre Crops,Cotton,Other,Local,"7,000.00","7,550.00","7,300.00",Rs./Quintal,23-02-2026
Maharashtra,Nagpur,APMC Kalmeshwar ,Fibre Crops,Cotton,Other,Local,"7,000.00","7,500.00","7,300.00",Rs./Quintal,20-02-2026
Maharashtra,Nagpur,APMC Kalmeshwar ,Fibre Crops,Cotton,Other,Non-FAQ,"7,000.00","7,600.00","7,300.00",Rs./Quintal,17-02-2026
Maharashtra,Nagpur,APMC Kalmeshwar ,Fibre Crops,Cotton,Other,Local,"7,000.00","7,600.00","7,300.00",Rs./Quintal,16-02-2026
Maharashtra,Nagpur,APMC Kalmeshwar ,Fibre Crops,Cotton,Other,Local,"7,200.00","7,600.00","7,400.00",Rs./Quintal,13-02-2026
Maharashtra,Nagpur,APMC Kalmeshwar ,Fibre Crops,Cotton,Other,Local,"7,000.00","7,600.00","7,300.00",Rs./Quintal,12-02-2026
Maharashtra,Nagpur,APMC Kalmeshwar ,Fibre Crops,Cotton,Other,Local,"7,200.00","7,750.00","7,400.00",Rs./Quintal,11-02-2026
Maharashtra,Nagpur,APMC Kalmeshwar ,Fibre Crops,Cotton,Other,Local,"7,200.00","8,000.00","7,600.00",Rs./Quintal,10-02-2026
Maharashtra,Nagpur,APMC Kalmeshwar ,Fibre Crops,Cotton,Other,Local,"7,200.00","8,000.00","7,600.00",Rs./Quintal,09-02-2026
Maharashtra,Nagpur,APMC Kalmeshwar ,Fibre Crops,Cotton,Other,Local,"7,200.00","7,800.00","7,500.00",Rs./Quintal,08-02-2026
Maharashtra,Nagpur,APMC Kalmeshwar ,Fibre Crops,Cotton,Other,Local,"7,050.00","7,850.00","7,500.00",Rs./Quintal,06-02-2026
Maharashtra,Nagpur,APMC Kalmeshwar ,Fibre Crops,Cotton,Other,Local,"7,200.00","7,900.00","7,600.00",Rs./Quintal,05-02-2026
Maharashtra,Nagpur,APMC Kalmeshwar ,Fibre Crops,Cotton,Other,Local,"7,200.00","7,900.00","7,600.00",Rs./Quintal,03-02-2026
Maharashtra,Nagpur,APMC Kalmeshwar ,Fibre Crops,Cotton,Other,Local,"7,300.00","7,900.00","7,600.00",Rs./Quintal,02-02-2026
Maharashtra,Nagpur,APMC Kalmeshwar ,Fibre Crops,Cotton,Other,Local,"7,300.00","7,900.00","7,600.00",Rs./Quintal,01-02-2026
Maharashtra,Nagpur,APMC Kalmeshwar ,Fibre Crops,Cotton,Other,Local,"7,500.00","8,100.00","7,700.00",Rs./Quintal,30-01-2026
Maharashtra,Nagpur,APMC Kalmeshwar ,Fibre Crops,Cotton,Other,Local,"7,300.00","8,100.00","7,700.00",Rs./Quintal,29-01-2026
Maharashtra,Nagpur,APMC Kalmeshwar ,Fibre Crops,Cotton,Other,Local,"7,400.00","8,100.00","7,700.00",Rs./Quintal,28-01-2026
Maharashtra,Nagpur,APMC Kalmeshwar ,Fibre Crops,Cotton,Other,Local,"7,500.00","8,100.00","7,800.00",Rs./Quintal,26-01-2026
Maharashtra,Nagpur,APMC Kalmeshwar ,Fibre Crops,Cotton,Other,Local,"7,500.00","8,000.00","7,700.00",Rs./Quintal,22-01-2026
Maharashtra,Nagpur,APMC Kalmeshwar ,Fibre Crops,Cotton,Other,Local,"7,700.00","8,000.00","7,950.00",Rs./Quintal,21-01-2026
Maharashtra,Nagpur,APMC Kalmeshwar ,Fibre Crops,Cotton,Other,Local,"7,500.00","8,000.00","7,700.00",Rs./Quintal,18-01-2026
Maharashtra,Nagpur,APMC Kalmeshwar ,Fibre Crops,Cotton,Other,Local,"7,500.00","8,000.00","7,800.00",Rs./Quintal,16-01-2026
Maharashtra,Nagpur,APMC Kalmeshwar ,Fibre Crops,Cotton,Other,Local,"7,500.00","8,000.00","7,700.00",Rs./Quintal,15-01-2026
Maharashtra,Nagpur,APMC Kalmeshwar ,Fibre Crops,Cotton,Other,Local,"7,500.00","8,000.00","7,700.00",Rs./Quintal,14-01-2026
Maharashtra,Nagpur,APMC Kalmeshwar ,Fibre Crops,Cotton,Other,Local,"7,500.00","8,000.00","7,700.00",Rs./Quintal,12-01-2026
Maharashtra,Nagpur,APMC Kalmeshwar ,Fibre Crops,Cotton,Other,Local,"7,500.00","8,000.00","7,700.00",Rs./Quintal,11-01-2026
Maharashtra,Nagpur,APMC Kalmeshwar ,Fibre Crops,Cotton,Other,Local,"7,400.00","8,000.00","7,700.00",Rs./Quintal,09-01-2026
Maharashtra,Nagpur,APMC Kalmeshwar ,Fibre Crops,Cotton,Other,Local,"7,300.00","8,000.00","7,600.00",Rs./Quintal,07-01-2026
Maharashtra,Nagpur,APMC Kalmeshwar ,Fibre Crops,Cotton,Other,Local,"7,200.00","7,700.00","7,400.00",Rs./Quintal,04-01-2026
Maharashtra,Nagpur,APMC Kalmeshwar ,Fibre Crops,Cotton,Other,Local,"7,300.00","8,000.00","7,600.00",Rs./Quintal,02-01-2026
Maharashtra,Nagpur,APMC Kalmeshwar ,Fibre Crops,Cotton,Other,Local,"7,300.00","8,000.00","7,600.00",Rs./Quintal,01-01-2026
Maharashtra,Nagpur,APMC Katol ,Fibre Crops,Cotton,Desi,Local,"8,000.00","9,000.00","8,800.00",Rs./Quintal,29-05-2026
Maharashtra,Nagpur,APMC Katol ,Fibre Crops,Cotton,Desi,Local,"8,000.00","8,900.00","8,500.00",Rs./Quintal,27-05-2026
Maharashtra,Nagpur,APMC Katol ,Fibre Crops,Cotton,Desi,Local,"8,000.00","8,900.00","8,475.00",Rs./Quintal,26-05-2026
Maharashtra,Nagpur,APMC Katol ,Fibre Crops,Cotton,Desi,Local,"8,000.00","9,000.00","8,500.00",Rs./Quintal,25-05-2026
Maharashtra,Nagpur,APMC Katol ,Fibre Crops,Cotton,Desi,Local,"8,000.00","9,000.00","8,500.00",Rs./Quintal,24-05-2026
Maharashtra,Nagpur,APMC Katol ,Fibre Crops,Cotton,Desi,Local,"8,000.00","9,000.00","8,560.00",Rs./Quintal,22-05-2026
Maharashtra,Nagpur,APMC Katol ,Fibre Crops,Cotton,Desi,Local,"8,000.00","9,025.00","8,330.00",Rs./Quintal,21-05-2026
Maharashtra,Nagpur,APMC Katol ,Fibre Crops,Cotton,Desi,Local,"7,600.00","9,050.00","7,850.00",Rs./Quintal,20-05-2026
Maharashtra,Nagpur,APMC Katol ,Fibre Crops,Cotton,Desi,Local,"8,100.00","9,100.00","8,600.00",Rs./Quintal,19-05-2026
Maharashtra,Nagpur,APMC Katol ,Fibre Crops,Cotton,Desi,Local,"8,100.00","9,100.00","8,500.00",Rs./Quintal,18-05-2026
Maharashtra,Nagpur,APMC Katol ,Fibre Crops,Cotton,Desi,Local,"8,100.00","9,000.00","8,700.00",Rs./Quintal,17-05-2026
Maharashtra,Nagpur,APMC Katol ,Fibre Crops,Cotton,Desi,Local,"7,600.00","9,300.00","8,500.00",Rs./Quintal,15-05-2026
Maharashtra,Nagpur,APMC Katol ,Fibre Crops,Cotton,Desi,Local,"7,600.00","9,100.00","8,600.00",Rs./Quintal,14-05-2026
Maharashtra,Nagpur,APMC Katol ,Fibre Crops,Cotton,Desi,Local,"7,600.00","9,100.00","8,800.00",Rs./Quintal,12-05-2026
Maharashtra,Nagpur,APMC Katol ,Fibre Crops,Cotton,Desi,Local,"7,600.00","8,800.00","8,500.00",Rs./Quintal,11-05-2026
Maharashtra,Nagpur,APMC Katol ,Fibre Crops,Cotton,Desi,Local,"7,500.00","8,700.00","8,500.00",Rs./Quintal,06-05-2026
Maharashtra,Nagpur,APMC Katol ,Fibre Crops,Cotton,Desi,Local,"7,600.00","8,625.00","8,450.00",Rs./Quintal,05-05-2026
Maharashtra,Nagpur,APMC Katol ,Fibre Crops,Cotton,Desi,Local,"7,500.00","8,450.00","8,250.00",Rs./Quintal,04-05-2026
Maharashtra,Nagpur,APMC Katol ,Fibre Crops,Cotton,Desi,Local,"8,100.00","8,300.00","8,200.00",Rs./Quintal,03-05-2026
Maharashtra,Nagpur,APMC Katol ,Fibre Crops,Cotton,Desi,Local,"7,000.00","8,350.00","8,200.00",Rs./Quintal,30-04-2026
Maharashtra,Nagpur,APMC Katol ,Fibre Crops,Cotton,Desi,Local,"7,000.00","8,300.00","8,250.00",Rs./Quintal,29-04-2026
Maharashtra,Nagpur,APMC Katol ,Fibre Crops,Cotton,Desi,Local,"7,500.00","8,300.00","8,250.00",Rs./Quintal,28-04-2026
Maharashtra,Nagpur,APMC Katol ,Fibre Crops,Cotton,Desi,Local,"8,100.00","8,300.00","8,150.00",Rs./Quintal,27-04-2026
Maharashtra,Nagpur,APMC Katol ,Fibre Crops,Cotton,Desi,Local,"8,100.00","8,300.00","8,200.00",Rs./Quintal,24-04-2026
Maharashtra,Nagpur,APMC Katol ,Fibre Crops,Cotton,Desi,Local,"8,100.00","8,300.00","8,200.00",Rs./Quintal,23-04-2026
Maharashtra,Nagpur,APMC Katol ,Fibre Crops,Cotton,Desi,Local,"8,100.00","8,250.00","8,150.00",Rs./Quintal,22-04-2026
Maharashtra,Nagpur,APMC Katol ,Fibre Crops,Cotton,Desi,Local,"8,110.00","8,250.00","8,150.00",Rs./Quintal,21-04-2026
Maharashtra,Nagpur,APMC Katol ,Fibre Crops,Cotton,Desi,Local,"7,000.00","8,100.00","7,900.00",Rs./Quintal,20-04-2026
Maharashtra,Nagpur,APMC Katol ,Fibre Crops,Cotton,Desi,Local,"7,000.00","8,100.00","8,000.00",Rs./Quintal,17-04-2026
Maharashtra,Nagpur,APMC Katol ,Fibre Crops,Cotton,Desi,Local,"7,100.00","8,050.00","7,950.00",Rs./Quintal,16-04-2026
Maharashtra,Nagpur,APMC Katol ,Fibre Crops,Cotton,Desi,Local,"7,200.00","8,050.00","7,800.00",Rs./Quintal,15-04-2026
Maharashtra,Nagpur,APMC Katol ,Fibre Crops,Cotton,Desi,Local,"8,100.00","8,200.00","8,150.00",Rs./Quintal,13-04-2026
Maharashtra,Nagpur,APMC Katol ,Fibre Crops,Cotton,Desi,Local,"7,000.00","8,100.00","7,900.00",Rs./Quintal,12-04-2026
Maharashtra,Nagpur,APMC Katol ,Fibre Crops,Cotton,Desi,Local,"7,100.00","8,200.00","7,900.00",Rs./Quintal,10-04-2026
Maharashtra,Nagpur,APMC Katol ,Fibre Crops,Cotton,Desi,Local,"7,100.00","8,200.00","8,150.00",Rs./Quintal,09-04-2026
Maharashtra,Nagpur,APMC Katol ,Fibre Crops,Cotton,Desi,Local,"8,150.00","8,250.00","8,200.00",Rs./Quintal,08-04-2026
Maharashtra,Nagpur,APMC Katol ,Fibre Crops,Cotton,Desi,Local,"7,000.00","8,200.00","7,500.00",Rs./Quintal,07-04-2026
Maharashtra,Nagpur,APMC Katol ,Fibre Crops,Cotton,Desi,Local,"7,400.00","8,300.00","8,100.00",Rs./Quintal,06-04-2026
Maharashtra,Nagpur,APMC Katol ,Fibre Crops,Cotton,Desi,Local,"7,000.00","8,100.00","7,900.00",Rs./Quintal,03-04-2026
Maharashtra,Nagpur,APMC Katol ,Fibre Crops,Cotton,Desi,Local,"7,000.00","7,900.00","7,700.00",Rs./Quintal,31-03-2026
Maharashtra,Nagpur,APMC Katol ,Fibre Crops,Cotton,Desi,Local,"7,000.00","7,900.00","7,600.00",Rs./Quintal,30-03-2026
Maharashtra,Nagpur,APMC Katol ,Fibre Crops,Cotton,Desi,Local,"7,000.00","7,800.00","7,700.00",Rs./Quintal,29-03-2026
Maharashtra,Nagpur,APMC Katol ,Fibre Crops,Cotton,Desi,Local,"7,000.00","7,700.00","7,450.00",Rs./Quintal,27-03-2026
Maharashtra,Nagpur,APMC Katol ,Fibre Crops,Cotton,Desi,Local,"6,800.00","7,600.00","7,450.00",Rs./Quintal,25-03-2026
Maharashtra,Nagpur,APMC Katol ,Fibre Crops,Cotton,Desi,Local,"6,800.00","7,650.00","7,500.00",Rs./Quintal,24-03-2026
Maharashtra,Nagpur,APMC Katol ,Fibre Crops,Cotton,Desi,Local,"6,800.00","7,600.00","7,450.00",Rs./Quintal,23-03-2026
Maharashtra,Nagpur,APMC Katol ,Fibre Crops,Cotton,Desi,Local,"6,800.00","7,550.00","7,450.00",Rs./Quintal,20-03-2026
Maharashtra,Nagpur,APMC Katol ,Fibre Crops,Cotton,Desi,Local,"6,800.00","7,550.00","7,450.00",Rs./Quintal,18-03-2026
Maharashtra,Nagpur,APMC Katol ,Fibre Crops,Cotton,Desi,Local,"6,800.00","7,570.00","7,400.00",Rs./Quintal,17-03-2026
Maharashtra,Nagpur,APMC Katol ,Fibre Crops,Cotton,Desi,Local,"6,800.00","7,550.00","7,450.00",Rs./Quintal,16-03-2026
Maharashtra,Nagpur,APMC Katol ,Fibre Crops,Cotton,Desi,Local,"6,800.00","7,550.00","7,450.00",Rs./Quintal,13-03-2026
Maharashtra,Nagpur,APMC Katol ,Fibre Crops,Cotton,Desi,Local,"6,850.00","7,550.00","7,450.00",Rs./Quintal,12-03-2026
Maharashtra,Nagpur,APMC Katol ,Fibre Crops,Cotton,Desi,Local,"6,800.00","7,550.00","7,450.00",Rs./Quintal,11-03-2026
Maharashtra,Nagpur,APMC Katol ,Fibre Crops,Cotton,Desi,Local,"6,800.00","7,550.00","7,450.00",Rs./Quintal,10-03-2026
Maharashtra,Nagpur,APMC Katol ,Fibre Crops,Cotton,Desi,Local,"6,800.00","7,550.00","7,400.00",Rs./Quintal,09-03-2026
Maharashtra,Nagpur,APMC Katol ,Fibre Crops,Cotton,Desi,Local,"6,800.00","7,550.00","7,450.00",Rs./Quintal,08-03-2026
Maharashtra,Nagpur,APMC Katol ,Fibre Crops,Cotton,Desi,Local,"6,800.00","7,550.00","7,250.00",Rs./Quintal,06-03-2026
Maharashtra,Nagpur,APMC Katol ,Fibre Crops,Cotton,Desi,Local,"6,800.00","7,550.00","7,450.00",Rs./Quintal,05-03-2026
Maharashtra,Nagpur,APMC Katol ,Fibre Crops,Cotton,Desi,Local,"7,000.00","7,500.00","7,400.00",Rs./Quintal,04-03-2026
Maharashtra,Nagpur,APMC Katol ,Fibre Crops,Cotton,Desi,Local,"6,800.00","7,550.00","7,350.00",Rs./Quintal,01-03-2026
Maharashtra,Nagpur,APMC Katol ,Fibre Crops,Cotton,Desi,Local,"6,800.00","7,500.00","7,450.00",Rs./Quintal,27-02-2026
Maharashtra,Nagpur,APMC Katol ,Fibre Crops,Cotton,Desi,Local,"6,850.00","7,600.00","7,500.00",Rs./Quintal,26-02-2026
Maharashtra,Nagpur,APMC Katol ,Fibre Crops,Cotton,Desi,Local,"6,800.00","7,600.00","7,450.00",Rs./Quintal,25-02-2026
Maharashtra,Nagpur,APMC Katol ,Fibre Crops,Cotton,Desi,Local,"6,800.00","7,550.00","7,450.00",Rs./Quintal,24-02-2026
Maharashtra,Nagpur,APMC Katol ,Fibre Crops,Cotton,Desi,Local,"6,800.00","7,500.00","7,400.00",Rs./Quintal,23-02-2026
Maharashtra,Nagpur,APMC Katol ,Fibre Crops,Cotton,Desi,Local,"6,800.00","7,500.00","7,400.00",Rs./Quintal,22-02-2026
Maharashtra,Nagpur,APMC Katol ,Fibre Crops,Cotton,Desi,Local,"6,800.00","7,500.00","7,400.00",Rs./Quintal,20-02-2026
Maharashtra,Nagpur,APMC Katol ,Fibre Crops,Cotton,Desi,Local,"6,800.00","7,500.00","7,350.00",Rs./Quintal,18-02-2026
Maharashtra,Nagpur,APMC Katol ,Fibre Crops,Cotton,Desi,Local,"6,800.00","7,500.00","7,450.00",Rs./Quintal,17-02-2026
Maharashtra,Nagpur,APMC Katol ,Fibre Crops,Cotton,Desi,Local,"7,200.00","7,500.00","7,400.00",Rs./Quintal,13-02-2026
Maharashtra,Nagpur,APMC Katol ,Fibre Crops,Cotton,Desi,Local,"7,200.00","7,550.00","7,450.00",Rs./Quintal,12-02-2026
Maharashtra,Nagpur,APMC Katol ,Fibre Crops,Cotton,Desi,Local,"7,000.00","7,550.00","7,450.00",Rs./Quintal,11-02-2026
Maharashtra,Nagpur,APMC Katol ,Fibre Crops,Cotton,Desi,Local,"7,000.00","7,650.00","7,550.00",Rs./Quintal,10-02-2026
Maharashtra,Nagpur,APMC Katol ,Fibre Crops,Cotton,Desi,Local,"7,400.00","7,700.00","7,600.00",Rs./Quintal,09-02-2026
Maharashtra,Nagpur,APMC Katol ,Fibre Crops,Cotton,Desi,Local,"7,300.00","7,800.00","7,750.00",Rs./Quintal,06-02-2026
Maharashtra,Nagpur,APMC Katol ,Fibre Crops,Cotton,Desi,Local,"7,300.00","7,850.00","7,650.00",Rs./Quintal,05-02-2026
Maharashtra,Nagpur,APMC Katol ,Fibre Crops,Cotton,Desi,Local,"7,300.00","7,900.00","7,850.00",Rs./Quintal,04-02-2026
Maharashtra,Nagpur,APMC Katol ,Fibre Crops,Cotton,Desi,Local,"7,500.00","8,000.00","7,800.00",Rs./Quintal,03-02-2026
Maharashtra,Nagpur,APMC Katol ,Fibre Crops,Cotton,Desi,Local,"7,500.00","8,100.00","7,900.00",Rs./Quintal,02-02-2026
Maharashtra,Nagpur,APMC Katol ,Fibre Crops,Cotton,Desi,Local,"7,500.00","8,100.00","7,900.00",Rs./Quintal,01-02-2026
Maharashtra,Nagpur,APMC Katol ,Fibre Crops,Cotton,Desi,Local,"7,500.00","8,000.00","7,950.00",Rs./Quintal,30-01-2026
Maharashtra,Nagpur,APMC Katol ,Fibre Crops,Cotton,Desi,Local,"7,500.00","8,000.00","7,900.00",Rs./Quintal,27-01-2026
Maharashtra,Nagpur,APMC Katol ,Fibre Crops,Cotton,Desi,Local,"7,500.00","8,050.00","7,900.00",Rs./Quintal,22-01-2026
Maharashtra,Nagpur,APMC Katol ,Fibre Crops,Cotton,Desi,Local,"7,500.00","8,000.00","7,850.00",Rs./Quintal,21-01-2026
Maharashtra,Nagpur,APMC Katol ,Fibre Crops,Cotton,Desi,Local,"7,400.00","8,000.00","7,900.00",Rs./Quintal,20-01-2026
Maharashtra,Nagpur,APMC Katol ,Fibre Crops,Cotton,Desi,Local,"7,500.00","8,100.00","7,900.00",Rs./Quintal,19-01-2026
Maharashtra,Nagpur,APMC Katol ,Fibre Crops,Cotton,Desi,Local,"7,500.00","8,100.00","7,900.00",Rs./Quintal,18-01-2026
Maharashtra,Nagpur,APMC Katol ,Fibre Crops,Cotton,Desi,Local,"7,500.00","8,000.00","7,850.00",Rs./Quintal,16-01-2026
Maharashtra,Nagpur,APMC Katol ,Fibre Crops,Cotton,Desi,Local,"7,400.00","7,950.00","7,500.00",Rs./Quintal,15-01-2026
Maharashtra,Nagpur,APMC Katol ,Fibre Crops,Cotton,Desi,Local,"7,100.00","8,000.00","7,750.00",Rs./Quintal,14-01-2026
Maharashtra,Nagpur,APMC Katol ,Fibre Crops,Cotton,Desi,Local,"7,300.00","7,900.00","7,600.00",Rs./Quintal,13-01-2026
Maharashtra,Nagpur,APMC Katol ,Fibre Crops,Cotton,Desi,Local,"7,100.00","7,900.00","7,700.00",Rs./Quintal,12-01-2026
Maharashtra,Nagpur,APMC Katol ,Fibre Crops,Cotton,Desi,Local,"7,200.00","7,750.00","7,500.00",Rs./Quintal,11-01-2026
Maharashtra,Nagpur,APMC Katol ,Fibre Crops,Cotton,Desi,Local,"7,100.00","7,700.00","7,550.00",Rs./Quintal,09-01-2026
Maharashtra,Nagpur,APMC Katol ,Fibre Crops,Cotton,Desi,Local,"7,200.00","7,650.00","7,450.00",Rs./Quintal,08-01-2026
Maharashtra,Nagpur,APMC Katol ,Fibre Crops,Cotton,Desi,Local,"7,100.00","7,750.00","7,500.00",Rs./Quintal,07-01-2026
Maharashtra,Nagpur,APMC Katol ,Fibre Crops,Cotton,Desi,Local,"7,100.00","7,600.00","7,450.00",Rs./Quintal,06-01-2026
Maharashtra,Nagpur,APMC Katol ,Fibre Crops,Cotton,Desi,Local,"7,100.00","7,600.00","7,450.00",Rs./Quintal,05-01-2026
Maharashtra,Nagpur,APMC Katol ,Fibre Crops,Cotton,Desi,Local,"7,100.00","7,500.00","7,500.00",Rs./Quintal,04-01-2026
Maharashtra,Nagpur,APMC Katol ,Fibre Crops,Cotton,Desi,Local,"7,100.00","7,500.00","7,400.00",Rs./Quintal,02-01-2026
Maharashtra,Nagpur,APMC Katol ,Fibre Crops,Cotton,Desi,Local,"7,100.00","7,500.00","7,400.00",Rs./Quintal,01-01-2026
Maharashtra,Nagpur,APMC Mandhal ,Fibre Crops,Cotton,Desi,Local,"6,750.00","8,500.00","7,500.00",Rs./Quintal,06-05-2026
Maharashtra,Nagpur,APMC Mandhal ,Fibre Crops,Cotton,Desi,Local,"6,750.00","8,350.00","7,500.00",Rs./Quintal,02-05-2026
Maharashtra,Nagpur,APMC Mandhal ,Fibre Crops,Cotton,Desi,Local,"7,450.00","8,250.00","7,850.00",Rs./Quintal,25-04-2026
Maharashtra,Nagpur,APMC Mandhal ,Fibre Crops,Cotton,Desi,Local,"6,800.00","8,400.00","7,350.00",Rs./Quintal,22-04-2026
Maharashtra,Nagpur,APMC Mandhal ,Fibre Crops,Cotton,Desi,Local,"7,000.00","8,350.00","7,500.00",Rs./Quintal,21-04-2026
Maharashtra,Nagpur,APMC Mandhal ,Fibre Crops,Cotton,Desi,Local,"6,700.00","8,300.00","7,350.00",Rs./Quintal,20-04-2026
Maharashtra,Nagpur,APMC Mandhal ,Fibre Crops,Cotton,Desi,Local,"6,800.00","8,250.00","7,350.00",Rs./Quintal,19-04-2026
Maharashtra,Nagpur,APMC Mandhal ,Fibre Crops,Cotton,Desi,Local,"6,700.00","8,250.00","7,350.00",Rs./Quintal,18-04-2026
Maharashtra,Nagpur,APMC Mandhal ,Fibre Crops,Cotton,Desi,Local,"6,700.00","8,250.00","7,300.00",Rs./Quintal,17-04-2026
Maharashtra,Nagpur,APMC Mandhal ,Fibre Crops,Cotton,Desi,Local,"6,700.00","8,200.00","7,350.00",Rs./Quintal,16-04-2026
Maharashtra,Nagpur,APMC Mandhal ,Fibre Crops,Cotton,Desi,Local,"6,850.00","8,130.00","7,350.00",Rs./Quintal,15-04-2026
Maharashtra,Nagpur,APMC Mandhal ,Fibre Crops,Cotton,Desi,Local,"7,000.00","8,100.00","7,500.00",Rs./Quintal,13-04-2026
Maharashtra,Nagpur,APMC Mandhal ,Fibre Crops,Cotton,Desi,Local,"7,200.00","8,100.00","7,550.00",Rs./Quintal,12-04-2026
Maharashtra,Nagpur,APMC Mandhal ,Fibre Crops,Cotton,Desi,Local,"7,000.00","8,250.00","7,350.00",Rs./Quintal,11-04-2026
Maharashtra,Nagpur,APMC Mandhal ,Fibre Crops,Cotton,Desi,Local,"6,700.00","8,200.00","7,350.00",Rs./Quintal,10-04-2026
Maharashtra,Nagpur,APMC Mandhal ,Fibre Crops,Cotton,Desi,Local,"6,800.00","8,250.00","7,350.00",Rs./Quintal,08-04-2026
Maharashtra,Nagpur,APMC Mandhal ,Fibre Crops,Cotton,Desi,Local,"6,850.00","8,100.00","7,250.00",Rs./Quintal,05-04-2026
Maharashtra,Nagpur,APMC Mandhal ,Fibre Crops,Cotton,Desi,Local,"6,850.00","8,100.00","7,350.00",Rs./Quintal,04-04-2026
Maharashtra,Nagpur,APMC Mandhal ,Fibre Crops,Cotton,Desi,Local,"6,750.00","8,000.00","7,200.00",Rs./Quintal,03-04-2026
Maharashtra,Nagpur,APMC Mandhal ,Fibre Crops,Cotton,Desi,Local,"6,500.00","8,000.00","7,350.00",Rs./Quintal,02-04-2026
Maharashtra,Nagpur,APMC Mandhal ,Fibre Crops,Cotton,Desi,Local,"6,750.00","7,850.00","7,300.00",Rs./Quintal,01-04-2026
Maharashtra,Nagpur,APMC Mandhal ,Fibre Crops,Cotton,Desi,Local,"6,600.00","7,700.00","7,100.00",Rs./Quintal,28-03-2026
Maharashtra,Nagpur,APMC Mandhal ,Fibre Crops,Cotton,Desi,Local,"6,500.00","7,700.00","7,000.00",Rs./Quintal,27-03-2026
Maharashtra,Nagpur,APMC Mandhal ,Fibre Crops,Cotton,Desi,Local,"6,600.00","7,500.00","7,000.00",Rs./Quintal,21-03-2026
Maharashtra,Nagpur,APMC Mandhal ,Fibre Crops,Cotton,Desi,Local,"7,000.00","7,550.00","7,250.00",Rs./Quintal,15-03-2026
Maharashtra,Nagpur,APMC Mandhal ,Fibre Crops,Cotton,Desi,Local,"7,000.00","7,550.00","7,250.00",Rs./Quintal,14-03-2026
Maharashtra,Nagpur,APMC Mandhal ,Fibre Crops,Cotton,Desi,Local,"7,000.00","7,550.00","7,250.00",Rs./Quintal,13-03-2026
Maharashtra,Nagpur,APMC Mandhal ,Fibre Crops,Cotton,Desi,Local,"7,000.00","7,550.00","7,300.00",Rs./Quintal,12-03-2026
Maharashtra,Nagpur,APMC Mandhal ,Fibre Crops,Cotton,Desi,Local,"7,000.00","7,600.00","7,350.00",Rs./Quintal,11-03-2026
Maharashtra,Nagpur,APMC Mandhal ,Fibre Crops,Cotton,Desi,Local,"7,300.00","7,600.00","7,450.00",Rs./Quintal,09-03-2026
Maharashtra,Nagpur,APMC Mandhal ,Fibre Crops,Cotton,Desi,Local,"7,300.00","7,650.00","7,450.00",Rs./Quintal,07-03-2026
Maharashtra,Nagpur,APMC Mandhal ,Fibre Crops,Cotton,Desi,Local,"7,250.00","7,650.00","7,350.00",Rs./Quintal,06-03-2026
Maharashtra,Nagpur,APMC Mandhal ,Fibre Crops,Cotton,Desi,Local,"7,150.00","7,550.00","7,300.00",Rs./Quintal,04-03-2026
Maharashtra,Nagpur,APMC Mandhal ,Fibre Crops,Cotton,Desi,Local,"7,350.00","7,650.00","7,490.00",Rs./Quintal,01-03-2026
Maharashtra,Nagpur,APMC Mandhal ,Fibre Crops,Cotton,Desi,Local,"7,200.00","7,650.00","7,450.00",Rs./Quintal,28-02-2026
Maharashtra,Nagpur,APMC Mandhal ,Fibre Crops,Cotton,Desi,Local,"7,350.00","7,650.00","7,490.00",Rs./Quintal,25-02-2026
Maharashtra,Nagpur,APMC Mandhal ,Fibre Crops,Cotton,Desi,Local,"7,350.00","7,650.00","7,500.00",Rs./Quintal,24-02-2026
Maharashtra,Nagpur,APMC Mandhal ,Fibre Crops,Cotton,Desi,Local,"7,300.00","7,650.00","7,500.00",Rs./Quintal,23-02-2026
Maharashtra,Nagpur,APMC Mandhal ,Fibre Crops,Cotton,Desi,Local,"7,350.00","7,700.00","7,450.00",Rs./Quintal,21-02-2026
Maharashtra,Nagpur,APMC Mandhal ,Fibre Crops,Cotton,Desi,Local,"7,300.00","7,500.00","7,430.00",Rs./Quintal,17-02-2026
Maharashtra,Nagpur,APMC Mandhal ,Fibre Crops,Cotton,Desi,Local,"7,300.00","7,550.00","7,475.00",Rs./Quintal,14-02-2026
Maharashtra,Nagpur,APMC Mandhal ,Fibre Crops,Cotton,Desi,Local,"7,450.00","7,550.00","7,490.00",Rs./Quintal,13-02-2026
Maharashtra,Nagpur,APMC Mandhal ,Fibre Crops,Cotton,Desi,Local,"7,690.00","7,750.00","7,720.00",Rs./Quintal,08-02-2026
Maharashtra,Nagpur,APMC Mandhal ,Fibre Crops,Cotton,Desi,Local,"6,700.00","7,850.00","7,800.00",Rs./Quintal,07-02-2026
Maharashtra,Nagpur,APMC Mandhal ,Fibre Crops,Cotton,Desi,Local,"7,710.00","7,800.00","7,750.00",Rs./Quintal,06-02-2026
Maharashtra,Nagpur,APMC Mandhal ,Fibre Crops,Cotton,Desi,Local,"7,750.00","7,850.00","7,800.00",Rs./Quintal,04-02-2026
Maharashtra,Nagpur,APMC Mandhal ,Fibre Crops,Cotton,Desi,Local,"7,700.00","7,800.00","7,750.00",Rs./Quintal,03-02-2026
Maharashtra,Nagpur,APMC Mandhal ,Fibre Crops,Cotton,Desi,Local,"7,850.00","7,900.00","7,870.00",Rs./Quintal,01-02-2026
Maharashtra,Nagpur,APMC Mandhal ,Fibre Crops,Cotton,Desi,Local,"6,850.00","7,960.00","7,900.00",Rs./Quintal,31-01-2026
Maharashtra,Nagpur,APMC Mandhal ,Fibre Crops,Cotton,Desi,Local,"7,850.00","8,000.00","7,900.00",Rs./Quintal,30-01-2026
Maharashtra,Nagpur,APMC Mandhal ,Fibre Crops,Cotton,Desi,Local,"7,950.00","8,000.00","7,970.00",Rs./Quintal,29-01-2026
Maharashtra,Nagpur,APMC Mandhal ,Fibre Crops,Cotton,Desi,Local,"7,850.00","8,100.00","8,000.00",Rs./Quintal,28-01-2026
Maharashtra,Nagpur,APMC Mandhal ,Fibre Crops,Cotton,Desi,Local,"7,850.00","7,900.00","7,850.00",Rs./Quintal,24-01-2026
Maharashtra,Nagpur,APMC Mandhal ,Fibre Crops,Cotton,Desi,Local,"7,850.00","7,900.00","7,850.00",Rs./Quintal,23-01-2026
Maharashtra,Nagpur,APMC Mandhal ,Fibre Crops,Cotton,Desi,Local,"7,900.00","7,950.00","7,900.00",Rs./Quintal,22-01-2026
Maharashtra,Nagpur,APMC Mandhal ,Fibre Crops,Cotton,Desi,Local,"7,900.00","7,960.00","7,930.00",Rs./Quintal,21-01-2026
Maharashtra,Nagpur,APMC Mandhal ,Fibre Crops,Cotton,Desi,Local,"7,850.00","7,900.00","7,865.00",Rs./Quintal,20-01-2026
Maharashtra,Nagpur,APMC Mandhal ,Fibre Crops,Cotton,Desi,Local,"7,550.00","8,100.00","7,900.00",Rs./Quintal,17-01-2026
Maharashtra,Nagpur,APMC Mandhal ,Fibre Crops,Cotton,Desi,Local,"7,900.00","8,250.00","8,000.00",Rs./Quintal,14-01-2026
Maharashtra,Nagpur,APMC Mandhal ,Fibre Crops,Cotton,Desi,Local,"7,450.00","7,980.00","7,650.00",Rs./Quintal,10-01-2026
Maharashtra,Nagpur,APMC Mandhal ,Fibre Crops,Cotton,Desi,Local,"7,000.00","7,350.00","7,200.00",Rs./Quintal,03-01-2026
Maharashtra,Nagpur,APMC Mauda,Fibre Crops,Cotton,Other,Local,"7,000.00","7,800.00","7,500.00",Rs./Quintal,09-04-2026
Maharashtra,Nagpur,APMC Mauda,Fibre Crops,Cotton,Other,Local,"6,800.00","7,400.00","7,100.00",Rs./Quintal,20-03-2026
Maharashtra,Nagpur,APMC Mauda,Fibre Crops,Cotton,Other,Local,"7,000.00","7,400.00","7,200.00",Rs./Quintal,09-03-2026
Maharashtra,Nagpur,APMC Mauda,Fibre Crops,Cotton,Other,Local,"7,200.00","7,400.00","7,300.00",Rs./Quintal,23-02-2026
Maharashtra,Nagpur,APMC Mauda,Fibre Crops,Cotton,Other,Local,"7,250.00","7,450.00","7,350.00",Rs./Quintal,19-02-2026
Maharashtra,Nagpur,APMC Mauda,Fibre Crops,Cotton,Other,Local,"7,255.00","7,455.00","7,355.00",Rs./Quintal,12-02-2026
Maharashtra,Nagpur,APMC Mauda,Fibre Crops,Cotton,Other,Local,"7,850.00","8,010.00","7,930.00",Rs./Quintal,29-01-2026
Maharashtra,Nagpur,APMC Mauda,Fibre Crops,Cotton,Other,Local,"7,750.00","7,950.00","7,850.00",Rs./Quintal,22-01-2026
Maharashtra,Nagpur,APMC Mauda,Fibre Crops,Cotton,Other,Local,"7,750.00","7,950.00","7,850.00",Rs./Quintal,15-01-2026
Maharashtra,Nagpur,APMC Mauda,Fibre Crops,Cotton,Other,Local,"7,760.00","7,960.00","7,860.00",Rs./Quintal,12-01-2026
Maharashtra,Nagpur,APMC Mauda,Fibre Crops,Cotton,Other,Local,"7,560.00","7,760.00","7,660.00",Rs./Quintal,08-01-2026
Maharashtra,Nagpur,APMC Narkhed ,Fibre Crops,Cotton,Other,Local,"8,000.00","8,200.00","8,150.00",Rs./Quintal,24-04-2026
Maharashtra,Nagpur,APMC Narkhed ,Fibre Crops,Cotton,Other,Local,"8,000.00","8,320.00","8,050.00",Rs./Quintal,23-04-2026
Maharashtra,Nagpur,APMC Narkhed ,Fibre Crops,Cotton,Other,Local,"7,500.00","8,050.00","7,600.00",Rs./Quintal,21-04-2026
Maharashtra,Nagpur,APMC Narkhed ,Fibre Crops,Cotton,Other,Local,"7,500.00","8,050.00","7,850.00",Rs./Quintal,20-04-2026
Maharashtra,Nagpur,APMC Narkhed ,Fibre Crops,Cotton,Other,Local,"7,500.00","8,050.00","7,800.00",Rs./Quintal,13-04-2026
Maharashtra,Nagpur,APMC Narkhed ,Fibre Crops,Cotton,Other,Local,"7,500.00","7,950.00","7,600.00",Rs./Quintal,10-04-2026
Maharashtra,Nagpur,APMC Narkhed ,Fibre Crops,Cotton,Other,Local,"7,400.00","7,900.00","7,600.00",Rs./Quintal,09-04-2026
Maharashtra,Nagpur,APMC Narkhed ,Fibre Crops,Cotton,Other,Local,"7,500.00","7,950.00","7,600.00",Rs./Quintal,06-04-2026
Maharashtra,Nagpur,APMC Narkhed ,Fibre Crops,Cotton,Other,Local,"7,600.00","8,000.00","7,700.00",Rs./Quintal,04-04-2026
Maharashtra,Nagpur,APMC Narkhed ,Fibre Crops,Cotton,Other,Local,"7,500.00","8,000.00","7,900.00",Rs./Quintal,31-03-2026
Maharashtra,Nagpur,APMC Narkhed ,Fibre Crops,Cotton,Other,Local,"7,410.00","7,650.00","7,500.00",Rs./Quintal,30-03-2026
Maharashtra,Nagpur,APMC Narkhed ,Fibre Crops,Cotton,Other,Local,"7,410.00","7,650.00","7,500.00",Rs./Quintal,23-03-2026
Maharashtra,Nagpur,APMC Narkhed ,Fibre Crops,Cotton,Other,Local,"7,300.00","7,650.00","7,500.00",Rs./Quintal,21-03-2026
Maharashtra,Nagpur,APMC Narkhed ,Fibre Crops,Cotton,Other,Local,"7,000.00","7,350.00","7,200.00",Rs./Quintal,20-03-2026
Maharashtra,Nagpur,APMC Narkhed ,Fibre Crops,Cotton,Other,Local,"7,000.00","7,350.00","7,200.00",Rs./Quintal,19-03-2026
Maharashtra,Nagpur,APMC Narkhed ,Fibre Crops,Cotton,Other,Local,"7,000.00","7,350.00","7,200.00",Rs./Quintal,18-03-2026
Maharashtra,Nagpur,APMC Narkhed ,Fibre Crops,Cotton,Other,Local,"7,000.00","7,500.00","7,200.00",Rs./Quintal,17-03-2026
Maharashtra,Nagpur,APMC Narkhed ,Fibre Crops,Cotton,Other,Local,"7,800.00","7,950.00","7,900.00",Rs./Quintal,10-03-2026
Maharashtra,Nagpur,APMC Parshiwani ,Fibre Crops,Cotton,H-4(A) 27mm FIne,FAQ,"8,100.00","8,550.00","8,350.00",Rs./Quintal,08-06-2026
Maharashtra,Nagpur,APMC Parshiwani ,Fibre Crops,Cotton,H-4(A) 27mm FIne,FAQ,"8,150.00","8,550.00","8,425.00",Rs./Quintal,04-06-2026
Maharashtra,Nagpur,APMC Parshiwani ,Fibre Crops,Cotton,H-4(A) 27mm FIne,FAQ,"8,100.00","8,700.00","8,540.00",Rs./Quintal,03-06-2026
Maharashtra,Nagpur,APMC Parshiwani ,Fibre Crops,Cotton,H-4(A) 27mm FIne,FAQ,"8,400.00","8,800.00","8,650.00",Rs./Quintal,02-06-2026
Maharashtra,Nagpur,APMC Parshiwani ,Fibre Crops,Cotton,H-4(A) 27mm FIne,FAQ,"8,350.00","8,850.00","8,750.00",Rs./Quintal,23-05-2026
Maharashtra,Nagpur,APMC Parshiwani ,Fibre Crops,Cotton,H-4(A) 27mm FIne,FAQ,"8,000.00","9,000.00","8,500.00",Rs./Quintal,22-05-2026
Maharashtra,Nagpur,APMC Parshiwani ,Fibre Crops,Cotton,H-4(A) 27mm FIne,FAQ,"8,400.00","8,750.00","8,500.00",Rs./Quintal,21-05-2026
Maharashtra,Nagpur,APMC Parshiwani ,Fibre Crops,Cotton,H-4(A) 27mm FIne,FAQ,"8,200.00","8,800.00","8,500.00",Rs./Quintal,20-05-2026
Maharashtra,Nagpur,APMC Parshiwani ,Fibre Crops,Cotton,H-4(A) 27mm FIne,FAQ,"7,800.00","8,800.00","8,500.00",Rs./Quintal,18-05-2026
Maharashtra,Nagpur,APMC Parshiwani ,Fibre Crops,Cotton,H-4(A) 27mm FIne,FAQ,"7,800.00","8,400.00","8,200.00",Rs./Quintal,16-05-2026
Maharashtra,Nagpur,APMC Parshiwani ,Fibre Crops,Cotton,H-4(A) 27mm FIne,FAQ,"7,800.00","8,350.00","8,200.00",Rs./Quintal,15-05-2026
Maharashtra,Nagpur,APMC Parshiwani ,Fibre Crops,Cotton,H-4(A) 27mm FIne,FAQ,"7,800.00","8,325.00","8,150.00",Rs./Quintal,13-05-2026
Maharashtra,Nagpur,APMC Parshiwani ,Fibre Crops,Cotton,H-4(A) 27mm FIne,FAQ,"7,750.00","8,325.00","8,175.00",Rs./Quintal,12-05-2026
Maharashtra,Nagpur,APMC Parshiwani ,Fibre Crops,Cotton,H-4(A) 27mm FIne,FAQ,"7,750.00","8,300.00","8,150.00",Rs./Quintal,11-05-2026
Maharashtra,Nagpur,APMC Parshiwani ,Fibre Crops,Cotton,H-4(A) 27mm FIne,FAQ,"7,725.00","8,300.00","8,150.00",Rs./Quintal,08-05-2026
Maharashtra,Nagpur,APMC Parshiwani ,Fibre Crops,Cotton,H-4(A) 27mm FIne,FAQ,"7,725.00","8,300.00","8,050.00",Rs./Quintal,07-05-2026
Maharashtra,Nagpur,APMC Parshiwani ,Fibre Crops,Cotton,H-4(A) 27mm FIne,FAQ,"7,850.00","8,250.00","8,100.00",Rs./Quintal,06-05-2026
Maharashtra,Nagpur,APMC Parshiwani ,Fibre Crops,Cotton,H-4(A) 27mm FIne,FAQ,"7,750.00","8,250.00","8,050.00",Rs./Quintal,05-05-2026
Maharashtra,Nagpur,APMC Parshiwani ,Fibre Crops,Cotton,H-4(A) 27mm FIne,FAQ,"7,750.00","8,250.00","8,050.00",Rs./Quintal,04-05-2026
Maharashtra,Nagpur,APMC Parshiwani ,Fibre Crops,Cotton,H-4(A) 27mm FIne,FAQ,"7,750.00","8,250.00","8,050.00",Rs./Quintal,02-05-2026
Maharashtra,Nagpur,APMC Parshiwani ,Fibre Crops,Cotton,H-4(A) 27mm FIne,FAQ,"7,750.00","8,200.00","7,925.00",Rs./Quintal,29-04-2026
Maharashtra,Nagpur,APMC Parshiwani ,Fibre Crops,Cotton,H-4(A) 27mm FIne,FAQ,"7,750.00","8,200.00","7,950.00",Rs./Quintal,28-04-2026
Maharashtra,Nagpur,APMC Parshiwani ,Fibre Crops,Cotton,H-4(A) 27mm FIne,FAQ,"7,725.00","8,200.00","7,950.00",Rs./Quintal,27-04-2026
Maharashtra,Nagpur,APMC Parshiwani ,Fibre Crops,Cotton,Other,Non-FAQ,"7,550.00","8,100.00","7,875.00",Rs./Quintal,25-04-2026
Maharashtra,Nagpur,APMC Parshiwani ,Fibre Crops,Cotton,Other,Non-FAQ,"7,600.00","8,100.00","7,850.00",Rs./Quintal,24-04-2026
Maharashtra,Nagpur,APMC Parshiwani ,Fibre Crops,Cotton,Other,Non-FAQ,"7,450.00","8,050.00","7,950.00",Rs./Quintal,22-04-2026
Maharashtra,Nagpur,APMC Parshiwani ,Fibre Crops,Cotton,Other,Non-FAQ,"7,750.00","8,050.00","7,900.00",Rs./Quintal,21-04-2026
Maharashtra,Nagpur,APMC Parshiwani ,Fibre Crops,Cotton,Other,Non-FAQ,"7,600.00","8,050.00","7,900.00",Rs./Quintal,20-04-2026
Maharashtra,Nagpur,APMC Parshiwani ,Fibre Crops,Cotton,Other,Non-FAQ,"7,550.00","8,050.00","7,875.00",Rs./Quintal,18-04-2026
Maharashtra,Nagpur,APMC Parshiwani ,Fibre Crops,Cotton,Other,Non-FAQ,"7,400.00","8,100.00","7,850.00",Rs./Quintal,17-04-2026
Maharashtra,Nagpur,APMC Parshiwani ,Fibre Crops,Cotton,Other,Non-FAQ,"7,400.00","8,050.00","7,850.00",Rs./Quintal,16-04-2026
Maharashtra,Nagpur,APMC Parshiwani ,Fibre Crops,Cotton,Other,Non-FAQ,"7,450.00","8,050.00","7,800.00",Rs./Quintal,15-04-2026
Maharashtra,Nagpur,APMC Parshiwani ,Fibre Crops,Cotton,Other,Non-FAQ,"7,350.00","7,950.00","7,750.00",Rs./Quintal,13-04-2026
Maharashtra,Nagpur,APMC Parshiwani ,Fibre Crops,Cotton,Other,Non-FAQ,"7,400.00","8,050.00","7,800.00",Rs./Quintal,10-04-2026
Maharashtra,Nagpur,APMC Parshiwani ,Fibre Crops,Cotton,Other,Non-FAQ,"7,400.00","8,000.00","7,800.00",Rs./Quintal,09-04-2026
Maharashtra,Nagpur,APMC Parshiwani ,Fibre Crops,Cotton,Other,Non-FAQ,"7,500.00","8,100.00","7,825.00",Rs./Quintal,07-04-2026
Maharashtra,Nagpur,APMC Parshiwani ,Fibre Crops,Cotton,Other,Non-FAQ,"7,600.00","8,050.00","7,850.00",Rs./Quintal,06-04-2026
Maharashtra,Nagpur,APMC Parshiwani ,Fibre Crops,Cotton,Other,Non-FAQ,"7,200.00","7,650.00","7,530.00",Rs./Quintal,24-03-2026
Maharashtra,Nagpur,APMC Parshiwani ,Fibre Crops,Cotton,Other,Non-FAQ,"7,350.00","7,650.00","7,500.00",Rs./Quintal,23-03-2026
Maharashtra,Nagpur,APMC Parshiwani ,Fibre Crops,Cotton,Other,Non-FAQ,"7,425.00","7,625.00","7,530.00",Rs./Quintal,20-03-2026
Maharashtra,Nagpur,APMC Parshiwani ,Fibre Crops,Cotton,Other,Non-FAQ,"7,300.00","7,625.00","7,550.00",Rs./Quintal,19-03-2026
Maharashtra,Nagpur,APMC Parshiwani ,Fibre Crops,Cotton,Other,Non-FAQ,"7,300.00","7,600.00","7,525.00",Rs./Quintal,16-03-2026
Maharashtra,Nagpur,APMC Parshiwani ,Fibre Crops,Cotton,Other,Non-FAQ,"7,100.00","7,500.00","7,400.00",Rs./Quintal,09-03-2026
Maharashtra,Nagpur,APMC Parshiwani ,Fibre Crops,Cotton,Other,Non-FAQ,"7,300.00","7,550.00","7,480.00",Rs./Quintal,07-03-2026
Maharashtra,Nagpur,APMC Parshiwani ,Fibre Crops,Cotton,Other,Non-FAQ,"7,350.00","7,550.00","7,500.00",Rs./Quintal,06-03-2026
Maharashtra,Nagpur,APMC Parshiwani ,Fibre Crops,Cotton,Other,Non-FAQ,"7,200.00","7,500.00","7,400.00",Rs./Quintal,05-03-2026
Maharashtra,Nagpur,APMC Parshiwani ,Fibre Crops,Cotton,H-4(A) 27mm FIne,Non-FAQ,"7,400.00","7,500.00","7,450.00",Rs./Quintal,02-03-2026
Maharashtra,Nagpur,APMC Parshiwani ,Fibre Crops,Cotton,Other,Non-FAQ,"7,400.00","7,625.00","7,550.00",Rs./Quintal,25-02-2026
Maharashtra,Nagpur,APMC Parshiwani ,Fibre Crops,Cotton,Other,Non-FAQ,"7,350.00","7,600.00","7,525.00",Rs./Quintal,24-02-2026
Maharashtra,Nagpur,APMC Parshiwani ,Fibre Crops,Cotton,Other,Non-FAQ,"7,400.00","7,625.00","7,550.00",Rs./Quintal,23-02-2026
Maharashtra,Nagpur,APMC Parshiwani ,Fibre Crops,Cotton,H-4(A) 27mm FIne,Non-FAQ,"7,350.00","7,500.00","7,450.00",Rs./Quintal,12-02-2026
Maharashtra,Nagpur,APMC Parshiwani ,Fibre Crops,Cotton,H-4(A) 27mm FIne,Non-FAQ,"7,450.00","7,600.00","7,525.00",Rs./Quintal,11-02-2026
Maharashtra,Nagpur,APMC Parshiwani ,Fibre Crops,Cotton,H-4(A) 27mm FIne,Non-FAQ,"7,500.00","7,600.00","7,550.00",Rs./Quintal,10-02-2026
Maharashtra,Nagpur,APMC Parshiwani ,Fibre Crops,Cotton,H-4(A) 27mm FIne,Non-FAQ,"7,550.00","7,700.00","7,650.00",Rs./Quintal,09-02-2026
Maharashtra,Nagpur,APMC Parshiwani ,Fibre Crops,Cotton,Other,Non-FAQ,"7,600.00","7,750.00","7,700.00",Rs./Quintal,07-02-2026
Maharashtra,Nagpur,APMC Parshiwani ,Fibre Crops,Cotton,Other,Non-FAQ,"7,650.00","7,750.00","7,700.00",Rs./Quintal,06-02-2026
Maharashtra,Nagpur,APMC Parshiwani ,Fibre Crops,Cotton,H-4(A) 27mm FIne,FAQ,"7,750.00","7,900.00","7,825.00",Rs./Quintal,04-02-2026
Maharashtra,Nagpur,APMC Parshiwani ,Fibre Crops,Cotton,H-4(A) 27mm FIne,FAQ,"7,750.00","7,950.00","7,900.00",Rs./Quintal,03-02-2026
Maharashtra,Nagpur,APMC Parshiwani ,Fibre Crops,Cotton,H-4(A) 27mm FIne,FAQ,"7,800.00","7,900.00","7,850.00",Rs./Quintal,02-02-2026
Maharashtra,Nagpur,APMC Parshiwani ,Fibre Crops,Cotton,H-4(A) 27mm FIne,FAQ,"7,800.00","8,000.00","7,925.00",Rs./Quintal,30-01-2026
Maharashtra,Nagpur,APMC Parshiwani ,Fibre Crops,Cotton,H-4(A) 27mm FIne,FAQ,"7,900.00","8,025.00","7,950.00",Rs./Quintal,29-01-2026
Maharashtra,Nagpur,APMC Parshiwani ,Fibre Crops,Cotton,H-4(A) 27mm FIne,FAQ,"7,850.00","8,000.00","7,950.00",Rs./Quintal,27-01-2026
Maharashtra,Nagpur,APMC Parshiwani ,Fibre Crops,Cotton,Other,Non-FAQ,"7,800.00","7,950.00","7,900.00",Rs./Quintal,22-01-2026
Maharashtra,Nagpur,APMC Parshiwani ,Fibre Crops,Cotton,Other,Non-FAQ,"7,800.00","7,925.00","7,875.00",Rs./Quintal,21-01-2026
Maharashtra,Nagpur,APMC Parshiwani ,Fibre Crops,Cotton,Other,Non-FAQ,"7,850.00","8,000.00","7,950.00",Rs./Quintal,20-01-2026
Maharashtra,Nagpur,APMC Parshiwani ,Fibre Crops,Cotton,Other,Non-FAQ,"7,850.00","8,000.00","7,950.00",Rs./Quintal,17-01-2026
Maharashtra,Nagpur,APMC Parshiwani ,Fibre Crops,Cotton,Other,Non-FAQ,"7,850.00","8,000.00","7,950.00",Rs./Quintal,16-01-2026
Maharashtra,Nagpur,APMC Parshiwani ,Fibre Crops,Cotton,Other,Non-FAQ,"7,750.00","7,900.00","7,850.00",Rs./Quintal,15-01-2026
Maharashtra,Nagpur,APMC Parshiwani ,Fibre Crops,Cotton,Other,Non-FAQ,"7,750.00","7,850.00","7,810.00",Rs./Quintal,14-01-2026
Maharashtra,Nagpur,APMC Parshiwani ,Fibre Crops,Cotton,Other,Non-FAQ,"7,700.00","7,800.00","7,750.00",Rs./Quintal,12-01-2026
Maharashtra,Nagpur,APMC Parshiwani ,Fibre Crops,Cotton,Other,Non-FAQ,"7,600.00","7,700.00","7,650.00",Rs./Quintal,08-01-2026
Maharashtra,Nagpur,APMC Parshiwani ,Fibre Crops,Cotton,Other,Non-FAQ,"7,600.00","7,725.00","7,675.00",Rs./Quintal,07-01-2026
Maharashtra,Nagpur,APMC Parshiwani ,Fibre Crops,Cotton,Other,Non-FAQ,"7,580.00","7,700.00","7,640.00",Rs./Quintal,06-01-2026
Maharashtra,Nagpur,APMC Parshiwani ,Fibre Crops,Cotton,Other,Non-FAQ,"7,550.00","7,650.00","7,600.00",Rs./Quintal,05-01-2026
Maharashtra,Nagpur,APMC Parshiwani ,Fibre Crops,Cotton,Other,Non-FAQ,"7,525.00","7,650.00","7,580.00",Rs./Quintal,03-01-2026
Maharashtra,Nagpur,APMC Parshiwani ,Fibre Crops,Cotton,Other,Non-FAQ,"7,550.00","7,625.00","7,600.00",Rs./Quintal,02-01-2026
Maharashtra,Nagpur,APMC Parshiwani ,Fibre Crops,Cotton,Other,Non-FAQ,"7,480.00","7,550.00","7,500.00",Rs./Quintal,01-01-2026
Maharashtra,Nagpur,APMC Savner ,Fibre Crops,Cotton,Other,Local,"8,100.00","8,100.00","8,100.00",Rs./Quintal,19-06-2026
Maharashtra,Nagpur,APMC Savner ,Fibre Crops,Cotton,Other,Local,"8,100.00","8,100.00","8,100.00",Rs./Quintal,18-06-2026
Maharashtra,Nagpur,APMC Savner ,Fibre Crops,Cotton,Other,Local,"8,100.00","8,100.00","8,100.00",Rs./Quintal,17-06-2026
Maharashtra,Nagpur,APMC Savner ,Fibre Crops,Cotton,Other,Local,"8,100.00","8,100.00","8,100.00",Rs./Quintal,16-06-2026
Maharashtra,Nagpur,APMC Savner ,Fibre Crops,Cotton,Other,Local,"8,100.00","8,100.00","8,100.00",Rs./Quintal,15-06-2026
Maharashtra,Nagpur,APMC Savner ,Fibre Crops,Cotton,Other,Local,"8,100.00","8,100.00","8,100.00",Rs./Quintal,13-06-2026
Maharashtra,Nagpur,APMC Savner ,Fibre Crops,Cotton,Other,Local,"8,100.00","8,200.00","8,150.00",Rs./Quintal,12-06-2026
Maharashtra,Nagpur,APMC Savner ,Fibre Crops,Cotton,Other,Local,"8,100.00","8,200.00","8,200.00",Rs./Quintal,11-06-2026
Maharashtra,Nagpur,APMC Savner ,Fibre Crops,Cotton,Other,Local,"8,100.00","8,200.00","8,200.00",Rs./Quintal,10-06-2026
Maharashtra,Nagpur,APMC Savner ,Fibre Crops,Cotton,Other,Local,"8,400.00","8,400.00","8,400.00",Rs./Quintal,09-06-2026
Maharashtra,Nagpur,APMC Savner ,Fibre Crops,Cotton,Other,Local,"8,400.00","8,400.00","8,400.00",Rs./Quintal,08-06-2026
Maharashtra,Nagpur,APMC Savner ,Fibre Crops,Cotton,Other,Local,"8,000.00","8,400.00","8,300.00",Rs./Quintal,06-06-2026
Maharashtra,Nagpur,APMC Savner ,Fibre Crops,Cotton,Other,Local,"8,400.00","8,600.00","8,500.00",Rs./Quintal,04-06-2026
Maharashtra,Nagpur,APMC Savner ,Fibre Crops,Cotton,Other,Local,"8,400.00","8,600.00","8,500.00",Rs./Quintal,03-06-2026
Maharashtra,Nagpur,APMC Savner ,Fibre Crops,Cotton,Other,Local,"8,400.00","8,600.00","8,500.00",Rs./Quintal,02-06-2026
Maharashtra,Nagpur,APMC Savner ,Fibre Crops,Cotton,Other,Local,"8,400.00","8,600.00","8,500.00",Rs./Quintal,30-05-2026
Maharashtra,Nagpur,APMC Savner ,Fibre Crops,Cotton,Other,Local,"7,700.00","8,600.00","8,450.00",Rs./Quintal,28-05-2026
Maharashtra,Nagpur,APMC Savner ,Fibre Crops,Cotton,Other,Local,"7,700.00","8,700.00","8,500.00",Rs./Quintal,27-05-2026
Maharashtra,Nagpur,APMC Savner ,Fibre Crops,Cotton,Other,Local,"7,700.00","8,700.00","8,500.00",Rs./Quintal,26-05-2026
Maharashtra,Nagpur,APMC Savner ,Fibre Crops,Cotton,Other,Local,"7,700.00","8,700.00","8,500.00",Rs./Quintal,23-05-2026
Maharashtra,Nagpur,APMC Savner ,Fibre Crops,Cotton,Other,Local,"7,700.00","8,700.00","8,500.00",Rs./Quintal,22-05-2026
Maharashtra,Nagpur,APMC Savner ,Fibre Crops,Cotton,Other,Local,"7,700.00","8,500.00","8,300.00",Rs./Quintal,21-05-2026
Maharashtra,Nagpur,APMC Savner ,Fibre Crops,Cotton,Other,Local,"7,700.00","8,500.00","8,300.00",Rs./Quintal,20-05-2026
Maharashtra,Nagpur,APMC Savner ,Fibre Crops,Cotton,Other,Local,"7,700.00","8,500.00","8,300.00",Rs./Quintal,19-05-2026
Maharashtra,Nagpur,APMC Savner ,Fibre Crops,Cotton,Other,Local,"7,700.00","8,500.00","8,300.00",Rs./Quintal,18-05-2026
Maharashtra,Nagpur,APMC Savner ,Fibre Crops,Cotton,Other,Local,"7,700.00","8,500.00","8,300.00",Rs./Quintal,16-05-2026
Maharashtra,Nagpur,APMC Savner ,Fibre Crops,Cotton,Other,Local,"7,700.00","8,500.00","8,300.00",Rs./Quintal,15-05-2026
Maharashtra,Nagpur,APMC Savner ,Fibre Crops,Cotton,Other,Local,"7,700.00","8,500.00","8,300.00",Rs./Quintal,14-05-2026
Maharashtra,Nagpur,APMC Savner ,Fibre Crops,Cotton,Other,Local,"7,700.00","8,500.00","8,300.00",Rs./Quintal,13-05-2026
Maharashtra,Nagpur,APMC Savner ,Fibre Crops,Cotton,Other,Local,"7,700.00","8,500.00","8,300.00",Rs./Quintal,12-05-2026
Maharashtra,Nagpur,APMC Savner ,Fibre Crops,Cotton,Other,Local,"7,700.00","8,500.00","8,300.00",Rs./Quintal,11-05-2026
Maharashtra,Nagpur,APMC Savner ,Fibre Crops,Cotton,Other,Local,"8,200.00","8,200.00","8,200.00",Rs./Quintal,09-05-2026
Maharashtra,Nagpur,APMC Savner ,Fibre Crops,Cotton,Other,Local,"8,200.00","8,200.00","8,200.00",Rs./Quintal,08-05-2026
Maharashtra,Nagpur,APMC Savner ,Fibre Crops,Cotton,Other,Local,"8,000.00","8,100.00","8,060.00",Rs./Quintal,07-05-2026
Maharashtra,Nagpur,APMC Savner ,Fibre Crops,Cotton,Other,Local,"8,000.00","8,100.00","8,060.00",Rs./Quintal,06-05-2026
Maharashtra,Nagpur,APMC Savner ,Fibre Crops,Cotton,Other,Local,"8,000.00","8,100.00","8,060.00",Rs./Quintal,05-05-2026
Maharashtra,Nagpur,APMC Savner ,Fibre Crops,Cotton,Other,Local,"8,000.00","8,100.00","8,100.00",Rs./Quintal,04-05-2026
Maharashtra,Nagpur,APMC Savner ,Fibre Crops,Cotton,Other,Local,"8,000.00","8,000.00","8,000.00",Rs./Quintal,29-04-2026
Maharashtra,Nagpur,APMC Savner ,Fibre Crops,Cotton,Other,Local,"8,000.00","8,000.00","8,000.00",Rs./Quintal,28-04-2026
Maharashtra,Nagpur,APMC Savner ,Fibre Crops,Cotton,Other,Local,"8,000.00","8,000.00","8,000.00",Rs./Quintal,27-04-2026
Maharashtra,Nagpur,APMC Savner ,Fibre Crops,Cotton,Other,Local,"8,000.00","8,000.00","8,000.00",Rs./Quintal,25-04-2026
Maharashtra,Nagpur,APMC Savner ,Fibre Crops,Cotton,Other,Local,"8,000.00","8,000.00","8,000.00",Rs./Quintal,24-04-2026
Maharashtra,Nagpur,APMC Savner ,Fibre Crops,Cotton,Other,Local,"8,000.00","8,000.00","8,000.00",Rs./Quintal,23-04-2026
Maharashtra,Nagpur,APMC Savner ,Fibre Crops,Cotton,Other,Local,"8,000.00","8,000.00","8,000.00",Rs./Quintal,22-04-2026
Maharashtra,Nagpur,APMC Savner ,Fibre Crops,Cotton,Other,Local,"8,000.00","8,000.00","8,000.00",Rs./Quintal,21-04-2026
Maharashtra,Nagpur,APMC Savner ,Fibre Crops,Cotton,Other,Local,"8,000.00","8,000.00","8,000.00",Rs./Quintal,20-04-2026
Maharashtra,Nagpur,APMC Savner ,Fibre Crops,Cotton,Other,Local,"8,000.00","8,000.00","8,000.00",Rs./Quintal,18-04-2026
Maharashtra,Nagpur,APMC Savner ,Fibre Crops,Cotton,Other,Local,"8,000.00","8,000.00","8,000.00",Rs./Quintal,17-04-2026
Maharashtra,Nagpur,APMC Savner ,Fibre Crops,Cotton,Other,Local,"8,000.00","8,000.00","8,000.00",Rs./Quintal,16-04-2026
Maharashtra,Nagpur,APMC Savner ,Fibre Crops,Cotton,Other,Local,"8,000.00","8,000.00","8,000.00",Rs./Quintal,15-04-2026
Maharashtra,Nagpur,APMC Savner ,Fibre Crops,Cotton,Other,Local,"8,000.00","8,000.00","8,000.00",Rs./Quintal,13-04-2026
Maharashtra,Nagpur,APMC Savner ,Fibre Crops,Cotton,Other,Local,"8,000.00","8,000.00","8,000.00",Rs./Quintal,11-04-2026
Maharashtra,Nagpur,APMC Savner ,Fibre Crops,Cotton,Other,Local,"8,000.00","8,000.00","8,000.00",Rs./Quintal,10-04-2026
Maharashtra,Nagpur,APMC Savner ,Fibre Crops,Cotton,Other,Local,"7,900.00","8,000.00","7,960.00",Rs./Quintal,09-04-2026
Maharashtra,Nagpur,APMC Savner ,Fibre Crops,Cotton,Other,Local,"8,000.00","8,000.00","8,000.00",Rs./Quintal,08-04-2026
Maharashtra,Nagpur,APMC Savner ,Fibre Crops,Cotton,Other,Local,"7,850.00","7,900.00","7,875.00",Rs./Quintal,06-04-2026
Maharashtra,Nagpur,APMC Savner ,Fibre Crops,Cotton,Other,Local,"7,850.00","7,900.00","7,875.00",Rs./Quintal,04-04-2026
Maharashtra,Nagpur,APMC Savner ,Fibre Crops,Cotton,Other,Local,"7,700.00","7,750.00","7,725.00",Rs./Quintal,03-04-2026
Maharashtra,Nagpur,APMC Savner ,Fibre Crops,Cotton,Other,Local,"7,700.00","7,700.00","7,700.00",Rs./Quintal,01-04-2026
Maharashtra,Nagpur,APMC Savner ,Fibre Crops,Cotton,Other,Local,"7,600.00","7,650.00","7,625.00",Rs./Quintal,30-03-2026
Maharashtra,Nagpur,APMC Savner ,Fibre Crops,Cotton,Other,Local,"7,600.00","7,600.00","7,600.00",Rs./Quintal,28-03-2026
Maharashtra,Nagpur,APMC Savner ,Fibre Crops,Cotton,Other,Local,"7,600.00","7,600.00","7,600.00",Rs./Quintal,27-03-2026
Maharashtra,Nagpur,APMC Savner ,Fibre Crops,Cotton,Other,Local,"7,600.00","7,600.00","7,600.00",Rs./Quintal,25-03-2026
Maharashtra,Nagpur,APMC Savner ,Fibre Crops,Cotton,Other,Local,"7,600.00","7,600.00","7,600.00",Rs./Quintal,24-03-2026
Maharashtra,Nagpur,APMC Savner ,Fibre Crops,Cotton,Other,Local,"7,600.00","7,650.00","7,625.00",Rs./Quintal,23-03-2026
Maharashtra,Nagpur,APMC Savner ,Fibre Crops,Cotton,Other,Local,"7,575.00","7,600.00","7,600.00",Rs./Quintal,21-03-2026
Maharashtra,Nagpur,APMC Savner ,Fibre Crops,Cotton,Other,Local,"7,575.00","7,600.00","7,600.00",Rs./Quintal,20-03-2026
Maharashtra,Nagpur,APMC Savner ,Fibre Crops,Cotton,Other,Local,"7,575.00","7,600.00","7,600.00",Rs./Quintal,18-03-2026
Maharashtra,Nagpur,APMC Savner ,Fibre Crops,Cotton,Other,Local,"7,575.00","7,600.00","7,600.00",Rs./Quintal,17-03-2026
Maharashtra,Nagpur,APMC Savner ,Fibre Crops,Cotton,Other,Local,"7,575.00","7,600.00","7,600.00",Rs./Quintal,16-03-2026
Maharashtra,Nagpur,APMC Savner ,Fibre Crops,Cotton,Other,Local,"7,575.00","7,600.00","7,600.00",Rs./Quintal,14-03-2026
Maharashtra,Nagpur,APMC Savner ,Fibre Crops,Cotton,Other,Local,"7,575.00","7,600.00","7,600.00",Rs./Quintal,13-03-2026
Maharashtra,Nagpur,APMC Savner ,Fibre Crops,Cotton,Other,Local,"7,575.00","7,600.00","7,600.00",Rs./Quintal,12-03-2026
Maharashtra,Nagpur,APMC Savner ,Fibre Crops,Cotton,Other,Local,"7,550.00","7,550.00","7,550.00",Rs./Quintal,11-03-2026
Maharashtra,Nagpur,APMC Savner ,Fibre Crops,Cotton,Other,Local,"7,550.00","7,550.00","7,550.00",Rs./Quintal,10-03-2026
Maharashtra,Nagpur,APMC Savner ,Fibre Crops,Cotton,Other,Local,"7,550.00","7,550.00","7,550.00",Rs./Quintal,09-03-2026
Maharashtra,Nagpur,APMC Savner ,Fibre Crops,Cotton,Other,Local,"7,500.00","7,500.00","7,500.00",Rs./Quintal,06-03-2026
Maharashtra,Nagpur,APMC Savner ,Fibre Crops,Cotton,Other,Local,"7,500.00","7,500.00","7,500.00",Rs./Quintal,05-03-2026
Maharashtra,Nagpur,APMC Savner ,Fibre Crops,Cotton,Other,Local,"7,450.00","7,500.00","7,475.00",Rs./Quintal,04-03-2026
Maharashtra,Nagpur,APMC Savner ,Fibre Crops,Cotton,Other,Local,"7,500.00","7,550.00","7,525.00",Rs./Quintal,28-02-2026
Maharashtra,Nagpur,APMC Savner ,Fibre Crops,Cotton,Other,Local,"7,500.00","7,550.00","7,525.00",Rs./Quintal,27-02-2026
Maharashtra,Nagpur,APMC Savner ,Fibre Crops,Cotton,Other,Local,"7,500.00","7,550.00","7,525.00",Rs./Quintal,26-02-2026
Maharashtra,Nagpur,APMC Savner ,Fibre Crops,Cotton,Other,Local,"7,550.00","7,550.00","7,550.00",Rs./Quintal,25-02-2026
Maharashtra,Nagpur,APMC Savner ,Fibre Crops,Cotton,Other,Local,"7,500.00","7,550.00","7,525.00",Rs./Quintal,24-02-2026
Maharashtra,Nagpur,APMC Savner ,Fibre Crops,Cotton,Other,Local,"7,500.00","7,500.00","7,500.00",Rs./Quintal,23-02-2026
Maharashtra,Nagpur,APMC Savner ,Fibre Crops,Cotton,Other,Local,"7,400.00","7,400.00","7,400.00",Rs./Quintal,21-02-2026
Maharashtra,Nagpur,APMC Savner ,Fibre Crops,Cotton,Other,Local,"7,400.00","7,400.00","7,400.00",Rs./Quintal,20-02-2026
Maharashtra,Nagpur,APMC Savner ,Fibre Crops,Cotton,Other,Local,"7,350.00","7,350.00","7,350.00",Rs./Quintal,18-02-2026
Maharashtra,Nagpur,APMC Savner ,Fibre Crops,Cotton,Other,Local,"7,350.00","7,350.00","7,350.00",Rs./Quintal,17-02-2026
Maharashtra,Nagpur,APMC Savner ,Fibre Crops,Cotton,Other,Local,"7,500.00","7,500.00","7,500.00",Rs./Quintal,14-02-2026
Maharashtra,Nagpur,APMC Savner ,Fibre Crops,Cotton,Other,Local,"7,500.00","7,500.00","7,500.00",Rs./Quintal,13-02-2026
Maharashtra,Nagpur,APMC Savner ,Fibre Crops,Cotton,Other,Local,"7,500.00","7,500.00","7,500.00",Rs./Quintal,12-02-2026
Maharashtra,Nagpur,APMC Savner ,Fibre Crops,Cotton,Other,Local,"7,500.00","7,500.00","7,500.00",Rs./Quintal,11-02-2026
Maharashtra,Nagpur,APMC Savner ,Fibre Crops,Cotton,Other,Local,"7,450.00","7,450.00","7,450.00",Rs./Quintal,10-02-2026
Maharashtra,Nagpur,APMC Savner ,Fibre Crops,Cotton,Other,Local,"7,450.00","7,450.00","7,450.00",Rs./Quintal,09-02-2026
Maharashtra,Nagpur,APMC Savner ,Fibre Crops,Cotton,Other,Local,"7,575.00","7,600.00","7,600.00",Rs./Quintal,07-02-2026
Maharashtra,Nagpur,APMC Savner ,Fibre Crops,Cotton,Other,Local,"7,650.00","7,650.00","7,650.00",Rs./Quintal,06-02-2026
Maharashtra,Nagpur,APMC Savner ,Fibre Crops,Cotton,Other,Local,"7,650.00","7,650.00","7,650.00",Rs./Quintal,05-02-2026
Maharashtra,Nagpur,APMC Savner ,Fibre Crops,Cotton,Other,Local,"7,700.00","7,700.00","7,700.00",Rs./Quintal,04-02-2026
Maharashtra,Nagpur,APMC Savner ,Fibre Crops,Cotton,Other,Local,"7,700.00","7,700.00","7,700.00",Rs./Quintal,03-02-2026
Maharashtra,Nagpur,APMC Savner ,Fibre Crops,Cotton,Other,Local,"7,800.00","7,800.00","7,800.00",Rs./Quintal,02-02-2026
Maharashtra,Nagpur,APMC Savner ,Fibre Crops,Cotton,Other,Local,"7,800.00","7,800.00","7,800.00",Rs./Quintal,31-01-2026
Maharashtra,Nagpur,APMC Savner ,Fibre Crops,Cotton,Other,Local,"7,800.00","7,800.00","7,800.00",Rs./Quintal,30-01-2026
Maharashtra,Nagpur,APMC Savner ,Fibre Crops,Cotton,Other,Local,"7,900.00","7,950.00","7,925.00",Rs./Quintal,29-01-2026
Maharashtra,Nagpur,APMC Savner ,Fibre Crops,Cotton,Other,Local,"7,900.00","7,950.00","7,925.00",Rs./Quintal,28-01-2026
Maharashtra,Nagpur,APMC Savner ,Fibre Crops,Cotton,Other,Local,"7,850.00","7,900.00","7,875.00",Rs./Quintal,27-01-2026
Maharashtra,Nagpur,APMC Savner ,Fibre Crops,Cotton,Other,Local,"7,800.00","7,800.00","7,800.00",Rs./Quintal,21-01-2026
Maharashtra,Nagpur,APMC Savner ,Fibre Crops,Cotton,Other,Local,"7,900.00","7,900.00","7,900.00",Rs./Quintal,19-01-2026
Maharashtra,Nagpur,APMC Savner ,Fibre Crops,Cotton,Other,Local,"7,800.00","7,850.00","7,825.00",Rs./Quintal,17-01-2026
Maharashtra,Nagpur,APMC Savner ,Fibre Crops,Cotton,Other,Local,"7,800.00","7,850.00","7,825.00",Rs./Quintal,16-01-2026
Maharashtra,Nagpur,APMC Savner ,Fibre Crops,Cotton,Other,Local,"7,800.00","7,850.00","7,825.00",Rs./Quintal,15-01-2026
Maharashtra,Nagpur,APMC Savner ,Fibre Crops,Cotton,Other,Local,"7,900.00","7,900.00","7,900.00",Rs./Quintal,14-01-2026
Maharashtra,Nagpur,APMC Savner ,Fibre Crops,Cotton,Other,Local,"7,850.00","7,900.00","7,875.00",Rs./Quintal,13-01-2026
Maharashtra,Nagpur,APMC Savner ,Fibre Crops,Cotton,Other,Local,"7,750.00","7,800.00","7,775.00",Rs./Quintal,12-01-2026
Maharashtra,Nagpur,APMC Savner ,Fibre Crops,Cotton,Other,Local,"7,700.00","7,700.00","7,700.00",Rs./Quintal,10-01-2026
Maharashtra,Nagpur,APMC Savner ,Fibre Crops,Cotton,Other,Local,"7,700.00","7,700.00","7,700.00",Rs./Quintal,09-01-2026
Maharashtra,Nagpur,APMC Savner ,Fibre Crops,Cotton,Other,Local,"7,700.00","7,700.00","7,700.00",Rs./Quintal,08-01-2026
Maharashtra,Nagpur,APMC Savner ,Fibre Crops,Cotton,Other,Local,"7,625.00","7,700.00","7,660.00",Rs./Quintal,07-01-2026
Maharashtra,Nagpur,APMC Savner ,Fibre Crops,Cotton,Other,Local,"7,600.00","7,600.00","7,600.00",Rs./Quintal,06-01-2026
Maharashtra,Nagpur,APMC Savner ,Fibre Crops,Cotton,Other,Local,"7,600.00","7,600.00","7,600.00",Rs./Quintal,05-01-2026
Maharashtra,Nagpur,APMC Savner ,Fibre Crops,Cotton,Other,Local,"7,550.00","7,550.00","7,550.00",Rs./Quintal,02-01-2026
Maharashtra,Nagpur,APMC Savner ,Fibre Crops,Cotton,Other,Local,"7,500.00","7,500.00","7,500.00",Rs./Quintal,01-01-2026
Maharashtra,Nagpur,APMC Umared ,Fibre Crops,Cotton,Desi,Local,"7,500.00","8,700.00","8,200.00",Rs./Quintal,03-06-2026
Maharashtra,Nagpur,APMC Umared ,Fibre Crops,Cotton,Desi,Local,"7,680.00","8,950.00","8,350.00",Rs./Quintal,01-06-2026
Maharashtra,Nagpur,APMC Umared ,Fibre Crops,Cotton,Desi,Local,"8,000.00","9,000.00","8,500.00",Rs./Quintal,30-05-2026
Maharashtra,Nagpur,APMC Umared ,Fibre Crops,Cotton,Desi,Local,"8,000.00","9,250.00","8,630.00",Rs./Quintal,29-05-2026
Maharashtra,Nagpur,APMC Umared ,Fibre Crops,Cotton,Desi,Local,"8,000.00","9,100.00","8,550.00",Rs./Quintal,28-05-2026
Maharashtra,Nagpur,APMC Umared ,Fibre Crops,Cotton,Desi,Local,"8,000.00","9,200.00","8,600.00",Rs./Quintal,27-05-2026
Maharashtra,Nagpur,APMC Umared ,Fibre Crops,Cotton,Desi,Local,"6,500.00","7,500.00","7,000.00",Rs./Quintal,26-05-2026
Maharashtra,Nagpur,APMC Umared ,Fibre Crops,Cotton,Desi,Local,"8,300.00","9,170.00","8,730.00",Rs./Quintal,25-05-2026
Maharashtra,Nagpur,APMC Umared ,Fibre Crops,Cotton,Desi,Local,"7,500.00","9,000.00","8,250.00",Rs./Quintal,23-05-2026
Maharashtra,Nagpur,APMC Umared ,Fibre Crops,Cotton,Desi,Local,"8,500.00","9,160.00","8,830.00",Rs./Quintal,22-05-2026
Maharashtra,Nagpur,APMC Umared ,Fibre Crops,Cotton,Desi,Local,"8,000.00","9,450.00","8,725.00",Rs./Quintal,21-05-2026
Maharashtra,Nagpur,APMC Umared ,Fibre Crops,Cotton,Desi,Local,"8,000.00","9,400.00","8,700.00",Rs./Quintal,20-05-2026
Maharashtra,Nagpur,APMC Umared ,Fibre Crops,Cotton,Desi,Local,"8,000.00","9,580.00","8,790.00",Rs./Quintal,19-05-2026
Maharashtra,Nagpur,APMC Umared ,Fibre Crops,Cotton,Desi,Local,"8,000.00","9,500.00","8,750.00",Rs./Quintal,18-05-2026
Maharashtra,Nagpur,APMC Umared ,Fibre Crops,Cotton,Desi,Local,"8,500.00","9,600.00","9,050.00",Rs./Quintal,15-05-2026
Maharashtra,Nagpur,APMC Umared ,Fibre Crops,Cotton,Desi,FAQ,"8,400.00","10,110.00","9,255.00",Rs./Quintal,14-05-2026
Maharashtra,Nagpur,APMC Umared ,Fibre Crops,Cotton,Desi,Local,"8,500.00","9,700.00","9,250.00",Rs./Quintal,13-05-2026
Maharashtra,Nagpur,APMC Umared ,Fibre Crops,Cotton,Desi,Local,"8,500.00","9,700.00","9,100.00",Rs./Quintal,12-05-2026
Maharashtra,Nagpur,APMC Umared ,Fibre Crops,Cotton,Desi,Local,"8,500.00","9,630.00","9,065.00",Rs./Quintal,11-05-2026
Maharashtra,Nagpur,APMC Umared ,Fibre Crops,Cotton,Desi,Local,"8,000.00","9,450.00","8,725.00",Rs./Quintal,09-05-2026
Maharashtra,Nagpur,APMC Umared ,Fibre Crops,Cotton,Desi,Local,"7,500.00","9,440.00","8,470.00",Rs./Quintal,08-05-2026
Maharashtra,Nagpur,APMC Umared ,Fibre Crops,Cotton,Desi,Local,"7,900.00","9,350.00","8,630.00",Rs./Quintal,07-05-2026
Maharashtra,Nagpur,APMC Umared ,Fibre Crops,Cotton,Desi,Local,"7,900.00","9,260.00","8,580.00",Rs./Quintal,06-05-2026
Maharashtra,Nagpur,APMC Umared ,Fibre Crops,Cotton,Desi,Local,"7,500.00","8,880.00","8,190.00",Rs./Quintal,05-05-2026
Maharashtra,Nagpur,APMC Umared ,Fibre Crops,Cotton,Desi,Local,"7,500.00","9,050.00","8,275.00",Rs./Quintal,04-05-2026
Maharashtra,Nagpur,APMC Umared ,Fibre Crops,Cotton,Desi,Local,"7,600.00","8,850.00","8,225.00",Rs./Quintal,02-05-2026
Maharashtra,Nagpur,APMC Umared ,Fibre Crops,Cotton,Desi,Local,"7,000.00","8,650.00","7,825.00",Rs./Quintal,01-05-2026
Maharashtra,Nagpur,APMC Umared ,Fibre Crops,Cotton,Desi,Local,"7,000.00","8,560.00","7,780.00",Rs./Quintal,30-04-2026
Maharashtra,Nagpur,APMC Umared ,Fibre Crops,Cotton,Desi,Local,"7,300.00","8,770.00","8,035.00",Rs./Quintal,29-04-2026
Maharashtra,Nagpur,APMC Umared ,Fibre Crops,Cotton,Desi,Local,"7,000.00","8,710.00","7,855.00",Rs./Quintal,28-04-2026
Maharashtra,Nagpur,APMC Umared ,Fibre Crops,Cotton,Desi,Local,"7,000.00","8,710.00","7,420.00",Rs./Quintal,27-04-2026
Maharashtra,Nagpur,APMC Umared ,Fibre Crops,Cotton,Desi,Local,"7,000.00","8,590.00","7,795.00",Rs./Quintal,25-04-2026
Maharashtra,Nagpur,APMC Umared ,Fibre Crops,Cotton,Desi,Local,"7,000.00","8,650.00","7,825.00",Rs./Quintal,24-04-2026
Maharashtra,Nagpur,APMC Umared ,Fibre Crops,Cotton,Desi,Local,"6,800.00","8,420.00","7,610.00",Rs./Quintal,23-04-2026
Maharashtra,Nagpur,APMC Umared ,Fibre Crops,Cotton,Desi,Local,"6,500.00","8,400.00","7,450.00",Rs./Quintal,22-04-2026
Maharashtra,Nagpur,APMC Umared ,Fibre Crops,Cotton,Desi,Local,"6,500.00","8,240.00","7,400.00",Rs./Quintal,21-04-2026
Maharashtra,Nagpur,APMC Umared ,Fibre Crops,Cotton,Desi,Local,"6,500.00","8,240.00","7,520.00",Rs./Quintal,20-04-2026
Maharashtra,Nagpur,APMC Umared ,Fibre Crops,Cotton,Desi,Local,"6,500.00","8,310.00","7,450.00",Rs./Quintal,18-04-2026
Maharashtra,Nagpur,APMC Umared ,Fibre Crops,Cotton,Desi,Local,"6,500.00","8,240.00","7,370.00",Rs./Quintal,17-04-2026
Maharashtra,Nagpur,APMC Umared ,Fibre Crops,Cotton,Desi,Local,"6,500.00","8,290.00","7,395.00",Rs./Quintal,16-04-2026
Maharashtra,Nagpur,APMC Umared ,Fibre Crops,Cotton,Desi,Local,"6,500.00","8,320.00","7,410.00",Rs./Quintal,15-04-2026
Maharashtra,Nagpur,APMC Umared ,Fibre Crops,Cotton,Desi,Local,"6,500.00","8,280.00","7,420.00",Rs./Quintal,13-04-2026
Maharashtra,Nagpur,APMC Umared ,Fibre Crops,Cotton,Desi,Local,"6,500.00","8,100.00","7,300.00",Rs./Quintal,11-04-2026
Maharashtra,Nagpur,APMC Umared ,Fibre Crops,Cotton,Desi,Local,"6,500.00","8,150.00","7,460.00",Rs./Quintal,10-04-2026
Maharashtra,Nagpur,APMC Umared ,Fibre Crops,Cotton,Desi,Local,"6,500.00","8,260.00","7,580.00",Rs./Quintal,09-04-2026
Maharashtra,Nagpur,APMC Umared ,Fibre Crops,Cotton,Desi,Local,"6,700.00","8,300.00","7,510.00",Rs./Quintal,08-04-2026
Maharashtra,Nagpur,APMC Umared ,Fibre Crops,Cotton,Desi,Local,"6,700.00","8,400.00","7,850.00",Rs./Quintal,07-04-2026
Maharashtra,Nagpur,APMC Umared ,Fibre Crops,Cotton,Desi,Local,"6,700.00","8,600.00","7,680.00",Rs./Quintal,06-04-2026
Maharashtra,Nagpur,APMC Umared ,Fibre Crops,Cotton,Desi,Local,"6,500.00","8,480.00","7,540.00",Rs./Quintal,04-04-2026
Maharashtra,Nagpur,APMC Umared ,Fibre Crops,Cotton,Desi,Local,"6,500.00","8,550.00","8,120.00",Rs./Quintal,03-04-2026
Maharashtra,Nagpur,APMC Umared ,Fibre Crops,Cotton,Desi,Local,"6,500.00","8,200.00","7,550.00",Rs./Quintal,02-04-2026
Maharashtra,Nagpur,APMC Umared ,Fibre Crops,Cotton,Desi,Local,"6,500.00","8,240.00","7,370.00",Rs./Quintal,01-04-2026
Maharashtra,Nagpur,APMC Umared ,Fibre Crops,Cotton,Desi,Local,"6,500.00","8,200.00","7,650.00",Rs./Quintal,31-03-2026
Maharashtra,Nagpur,APMC Umared ,Fibre Crops,Cotton,Desi,Local,"6,500.00","8,020.00","7,560.00",Rs./Quintal,30-03-2026
Maharashtra,Nagpur,APMC Umared ,Fibre Crops,Cotton,Desi,Local,"6,500.00","7,700.00","7,250.00",Rs./Quintal,27-03-2026
Maharashtra,Nagpur,APMC Umared ,Fibre Crops,Cotton,Desi,Local,"6,500.00","7,790.00","7,360.00",Rs./Quintal,25-03-2026
Maharashtra,Nagpur,APMC Umared ,Fibre Crops,Cotton,Desi,Local,"6,500.00","7,800.00","7,450.00",Rs./Quintal,24-03-2026
Maharashtra,Nagpur,APMC Umared ,Fibre Crops,Cotton,Desi,Local,"6,500.00","7,830.00","7,560.00",Rs./Quintal,23-03-2026
Maharashtra,Nagpur,APMC Umared ,Fibre Crops,Cotton,Desi,Local,"6,500.00","7,840.00","7,460.00",Rs./Quintal,21-03-2026
Maharashtra,Nagpur,APMC Umared ,Fibre Crops,Cotton,Desi,Local,"6,000.00","7,610.00","7,260.00",Rs./Quintal,20-03-2026
Maharashtra,Nagpur,APMC Umared ,Fibre Crops,Cotton,Desi,Local,"6,200.00","7,580.00","7,180.00",Rs./Quintal,14-03-2026
Maharashtra,Nagpur,APMC Umared ,Fibre Crops,Cotton,Desi,Local,"6,500.00","7,760.00","7,390.00",Rs./Quintal,13-03-2026
Maharashtra,Nagpur,APMC Umared ,Fibre Crops,Cotton,Desi,Local,"6,500.00","7,710.00","7,420.00",Rs./Quintal,12-03-2026
Maharashtra,Nagpur,APMC Umared ,Fibre Crops,Cotton,Desi,Local,"6,500.00","7,810.00","7,430.00",Rs./Quintal,11-03-2026
Maharashtra,Nagpur,APMC Umared ,Fibre Crops,Cotton,Desi,Local,"6,800.00","7,650.00","7,230.00",Rs./Quintal,10-03-2026
Maharashtra,Nagpur,APMC Umared ,Fibre Crops,Cotton,Desi,Local,"6,900.00","7,660.00","7,280.00",Rs./Quintal,09-03-2026
Maharashtra,Nagpur,APMC Umared ,Fibre Crops,Cotton,Desi,Local,"7,000.00","7,770.00","7,420.00",Rs./Quintal,07-03-2026
Maharashtra,Nagpur,APMC Umared ,Fibre Crops,Cotton,Desi,Local,"7,000.00","7,690.00","7,345.00",Rs./Quintal,05-03-2026
Maharashtra,Nagpur,APMC Umared ,Fibre Crops,Cotton,Desi,Local,"7,000.00","7,550.00","7,375.00",Rs./Quintal,28-02-2026
Maharashtra,Nagpur,APMC Umared ,Fibre Crops,Cotton,Desi,Local,"7,100.00","7,680.00","7,420.00",Rs./Quintal,27-02-2026
Maharashtra,Nagpur,APMC Umared ,Fibre Crops,Cotton,Desi,Local,"7,300.00","7,760.00","7,530.00",Rs./Quintal,26-02-2026
Maharashtra,Nagpur,APMC Umared ,Fibre Crops,Cotton,Desi,Local,"7,600.00","7,760.00","7,680.00",Rs./Quintal,25-02-2026
Maharashtra,Nagpur,APMC Umared ,Fibre Crops,Cotton,Desi,Local,"7,400.00","7,760.00","7,570.00",Rs./Quintal,24-02-2026
Maharashtra,Nagpur,APMC Umared ,Fibre Crops,Cotton,Desi,Local,"7,400.00","7,720.00","7,560.00",Rs./Quintal,23-02-2026
Maharashtra,Nagpur,APMC Umared ,Fibre Crops,Cotton,Desi,Local,"7,400.00","7,750.00","7,570.00",Rs./Quintal,21-02-2026
Maharashtra,Nagpur,APMC Umared ,Fibre Crops,Cotton,Desi,Local,"7,200.00","7,750.00","7,470.00",Rs./Quintal,20-02-2026
Maharashtra,Nagpur,APMC Umared ,Fibre Crops,Cotton,Desi,Local,"7,400.00","7,670.00","7,530.00",Rs./Quintal,19-02-2026
Maharashtra,Nagpur,APMC Umared ,Fibre Crops,Cotton,Desi,Local,"7,400.00","7,610.00","7,500.00",Rs./Quintal,18-02-2026
Maharashtra,Nagpur,APMC Umared ,Fibre Crops,Cotton,Desi,Local,"7,400.00","7,600.00","7,500.00",Rs./Quintal,17-02-2026
Maharashtra,Nagpur,APMC Umared ,Fibre Crops,Cotton,Desi,Local,"7,400.00","7,600.00","7,500.00",Rs./Quintal,16-02-2026
Maharashtra,Nagpur,APMC Umared ,Fibre Crops,Cotton,Desi,Local,"7,140.00","7,640.00","7,390.00",Rs./Quintal,14-02-2026
Maharashtra,Nagpur,APMC Umared ,Fibre Crops,Cotton,Desi,Local,"7,300.00","7,660.00","7,490.00",Rs./Quintal,13-02-2026
Maharashtra,Nagpur,APMC Umared ,Fibre Crops,Cotton,Desi,Local,"7,400.00","7,670.00","7,560.00",Rs./Quintal,12-02-2026
Maharashtra,Nagpur,APMC Umared ,Fibre Crops,Cotton,Desi,Local,"7,500.00","7,730.00","7,620.00",Rs./Quintal,11-02-2026
Maharashtra,Nagpur,APMC Umared ,Fibre Crops,Cotton,Desi,Local,"7,500.00","7,730.00","7,680.00",Rs./Quintal,10-02-2026
Maharashtra,Nagpur,APMC Umared ,Fibre Crops,Cotton,Desi,Local,"7,600.00","7,820.00","7,770.00",Rs./Quintal,09-02-2026
Maharashtra,Nagpur,APMC Umared ,Fibre Crops,Cotton,Desi,Local,"7,600.00","7,820.00","7,710.00",Rs./Quintal,07-02-2026
Maharashtra,Nagpur,APMC Umared ,Fibre Crops,Cotton,Desi,Local,"7,800.00","7,950.00","7,880.00",Rs./Quintal,06-02-2026
Maharashtra,Nagpur,APMC Umared ,Fibre Crops,Cotton,Desi,Local,"7,800.00","7,910.00","7,860.00",Rs./Quintal,05-02-2026
Maharashtra,Nagpur,APMC Umared ,Fibre Crops,Cotton,Desi,Local,"7,800.00","7,920.00","7,870.00",Rs./Quintal,04-02-2026
Maharashtra,Nagpur,APMC Umared ,Fibre Crops,Cotton,Desi,Local,"7,700.00","7,910.00","7,810.00",Rs./Quintal,03-02-2026
Maharashtra,Nagpur,APMC Umared ,Fibre Crops,Cotton,Desi,Local,"7,900.00","8,030.00","7,980.00",Rs./Quintal,02-02-2026
Maharashtra,Nagpur,APMC Umared ,Fibre Crops,Cotton,Desi,Local,"7,800.00","8,030.00","7,950.00",Rs./Quintal,31-01-2026
Maharashtra,Nagpur,APMC Umared ,Fibre Crops,Cotton,Desi,Local,"7,900.00","8,080.00","8,020.00",Rs./Quintal,30-01-2026
Maharashtra,Nagpur,APMC Umared ,Fibre Crops,Cotton,Desi,Local,"7,900.00","8,100.00","8,000.00",Rs./Quintal,29-01-2026
Maharashtra,Nagpur,APMC Umared ,Fibre Crops,Cotton,Desi,Local,"7,900.00","8,130.00","8,060.00",Rs./Quintal,28-01-2026
Maharashtra,Nagpur,APMC Umared ,Fibre Crops,Cotton,Desi,Local,"7,900.00","8,150.00","8,050.00",Rs./Quintal,27-01-2026
Maharashtra,Nagpur,APMC Umared ,Fibre Crops,Cotton,Desi,Local,"7,900.00","8,020.00","7,960.00",Rs./Quintal,24-01-2026
Maharashtra,Nagpur,APMC Umared ,Fibre Crops,Cotton,Desi,Local,"7,900.00","8,050.00","7,980.00",Rs./Quintal,23-01-2026
Maharashtra,Nagpur,APMC Umared ,Fibre Crops,Cotton,Desi,Local,"7,900.00","8,070.00","8,010.00",Rs./Quintal,22-01-2026
Maharashtra,Nagpur,APMC Umared ,Fibre Crops,Cotton,Desi,Local,"7,900.00","8,060.00","8,000.00",Rs./Quintal,21-01-2026
Maharashtra,Nagpur,APMC Umared ,Fibre Crops,Cotton,Desi,Local,"8,000.00","8,160.00","8,070.00",Rs./Quintal,20-01-2026
Maharashtra,Nagpur,APMC Umared ,Fibre Crops,Cotton,Desi,Local,"8,000.00","8,160.00","8,070.00",Rs./Quintal,19-01-2026
Maharashtra,Nagpur,APMC Umared ,Fibre Crops,Cotton,Desi,Local,"8,000.00","8,260.00","8,130.00",Rs./Quintal,17-01-2026
Maharashtra,Nagpur,APMC Umared ,Fibre Crops,Cotton,Desi,Local,"7,900.00","8,160.00","8,030.00",Rs./Quintal,16-01-2026
Maharashtra,Nagpur,APMC Umared ,Fibre Crops,Cotton,Desi,Local,"8,050.00","8,180.00","8,100.00",Rs./Quintal,15-01-2026
Maharashtra,Nagpur,APMC Umared ,Fibre Crops,Cotton,Desi,Local,"8,100.00","8,290.00","8,160.00",Rs./Quintal,14-01-2026
Maharashtra,Nagpur,APMC Umared ,Fibre Crops,Cotton,Desi,Local,"8,100.00","8,400.00","8,250.00",Rs./Quintal,13-01-2026
Maharashtra,Nagpur,APMC Umared ,Fibre Crops,Cotton,Desi,Local,"7,900.00","8,100.00","8,000.00",Rs./Quintal,12-01-2026
Maharashtra,Nagpur,APMC Umared ,Fibre Crops,Cotton,Desi,Local,"7,700.00","7,960.00","7,830.00",Rs./Quintal,10-01-2026
Maharashtra,Nagpur,APMC Umared ,Fibre Crops,Cotton,Desi,Local,"7,710.00","7,950.00","7,830.00",Rs./Quintal,09-01-2026
Maharashtra,Nagpur,APMC Umared ,Fibre Crops,Cotton,Desi,Local,"7,650.00","7,810.00","7,730.00",Rs./Quintal,08-01-2026
Maharashtra,Nagpur,APMC Umared ,Fibre Crops,Cotton,Desi,Local,"7,650.00","7,750.00","7,700.00",Rs./Quintal,07-01-2026
Maharashtra,Nagpur,APMC Umared ,Fibre Crops,Cotton,Desi,Local,"7,500.00","7,720.00","7,610.00",Rs./Quintal,06-01-2026
Maharashtra,Nagpur,APMC Umared ,Fibre Crops,Cotton,Desi,Local,"7,500.00","7,750.00","7,630.00",Rs./Quintal,05-01-2026
Maharashtra,Nagpur,APMC Umared ,Fibre Crops,Cotton,Desi,Local,"7,500.00","7,650.00","7,570.00",Rs./Quintal,03-01-2026
Maharashtra,Nagpur,APMC Umared ,Fibre Crops,Cotton,Desi,Local,"7,500.00","7,650.00","7,570.00",Rs./Quintal,02-01-2026
Maharashtra,Nagpur,APMC Umared ,Fibre Crops,Cotton,Desi,Local,"7,500.00","7,620.00","7,560.00",Rs./Quintal,01-01-2026
Maharashtra,Nanded,APMC Himayatnagar ,Fibre Crops,Cotton,Other,Non-FAQ,"7,000.00","7,400.00","7,200.00",Rs./Quintal,28-02-2026
Maharashtra,Nanded,APMC Himayatnagar ,Fibre Crops,Cotton,Other,Non-FAQ,"7,000.00","7,400.00","7,200.00",Rs./Quintal,27-02-2026
Maharashtra,Nanded,APMC Himayatnagar ,Fibre Crops,Cotton,Other,Non-FAQ,"7,000.00","7,300.00","7,200.00",Rs./Quintal,16-02-2026
Maharashtra,Nanded,APMC Himayatnagar ,Fibre Crops,Cotton,Other,Non-FAQ,"7,000.00","7,500.00","7,200.00",Rs./Quintal,09-02-2026
Maharashtra,Nanded,APMC Himayatnagar ,Fibre Crops,Cotton,Other,Non-FAQ,"7,200.00","7,500.00","7,400.00",Rs./Quintal,06-02-2026
Maharashtra,Nanded,APMC Himayatnagar ,Fibre Crops,Cotton,Other,Non-FAQ,"7,200.00","7,700.00","7,500.00",Rs./Quintal,02-02-2026
Maharashtra,Nanded,APMC Himayatnagar ,Fibre Crops,Cotton,Other,Non-FAQ,"7,500.00","7,700.00","7,600.00",Rs./Quintal,28-01-2026
Maharashtra,Nanded,APMC Himayatnagar ,Fibre Crops,Cotton,Other,Non-FAQ,"7,500.00","7,700.00","7,600.00",Rs./Quintal,22-01-2026
Maharashtra,Nanded,APMC Himayatnagar ,Fibre Crops,Cotton,Other,Non-FAQ,"7,500.00","7,700.00","7,600.00",Rs./Quintal,21-01-2026
Maharashtra,Nanded,APMC Himayatnagar ,Fibre Crops,Cotton,Other,Non-FAQ,"7,000.00","7,500.00","7,200.00",Rs./Quintal,19-01-2026
Maharashtra,Nanded,APMC Kinwat ,Fibre Crops,Cotton,Other,Local,"8,010.00","8,010.00","8,010.00",Rs./Quintal,12-01-2026
Maharashtra,Nanded,APMC Kinwat ,Fibre Crops,Cotton,Other,Local,"8,010.00","8,010.00","8,010.00",Rs./Quintal,09-01-2026
Maharashtra,Nanded,APMC Kinwat ,Fibre Crops,Cotton,Other,Local,"8,010.00","8,010.00","8,010.00",Rs./Quintal,08-01-2026
Maharashtra,Nanded,APMC Kinwat ,Fibre Crops,Cotton,Other,Local,"8,010.00","8,010.00","8,010.00",Rs./Quintal,07-01-2026
Maharashtra,Nanded,APMC Naigaon ,Fibre Crops,Cotton,Other,Local,"7,710.00","7,850.00","7,800.00",Rs./Quintal,13-02-2026
Maharashtra,Nanded,Hadgaon(Tamsa) ,Fibre Crops,Cotton,Other,Local,"7,710.00","8,060.00","7,900.00",Rs./Quintal,12-03-2026
Maharashtra,Nanded,Hadgaon(Tamsa) ,Fibre Crops,Cotton,Other,Local,"7,710.00","8,060.00","7,900.00",Rs./Quintal,11-03-2026
Maharashtra,Nanded,Hadgaon(Tamsa) ,Fibre Crops,Cotton,Other,Local,"7,710.00","8,060.00","7,900.00",Rs./Quintal,27-02-2026
Maharashtra,Nanded,Hadgaon(Tamsa) ,Fibre Crops,Cotton,Other,Local,"7,710.00","8,060.00","7,900.00",Rs./Quintal,26-02-2026
Maharashtra,Nanded,Hadgaon(Tamsa) ,Fibre Crops,Cotton,Other,Local,"7,710.00","8,060.00","7,900.00",Rs./Quintal,25-02-2026
Maharashtra,Nanded,Hadgaon(Tamsa) ,Fibre Crops,Cotton,Other,Local,"7,710.00","8,060.00","7,900.00",Rs./Quintal,24-02-2026
Maharashtra,Nanded,Hadgaon(Tamsa) ,Fibre Crops,Cotton,Other,Local,"7,710.00","8,060.00","7,900.00",Rs./Quintal,23-02-2026
Maharashtra,Nanded,Hadgaon(Tamsa) ,Fibre Crops,Cotton,Other,Local,"7,800.00","8,000.00","7,900.00",Rs./Quintal,20-02-2026
Maharashtra,Nanded,Hadgaon(Tamsa) ,Fibre Crops,Cotton,Other,Local,"7,900.00","7,900.00","7,900.00",Rs./Quintal,17-02-2026
Maharashtra,Nanded,Hadgaon(Tamsa) ,Fibre Crops,Cotton,Other,Local,"7,800.00","7,800.00","7,800.00",Rs./Quintal,16-02-2026
Maharashtra,Nanded,Hadgaon(Tamsa) ,Fibre Crops,Cotton,Other,Local,"7,800.00","7,800.00","7,800.00",Rs./Quintal,13-02-2026
Maharashtra,Nanded,Hadgaon(Tamsa) ,Fibre Crops,Cotton,Other,Local,"7,800.00","7,800.00","7,800.00",Rs./Quintal,12-02-2026
Maharashtra,Nanded,Hadgaon(Tamsa) ,Fibre Crops,Cotton,Other,Local,"7,710.00","8,060.00","7,900.00",Rs./Quintal,22-01-2026
Maharashtra,Nanded,Hadgaon(Tamsa) ,Fibre Crops,Cotton,Other,Local,"7,710.00","8,060.00","7,900.00",Rs./Quintal,14-01-2026
Maharashtra,Nanded,Hadgaon(Tamsa) ,Fibre Crops,Cotton,Other,Local,"7,710.00","8,060.00","7,900.00",Rs./Quintal,13-01-2026
Maharashtra,Nanded,Hadgaon(Tamsa) ,Fibre Crops,Cotton,Other,Local,"7,710.00","8,060.00","7,900.00",Rs./Quintal,12-01-2026
Maharashtra,Nanded,Hadgaon(Tamsa) ,Fibre Crops,Cotton,Other,Local,"7,710.00","8,060.00","7,900.00",Rs./Quintal,09-01-2026
Maharashtra,Nanded,Hadgaon(Tamsa) ,Fibre Crops,Cotton,Other,Local,"7,710.00","8,060.00","7,900.00",Rs./Quintal,07-01-2026
Maharashtra,Nanded,Hadgaon(Tamsa) ,Fibre Crops,Cotton,Other,Local,"7,710.00","8,060.00","7,900.00",Rs./Quintal,05-01-2026
Maharashtra,Nanded,Hadgaon(Tamsa) ,Fibre Crops,Cotton,Other,Local,"7,710.00","8,060.00","7,900.00",Rs./Quintal,02-01-2026
Maharashtra,Nanded,"Shetkari Khajgi Bajar Parisar, Tal Bhokar, Dist Nanded",Fibre Crops,Cotton,LH-900,Local,"8,644.00","8,996.00","8,820.00",Rs./Quintal,16-05-2026
Maharashtra,Nanded,"Shetkari Khajgi Bajar Parisar, Tal Bhokar, Dist Nanded",Fibre Crops,Cotton,LH-900,Local,"7,950.00","9,050.00","8,567.00",Rs./Quintal,14-05-2026
Maharashtra,Nanded,"Shetkari Khajgi Bajar Parisar, Tal Bhokar, Dist Nanded",Fibre Crops,Cotton,LH-900,Local,"7,760.00","8,750.00","8,247.00",Rs./Quintal,07-05-2026
Maharashtra,Nanded,"Shetkari Khajgi Bajar Parisar, Tal Bhokar, Dist Nanded",Fibre Crops,Cotton,LH-900,Local,"7,100.00","8,550.00","8,098.00",Rs./Quintal,05-05-2026
Maharashtra,Nanded,"Shetkari Khajgi Bajar Parisar, Tal Bhokar, Dist Nanded",Fibre Crops,Cotton,LH-900,Local,"7,100.00","8,400.00","8,200.00",Rs./Quintal,04-05-2026
Maharashtra,Nanded,"Shetkari Khajgi Bajar Parisar, Tal Bhokar, Dist Nanded",Fibre Crops,Cotton,LH-900,Local,"7,200.00","8,300.00","8,181.00",Rs./Quintal,02-05-2026
Maharashtra,Nanded,"Shetkari Khajgi Bajar Parisar, Tal Bhokar, Dist Nanded",Fibre Crops,Cotton,LH-900,Local,"6,700.00","8,300.00","7,900.00",Rs./Quintal,01-05-2026
Maharashtra,Nanded,"Shetkari Khajgi Bajar Parisar, Tal Bhokar, Dist Nanded",Fibre Crops,Cotton,LH-900,Local,"7,000.00","8,250.00","8,000.00",Rs./Quintal,29-04-2026
Maharashtra,Nanded,"Shetkari Khajgi Bajar Parisar, Tal Bhokar, Dist Nanded",Fibre Crops,Cotton,LH-900,Local,"7,000.00","8,200.00","7,885.00",Rs./Quintal,28-04-2026
Maharashtra,Nanded,"Shetkari Khajgi Bajar Parisar, Tal Bhokar, Dist Nanded",Fibre Crops,Cotton,LH-900,Local,"7,500.00","8,200.00","7,960.00",Rs./Quintal,27-04-2026
Maharashtra,Nanded,"Shetkari Khajgi Bajar Parisar, Tal Bhokar, Dist Nanded",Fibre Crops,Cotton,LH-900,Local,"6,850.00","8,300.00","7,976.00",Rs./Quintal,26-04-2026
Maharashtra,Nanded,"Shetkari Khajgi Bajar Parisar, Tal Bhokar, Dist Nanded",Fibre Crops,Cotton,LH-900,Local,"7,450.00","8,280.00","7,818.00",Rs./Quintal,25-04-2026
Maharashtra,Nanded,"Shetkari Khajgi Bajar Parisar, Tal Bhokar, Dist Nanded",Fibre Crops,Cotton,LH-900,Local,"6,900.00","8,250.00","7,882.00",Rs./Quintal,24-04-2026
Maharashtra,Nanded,"Shetkari Khajgi Bajar Parisar, Tal Bhokar, Dist Nanded",Fibre Crops,Cotton,LH-900,Local,"7,600.00","8,200.00","7,895.00",Rs./Quintal,23-04-2026
Maharashtra,Nanded,"Shetkari Khajgi Bajar Parisar, Tal Bhokar, Dist Nanded",Fibre Crops,Cotton,LH-900,Local,"7,050.00","8,220.00","7,866.00",Rs./Quintal,22-04-2026
Maharashtra,Nanded,"Shetkari Khajgi Bajar Parisar, Tal Bhokar, Dist Nanded",Fibre Crops,Cotton,LH-900,Local,"7,700.00","8,150.00","7,898.00",Rs./Quintal,21-04-2026
Maharashtra,Nanded,"Shetkari Khajgi Bajar Parisar, Tal Bhokar, Dist Nanded",Fibre Crops,Cotton,LH-900,Local,"7,385.00","8,100.00","7,670.00",Rs./Quintal,20-04-2026
Maharashtra,Nanded,"Shetkari Khajgi Bajar Parisar, Tal Bhokar, Dist Nanded",Fibre Crops,Cotton,LH-900,Local,"6,600.00","8,050.00","7,715.00",Rs./Quintal,19-04-2026
Maharashtra,Nanded,"Shetkari Khajgi Bajar Parisar, Tal Bhokar, Dist Nanded",Fibre Crops,Cotton,LH-900,Local,"6,600.00","8,025.00","7,795.00",Rs./Quintal,16-04-2026
Maharashtra,Nanded,"Shetkari Khajgi Bajar Parisar, Tal Bhokar, Dist Nanded",Fibre Crops,Cotton,LH-900,Local,"6,600.00","8,050.00","7,735.00",Rs./Quintal,15-04-2026
Maharashtra,Nanded,"Shetkari Khajgi Bajar Parisar, Tal Bhokar, Dist Nanded",Fibre Crops,Cotton,LH-900,Local,"7,700.00","8,150.00","7,845.00",Rs./Quintal,13-04-2026
Maharashtra,Nanded,"Shetkari Khajgi Bajar Parisar, Tal Bhokar, Dist Nanded",Fibre Crops,Cotton,LH-900,Local,"7,550.00","8,075.00","7,890.00",Rs./Quintal,12-04-2026
Maharashtra,Nanded,"Shetkari Khajgi Bajar Parisar, Tal Bhokar, Dist Nanded",Fibre Crops,Cotton,LH-900,Local,"7,800.00","8,100.00","7,990.00",Rs./Quintal,11-04-2026
Maharashtra,Nanded,"Shetkari Khajgi Bajar Parisar, Tal Bhokar, Dist Nanded",Fibre Crops,Cotton,LH-900,Local,"7,500.00","8,100.00","7,895.00",Rs./Quintal,10-04-2026
Maharashtra,Nanded,"Shetkari Khajgi Bajar Parisar, Tal Bhokar, Dist Nanded",Fibre Crops,Cotton,LH-900,Local,"7,550.00","8,100.00","7,800.00",Rs./Quintal,09-04-2026
Maharashtra,Nanded,"Shetkari Khajgi Bajar Parisar, Tal Bhokar, Dist Nanded",Fibre Crops,Cotton,LH-900,Local,"7,500.00","8,200.00","7,960.00",Rs./Quintal,08-04-2026
Maharashtra,Nanded,"Shetkari Khajgi Bajar Parisar, Tal Bhokar, Dist Nanded",Fibre Crops,Cotton,LH-900,Local,"7,900.00","8,200.00","7,915.00",Rs./Quintal,07-04-2026
Maharashtra,Nanded,"Shetkari Khajgi Bajar Parisar, Tal Bhokar, Dist Nanded",Fibre Crops,Cotton,LH-900,Local,"7,600.00","8,100.00","7,830.00",Rs./Quintal,06-04-2026
Maharashtra,Nanded,"Shetkari Khajgi Bajar Parisar, Tal Bhokar, Dist Nanded",Fibre Crops,Cotton,LH-900,Local,"7,200.00","8,050.00","7,675.00",Rs./Quintal,05-04-2026
Maharashtra,Nanded,"Shetkari Khajgi Bajar Parisar, Tal Bhokar, Dist Nanded",Fibre Crops,Cotton,LH-900,Local,"7,400.00","7,850.00","7,670.00",Rs./Quintal,02-04-2026
Maharashtra,Nanded,"Shetkari Khajgi Bajar Parisar, Tal Bhokar, Dist Nanded",Fibre Crops,Cotton,LH-900,Local,"7,450.00","7,850.00","7,475.00",Rs./Quintal,01-04-2026
Maharashtra,Nanded,"Shetkari Khajgi Bajar Parisar, Tal Bhokar, Dist Nanded",Fibre Crops,Cotton,LH-900,Local,"7,375.00","7,675.00","7,525.00",Rs./Quintal,31-03-2026
Maharashtra,Nanded,"Shetkari Khajgi Bajar Parisar, Tal Bhokar, Dist Nanded",Fibre Crops,Cotton,LH-900,Local,"7,200.00","7,700.00","7,433.00",Rs./Quintal,30-03-2026
Maharashtra,Nanded,"Shetkari Khajgi Bajar Parisar, Tal Bhokar, Dist Nanded",Fibre Crops,Cotton,LH-900,Local,"7,425.00","7,650.00","7,525.00",Rs./Quintal,29-03-2026
Maharashtra,Nanded,"Shetkari Khajgi Bajar Parisar, Tal Bhokar, Dist Nanded",Fibre Crops,Cotton,LH-900,Local,"7,425.00","7,650.00","7,480.00",Rs./Quintal,28-03-2026
Maharashtra,Nanded,"Shetkari Khajgi Bajar Parisar, Tal Bhokar, Dist Nanded",Fibre Crops,Cotton,LH-900,Local,"7,269.00","7,566.00","7,417.00",Rs./Quintal,27-03-2026
Maharashtra,Nandurbar,APMC Nandurbar ,Fibre Crops,Cotton,Other,Local,"7,994.00","8,010.00","8,001.00",Rs./Quintal,05-03-2026
Maharashtra,Nandurbar,APMC Nandurbar ,Fibre Crops,Cotton,Other,Local,"7,994.00","8,010.00","8,001.00",Rs./Quintal,26-02-2026
Maharashtra,Nandurbar,APMC Nandurbar ,Fibre Crops,Cotton,Other,Local,"7,994.00","8,010.00","8,001.00",Rs./Quintal,24-02-2026
Maharashtra,Nandurbar,APMC Nandurbar ,Fibre Crops,Cotton,Other,Local,"7,994.00","8,010.00","8,001.00",Rs./Quintal,09-02-2026
Maharashtra,Nandurbar,APMC Nandurbar ,Fibre Crops,Cotton,Other,Local,"7,994.00","8,010.00","8,002.00",Rs./Quintal,06-02-2026
Maharashtra,Nandurbar,APMC Nandurbar ,Fibre Crops,Cotton,Other,Local,"7,994.00","8,010.00","8,002.00",Rs./Quintal,05-02-2026
Maharashtra,Nandurbar,APMC Nandurbar ,Fibre Crops,Cotton,Other,Local,"7,994.00","8,010.00","8,002.00",Rs./Quintal,03-02-2026
Maharashtra,Nandurbar,APMC Nandurbar ,Fibre Crops,Cotton,Other,Local,"7,800.00","8,125.00","8,000.00",Rs./Quintal,28-01-2026
Maharashtra,Nandurbar,APMC Nandurbar ,Fibre Crops,Cotton,Other,Local,"7,969.00","8,115.00","8,050.00",Rs./Quintal,27-01-2026
Maharashtra,Nandurbar,APMC Nandurbar ,Fibre Crops,Cotton,Other,Local,"7,969.00","8,010.00","7,995.00",Rs./Quintal,12-01-2026
Maharashtra,Nandurbar,APMC Nandurbar ,Fibre Crops,Cotton,Other,Local,"7,906.00","8,060.00","7,979.00",Rs./Quintal,07-01-2026
Maharashtra,Parbhani,APMC Manwat ,Fibre Crops,Cotton,Desi,Local,"9,180.00","9,350.00","9,260.00",Rs./Quintal,28-05-2026
Maharashtra,Parbhani,APMC Manwat ,Fibre Crops,Cotton,Desi,Local,"9,270.00","9,440.00","9,360.00",Rs./Quintal,22-05-2026
Maharashtra,Parbhani,APMC Manwat ,Fibre Crops,Cotton,Desi,Local,"9,440.00","9,660.00","9,530.00",Rs./Quintal,21-05-2026
Maharashtra,Parbhani,APMC Manwat ,Fibre Crops,Cotton,Desi,Local,"9,650.00","9,800.00","9,730.00",Rs./Quintal,13-05-2026
Maharashtra,Parbhani,APMC Manwat ,Fibre Crops,Cotton,Desi,Local,"9,230.00","9,400.00","9,330.00",Rs./Quintal,02-05-2026
Maharashtra,Parbhani,APMC Manwat ,Fibre Crops,Cotton,Desi,Local,"8,750.00","8,900.00","8,840.00",Rs./Quintal,24-04-2026
Maharashtra,Parbhani,APMC Manwat ,Fibre Crops,Cotton,Desi,Local,"8,550.00","8,725.00","8,650.00",Rs./Quintal,16-04-2026
Maharashtra,Parbhani,APMC Manwat ,Fibre Crops,Cotton,Desi,Local,"8,350.00","8,510.00","8,400.00",Rs./Quintal,09-04-2026
Maharashtra,Parbhani,APMC Manwat ,Fibre Crops,Cotton,Desi,Local,"7,900.00","8,200.00","8,100.00",Rs./Quintal,25-03-2026
Maharashtra,Parbhani,APMC Manwat ,Fibre Crops,Cotton,Desi,Local,"7,600.00","7,805.00","7,740.00",Rs./Quintal,12-03-2026
Maharashtra,Parbhani,APMC Manwat ,Fibre Crops,Cotton,Desi,Local,700.00,"7,880.00","7,750.00",Rs./Quintal,12-02-2026
Maharashtra,Parbhani,APMC Manwat ,Fibre Crops,Cotton,Desi,Local,"8,090.00","8,350.00","8,260.00",Rs./Quintal,12-01-2026
Maharashtra,Parbhani,APMC Sailu ,Fibre Crops,Cotton,Other,Local,"7,400.00","9,870.00","9,770.00",Rs./Quintal,19-05-2026
Maharashtra,Parbhani,APMC Sailu ,Fibre Crops,Cotton,Other,Local,"7,600.00","9,955.00","9,850.00",Rs./Quintal,18-05-2026
Maharashtra,Parbhani,APMC Sailu ,Fibre Crops,Cotton,Other,Local,"7,475.00","9,850.00","9,775.00",Rs./Quintal,13-05-2026
Maharashtra,Parbhani,APMC Sailu ,Fibre Crops,Cotton,Other,Local,"7,100.00","9,900.00","9,850.00",Rs./Quintal,12-05-2026
Maharashtra,Parbhani,APMC Sailu ,Fibre Crops,Cotton,Other,Local,"6,500.00","9,900.00","9,795.00",Rs./Quintal,11-05-2026
Maharashtra,Parbhani,APMC Sailu ,Fibre Crops,Cotton,Other,Local,"6,805.00","9,595.00","9,450.00",Rs./Quintal,05-05-2026
Maharashtra,Parbhani,APMC Sailu ,Fibre Crops,Cotton,Other,Local,"6,680.00","9,545.00","9,455.00",Rs./Quintal,04-05-2026
Maharashtra,Parbhani,APMC Sailu ,Fibre Crops,Cotton,Other,Local,"6,800.00","9,050.00","8,990.00",Rs./Quintal,28-04-2026
Maharashtra,Parbhani,APMC Sailu ,Fibre Crops,Cotton,Other,Local,"6,500.00","8,950.00","8,880.00",Rs./Quintal,27-04-2026
Maharashtra,Parbhani,APMC Sailu ,Fibre Crops,Cotton,Other,Local,"6,455.00","9,071.00","8,990.00",Rs./Quintal,22-04-2026
Maharashtra,Parbhani,APMC Sailu ,Fibre Crops,Cotton,Other,Local,"6,100.00","8,455.00","8,380.00",Rs./Quintal,13-04-2026
Maharashtra,Parbhani,APMC Sailu ,Fibre Crops,Cotton,Other,Local,"7,205.00","8,650.00","8,575.00",Rs./Quintal,07-04-2026
Maharashtra,Parbhani,APMC Sailu ,Fibre Crops,Cotton,Other,Local,"7,000.00","8,711.00","8,630.00",Rs./Quintal,06-04-2026
Maharashtra,Parbhani,APMC Sailu ,Fibre Crops,Cotton,Other,Local,"6,500.00","8,150.00","8,030.00",Rs./Quintal,25-03-2026
Maharashtra,Parbhani,APMC Sailu ,Fibre Crops,Cotton,Other,Local,"6,800.00","8,105.00","8,020.00",Rs./Quintal,24-03-2026
Maharashtra,Parbhani,APMC Sailu ,Fibre Crops,Cotton,Other,Local,"6,500.00","8,030.00","7,930.00",Rs./Quintal,18-03-2026
Maharashtra,Parbhani,APMC Sailu ,Fibre Crops,Cotton,Other,Local,"6,500.00","7,940.00","7,875.00",Rs./Quintal,17-03-2026
Maharashtra,Parbhani,APMC Sailu ,Fibre Crops,Cotton,Other,Local,"6,500.00","7,900.00","7,870.00",Rs./Quintal,16-03-2026
Maharashtra,Parbhani,APMC Sailu ,Fibre Crops,Cotton,Other,Local,"7,460.00","7,855.00","7,760.00",Rs./Quintal,11-03-2026
Maharashtra,Parbhani,APMC Sailu ,Fibre Crops,Cotton,Other,Local,"6,350.00","7,830.00","7,700.00",Rs./Quintal,04-03-2026
Maharashtra,Parbhani,APMC Sailu ,Fibre Crops,Cotton,Other,Local,"6,500.00","7,950.00","7,700.00",Rs./Quintal,25-02-2026
Maharashtra,Parbhani,APMC Sailu ,Fibre Crops,Cotton,Other,Local,"7,460.00","8,325.00","8,200.00",Rs./Quintal,28-01-2026
Maharashtra,Parbhani,APMC Sailu ,Fibre Crops,Cotton,Other,Local,"7,400.00","8,175.00","7,930.00",Rs./Quintal,21-01-2026
Maharashtra,Parbhani,APMC Sonpeth ,Fibre Crops,Cotton,Other,FAQ,"8,450.00","8,600.00","8,500.00",Rs./Quintal,03-05-2026
Maharashtra,Parbhani,APMC Sonpeth ,Fibre Crops,Cotton,Other,FAQ,"7,760.00","8,250.00","8,150.00",Rs./Quintal,22-04-2026
Maharashtra,Parbhani,APMC Sonpeth ,Fibre Crops,Cotton,Other,FAQ,"7,760.00","8,200.00","8,000.00",Rs./Quintal,21-04-2026
Maharashtra,Parbhani,APMC Sonpeth ,Fibre Crops,Cotton,Other,Non-FAQ,"7,200.00","7,560.00","7,300.00",Rs./Quintal,20-04-2026
Maharashtra,Parbhani,APMC Sonpeth ,Fibre Crops,Cotton,Other,FAQ,"8,150.00","8,250.00","8,200.00",Rs./Quintal,09-04-2026
Maharashtra,Parbhani,APMC Sonpeth ,Fibre Crops,Cotton,Other,Non-FAQ,"7,000.00","7,600.00","7,550.00",Rs./Quintal,20-03-2026
Maharashtra,Parbhani,APMC Sonpeth ,Fibre Crops,Cotton,Other,FAQ,"7,800.00","8,010.00","7,900.00",Rs./Quintal,12-03-2026
Maharashtra,Parbhani,APMC Sonpeth ,Fibre Crops,Cotton,Other,Non-FAQ,"7,000.00","7,700.00","7,601.00",Rs./Quintal,08-03-2026
Maharashtra,Parbhani,APMC Sonpeth ,Fibre Crops,Cotton,Other,FAQ,"7,750.00","8,010.00","7,979.00",Rs./Quintal,26-02-2026
Maharashtra,Parbhani,APMC Sonpeth ,Fibre Crops,Cotton,Other,FAQ,"7,750.00","8,010.00","7,979.00",Rs./Quintal,24-02-2026
Maharashtra,Parbhani,APMC Sonpeth ,Fibre Crops,Cotton,Other,Non-FAQ,"6,000.00","7,600.00","7,550.00",Rs./Quintal,24-02-2026
Maharashtra,Parbhani,APMC Sonpeth ,Fibre Crops,Cotton,Other,FAQ,"7,750.00","8,010.00","7,979.00",Rs./Quintal,23-02-2026
Maharashtra,Parbhani,APMC Sonpeth ,Fibre Crops,Cotton,Other,FAQ,"7,750.00","8,050.00","7,950.00",Rs./Quintal,27-01-2026
Maharashtra,Parbhani,APMC Sonpeth ,Fibre Crops,Cotton,Other,FAQ,"7,780.00","8,100.00","8,050.00",Rs./Quintal,12-01-2026
Maharashtra,Parbhani,APMC Sonpeth ,Fibre Crops,Cotton,Other,FAQ,"7,740.00","8,010.00","7,979.00",Rs./Quintal,08-01-2026
Maharashtra,Parbhani,APMC Sonpeth ,Fibre Crops,Cotton,Other,FAQ,"7,740.00","8,010.00","7,979.00",Rs./Quintal,07-01-2026
Maharashtra,Parbhani,APMC Sonpeth ,Fibre Crops,Cotton,Other,FAQ,"7,740.00","8,060.00","7,979.00",Rs./Quintal,06-01-2026
Maharashtra,Parbhani,APMC Sonpeth ,Fibre Crops,Cotton,Other,FAQ,"7,740.00","8,010.00","7,979.00",Rs./Quintal,05-01-2026
Maharashtra,Parbhani,APMC Sonpeth ,Fibre Crops,Cotton,Other,FAQ,"7,740.00","8,010.00","7,979.00",Rs./Quintal,02-01-2026
Maharashtra,Parbhani,APMC Sonpeth ,Fibre Crops,Cotton,Other,FAQ,"7,740.00","8,010.00","7,979.00",Rs./Quintal,01-01-2026
Maharashtra,Parbhani,APMC Tadkalas ,Fibre Crops,Cotton,H-4(A) 27mm FIne,FAQ,"8,010.00","8,010.00","8,010.00",Rs./Quintal,12-03-2026
Maharashtra,Parbhani,"Hari Har Khajagi Bazar Parisar, Gangakhed, Dist Parbhani",Fibre Crops,Cotton,LRA,Local,"8,600.00","8,600.00","8,600.00",Rs./Quintal,25-06-2026
Maharashtra,Parbhani,"Hari Har Khajagi Bazar Parisar, Gangakhed, Dist Parbhani",Fibre Crops,Cotton,LRA,Local,"8,600.00","8,750.00","8,731.66",Rs./Quintal,24-06-2026
Maharashtra,Parbhani,"Hari Har Khajagi Bazar Parisar, Gangakhed, Dist Parbhani",Fibre Crops,Cotton,LRA,Local,"7,100.00","8,750.00","7,712.59",Rs./Quintal,23-06-2026
Maharashtra,Parbhani,"Hari Har Khajagi Bazar Parisar, Gangakhed, Dist Parbhani",Fibre Crops,Cotton,LRA,Local,"7,900.00","8,800.00","8,173.10",Rs./Quintal,22-06-2026
Maharashtra,Parbhani,"Hari Har Khajagi Bazar Parisar, Gangakhed, Dist Parbhani",Fibre Crops,Cotton,LRA,Local,"7,800.00","8,625.00","8,167.76",Rs./Quintal,21-06-2026
Maharashtra,Parbhani,"Hari Har Khajagi Bazar Parisar, Gangakhed, Dist Parbhani",Fibre Crops,Cotton,LRA,Local,"8,625.00","8,625.00","8,625.00",Rs./Quintal,20-06-2026
Maharashtra,Parbhani,"Hari Har Khajagi Bazar Parisar, Gangakhed, Dist Parbhani",Fibre Crops,Cotton,LRA,Local,"8,625.00","8,640.00","8,630.33",Rs./Quintal,19-06-2026
Maharashtra,Parbhani,"Hari Har Khajagi Bazar Parisar, Gangakhed, Dist Parbhani",Fibre Crops,Cotton,LRA,Local,"8,525.00","8,650.00","8,580.10",Rs./Quintal,18-06-2026
Maharashtra,Parbhani,"Hari Har Khajagi Bazar Parisar, Gangakhed, Dist Parbhani",Fibre Crops,Cotton,LRA,Local,"8,400.00","8,500.00","8,444.76",Rs./Quintal,17-06-2026
Maharashtra,Parbhani,"Hari Har Khajagi Bazar Parisar, Gangakhed, Dist Parbhani",Fibre Crops,Cotton,LRA,Local,"6,100.00","8,525.00","8,242.04",Rs./Quintal,16-06-2026
Maharashtra,Parbhani,"Hari Har Khajagi Bazar Parisar, Gangakhed, Dist Parbhani",Fibre Crops,Cotton,LRA,Local,"8,000.00","8,500.00","8,415.14",Rs./Quintal,15-06-2026
Maharashtra,Parbhani,"Hari Har Khajagi Bazar Parisar, Gangakhed, Dist Parbhani",Fibre Crops,Cotton,LRA,Local,"8,375.00","8,450.00","8,407.68",Rs./Quintal,14-06-2026
Maharashtra,Parbhani,"Hari Har Khajagi Bazar Parisar, Gangakhed, Dist Parbhani",Fibre Crops,Cotton,LRA,Local,"6,500.00","8,525.00","8,480.90",Rs./Quintal,13-06-2026
Maharashtra,Parbhani,"Hari Har Khajagi Bazar Parisar, Gangakhed, Dist Parbhani",Fibre Crops,Cotton,LRA,Local,"6,500.00","8,550.00","8,485.92",Rs./Quintal,11-06-2026
Maharashtra,Parbhani,"Hari Har Khajagi Bazar Parisar, Gangakhed, Dist Parbhani",Fibre Crops,Cotton,LRA,Local,"6,200.00","8,600.00","8,434.27",Rs./Quintal,07-06-2026
Maharashtra,Parbhani,"Hari Har Khajagi Bazar Parisar, Gangakhed, Dist Parbhani",Fibre Crops,Cotton,LRA,Local,"5,600.00","8,700.00","8,468.74",Rs./Quintal,06-06-2026
Maharashtra,Parbhani,"Hari Har Khajagi Bazar Parisar, Gangakhed, Dist Parbhani",Fibre Crops,Cotton,LRA,Local,"6,100.00","8,800.00","8,483.98",Rs./Quintal,05-06-2026
Maharashtra,Parbhani,"Hari Har Khajagi Bazar Parisar, Gangakhed, Dist Parbhani",Fibre Crops,Cotton,LRA,Local,"6,400.00","8,750.00","8,652.28",Rs./Quintal,04-06-2026
Maharashtra,Parbhani,"Hari Har Khajagi Bazar Parisar, Gangakhed, Dist Parbhani",Fibre Crops,Cotton,LRA,Local,"6,500.00","8,800.00","8,618.60",Rs./Quintal,03-06-2026
Maharashtra,Parbhani,"Hari Har Khajagi Bazar Parisar, Gangakhed, Dist Parbhani",Fibre Crops,Cotton,LRA,Local,"6,300.00","8,800.00","8,722.86",Rs./Quintal,02-06-2026
Maharashtra,Parbhani,"Hari Har Khajagi Bazar Parisar, Gangakhed, Dist Parbhani",Fibre Crops,Cotton,LRA,Local,"6,300.00","8,950.00","8,729.77",Rs./Quintal,01-06-2026
Maharashtra,Parbhani,"Hari Har Khajagi Bazar Parisar, Gangakhed, Dist Parbhani",Fibre Crops,Cotton,LRA,Local,"6,500.00","8,850.00","8,649.38",Rs./Quintal,31-05-2026
Maharashtra,Parbhani,"Hari Har Khajagi Bazar Parisar, Gangakhed, Dist Parbhani",Fibre Crops,Cotton,LRA,Local,"6,700.00","8,950.00","8,742.51",Rs./Quintal,30-05-2026
Maharashtra,Parbhani,"Hari Har Khajagi Bazar Parisar, Gangakhed, Dist Parbhani",Fibre Crops,Cotton,LRA,Local,"7,000.00","9,050.00","8,935.89",Rs./Quintal,29-05-2026
Maharashtra,Parbhani,"Hari Har Khajagi Bazar Parisar, Gangakhed, Dist Parbhani",Fibre Crops,Cotton,LRA,Local,"6,500.00","9,070.00","8,864.04",Rs./Quintal,28-05-2026
Maharashtra,Parbhani,"Hari Har Khajagi Bazar Parisar, Gangakhed, Dist Parbhani",Fibre Crops,Cotton,LRA,Local,"6,500.00","9,100.00","8,861.74",Rs./Quintal,26-05-2026
Maharashtra,Parbhani,"Hari Har Khajagi Bazar Parisar, Gangakhed, Dist Parbhani",Fibre Crops,Cotton,LRA,Local,"6,200.00","9,150.00","8,857.00",Rs./Quintal,25-05-2026
Maharashtra,Parbhani,"Hari Har Khajagi Bazar Parisar, Gangakhed, Dist Parbhani",Fibre Crops,Cotton,LRA,Local,"7,000.00","9,100.00","8,862.56",Rs./Quintal,24-05-2026
Maharashtra,Parbhani,"Hari Har Khajagi Bazar Parisar, Gangakhed, Dist Parbhani",Fibre Crops,Cotton,LRA,Local,"6,500.00","9,200.00","8,938.39",Rs./Quintal,23-05-2026
Maharashtra,Parbhani,"Hari Har Khajagi Bazar Parisar, Gangakhed, Dist Parbhani",Fibre Crops,Cotton,LRA,Local,"6,800.00","9,350.00","9,113.72",Rs./Quintal,22-05-2026
Maharashtra,Parbhani,"Hari Har Khajagi Bazar Parisar, Gangakhed, Dist Parbhani",Fibre Crops,Cotton,LRA,Local,"7,000.00","9,500.00","9,285.27",Rs./Quintal,21-05-2026
Maharashtra,Parbhani,"Hari Har Khajagi Bazar Parisar, Gangakhed, Dist Parbhani",Fibre Crops,Cotton,LRA,Local,"7,100.00","9,600.00","9,341.60",Rs./Quintal,20-05-2026
Maharashtra,Parbhani,"Hari Har Khajagi Bazar Parisar, Gangakhed, Dist Parbhani",Fibre Crops,Cotton,LRA,Local,"6,700.00","9,600.00","9,346.80",Rs./Quintal,19-05-2026
Maharashtra,Parbhani,"Hari Har Khajagi Bazar Parisar, Gangakhed, Dist Parbhani",Fibre Crops,Cotton,LRA,Local,"7,400.00","9,600.00","9,351.87",Rs./Quintal,18-05-2026
Maharashtra,Parbhani,"Hari Har Khajagi Bazar Parisar, Gangakhed, Dist Parbhani",Fibre Crops,Cotton,LRA,Local,"7,300.00","9,500.00","9,249.75",Rs./Quintal,17-05-2026
Maharashtra,Parbhani,"Hari Har Khajagi Bazar Parisar, Gangakhed, Dist Parbhani",Fibre Crops,Cotton,LRA,Local,"7,000.00","9,650.00","9,360.50",Rs./Quintal,15-05-2026
Maharashtra,Parbhani,"Hari Har Khajagi Bazar Parisar, Gangakhed, Dist Parbhani",Fibre Crops,Cotton,LRA,Local,"7,000.00","9,700.00","9,384.16",Rs./Quintal,14-05-2026
Maharashtra,Parbhani,"Hari Har Khajagi Bazar Parisar, Gangakhed, Dist Parbhani",Fibre Crops,Cotton,LRA,Local,"7,000.00","9,600.00","9,332.36",Rs./Quintal,13-05-2026
Maharashtra,Parbhani,"Hari Har Khajagi Bazar Parisar, Gangakhed, Dist Parbhani",Fibre Crops,Cotton,LRA,Local,"7,200.00","9,500.00","9,187.86",Rs./Quintal,12-05-2026
Maharashtra,Parbhani,"Hari Har Khajagi Bazar Parisar, Gangakhed, Dist Parbhani",Fibre Crops,Cotton,LRA,Local,"6,600.00","9,600.00","9,219.67",Rs./Quintal,11-05-2026
Maharashtra,Parbhani,"Hari Har Khajagi Bazar Parisar, Gangakhed, Dist Parbhani",Fibre Crops,Cotton,LRA,Local,"7,000.00","9,350.00","8,907.84",Rs./Quintal,10-05-2026
Maharashtra,Parbhani,"Hari Har Khajagi Bazar Parisar, Gangakhed, Dist Parbhani",Fibre Crops,Cotton,LRA,Local,"7,200.00","9,200.00","8,968.52",Rs./Quintal,09-05-2026
Maharashtra,Parbhani,"Hari Har Khajagi Bazar Parisar, Gangakhed, Dist Parbhani",Fibre Crops,Cotton,LRA,Local,"7,000.00","9,250.00","8,997.51",Rs./Quintal,08-05-2026
Maharashtra,Parbhani,"Hari Har Khajagi Bazar Parisar, Gangakhed, Dist Parbhani",Fibre Crops,Cotton,LRA,Local,"7,000.00","9,200.00","8,879.08",Rs./Quintal,07-05-2026
Maharashtra,Parbhani,"Hari Har Khajagi Bazar Parisar, Gangakhed, Dist Parbhani",Fibre Crops,Cotton,LRA,Local,"7,300.00","9,200.00","8,845.75",Rs./Quintal,06-05-2026
Maharashtra,Parbhani,"Hari Har Khajagi Bazar Parisar, Gangakhed, Dist Parbhani",Fibre Crops,Cotton,LRA,Local,"6,500.00","9,100.00","8,863.71",Rs./Quintal,05-05-2026
Maharashtra,Parbhani,"Hari Har Khajagi Bazar Parisar, Gangakhed, Dist Parbhani",Fibre Crops,Cotton,LRA,Local,"6,000.00","9,000.00","8,766.44",Rs./Quintal,04-05-2026
Maharashtra,Parbhani,"Hari Har Khajagi Bazar Parisar, Gangakhed, Dist Parbhani",Fibre Crops,Cotton,LRA,Local,"6,400.00","8,760.00","8,431.23",Rs./Quintal,03-05-2026
Maharashtra,Parbhani,"Hari Har Khajagi Bazar Parisar, Gangakhed, Dist Parbhani",Fibre Crops,Cotton,LRA,Local,"6,500.00","8,750.00","8,483.54",Rs./Quintal,02-05-2026
Maharashtra,Parbhani,"Hari Har Khajagi Bazar Parisar, Gangakhed, Dist Parbhani",Fibre Crops,Cotton,LRA,Local,"6,300.00","8,700.00","8,404.41",Rs./Quintal,01-05-2026
Maharashtra,Parbhani,"Hari Har Khajagi Bazar Parisar, Gangakhed, Dist Parbhani",Fibre Crops,Cotton,LRA,Local,"6,500.00","8,600.00","8,286.07",Rs./Quintal,30-04-2026
Maharashtra,Parbhani,"Hari Har Khajagi Bazar Parisar, Gangakhed, Dist Parbhani",Fibre Crops,Cotton,LRA,Local,"6,200.00","8,550.00","8,207.07",Rs./Quintal,29-04-2026
Maharashtra,Parbhani,"Hari Har Khajagi Bazar Parisar, Gangakhed, Dist Parbhani",Fibre Crops,Cotton,LRA,Local,"6,400.00","8,550.00","8,308.68",Rs./Quintal,28-04-2026
Maharashtra,Parbhani,"Hari Har Khajagi Bazar Parisar, Gangakhed, Dist Parbhani",Fibre Crops,Cotton,LRA,Local,"6,000.00","8,525.00","8,281.84",Rs./Quintal,27-04-2026
Maharashtra,Parbhani,"Hari Har Khajagi Bazar Parisar, Gangakhed, Dist Parbhani",Fibre Crops,Cotton,LRA,Local,"6,400.00","8,550.00","8,247.37",Rs./Quintal,26-04-2026
Maharashtra,Parbhani,"Hari Har Khajagi Bazar Parisar, Gangakhed, Dist Parbhani",Fibre Crops,Cotton,LRA,Local,"6,400.00","8,600.00","8,325.75",Rs./Quintal,23-04-2026
Maharashtra,Parbhani,"Hari Har Khajagi Bazar Parisar, Gangakhed, Dist Parbhani",Fibre Crops,Cotton,LRA,Local,"6,300.00","8,700.00","8,222.69",Rs./Quintal,22-04-2026
Maharashtra,Parbhani,"Hari Har Khajagi Bazar Parisar, Gangakhed, Dist Parbhani",Fibre Crops,Cotton,LRA,Local,"6,500.00","8,350.00","8,050.76",Rs./Quintal,21-04-2026
Maharashtra,Parbhani,"Hari Har Khajagi Bazar Parisar, Gangakhed, Dist Parbhani",Fibre Crops,Cotton,LRA,Local,"6,350.00","8,325.00","7,951.02",Rs./Quintal,20-04-2026
Maharashtra,Parbhani,"Hari Har Khajagi Bazar Parisar, Gangakhed, Dist Parbhani",Fibre Crops,Cotton,LRA,Local,"6,650.00","8,325.00","8,121.43",Rs./Quintal,19-04-2026
Maharashtra,Parbhani,"Hari Har Khajagi Bazar Parisar, Gangakhed, Dist Parbhani",Fibre Crops,Cotton,LRA,Local,"6,300.00","8,325.00","8,099.03",Rs./Quintal,18-04-2026
Maharashtra,Parbhani,"Hari Har Khajagi Bazar Parisar, Gangakhed, Dist Parbhani",Fibre Crops,Cotton,LRA,Local,"6,300.00","8,300.00","8,045.85",Rs./Quintal,17-04-2026
Maharashtra,Parbhani,"Hari Har Khajagi Bazar Parisar, Gangakhed, Dist Parbhani",Fibre Crops,Cotton,LRA,Local,"6,000.00","8,250.00","8,006.20",Rs./Quintal,16-04-2026
Maharashtra,Parbhani,"Hari Har Khajagi Bazar Parisar, Gangakhed, Dist Parbhani",Fibre Crops,Cotton,LRA,Local,"6,200.00","8,225.00","7,973.23",Rs./Quintal,15-04-2026
Maharashtra,Parbhani,"Hari Har Khajagi Bazar Parisar, Gangakhed, Dist Parbhani",Fibre Crops,Cotton,LRA,Local,"6,600.00","8,200.00","7,910.58",Rs./Quintal,14-04-2026
Maharashtra,Parbhani,"Hari Har Khajagi Bazar Parisar, Gangakhed, Dist Parbhani",Fibre Crops,Cotton,LRA,Local,"6,100.00","8,200.00","7,979.97",Rs./Quintal,13-04-2026
Maharashtra,Parbhani,"Hari Har Khajagi Bazar Parisar, Gangakhed, Dist Parbhani",Fibre Crops,Cotton,LRA,Local,"6,000.00","8,200.00","8,009.37",Rs./Quintal,12-04-2026
Maharashtra,Parbhani,"Hari Har Khajagi Bazar Parisar, Gangakhed, Dist Parbhani",Fibre Crops,Cotton,LRA,Local,"6,200.00","8,200.00","8,062.22",Rs./Quintal,11-04-2026
Maharashtra,Parbhani,"Hari Har Khajagi Bazar Parisar, Gangakhed, Dist Parbhani",Fibre Crops,Cotton,LRA,Local,"6,150.00","8,300.00","8,066.94",Rs./Quintal,10-04-2026
Maharashtra,Parbhani,"Hari Har Khajagi Bazar Parisar, Gangakhed, Dist Parbhani",Fibre Crops,Cotton,LRA,Local,"6,300.00","8,375.00","8,121.84",Rs./Quintal,09-04-2026
Maharashtra,Parbhani,"Hari Har Khajagi Bazar Parisar, Gangakhed, Dist Parbhani",Fibre Crops,Cotton,LRA,Local,"6,200.00","8,350.00","8,183.69",Rs./Quintal,08-04-2026
Maharashtra,Parbhani,"Hari Har Khajagi Bazar Parisar, Gangakhed, Dist Parbhani",Fibre Crops,Cotton,LRA,Local,"6,200.00","8,350.00","8,163.73",Rs./Quintal,07-04-2026
Maharashtra,Parbhani,"Hari Har Khajagi Bazar Parisar, Gangakhed, Dist Parbhani",Fibre Crops,Cotton,LRA,Local,"6,200.00","8,350.00","8,176.32",Rs./Quintal,06-04-2026
Maharashtra,Parbhani,"Hari Har Khajagi Bazar Parisar, Gangakhed, Dist Parbhani",Fibre Crops,Cotton,LRA,Local,"6,000.00","8,390.00","8,129.38",Rs./Quintal,05-04-2026
Maharashtra,Parbhani,"Hari Har Khajagi Bazar Parisar, Gangakhed, Dist Parbhani",Fibre Crops,Cotton,LRA,Local,"6,200.00","8,400.00","8,131.93",Rs./Quintal,04-04-2026
Maharashtra,Parbhani,"Hari Har Khajagi Bazar Parisar, Gangakhed, Dist Parbhani",Fibre Crops,Cotton,LRA,Local,"6,000.00","8,335.00","7,966.77",Rs./Quintal,03-04-2026
Maharashtra,Parbhani,"Hari Har Khajagi Bazar Parisar, Gangakhed, Dist Parbhani",Fibre Crops,Cotton,LRA,Local,"6,200.00","8,150.00","7,937.26",Rs./Quintal,02-04-2026
Maharashtra,Parbhani,"Hari Har Khajagi Bazar Parisar, Gangakhed, Dist Parbhani",Fibre Crops,Cotton,LRA,Local,"6,000.00","8,100.00","7,799.21",Rs./Quintal,01-04-2026
Maharashtra,Parbhani,"Hari Har Khajagi Bazar Parisar, Gangakhed, Dist Parbhani",Fibre Crops,Cotton,LRA,Local,"6,400.00","8,100.00","7,768.53",Rs./Quintal,31-03-2026
Maharashtra,Parbhani,"Hari Har Khajagi Bazar Parisar, Gangakhed, Dist Parbhani",Fibre Crops,Cotton,LRA,Local,"6,200.00","8,050.00","7,795.44",Rs./Quintal,30-03-2026
Maharashtra,Parbhani,"Hari Har Khajagi Bazar Parisar, Gangakhed, Dist Parbhani",Fibre Crops,Cotton,LRA,Local,"6,000.00","8,000.00","7,722.86",Rs./Quintal,29-03-2026
Maharashtra,Parbhani,"Hari Har Khajagi Bazar Parisar, Gangakhed, Dist Parbhani",Fibre Crops,Cotton,LRA,Local,"6,200.00","7,900.00","7,666.44",Rs./Quintal,27-03-2026
Maharashtra,Parbhani,"Hari Har Khajagi Bazar Parisar, Gangakhed, Dist Parbhani",Fibre Crops,Cotton,LRA,Local,"6,000.00","7,900.00","7,686.85",Rs./Quintal,26-03-2026
Maharashtra,Parbhani,"Hari Har Khajagi Bazar Parisar, Gangakhed, Dist Parbhani",Fibre Crops,Cotton,LRA,Local,"6,000.00","7,900.00","7,684.02",Rs./Quintal,25-03-2026
Maharashtra,Parbhani,"Hari Har Khajagi Bazar Parisar, Gangakhed, Dist Parbhani",Fibre Crops,Cotton,LRA,Local,"6,100.00","7,925.00","7,732.62",Rs./Quintal,24-03-2026
Maharashtra,Parbhani,"Hari Har Khajagi Bazar Parisar, Gangakhed, Dist Parbhani",Fibre Crops,Cotton,LRA,Local,"6,200.00","7,900.00","7,717.84",Rs./Quintal,23-03-2026
Maharashtra,Parbhani,"Hari Har Khajagi Bazar Parisar, Gangakhed, Dist Parbhani",Fibre Crops,Cotton,LRA,Local,"6,200.00","7,850.00","7,660.98",Rs./Quintal,22-03-2026
Maharashtra,Parbhani,"Hari Har Khajagi Bazar Parisar, Gangakhed, Dist Parbhani",Fibre Crops,Cotton,LRA,Local,"6,300.00","7,850.00","7,677.93",Rs./Quintal,21-03-2026
Maharashtra,Parbhani,"Hari Har Khajagi Bazar Parisar, Gangakhed, Dist Parbhani",Fibre Crops,Cotton,LRA,Local,"6,100.00","7,825.00","7,637.88",Rs./Quintal,19-03-2026
Maharashtra,Parbhani,"Hari Har Khajagi Bazar Parisar, Gangakhed, Dist Parbhani",Fibre Crops,Cotton,LRA,Local,"6,000.00","7,825.00","7,657.99",Rs./Quintal,18-03-2026
Maharashtra,Parbhani,"Hari Har Khajagi Bazar Parisar, Gangakhed, Dist Parbhani",Fibre Crops,Cotton,LRA,Local,"6,500.00","7,710.00","7,561.58",Rs./Quintal,17-03-2026
Maharashtra,Parbhani,"Hari Har Khajagi Bazar Parisar, Gangakhed, Dist Parbhani",Fibre Crops,Cotton,LRA,Local,"6,000.00","7,650.00","7,507.95",Rs./Quintal,15-03-2026
Maharashtra,Parbhani,"Hari Har Khajagi Bazar Parisar, Gangakhed, Dist Parbhani",Fibre Crops,Cotton,LRA,Local,"6,250.00","7,650.00","7,574.49",Rs./Quintal,14-03-2026
Maharashtra,Parbhani,"Hari Har Khajagi Bazar Parisar, Gangakhed, Dist Parbhani",Fibre Crops,Cotton,LRA,Local,"6,200.00","7,650.00","7,572.54",Rs./Quintal,13-03-2026
Maharashtra,Parbhani,"Hari Har Khajagi Bazar Parisar, Gangakhed, Dist Parbhani",Fibre Crops,Cotton,LRA,Local,"6,200.00","7,650.00","7,571.43",Rs./Quintal,12-03-2026
Maharashtra,Parbhani,"Hari Har Khajagi Bazar Parisar, Gangakhed, Dist Parbhani",Fibre Crops,Cotton,LRA,Local,"6,200.00","7,700.00","7,600.65",Rs./Quintal,11-03-2026
Maharashtra,Parbhani,"Hari Har Khajagi Bazar Parisar, Gangakhed, Dist Parbhani",Fibre Crops,Cotton,LRA,Local,"6,150.00","7,700.00","7,601.40",Rs./Quintal,10-03-2026
Maharashtra,Parbhani,"Hari Har Khajagi Bazar Parisar, Gangakhed, Dist Parbhani",Fibre Crops,Cotton,LRA,Local,"6,000.00","7,700.00","7,610.97",Rs./Quintal,09-03-2026
Maharashtra,Parbhani,"Hari Har Khajagi Bazar Parisar, Gangakhed, Dist Parbhani",Fibre Crops,Cotton,LRA,Local,"6,000.00","7,700.00","7,539.35",Rs./Quintal,08-03-2026
Maharashtra,Parbhani,"Hari Har Khajagi Bazar Parisar, Gangakhed, Dist Parbhani",Fibre Crops,Cotton,LRA,Local,"6,000.00","7,800.00","7,612.96",Rs./Quintal,07-03-2026
Maharashtra,Parbhani,"Hari Har Khajagi Bazar Parisar, Gangakhed, Dist Parbhani",Fibre Crops,Cotton,LRA,Local,"5,900.00","7,725.00","7,621.48",Rs./Quintal,06-03-2026
Maharashtra,Parbhani,"Hari Har Khajagi Bazar Parisar, Gangakhed, Dist Parbhani",Fibre Crops,Cotton,LRA,Local,"6,200.00","7,725.00","7,638.57",Rs./Quintal,05-03-2026
Maharashtra,Parbhani,"Hari Har Khajagi Bazar Parisar, Gangakhed, Dist Parbhani",Fibre Crops,Cotton,LRA,Local,"7,200.00","7,710.00","7,650.22",Rs./Quintal,04-03-2026
Maharashtra,Parbhani,"Hari Har Khajagi Bazar Parisar, Gangakhed, Dist Parbhani",Fibre Crops,Cotton,LRA,Local,"6,100.00","7,660.00","7,628.43",Rs./Quintal,01-03-2026
Maharashtra,Parbhani,"Hari Har Khajagi Bazar Parisar, Gangakhed, Dist Parbhani",Fibre Crops,Cotton,LRA,Local,"6,000.00","7,700.00","7,620.89",Rs./Quintal,28-02-2026
Maharashtra,Parbhani,"Hari Har Khajagi Bazar Parisar, Gangakhed, Dist Parbhani",Fibre Crops,Cotton,LRA,Local,"5,000.00","7,675.00","7,617.07",Rs./Quintal,27-02-2026
Maharashtra,Parbhani,"Hari Har Khajagi Bazar Parisar, Gangakhed, Dist Parbhani",Fibre Crops,Cotton,LRA,Local,"6,000.00","7,650.00","7,539.14",Rs./Quintal,26-02-2026
Maharashtra,Parbhani,"Hari Har Khajagi Bazar Parisar, Gangakhed, Dist Parbhani",Fibre Crops,Cotton,LRA,Local,"6,000.00","7,700.00","7,562.87",Rs./Quintal,24-02-2026
Maharashtra,Parbhani,"Hari Har Khajagi Bazar Parisar, Gangakhed, Dist Parbhani",Fibre Crops,Cotton,LRA,Local,"6,000.00","7,700.00","7,527.22",Rs./Quintal,23-02-2026
Maharashtra,Parbhani,"Hari Har Khajagi Bazar Parisar, Gangakhed, Dist Parbhani",Fibre Crops,Cotton,LRA,Local,"6,200.00","7,630.00","7,503.67",Rs./Quintal,22-02-2026
Maharashtra,Parbhani,"Hari Har Khajagi Bazar Parisar, Gangakhed, Dist Parbhani",Fibre Crops,Cotton,LRA,Local,"6,700.00","7,650.00","7,559.93",Rs./Quintal,21-02-2026
Maharashtra,Parbhani,"Hari Har Khajagi Bazar Parisar, Gangakhed, Dist Parbhani",Fibre Crops,Cotton,LRA,Local,"6,250.00","7,630.00","7,565.90",Rs./Quintal,20-02-2026
Maharashtra,Parbhani,"Hari Har Khajagi Bazar Parisar, Gangakhed, Dist Parbhani",Fibre Crops,Cotton,LRA,Local,"6,000.00","7,600.00","7,499.77",Rs./Quintal,19-02-2026
Maharashtra,Parbhani,"Hari Har Khajagi Bazar Parisar, Gangakhed, Dist Parbhani",Fibre Crops,Cotton,LRA,Local,"6,350.00","7,650.00","7,476.93",Rs./Quintal,18-02-2026
Maharashtra,Parbhani,"Hari Har Khajagi Bazar Parisar, Gangakhed, Dist Parbhani",Fibre Crops,Cotton,LRA,Local,"6,200.00","7,600.00","7,464.03",Rs./Quintal,17-02-2026
Maharashtra,Parbhani,"Hari Har Khajagi Bazar Parisar, Gangakhed, Dist Parbhani",Fibre Crops,Cotton,LRA,Local,"7,300.00","7,550.00","7,477.94",Rs./Quintal,16-02-2026
Maharashtra,Parbhani,"Hari Har Khajagi Bazar Parisar, Gangakhed, Dist Parbhani",Fibre Crops,Cotton,LRA,Local,"6,500.00","7,650.00","7,570.04",Rs./Quintal,15-02-2026
Maharashtra,Parbhani,"Hari Har Khajagi Bazar Parisar, Gangakhed, Dist Parbhani",Fibre Crops,Cotton,LRA,Local,"5,500.00","7,650.00","7,520.92",Rs./Quintal,14-02-2026
Maharashtra,Parbhani,"Hari Har Khajagi Bazar Parisar, Gangakhed, Dist Parbhani",Fibre Crops,Cotton,LRA,Local,"7,500.00","7,650.00","7,596.13",Rs./Quintal,13-02-2026
Maharashtra,Parbhani,"Hari Har Khajagi Bazar Parisar, Gangakhed, Dist Parbhani",Fibre Crops,Cotton,LRA,Local,"7,400.00","7,650.00","7,565.04",Rs./Quintal,12-02-2026
Maharashtra,Parbhani,"Hari Har Khajagi Bazar Parisar, Gangakhed, Dist Parbhani",Fibre Crops,Cotton,LRA,Local,"6,200.00","7,650.00","7,586.66",Rs./Quintal,11-02-2026
Maharashtra,Parbhani,"Hari Har Khajagi Bazar Parisar, Gangakhed, Dist Parbhani",Fibre Crops,Cotton,LRA,Local,"7,200.00","7,650.00","7,541.81",Rs./Quintal,10-02-2026
Maharashtra,Parbhani,"Hari Har Khajagi Bazar Parisar, Gangakhed, Dist Parbhani",Fibre Crops,Cotton,LRA,Local,"7,400.00","7,725.00","7,653.67",Rs./Quintal,09-02-2026
Maharashtra,Parbhani,"Hari Har Khajagi Bazar Parisar, Gangakhed, Dist Parbhani",Fibre Crops,Cotton,LRA,Local,"7,400.00","7,720.00","7,683.93",Rs./Quintal,08-02-2026
Maharashtra,Parbhani,"Hari Har Khajagi Bazar Parisar, Gangakhed, Dist Parbhani",Fibre Crops,Cotton,LRA,Local,"7,000.00","7,850.00","7,785.88",Rs./Quintal,05-02-2026
Maharashtra,Parbhani,"Hari Har Khajagi Bazar Parisar, Gangakhed, Dist Parbhani",Fibre Crops,Cotton,LRA,Local,"5,200.00","7,800.00","7,714.25",Rs./Quintal,03-02-2026
Maharashtra,Parbhani,"Hari Har Khajagi Bazar Parisar, Gangakhed, Dist Parbhani",Fibre Crops,Cotton,LRA,Local,"6,700.00","7,900.00","7,744.78",Rs./Quintal,02-02-2026
Maharashtra,Parbhani,"Hari Har Khajagi Bazar Parisar, Gangakhed, Dist Parbhani",Fibre Crops,Cotton,LRA,Local,"7,000.00","7,950.00","7,768.14",Rs./Quintal,01-02-2026
Maharashtra,Parbhani,"Hari Har Khajagi Bazar Parisar, Gangakhed, Dist Parbhani",Fibre Crops,Cotton,LRA,Local,"7,700.00","8,050.00","7,870.39",Rs./Quintal,31-01-2026
Maharashtra,Parbhani,"Hari Har Khajagi Bazar Parisar, Gangakhed, Dist Parbhani",Fibre Crops,Cotton,LRA,Local,"6,850.00","8,000.00","7,858.65",Rs./Quintal,30-01-2026
Maharashtra,Parbhani,"Hari Har Khajagi Bazar Parisar, Gangakhed, Dist Parbhani",Fibre Crops,Cotton,LRA,Local,"7,500.00","8,050.00","7,827.27",Rs./Quintal,29-01-2026
Maharashtra,Parbhani,"Hari Har Khajagi Bazar Parisar, Gangakhed, Dist Parbhani",Fibre Crops,Cotton,LRA,Local,"7,450.00","8,100.00","7,913.48",Rs./Quintal,28-01-2026
Maharashtra,Parbhani,"Hari Har Khajagi Bazar Parisar, Gangakhed, Dist Parbhani",Fibre Crops,Cotton,LRA,Local,"7,000.00","8,050.00","7,924.19",Rs./Quintal,27-01-2026
Maharashtra,Parbhani,"Hari Har Khajagi Bazar Parisar, Gangakhed, Dist Parbhani",Fibre Crops,Cotton,LRA,Local,"7,525.00","8,100.00","7,818.43",Rs./Quintal,26-01-2026
Maharashtra,Parbhani,"Hari Har Khajagi Bazar Parisar, Gangakhed, Dist Parbhani",Fibre Crops,Cotton,LRA,Local,"7,400.00","8,050.00","7,805.19",Rs./Quintal,25-01-2026
Maharashtra,Parbhani,"Hari Har Khajagi Bazar Parisar, Gangakhed, Dist Parbhani",Fibre Crops,Cotton,LRA,Local,"6,400.00","8,050.00","7,802.58",Rs./Quintal,24-01-2026
Maharashtra,Parbhani,"Hari Har Khajagi Bazar Parisar, Gangakhed, Dist Parbhani",Fibre Crops,Cotton,LRA,Local,"7,000.00","8,050.00","7,833.52",Rs./Quintal,23-01-2026
Maharashtra,Parbhani,"Hari Har Khajagi Bazar Parisar, Gangakhed, Dist Parbhani",Fibre Crops,Cotton,LRA,Local,"6,690.00","8,100.00","7,883.79",Rs./Quintal,22-01-2026
Maharashtra,Parbhani,"Hari Har Khajagi Bazar Parisar, Gangakhed, Dist Parbhani",Fibre Crops,Cotton,LRA,Local,"7,200.00","8,000.00","7,816.34",Rs./Quintal,21-01-2026
Maharashtra,Parbhani,"Hari Har Khajagi Bazar Parisar, Gangakhed, Dist Parbhani",Fibre Crops,Cotton,LRA,Local,"7,350.00","8,050.00","7,860.11",Rs./Quintal,18-01-2026
Maharashtra,Parbhani,"Hari Har Khajagi Bazar Parisar, Gangakhed, Dist Parbhani",Fibre Crops,Cotton,LRA,Local,"7,300.00","7,900.00","7,660.22",Rs./Quintal,16-01-2026
Maharashtra,Parbhani,"Hari Har Khajagi Bazar Parisar, Gangakhed, Dist Parbhani",Fibre Crops,Cotton,LRA,Local,"7,250.00","7,965.00","7,937.89",Rs./Quintal,15-01-2026
Maharashtra,Parbhani,"Hari Har Khajagi Bazar Parisar, Gangakhed, Dist Parbhani",Fibre Crops,Cotton,LRA,Local,"7,400.00","8,100.00","7,910.86",Rs./Quintal,14-01-2026
Maharashtra,Parbhani,"Hari Har Khajagi Bazar Parisar, Gangakhed, Dist Parbhani",Fibre Crops,Cotton,LRA,Local,"7,300.00","8,100.00","7,843.89",Rs./Quintal,12-01-2026
Maharashtra,Parbhani,"Hari Har Khajagi Bazar Parisar, Gangakhed, Dist Parbhani",Fibre Crops,Cotton,LRA,Local,"7,500.00","8,050.00","7,982.31",Rs./Quintal,10-01-2026
Maharashtra,Parbhani,"Hari Har Khajagi Bazar Parisar, Gangakhed, Dist Parbhani",Fibre Crops,Cotton,LRA,Local,"7,350.00","8,000.00","7,630.13",Rs./Quintal,09-01-2026
Maharashtra,Parbhani,"Hari Har Khajagi Bazar Parisar, Gangakhed, Dist Parbhani",Fibre Crops,Cotton,LRA,Local,"6,800.00","7,850.00","7,568.25",Rs./Quintal,08-01-2026
Maharashtra,Parbhani,"Hari Har Khajagi Bazar Parisar, Gangakhed, Dist Parbhani",Fibre Crops,Cotton,LRA,Local,"7,275.00","7,850.00","7,714.65",Rs./Quintal,07-01-2026
Maharashtra,Parbhani,"Hari Har Khajagi Bazar Parisar, Gangakhed, Dist Parbhani",Fibre Crops,Cotton,LRA,Local,"7,000.00","7,700.00","7,358.05",Rs./Quintal,06-01-2026
Maharashtra,Parbhani,"Hari Har Khajagi Bazar Parisar, Gangakhed, Dist Parbhani",Fibre Crops,Cotton,LRA,Local,"6,800.00","7,600.00","7,506.49",Rs./Quintal,05-01-2026
Maharashtra,Parbhani,"Hari Har Khajagi Bazar Parisar, Gangakhed, Dist Parbhani",Fibre Crops,Cotton,LRA,Local,"7,300.00","7,625.00","7,521.17",Rs./Quintal,04-01-2026
Maharashtra,Parbhani,"Hari Har Khajagi Bazar Parisar, Gangakhed, Dist Parbhani",Fibre Crops,Cotton,LRA,Local,"7,150.00","7,600.00","7,508.06",Rs./Quintal,03-01-2026
Maharashtra,Parbhani,"Hari Har Khajagi Bazar Parisar, Gangakhed, Dist Parbhani",Fibre Crops,Cotton,LRA,Local,"7,000.00","7,550.00","7,393.88",Rs./Quintal,01-01-2026
Maharashtra,Pune,APMC Baramati ,Fibre Crops,Cotton,Other,Non-FAQ,"5,000.00","5,000.00","5,000.00",Rs./Quintal,24-02-2026
Maharashtra,Pune,APMC Baramati ,Fibre Crops,Cotton,Other,Non-FAQ,"6,300.00","6,300.00","6,300.00",Rs./Quintal,13-01-2026
Maharashtra,Wardha,APMC Arvi ,Fibre Crops,Cotton,H-4(A) 27mm FIne,FAQ,"8,200.00","8,700.00","8,500.00",Rs./Quintal,05-07-2026
Maharashtra,Wardha,APMC Arvi ,Fibre Crops,Cotton,H-4(A) 27mm FIne,FAQ,"8,200.00","8,600.00","8,400.00",Rs./Quintal,18-06-2026
Maharashtra,Wardha,APMC Arvi ,Fibre Crops,Cotton,H-4(A) 27mm FIne,FAQ,"8,200.00","8,600.00","8,400.00",Rs./Quintal,12-06-2026
Maharashtra,Wardha,APMC Arvi ,Fibre Crops,Cotton,H-4(A) 27mm FIne,FAQ,"8,200.00","8,600.00","8,400.00",Rs./Quintal,11-06-2026
Maharashtra,Wardha,APMC Arvi ,Fibre Crops,Cotton,H-4(A) 27mm FIne,FAQ,"8,200.00","8,700.00","8,500.00",Rs./Quintal,09-06-2026
Maharashtra,Wardha,APMC Arvi ,Fibre Crops,Cotton,H-4(A) 27mm FIne,FAQ,"8,200.00","8,700.00","8,500.00",Rs./Quintal,08-06-2026
Maharashtra,Wardha,APMC Arvi ,Fibre Crops,Cotton,H-4(A) 27mm FIne,FAQ,"8,200.00","8,700.00","8,400.00",Rs./Quintal,07-06-2026
Maharashtra,Wardha,APMC Arvi ,Fibre Crops,Cotton,H-4(A) 27mm FIne,FAQ,"8,200.00","8,700.00","8,500.00",Rs./Quintal,05-06-2026
Maharashtra,Wardha,APMC Arvi ,Fibre Crops,Cotton,H-4(A) 27mm FIne,FAQ,"8,200.00","8,700.00","8,500.00",Rs./Quintal,04-06-2026
Maharashtra,Wardha,APMC Arvi ,Fibre Crops,Cotton,H-4(A) 27mm FIne,FAQ,"8,200.00","8,750.00","8,500.00",Rs./Quintal,03-06-2026
Maharashtra,Wardha,APMC Arvi ,Fibre Crops,Cotton,H-4(A) 27mm FIne,FAQ,"8,200.00","8,750.00","8,500.00",Rs./Quintal,02-06-2026
Maharashtra,Wardha,APMC Arvi ,Fibre Crops,Cotton,H-4(A) 27mm FIne,FAQ,"8,200.00","8,750.00","8,300.00",Rs./Quintal,01-06-2026
Maharashtra,Wardha,APMC Arvi ,Fibre Crops,Cotton,H-4(A) 27mm FIne,FAQ,"8,200.00","8,900.00","8,500.00",Rs./Quintal,31-05-2026
Maharashtra,Wardha,APMC Arvi ,Fibre Crops,Cotton,H-4(A) 27mm FIne,FAQ,"8,700.00","9,050.00","9,000.00",Rs./Quintal,29-05-2026
Maharashtra,Wardha,APMC Arvi ,Fibre Crops,Cotton,H-4(A) 27mm FIne,FAQ,"8,700.00","9,050.00","9,000.00",Rs./Quintal,28-05-2026
Maharashtra,Wardha,APMC Arvi ,Fibre Crops,Cotton,H-4(A) 27mm FIne,FAQ,"8,700.00","9,050.00","9,000.00",Rs./Quintal,27-05-2026
Maharashtra,Wardha,APMC Arvi ,Fibre Crops,Cotton,H-4(A) 27mm FIne,FAQ,"8,700.00","9,100.00","9,000.00",Rs./Quintal,26-05-2026
Maharashtra,Wardha,APMC Arvi ,Fibre Crops,Cotton,H-4(A) 27mm FIne,FAQ,"8,200.00","9,300.00","9,000.00",Rs./Quintal,25-05-2026
Maharashtra,Wardha,APMC Arvi ,Fibre Crops,Cotton,H-4(A) 27mm FIne,FAQ,"8,700.00","9,450.00","9,000.00",Rs./Quintal,22-05-2026
Maharashtra,Wardha,APMC Arvi ,Fibre Crops,Cotton,H-4(A) 27mm FIne,FAQ,"8,700.00","9,600.00","9,100.00",Rs./Quintal,21-05-2026
Maharashtra,Wardha,APMC Arvi ,Fibre Crops,Cotton,H-4(A) 27mm FIne,FAQ,"8,700.00","9,600.00","9,000.00",Rs./Quintal,20-05-2026
Maharashtra,Wardha,APMC Arvi ,Fibre Crops,Cotton,H-4(A) 27mm FIne,FAQ,"8,700.00","9,500.00","9,200.00",Rs./Quintal,18-05-2026
Maharashtra,Wardha,APMC Arvi ,Fibre Crops,Cotton,H-4(A) 27mm FIne,FAQ,"8,700.00","9,500.00","9,000.00",Rs./Quintal,17-05-2026
Maharashtra,Wardha,APMC Arvi ,Fibre Crops,Cotton,H-4(A) 27mm FIne,FAQ,"8,700.00","9,750.00","9,000.00",Rs./Quintal,15-05-2026
Maharashtra,Wardha,APMC Arvi ,Fibre Crops,Cotton,H-4(A) 27mm FIne,FAQ,"8,700.00","9,700.00","9,500.00",Rs./Quintal,14-05-2026
Maharashtra,Wardha,APMC Arvi ,Fibre Crops,Cotton,H-4(A) 27mm FIne,FAQ,"7,800.00","9,700.00","9,000.00",Rs./Quintal,13-05-2026
Maharashtra,Wardha,APMC Arvi ,Fibre Crops,Cotton,H-4(A) 27mm FIne,FAQ,"7,800.00","9,500.00","9,000.00",Rs./Quintal,11-05-2026
Maharashtra,Wardha,APMC Arvi ,Fibre Crops,Cotton,H-4(A) 27mm FIne,FAQ,"7,800.00","9,500.00","9,000.00",Rs./Quintal,10-05-2026
Maharashtra,Wardha,APMC Arvi ,Fibre Crops,Cotton,H-4(A) 27mm FIne,FAQ,"7,800.00","9,400.00","8,200.00",Rs./Quintal,08-05-2026
Maharashtra,Wardha,APMC Arvi ,Fibre Crops,Cotton,H-4(A) 27mm FIne,FAQ,"7,800.00","9,400.00","8,200.00",Rs./Quintal,07-05-2026
Maharashtra,Wardha,APMC Arvi ,Fibre Crops,Cotton,H-4(A) 27mm FIne,FAQ,"7,800.00","9,100.00","8,500.00",Rs./Quintal,06-05-2026
Maharashtra,Wardha,APMC Arvi ,Fibre Crops,Cotton,H-4(A) 27mm FIne,FAQ,"8,000.00","9,100.00","8,500.00",Rs./Quintal,05-05-2026
Maharashtra,Wardha,APMC Arvi ,Fibre Crops,Cotton,H-4(A) 27mm FIne,FAQ,"8,000.00","9,000.00","8,500.00",Rs./Quintal,04-05-2026
Maharashtra,Wardha,APMC Arvi ,Fibre Crops,Cotton,H-4(A) 27mm FIne,FAQ,"8,000.00","9,100.00","8,500.00",Rs./Quintal,03-05-2026
Maharashtra,Wardha,APMC Arvi ,Fibre Crops,Cotton,H-4(A) 27mm FIne,FAQ,"8,000.00","8,650.00","8,100.00",Rs./Quintal,01-05-2026
Maharashtra,Wardha,APMC Arvi ,Fibre Crops,Cotton,H-4(A) 27mm FIne,FAQ,"7,800.00","8,600.00","8,000.00",Rs./Quintal,29-04-2026
Maharashtra,Wardha,APMC Arvi ,Fibre Crops,Cotton,H-4(A) 27mm FIne,FAQ,"7,780.00","8,600.00","7,900.00",Rs./Quintal,28-04-2026
Maharashtra,Wardha,APMC Arvi ,Fibre Crops,Cotton,H-4(A) 27mm FIne,FAQ,"7,780.00","8,600.00","7,950.00",Rs./Quintal,27-04-2026
Maharashtra,Wardha,APMC Arvi ,Fibre Crops,Cotton,H-4(A) 27mm FIne,FAQ,"7,900.00","8,550.00","8,000.00",Rs./Quintal,26-04-2026
Maharashtra,Wardha,APMC Arvi ,Fibre Crops,Cotton,H-4(A) 27mm FIne,FAQ,"7,800.00","8,450.00","7,900.00",Rs./Quintal,24-04-2026
Maharashtra,Wardha,APMC Arvi ,Fibre Crops,Cotton,H-4(A) 27mm FIne,FAQ,"7,750.00","8,450.00","7,900.00",Rs./Quintal,23-04-2026
Maharashtra,Wardha,APMC Arvi ,Fibre Crops,Cotton,H-4(A) 27mm FIne,FAQ,"7,750.00","8,500.00","7,900.00",Rs./Quintal,21-04-2026
Maharashtra,Wardha,APMC Arvi ,Fibre Crops,Cotton,H-4(A) 27mm FIne,FAQ,"7,750.00","8,500.00","7,900.00",Rs./Quintal,17-04-2026
Maharashtra,Wardha,APMC Arvi ,Fibre Crops,Cotton,H-4(A) 27mm FIne,FAQ,"7,750.00","8,400.00","7,900.00",Rs./Quintal,14-04-2026
Maharashtra,Wardha,APMC Arvi ,Fibre Crops,Cotton,H-4(A) 27mm FIne,FAQ,"7,750.00","8,450.00","7,900.00",Rs./Quintal,12-04-2026
Maharashtra,Wardha,APMC Arvi ,Fibre Crops,Cotton,H-4(A) 27mm FIne,FAQ,"7,750.00","8,500.00","7,900.00",Rs./Quintal,10-04-2026
Maharashtra,Wardha,APMC Arvi ,Fibre Crops,Cotton,H-4(A) 27mm FIne,FAQ,"7,750.00","8,600.00","7,950.00",Rs./Quintal,08-04-2026
Maharashtra,Wardha,APMC Arvi ,Fibre Crops,Cotton,H-4(A) 27mm FIne,FAQ,"7,750.00","8,550.00","7,900.00",Rs./Quintal,06-04-2026
Maharashtra,Wardha,APMC Arvi ,Fibre Crops,Cotton,H-4(A) 27mm FIne,FAQ,"7,750.00","8,500.00","8,200.00",Rs./Quintal,05-04-2026
Maharashtra,Wardha,APMC Arvi ,Fibre Crops,Cotton,H-4(A) 27mm FIne,FAQ,"7,900.00","8,350.00","7,950.00",Rs./Quintal,03-04-2026
Maharashtra,Wardha,APMC Arvi ,Fibre Crops,Cotton,H-4(A) 27mm FIne,FAQ,"7,750.00","8,200.00","7,900.00",Rs./Quintal,01-04-2026
Maharashtra,Wardha,APMC Arvi ,Fibre Crops,Cotton,H-4(A) 27mm FIne,FAQ,"7,750.00","8,050.00","7,900.00",Rs./Quintal,31-03-2026
Maharashtra,Wardha,APMC Arvi ,Fibre Crops,Cotton,H-4(A) 27mm FIne,FAQ,"7,750.00","8,050.00","7,900.00",Rs./Quintal,29-03-2026
Maharashtra,Wardha,APMC Arvi ,Fibre Crops,Cotton,H-4(A) 27mm FIne,FAQ,"7,730.00","8,100.00","7,800.00",Rs./Quintal,27-03-2026
Maharashtra,Wardha,APMC Arvi ,Fibre Crops,Cotton,H-4(A) 27mm FIne,FAQ,"7,710.00","7,900.00","7,800.00",Rs./Quintal,24-03-2026
Maharashtra,Wardha,APMC Arvi ,Fibre Crops,Cotton,H-4(A) 27mm FIne,FAQ,"7,710.00","7,850.00","7,800.00",Rs./Quintal,23-03-2026
Maharashtra,Wardha,APMC Arvi ,Fibre Crops,Cotton,H-4(A) 27mm FIne,Non-FAQ,"7,250.00","7,700.00","7,500.00",Rs./Quintal,22-03-2026
Maharashtra,Wardha,APMC Arvi ,Fibre Crops,Cotton,H-4(A) 27mm FIne,Non-FAQ,"7,300.00","7,700.00","7,500.00",Rs./Quintal,19-03-2026
Maharashtra,Wardha,APMC Arvi ,Fibre Crops,Cotton,H-4(A) 27mm FIne,Non-FAQ,"6,300.00","7,600.00","7,450.00",Rs./Quintal,17-03-2026
Maharashtra,Wardha,APMC Arvi ,Fibre Crops,Cotton,H-4(A) 27mm FIne,Non-FAQ,"7,300.00","7,600.00","7,450.00",Rs./Quintal,16-03-2026
Maharashtra,Wardha,APMC Arvi ,Fibre Crops,Cotton,H-4(A) 27mm FIne,Non-FAQ,"7,300.00","7,600.00","7,400.00",Rs./Quintal,15-03-2026
Maharashtra,Wardha,APMC Arvi ,Fibre Crops,Cotton,H-4(A) 27mm FIne,Non-FAQ,"7,300.00","7,650.00","7,400.00",Rs./Quintal,13-03-2026
Maharashtra,Wardha,APMC Arvi ,Fibre Crops,Cotton,H-4(A) 27mm FIne,Non-FAQ,"7,300.00","7,650.00","7,400.00",Rs./Quintal,12-03-2026
Maharashtra,Wardha,APMC Arvi ,Fibre Crops,Cotton,H-4(A) 27mm FIne,Non-FAQ,"7,300.00","7,650.00","7,400.00",Rs./Quintal,11-03-2026
Maharashtra,Wardha,APMC Arvi ,Fibre Crops,Cotton,H-4(A) 27mm FIne,Non-FAQ,"7,300.00","7,700.00","7,500.00",Rs./Quintal,10-03-2026
Maharashtra,Wardha,APMC Arvi ,Fibre Crops,Cotton,H-4(A) 27mm FIne,Non-FAQ,"7,350.00","7,650.00","7,500.00",Rs./Quintal,09-03-2026
Maharashtra,Wardha,APMC Arvi ,Fibre Crops,Cotton,H-4(A) 27mm FIne,Non-FAQ,"7,300.00","7,650.00","7,600.00",Rs./Quintal,08-03-2026
Maharashtra,Wardha,APMC Arvi ,Fibre Crops,Cotton,H-4(A) 27mm FIne,Non-FAQ,"7,300.00","7,650.00","7,450.00",Rs./Quintal,06-03-2026
Maharashtra,Wardha,APMC Arvi ,Fibre Crops,Cotton,H-4(A) 27mm FIne,Non-FAQ,"7,300.00","7,600.00","7,500.00",Rs./Quintal,05-03-2026
Maharashtra,Wardha,APMC Arvi ,Fibre Crops,Cotton,H-4(A) 27mm FIne,Non-FAQ,"7,300.00","7,600.00","7,400.00",Rs./Quintal,04-03-2026
Maharashtra,Wardha,APMC Arvi ,Fibre Crops,Cotton,H-4(A) 27mm FIne,Non-FAQ,"7,300.00","7,650.00","7,400.00",Rs./Quintal,01-03-2026
Maharashtra,Wardha,APMC Arvi ,Fibre Crops,Cotton,H-4(A) 27mm FIne,Non-FAQ,"7,300.00","7,650.00","7,400.00",Rs./Quintal,27-02-2026
Maharashtra,Wardha,APMC Arvi ,Fibre Crops,Cotton,H-4(A) 27mm FIne,Non-FAQ,"7,300.00","7,600.00","7,500.00",Rs./Quintal,26-02-2026
Maharashtra,Wardha,APMC Arvi ,Fibre Crops,Cotton,H-4(A) 27mm FIne,Non-FAQ,"7,400.00","7,650.00","7,500.00",Rs./Quintal,24-02-2026
Maharashtra,Wardha,APMC Arvi ,Fibre Crops,Cotton,H-4(A) 27mm FIne,Non-FAQ,"7,400.00","7,600.00","7,500.00",Rs./Quintal,22-02-2026
Maharashtra,Wardha,APMC Arvi ,Fibre Crops,Cotton,H-4(A) 27mm FIne,Non-FAQ,"7,350.00","7,550.00","7,450.00",Rs./Quintal,20-02-2026
Maharashtra,Wardha,APMC Arvi ,Fibre Crops,Cotton,H-4(A) 27mm FIne,Non-FAQ,"7,400.00","7,550.00","7,450.00",Rs./Quintal,19-02-2026
Maharashtra,Wardha,APMC Arvi ,Fibre Crops,Cotton,H-4(A) 27mm FIne,Non-FAQ,"7,400.00","7,600.00","7,500.00",Rs./Quintal,17-02-2026
Maharashtra,Wardha,APMC Arvi ,Fibre Crops,Cotton,H-4(A) 27mm FIne,Non-FAQ,"7,400.00","7,600.00","7,500.00",Rs./Quintal,16-02-2026
Maharashtra,Wardha,APMC Arvi ,Fibre Crops,Cotton,H-4(A) 27mm FIne,Non-FAQ,"7,400.00","7,600.00","7,500.00",Rs./Quintal,15-02-2026
Maharashtra,Wardha,APMC Arvi ,Fibre Crops,Cotton,H-4(A) 27mm FIne,Non-FAQ,"7,400.00","7,550.00","7,450.00",Rs./Quintal,13-02-2026
Maharashtra,Wardha,APMC Arvi ,Fibre Crops,Cotton,H-4(A) 27mm FIne,Non-FAQ,"7,400.00","7,600.00","7,500.00",Rs./Quintal,12-02-2026
Maharashtra,Wardha,APMC Arvi ,Fibre Crops,Cotton,H-4(A) 27mm FIne,Non-FAQ,"7,400.00","7,550.00","7,500.00",Rs./Quintal,11-02-2026
Maharashtra,Wardha,APMC Arvi ,Fibre Crops,Cotton,H-4(A) 27mm FIne,Non-FAQ,"7,350.00","7,600.00","7,400.00",Rs./Quintal,10-02-2026
Maharashtra,Wardha,APMC Arvi ,Fibre Crops,Cotton,H-4(A) 27mm FIne,Non-FAQ,"7,400.00","7,700.00","7,600.00",Rs./Quintal,09-02-2026
Maharashtra,Wardha,APMC Arvi ,Fibre Crops,Cotton,H-4(A) 27mm FIne,FAQ,"7,710.00","7,800.00","7,775.00",Rs./Quintal,08-02-2026
Maharashtra,Wardha,APMC Arvi ,Fibre Crops,Cotton,H-4(A) 27mm FIne,FAQ,"7,710.00","7,850.00","7,800.00",Rs./Quintal,06-02-2026
Maharashtra,Wardha,APMC Arvi ,Fibre Crops,Cotton,H-4(A) 27mm FIne,FAQ,"7,710.00","7,800.00","7,750.00",Rs./Quintal,05-02-2026
Maharashtra,Wardha,APMC Arvi ,Fibre Crops,Cotton,H-4(A) 27mm FIne,FAQ,"7,710.00","7,800.00","7,750.00",Rs./Quintal,04-02-2026
Maharashtra,Wardha,APMC Arvi ,Fibre Crops,Cotton,H-4(A) 27mm FIne,FAQ,"7,720.00","7,850.00","7,800.00",Rs./Quintal,03-02-2026
Maharashtra,Wardha,APMC Arvi ,Fibre Crops,Cotton,H-4(A) 27mm FIne,FAQ,"7,730.00","7,900.00","7,800.00",Rs./Quintal,02-02-2026
Maharashtra,Wardha,APMC Arvi ,Fibre Crops,Cotton,H-4(A) 27mm FIne,FAQ,"7,800.00","8,000.00","7,860.00",Rs./Quintal,01-02-2026
Maharashtra,Wardha,APMC Arvi ,Fibre Crops,Cotton,H-4(A) 27mm FIne,FAQ,"7,750.00","7,950.00","7,900.00",Rs./Quintal,30-01-2026
Maharashtra,Wardha,APMC Arvi ,Fibre Crops,Cotton,H-4(A) 27mm FIne,FAQ,"7,710.00","8,050.00","7,900.00",Rs./Quintal,29-01-2026
Maharashtra,Wardha,APMC Arvi ,Fibre Crops,Cotton,H-4(A) 27mm FIne,FAQ,"7,730.00","8,050.00","7,900.00",Rs./Quintal,28-01-2026
Maharashtra,Wardha,APMC Arvi ,Fibre Crops,Cotton,H-4(A) 27mm FIne,FAQ,"7,720.00","8,050.00","8,000.00",Rs./Quintal,27-01-2026
Maharashtra,Wardha,APMC Arvi ,Fibre Crops,Cotton,H-4(A) 27mm FIne,FAQ,"7,750.00","8,000.00","7,900.00",Rs./Quintal,26-01-2026
Maharashtra,Wardha,APMC Arvi ,Fibre Crops,Cotton,H-4(A) 27mm FIne,FAQ,"7,710.00","8,050.00","7,900.00",Rs./Quintal,23-01-2026
Maharashtra,Wardha,APMC Arvi ,Fibre Crops,Cotton,H-4(A) 27mm FIne,FAQ,"7,710.00","7,950.00","7,800.00",Rs./Quintal,22-01-2026
Maharashtra,Wardha,APMC Arvi ,Fibre Crops,Cotton,H-4(A) 27mm FIne,FAQ,"7,710.00","7,950.00","7,800.00",Rs./Quintal,21-01-2026
Maharashtra,Wardha,APMC Arvi ,Fibre Crops,Cotton,H-4(A) 27mm FIne,FAQ,"7,750.00","8,050.00","7,900.00",Rs./Quintal,18-01-2026
Maharashtra,Wardha,APMC Arvi ,Fibre Crops,Cotton,H-4(A) 27mm FIne,FAQ,"7,720.00","8,000.00","7,900.00",Rs./Quintal,16-01-2026
Maharashtra,Wardha,APMC Arvi ,Fibre Crops,Cotton,H-4(A) 27mm FIne,FAQ,"7,710.00","8,050.00","7,800.00",Rs./Quintal,15-01-2026
Maharashtra,Wardha,APMC Arvi ,Fibre Crops,Cotton,H-4(A) 27mm FIne,FAQ,"7,750.00","8,050.00","7,900.00",Rs./Quintal,14-01-2026
Maharashtra,Wardha,APMC Arvi ,Fibre Crops,Cotton,H-4(A) 27mm FIne,FAQ,"7,750.00","8,100.00","7,800.00",Rs./Quintal,13-01-2026
Maharashtra,Wardha,APMC Arvi ,Fibre Crops,Cotton,H-4(A) 27mm FIne,FAQ,"7,750.00","8,050.00","7,850.00",Rs./Quintal,12-01-2026
Maharashtra,Wardha,APMC Arvi ,Fibre Crops,Cotton,H-4(A) 27mm FIne,FAQ,"7,710.00","7,950.00","7,800.00",Rs./Quintal,11-01-2026
Maharashtra,Wardha,APMC Arvi ,Fibre Crops,Cotton,H-4(A) 27mm FIne,FAQ,"7,710.00","7,850.00","7,800.00",Rs./Quintal,09-01-2026
Maharashtra,Wardha,APMC Arvi ,Fibre Crops,Cotton,H-4(A) 27mm FIne,Non-FAQ,"7,100.00","7,700.00","7,200.00",Rs./Quintal,08-01-2026
Maharashtra,Wardha,APMC Arvi ,Fibre Crops,Cotton,H-4(A) 27mm FIne,Non-FAQ,"7,100.00","7,700.00","7,300.00",Rs./Quintal,07-01-2026
Maharashtra,Wardha,APMC Arvi ,Fibre Crops,Cotton,H-4(A) 27mm FIne,Non-FAQ,"7,100.00","7,700.00","7,300.00",Rs./Quintal,06-01-2026
Maharashtra,Wardha,APMC Arvi ,Fibre Crops,Cotton,H-4(A) 27mm FIne,Non-FAQ,"7,100.00","7,700.00","7,400.00",Rs./Quintal,05-01-2026
Maharashtra,Wardha,APMC Arvi ,Fibre Crops,Cotton,H-4(A) 27mm FIne,Non-FAQ,"7,100.00","7,700.00","7,200.00",Rs./Quintal,04-01-2026
Maharashtra,Wardha,APMC Arvi ,Fibre Crops,Cotton,H-4(A) 27mm FIne,Non-FAQ,"7,100.00","7,700.00","7,300.00",Rs./Quintal,02-01-2026
Maharashtra,Wardha,APMC Arvi ,Fibre Crops,Cotton,H-4(A) 27mm FIne,Non-FAQ,"7,000.00","7,650.00","7,200.00",Rs./Quintal,01-01-2026
Maharashtra,Wardha,APMC Hinganghat ,Fibre Crops,Cotton,Other,FAQ,"7,710.00","8,700.00","8,000.00",Rs./Quintal,10-06-2026
Maharashtra,Wardha,APMC Hinganghat ,Fibre Crops,Cotton,Other,Non-FAQ,"7,000.00","7,700.00","7,200.00",Rs./Quintal,10-06-2026
Maharashtra,Wardha,APMC Hinganghat ,Fibre Crops,Cotton,Other,FAQ,"7,710.00","8,575.00","8,000.00",Rs./Quintal,09-06-2026
Maharashtra,Wardha,APMC Hinganghat ,Fibre Crops,Cotton,Other,Non-FAQ,"7,000.00","7,700.00","7,200.00",Rs./Quintal,09-06-2026
Maharashtra,Wardha,APMC Hinganghat ,Fibre Crops,Cotton,Other,FAQ,"7,710.00","9,010.00","8,000.00",Rs./Quintal,08-06-2026
Maharashtra,Wardha,APMC Hinganghat ,Fibre Crops,Cotton,Other,Non-FAQ,"7,000.00","7,700.00","7,300.00",Rs./Quintal,08-06-2026
Maharashtra,Wardha,APMC Hinganghat ,Fibre Crops,Cotton,Other,FAQ,"7,710.00","9,175.00","8,200.00",Rs./Quintal,06-06-2026
Maharashtra,Wardha,APMC Hinganghat ,Fibre Crops,Cotton,Other,Non-FAQ,"7,000.00","7,700.00","7,300.00",Rs./Quintal,06-06-2026
Maharashtra,Wardha,APMC Hinganghat ,Fibre Crops,Cotton,Other,FAQ,"7,710.00","9,255.00","8,000.00",Rs./Quintal,05-06-2026
Maharashtra,Wardha,APMC Hinganghat ,Fibre Crops,Cotton,Other,Non-FAQ,"6,500.00","7,700.00","7,000.00",Rs./Quintal,05-06-2026
Maharashtra,Wardha,APMC Hinganghat ,Fibre Crops,Cotton,Other,FAQ,"7,710.00","9,280.00","8,200.00",Rs./Quintal,04-06-2026
Maharashtra,Wardha,APMC Hinganghat ,Fibre Crops,Cotton,Other,Non-FAQ,"7,000.00","7,700.00","7,200.00",Rs./Quintal,04-06-2026
Maharashtra,Wardha,APMC Hinganghat ,Fibre Crops,Cotton,Other,FAQ,"7,710.00","9,280.00","8,000.00",Rs./Quintal,03-06-2026
Maharashtra,Wardha,APMC Hinganghat ,Fibre Crops,Cotton,Other,Non-FAQ,"7,000.00","7,700.00","7,300.00",Rs./Quintal,03-06-2026
Maharashtra,Wardha,APMC Hinganghat ,Fibre Crops,Cotton,Other,FAQ,"7,710.00","9,240.00","8,100.00",Rs./Quintal,02-06-2026
Maharashtra,Wardha,APMC Hinganghat ,Fibre Crops,Cotton,Other,Non-FAQ,"7,000.00","7,700.00","7,200.00",Rs./Quintal,02-06-2026
Maharashtra,Wardha,APMC Hinganghat ,Fibre Crops,Cotton,Other,FAQ,"7,710.00","9,390.00","8,200.00",Rs./Quintal,30-05-2026
Maharashtra,Wardha,APMC Hinganghat ,Fibre Crops,Cotton,Other,Non-FAQ,"7,000.00","7,700.00","7,200.00",Rs./Quintal,30-05-2026
Maharashtra,Wardha,APMC Hinganghat ,Fibre Crops,Cotton,Other,FAQ,"7,710.00","9,400.00","8,200.00",Rs./Quintal,29-05-2026
Maharashtra,Wardha,APMC Hinganghat ,Fibre Crops,Cotton,Other,Non-FAQ,"7,000.00","7,700.00","7,300.00",Rs./Quintal,29-05-2026
Maharashtra,Wardha,APMC Hinganghat ,Fibre Crops,Cotton,Other,FAQ,"7,710.00","9,500.00","8,400.00",Rs./Quintal,27-05-2026
Maharashtra,Wardha,APMC Hinganghat ,Fibre Crops,Cotton,Other,Non-FAQ,"7,000.00","7,700.00","7,300.00",Rs./Quintal,27-05-2026
Maharashtra,Wardha,APMC Hinganghat ,Fibre Crops,Cotton,Other,FAQ,"7,710.00","9,480.00","8,210.00",Rs./Quintal,26-05-2026
Maharashtra,Wardha,APMC Hinganghat ,Fibre Crops,Cotton,Other,Non-FAQ,"7,000.00","7,700.00","7,300.00",Rs./Quintal,26-05-2026
Maharashtra,Wardha,APMC Hinganghat ,Fibre Crops,Cotton,Other,FAQ,"7,710.00","9,450.00","8,200.00",Rs./Quintal,25-05-2026
Maharashtra,Wardha,APMC Hinganghat ,Fibre Crops,Cotton,Other,Non-FAQ,"7,000.00","7,700.00","7,300.00",Rs./Quintal,25-05-2026
Maharashtra,Wardha,APMC Hinganghat ,Fibre Crops,Cotton,Other,FAQ,"7,710.00","9,580.00","8,500.00",Rs./Quintal,23-05-2026
Maharashtra,Wardha,APMC Hinganghat ,Fibre Crops,Cotton,Other,Non-FAQ,"7,000.00","7,700.00","7,400.00",Rs./Quintal,23-05-2026
Maharashtra,Wardha,APMC Hinganghat ,Fibre Crops,Cotton,Other,FAQ,"7,710.00","9,775.00","8,200.00",Rs./Quintal,21-05-2026
Maharashtra,Wardha,APMC Hinganghat ,Fibre Crops,Cotton,Other,Non-FAQ,"7,500.00","7,700.00","7,600.00",Rs./Quintal,21-05-2026
Maharashtra,Wardha,APMC Hinganghat ,Fibre Crops,Cotton,Other,FAQ,"7,710.00","9,845.00","8,200.00",Rs./Quintal,20-05-2026
Maharashtra,Wardha,APMC Hinganghat ,Fibre Crops,Cotton,Other,Non-FAQ,"7,000.00","7,700.00","7,300.00",Rs./Quintal,20-05-2026
Maharashtra,Wardha,APMC Hinganghat ,Fibre Crops,Cotton,Other,FAQ,"7,710.00","9,895.00","8,000.00",Rs./Quintal,19-05-2026
Maharashtra,Wardha,APMC Hinganghat ,Fibre Crops,Cotton,Other,Non-FAQ,"7,000.00","7,700.00","7,400.00",Rs./Quintal,19-05-2026
Maharashtra,Wardha,APMC Hinganghat ,Fibre Crops,Cotton,Other,FAQ,"7,710.00","9,830.00","8,500.00",Rs./Quintal,18-05-2026
Maharashtra,Wardha,APMC Hinganghat ,Fibre Crops,Cotton,Other,Non-FAQ,"7,000.00","7,700.00","7,400.00",Rs./Quintal,18-05-2026
Maharashtra,Wardha,APMC Hinganghat ,Fibre Crops,Cotton,Other,FAQ,"7,710.00","9,810.00","8,500.00",Rs./Quintal,16-05-2026
Maharashtra,Wardha,APMC Hinganghat ,Fibre Crops,Cotton,Other,Non-FAQ,"7,000.00","7,700.00","7,300.00",Rs./Quintal,16-05-2026
Maharashtra,Wardha,APMC Hinganghat ,Fibre Crops,Cotton,Other,FAQ,"7,710.00","10,030.00","8,500.00",Rs./Quintal,15-05-2026
Maharashtra,Wardha,APMC Hinganghat ,Fibre Crops,Cotton,Other,Non-FAQ,"7,500.00","7,700.00","7,600.00",Rs./Quintal,15-05-2026
Maharashtra,Wardha,APMC Hinganghat ,Fibre Crops,Cotton,Other,FAQ,"7,710.00","10,060.00","8,500.00",Rs./Quintal,14-05-2026
Maharashtra,Wardha,APMC Hinganghat ,Fibre Crops,Cotton,Other,Non-FAQ,"7,500.00","7,700.00","7,600.00",Rs./Quintal,14-05-2026
Maharashtra,Wardha,APMC Hinganghat ,Fibre Crops,Cotton,Other,FAQ,"7,710.00","10,050.00","8,500.00",Rs./Quintal,13-05-2026
Maharashtra,Wardha,APMC Hinganghat ,Fibre Crops,Cotton,Other,Non-FAQ,"7,500.00","7,700.00","7,600.00",Rs./Quintal,13-05-2026
Maharashtra,Wardha,APMC Hinganghat ,Fibre Crops,Cotton,Other,FAQ,"7,710.00","9,965.00","8,500.00",Rs./Quintal,12-05-2026
Maharashtra,Wardha,APMC Hinganghat ,Fibre Crops,Cotton,Other,Non-FAQ,"7,500.00","7,700.00","7,600.00",Rs./Quintal,12-05-2026
Maharashtra,Wardha,APMC Hinganghat ,Fibre Crops,Cotton,Other,FAQ,"7,710.00","9,900.00","8,500.00",Rs./Quintal,11-05-2026
Maharashtra,Wardha,APMC Hinganghat ,Fibre Crops,Cotton,Other,Non-FAQ,"7,500.00","7,700.00","7,600.00",Rs./Quintal,11-05-2026
Maharashtra,Wardha,APMC Hinganghat ,Fibre Crops,Cotton,Other,FAQ,"7,710.00","9,900.00","8,200.00",Rs./Quintal,07-05-2026
Maharashtra,Wardha,APMC Hinganghat ,Fibre Crops,Cotton,Other,Non-FAQ,"7,500.00","7,700.00","7,600.00",Rs./Quintal,07-05-2026
Maharashtra,Wardha,APMC Hinganghat ,Fibre Crops,Cotton,Other,FAQ,"7,710.00","10,070.00","8,500.00",Rs./Quintal,06-05-2026
Maharashtra,Wardha,APMC Hinganghat ,Fibre Crops,Cotton,Other,Non-FAQ,"7,000.00","7,700.00","7,400.00",Rs./Quintal,06-05-2026
Maharashtra,Wardha,APMC Hinganghat ,Fibre Crops,Cotton,Other,FAQ,"7,710.00","9,400.00","8,000.00",Rs./Quintal,05-05-2026
Maharashtra,Wardha,APMC Hinganghat ,Fibre Crops,Cotton,Other,Non-FAQ,"7,000.00","7,700.00","7,400.00",Rs./Quintal,05-05-2026
Maharashtra,Wardha,APMC Hinganghat ,Fibre Crops,Cotton,Other,FAQ,"7,710.00","9,375.00","8,200.00",Rs./Quintal,02-05-2026
Maharashtra,Wardha,APMC Hinganghat ,Fibre Crops,Cotton,Other,Non-FAQ,"7,000.00","7,700.00","7,400.00",Rs./Quintal,02-05-2026
Maharashtra,Wardha,APMC Hinganghat ,Fibre Crops,Cotton,Other,FAQ,"7,710.00","9,200.00","8,000.00",Rs./Quintal,01-05-2026
Maharashtra,Wardha,APMC Hinganghat ,Fibre Crops,Cotton,Other,Non-FAQ,"7,000.00","7,700.00","7,400.00",Rs./Quintal,01-05-2026
Maharashtra,Wardha,APMC Hinganghat ,Fibre Crops,Cotton,Other,FAQ,"7,710.00","9,000.00","8,300.00",Rs./Quintal,30-04-2026
Maharashtra,Wardha,APMC Hinganghat ,Fibre Crops,Cotton,Other,Non-FAQ,"7,000.00","7,700.00","7,400.00",Rs./Quintal,30-04-2026
Maharashtra,Wardha,APMC Hinganghat ,Fibre Crops,Cotton,Other,FAQ,"7,710.00","8,900.00","8,300.00",Rs./Quintal,29-04-2026
Maharashtra,Wardha,APMC Hinganghat ,Fibre Crops,Cotton,Other,Non-FAQ,"6,500.00","7,500.00","7,000.00",Rs./Quintal,29-04-2026
Maharashtra,Wardha,APMC Hinganghat ,Fibre Crops,Cotton,Other,FAQ,"7,710.00","8,805.00","8,200.00",Rs./Quintal,28-04-2026
Maharashtra,Wardha,APMC Hinganghat ,Fibre Crops,Cotton,Other,Non-FAQ,"6,500.00","7,700.00","7,200.00",Rs./Quintal,28-04-2026
Maharashtra,Wardha,APMC Hinganghat ,Fibre Crops,Cotton,Other,FAQ,"7,710.00","8,800.00","8,200.00",Rs./Quintal,27-04-2026
Maharashtra,Wardha,APMC Hinganghat ,Fibre Crops,Cotton,Other,Non-FAQ,"6,500.00","7,700.00","7,100.00",Rs./Quintal,27-04-2026
Maharashtra,Wardha,APMC Hinganghat ,Fibre Crops,Cotton,Other,FAQ,"7,710.00","8,825.00","8,200.00",Rs./Quintal,25-04-2026
Maharashtra,Wardha,APMC Hinganghat ,Fibre Crops,Cotton,Other,Non-FAQ,"6,500.00","7,700.00","7,100.00",Rs./Quintal,25-04-2026
Maharashtra,Wardha,APMC Hinganghat ,Fibre Crops,Cotton,Other,FAQ,"7,710.00","8,740.00","8,200.00",Rs./Quintal,24-04-2026
Maharashtra,Wardha,APMC Hinganghat ,Fibre Crops,Cotton,Other,Non-FAQ,"6,500.00","7,500.00","7,000.00",Rs./Quintal,24-04-2026
Maharashtra,Wardha,APMC Hinganghat ,Fibre Crops,Cotton,Other,FAQ,"7,710.00","8,775.00","8,200.00",Rs./Quintal,23-04-2026
Maharashtra,Wardha,APMC Hinganghat ,Fibre Crops,Cotton,Other,Non-FAQ,"6,500.00","7,700.00","7,000.00",Rs./Quintal,23-04-2026
Maharashtra,Wardha,APMC Hinganghat ,Fibre Crops,Cotton,Other,FAQ,"7,710.00","8,750.00","8,000.00",Rs./Quintal,21-04-2026
Maharashtra,Wardha,APMC Hinganghat ,Fibre Crops,Cotton,Other,Non-FAQ,"6,500.00","7,500.00","7,000.00",Rs./Quintal,21-04-2026
Maharashtra,Wardha,APMC Hinganghat ,Fibre Crops,Cotton,Other,FAQ,"7,710.00","8,700.00","8,200.00",Rs./Quintal,20-04-2026
Maharashtra,Wardha,APMC Hinganghat ,Fibre Crops,Cotton,Other,Non-FAQ,"6,500.00","7,700.00","7,100.00",Rs./Quintal,20-04-2026
Maharashtra,Wardha,APMC Hinganghat ,Fibre Crops,Cotton,Other,FAQ,"7,710.00","8,570.00","8,000.00",Rs./Quintal,16-04-2026
Maharashtra,Wardha,APMC Hinganghat ,Fibre Crops,Cotton,Other,Non-FAQ,"6,500.00","7,700.00","7,000.00",Rs./Quintal,16-04-2026
Maharashtra,Wardha,APMC Hinganghat ,Fibre Crops,Cotton,Other,FAQ,"7,710.00","8,505.00","8,100.00",Rs./Quintal,15-04-2026
Maharashtra,Wardha,APMC Hinganghat ,Fibre Crops,Cotton,Other,Non-FAQ,"6,500.00","7,700.00","7,100.00",Rs./Quintal,15-04-2026
Maharashtra,Wardha,APMC Hinganghat ,Fibre Crops,Cotton,Other,FAQ,"7,710.00","8,540.00","8,000.00",Rs./Quintal,13-04-2026
Maharashtra,Wardha,APMC Hinganghat ,Fibre Crops,Cotton,Other,Non-FAQ,"6,500.00","7,500.00","7,000.00",Rs./Quintal,13-04-2026
Maharashtra,Wardha,APMC Hinganghat ,Fibre Crops,Cotton,Other,FAQ,"7,710.00","8,650.00","8,000.00",Rs./Quintal,11-04-2026
Maharashtra,Wardha,APMC Hinganghat ,Fibre Crops,Cotton,Other,Non-FAQ,"6,500.00","7,700.00","7,200.00",Rs./Quintal,11-04-2026
Maharashtra,Wardha,APMC Hinganghat ,Fibre Crops,Cotton,Other,FAQ,"7,710.00","8,640.00","8,000.00",Rs./Quintal,10-04-2026
Maharashtra,Wardha,APMC Hinganghat ,Fibre Crops,Cotton,Other,Non-FAQ,"6,500.00","7,700.00","7,100.00",Rs./Quintal,10-04-2026
Maharashtra,Wardha,APMC Hinganghat ,Fibre Crops,Cotton,Other,FAQ,"7,710.00","8,550.00","8,000.00",Rs./Quintal,09-04-2026
Maharashtra,Wardha,APMC Hinganghat ,Fibre Crops,Cotton,Other,Non-FAQ,"6,500.00","7,500.00","7,000.00",Rs./Quintal,09-04-2026
Maharashtra,Wardha,APMC Hinganghat ,Fibre Crops,Cotton,Other,FAQ,"7,710.00","8,695.00","8,000.00",Rs./Quintal,08-04-2026
Maharashtra,Wardha,APMC Hinganghat ,Fibre Crops,Cotton,Other,Non-FAQ,"6,500.00","7,500.00","7,000.00",Rs./Quintal,08-04-2026
Maharashtra,Wardha,APMC Hinganghat ,Fibre Crops,Cotton,Other,FAQ,"7,710.00","8,700.00","8,200.00",Rs./Quintal,07-04-2026
Maharashtra,Wardha,APMC Hinganghat ,Fibre Crops,Cotton,Other,Non-FAQ,"6,500.00","7,500.00","7,000.00",Rs./Quintal,07-04-2026
Maharashtra,Wardha,APMC Hinganghat ,Fibre Crops,Cotton,Other,FAQ,"7,710.00","8,700.00","8,200.00",Rs./Quintal,06-04-2026
Maharashtra,Wardha,APMC Hinganghat ,Fibre Crops,Cotton,Other,Non-FAQ,"6,500.00","7,500.00","7,000.00",Rs./Quintal,06-04-2026
Maharashtra,Wardha,APMC Hinganghat ,Fibre Crops,Cotton,Other,FAQ,"7,710.00","8,640.00","8,100.00",Rs./Quintal,04-04-2026
Maharashtra,Wardha,APMC Hinganghat ,Fibre Crops,Cotton,Other,Non-FAQ,"6,500.00","7,500.00","7,000.00",Rs./Quintal,04-04-2026
Maharashtra,Wardha,APMC Hinganghat ,Fibre Crops,Cotton,Other,FAQ,"7,710.00","8,550.00","8,100.00",Rs./Quintal,03-04-2026
Maharashtra,Wardha,APMC Hinganghat ,Fibre Crops,Cotton,Other,Non-FAQ,"6,500.00","7,500.00","7,000.00",Rs./Quintal,03-04-2026
Maharashtra,Wardha,APMC Hinganghat ,Fibre Crops,Cotton,Other,FAQ,"7,710.00","8,435.00","8,000.00",Rs./Quintal,02-04-2026
Maharashtra,Wardha,APMC Hinganghat ,Fibre Crops,Cotton,Other,Non-FAQ,"6,500.00","7,700.00","7,200.00",Rs./Quintal,02-04-2026
Maharashtra,Wardha,APMC Hinganghat ,Fibre Crops,Cotton,Other,FAQ,"7,710.00","8,470.00","8,000.00",Rs./Quintal,01-04-2026
Maharashtra,Wardha,APMC Hinganghat ,Fibre Crops,Cotton,Other,Non-FAQ,"6,500.00","7,700.00","7,200.00",Rs./Quintal,01-04-2026
Maharashtra,Wardha,APMC Hinganghat ,Fibre Crops,Cotton,Other,FAQ,"7,710.00","8,405.00","8,100.00",Rs./Quintal,31-03-2026
Maharashtra,Wardha,APMC Hinganghat ,Fibre Crops,Cotton,Other,Non-FAQ,"6,500.00","7,700.00","7,200.00",Rs./Quintal,31-03-2026
Maharashtra,Wardha,APMC Hinganghat ,Fibre Crops,Cotton,Other,FAQ,"7,710.00","8,360.00","8,000.00",Rs./Quintal,30-03-2026
Maharashtra,Wardha,APMC Hinganghat ,Fibre Crops,Cotton,Other,Non-FAQ,"6,500.00","7,700.00","7,200.00",Rs./Quintal,30-03-2026
Maharashtra,Wardha,APMC Hinganghat ,Fibre Crops,Cotton,Other,FAQ,"7,710.00","8,280.00","8,000.00",Rs./Quintal,28-03-2026
Maharashtra,Wardha,APMC Hinganghat ,Fibre Crops,Cotton,Other,Non-FAQ,"6,500.00","7,600.00","7,000.00",Rs./Quintal,28-03-2026
Maharashtra,Wardha,APMC Hinganghat ,Fibre Crops,Cotton,Other,FAQ,"7,710.00","8,200.00","7,900.00",Rs./Quintal,27-03-2026
Maharashtra,Wardha,APMC Hinganghat ,Fibre Crops,Cotton,Other,Non-FAQ,"6,500.00","7,500.00","7,000.00",Rs./Quintal,27-03-2026
Maharashtra,Wardha,APMC Hinganghat ,Fibre Crops,Cotton,Other,FAQ,"7,710.00","8,135.00","7,900.00",Rs./Quintal,25-03-2026
Maharashtra,Wardha,APMC Hinganghat ,Fibre Crops,Cotton,Other,Non-FAQ,"6,500.00","7,500.00","7,000.00",Rs./Quintal,25-03-2026
Maharashtra,Wardha,APMC Hinganghat ,Fibre Crops,Cotton,Other,FAQ,"7,710.00","8,155.00","7,950.00",Rs./Quintal,24-03-2026
Maharashtra,Wardha,APMC Hinganghat ,Fibre Crops,Cotton,Other,Non-FAQ,"6,500.00","7,500.00","7,000.00",Rs./Quintal,24-03-2026
Maharashtra,Wardha,APMC Hinganghat ,Fibre Crops,Cotton,Other,FAQ,"7,710.00","8,160.00","7,900.00",Rs./Quintal,23-03-2026
Maharashtra,Wardha,APMC Hinganghat ,Fibre Crops,Cotton,Other,Non-FAQ,"6,700.00","7,500.00","7,000.00",Rs./Quintal,23-03-2026
Maharashtra,Wardha,APMC Hinganghat ,Fibre Crops,Cotton,Other,FAQ,"7,710.00","8,180.00","7,900.00",Rs./Quintal,21-03-2026
Maharashtra,Wardha,APMC Hinganghat ,Fibre Crops,Cotton,Other,Non-FAQ,"6,700.00","7,500.00","7,000.00",Rs./Quintal,21-03-2026
Maharashtra,Wardha,APMC Hinganghat ,Fibre Crops,Cotton,Other,FAQ,"7,710.00","8,150.00","7,900.00",Rs./Quintal,20-03-2026
Maharashtra,Wardha,APMC Hinganghat ,Fibre Crops,Cotton,Other,Non-FAQ,"6,700.00","7,500.00","7,000.00",Rs./Quintal,20-03-2026
Maharashtra,Wardha,APMC Hinganghat ,Fibre Crops,Cotton,Other,FAQ,"7,710.00","8,120.00","8,000.00",Rs./Quintal,18-03-2026
Maharashtra,Wardha,APMC Hinganghat ,Fibre Crops,Cotton,Other,Non-FAQ,"6,700.00","7,600.00","7,200.00",Rs./Quintal,18-03-2026
Maharashtra,Wardha,APMC Hinganghat ,Fibre Crops,Cotton,Other,FAQ,"7,710.00","8,060.00","7,900.00",Rs./Quintal,17-03-2026
Maharashtra,Wardha,APMC Hinganghat ,Fibre Crops,Cotton,Other,Non-FAQ,"6,700.00","7,500.00","7,000.00",Rs./Quintal,17-03-2026
Maharashtra,Wardha,APMC Hinganghat ,Fibre Crops,Cotton,Other,FAQ,"7,710.00","8,000.00","7,800.00",Rs./Quintal,16-03-2026
Maharashtra,Wardha,APMC Hinganghat ,Fibre Crops,Cotton,Other,Non-FAQ,"6,700.00","7,500.00","7,000.00",Rs./Quintal,16-03-2026
Maharashtra,Wardha,APMC Hinganghat ,Fibre Crops,Cotton,Other,FAQ,"7,710.00","8,000.00","7,800.00",Rs./Quintal,13-03-2026
Maharashtra,Wardha,APMC Hinganghat ,Fibre Crops,Cotton,Other,Non-FAQ,"6,700.00","7,600.00","7,000.00",Rs./Quintal,13-03-2026
Maharashtra,Wardha,APMC Hinganghat ,Fibre Crops,Cotton,Other,FAQ,"7,710.00","8,005.00","7,830.00",Rs./Quintal,12-03-2026
Maharashtra,Wardha,APMC Hinganghat ,Fibre Crops,Cotton,Other,Non-FAQ,"6,700.00","7,700.00","7,000.00",Rs./Quintal,12-03-2026
Maharashtra,Wardha,APMC Hinganghat ,Fibre Crops,Cotton,Other,FAQ,"7,710.00","8,005.00","7,800.00",Rs./Quintal,11-03-2026
Maharashtra,Wardha,APMC Hinganghat ,Fibre Crops,Cotton,Other,Non-FAQ,"6,800.00","7,600.00","7,000.00",Rs./Quintal,11-03-2026
Maharashtra,Wardha,APMC Hinganghat ,Fibre Crops,Cotton,Other,FAQ,"7,710.00","8,010.00","7,830.00",Rs./Quintal,10-03-2026
Maharashtra,Wardha,APMC Hinganghat ,Fibre Crops,Cotton,Other,Non-FAQ,"7,000.00","7,600.00","7,300.00",Rs./Quintal,10-03-2026
Maharashtra,Wardha,APMC Hinganghat ,Fibre Crops,Cotton,Other,FAQ,"7,710.00","8,015.00","7,900.00",Rs./Quintal,09-03-2026
Maharashtra,Wardha,APMC Hinganghat ,Fibre Crops,Cotton,Other,Non-FAQ,"7,000.00","7,700.00","7,300.00",Rs./Quintal,09-03-2026
Maharashtra,Wardha,APMC Hinganghat ,Fibre Crops,Cotton,Other,FAQ,"7,710.00","8,010.00","7,870.00",Rs./Quintal,06-03-2026
Maharashtra,Wardha,APMC Hinganghat ,Fibre Crops,Cotton,Other,Non-FAQ,"7,000.00","7,600.00","7,300.00",Rs./Quintal,06-03-2026
Maharashtra,Wardha,APMC Hinganghat ,Fibre Crops,Cotton,Other,FAQ,"7,710.00","8,010.00","7,850.00",Rs./Quintal,05-03-2026
Maharashtra,Wardha,APMC Hinganghat ,Fibre Crops,Cotton,Other,Non-FAQ,"7,000.00","7,600.00","7,300.00",Rs./Quintal,05-03-2026
Maharashtra,Wardha,APMC Hinganghat ,Fibre Crops,Cotton,Other,FAQ,"7,710.00","7,950.00","7,800.00",Rs./Quintal,28-02-2026
Maharashtra,Wardha,APMC Hinganghat ,Fibre Crops,Cotton,Other,Non-FAQ,"7,000.00","7,700.00","7,400.00",Rs./Quintal,28-02-2026
Maharashtra,Wardha,APMC Hinganghat ,Fibre Crops,Cotton,Other,FAQ,"7,710.00","8,010.00","7,860.00",Rs./Quintal,27-02-2026
Maharashtra,Wardha,APMC Hinganghat ,Fibre Crops,Cotton,Other,Non-FAQ,"7,000.00","7,700.00","7,300.00",Rs./Quintal,27-02-2026
Maharashtra,Wardha,APMC Hinganghat ,Fibre Crops,Cotton,Other,FAQ,"7,710.00","8,010.00","7,830.00",Rs./Quintal,26-02-2026
Maharashtra,Wardha,APMC Hinganghat ,Fibre Crops,Cotton,Other,Non-FAQ,"7,000.00","7,700.00","7,340.00",Rs./Quintal,26-02-2026
Maharashtra,Wardha,APMC Hinganghat ,Fibre Crops,Cotton,Other,FAQ,"7,710.00","8,010.00","7,800.00",Rs./Quintal,25-02-2026
Maharashtra,Wardha,APMC Hinganghat ,Fibre Crops,Cotton,Other,Non-FAQ,"7,000.00","7,690.00","7,300.00",Rs./Quintal,25-02-2026
Maharashtra,Wardha,APMC Hinganghat ,Fibre Crops,Cotton,Other,FAQ,"7,710.00","8,010.00","7,820.00",Rs./Quintal,24-02-2026
Maharashtra,Wardha,APMC Hinganghat ,Fibre Crops,Cotton,Other,Non-FAQ,"7,000.00","7,700.00","7,400.00",Rs./Quintal,24-02-2026
Maharashtra,Wardha,APMC Hinganghat ,Fibre Crops,Cotton,Other,FAQ,"7,710.00","7,895.00","7,780.00",Rs./Quintal,23-02-2026
Maharashtra,Wardha,APMC Hinganghat ,Fibre Crops,Cotton,Other,Non-FAQ,"7,000.00","7,700.00","7,400.00",Rs./Quintal,23-02-2026
Maharashtra,Wardha,APMC Hinganghat ,Fibre Crops,Cotton,Other,FAQ,"7,710.00","7,900.00","7,800.00",Rs./Quintal,21-02-2026
Maharashtra,Wardha,APMC Hinganghat ,Fibre Crops,Cotton,Other,Non-FAQ,"7,000.00","7,700.00","7,300.00",Rs./Quintal,21-02-2026
Maharashtra,Wardha,APMC Hinganghat ,Fibre Crops,Cotton,Other,FAQ,"7,710.00","8,010.00","7,885.00",Rs./Quintal,20-02-2026
Maharashtra,Wardha,APMC Hinganghat ,Fibre Crops,Cotton,Other,Non-FAQ,"7,000.00","7,690.00","7,300.00",Rs./Quintal,20-02-2026
Maharashtra,Wardha,APMC Hinganghat ,Fibre Crops,Cotton,Other,FAQ,"7,710.00","7,865.00","7,780.00",Rs./Quintal,19-02-2026
Maharashtra,Wardha,APMC Hinganghat ,Fibre Crops,Cotton,Other,Non-FAQ,"7,000.00","7,700.00","7,300.00",Rs./Quintal,19-02-2026
Maharashtra,Wardha,APMC Hinganghat ,Fibre Crops,Cotton,Other,FAQ,"7,710.00","8,010.00","7,790.00",Rs./Quintal,18-02-2026
Maharashtra,Wardha,APMC Hinganghat ,Fibre Crops,Cotton,Other,Non-FAQ,"7,000.00","7,500.00","7,300.00",Rs./Quintal,18-02-2026
Maharashtra,Wardha,APMC Hinganghat ,Fibre Crops,Cotton,Other,FAQ,"7,710.00","8,010.00","7,890.00",Rs./Quintal,17-02-2026
Maharashtra,Wardha,APMC Hinganghat ,Fibre Crops,Cotton,Other,Non-FAQ,"7,000.00","7,700.00","7,350.00",Rs./Quintal,17-02-2026
Maharashtra,Wardha,APMC Hinganghat ,Fibre Crops,Cotton,Other,FAQ,"7,710.00","8,010.00","7,880.00",Rs./Quintal,16-02-2026
Maharashtra,Wardha,APMC Hinganghat ,Fibre Crops,Cotton,Other,Non-FAQ,"7,000.00","7,500.00","7,300.00",Rs./Quintal,16-02-2026
Maharashtra,Wardha,APMC Hinganghat ,Fibre Crops,Cotton,Other,FAQ,"7,710.00","8,010.00","7,900.00",Rs./Quintal,13-02-2026
Maharashtra,Wardha,APMC Hinganghat ,Fibre Crops,Cotton,Other,Non-FAQ,"7,000.00","7,600.00","7,300.00",Rs./Quintal,13-02-2026
Maharashtra,Wardha,APMC Hinganghat ,Fibre Crops,Cotton,Other,FAQ,"7,710.00","8,010.00","7,850.00",Rs./Quintal,12-02-2026
Maharashtra,Wardha,APMC Hinganghat ,Fibre Crops,Cotton,Other,Non-FAQ,"7,000.00","7,700.00","7,300.00",Rs./Quintal,12-02-2026
Maharashtra,Wardha,APMC Hinganghat ,Fibre Crops,Cotton,Other,FAQ,"7,710.00","8,010.00","7,880.00",Rs./Quintal,11-02-2026
Maharashtra,Wardha,APMC Hinganghat ,Fibre Crops,Cotton,Other,Non-FAQ,"7,000.00","7,700.00","7,400.00",Rs./Quintal,11-02-2026
Maharashtra,Wardha,APMC Hinganghat ,Fibre Crops,Cotton,Other,FAQ,"7,710.00","8,010.00","7,800.00",Rs./Quintal,09-02-2026
Maharashtra,Wardha,APMC Hinganghat ,Fibre Crops,Cotton,Other,Non-FAQ,"7,200.00","7,700.00","7,400.00",Rs./Quintal,09-02-2026
Maharashtra,Wardha,APMC Hinganghat ,Fibre Crops,Cotton,Other,FAQ,"7,710.00","8,150.00","7,920.00",Rs./Quintal,05-02-2026
Maharashtra,Wardha,APMC Hinganghat ,Fibre Crops,Cotton,Other,Non-FAQ,"7,500.00","7,700.00","7,600.00",Rs./Quintal,05-02-2026
Maharashtra,Wardha,APMC Hinganghat ,Fibre Crops,Cotton,Other,FAQ,"7,710.00","8,105.00","7,900.00",Rs./Quintal,03-02-2026
Maharashtra,Wardha,APMC Hinganghat ,Fibre Crops,Cotton,Other,Non-FAQ,"7,500.00","7,700.00","7,600.00",Rs./Quintal,03-02-2026
Maharashtra,Wardha,APMC Hinganghat ,Fibre Crops,Cotton,Other,FAQ,"7,710.00","8,075.00","7,900.00",Rs./Quintal,02-02-2026
Maharashtra,Wardha,APMC Hinganghat ,Fibre Crops,Cotton,Other,Non-FAQ,"7,200.00","7,700.00","7,500.00",Rs./Quintal,02-02-2026
Maharashtra,Wardha,APMC Hinganghat ,Fibre Crops,Cotton,Other,FAQ,"7,710.00","8,145.00","7,900.00",Rs./Quintal,31-01-2026
Maharashtra,Wardha,APMC Hinganghat ,Fibre Crops,Cotton,Other,Non-FAQ,"7,500.00","7,700.00","7,600.00",Rs./Quintal,31-01-2026
Maharashtra,Wardha,APMC Hinganghat ,Fibre Crops,Cotton,Other,FAQ,"7,710.00","8,185.00","7,900.00",Rs./Quintal,30-01-2026
Maharashtra,Wardha,APMC Hinganghat ,Fibre Crops,Cotton,Other,Non-FAQ,"7,500.00","7,700.00","7,600.00",Rs./Quintal,30-01-2026
Maharashtra,Wardha,APMC Hinganghat ,Fibre Crops,Cotton,Other,FAQ,"7,710.00","8,245.00","7,900.00",Rs./Quintal,28-01-2026
Maharashtra,Wardha,APMC Hinganghat ,Fibre Crops,Cotton,Other,Non-FAQ,"7,600.00","7,700.00","7,650.00",Rs./Quintal,28-01-2026
Maharashtra,Wardha,APMC Hinganghat ,Fibre Crops,Cotton,Other,FAQ,"7,710.00","8,350.00","8,000.00",Rs./Quintal,27-01-2026
Maharashtra,Wardha,APMC Hinganghat ,Fibre Crops,Cotton,Other,FAQ,"7,710.00","8,335.00","8,000.00",Rs./Quintal,24-01-2026
Maharashtra,Wardha,APMC Hinganghat ,Fibre Crops,Cotton,Other,FAQ,"7,710.00","8,330.00","8,100.00",Rs./Quintal,23-01-2026
Maharashtra,Wardha,APMC Hinganghat ,Fibre Crops,Cotton,Other,Non-FAQ,"7,700.00","7,700.00","7,700.00",Rs./Quintal,23-01-2026
Maharashtra,Wardha,APMC Hinganghat ,Fibre Crops,Cotton,Other,FAQ,"7,710.00","8,335.00","8,000.00",Rs./Quintal,22-01-2026
Maharashtra,Wardha,APMC Hinganghat ,Fibre Crops,Cotton,Other,Non-FAQ,"7,700.00","7,700.00","7,700.00",Rs./Quintal,22-01-2026
Maharashtra,Wardha,APMC Hinganghat ,Fibre Crops,Cotton,Other,FAQ,"7,710.00","8,280.00","8,000.00",Rs./Quintal,21-01-2026
Maharashtra,Wardha,APMC Hinganghat ,Fibre Crops,Cotton,Other,Non-FAQ,"7,700.00","7,700.00","7,700.00",Rs./Quintal,21-01-2026
Maharashtra,Wardha,APMC Hinganghat ,Fibre Crops,Cotton,Other,FAQ,"7,710.00","8,275.00","8,000.00",Rs./Quintal,20-01-2026
Maharashtra,Wardha,APMC Hinganghat ,Fibre Crops,Cotton,Other,Non-FAQ,"7,700.00","7,700.00","7,700.00",Rs./Quintal,20-01-2026
Maharashtra,Wardha,APMC Hinganghat ,Fibre Crops,Cotton,Other,FAQ,"7,710.00","8,295.00","8,000.00",Rs./Quintal,19-01-2026
Maharashtra,Wardha,APMC Hinganghat ,Fibre Crops,Cotton,Other,Non-FAQ,"7,700.00","7,700.00","7,700.00",Rs./Quintal,19-01-2026
Maharashtra,Wardha,APMC Hinganghat ,Fibre Crops,Cotton,Other,FAQ,"7,710.00","8,355.00","8,000.00",Rs./Quintal,17-01-2026
Maharashtra,Wardha,APMC Hinganghat ,Fibre Crops,Cotton,Other,Non-FAQ,"7,700.00","7,700.00","7,700.00",Rs./Quintal,17-01-2026
Maharashtra,Wardha,APMC Hinganghat ,Fibre Crops,Cotton,Other,FAQ,"7,710.00","8,300.00","8,000.00",Rs./Quintal,16-01-2026
Maharashtra,Wardha,APMC Hinganghat ,Fibre Crops,Cotton,Other,Non-FAQ,"7,650.00","7,705.00","7,700.00",Rs./Quintal,16-01-2026
Maharashtra,Wardha,APMC Hinganghat ,Fibre Crops,Cotton,Other,FAQ,"7,710.00","8,305.00","8,000.00",Rs./Quintal,14-01-2026
Maharashtra,Wardha,APMC Hinganghat ,Fibre Crops,Cotton,Other,Non-FAQ,"7,650.00","7,705.00","7,700.00",Rs./Quintal,14-01-2026
Maharashtra,Wardha,APMC Hinganghat ,Fibre Crops,Cotton,Other,FAQ,"7,710.00","8,350.00","8,000.00",Rs./Quintal,13-01-2026
Maharashtra,Wardha,APMC Hinganghat ,Fibre Crops,Cotton,Other,Non-FAQ,"7,500.00","7,705.00","7,600.00",Rs./Quintal,13-01-2026
Maharashtra,Wardha,APMC Hinganghat ,Fibre Crops,Cotton,Other,FAQ,"7,710.00","8,300.00","8,000.00",Rs./Quintal,12-01-2026
Maharashtra,Wardha,APMC Hinganghat ,Fibre Crops,Cotton,Other,Non-FAQ,"7,500.00","7,705.00","7,690.00",Rs./Quintal,12-01-2026
Maharashtra,Wardha,APMC Hinganghat ,Fibre Crops,Cotton,Other,FAQ,"7,712.00","8,185.00","7,895.00",Rs./Quintal,10-01-2026
Maharashtra,Wardha,APMC Hinganghat ,Fibre Crops,Cotton,Other,Non-FAQ,"7,400.00","7,700.00","7,550.00",Rs./Quintal,10-01-2026
Maharashtra,Wardha,APMC Hinganghat ,Fibre Crops,Cotton,Other,FAQ,"7,716.00","8,170.00","7,900.00",Rs./Quintal,09-01-2026
Maharashtra,Wardha,APMC Hinganghat ,Fibre Crops,Cotton,Other,Non-FAQ,"7,400.00","7,700.00","7,600.00",Rs./Quintal,09-01-2026
Maharashtra,Wardha,APMC Hinganghat ,Fibre Crops,Cotton,Other,FAQ,"7,710.00","8,065.00","7,880.00",Rs./Quintal,07-01-2026
Maharashtra,Wardha,APMC Hinganghat ,Fibre Crops,Cotton,Other,Non-FAQ,"7,400.00","7,700.00","7,550.00",Rs./Quintal,07-01-2026
Maharashtra,Wardha,APMC Hinganghat ,Fibre Crops,Cotton,Other,FAQ,"7,715.00","8,045.00","7,810.00",Rs./Quintal,06-01-2026
Maharashtra,Wardha,APMC Hinganghat ,Fibre Crops,Cotton,Other,Non-FAQ,"7,400.00","7,705.00","7,590.00",Rs./Quintal,06-01-2026
Maharashtra,Wardha,APMC Hinganghat ,Fibre Crops,Cotton,Other,FAQ,"7,710.00","8,015.00","7,820.00",Rs./Quintal,05-01-2026
Maharashtra,Wardha,APMC Hinganghat ,Fibre Crops,Cotton,Other,Non-FAQ,"7,400.00","7,700.00","7,550.00",Rs./Quintal,05-01-2026
Maharashtra,Wardha,APMC Hinganghat ,Fibre Crops,Cotton,Other,FAQ,"7,711.00","7,985.00","7,820.00",Rs./Quintal,03-01-2026
Maharashtra,Wardha,APMC Hinganghat ,Fibre Crops,Cotton,Other,Non-FAQ,"7,200.00","7,700.00","7,450.00",Rs./Quintal,03-01-2026
Maharashtra,Wardha,APMC Hinganghat ,Fibre Crops,Cotton,Other,FAQ,"7,710.00","8,010.00","7,990.00",Rs./Quintal,02-01-2026
Maharashtra,Wardha,APMC Hinganghat ,Fibre Crops,Cotton,Other,Non-FAQ,"7,200.00","7,705.00","7,400.00",Rs./Quintal,02-01-2026
Maharashtra,Wardha,APMC Hinganghat ,Fibre Crops,Cotton,Other,FAQ,"7,710.00","8,010.00","7,945.00",Rs./Quintal,01-01-2026
Maharashtra,Wardha,APMC Hinganghat ,Fibre Crops,Cotton,Other,Non-FAQ,"7,400.00","7,705.00","7,600.00",Rs./Quintal,01-01-2026
Maharashtra,Wardha,APMC Pulgaon ,Fibre Crops,Cotton,Other,FAQ,"8,000.00","9,400.00","8,900.00",Rs./Quintal,22-05-2026
Maharashtra,Wardha,APMC Pulgaon ,Fibre Crops,Cotton,Other,Non-FAQ,"5,000.00","6,500.00","6,000.00",Rs./Quintal,22-05-2026
Maharashtra,Wardha,APMC Pulgaon ,Fibre Crops,Cotton,Other,FAQ,"7,800.00","9,250.00","9,075.00",Rs./Quintal,21-05-2026
Maharashtra,Wardha,APMC Pulgaon ,Fibre Crops,Cotton,Other,FAQ,"7,900.00","9,500.00","9,100.00",Rs./Quintal,20-05-2026
Maharashtra,Wardha,APMC Pulgaon ,Fibre Crops,Cotton,Other,Non-FAQ,"7,000.00","7,000.00","7,000.00",Rs./Quintal,20-05-2026
Maharashtra,Wardha,APMC Pulgaon ,Fibre Crops,Cotton,Other,FAQ,"7,800.00","9,350.00","9,150.00",Rs./Quintal,19-05-2026
Maharashtra,Wardha,APMC Pulgaon ,Fibre Crops,Cotton,Other,FAQ,"8,500.00","9,550.00","9,200.00",Rs./Quintal,18-05-2026
Maharashtra,Wardha,APMC Pulgaon ,Fibre Crops,Cotton,Other,FAQ,"7,900.00","10,100.00","9,500.00",Rs./Quintal,15-05-2026
Maharashtra,Wardha,APMC Pulgaon ,Fibre Crops,Cotton,Other,FAQ,"9,300.00","10,025.00","9,700.00",Rs./Quintal,14-05-2026
Maharashtra,Wardha,APMC Pulgaon ,Fibre Crops,Cotton,Other,Non-FAQ,"6,500.00","7,000.00","6,800.00",Rs./Quintal,14-05-2026
Maharashtra,Wardha,APMC Pulgaon ,Fibre Crops,Cotton,Other,FAQ,"7,925.00","10,225.00","9,500.00",Rs./Quintal,13-05-2026
Maharashtra,Wardha,APMC Pulgaon ,Fibre Crops,Cotton,Other,FAQ,"8,200.00","10,350.00","9,700.00",Rs./Quintal,12-05-2026
Maharashtra,Wardha,APMC Pulgaon ,Fibre Crops,Cotton,Other,Non-FAQ,"6,800.00","7,500.00","7,300.00",Rs./Quintal,12-05-2026
Maharashtra,Wardha,APMC Pulgaon ,Fibre Crops,Cotton,Other,FAQ,"7,750.00","10,025.00","9,100.00",Rs./Quintal,11-05-2026
Maharashtra,Wardha,APMC Pulgaon ,Fibre Crops,Cotton,Other,FAQ,"7,800.00","9,200.00","8,900.00",Rs./Quintal,09-05-2026
Maharashtra,Wardha,APMC Pulgaon ,Fibre Crops,Cotton,Other,FAQ,"7,900.00","9,980.00","9,400.00",Rs./Quintal,08-05-2026
Maharashtra,Wardha,APMC Pulgaon ,Fibre Crops,Cotton,Other,Non-FAQ,"7,200.00","7,500.00","7,350.00",Rs./Quintal,08-05-2026
Maharashtra,Wardha,APMC Pulgaon ,Fibre Crops,Cotton,Other,FAQ,"7,900.00","10,000.00","9,500.00",Rs./Quintal,07-05-2026
Maharashtra,Wardha,APMC Pulgaon ,Fibre Crops,Cotton,Other,FAQ,"7,800.00","10,010.00","9,100.00",Rs./Quintal,06-05-2026
Maharashtra,Wardha,APMC Pulgaon ,Fibre Crops,Cotton,Other,FAQ,"7,900.00","9,590.00","8,850.00",Rs./Quintal,05-05-2026
Maharashtra,Wardha,APMC Pulgaon ,Fibre Crops,Cotton,Other,Non-FAQ,"6,500.00","7,600.00","7,400.00",Rs./Quintal,05-05-2026
Maharashtra,Wardha,APMC Pulgaon ,Fibre Crops,Cotton,Other,FAQ,"7,900.00","9,510.00","8,800.00",Rs./Quintal,04-05-2026
Maharashtra,Wardha,APMC Pulgaon ,Fibre Crops,Cotton,Other,Non-FAQ,"6,500.00","7,600.00","7,450.00",Rs./Quintal,04-05-2026
Maharashtra,Wardha,APMC Pulgaon ,Fibre Crops,Cotton,Other,FAQ,"7,780.00","8,750.00","8,600.00",Rs./Quintal,02-05-2026
Maharashtra,Wardha,APMC Pulgaon ,Fibre Crops,Cotton,Other,Non-FAQ,"6,500.00","7,660.00","7,400.00",Rs./Quintal,02-05-2026
Maharashtra,Wardha,APMC Pulgaon ,Fibre Crops,Cotton,Other,FAQ,"7,750.00","8,925.00","8,500.00",Rs./Quintal,30-04-2026
Maharashtra,Wardha,APMC Pulgaon ,Fibre Crops,Cotton,Other,Non-FAQ,"6,600.00","7,600.00","7,450.00",Rs./Quintal,30-04-2026
Maharashtra,Wardha,APMC Pulgaon ,Fibre Crops,Cotton,Other,FAQ,"7,750.00","8,800.00","8,500.00",Rs./Quintal,29-04-2026
Maharashtra,Wardha,APMC Pulgaon ,Fibre Crops,Cotton,Other,Non-FAQ,"6,300.00","7,650.00","7,500.00",Rs./Quintal,29-04-2026
Maharashtra,Wardha,APMC Pulgaon ,Fibre Crops,Cotton,Other,FAQ,"7,750.00","8,805.00","8,500.00",Rs./Quintal,28-04-2026
Maharashtra,Wardha,APMC Pulgaon ,Fibre Crops,Cotton,Other,Non-FAQ,"6,500.00","7,600.00","7,400.00",Rs./Quintal,28-04-2026
Maharashtra,Wardha,APMC Pulgaon ,Fibre Crops,Cotton,Other,FAQ,"7,750.00","8,870.00","8,400.00",Rs./Quintal,27-04-2026
Maharashtra,Wardha,APMC Pulgaon ,Fibre Crops,Cotton,Other,Non-FAQ,"6,500.00","7,650.00","7,365.00",Rs./Quintal,27-04-2026
Maharashtra,Wardha,APMC Pulgaon ,Fibre Crops,Cotton,Other,FAQ,"7,750.00","8,600.00","8,450.00",Rs./Quintal,25-04-2026
Maharashtra,Wardha,APMC Pulgaon ,Fibre Crops,Cotton,Other,Non-FAQ,"6,500.00","7,700.00","7,400.00",Rs./Quintal,25-04-2026
Maharashtra,Wardha,APMC Pulgaon ,Fibre Crops,Cotton,Other,FAQ,"7,750.00","8,725.00","8,500.00",Rs./Quintal,24-04-2026
Maharashtra,Wardha,APMC Pulgaon ,Fibre Crops,Cotton,Other,Non-FAQ,"6,600.00","7,550.00","7,450.00",Rs./Quintal,24-04-2026
Maharashtra,Wardha,APMC Pulgaon ,Fibre Crops,Cotton,Other,FAQ,"7,760.00","8,700.00","8,500.00",Rs./Quintal,23-04-2026
Maharashtra,Wardha,APMC Pulgaon ,Fibre Crops,Cotton,Other,Non-FAQ,"6,500.00","7,600.00","7,400.00",Rs./Quintal,23-04-2026
Maharashtra,Wardha,APMC Pulgaon ,Fibre Crops,Cotton,Other,FAQ,"7,750.00","9,125.00","8,600.00",Rs./Quintal,22-04-2026
Maharashtra,Wardha,APMC Pulgaon ,Fibre Crops,Cotton,Other,Non-FAQ,"6,600.00","7,670.00","7,400.00",Rs./Quintal,22-04-2026
Maharashtra,Wardha,APMC Pulgaon ,Fibre Crops,Cotton,Other,FAQ,"7,750.00","8,665.00","8,500.00",Rs./Quintal,21-04-2026
Maharashtra,Wardha,APMC Pulgaon ,Fibre Crops,Cotton,Other,Non-FAQ,"6,500.00","7,600.00","7,400.00",Rs./Quintal,21-04-2026
Maharashtra,Wardha,APMC Pulgaon ,Fibre Crops,Cotton,Other,FAQ,"7,750.00","8,750.00","8,450.00",Rs./Quintal,20-04-2026
Maharashtra,Wardha,APMC Pulgaon ,Fibre Crops,Cotton,Other,Non-FAQ,"6,300.00","7,600.00","7,450.00",Rs./Quintal,20-04-2026
Maharashtra,Wardha,APMC Pulgaon ,Fibre Crops,Cotton,Other,FAQ,"7,750.00","8,550.00","8,150.00",Rs./Quintal,18-04-2026
Maharashtra,Wardha,APMC Pulgaon ,Fibre Crops,Cotton,Other,Non-FAQ,"6,000.00","7,650.00","7,400.00",Rs./Quintal,18-04-2026
Maharashtra,Wardha,APMC Pulgaon ,Fibre Crops,Cotton,Other,FAQ,"7,750.00","8,850.00","8,400.00",Rs./Quintal,17-04-2026
Maharashtra,Wardha,APMC Pulgaon ,Fibre Crops,Cotton,Other,Non-FAQ,"6,300.00","7,700.00","7,480.00",Rs./Quintal,17-04-2026
Maharashtra,Wardha,APMC Pulgaon ,Fibre Crops,Cotton,Other,FAQ,"7,750.00","8,650.00","8,400.00",Rs./Quintal,16-04-2026
Maharashtra,Wardha,APMC Pulgaon ,Fibre Crops,Cotton,Other,Non-FAQ,"6,500.00","7,625.00","7,480.00",Rs./Quintal,16-04-2026
Maharashtra,Wardha,APMC Pulgaon ,Fibre Crops,Cotton,Other,FAQ,"7,760.00","8,675.00","8,450.00",Rs./Quintal,15-04-2026
Maharashtra,Wardha,APMC Pulgaon ,Fibre Crops,Cotton,Other,Non-FAQ,"6,000.00","7,600.00","7,480.00",Rs./Quintal,15-04-2026
Maharashtra,Wardha,APMC Pulgaon ,Fibre Crops,Cotton,Other,FAQ,"7,750.00","8,700.00","8,200.00",Rs./Quintal,13-04-2026
Maharashtra,Wardha,APMC Pulgaon ,Fibre Crops,Cotton,Other,Non-FAQ,"6,500.00","7,650.00","7,500.00",Rs./Quintal,13-04-2026
Maharashtra,Wardha,APMC Pulgaon ,Fibre Crops,Cotton,Other,FAQ,"7,750.00","8,650.00","8,500.00",Rs./Quintal,11-04-2026
Maharashtra,Wardha,APMC Pulgaon ,Fibre Crops,Cotton,Other,Non-FAQ,"6,500.00","7,670.00","7,480.00",Rs./Quintal,11-04-2026
Maharashtra,Wardha,APMC Pulgaon ,Fibre Crops,Cotton,Other,FAQ,"7,760.00","8,975.00","8,500.00",Rs./Quintal,10-04-2026
Maharashtra,Wardha,APMC Pulgaon ,Fibre Crops,Cotton,Other,Non-FAQ,"6,975.00","7,600.00","7,490.00",Rs./Quintal,10-04-2026
Maharashtra,Wardha,APMC Pulgaon ,Fibre Crops,Cotton,Other,FAQ,"7,750.00","8,785.00","8,450.00",Rs./Quintal,09-04-2026
Maharashtra,Wardha,APMC Pulgaon ,Fibre Crops,Cotton,Other,Non-FAQ,"6,500.00","7,650.00","7,450.00",Rs./Quintal,09-04-2026
Maharashtra,Wardha,APMC Pulgaon ,Fibre Crops,Cotton,Other,FAQ,"7,760.00","8,700.00","8,450.00",Rs./Quintal,08-04-2026
Maharashtra,Wardha,APMC Pulgaon ,Fibre Crops,Cotton,Other,Non-FAQ,"6,500.00","7,600.00","7,480.00",Rs./Quintal,08-04-2026
Maharashtra,Wardha,APMC Pulgaon ,Fibre Crops,Cotton,Other,FAQ,"7,800.00","9,105.00","8,500.00",Rs./Quintal,07-04-2026
Maharashtra,Wardha,APMC Pulgaon ,Fibre Crops,Cotton,Other,Non-FAQ,"7,000.00","7,650.00","7,480.00",Rs./Quintal,07-04-2026
Maharashtra,Wardha,APMC Pulgaon ,Fibre Crops,Cotton,Other,FAQ,"7,750.00","8,805.00","8,500.00",Rs./Quintal,06-04-2026
Maharashtra,Wardha,APMC Pulgaon ,Fibre Crops,Cotton,Other,Non-FAQ,"6,500.00","7,650.00","7,500.00",Rs./Quintal,06-04-2026
Maharashtra,Wardha,APMC Pulgaon ,Fibre Crops,Cotton,Other,FAQ,"7,750.00","8,600.00","8,270.00",Rs./Quintal,04-04-2026
Maharashtra,Wardha,APMC Pulgaon ,Fibre Crops,Cotton,Other,Non-FAQ,"6,000.00","7,600.00","7,500.00",Rs./Quintal,04-04-2026
Maharashtra,Wardha,APMC Pulgaon ,Fibre Crops,Cotton,Other,FAQ,"7,765.00","9,125.00","8,500.00",Rs./Quintal,03-04-2026
Maharashtra,Wardha,APMC Pulgaon ,Fibre Crops,Cotton,Other,Non-FAQ,"6,500.00","7,690.00","7,600.00",Rs./Quintal,03-04-2026
Maharashtra,Wardha,APMC Pulgaon ,Fibre Crops,Cotton,Other,FAQ,"7,750.00","8,700.00","8,250.00",Rs./Quintal,01-04-2026
Maharashtra,Wardha,APMC Pulgaon ,Fibre Crops,Cotton,Other,Non-FAQ,"6,000.00","7,650.00","7,550.00",Rs./Quintal,01-04-2026
Maharashtra,Wardha,APMC Pulgaon ,Fibre Crops,Cotton,Other,FAQ,"7,800.00","8,465.00","8,100.00",Rs./Quintal,30-03-2026
Maharashtra,Wardha,APMC Pulgaon ,Fibre Crops,Cotton,Other,Non-FAQ,"6,200.00","7,660.00","7,490.00",Rs./Quintal,30-03-2026
Maharashtra,Wardha,APMC Pulgaon ,Fibre Crops,Cotton,Other,FAQ,"7,800.00","8,000.00","7,900.00",Rs./Quintal,28-03-2026
Maharashtra,Wardha,APMC Pulgaon ,Fibre Crops,Cotton,Other,Non-FAQ,"6,000.00","7,600.00","7,485.00",Rs./Quintal,28-03-2026
Maharashtra,Wardha,APMC Pulgaon ,Fibre Crops,Cotton,Other,FAQ,"7,725.00","8,100.00","7,950.00",Rs./Quintal,27-03-2026
Maharashtra,Wardha,APMC Pulgaon ,Fibre Crops,Cotton,Other,Non-FAQ,"6,000.00","7,670.00","7,480.00",Rs./Quintal,27-03-2026
Maharashtra,Wardha,APMC Pulgaon ,Fibre Crops,Cotton,Other,FAQ,"7,750.00","8,325.00","7,950.00",Rs./Quintal,25-03-2026
Maharashtra,Wardha,APMC Pulgaon ,Fibre Crops,Cotton,Other,Non-FAQ,"6,000.00","7,650.00","7,500.00",Rs./Quintal,25-03-2026
Maharashtra,Wardha,APMC Pulgaon ,Fibre Crops,Cotton,Other,FAQ,"7,720.00","8,205.00","7,865.00",Rs./Quintal,24-03-2026
Maharashtra,Wardha,APMC Pulgaon ,Fibre Crops,Cotton,Other,Non-FAQ,"6,000.00","7,650.00","7,550.00",Rs./Quintal,24-03-2026
Maharashtra,Wardha,APMC Pulgaon ,Fibre Crops,Cotton,Other,FAQ,"7,715.00","8,250.00","7,950.00",Rs./Quintal,23-03-2026
Maharashtra,Wardha,APMC Pulgaon ,Fibre Crops,Cotton,Other,Non-FAQ,"6,000.00","7,650.00","7,500.00",Rs./Quintal,23-03-2026
Maharashtra,Wardha,APMC Pulgaon ,Fibre Crops,Cotton,Other,FAQ,"7,725.00","8,350.00","7,950.00",Rs./Quintal,20-03-2026
Maharashtra,Wardha,APMC Pulgaon ,Fibre Crops,Cotton,Other,Non-FAQ,"6,500.00","7,650.00","7,500.00",Rs./Quintal,20-03-2026
Maharashtra,Wardha,APMC Pulgaon ,Fibre Crops,Cotton,Other,FAQ,"7,725.00","8,180.00","7,900.00",Rs./Quintal,18-03-2026
Maharashtra,Wardha,APMC Pulgaon ,Fibre Crops,Cotton,Other,Non-FAQ,"6,500.00","7,600.00","7,500.00",Rs./Quintal,18-03-2026
Maharashtra,Wardha,APMC Pulgaon ,Fibre Crops,Cotton,Other,FAQ,"7,715.00","7,990.00","7,800.00",Rs./Quintal,17-03-2026
Maharashtra,Wardha,APMC Pulgaon ,Fibre Crops,Cotton,Other,Non-FAQ,"6,500.00","7,550.00","7,400.00",Rs./Quintal,17-03-2026
Maharashtra,Wardha,APMC Pulgaon ,Fibre Crops,Cotton,Other,FAQ,"7,720.00","8,000.00","7,900.00",Rs./Quintal,16-03-2026
Maharashtra,Wardha,APMC Pulgaon ,Fibre Crops,Cotton,Other,Non-FAQ,"6,500.00","7,650.00","7,550.00",Rs./Quintal,16-03-2026
Maharashtra,Wardha,APMC Pulgaon ,Fibre Crops,Cotton,Other,FAQ,"7,710.00","7,750.00","7,735.00",Rs./Quintal,14-03-2026
Maharashtra,Wardha,APMC Pulgaon ,Fibre Crops,Cotton,Other,Non-FAQ,"6,800.00","7,650.00","7,480.00",Rs./Quintal,14-03-2026
Maharashtra,Wardha,APMC Pulgaon ,Fibre Crops,Cotton,Other,FAQ,"7,725.00","8,010.00","7,850.00",Rs./Quintal,13-03-2026
Maharashtra,Wardha,APMC Pulgaon ,Fibre Crops,Cotton,Other,Non-FAQ,"6,900.00","7,680.00","7,450.00",Rs./Quintal,13-03-2026
Maharashtra,Wardha,APMC Pulgaon ,Fibre Crops,Cotton,Other,FAQ,"7,730.00","8,010.00","7,890.00",Rs./Quintal,12-03-2026
Maharashtra,Wardha,APMC Pulgaon ,Fibre Crops,Cotton,Other,Non-FAQ,"6,500.00","7,650.00","7,525.00",Rs./Quintal,12-03-2026
Maharashtra,Wardha,APMC Pulgaon ,Fibre Crops,Cotton,Other,FAQ,"7,720.00","8,010.00","7,930.00",Rs./Quintal,11-03-2026
Maharashtra,Wardha,APMC Pulgaon ,Fibre Crops,Cotton,Other,Non-FAQ,"6,500.00","7,650.00","7,500.00",Rs./Quintal,11-03-2026
Maharashtra,Wardha,APMC Pulgaon ,Fibre Crops,Cotton,Other,FAQ,"7,720.00","8,050.00","7,900.00",Rs./Quintal,10-03-2026
Maharashtra,Wardha,APMC Pulgaon ,Fibre Crops,Cotton,Other,Non-FAQ,"6,800.00","7,675.00","7,525.00",Rs./Quintal,10-03-2026
Maharashtra,Wardha,APMC Pulgaon ,Fibre Crops,Cotton,Other,FAQ,"7,725.00","8,010.00","7,900.00",Rs./Quintal,09-03-2026
Maharashtra,Wardha,APMC Pulgaon ,Fibre Crops,Cotton,Other,Non-FAQ,"6,800.00","7,650.00","7,500.00",Rs./Quintal,09-03-2026
Maharashtra,Wardha,APMC Pulgaon ,Fibre Crops,Cotton,Other,FAQ,"7,710.00","7,925.00","7,800.00",Rs./Quintal,07-03-2026
Maharashtra,Wardha,APMC Pulgaon ,Fibre Crops,Cotton,Other,Non-FAQ,"6,900.00","7,670.00","7,500.00",Rs./Quintal,07-03-2026
Maharashtra,Wardha,APMC Pulgaon ,Fibre Crops,Cotton,Other,FAQ,"7,725.00","8,010.00","7,900.00",Rs./Quintal,06-03-2026
Maharashtra,Wardha,APMC Pulgaon ,Fibre Crops,Cotton,Other,Non-FAQ,"6,975.00","7,650.00","7,580.00",Rs./Quintal,06-03-2026
Maharashtra,Wardha,APMC Pulgaon ,Fibre Crops,Cotton,Other,FAQ,"7,710.00","8,010.00","7,850.00",Rs./Quintal,05-03-2026
Maharashtra,Wardha,APMC Pulgaon ,Fibre Crops,Cotton,Other,Non-FAQ,"6,650.00","7,650.00","7,585.00",Rs./Quintal,05-03-2026
Maharashtra,Wardha,APMC Pulgaon ,Fibre Crops,Cotton,Other,Non-FAQ,"7,000.00","7,650.00","7,550.00",Rs./Quintal,02-03-2026
Maharashtra,Wardha,APMC Pulgaon ,Fibre Crops,Cotton,Other,FAQ,"7,725.00","7,880.00","7,765.00",Rs./Quintal,28-02-2026
Maharashtra,Wardha,APMC Pulgaon ,Fibre Crops,Cotton,Other,Non-FAQ,"6,500.00","7,650.00","7,500.00",Rs./Quintal,28-02-2026
Maharashtra,Wardha,APMC Pulgaon ,Fibre Crops,Cotton,Other,FAQ,"7,750.00","8,010.00","7,900.00",Rs./Quintal,27-02-2026
Maharashtra,Wardha,APMC Pulgaon ,Fibre Crops,Cotton,Other,Non-FAQ,"7,000.00","7,700.00","7,650.00",Rs./Quintal,27-02-2026
Maharashtra,Wardha,APMC Pulgaon ,Fibre Crops,Cotton,Other,FAQ,"7,750.00","8,010.00","7,850.00",Rs./Quintal,26-02-2026
Maharashtra,Wardha,APMC Pulgaon ,Fibre Crops,Cotton,Other,Non-FAQ,"7,000.00","7,650.00","7,490.00",Rs./Quintal,26-02-2026
Maharashtra,Wardha,APMC Pulgaon ,Fibre Crops,Cotton,Other,FAQ,"7,710.00","8,010.00","7,800.00",Rs./Quintal,25-02-2026
Maharashtra,Wardha,APMC Pulgaon ,Fibre Crops,Cotton,Other,Non-FAQ,"7,000.00","7,650.00","7,500.00",Rs./Quintal,25-02-2026
Maharashtra,Wardha,APMC Pulgaon ,Fibre Crops,Cotton,Other,FAQ,"7,710.00","8,010.00","7,900.00",Rs./Quintal,24-02-2026
Maharashtra,Wardha,APMC Pulgaon ,Fibre Crops,Cotton,Other,Non-FAQ,"7,000.00","7,660.00","7,500.00",Rs./Quintal,24-02-2026
Maharashtra,Wardha,APMC Pulgaon ,Fibre Crops,Cotton,Other,FAQ,"7,715.00","8,010.00","7,800.00",Rs./Quintal,23-02-2026
Maharashtra,Wardha,APMC Pulgaon ,Fibre Crops,Cotton,Other,Non-FAQ,"6,900.00","7,650.00","7,450.00",Rs./Quintal,23-02-2026
Maharashtra,Wardha,APMC Pulgaon ,Fibre Crops,Cotton,Other,FAQ,"7,710.00","7,785.00","7,750.00",Rs./Quintal,21-02-2026
Maharashtra,Wardha,APMC Pulgaon ,Fibre Crops,Cotton,Other,Non-FAQ,"7,000.00","7,680.00","7,500.00",Rs./Quintal,21-02-2026
Maharashtra,Wardha,APMC Pulgaon ,Fibre Crops,Cotton,Other,FAQ,"7,745.00","8,010.00","7,900.00",Rs./Quintal,20-02-2026
Maharashtra,Wardha,APMC Pulgaon ,Fibre Crops,Cotton,Other,Non-FAQ,"7,000.00","7,680.00","7,500.00",Rs./Quintal,20-02-2026
Maharashtra,Wardha,APMC Pulgaon ,Fibre Crops,Cotton,Other,FAQ,"7,715.00","8,010.00","7,785.00",Rs./Quintal,18-02-2026
Maharashtra,Wardha,APMC Pulgaon ,Fibre Crops,Cotton,Other,Non-FAQ,"6,800.00","7,650.00","7,550.00",Rs./Quintal,18-02-2026
Maharashtra,Wardha,APMC Pulgaon ,Fibre Crops,Cotton,Other,FAQ,"7,715.00","8,010.00","7,920.00",Rs./Quintal,17-02-2026
Maharashtra,Wardha,APMC Pulgaon ,Fibre Crops,Cotton,Other,Non-FAQ,"7,000.00","7,670.00","7,525.00",Rs./Quintal,17-02-2026
Maharashtra,Wardha,APMC Pulgaon ,Fibre Crops,Cotton,Other,FAQ,"7,725.00","8,010.00","7,900.00",Rs./Quintal,16-02-2026
Maharashtra,Wardha,APMC Pulgaon ,Fibre Crops,Cotton,Other,Non-FAQ,"7,000.00","7,665.00","7,500.00",Rs./Quintal,16-02-2026
Maharashtra,Wardha,APMC Pulgaon ,Fibre Crops,Cotton,Other,FAQ,"7,725.00","7,800.00","7,770.00",Rs./Quintal,14-02-2026
Maharashtra,Wardha,APMC Pulgaon ,Fibre Crops,Cotton,Other,Non-FAQ,"7,200.00","7,550.00","7,465.00",Rs./Quintal,14-02-2026
Maharashtra,Wardha,APMC Pulgaon ,Fibre Crops,Cotton,Other,FAQ,"7,725.00","8,010.00","7,900.00",Rs./Quintal,13-02-2026
Maharashtra,Wardha,APMC Pulgaon ,Fibre Crops,Cotton,Other,Non-FAQ,"7,000.00","7,650.00","7,500.00",Rs./Quintal,13-02-2026
Maharashtra,Wardha,APMC Pulgaon ,Fibre Crops,Cotton,Other,FAQ,"7,769.00","8,010.00","7,850.00",Rs./Quintal,12-02-2026
Maharashtra,Wardha,APMC Pulgaon ,Fibre Crops,Cotton,Other,Non-FAQ,"7,000.00","7,650.00","7,500.00",Rs./Quintal,12-02-2026
Maharashtra,Wardha,APMC Samudrapur ,Fibre Crops,Cotton,Other,Local,"7,300.00","7,450.00","7,300.00",Rs./Quintal,04-07-2026
Maharashtra,Wardha,APMC Samudrapur ,Fibre Crops,Cotton,Other,Local,"8,800.00","8,800.00","8,800.00",Rs./Quintal,04-06-2026
Maharashtra,Wardha,APMC Samudrapur ,Fibre Crops,Cotton,Other,Local,"7,000.00","8,800.00","7,800.00",Rs./Quintal,03-06-2026
Maharashtra,Wardha,APMC Samudrapur ,Fibre Crops,Cotton,Other,Local,"7,000.00","8,800.00","7,700.00",Rs./Quintal,02-06-2026
Maharashtra,Wardha,APMC Samudrapur ,Fibre Crops,Cotton,Other,Local,"7,000.00","9,200.00","9,200.00",Rs./Quintal,27-05-2026
Maharashtra,Wardha,APMC Samudrapur ,Fibre Crops,Cotton,Other,Local,"7,000.00","9,400.00","8,500.00",Rs./Quintal,25-05-2026
Maharashtra,Wardha,APMC Samudrapur ,Fibre Crops,Cotton,Other,Local,"7,000.00","9,500.00","8,500.00",Rs./Quintal,22-05-2026
Maharashtra,Wardha,APMC Samudrapur ,Fibre Crops,Cotton,Other,Local,"7,000.00","9,500.00","8,500.00",Rs./Quintal,21-05-2026
Maharashtra,Wardha,APMC Samudrapur ,Fibre Crops,Cotton,Other,Local,"7,000.00","9,600.00","8,600.00",Rs./Quintal,20-05-2026
Maharashtra,Wardha,APMC Samudrapur ,Fibre Crops,Cotton,Other,Local,"7,000.00","9,800.00","8,500.00",Rs./Quintal,19-05-2026
Maharashtra,Wardha,APMC Samudrapur ,Fibre Crops,Cotton,Other,Local,"7,000.00","9,800.00","8,200.00",Rs./Quintal,18-05-2026
Maharashtra,Wardha,APMC Samudrapur ,Fibre Crops,Cotton,Other,Local,"7,000.00","9,800.00","8,000.00",Rs./Quintal,14-05-2026
Maharashtra,Wardha,APMC Samudrapur ,Fibre Crops,Cotton,Other,Local,"7,000.00","9,800.00","8,000.00",Rs./Quintal,12-05-2026
Maharashtra,Wardha,APMC Samudrapur ,Fibre Crops,Cotton,Other,Local,"7,500.00","9,600.00","8,500.00",Rs./Quintal,11-05-2026
Maharashtra,Wardha,APMC Samudrapur ,Fibre Crops,Cotton,Other,Local,"7,000.00","9,700.00","8,100.00",Rs./Quintal,08-05-2026
Maharashtra,Wardha,APMC Samudrapur ,Fibre Crops,Cotton,Other,Local,"7,000.00","10,000.00","8,500.00",Rs./Quintal,07-05-2026
Maharashtra,Wardha,APMC Samudrapur ,Fibre Crops,Cotton,Other,Local,"7,000.00","9,200.00","8,000.00",Rs./Quintal,04-05-2026
Maharashtra,Wardha,APMC Samudrapur ,Fibre Crops,Cotton,Other,Local,"6,800.00","9,000.00","7,900.00",Rs./Quintal,02-05-2026
Maharashtra,Wardha,APMC Samudrapur ,Fibre Crops,Cotton,Other,Local,"6,500.00","8,600.00","7,800.00",Rs./Quintal,29-04-2026
Maharashtra,Wardha,APMC Samudrapur ,Fibre Crops,Cotton,Other,Local,"6,500.00","8,700.00","7,800.00",Rs./Quintal,28-04-2026
Maharashtra,Wardha,APMC Samudrapur ,Fibre Crops,Cotton,Other,Local,"6,000.00","8,500.00","7,500.00",Rs./Quintal,27-04-2026
Maharashtra,Wardha,APMC Samudrapur ,Fibre Crops,Cotton,Other,Local,"6,500.00","8,567.00","7,500.00",Rs./Quintal,25-04-2026
Maharashtra,Wardha,APMC Samudrapur ,Fibre Crops,Cotton,Other,Local,"6,000.00","8,450.00","7,500.00",Rs./Quintal,24-04-2026
Maharashtra,Wardha,APMC Samudrapur ,Fibre Crops,Cotton,Other,Local,"6,000.00","8,600.00","7,500.00",Rs./Quintal,23-04-2026
Maharashtra,Wardha,APMC Samudrapur ,Fibre Crops,Cotton,Other,Local,"6,200.00","8,500.00","7,600.00",Rs./Quintal,22-04-2026
Maharashtra,Wardha,APMC Samudrapur ,Fibre Crops,Cotton,Other,Local,"6,500.00","8,300.00","7,800.00",Rs./Quintal,17-04-2026
Maharashtra,Wardha,APMC Samudrapur ,Fibre Crops,Cotton,Other,Local,"6,400.00","8,300.00","7,750.00",Rs./Quintal,16-04-2026
Maharashtra,Wardha,APMC Samudrapur ,Fibre Crops,Cotton,Other,Local,"6,500.00","8,600.00","7,600.00",Rs./Quintal,09-04-2026
Maharashtra,Wardha,APMC Samudrapur ,Fibre Crops,Cotton,Other,Local,"6,500.00","8,600.00","7,600.00",Rs./Quintal,08-04-2026
Maharashtra,Wardha,APMC Samudrapur ,Fibre Crops,Cotton,Other,Local,"6,800.00","8,350.00","7,800.00",Rs./Quintal,04-04-2026
Maharashtra,Wardha,APMC Samudrapur ,Fibre Crops,Cotton,Other,Local,"7,000.00","8,100.00","7,500.00",Rs./Quintal,02-04-2026
Maharashtra,Wardha,APMC Samudrapur ,Fibre Crops,Cotton,Other,Local,"7,000.00","8,200.00","7,600.00",Rs./Quintal,01-04-2026
Maharashtra,Wardha,APMC Samudrapur ,Fibre Crops,Cotton,Other,Local,"6,400.00","8,100.00","7,600.00",Rs./Quintal,31-03-2026
Maharashtra,Wardha,APMC Samudrapur ,Fibre Crops,Cotton,Other,Local,"6,500.00","8,050.00","7,500.00",Rs./Quintal,30-03-2026
Maharashtra,Wardha,APMC Samudrapur ,Fibre Crops,Cotton,Other,Local,"6,400.00","7,800.00","7,500.00",Rs./Quintal,28-03-2026
Maharashtra,Wardha,APMC Samudrapur ,Fibre Crops,Cotton,Other,Local,"6,400.00","7,800.00","7,200.00",Rs./Quintal,26-03-2026
Maharashtra,Wardha,APMC Samudrapur ,Fibre Crops,Cotton,Other,Local,"6,800.00","7,720.00","7,300.00",Rs./Quintal,21-03-2026
Maharashtra,Wardha,APMC Samudrapur ,Fibre Crops,Cotton,Other,Local,"6,500.00","7,700.00","7,400.00",Rs./Quintal,19-03-2026
Maharashtra,Wardha,APMC Samudrapur ,Fibre Crops,Cotton,Other,Local,"7,000.00","7,650.00","7,400.00",Rs./Quintal,18-03-2026
Maharashtra,Wardha,APMC Samudrapur ,Fibre Crops,Cotton,Other,Local,"7,000.00","7,900.00","7,600.00",Rs./Quintal,17-03-2026
Maharashtra,Wardha,APMC Samudrapur ,Fibre Crops,Cotton,Other,Local,"7,000.00","8,010.00","7,600.00",Rs./Quintal,13-03-2026
Maharashtra,Wardha,APMC Samudrapur ,Fibre Crops,Cotton,Other,Local,"7,200.00","8,010.00","7,600.00",Rs./Quintal,12-03-2026
Maharashtra,Wardha,APMC Samudrapur ,Fibre Crops,Cotton,Other,Local,"7,000.00","8,010.00","7,600.00",Rs./Quintal,10-03-2026
Maharashtra,Wardha,APMC Samudrapur ,Fibre Crops,Cotton,Other,Local,"7,000.00","8,010.00","7,600.00",Rs./Quintal,09-03-2026
Maharashtra,Wardha,APMC Samudrapur ,Fibre Crops,Cotton,Other,Local,"7,000.00","8,010.00","7,500.00",Rs./Quintal,06-03-2026
Maharashtra,Wardha,APMC Samudrapur ,Fibre Crops,Cotton,Other,Local,"7,000.00","7,700.00","7,400.00",Rs./Quintal,05-03-2026
Maharashtra,Wardha,APMC Samudrapur ,Fibre Crops,Cotton,Other,Local,"7,000.00","7,775.00","7,400.00",Rs./Quintal,04-03-2026
Maharashtra,Wardha,APMC Samudrapur ,Fibre Crops,Cotton,Other,Local,"7,000.00","7,700.00","7,500.00",Rs./Quintal,02-03-2026
Maharashtra,Wardha,APMC Samudrapur ,Fibre Crops,Cotton,Other,Local,"7,000.00","8,010.00","7,600.00",Rs./Quintal,26-02-2026
Maharashtra,Wardha,APMC Samudrapur ,Fibre Crops,Cotton,Other,Local,"7,000.00","8,010.00","7,700.00",Rs./Quintal,25-02-2026
Maharashtra,Wardha,APMC Samudrapur ,Fibre Crops,Cotton,Other,Local,"7,000.00","8,010.00","7,700.00",Rs./Quintal,23-02-2026
Maharashtra,Wardha,APMC Samudrapur ,Fibre Crops,Cotton,Other,Local,"6,800.00","7,700.00","7,500.00",Rs./Quintal,21-02-2026
Maharashtra,Wardha,APMC Samudrapur ,Fibre Crops,Cotton,Other,Local,"6,800.00","8,010.00","7,700.00",Rs./Quintal,20-02-2026
Maharashtra,Wardha,APMC Samudrapur ,Fibre Crops,Cotton,Other,Local,"6,800.00","7,650.00","7,450.00",Rs./Quintal,19-02-2026
Maharashtra,Wardha,APMC Samudrapur ,Fibre Crops,Cotton,Other,Local,"7,000.00","8,010.00","7,700.00",Rs./Quintal,17-02-2026
Maharashtra,Wardha,APMC Samudrapur ,Fibre Crops,Cotton,Other,Local,"7,000.00","8,010.00","7,500.00",Rs./Quintal,16-02-2026
Maharashtra,Wardha,APMC Samudrapur ,Fibre Crops,Cotton,Other,Local,"6,700.00","7,725.00","7,450.00",Rs./Quintal,14-02-2026
Maharashtra,Wardha,APMC Samudrapur ,Fibre Crops,Cotton,Other,Local,"6,800.00","8,010.00","7,700.00",Rs./Quintal,13-02-2026
Maharashtra,Wardha,APMC Samudrapur ,Fibre Crops,Cotton,Other,Local,"6,600.00","8,010.00","7,700.00",Rs./Quintal,11-02-2026
Maharashtra,Wardha,APMC Samudrapur ,Fibre Crops,Cotton,Other,Local,"7,300.00","8,010.00","7,700.00",Rs./Quintal,10-02-2026
Maharashtra,Wardha,APMC Samudrapur ,Fibre Crops,Cotton,Other,Local,"7,300.00","8,010.00","7,750.00",Rs./Quintal,09-02-2026
Maharashtra,Wardha,APMC Samudrapur ,Fibre Crops,Cotton,Other,Local,"7,300.00","7,900.00","7,750.00",Rs./Quintal,07-02-2026
Maharashtra,Wardha,APMC Samudrapur ,Fibre Crops,Cotton,Other,Local,"7,300.00","8,010.00","7,800.00",Rs./Quintal,06-02-2026
Maharashtra,Wardha,APMC Samudrapur ,Fibre Crops,Cotton,Other,Local,"7,400.00","8,010.00","7,800.00",Rs./Quintal,05-02-2026
Maharashtra,Wardha,APMC Samudrapur ,Fibre Crops,Cotton,Other,Local,"7,400.00","8,010.00","7,800.00",Rs./Quintal,04-02-2026
Maharashtra,Wardha,APMC Samudrapur ,Fibre Crops,Cotton,Other,Local,"7,400.00","8,000.00","7,800.00",Rs./Quintal,02-02-2026
Maharashtra,Wardha,APMC Samudrapur ,Fibre Crops,Cotton,Other,Local,"7,500.00","8,100.00","7,800.00",Rs./Quintal,31-01-2026
Maharashtra,Wardha,APMC Samudrapur ,Fibre Crops,Cotton,Other,Local,"7,500.00","8,100.00","7,900.00",Rs./Quintal,30-01-2026
Maharashtra,Wardha,APMC Samudrapur ,Fibre Crops,Cotton,Other,Local,"7,500.00","8,100.00","7,900.00",Rs./Quintal,29-01-2026
Maharashtra,Wardha,APMC Samudrapur ,Fibre Crops,Cotton,Other,Local,"7,400.00","8,100.00","7,900.00",Rs./Quintal,28-01-2026
Maharashtra,Wardha,APMC Samudrapur ,Fibre Crops,Cotton,Other,Local,"7,450.00","8,100.00","7,900.00",Rs./Quintal,24-01-2026
Maharashtra,Wardha,APMC Samudrapur ,Fibre Crops,Cotton,Other,Local,"7,600.00","8,150.00","7,800.00",Rs./Quintal,23-01-2026
Maharashtra,Wardha,APMC Samudrapur ,Fibre Crops,Cotton,Other,Local,"7,600.00","8,200.00","7,900.00",Rs./Quintal,22-01-2026
Maharashtra,Wardha,APMC Samudrapur ,Fibre Crops,Cotton,Other,Local,"7,600.00","8,200.00","7,900.00",Rs./Quintal,21-01-2026
Maharashtra,Wardha,APMC Samudrapur ,Fibre Crops,Cotton,Other,Local,"7,600.00","8,250.00","7,900.00",Rs./Quintal,20-01-2026
Maharashtra,Wardha,APMC Samudrapur ,Fibre Crops,Cotton,Other,Local,"7,550.00","8,300.00","7,900.00",Rs./Quintal,19-01-2026
Maharashtra,Wardha,APMC Samudrapur ,Fibre Crops,Cotton,Other,Local,"7,500.00","8,100.00","7,900.00",Rs./Quintal,17-01-2026
Maharashtra,Wardha,APMC Samudrapur ,Fibre Crops,Cotton,Other,Local,"7,500.00","8,100.00","7,850.00",Rs./Quintal,16-01-2026
Maharashtra,Wardha,APMC Samudrapur ,Fibre Crops,Cotton,Other,Local,"7,500.00","8,100.00","7,900.00",Rs./Quintal,15-01-2026
Maharashtra,Wardha,APMC Samudrapur ,Fibre Crops,Cotton,Other,Local,"7,500.00","8,150.00","7,800.00",Rs./Quintal,14-01-2026
Maharashtra,Wardha,APMC Samudrapur ,Fibre Crops,Cotton,Other,Local,"7,500.00","8,150.00","7,850.00",Rs./Quintal,13-01-2026
Maharashtra,Wardha,APMC Samudrapur ,Fibre Crops,Cotton,Other,Local,"7,500.00","8,150.00","7,850.00",Rs./Quintal,12-01-2026
Maharashtra,Wardha,APMC Samudrapur ,Fibre Crops,Cotton,Other,Local,"7,400.00","8,100.00","7,800.00",Rs./Quintal,10-01-2026
Maharashtra,Wardha,APMC Samudrapur ,Fibre Crops,Cotton,Other,Local,"7,400.00","8,011.00","7,800.00",Rs./Quintal,09-01-2026
Maharashtra,Wardha,APMC Samudrapur ,Fibre Crops,Cotton,Other,Local,"7,400.00","8,010.00","7,800.00",Rs./Quintal,08-01-2026
Maharashtra,Wardha,APMC Samudrapur ,Fibre Crops,Cotton,Other,Local,"7,400.00","8,010.00","7,800.00",Rs./Quintal,07-01-2026
Maharashtra,Wardha,APMC Samudrapur ,Fibre Crops,Cotton,Other,Local,"7,400.00","8,010.00","7,800.00",Rs./Quintal,06-01-2026
Maharashtra,Wardha,APMC Samudrapur ,Fibre Crops,Cotton,Other,Local,"7,400.00","8,010.00","7,800.00",Rs./Quintal,05-01-2026
Maharashtra,Wardha,APMC Samudrapur ,Fibre Crops,Cotton,Other,Local,"7,200.00","7,650.00","7,450.00",Rs./Quintal,03-01-2026
Maharashtra,Wardha,APMC Samudrapur ,Fibre Crops,Cotton,Other,Local,"7,000.00","8,010.00","7,700.00",Rs./Quintal,01-01-2026
Maharashtra,Wardha,APMC Sindi ,Fibre Crops,Cotton,Other,FAQ,"7,737.00","8,010.00","7,869.00",Rs./Quintal,09-01-2026
Maharashtra,Wardha,APMC Sindi ,Fibre Crops,Cotton,Other,FAQ,"7,737.00","8,010.00","7,840.00",Rs./Quintal,07-01-2026
Maharashtra,Wardha,APMC Sindi ,Fibre Crops,Cotton,Other,FAQ,"7,737.00","8,010.00","7,840.00",Rs./Quintal,06-01-2026
Maharashtra,Wardha,APMC Sindi ,Fibre Crops,Cotton,Other,FAQ,"7,737.00","8,010.00","7,840.00",Rs./Quintal,05-01-2026
Maharashtra,Wardha,APMC Sindi ,Fibre Crops,Cotton,Other,FAQ,"7,737.00","8,010.00","7,850.00",Rs./Quintal,02-01-2026
Maharashtra,Wardha,APMC Sindi ,Fibre Crops,Cotton,Other,FAQ,"7,737.00","8,010.00","7,800.00",Rs./Quintal,01-01-2026
Maharashtra,Wardha,APMC Wardha ,Fibre Crops,Cotton,Other,FAQ,"8,850.00","9,600.00","9,150.00",Rs./Quintal,22-05-2026
Maharashtra,Wardha,APMC Wardha ,Fibre Crops,Cotton,Other,Non-FAQ,"7,500.00","7,700.00","7,600.00",Rs./Quintal,22-05-2026
Maharashtra,Wardha,APMC Wardha ,Fibre Crops,Cotton,Other,FAQ,"7,710.00","9,600.00","8,950.00",Rs./Quintal,21-05-2026
Maharashtra,Wardha,APMC Wardha ,Fibre Crops,Cotton,Other,FAQ,"8,000.00","9,300.00","8,950.00",Rs./Quintal,20-05-2026
Maharashtra,Wardha,APMC Wardha ,Fibre Crops,Cotton,Other,Non-FAQ,"7,000.00","7,700.00","7,550.00",Rs./Quintal,20-05-2026
Maharashtra,Wardha,APMC Wardha ,Fibre Crops,Cotton,Other,FAQ,"8,000.00","9,600.00","9,150.00",Rs./Quintal,19-05-2026
Maharashtra,Wardha,APMC Wardha ,Fibre Crops,Cotton,Other,Non-FAQ,"7,200.00","7,700.00","7,550.00",Rs./Quintal,19-05-2026
Maharashtra,Wardha,APMC Wardha ,Fibre Crops,Cotton,Other,FAQ,"8,500.00","9,450.00","9,050.00",Rs./Quintal,18-05-2026
Maharashtra,Wardha,APMC Wardha ,Fibre Crops,Cotton,Other,Non-FAQ,"7,200.00","7,700.00","7,500.00",Rs./Quintal,18-05-2026
Maharashtra,Wardha,APMC Wardha ,Fibre Crops,Cotton,Other,FAQ,"8,500.00","9,500.00","9,150.00",Rs./Quintal,15-05-2026
Maharashtra,Wardha,APMC Wardha ,Fibre Crops,Cotton,Other,Non-FAQ,"7,000.00","7,700.00","7,550.00",Rs./Quintal,15-05-2026
Maharashtra,Wardha,APMC Wardha ,Fibre Crops,Cotton,Other,FAQ,"8,000.00","9,500.00","9,050.00",Rs./Quintal,14-05-2026
Maharashtra,Wardha,APMC Wardha ,Fibre Crops,Cotton,Other,Non-FAQ,"7,000.00","7,700.00","7,500.00",Rs./Quintal,14-05-2026
Maharashtra,Wardha,APMC Wardha ,Fibre Crops,Cotton,Other,FAQ,"8,500.00","9,500.00","9,050.00",Rs./Quintal,13-05-2026
Maharashtra,Wardha,APMC Wardha ,Fibre Crops,Cotton,Other,Non-FAQ,"7,000.00","7,700.00","7,550.00",Rs./Quintal,13-05-2026
Maharashtra,Wardha,APMC Wardha ,Fibre Crops,Cotton,Other,FAQ,"8,000.00","9,500.00","8,850.00",Rs./Quintal,12-05-2026
Maharashtra,Wardha,APMC Wardha ,Fibre Crops,Cotton,Other,Non-FAQ,"7,000.00","7,700.00","7,500.00",Rs./Quintal,12-05-2026
Maharashtra,Wardha,APMC Wardha ,Fibre Crops,Cotton,Other,FAQ,"8,000.00","9,500.00","9,000.00",Rs./Quintal,11-05-2026
Maharashtra,Wardha,APMC Wardha ,Fibre Crops,Cotton,Other,Non-FAQ,"7,000.00","7,700.00","7,550.00",Rs./Quintal,11-05-2026
Maharashtra,Wardha,APMC Wardha ,Fibre Crops,Cotton,Other,FAQ,"7,710.00","9,100.00","8,550.00",Rs./Quintal,07-05-2026
Maharashtra,Wardha,APMC Wardha ,Fibre Crops,Cotton,Other,Non-FAQ,"7,000.00","7,700.00","7,450.00",Rs./Quintal,07-05-2026
Maharashtra,Wardha,APMC Wardha ,Fibre Crops,Cotton,Other,FAQ,"7,710.00","9,100.00","8,850.00",Rs./Quintal,06-05-2026
Maharashtra,Wardha,APMC Wardha ,Fibre Crops,Cotton,Other,Non-FAQ,"6,700.00","7,700.00","7,500.00",Rs./Quintal,06-05-2026
Maharashtra,Wardha,APMC Wardha ,Fibre Crops,Cotton,Other,FAQ,"8,000.00","9,300.00","8,850.00",Rs./Quintal,05-05-2026
Maharashtra,Wardha,APMC Wardha ,Fibre Crops,Cotton,Other,Non-FAQ,"6,800.00","7,700.00","7,450.00",Rs./Quintal,05-05-2026
Maharashtra,Wardha,APMC Wardha ,Fibre Crops,Cotton,Other,FAQ,"8,000.00","9,100.00","8,850.00",Rs./Quintal,04-05-2026
Maharashtra,Wardha,APMC Wardha ,Fibre Crops,Cotton,Other,Non-FAQ,"7,000.00","7,700.00","7,500.00",Rs./Quintal,04-05-2026
Maharashtra,Wardha,APMC Wardha ,Fibre Crops,Cotton,Other,FAQ,"7,710.00","8,700.00","8,550.00",Rs./Quintal,29-04-2026
Maharashtra,Wardha,APMC Wardha ,Fibre Crops,Cotton,Other,Non-FAQ,"6,500.00","7,700.00","7,550.00",Rs./Quintal,29-04-2026
Maharashtra,Wardha,APMC Wardha ,Fibre Crops,Cotton,Other,FAQ,"7,710.00","8,700.00","8,550.00",Rs./Quintal,28-04-2026
Maharashtra,Wardha,APMC Wardha ,Fibre Crops,Cotton,Other,Non-FAQ,"6,500.00","7,700.00","7,500.00",Rs./Quintal,28-04-2026
Maharashtra,Wardha,APMC Wardha ,Fibre Crops,Cotton,Other,FAQ,"7,710.00","8,650.00","8,250.00",Rs./Quintal,27-04-2026
Maharashtra,Wardha,APMC Wardha ,Fibre Crops,Cotton,Other,Non-FAQ,"6,500.00","7,700.00","7,550.00",Rs./Quintal,27-04-2026
Maharashtra,Wardha,APMC Wardha ,Fibre Crops,Cotton,Other,FAQ,"7,710.00","8,650.00","8,450.00",Rs./Quintal,24-04-2026
Maharashtra,Wardha,APMC Wardha ,Fibre Crops,Cotton,Other,Non-FAQ,"6,625.00","7,700.00","7,450.00",Rs./Quintal,24-04-2026
Maharashtra,Wardha,APMC Wardha ,Fibre Crops,Cotton,Other,FAQ,"7,710.00","8,700.00","8,450.00",Rs./Quintal,23-04-2026
Maharashtra,Wardha,APMC Wardha ,Fibre Crops,Cotton,Other,Non-FAQ,"6,850.00","7,700.00","7,550.00",Rs./Quintal,23-04-2026
Maharashtra,Wardha,APMC Wardha ,Fibre Crops,Cotton,Other,FAQ,"7,710.00","8,600.00","8,250.00",Rs./Quintal,22-04-2026
Maharashtra,Wardha,APMC Wardha ,Fibre Crops,Cotton,Other,Non-FAQ,"6,610.00","7,700.00","7,450.00",Rs./Quintal,22-04-2026
Maharashtra,Wardha,APMC Wardha ,Fibre Crops,Cotton,Other,FAQ,"7,710.00","8,450.00","8,150.00",Rs./Quintal,20-04-2026
Maharashtra,Wardha,APMC Wardha ,Fibre Crops,Cotton,Other,Non-FAQ,"6,600.00","7,700.00","7,550.00",Rs./Quintal,20-04-2026
Maharashtra,Wardha,APMC Wardha ,Fibre Crops,Cotton,Other,FAQ,"7,710.00","8,450.00","8,250.00",Rs./Quintal,17-04-2026
Maharashtra,Wardha,APMC Wardha ,Fibre Crops,Cotton,Other,Non-FAQ,"6,500.00","7,700.00","7,450.00",Rs./Quintal,17-04-2026
Maharashtra,Wardha,APMC Wardha ,Fibre Crops,Cotton,Other,FAQ,"7,710.00","8,400.00","8,150.00",Rs./Quintal,16-04-2026
Maharashtra,Wardha,APMC Wardha ,Fibre Crops,Cotton,Other,Non-FAQ,"6,500.00","7,700.00","7,550.00",Rs./Quintal,16-04-2026
Maharashtra,Wardha,APMC Wardha ,Fibre Crops,Cotton,Other,FAQ,"7,710.00","8,350.00","8,150.00",Rs./Quintal,15-04-2026
Maharashtra,Wardha,APMC Wardha ,Fibre Crops,Cotton,Other,Non-FAQ,"6,500.00","7,700.00","7,550.00",Rs./Quintal,15-04-2026
Maharashtra,Wardha,APMC Wardha ,Fibre Crops,Cotton,Other,FAQ,"7,710.00","8,400.00","8,150.00",Rs./Quintal,13-04-2026
Maharashtra,Wardha,APMC Wardha ,Fibre Crops,Cotton,Other,Non-FAQ,"6,500.00","7,700.00","7,550.00",Rs./Quintal,13-04-2026
Maharashtra,Wardha,APMC Wardha ,Fibre Crops,Cotton,Other,FAQ,"7,710.00","8,400.00","8,150.00",Rs./Quintal,10-04-2026
Maharashtra,Wardha,APMC Wardha ,Fibre Crops,Cotton,Other,Non-FAQ,"6,550.00","7,700.00","7,450.00",Rs./Quintal,10-04-2026
Maharashtra,Wardha,APMC Wardha ,Fibre Crops,Cotton,Other,FAQ,"7,710.00","8,400.00","8,150.00",Rs./Quintal,09-04-2026
Maharashtra,Wardha,APMC Wardha ,Fibre Crops,Cotton,Other,Non-FAQ,"6,650.00","7,700.00","7,550.00",Rs./Quintal,09-04-2026
Maharashtra,Wardha,APMC Wardha ,Fibre Crops,Cotton,Other,FAQ,"7,710.00","8,500.00","8,150.00",Rs./Quintal,08-04-2026
Maharashtra,Wardha,APMC Wardha ,Fibre Crops,Cotton,Other,Non-FAQ,"6,500.00","7,700.00","7,550.00",Rs./Quintal,08-04-2026
Maharashtra,Wardha,APMC Wardha ,Fibre Crops,Cotton,Other,FAQ,"7,710.00","8,500.00","8,050.00",Rs./Quintal,07-04-2026
Maharashtra,Wardha,APMC Wardha ,Fibre Crops,Cotton,Other,Non-FAQ,"6,500.00","7,700.00","7,550.00",Rs./Quintal,07-04-2026
Maharashtra,Wardha,APMC Wardha ,Fibre Crops,Cotton,Other,FAQ,"7,710.00","8,400.00","8,150.00",Rs./Quintal,06-04-2026
Maharashtra,Wardha,APMC Wardha ,Fibre Crops,Cotton,Other,Non-FAQ,"6,500.00","7,700.00","7,550.00",Rs./Quintal,06-04-2026
Maharashtra,Wardha,APMC Wardha ,Fibre Crops,Cotton,Other,FAQ,"7,710.00","8,200.00","7,950.00",Rs./Quintal,01-04-2026
Maharashtra,Wardha,APMC Wardha ,Fibre Crops,Cotton,Other,Non-FAQ,"6,550.00","7,700.00","7,450.00",Rs./Quintal,01-04-2026
Maharashtra,Wardha,APMC Wardha ,Fibre Crops,Cotton,Other,FAQ,"7,750.00","8,100.00","7,850.00",Rs./Quintal,30-03-2026
Maharashtra,Wardha,APMC Wardha ,Fibre Crops,Cotton,Other,Non-FAQ,"6,450.00","7,700.00","7,450.00",Rs./Quintal,30-03-2026
Maharashtra,Wardha,APMC Wardha ,Fibre Crops,Cotton,Other,FAQ,"7,710.00","8,000.00","7,900.00",Rs./Quintal,27-03-2026
Maharashtra,Wardha,APMC Wardha ,Fibre Crops,Cotton,Other,Non-FAQ,"6,850.00","7,700.00","7,550.00",Rs./Quintal,27-03-2026
Maharashtra,Wardha,APMC Wardha ,Fibre Crops,Cotton,Other,FAQ,"7,710.00","7,900.00","7,850.00",Rs./Quintal,25-03-2026
Maharashtra,Wardha,APMC Wardha ,Fibre Crops,Cotton,Other,Non-FAQ,"6,600.00","7,700.00","7,550.00",Rs./Quintal,25-03-2026
Maharashtra,Wardha,APMC Wardha ,Fibre Crops,Cotton,Other,FAQ,"7,800.00","7,800.00","7,800.00",Rs./Quintal,23-03-2026
Maharashtra,Wardha,APMC Wardha ,Fibre Crops,Cotton,Other,Non-FAQ,"6,500.00","7,700.00","7,350.00",Rs./Quintal,23-03-2026
Maharashtra,Wardha,APMC Wardha ,Fibre Crops,Cotton,Other,FAQ,"7,710.00","7,750.00","7,730.00",Rs./Quintal,16-03-2026
Maharashtra,Wardha,APMC Wardha ,Fibre Crops,Cotton,Other,Non-FAQ,"6,500.00","7,700.00","7,250.00",Rs./Quintal,16-03-2026
Maharashtra,Wardha,APMC Wardha ,Fibre Crops,Cotton,Other,FAQ,"7,710.00","8,010.00","7,950.00",Rs./Quintal,11-03-2026
Maharashtra,Wardha,APMC Wardha ,Fibre Crops,Cotton,Other,Non-FAQ,"6,700.00","7,700.00","7,350.00",Rs./Quintal,11-03-2026
Maharashtra,Wardha,APMC Wardha ,Fibre Crops,Cotton,Other,FAQ,"7,710.00","8,010.00","7,950.00",Rs./Quintal,10-03-2026
Maharashtra,Wardha,APMC Wardha ,Fibre Crops,Cotton,Other,Non-FAQ,"6,700.00","7,700.00","7,450.00",Rs./Quintal,10-03-2026
Maharashtra,Wardha,APMC Wardha ,Fibre Crops,Cotton,Other,FAQ,"7,710.00","8,010.00","7,850.00",Rs./Quintal,05-03-2026
Maharashtra,Wardha,APMC Wardha ,Fibre Crops,Cotton,Other,Non-FAQ,"6,500.00","7,700.00","7,450.00",Rs./Quintal,05-03-2026
Maharashtra,Wardha,APMC Wardha ,Fibre Crops,Cotton,Other,FAQ,"7,710.00","8,010.00","7,850.00",Rs./Quintal,27-02-2026
Maharashtra,Wardha,APMC Wardha ,Fibre Crops,Cotton,Other,Non-FAQ,"6,525.00","7,650.00","7,250.00",Rs./Quintal,27-02-2026
Maharashtra,Wardha,APMC Wardha ,Fibre Crops,Cotton,Other,FAQ,"7,710.00","8,010.00","7,850.00",Rs./Quintal,26-02-2026
Maharashtra,Wardha,APMC Wardha ,Fibre Crops,Cotton,Other,Non-FAQ,"6,500.00","7,700.00","7,350.00",Rs./Quintal,26-02-2026
Maharashtra,Wardha,APMC Wardha ,Fibre Crops,Cotton,Other,FAQ,"7,710.00","8,010.00","7,850.00",Rs./Quintal,24-02-2026
Maharashtra,Wardha,APMC Wardha ,Fibre Crops,Cotton,Other,Non-FAQ,"6,500.00","7,700.00","7,450.00",Rs./Quintal,24-02-2026
Maharashtra,Wardha,APMC Wardha ,Fibre Crops,Cotton,Other,FAQ,"7,710.00","8,010.00","7,850.00",Rs./Quintal,23-02-2026
Maharashtra,Wardha,APMC Wardha ,Fibre Crops,Cotton,Other,Non-FAQ,"6,500.00","7,700.00","7,200.00",Rs./Quintal,23-02-2026
Maharashtra,Wardha,APMC Wardha ,Fibre Crops,Cotton,Other,FAQ,"7,710.00","8,010.00","7,850.00",Rs./Quintal,20-02-2026
Maharashtra,Wardha,APMC Wardha ,Fibre Crops,Cotton,Other,Non-FAQ,"6,550.00","7,700.00","7,250.00",Rs./Quintal,20-02-2026
Maharashtra,Wardha,APMC Wardha ,Fibre Crops,Cotton,Other,FAQ,"7,710.00","8,010.00","7,950.00",Rs./Quintal,17-02-2026
Maharashtra,Wardha,APMC Wardha ,Fibre Crops,Cotton,Other,Non-FAQ,"7,550.00","7,700.00","7,625.00",Rs./Quintal,17-02-2026
Maharashtra,Wardha,APMC Wardha ,Fibre Crops,Cotton,Other,FAQ,"7,710.00","8,010.00","7,950.00",Rs./Quintal,16-02-2026
Maharashtra,Wardha,APMC Wardha ,Fibre Crops,Cotton,Other,Non-FAQ,"6,500.00","7,700.00","7,250.00",Rs./Quintal,16-02-2026
Maharashtra,Wardha,APMC Wardha ,Fibre Crops,Cotton,Other,FAQ,"7,710.00","8,010.00","7,950.00",Rs./Quintal,10-02-2026
Maharashtra,Wardha,APMC Wardha ,Fibre Crops,Cotton,Other,Non-FAQ,"6,950.00","7,600.00","7,450.00",Rs./Quintal,10-02-2026
Maharashtra,Wardha,APMC Wardha ,Fibre Crops,Cotton,Other,FAQ,"7,710.00","8,010.00","7,950.00",Rs./Quintal,09-02-2026
Maharashtra,Wardha,APMC Wardha ,Fibre Crops,Cotton,Other,Non-FAQ,"6,930.00","7,700.00","7,500.00",Rs./Quintal,09-02-2026
Maharashtra,Wardha,APMC Wardha ,Fibre Crops,Cotton,Other,FAQ,"7,710.00","8,025.00","7,950.00",Rs./Quintal,05-02-2026
Maharashtra,Wardha,APMC Wardha ,Fibre Crops,Cotton,Other,FAQ,"7,715.00","8,000.00","7,950.00",Rs./Quintal,04-02-2026
Maharashtra,Wardha,APMC Wardha ,Fibre Crops,Cotton,Other,FAQ,"7,750.00","8,150.00","7,950.00",Rs./Quintal,02-02-2026
Maharashtra,Wardha,APMC Wardha ,Fibre Crops,Cotton,Other,FAQ,"7,750.00","8,150.00","7,950.00",Rs./Quintal,30-01-2026
Maharashtra,Wardha,APMC Wardha ,Fibre Crops,Cotton,Other,FAQ,"7,750.00","8,200.00","7,950.00",Rs./Quintal,29-01-2026
Maharashtra,Wardha,APMC Wardha ,Fibre Crops,Cotton,Other,FAQ,"7,825.00","8,200.00","8,050.00",Rs./Quintal,28-01-2026
Maharashtra,Wardha,APMC Wardha ,Fibre Crops,Cotton,Other,FAQ,"7,710.00","8,200.00","7,950.00",Rs./Quintal,23-01-2026
Maharashtra,Wardha,APMC Wardha ,Fibre Crops,Cotton,Other,Non-FAQ,"7,675.00","7,700.00","7,685.00",Rs./Quintal,23-01-2026
Maharashtra,Wardha,APMC Wardha ,Fibre Crops,Cotton,Other,FAQ,"7,710.00","8,225.00","7,950.00",Rs./Quintal,22-01-2026
Maharashtra,Wardha,APMC Wardha ,Fibre Crops,Cotton,Other,Non-FAQ,"7,600.00","7,700.00","7,650.00",Rs./Quintal,22-01-2026
Maharashtra,Wardha,APMC Wardha ,Fibre Crops,Cotton,Other,FAQ,"7,710.00","8,200.00","7,950.00",Rs./Quintal,21-01-2026
Maharashtra,Wardha,APMC Wardha ,Fibre Crops,Cotton,Other,Non-FAQ,"7,700.00","7,700.00","7,700.00",Rs./Quintal,21-01-2026
Maharashtra,Wardha,APMC Wardha ,Fibre Crops,Cotton,Other,FAQ,"7,710.00","8,250.00","7,950.00",Rs./Quintal,20-01-2026
Maharashtra,Wardha,APMC Wardha ,Fibre Crops,Cotton,Other,Non-FAQ,"7,650.00","7,700.00","7,700.00",Rs./Quintal,20-01-2026
Maharashtra,Wardha,APMC Wardha ,Fibre Crops,Cotton,Other,FAQ,"7,710.00","8,150.00","7,950.00",Rs./Quintal,19-01-2026
Maharashtra,Wardha,APMC Wardha ,Fibre Crops,Cotton,Other,Non-FAQ,"7,600.00","7,700.00","7,650.00",Rs./Quintal,19-01-2026
Maharashtra,Wardha,APMC Wardha ,Fibre Crops,Cotton,Other,FAQ,"7,710.00","8,225.00","8,050.00",Rs./Quintal,16-01-2026
Maharashtra,Wardha,APMC Wardha ,Fibre Crops,Cotton,Other,Non-FAQ,"7,650.00","7,700.00","7,680.00",Rs./Quintal,16-01-2026
Maharashtra,Wardha,APMC Wardha ,Fibre Crops,Cotton,Other,FAQ,"7,710.00","8,250.00","7,950.00",Rs./Quintal,15-01-2026
Maharashtra,Wardha,APMC Wardha ,Fibre Crops,Cotton,Other,Non-FAQ,"7,600.00","7,700.00","7,700.00",Rs./Quintal,15-01-2026
Maharashtra,Wardha,APMC Wardha ,Fibre Crops,Cotton,Other,FAQ,"7,710.00","8,250.00","7,950.00",Rs./Quintal,14-01-2026
Maharashtra,Wardha,APMC Wardha ,Fibre Crops,Cotton,Other,FAQ,"7,745.00","8,200.00","7,950.00",Rs./Quintal,13-01-2026
Maharashtra,Wardha,APMC Wardha ,Fibre Crops,Cotton,Other,Non-FAQ,"7,600.00","7,700.00","7,650.00",Rs./Quintal,13-01-2026
Maharashtra,Wardha,APMC Wardha ,Fibre Crops,Cotton,Other,FAQ,"7,745.00","8,200.00","8,010.00",Rs./Quintal,12-01-2026
Maharashtra,Wardha,APMC Wardha ,Fibre Crops,Cotton,Other,Non-FAQ,"7,600.00","7,700.00","7,650.00",Rs./Quintal,12-01-2026
Maharashtra,Wardha,APMC Wardha ,Fibre Crops,Cotton,Other,FAQ,"7,745.00","8,010.00","7,850.00",Rs./Quintal,09-01-2026
Maharashtra,Wardha,APMC Wardha ,Fibre Crops,Cotton,Other,Non-FAQ,"7,500.00","7,700.00","7,600.00",Rs./Quintal,09-01-2026
Maharashtra,Wardha,APMC Wardha ,Fibre Crops,Cotton,Other,FAQ,"7,745.00","8,010.00","7,850.00",Rs./Quintal,08-01-2026
Maharashtra,Wardha,APMC Wardha ,Fibre Crops,Cotton,Other,Non-FAQ,"7,350.00","7,700.00","7,550.00",Rs./Quintal,08-01-2026
Maharashtra,Wardha,APMC Wardha ,Fibre Crops,Cotton,Other,FAQ,"7,745.00","8,010.00","7,850.00",Rs./Quintal,07-01-2026
Maharashtra,Wardha,APMC Wardha ,Fibre Crops,Cotton,Other,Non-FAQ,"7,500.00","7,700.00","7,600.00",Rs./Quintal,07-01-2026
Maharashtra,Wardha,APMC Wardha ,Fibre Crops,Cotton,Other,FAQ,"7,745.00","8,010.00","7,850.00",Rs./Quintal,06-01-2026
Maharashtra,Wardha,APMC Wardha ,Fibre Crops,Cotton,Other,Non-FAQ,"7,450.00","7,700.00","7,600.00",Rs./Quintal,06-01-2026
Maharashtra,Wardha,APMC Wardha ,Fibre Crops,Cotton,Other,FAQ,"7,745.00","8,010.00","7,900.00",Rs./Quintal,05-01-2026
Maharashtra,Wardha,APMC Wardha ,Fibre Crops,Cotton,Other,Non-FAQ,"7,325.00","7,700.00","7,550.00",Rs./Quintal,05-01-2026
Maharashtra,Wardha,APMC Wardha ,Fibre Crops,Cotton,Other,FAQ,"7,745.00","8,010.00","7,900.00",Rs./Quintal,01-01-2026
Maharashtra,Wardha,APMC Wardha ,Fibre Crops,Cotton,Other,Non-FAQ,"7,271.00","7,700.00","7,450.00",Rs./Quintal,01-01-2026
Maharashtra,Wardha,Sindi (Selu),Fibre Crops,Cotton,Other,FAQ,"8,850.00","9,150.00","9,000.00",Rs./Quintal,29-05-2026
Maharashtra,Wardha,Sindi (Selu),Fibre Crops,Cotton,Other,FAQ,"8,750.00","9,450.00","9,125.00",Rs./Quintal,26-05-2026
Maharashtra,Wardha,Sindi (Selu),Fibre Crops,Cotton,Other,FAQ,"8,850.00","9,390.00","9,000.00",Rs./Quintal,25-05-2026
Maharashtra,Wardha,Sindi (Selu),Fibre Crops,Cotton,Other,FAQ,"9,150.00","9,465.00","9,250.00",Rs./Quintal,23-05-2026
Maharashtra,Wardha,Sindi (Selu),Fibre Crops,Cotton,Other,FAQ,"8,500.00","9,525.00","9,250.00",Rs./Quintal,22-05-2026
Maharashtra,Wardha,Sindi (Selu),Fibre Crops,Cotton,Other,FAQ,"8,950.00","9,740.00","9,450.00",Rs./Quintal,21-05-2026
Maharashtra,Wardha,Sindi (Selu),Fibre Crops,Cotton,Other,FAQ,"8,650.00","9,740.00","9,240.00",Rs./Quintal,20-05-2026
Maharashtra,Wardha,Sindi (Selu),Fibre Crops,Cotton,Other,FAQ,"8,590.00","9,760.00","9,250.00",Rs./Quintal,19-05-2026
Maharashtra,Wardha,Sindi (Selu),Fibre Crops,Cotton,Other,FAQ,"9,000.00","9,760.00","9,570.00",Rs./Quintal,18-05-2026
Maharashtra,Wardha,Sindi (Selu),Fibre Crops,Cotton,Other,FAQ,"8,850.00","9,670.00","9,250.00",Rs./Quintal,16-05-2026
Maharashtra,Wardha,Sindi (Selu),Fibre Crops,Cotton,Other,FAQ,"8,350.00","9,875.00","9,450.00",Rs./Quintal,15-05-2026
Maharashtra,Wardha,Sindi (Selu),Fibre Crops,Cotton,Other,FAQ,"8,585.00","9,940.00","9,450.00",Rs./Quintal,14-05-2026
Maharashtra,Wardha,Sindi (Selu),Fibre Crops,Cotton,Other,FAQ,"8,850.00","9,940.00","9,450.00",Rs./Quintal,13-05-2026
Maharashtra,Wardha,Sindi (Selu),Fibre Crops,Cotton,Other,FAQ,"8,560.00","9,795.00","9,550.00",Rs./Quintal,12-05-2026
Maharashtra,Wardha,Sindi (Selu),Fibre Crops,Cotton,Other,FAQ,"8,650.00","9,670.00","9,250.00",Rs./Quintal,11-05-2026
Maharashtra,Wardha,Sindi (Selu),Fibre Crops,Cotton,Other,FAQ,"8,500.00","9,670.00","9,250.00",Rs./Quintal,09-05-2026
Maharashtra,Wardha,Sindi (Selu),Fibre Crops,Cotton,Other,FAQ,"8,450.00","9,635.00","9,150.00",Rs./Quintal,08-05-2026
Maharashtra,Wardha,Sindi (Selu),Fibre Crops,Cotton,Other,FAQ,"8,550.00","9,915.00","9,450.00",Rs./Quintal,07-05-2026
Maharashtra,Wardha,Sindi (Selu),Fibre Crops,Cotton,Other,FAQ,"8,350.00","10,000.00","9,500.00",Rs./Quintal,06-05-2026
Maharashtra,Wardha,Sindi (Selu),Fibre Crops,Cotton,Other,FAQ,"8,250.00","9,800.00","9,550.00",Rs./Quintal,05-05-2026
Maharashtra,Wardha,Sindi (Selu),Fibre Crops,Cotton,Other,FAQ,"8,250.00","9,235.00","8,850.00",Rs./Quintal,04-05-2026
Maharashtra,Wardha,Sindi (Selu),Fibre Crops,Cotton,Other,Non-FAQ,"7,550.00","8,070.00","8,050.00",Rs./Quintal,02-05-2026
Maharashtra,Wardha,Sindi (Selu),Fibre Crops,Cotton,Other,Non-FAQ,"7,235.00","8,100.00","8,000.00",Rs./Quintal,30-04-2026
Maharashtra,Wardha,Sindi (Selu),Fibre Crops,Cotton,Other,Non-FAQ,"7,530.00","8,100.00","7,950.00",Rs./Quintal,29-04-2026
Maharashtra,Wardha,Sindi (Selu),Fibre Crops,Cotton,Other,Non-FAQ,"7,250.00","8,100.00","7,950.00",Rs./Quintal,28-04-2026
Maharashtra,Wardha,Sindi (Selu),Fibre Crops,Cotton,Other,Non-FAQ,"6,750.00","8,075.00","7,890.00",Rs./Quintal,27-04-2026
Maharashtra,Wardha,Sindi (Selu),Fibre Crops,Cotton,Other,Non-FAQ,"6,750.00","8,050.00","7,850.00",Rs./Quintal,25-04-2026
Maharashtra,Wardha,Sindi (Selu),Fibre Crops,Cotton,Other,Non-FAQ,"6,750.00","8,075.00","7,850.00",Rs./Quintal,24-04-2026
Maharashtra,Wardha,Sindi (Selu),Fibre Crops,Cotton,Other,Non-FAQ,"6,650.00","8,035.00","7,985.00",Rs./Quintal,23-04-2026
Maharashtra,Wardha,Sindi (Selu),Fibre Crops,Cotton,Other,Non-FAQ,"7,550.00","8,025.00","7,950.00",Rs./Quintal,22-04-2026
Maharashtra,Wardha,Sindi (Selu),Fibre Crops,Cotton,Other,Non-FAQ,"7,750.00","8,030.00","7,950.00",Rs./Quintal,21-04-2026
Maharashtra,Wardha,Sindi (Selu),Fibre Crops,Cotton,Other,Non-FAQ,"7,650.00","8,050.00","7,850.00",Rs./Quintal,20-04-2026
Maharashtra,Wardha,Sindi (Selu),Fibre Crops,Cotton,Other,Non-FAQ,"6,650.00","8,050.00","7,850.00",Rs./Quintal,18-04-2026
Maharashtra,Wardha,Sindi (Selu),Fibre Crops,Cotton,Other,Non-FAQ,"6,650.00","8,050.00","7,850.00",Rs./Quintal,17-04-2026
Maharashtra,Wardha,Sindi (Selu),Fibre Crops,Cotton,Other,Non-FAQ,"6,650.00","8,050.00","7,850.00",Rs./Quintal,16-04-2026
Maharashtra,Wardha,Sindi (Selu),Fibre Crops,Cotton,Other,Non-FAQ,"6,000.00","8,060.00","7,950.00",Rs./Quintal,15-04-2026
Maharashtra,Wardha,Sindi (Selu),Fibre Crops,Cotton,Other,Non-FAQ,"6,350.00","8,050.00","7,950.00",Rs./Quintal,11-04-2026
Maharashtra,Wardha,Sindi (Selu),Fibre Crops,Cotton,Other,Non-FAQ,"6,000.00","8,050.00","7,950.00",Rs./Quintal,09-04-2026
Maharashtra,Wardha,Sindi (Selu),Fibre Crops,Cotton,Other,FAQ,"8,115.00","8,775.00","8,470.00",Rs./Quintal,07-04-2026
Maharashtra,Wardha,Sindi (Selu),Fibre Crops,Cotton,Other,Non-FAQ,"6,250.00","8,025.00","7,850.00",Rs./Quintal,06-04-2026
Maharashtra,Wardha,Sindi (Selu),Fibre Crops,Cotton,Other,Non-FAQ,"7,100.00","8,025.00","7,850.00",Rs./Quintal,04-04-2026
Maharashtra,Wardha,Sindi (Selu),Fibre Crops,Cotton,Other,Non-FAQ,"5,500.00","8,010.00","7,950.00",Rs./Quintal,02-04-2026
Maharashtra,Wardha,Sindi (Selu),Fibre Crops,Cotton,Other,Non-FAQ,"6,300.00","8,010.00","7,850.00",Rs./Quintal,01-04-2026
Maharashtra,Wardha,Sindi (Selu),Fibre Crops,Cotton,Other,FAQ,"8,115.00","8,375.00","8,250.00",Rs./Quintal,30-03-2026
Maharashtra,Wardha,Sindi (Selu),Fibre Crops,Cotton,Other,Non-FAQ,"6,650.00","8,050.00","7,750.00",Rs./Quintal,27-03-2026
Maharashtra,Wardha,Sindi (Selu),Fibre Crops,Cotton,Other,Non-FAQ,"7,250.00","8,100.00","7,850.00",Rs./Quintal,25-03-2026
Maharashtra,Wardha,Sindi (Selu),Fibre Crops,Cotton,Other,Non-FAQ,"5,500.00","8,095.00","7,850.00",Rs./Quintal,24-03-2026
Maharashtra,Wardha,Sindi (Selu),Fibre Crops,Cotton,Other,Non-FAQ,"5,500.00","8,055.00","7,750.00",Rs./Quintal,23-03-2026
Maharashtra,Wardha,Sindi (Selu),Fibre Crops,Cotton,Other,Non-FAQ,"7,200.00","7,970.00","7,550.00",Rs./Quintal,18-03-2026
Maharashtra,Wardha,Sindi (Selu),Fibre Crops,Cotton,Other,Non-FAQ,"7,000.00","7,980.00","7,650.00",Rs./Quintal,17-03-2026
Maharashtra,Wardha,Sindi (Selu),Fibre Crops,Cotton,Other,Non-FAQ,"6,250.00","7,875.00","7,550.00",Rs./Quintal,16-03-2026
Maharashtra,Wardha,Sindi (Selu),Fibre Crops,Cotton,Other,Non-FAQ,"7,450.00","8,010.00","7,739.00",Rs./Quintal,13-03-2026
Maharashtra,Wardha,Sindi (Selu),Fibre Crops,Cotton,Other,Non-FAQ,"7,650.00","8,010.00","7,750.00",Rs./Quintal,12-03-2026
Maharashtra,Wardha,Sindi (Selu),Fibre Crops,Cotton,Other,Non-FAQ,"7,450.00","8,010.00","7,739.00",Rs./Quintal,11-03-2026
Maharashtra,Wardha,Sindi (Selu),Fibre Crops,Cotton,Other,Non-FAQ,"7,250.00","8,010.00","7,900.00",Rs./Quintal,10-03-2026
Maharashtra,Wardha,Sindi (Selu),Fibre Crops,Cotton,Other,Non-FAQ,"7,450.00","8,010.00","7,890.00",Rs./Quintal,09-03-2026
Maharashtra,Wardha,Sindi (Selu),Fibre Crops,Cotton,Other,Non-FAQ,"7,650.00","8,010.00","7,750.00",Rs./Quintal,07-03-2026
Maharashtra,Wardha,Sindi (Selu),Fibre Crops,Cotton,Other,Non-FAQ,"7,150.00","8,010.00","7,850.00",Rs./Quintal,06-03-2026
Maharashtra,Wardha,Sindi (Selu),Fibre Crops,Cotton,Other,Non-FAQ,"7,175.00","7,850.00","7,650.00",Rs./Quintal,05-03-2026
Maharashtra,Wardha,Sindi (Selu),Fibre Crops,Cotton,Other,Non-FAQ,"7,250.00","7,550.00","7,450.00",Rs./Quintal,04-03-2026
Maharashtra,Wardha,Sindi (Selu),Fibre Crops,Cotton,Other,Non-FAQ,"7,250.00","7,800.00","7,450.00",Rs./Quintal,02-03-2026
Maharashtra,Wardha,Sindi (Selu),Fibre Crops,Cotton,Other,Non-FAQ,"7,200.00","7,880.00","7,750.00",Rs./Quintal,28-02-2026
Maharashtra,Wardha,Sindi (Selu),Fibre Crops,Cotton,Other,Non-FAQ,"7,150.00","8,010.00","7,915.00",Rs./Quintal,27-02-2026
Maharashtra,Wardha,Sindi (Selu),Fibre Crops,Cotton,Other,Non-FAQ,"7,150.00","8,010.00","7,925.00",Rs./Quintal,26-02-2026
Maharashtra,Wardha,Sindi (Selu),Fibre Crops,Cotton,Other,Non-FAQ,"7,150.00","8,010.00","7,950.00",Rs./Quintal,25-02-2026
Maharashtra,Wardha,Sindi (Selu),Fibre Crops,Cotton,Other,Non-FAQ,"7,200.00","8,010.00","7,915.00",Rs./Quintal,24-02-2026
Maharashtra,Wardha,Sindi (Selu),Fibre Crops,Cotton,Other,Non-FAQ,"7,250.00","8,010.00","7,825.00",Rs./Quintal,23-02-2026
Maharashtra,Wardha,Sindi (Selu),Fibre Crops,Cotton,Other,Non-FAQ,"7,150.00","7,900.00","7,750.00",Rs./Quintal,21-02-2026
Maharashtra,Wardha,Sindi (Selu),Fibre Crops,Cotton,Other,Non-FAQ,"7,150.00","8,010.00","7,895.00",Rs./Quintal,20-02-2026
Maharashtra,Wardha,Sindi (Selu),Fibre Crops,Cotton,Other,Non-FAQ,"7,250.00","8,010.00","7,850.00",Rs./Quintal,18-02-2026
Maharashtra,Wardha,Sindi (Selu),Fibre Crops,Cotton,Other,Non-FAQ,"7,150.00","8,010.00","7,825.00",Rs./Quintal,17-02-2026
Maharashtra,Wardha,Sindi (Selu),Fibre Crops,Cotton,Other,Non-FAQ,"7,200.00","7,850.00","7,750.00",Rs./Quintal,14-02-2026
Maharashtra,Wardha,Sindi (Selu),Fibre Crops,Cotton,Other,Non-FAQ,"7,250.00","8,010.00","7,860.00",Rs./Quintal,13-02-2026
Maharashtra,Wardha,Sindi (Selu),Fibre Crops,Cotton,Other,Non-FAQ,"7,350.00","8,010.00","7,865.00",Rs./Quintal,12-02-2026
Maharashtra,Wardha,Sindi (Selu),Fibre Crops,Cotton,Other,Non-FAQ,"7,250.00","8,010.00","7,855.00",Rs./Quintal,11-02-2026
Maharashtra,Wardha,Sindi (Selu),Fibre Crops,Cotton,Other,Non-FAQ,"7,200.00","7,885.00","7,650.00",Rs./Quintal,10-02-2026
Maharashtra,Wardha,Sindi (Selu),Fibre Crops,Cotton,Other,Non-FAQ,"7,450.00","7,960.00","7,750.00",Rs./Quintal,09-02-2026
Maharashtra,Wardha,Sindi (Selu),Fibre Crops,Cotton,Other,Non-FAQ,"7,450.00","8,000.00","7,850.00",Rs./Quintal,07-02-2026
Maharashtra,Wardha,Sindi (Selu),Fibre Crops,Cotton,Other,FAQ,"7,750.00","8,040.00","7,950.00",Rs./Quintal,06-02-2026
Maharashtra,Wardha,Sindi (Selu),Fibre Crops,Cotton,Other,Non-FAQ,"7,750.00","8,035.00","7,900.00",Rs./Quintal,04-02-2026
Maharashtra,Wardha,Sindi (Selu),Fibre Crops,Cotton,Other,FAQ,"7,750.00","8,105.00","7,950.00",Rs./Quintal,03-02-2026
Maharashtra,Wardha,Sindi (Selu),Fibre Crops,Cotton,Other,FAQ,"8,110.00","8,145.00","8,120.00",Rs./Quintal,02-02-2026
Maharashtra,Wardha,Sindi (Selu),Fibre Crops,Cotton,Other,FAQ,"8,110.00","8,190.00","8,150.00",Rs./Quintal,31-01-2026
Maharashtra,Wardha,Sindi (Selu),Fibre Crops,Cotton,Other,FAQ,"8,110.00","8,185.00","8,150.00",Rs./Quintal,30-01-2026
Maharashtra,Wardha,Sindi (Selu),Fibre Crops,Cotton,Other,FAQ,"8,110.00","8,285.00","8,150.00",Rs./Quintal,29-01-2026
Maharashtra,Wardha,Sindi (Selu),Fibre Crops,Cotton,Other,FAQ,"8,110.00","8,300.00","8,250.00",Rs./Quintal,28-01-2026
Maharashtra,Wardha,Sindi (Selu),Fibre Crops,Cotton,Other,FAQ,"8,110.00","8,305.00","8,250.00",Rs./Quintal,27-01-2026
Maharashtra,Wardha,Sindi (Selu),Fibre Crops,Cotton,Other,FAQ,"8,110.00","8,300.00","8,210.00",Rs./Quintal,24-01-2026
Maharashtra,Wardha,Sindi (Selu),Fibre Crops,Cotton,Other,FAQ,"8,110.00","8,300.00","8,200.00",Rs./Quintal,23-01-2026
Maharashtra,Wardha,Sindi (Selu),Fibre Crops,Cotton,Other,FAQ,"8,110.00","8,285.00","8,150.00",Rs./Quintal,22-01-2026
Maharashtra,Wardha,Sindi (Selu),Fibre Crops,Cotton,Other,FAQ,"8,110.00","8,290.00","8,150.00",Rs./Quintal,21-01-2026
Maharashtra,Wardha,Sindi (Selu),Fibre Crops,Cotton,Other,FAQ,"8,120.00","8,290.00","8,150.00",Rs./Quintal,20-01-2026
Maharashtra,Wardha,Sindi (Selu),Fibre Crops,Cotton,Other,FAQ,"8,110.00","8,315.00","8,250.00",Rs./Quintal,19-01-2026
Maharashtra,Wardha,Sindi (Selu),Fibre Crops,Cotton,Other,FAQ,"8,110.00","8,350.00","8,250.00",Rs./Quintal,17-01-2026
Maharashtra,Wardha,Sindi (Selu),Fibre Crops,Cotton,Other,FAQ,"8,110.00","8,315.00","8,250.00",Rs./Quintal,16-01-2026
Maharashtra,Wardha,Sindi (Selu),Fibre Crops,Cotton,Other,FAQ,"8,110.00","8,290.00","8,200.00",Rs./Quintal,15-01-2026
Maharashtra,Wardha,Sindi (Selu),Fibre Crops,Cotton,Other,FAQ,"8,110.00","8,325.00","8,250.00",Rs./Quintal,14-01-2026
Maharashtra,Wardha,Sindi (Selu),Fibre Crops,Cotton,Other,FAQ,"8,150.00","8,340.00","8,200.00",Rs./Quintal,13-01-2026
Maharashtra,Wardha,Sindi (Selu),Fibre Crops,Cotton,Other,FAQ,"8,110.00","8,345.00","8,250.00",Rs./Quintal,12-01-2026
Maharashtra,Wardha,Sindi (Selu),Fibre Crops,Cotton,Other,FAQ,"8,110.00","8,245.00","8,150.00",Rs./Quintal,10-01-2026
Maharashtra,Wardha,Sindi (Selu),Fibre Crops,Cotton,Other,FAQ,"8,110.00","8,200.00","8,150.00",Rs./Quintal,09-01-2026
Maharashtra,Wardha,Sindi (Selu),Fibre Crops,Cotton,Other,Non-FAQ,"7,810.00","8,035.00","7,950.00",Rs./Quintal,08-01-2026
Maharashtra,Wardha,Sindi (Selu),Fibre Crops,Cotton,Other,Non-FAQ,"7,750.00","8,010.00","7,980.00",Rs./Quintal,07-01-2026
Maharashtra,Wardha,Sindi (Selu),Fibre Crops,Cotton,Other,Non-FAQ,"7,750.00","8,010.00","7,980.00",Rs./Quintal,06-01-2026
Maharashtra,Wardha,Sindi (Selu),Fibre Crops,Cotton,Other,Non-FAQ,"7,850.00","8,010.00","7,950.00",Rs./Quintal,05-01-2026
Maharashtra,Wardha,Sindi (Selu),Fibre Crops,Cotton,Other,Non-FAQ,"7,650.00","7,910.00","7,850.00",Rs./Quintal,03-01-2026
Maharashtra,Wardha,Sindi (Selu),Fibre Crops,Cotton,Other,Non-FAQ,"7,760.00","8,010.00","7,880.00",Rs./Quintal,02-01-2026
Maharashtra,Wardha,Sindi (Selu),Fibre Crops,Cotton,Other,Non-FAQ,"7,860.00","8,010.00","7,900.00",Rs./Quintal,01-01-2026
Maharashtra,Yavatmal,APMC Ghatanji ,Fibre Crops,Cotton,LRA,FAQ,"7,800.00","9,600.00","9,150.00",Rs./Quintal,15-05-2026
Maharashtra,Yavatmal,APMC Ghatanji ,Fibre Crops,Cotton,LRA,FAQ,"7,800.00","9,600.00","9,050.00",Rs./Quintal,14-05-2026
Maharashtra,Yavatmal,APMC Ghatanji ,Fibre Crops,Cotton,LRA,FAQ,"8,200.00","8,800.00","8,550.00",Rs./Quintal,22-04-2026
Maharashtra,Yavatmal,APMC Ghatanji ,Fibre Crops,Cotton,LRA,FAQ,"7,720.00","8,700.00","8,000.00",Rs./Quintal,10-04-2026
Maharashtra,Yavatmal,APMC Ghatanji ,Fibre Crops,Cotton,LRA,FAQ,"8,350.00","8,710.00","8,550.00",Rs./Quintal,09-04-2026
Maharashtra,Yavatmal,APMC Ghatanji ,Fibre Crops,Cotton,LRA,FAQ,"8,110.00","8,920.00","8,550.00",Rs./Quintal,06-04-2026
Maharashtra,Yavatmal,APMC Ghatanji ,Fibre Crops,Cotton,LRA,FAQ,"7,730.00","8,150.00","7,950.00",Rs./Quintal,27-03-2026
Maharashtra,Yavatmal,APMC Ghatanji ,Fibre Crops,Cotton,LRA,FAQ,"7,710.00","7,850.00","7,750.00",Rs./Quintal,18-03-2026
Maharashtra,Yavatmal,APMC Ghatanji ,Fibre Crops,Cotton,LRA,FAQ,"7,720.00","7,900.00","7,850.00",Rs./Quintal,14-03-2026
Maharashtra,Yavatmal,APMC Ghatanji ,Fibre Crops,Cotton,LRA,FAQ,"7,720.00","7,930.00","7,850.00",Rs./Quintal,13-03-2026
Maharashtra,Yavatmal,APMC Ghatanji ,Fibre Crops,Cotton,LRA,FAQ,"7,710.00","7,930.00","7,750.00",Rs./Quintal,11-03-2026
Maharashtra,Yavatmal,APMC Ghatanji ,Fibre Crops,Cotton,LRA,FAQ,"7,720.00","7,930.00","7,850.00",Rs./Quintal,07-03-2026
Maharashtra,Yavatmal,APMC Ghatanji ,Fibre Crops,Cotton,LRA,FAQ,"7,720.00","8,005.00","7,850.00",Rs./Quintal,06-03-2026
Maharashtra,Yavatmal,APMC Ghatanji ,Fibre Crops,Cotton,LRA,FAQ,"7,720.00","7,900.00","7,850.00",Rs./Quintal,05-03-2026
Maharashtra,Yavatmal,APMC Ghatanji ,Fibre Crops,Cotton,LRA,Non-FAQ,"7,000.00","7,700.00","7,300.00",Rs./Quintal,25-02-2026
Maharashtra,Yavatmal,APMC Ghatanji ,Fibre Crops,Cotton,LRA,Non-FAQ,"7,200.00","7,700.00","7,500.00",Rs./Quintal,24-02-2026
Maharashtra,Yavatmal,APMC Ghatanji ,Fibre Crops,Cotton,LRA,Non-FAQ,"7,100.00","7,700.00","7,500.00",Rs./Quintal,23-02-2026
Maharashtra,Yavatmal,APMC Ghatanji ,Fibre Crops,Cotton,LRA,Non-FAQ,"7,000.00","7,700.00","7,500.00",Rs./Quintal,20-02-2026
Maharashtra,Yavatmal,APMC Ghatanji ,Fibre Crops,Cotton,LRA,Non-FAQ,"7,500.00","7,700.00","7,650.00",Rs./Quintal,18-02-2026
Maharashtra,Yavatmal,APMC Ghatanji ,Fibre Crops,Cotton,LRA,Non-FAQ,"7,500.00","7,700.00","7,600.00",Rs./Quintal,17-02-2026
Maharashtra,Yavatmal,APMC Ghatanji ,Fibre Crops,Cotton,LRA,Non-FAQ,"7,000.00","7,700.00","7,600.00",Rs./Quintal,13-02-2026
Maharashtra,Yavatmal,APMC Ghatanji ,Fibre Crops,Cotton,LRA,Non-FAQ,"7,200.00","7,700.00","7,500.00",Rs./Quintal,12-02-2026
Maharashtra,Yavatmal,APMC Ghatanji ,Fibre Crops,Cotton,LRA,Non-FAQ,"7,500.00","7,700.00","7,600.00",Rs./Quintal,11-02-2026
Maharashtra,Yavatmal,APMC Ghatanji ,Fibre Crops,Cotton,LRA,Non-FAQ,"7,500.00","7,700.00","7,650.00",Rs./Quintal,10-02-2026
Maharashtra,Yavatmal,APMC Ghatanji ,Fibre Crops,Cotton,LRA,Non-FAQ,"7,500.00","7,700.00","7,650.00",Rs./Quintal,09-02-2026
Maharashtra,Yavatmal,APMC Ghatanji ,Fibre Crops,Cotton,LRA,FAQ,"7,720.00","7,975.00","7,800.00",Rs./Quintal,03-02-2026
Maharashtra,Yavatmal,APMC Ghatanji ,Fibre Crops,Cotton,LRA,FAQ,"7,720.00","8,250.00","8,000.00",Rs./Quintal,22-01-2026
Maharashtra,Yavatmal,APMC Ghatanji ,Fibre Crops,Cotton,LRA,FAQ,"7,750.00","8,320.00","8,000.00",Rs./Quintal,21-01-2026
Maharashtra,Yavatmal,APMC Ghatanji ,Fibre Crops,Cotton,LRA,FAQ,"7,750.00","8,250.00","8,000.00",Rs./Quintal,20-01-2026
Maharashtra,Yavatmal,APMC Ghatanji ,Fibre Crops,Cotton,LRA,FAQ,"7,750.00","8,275.00","8,100.00",Rs./Quintal,19-01-2026
Maharashtra,Yavatmal,APMC Ghatanji ,Fibre Crops,Cotton,LRA,FAQ,"7,720.00","8,250.00","8,000.00",Rs./Quintal,16-01-2026
Maharashtra,Yavatmal,APMC Ghatanji ,Fibre Crops,Cotton,LRA,FAQ,"7,720.00","8,200.00","7,950.00",Rs./Quintal,15-01-2026
Maharashtra,Yavatmal,APMC Ghatanji ,Fibre Crops,Cotton,LRA,FAQ,"7,720.00","8,250.00","8,000.00",Rs./Quintal,14-01-2026
Maharashtra,Yavatmal,APMC Ghatanji ,Fibre Crops,Cotton,LRA,FAQ,"7,715.00","8,300.00","7,900.00",Rs./Quintal,13-01-2026
Maharashtra,Yavatmal,APMC Ghatanji ,Fibre Crops,Cotton,LRA,FAQ,"7,720.00","8,310.00","8,000.00",Rs./Quintal,12-01-2026
Maharashtra,Yavatmal,APMC Ghatanji ,Fibre Crops,Cotton,LRA,Non-FAQ,"7,500.00","7,700.00","7,650.00",Rs./Quintal,09-01-2026
Maharashtra,Yavatmal,APMC Ghatanji ,Fibre Crops,Cotton,LRA,Non-FAQ,"7,500.00","7,700.00","7,650.00",Rs./Quintal,08-01-2026
Maharashtra,Yavatmal,APMC Ghatanji ,Fibre Crops,Cotton,LRA,Non-FAQ,"7,500.00","7,700.00","7,650.00",Rs./Quintal,07-01-2026
Maharashtra,Yavatmal,APMC Ghatanji ,Fibre Crops,Cotton,LRA,Non-FAQ,"7,500.00","7,700.00","7,650.00",Rs./Quintal,06-01-2026
Maharashtra,Yavatmal,APMC Ghatanji ,Fibre Crops,Cotton,LRA,Non-FAQ,"7,500.00","7,700.00","7,650.00",Rs./Quintal,05-01-2026
Maharashtra,Yavatmal,APMC Ghatanji ,Fibre Crops,Cotton,LRA,Non-FAQ,"7,400.00","7,700.00","7,550.00",Rs./Quintal,02-01-2026
Maharashtra,Yavatmal,APMC Ghatanji ,Fibre Crops,Cotton,LRA,Non-FAQ,"7,500.00","7,700.00","7,650.00",Rs./Quintal,01-01-2026
Maharashtra,Yavatmal,APMC Mahagaon ,Fibre Crops,Cotton,Desi,Local,"7,500.00","8,000.00","7,800.00",Rs./Quintal,25-02-2026
Maharashtra,Yavatmal,APMC Maregoan ,Fibre Crops,Cotton,Desi,Local,"7,731.00","8,331.00","8,031.00",Rs./Quintal,02-05-2026
Maharashtra,Yavatmal,APMC Maregoan ,Fibre Crops,Cotton,Desi,Local,"7,830.00","8,430.00","8,130.00",Rs./Quintal,30-04-2026
Maharashtra,Yavatmal,APMC Maregoan ,Fibre Crops,Cotton,Desi,Local,"7,830.00","8,431.00","8,130.00",Rs./Quintal,29-04-2026
Maharashtra,Yavatmal,APMC Maregoan ,Fibre Crops,Cotton,Desi,Local,"7,830.00","8,431.00","8,130.00",Rs./Quintal,28-04-2026
Maharashtra,Yavatmal,APMC Maregoan ,Fibre Crops,Cotton,Desi,Local,"7,831.00","8,431.00","8,131.00",Rs./Quintal,27-04-2026
Maharashtra,Yavatmal,APMC Maregoan ,Fibre Crops,Cotton,Desi,Local,"7,831.00","8,431.00","8,131.00",Rs./Quintal,26-04-2026
Maharashtra,Yavatmal,APMC Maregoan ,Fibre Crops,Cotton,Desi,Local,"7,831.00","8,431.00","8,131.00",Rs./Quintal,25-04-2026
Maharashtra,Yavatmal,APMC Maregoan ,Fibre Crops,Cotton,Desi,Local,"7,730.00","8,330.00","8,030.00",Rs./Quintal,24-04-2026
Maharashtra,Yavatmal,APMC Maregoan ,Fibre Crops,Cotton,Desi,Local,"7,751.00","8,451.00","8,151.00",Rs./Quintal,23-04-2026
Maharashtra,Yavatmal,APMC Maregoan ,Fibre Crops,Cotton,Desi,Local,"7,870.00","8,371.00","8,071.00",Rs./Quintal,21-04-2026
Maharashtra,Yavatmal,APMC Maregoan ,Fibre Crops,Cotton,Desi,Local,"7,900.00","8,300.00","8,100.00",Rs./Quintal,20-04-2026
Maharashtra,Yavatmal,APMC Maregoan ,Fibre Crops,Cotton,Desi,Local,"7,850.00","8,250.00","8,050.00",Rs./Quintal,19-04-2026
Maharashtra,Yavatmal,APMC Maregoan ,Fibre Crops,Cotton,Desi,Local,"7,851.00","8,251.00","8,051.00",Rs./Quintal,18-04-2026
Maharashtra,Yavatmal,APMC Maregoan ,Fibre Crops,Cotton,Desi,Local,"7,851.00","8,251.00","8,051.00",Rs./Quintal,17-04-2026
Maharashtra,Yavatmal,APMC Maregoan ,Fibre Crops,Cotton,Desi,Local,"7,700.00","8,300.00","8,000.00",Rs./Quintal,16-04-2026
Maharashtra,Yavatmal,APMC Maregoan ,Fibre Crops,Cotton,Desi,Local,"7,800.00","8,200.00","8,000.00",Rs./Quintal,15-04-2026
Maharashtra,Yavatmal,APMC Maregoan ,Fibre Crops,Cotton,Desi,Local,"7,750.00","8,150.00","7,950.00",Rs./Quintal,14-04-2026
Maharashtra,Yavatmal,APMC Maregoan ,Fibre Crops,Cotton,Desi,Local,"7,801.00","8,201.00","8,001.00",Rs./Quintal,13-04-2026
Maharashtra,Yavatmal,APMC Maregoan ,Fibre Crops,Cotton,Desi,Local,"7,800.00","8,200.00","8,000.00",Rs./Quintal,12-04-2026
Maharashtra,Yavatmal,APMC Maregoan ,Fibre Crops,Cotton,Desi,Local,"7,850.00","8,250.00","8,050.00",Rs./Quintal,10-04-2026
Maharashtra,Yavatmal,APMC Maregoan ,Fibre Crops,Cotton,Desi,Local,"7,850.00","8,250.00","8,050.00",Rs./Quintal,09-04-2026
Maharashtra,Yavatmal,APMC Maregoan ,Fibre Crops,Cotton,H-4(A) 27mm FIne,FAQ,"7,769.00","8,010.00","7,849.00",Rs./Quintal,23-02-2026
Maharashtra,Yavatmal,APMC Maregoan ,Fibre Crops,Cotton,Desi,Non-FAQ,"7,025.00","7,625.00","7,325.00",Rs./Quintal,22-02-2026
Maharashtra,Yavatmal,APMC Maregoan ,Fibre Crops,Cotton,Desi,Local,"6,900.00","7,600.00","7,300.00",Rs./Quintal,21-02-2026
Maharashtra,Yavatmal,APMC Maregoan ,Fibre Crops,Cotton,H-4(A) 27mm FIne,FAQ,"7,779.00","8,010.00","7,849.00",Rs./Quintal,20-02-2026
Maharashtra,Yavatmal,APMC Maregoan ,Fibre Crops,Cotton,H-4(A) 27mm FIne,FAQ,"7,775.00","8,010.00","7,849.00",Rs./Quintal,18-02-2026
Maharashtra,Yavatmal,APMC Maregoan ,Fibre Crops,Cotton,H-4(A) 27mm FIne,FAQ,"7,785.00","8,010.00","7,849.00",Rs./Quintal,17-02-2026
Maharashtra,Yavatmal,APMC Ner Parasopant ,Fibre Crops,Cotton,Desi,Local,"6,500.00","6,500.00","6,500.00",Rs./Quintal,23-03-2026
Maharashtra,Yavatmal,APMC Ner Parasopant ,Fibre Crops,Cotton,Desi,Local,"7,000.00","7,000.00","7,000.00",Rs./Quintal,13-03-2026
Maharashtra,Yavatmal,APMC Ner Parasopant ,Fibre Crops,Cotton,Desi,Local,"7,000.00","7,000.00","7,000.00",Rs./Quintal,12-03-2026
Maharashtra,Yavatmal,APMC Ner Parasopant ,Fibre Crops,Cotton,Desi,Local,"7,100.00","7,100.00","7,100.00",Rs./Quintal,11-03-2026
Maharashtra,Yavatmal,APMC Ner Parasopant ,Fibre Crops,Cotton,Desi,Local,"7,200.00","7,200.00","7,200.00",Rs./Quintal,10-03-2026
Maharashtra,Yavatmal,APMC Ner Parasopant ,Fibre Crops,Cotton,Desi,Local,"7,000.00","7,000.00","7,000.00",Rs./Quintal,09-03-2026
Maharashtra,Yavatmal,APMC Ner Parasopant ,Fibre Crops,Cotton,Desi,Local,"6,500.00","6,500.00","6,500.00",Rs./Quintal,06-03-2026
Maharashtra,Yavatmal,APMC Ner Parasopant ,Fibre Crops,Cotton,Desi,Local,"6,500.00","6,500.00","6,500.00",Rs./Quintal,05-03-2026
Maharashtra,Yavatmal,APMC Ner Parasopant ,Fibre Crops,Cotton,Desi,Local,"6,700.00","6,700.00","6,700.00",Rs./Quintal,04-03-2026
Maharashtra,Yavatmal,APMC Ner Parasopant ,Fibre Crops,Cotton,Desi,Local,"6,500.00","6,500.00","6,500.00",Rs./Quintal,02-03-2026
Maharashtra,Yavatmal,APMC Ner Parasopant ,Fibre Crops,Cotton,Desi,Local,"6,800.00","6,800.00","6,800.00",Rs./Quintal,28-02-2026
Maharashtra,Yavatmal,APMC Ner Parasopant ,Fibre Crops,Cotton,Desi,Local,"7,000.00","7,000.00","7,000.00",Rs./Quintal,27-02-2026
Maharashtra,Yavatmal,APMC Ner Parasopant ,Fibre Crops,Cotton,Desi,Local,"6,800.00","6,800.00","6,800.00",Rs./Quintal,26-02-2026
Maharashtra,Yavatmal,APMC Ner Parasopant ,Fibre Crops,Cotton,Desi,Local,"6,750.00","6,750.00","6,750.00",Rs./Quintal,25-02-2026
Maharashtra,Yavatmal,APMC Ner Parasopant ,Fibre Crops,Cotton,Desi,Local,"6,700.00","6,700.00","6,700.00",Rs./Quintal,24-02-2026
Maharashtra,Yavatmal,APMC Ner Parasopant ,Fibre Crops,Cotton,Desi,Local,"7,000.00","7,000.00","7,000.00",Rs./Quintal,23-02-2026
Maharashtra,Yavatmal,APMC Ner Parasopant ,Fibre Crops,Cotton,Desi,Local,"7,300.00","7,300.00","7,300.00",Rs./Quintal,20-02-2026
Maharashtra,Yavatmal,APMC Ner Parasopant ,Fibre Crops,Cotton,Desi,Local,"7,300.00","7,300.00","7,300.00",Rs./Quintal,17-02-2026
Maharashtra,Yavatmal,APMC Ner Parasopant ,Fibre Crops,Cotton,Desi,Local,"7,300.00","7,300.00","7,300.00",Rs./Quintal,16-02-2026
Maharashtra,Yavatmal,APMC Ner Parasopant ,Fibre Crops,Cotton,Desi,Local,"7,000.00","7,000.00","7,000.00",Rs./Quintal,13-02-2026
Maharashtra,Yavatmal,APMC Ner Parasopant ,Fibre Crops,Cotton,Desi,Local,"7,000.00","7,000.00","7,000.00",Rs./Quintal,12-02-2026
Maharashtra,Yavatmal,APMC Ner Parasopant ,Fibre Crops,Cotton,Desi,Local,"7,000.00","7,000.00","7,000.00",Rs./Quintal,11-02-2026
Maharashtra,Yavatmal,APMC Ner Parasopant ,Fibre Crops,Cotton,Desi,Local,"7,100.00","7,100.00","7,100.00",Rs./Quintal,10-02-2026
Maharashtra,Yavatmal,APMC Ner Parasopant ,Fibre Crops,Cotton,Desi,Local,"7,200.00","7,200.00","7,200.00",Rs./Quintal,09-02-2026
Maharashtra,Yavatmal,APMC Ner Parasopant ,Fibre Crops,Cotton,Desi,Local,"7,300.00","7,300.00","7,300.00",Rs./Quintal,06-02-2026
Maharashtra,Yavatmal,APMC Ner Parasopant ,Fibre Crops,Cotton,Desi,Local,"7,250.00","7,250.00","7,250.00",Rs./Quintal,05-02-2026
Maharashtra,Yavatmal,APMC Ner Parasopant ,Fibre Crops,Cotton,Desi,Local,"7,200.00","7,200.00","7,200.00",Rs./Quintal,04-02-2026
Maharashtra,Yavatmal,APMC Ner Parasopant ,Fibre Crops,Cotton,Desi,Local,"7,800.00","7,800.00","7,800.00",Rs./Quintal,12-01-2026
Maharashtra,Yavatmal,APMC Ner Parasopant ,Fibre Crops,Cotton,Desi,Local,"7,500.00","7,500.00","7,500.00",Rs./Quintal,09-01-2026
Maharashtra,Yavatmal,APMC Ner Parasopant ,Fibre Crops,Cotton,Desi,Local,"7,500.00","7,500.00","7,500.00",Rs./Quintal,06-01-2026
Maharashtra,Yavatmal,APMC Ralegaon ,Fibre Crops,Cotton,Other,Local,"7,430.00","7,430.00","7,430.00",Rs./Quintal,12-06-2026
Maharashtra,Yavatmal,APMC Ralegaon ,Fibre Crops,Cotton,Other,Local,"7,000.00","8,630.00","8,100.00",Rs./Quintal,29-04-2026
Maharashtra,Yavatmal,APMC Ralegaon ,Fibre Crops,Cotton,Other,Local,"7,000.00","8,650.00","8,400.00",Rs./Quintal,28-04-2026
Maharashtra,Yavatmal,APMC Ralegaon ,Fibre Crops,Cotton,Other,Local,"7,000.00","8,650.00","8,000.00",Rs./Quintal,27-04-2026
Maharashtra,Yavatmal,APMC Ralegaon ,Fibre Crops,Cotton,Other,Local,"7,000.00","8,620.00","8,000.00",Rs./Quintal,23-04-2026
Maharashtra,Yavatmal,APMC Ralegaon ,Fibre Crops,Cotton,Other,Local,"7,000.00","8,700.00","8,000.00",Rs./Quintal,22-04-2026
Maharashtra,Yavatmal,APMC Ralegaon ,Fibre Crops,Cotton,Other,Local,"7,000.00","8,650.00","7,500.00",Rs./Quintal,21-04-2026
Maharashtra,Yavatmal,APMC Ralegaon ,Fibre Crops,Cotton,Other,Local,"7,000.00","8,500.00","7,700.00",Rs./Quintal,20-04-2026
Maharashtra,Yavatmal,APMC Ralegaon ,Fibre Crops,Cotton,Other,Local,"7,000.00","8,620.00","8,000.00",Rs./Quintal,18-04-2026
Maharashtra,Yavatmal,APMC Ralegaon ,Fibre Crops,Cotton,Other,Local,"7,000.00","8,530.00","8,100.00",Rs./Quintal,16-04-2026
Maharashtra,Yavatmal,APMC Ralegaon ,Fibre Crops,Cotton,Other,Local,"7,000.00","8,450.00","8,000.00",Rs./Quintal,15-04-2026
Maharashtra,Yavatmal,APMC Ralegaon ,Fibre Crops,Cotton,Other,Local,"7,100.00","8,500.00","8,300.00",Rs./Quintal,13-04-2026
Maharashtra,Yavatmal,APMC Ralegaon ,Fibre Crops,Cotton,Other,Local,"7,100.00","8,640.00","8,300.00",Rs./Quintal,09-04-2026
Maharashtra,Yavatmal,APMC Ralegaon ,Fibre Crops,Cotton,Other,Local,"7,100.00","8,700.00","8,500.00",Rs./Quintal,08-04-2026
Maharashtra,Yavatmal,APMC Ralegaon ,Fibre Crops,Cotton,Other,Local,"7,100.00","8,700.00","8,500.00",Rs./Quintal,07-04-2026
Maharashtra,Yavatmal,APMC Ralegaon ,Fibre Crops,Cotton,Other,Local,"7,100.00","8,700.00","8,500.00",Rs./Quintal,06-04-2026
Maharashtra,Yavatmal,APMC Ralegaon ,Fibre Crops,Cotton,Other,Local,"7,100.00","8,600.00","8,500.00",Rs./Quintal,04-04-2026
Maharashtra,Yavatmal,APMC Ralegaon ,Fibre Crops,Cotton,Other,Local,"7,100.00","8,500.00","8,200.00",Rs./Quintal,02-04-2026
Maharashtra,Yavatmal,APMC Ralegaon ,Fibre Crops,Cotton,Other,Local,"7,100.00","8,450.00","8,000.00",Rs./Quintal,01-04-2026
Maharashtra,Yavatmal,APMC Ralegaon ,Fibre Crops,Cotton,Other,Local,"7,100.00","8,260.00","8,000.00",Rs./Quintal,28-03-2026
Maharashtra,Yavatmal,APMC Ralegaon ,Fibre Crops,Cotton,Other,Local,"7,000.00","8,200.00","7,950.00",Rs./Quintal,27-03-2026
Maharashtra,Yavatmal,APMC Ralegaon ,Fibre Crops,Cotton,Other,Local,"6,800.00","8,140.00","7,900.00",Rs./Quintal,25-03-2026
Maharashtra,Yavatmal,APMC Ralegaon ,Fibre Crops,Cotton,Other,Local,"6,700.00","8,140.00","7,900.00",Rs./Quintal,24-03-2026
Maharashtra,Yavatmal,APMC Ralegaon ,Fibre Crops,Cotton,Other,Local,"6,700.00","8,230.00","7,900.00",Rs./Quintal,23-03-2026
Maharashtra,Yavatmal,APMC Ralegaon ,Fibre Crops,Cotton,Other,Local,"7,100.00","8,010.00","7,900.00",Rs./Quintal,11-03-2026
Maharashtra,Yavatmal,APMC Ralegaon ,Fibre Crops,Cotton,Other,Local,"7,100.00","8,010.00","7,900.00",Rs./Quintal,10-03-2026
Maharashtra,Yavatmal,APMC Ralegaon ,Fibre Crops,Cotton,Other,Local,"6,800.00","8,010.00","7,900.00",Rs./Quintal,09-03-2026
Maharashtra,Yavatmal,APMC Ralegaon ,Fibre Crops,Cotton,Other,Local,"6,800.00","8,010.00","7,850.00",Rs./Quintal,06-03-2026
Maharashtra,Yavatmal,APMC Ralegaon ,Fibre Crops,Cotton,Other,Local,"6,800.00","8,010.00","7,800.00",Rs./Quintal,05-03-2026
Maharashtra,Yavatmal,APMC Ralegaon ,Fibre Crops,Cotton,Other,Local,"7,100.00","7,545.00","7,450.00",Rs./Quintal,21-02-2026
Maharashtra,Yavatmal,APMC Ralegaon ,Fibre Crops,Cotton,Other,Local,"7,400.00","8,105.00","7,850.00",Rs./Quintal,06-02-2026
Maharashtra,Yavatmal,APMC Ralegaon ,Fibre Crops,Cotton,Other,Local,"7,400.00","8,090.00","7,800.00",Rs./Quintal,05-02-2026
Maharashtra,Yavatmal,APMC Ralegaon ,Fibre Crops,Cotton,Other,Local,"7,400.00","8,070.00","7,800.00",Rs./Quintal,04-02-2026
Maharashtra,Yavatmal,APMC Vani ,Fibre Crops,Cotton,Desi,Local,"7,689.00","8,010.00","7,873.00",Rs./Quintal,12-03-2026
Maharashtra,Yavatmal,APMC Vani ,Fibre Crops,Cotton,Desi,Local,"7,689.00","8,010.00","7,872.00",Rs./Quintal,11-03-2026
Maharashtra,Yavatmal,APMC Vani ,Fibre Crops,Cotton,Desi,Local,"7,689.00","8,010.00","7,890.00",Rs./Quintal,10-03-2026
Maharashtra,Yavatmal,APMC Vani ,Fibre Crops,Cotton,Desi,Local,"7,689.00","8,010.00","7,890.00",Rs./Quintal,09-03-2026
Maharashtra,Yavatmal,APMC Vani ,Fibre Crops,Cotton,Desi,Local,"7,689.00","8,010.00","7,899.00",Rs./Quintal,06-03-2026
Maharashtra,Yavatmal,APMC Vani ,Fibre Crops,Cotton,Desi,Local,"7,689.00","8,010.00","7,952.00",Rs./Quintal,27-02-2026
Maharashtra,Yavatmal,APMC Vani ,Fibre Crops,Cotton,Desi,Local,"7,689.00","8,010.00","7,923.00",Rs./Quintal,26-02-2026
Maharashtra,Yavatmal,APMC Vani ,Fibre Crops,Cotton,Desi,Local,"7,689.00","8,010.00","7,911.00",Rs./Quintal,25-02-2026
Maharashtra,Yavatmal,APMC Vani ,Fibre Crops,Cotton,Desi,Local,"7,689.00","8,010.00","7,916.00",Rs./Quintal,24-02-2026
Maharashtra,Yavatmal,APMC Vani ,Fibre Crops,Cotton,Desi,Local,"7,689.00","8,010.00","7,925.00",Rs./Quintal,23-02-2026
Maharashtra,Yavatmal,APMC Vani ,Fibre Crops,Cotton,Desi,Local,"7,689.00","8,010.00","7,890.00",Rs./Quintal,20-02-2026
Maharashtra,Yavatmal,APMC Vani ,Fibre Crops,Cotton,Desi,Local,"7,689.00","8,010.00","7,900.00",Rs./Quintal,17-02-2026
Maharashtra,Yavatmal,APMC Vani ,Fibre Crops,Cotton,Desi,Local,"7,849.00","8,010.00","7,943.00",Rs./Quintal,11-02-2026
Maharashtra,Yavatmal,APMC Vani ,Fibre Crops,Cotton,Desi,Local,"7,849.00","8,010.00","7,945.00",Rs./Quintal,10-02-2026
Maharashtra,Yavatmal,APMC Vani ,Fibre Crops,Cotton,Desi,Local,"7,849.00","8,010.00","7,922.00",Rs./Quintal,09-02-2026
Maharashtra,Yavatmal,APMC Vani ,Fibre Crops,Cotton,Desi,Local,"7,689.00","8,010.00","7,900.00",Rs./Quintal,06-02-2026
Maharashtra,Yavatmal,APMC Vani ,Fibre Crops,Cotton,Desi,Local,"7,689.00","8,010.00","7,895.00",Rs./Quintal,05-02-2026
Maharashtra,Yavatmal,APMC Vani ,Fibre Crops,Cotton,Desi,Local,"7,849.00","8,010.00","7,949.00",Rs./Quintal,04-02-2026
Maharashtra,Yavatmal,APMC Vani ,Fibre Crops,Cotton,Desi,Local,"7,689.00","8,010.00","7,866.00",Rs./Quintal,03-02-2026
Maharashtra,Yavatmal,APMC Vani ,Fibre Crops,Cotton,Desi,Local,"7,949.00","8,010.00","7,950.00",Rs./Quintal,02-02-2026
Maharashtra,Yavatmal,APMC Vani ,Fibre Crops,Cotton,Desi,Local,"7,949.00","8,010.00","7,980.00",Rs./Quintal,30-01-2026
Maharashtra,Yavatmal,APMC Vani ,Fibre Crops,Cotton,Desi,Local,"7,949.00","8,010.00","7,968.00",Rs./Quintal,29-01-2026
Maharashtra,Yavatmal,APMC Vani ,Fibre Crops,Cotton,Desi,Local,"7,949.00","8,010.00","7,980.00",Rs./Quintal,28-01-2026
Maharashtra,Yavatmal,APMC Vani ,Fibre Crops,Cotton,Desi,Local,"7,849.00","8,010.00","7,986.00",Rs./Quintal,27-01-2026
Maharashtra,Yavatmal,APMC Vani ,Fibre Crops,Cotton,Desi,Local,"7,849.00","8,010.00","7,900.00",Rs./Quintal,21-01-2026
Maharashtra,Yavatmal,APMC Vani ,Fibre Crops,Cotton,Desi,Local,"7,929.00","8,010.00","7,930.00",Rs./Quintal,16-01-2026
Maharashtra,Yavatmal,APMC Vani ,Fibre Crops,Cotton,Desi,Local,"7,929.00","8,010.00","7,960.00",Rs./Quintal,15-01-2026
Maharashtra,Yavatmal,APMC Vani ,Fibre Crops,Cotton,Desi,Local,"7,929.00","8,010.00","7,950.00",Rs./Quintal,14-01-2026
Maharashtra,Yavatmal,APMC Vani ,Fibre Crops,Cotton,Desi,Local,"7,929.00","8,010.00","7,979.00",Rs./Quintal,13-01-2026
Maharashtra,Yavatmal,APMC Vani ,Fibre Crops,Cotton,Desi,Local,"7,897.00","8,010.00","7,979.00",Rs./Quintal,12-01-2026
Maharashtra,Yavatmal,APMC Vani ,Fibre Crops,Cotton,Desi,Local,"7,729.00","8,010.00","7,978.00",Rs./Quintal,08-01-2026
Maharashtra,Yavatmal,APMC Vani ,Fibre Crops,Cotton,Desi,Local,"7,849.00","8,010.00","7,984.00",Rs./Quintal,07-01-2026
Maharashtra,Yavatmal,APMC Vani ,Fibre Crops,Cotton,Desi,Local,"7,689.00","8,010.00","7,977.00",Rs./Quintal,06-01-2026
Maharashtra,Yavatmal,APMC Vani ,Fibre Crops,Cotton,Desi,Local,"7,849.00","8,010.00","7,972.00",Rs./Quintal,05-01-2026
Maharashtra,Yavatmal,APMC Vani ,Fibre Crops,Cotton,Desi,Local,"7,890.00","8,010.00","7,980.00",Rs./Quintal,02-01-2026
Maharashtra,Yavatmal,APMC Vani ,Fibre Crops,Cotton,Desi,Local,"7,890.00","8,010.00","7,950.00",Rs./Quintal,01-01-2026
Maharashtra,Yavatmal,APMC ZariZamini ,Fibre Crops,Cotton,Other,FAQ,"8,000.00","8,010.00","8,003.00",Rs./Quintal,19-02-2026
Maharashtra,Yavatmal,APMC ZariZamini ,Fibre Crops,Cotton,Other,FAQ,"7,710.00","8,010.00","7,800.00",Rs./Quintal,16-02-2026
Maharashtra,Yavatmal,"Jagdamba Agrocare Pvt Ltd, Pandharkawada, Dist Yeotmal",Fibre Crops,Cotton,A.K. 235 (Unginned),Local,"6,500.00","6,800.00","6,600.00",Rs./Quintal,09-05-2026
Maharashtra,Yavatmal,"Jagdamba Agrocare Pvt Ltd, Pandharkawada, Dist Yeotmal",Fibre Crops,Cotton,Other,Local,"6,800.00","8,900.00","7,800.00",Rs./Quintal,08-05-2026
Maharashtra,Yavatmal,"Jagdamba Agrocare Pvt Ltd, Pandharkawada, Dist Yeotmal",Fibre Crops,Cotton,Other,Local,"6,500.00","8,900.00","7,600.00",Rs./Quintal,07-05-2026
Maharashtra,Yavatmal,"Jagdamba Agrocare Pvt Ltd, Pandharkawada, Dist Yeotmal",Fibre Crops,Cotton,Other,Local,"6,700.00","8,700.00","7,800.00",Rs./Quintal,05-05-2026
Maharashtra,Yavatmal,"Jagdamba Agrocare Pvt Ltd, Pandharkawada, Dist Yeotmal",Fibre Crops,Cotton,Other,Local,"6,700.00","8,550.00","7,900.00",Rs./Quintal,04-05-2026
Maharashtra,Yavatmal,"Jagdamba Agrocare Pvt Ltd, Pandharkawada, Dist Yeotmal",Fibre Crops,Cotton,Other,Local,"6,500.00","8,575.00","7,500.00",Rs./Quintal,02-05-2026
Maharashtra,Yavatmal,"Jagdamba Agrocare Pvt Ltd, Pandharkawada, Dist Yeotmal",Fibre Crops,Cotton,Other,Local,"6,700.00","8,600.00","7,900.00",Rs./Quintal,01-05-2026
Maharashtra,Yavatmal,"Jagdamba Agrocare Pvt Ltd, Pandharkawada, Dist Yeotmal",Fibre Crops,Cotton,Other,Local,"6,500.00","8,450.00","7,800.00",Rs./Quintal,30-04-2026
Maharashtra,Yavatmal,"Jagdamba Agrocare Pvt Ltd, Pandharkawada, Dist Yeotmal",Fibre Crops,Cotton,Other,Local,"6,500.00","8,450.00","7,600.00",Rs./Quintal,29-04-2026
Maharashtra,Yavatmal,"Jagdamba Agrocare Pvt Ltd, Pandharkawada, Dist Yeotmal",Fibre Crops,Cotton,Other,Local,"6,500.00","8,500.00","7,600.00",Rs./Quintal,28-04-2026
Maharashtra,Yavatmal,"Jagdamba Agrocare Pvt Ltd, Pandharkawada, Dist Yeotmal",Fibre Crops,Cotton,Other,Local,"6,700.00","8,500.00","7,800.00",Rs./Quintal,27-04-2026
Maharashtra,Yavatmal,"Jagdamba Agrocare Pvt Ltd, Pandharkawada, Dist Yeotmal",Fibre Crops,Cotton,Other,Local,"6,800.00","8,550.00","7,900.00",Rs./Quintal,25-04-2026
Maharashtra,Yavatmal,"Jagdamba Agrocare Pvt Ltd, Pandharkawada, Dist Yeotmal",Fibre Crops,Cotton,Other,Local,"6,900.00","8,600.00","7,900.00",Rs./Quintal,24-04-2026
Maharashtra,Yavatmal,"Jagdamba Agrocare Pvt Ltd, Pandharkawada, Dist Yeotmal",Fibre Crops,Cotton,Other,Local,"6,700.00","8,600.00","7,800.00",Rs./Quintal,23-04-2026
Maharashtra,Yavatmal,"Jagdamba Agrocare Pvt Ltd, Pandharkawada, Dist Yeotmal",Fibre Crops,Cotton,Other,Local,"6,700.00","8,450.00","7,600.00",Rs./Quintal,22-04-2026
Maharashtra,Yavatmal,"Jagdamba Agrocare Pvt Ltd, Pandharkawada, Dist Yeotmal",Fibre Crops,Cotton,A.K. 235 (Unginned),Local,"6,700.00","8,400.00","7,800.00",Rs./Quintal,21-04-2026
Maharashtra,Yavatmal,"Jagdamba Agrocare Pvt Ltd, Pandharkawada, Dist Yeotmal",Fibre Crops,Cotton,Other,Local,"6,700.00","8,400.00","7,900.00",Rs./Quintal,20-04-2026
Maharashtra,Yavatmal,"Jagdamba Agrocare Pvt Ltd, Pandharkawada, Dist Yeotmal",Fibre Crops,Cotton,Other,Local,"6,700.00","8,400.00","7,800.00",Rs./Quintal,18-04-2026
Maharashtra,Yavatmal,"Jagdamba Agrocare Pvt Ltd, Pandharkawada, Dist Yeotmal",Fibre Crops,Cotton,Other,Local,"6,700.00","8,425.00","7,800.00",Rs./Quintal,17-04-2026
Maharashtra,Yavatmal,"Jagdamba Agrocare Pvt Ltd, Pandharkawada, Dist Yeotmal",Fibre Crops,Cotton,Other,Local,"6,700.00","8,375.00","7,700.00",Rs./Quintal,16-04-2026
Maharashtra,Yavatmal,"Jagdamba Agrocare Pvt Ltd, Pandharkawada, Dist Yeotmal",Fibre Crops,Cotton,Other,Local,"6,700.00","8,350.00","8,100.00",Rs./Quintal,15-04-2026
Maharashtra,Yavatmal,"Jagdamba Agrocare Pvt Ltd, Pandharkawada, Dist Yeotmal",Fibre Crops,Cotton,Other,Local,"6,700.00","8,350.00","8,250.00",Rs./Quintal,14-04-2026
Maharashtra,Yavatmal,"Jagdamba Agrocare Pvt Ltd, Pandharkawada, Dist Yeotmal",Fibre Crops,Cotton,Other,Local,"6,700.00","8,400.00","7,600.00",Rs./Quintal,13-04-2026
Maharashtra,Yavatmal,"Jagdamba Agrocare Pvt Ltd, Pandharkawada, Dist Yeotmal",Fibre Crops,Cotton,Other,Local,"6,700.00","8,300.00","7,600.00",Rs./Quintal,11-04-2026
Maharashtra,Yavatmal,"Jagdamba Agrocare Pvt Ltd, Pandharkawada, Dist Yeotmal",Fibre Crops,Cotton,Other,Local,"6,800.00","8,400.00","7,800.00",Rs./Quintal,10-04-2026
Maharashtra,Yavatmal,"Jagdamba Agrocare Pvt Ltd, Pandharkawada, Dist Yeotmal",Fibre Crops,Cotton,Other,Local,"6,700.00","8,450.00","7,700.00",Rs./Quintal,09-04-2026
Maharashtra,Yavatmal,"Jagdamba Agrocare Pvt Ltd, Pandharkawada, Dist Yeotmal",Fibre Crops,Cotton,Other,Local,"7,000.00","8,450.00","7,600.00",Rs./Quintal,08-04-2026
Maharashtra,Yavatmal,"Jagdamba Agrocare Pvt Ltd, Pandharkawada, Dist Yeotmal",Fibre Crops,Cotton,Other,Local,"6,700.00","8,400.00","7,400.00",Rs./Quintal,07-04-2026
Maharashtra,Yavatmal,"Jagdamba Agrocare Pvt Ltd, Pandharkawada, Dist Yeotmal",Fibre Crops,Cotton,Other,Local,"6,900.00","8,400.00","8,000.00",Rs./Quintal,06-04-2026
Maharashtra,Yavatmal,"Jagdamba Agrocare Pvt Ltd, Pandharkawada, Dist Yeotmal",Fibre Crops,Cotton,Other,Local,"6,700.00","8,250.00","7,500.00",Rs./Quintal,04-04-2026
Maharashtra,Yavatmal,"Jagdamba Agrocare Pvt Ltd, Pandharkawada, Dist Yeotmal",Fibre Crops,Cotton,Other,Local,"6,700.00","8,200.00","7,500.00",Rs./Quintal,03-04-2026
Maharashtra,Yavatmal,"Jagdamba Agrocare Pvt Ltd, Pandharkawada, Dist Yeotmal",Fibre Crops,Cotton,Other,Local,"6,700.00","8,300.00","7,800.00",Rs./Quintal,02-04-2026
Maharashtra,Yavatmal,"Jagdamba Agrocare Pvt Ltd, Pandharkawada, Dist Yeotmal",Fibre Crops,Cotton,Other,Local,"7,000.00","8,200.00","7,800.00",Rs./Quintal,01-04-2026
Maharashtra,Yavatmal,"Jagdamba Agrocare Pvt Ltd, Pandharkawada, Dist Yeotmal",Fibre Crops,Cotton,Other,Local,"6,700.00","8,100.00","7,700.00",Rs./Quintal,31-03-2026
Maharashtra,Yavatmal,"Jagdamba Agrocare Pvt Ltd, Pandharkawada, Dist Yeotmal",Fibre Crops,Cotton,Other,Local,"6,700.00","8,100.00","7,700.00",Rs./Quintal,30-03-2026
Maharashtra,Yavatmal,"Jagdamba Agrocare Pvt Ltd, Pandharkawada, Dist Yeotmal",Fibre Crops,Cotton,Other,Local,"6,700.00","7,900.00","7,500.00",Rs./Quintal,25-03-2026
Maharashtra,Yavatmal,"Jagdamba Agrocare Pvt Ltd, Pandharkawada, Dist Yeotmal",Fibre Crops,Cotton,Other,Local,"6,700.00","8,000.00","7,500.00",Rs./Quintal,23-03-2026
Maharashtra,Yavatmal,"Jagdamba Agrocare Pvt Ltd, Pandharkawada, Dist Yeotmal",Fibre Crops,Cotton,Other,Local,"6,500.00","7,950.00","7,600.00",Rs./Quintal,21-03-2026
Maharashtra,Yavatmal,"Jagdamba Agrocare Pvt Ltd, Pandharkawada, Dist Yeotmal",Fibre Crops,Cotton,Other,Local,"6,500.00","7,900.00","7,500.00",Rs./Quintal,20-03-2026
Maharashtra,Yavatmal,"Jagdamba Agrocare Pvt Ltd, Pandharkawada, Dist Yeotmal",Fibre Crops,Cotton,Other,Local,"6,700.00","7,800.00","7,500.00",Rs./Quintal,18-03-2026
Maharashtra,Yavatmal,"Jagdamba Agrocare Pvt Ltd, Pandharkawada, Dist Yeotmal",Fibre Crops,Cotton,Other,Local,"6,700.00","7,800.00","7,500.00",Rs./Quintal,17-03-2026
Maharashtra,Yavatmal,"Jagdamba Agrocare Pvt Ltd, Pandharkawada, Dist Yeotmal",Fibre Crops,Cotton,Other,Local,"6,700.00","7,800.00","7,200.00",Rs./Quintal,16-03-2026
Maharashtra,Yavatmal,"Jagdamba Agrocare Pvt Ltd, Pandharkawada, Dist Yeotmal",Fibre Crops,Cotton,Other,Local,"6,700.00","7,800.00","7,700.00",Rs./Quintal,14-03-2026
Maharashtra,Yavatmal,"Jagdamba Agrocare Pvt Ltd, Pandharkawada, Dist Yeotmal",Fibre Crops,Cotton,A.K. 235 (Unginned),Local,"6,700.00","7,800.00","7,700.00",Rs./Quintal,13-03-2026
Maharashtra,Yavatmal,"Jagdamba Agrocare Pvt Ltd, Pandharkawada, Dist Yeotmal",Fibre Crops,Cotton,Other,Local,"6,700.00","7,850.00","7,700.00",Rs./Quintal,12-03-2026
Maharashtra,Yavatmal,"Jagdamba Agrocare Pvt Ltd, Pandharkawada, Dist Yeotmal",Fibre Crops,Cotton,Other,Local,"6,700.00","7,850.00","7,700.00",Rs./Quintal,10-03-2026
Maharashtra,Yavatmal,"Jagdamba Agrocare Pvt Ltd, Pandharkawada, Dist Yeotmal",Fibre Crops,Cotton,Other,Local,"6,500.00","7,675.00","7,000.00",Rs./Quintal,09-03-2026
Maharashtra,Yavatmal,"Jagdamba Agrocare Pvt Ltd, Pandharkawada, Dist Yeotmal",Fibre Crops,Cotton,Other,Local,"6,600.00","7,700.00","7,300.00",Rs./Quintal,06-03-2026
Maharashtra,Yavatmal,"Jagdamba Agrocare Pvt Ltd, Pandharkawada, Dist Yeotmal",Fibre Crops,Cotton,Other,Local,"6,550.00","7,750.00","7,600.00",Rs./Quintal,05-03-2026
Maharashtra,Yavatmal,"Jagdamba Agrocare Pvt Ltd, Pandharkawada, Dist Yeotmal",Fibre Crops,Cotton,Other,Local,"6,700.00","7,750.00","7,600.00",Rs./Quintal,02-03-2026
Maharashtra,Yavatmal,"Jagdamba Agrocare Pvt Ltd, Pandharkawada, Dist Yeotmal",Fibre Crops,Cotton,Other,Local,"6,700.00","7,750.00","7,350.00",Rs./Quintal,28-02-2026
Maharashtra,Yavatmal,"Jagdamba Agrocare Pvt Ltd, Pandharkawada, Dist Yeotmal",Fibre Crops,Cotton,Other,Local,"6,850.00","7,700.00","7,000.00",Rs./Quintal,26-02-2026
Maharashtra,Yavatmal,"Jagdamba Agrocare Pvt Ltd, Pandharkawada, Dist Yeotmal",Fibre Crops,Cotton,Other,Local,"6,950.00","7,700.00","7,250.00",Rs./Quintal,25-02-2026
Maharashtra,Yavatmal,"Jagdamba Agrocare Pvt Ltd, Pandharkawada, Dist Yeotmal",Fibre Crops,Cotton,Other,Local,"6,700.00","7,650.00","7,550.00",Rs./Quintal,23-02-2026
Maharashtra,Yavatmal,"Jagdamba Agrocare Pvt Ltd, Pandharkawada, Dist Yeotmal",Fibre Crops,Cotton,Other,Local,"6,700.00","7,625.00","7,500.00",Rs./Quintal,21-02-2026
Maharashtra,Yavatmal,"Jagdamba Agrocare Pvt Ltd, Pandharkawada, Dist Yeotmal",Fibre Crops,Cotton,Other,Local,"6,400.00","7,650.00","7,500.00",Rs./Quintal,20-02-2026
Maharashtra,Yavatmal,"Jagdamba Agrocare Pvt Ltd, Pandharkawada, Dist Yeotmal",Fibre Crops,Cotton,A.K. 235 (Unginned),Local,"6,400.00","7,600.00","7,500.00",Rs./Quintal,19-02-2026
Maharashtra,Yavatmal,"Jagdamba Agrocare Pvt Ltd, Pandharkawada, Dist Yeotmal",Fibre Crops,Cotton,Other,Local,"6,400.00","7,625.00","7,500.00",Rs./Quintal,18-02-2026
Maharashtra,Yavatmal,"Jagdamba Agrocare Pvt Ltd, Pandharkawada, Dist Yeotmal",Fibre Crops,Cotton,Other,Local,"6,800.00","7,700.00","7,600.00",Rs./Quintal,17-02-2026
Maharashtra,Yavatmal,"Jagdamba Agrocare Pvt Ltd, Pandharkawada, Dist Yeotmal",Fibre Crops,Cotton,Other,Local,"6,800.00","7,700.00","7,600.00",Rs./Quintal,16-02-2026
Maharashtra,Yavatmal,"Jagdamba Agrocare Pvt Ltd, Pandharkawada, Dist Yeotmal",Fibre Crops,Cotton,Other,Local,"6,700.00","7,650.00","7,500.00",Rs./Quintal,14-02-2026
Maharashtra,Yavatmal,"Jagdamba Agrocare Pvt Ltd, Pandharkawada, Dist Yeotmal",Fibre Crops,Cotton,Other,Local,"6,600.00","7,700.00","7,600.00",Rs./Quintal,13-02-2026
Maharashtra,Yavatmal,"Jagdamba Agrocare Pvt Ltd, Pandharkawada, Dist Yeotmal",Fibre Crops,Cotton,Other,Local,"6,900.00","7,625.00","7,600.00",Rs./Quintal,12-02-2026
Maharashtra,Yavatmal,"Jagdamba Agrocare Pvt Ltd, Pandharkawada, Dist Yeotmal",Fibre Crops,Cotton,Other,Local,"6,300.00","7,650.00","7,500.00",Rs./Quintal,11-02-2026
Maharashtra,Yavatmal,"Jagdamba Agrocare Pvt Ltd, Pandharkawada, Dist Yeotmal",Fibre Crops,Cotton,Other,Local,"6,900.00","7,700.00","7,600.00",Rs./Quintal,10-02-2026
Maharashtra,Yavatmal,"Jagdamba Agrocare Pvt Ltd, Pandharkawada, Dist Yeotmal",Fibre Crops,Cotton,Other,Local,"6,900.00","7,800.00","7,700.00",Rs./Quintal,09-02-2026
Maharashtra,Yavatmal,"Jagdamba Agrocare Pvt Ltd, Pandharkawada, Dist Yeotmal",Fibre Crops,Cotton,Other,Local,"6,900.00","7,900.00","7,800.00",Rs./Quintal,06-02-2026
Maharashtra,Yavatmal,"Jagdamba Agrocare Pvt Ltd, Pandharkawada, Dist Yeotmal",Fibre Crops,Cotton,Other,Local,"6,900.00","7,850.00","7,700.00",Rs./Quintal,05-02-2026
Maharashtra,Yavatmal,"Jagdamba Agrocare Pvt Ltd, Pandharkawada, Dist Yeotmal",Fibre Crops,Cotton,Other,Local,"7,300.00","7,825.00","7,700.00",Rs./Quintal,04-02-2026
Maharashtra,Yavatmal,"Jagdamba Agrocare Pvt Ltd, Pandharkawada, Dist Yeotmal",Fibre Crops,Cotton,A.K. 235 (Unginned),Local,"6,900.00","7,850.00","7,700.00",Rs./Quintal,03-02-2026
Maharashtra,Yavatmal,"Jagdamba Agrocare Pvt Ltd, Pandharkawada, Dist Yeotmal",Fibre Crops,Cotton,Other,Local,"6,900.00","7,850.00","7,700.00",Rs./Quintal,03-02-2026
Maharashtra,Yavatmal,"Jagdamba Agrocare Pvt Ltd, Pandharkawada, Dist Yeotmal",Fibre Crops,Cotton,Other,Local,"7,300.00","8,050.00","7,900.00",Rs./Quintal,30-01-2026
Maharashtra,Yavatmal,"Jagdamba Agrocare Pvt Ltd, Pandharkawada, Dist Yeotmal",Fibre Crops,Cotton,Other,Local,"7,300.00","8,050.00","7,900.00",Rs./Quintal,29-01-2026
Maharashtra,Yavatmal,"Jagdamba Agrocare Pvt Ltd, Pandharkawada, Dist Yeotmal",Fibre Crops,Cotton,Other,Local,"7,300.00","8,075.00","7,950.00",Rs./Quintal,28-01-2026
Maharashtra,Yavatmal,"Jagdamba Agrocare Pvt Ltd, Pandharkawada, Dist Yeotmal",Fibre Crops,Cotton,Other,Local,"7,325.00","8,075.00","7,900.00",Rs./Quintal,27-01-2026
Maharashtra,Yavatmal,"Jagdamba Agrocare Pvt Ltd, Pandharkawada, Dist Yeotmal",Fibre Crops,Cotton,Other,Local,"7,350.00","8,050.00","7,900.00",Rs./Quintal,26-01-2026
Maharashtra,Yavatmal,"Jagdamba Agrocare Pvt Ltd, Pandharkawada, Dist Yeotmal",Fibre Crops,Cotton,Other,Local,"7,400.00","8,050.00","7,900.00",Rs./Quintal,24-01-2026
Maharashtra,Yavatmal,"Jagdamba Agrocare Pvt Ltd, Pandharkawada, Dist Yeotmal",Fibre Crops,Cotton,Other,Local,"7,400.00","8,050.00","7,900.00",Rs./Quintal,23-01-2026
Maharashtra,Yavatmal,"Jagdamba Agrocare Pvt Ltd, Pandharkawada, Dist Yeotmal",Fibre Crops,Cotton,Other,Local,"7,400.00","7,950.00","7,900.00",Rs./Quintal,22-01-2026
Maharashtra,Yavatmal,"Jagdamba Agrocare Pvt Ltd, Pandharkawada, Dist Yeotmal",Fibre Crops,Cotton,Other,Local,"7,400.00","7,950.00","7,850.00",Rs./Quintal,21-01-2026
Maharashtra,Yavatmal,"Jagdamba Agrocare Pvt Ltd, Pandharkawada, Dist Yeotmal",Fibre Crops,Cotton,Other,Local,"7,400.00","8,100.00","7,900.00",Rs./Quintal,20-01-2026
Maharashtra,Yavatmal,"Jagdamba Agrocare Pvt Ltd, Pandharkawada, Dist Yeotmal",Fibre Crops,Cotton,Other,Local,"7,350.00","8,150.00","8,000.00",Rs./Quintal,13-01-2026
Maharashtra,Yavatmal,"Jagdamba Agrocare Pvt Ltd, Pandharkawada, Dist Yeotmal",Fibre Crops,Cotton,Other,Local,"7,325.00","7,875.00","7,800.00",Rs./Quintal,09-01-2026
Maharashtra,Yavatmal,"Jagdamba Agrocare Pvt Ltd, Pandharkawada, Dist Yeotmal",Fibre Crops,Cotton,Other,Local,"7,000.00","7,575.00","7,500.00",Rs./Quintal,01-01-2026
Maharashtra,Yavatmal,KISAN MARKET YARD,Fibre Crops,Cotton,Other,Local,"5,850.00","5,850.00","5,850.00",Rs./Quintal,27-03-2026
Maharashtra,Yavatmal,KISAN MARKET YARD,Fibre Crops,Cotton,Other,Local,"5,650.00","5,650.00","5,650.00",Rs./Quintal,23-03-2026
Maharashtra,Yavatmal,KISAN MARKET YARD,Fibre Crops,Cotton,Other,Local,"5,600.00","5,600.00","5,600.00",Rs./Quintal,18-03-2026
Maharashtra,Yavatmal,KISAN MARKET YARD,Fibre Crops,Cotton,Other,Local,"5,600.00","5,600.00","5,600.00",Rs./Quintal,14-03-2026
Maharashtra,Yavatmal,KISAN MARKET YARD,Fibre Crops,Cotton,Other,Local,"5,700.00","5,700.00","5,700.00",Rs./Quintal,09-03-2026
Maharashtra,Yavatmal,KISAN MARKET YARD,Fibre Crops,Cotton,Other,Local,"5,700.00","5,700.00","5,700.00",Rs./Quintal,07-03-2026
Maharashtra,Yavatmal,KISAN MARKET YARD,Fibre Crops,Cotton,Other,Local,"5,600.00","5,600.00","5,600.00",Rs./Quintal,28-02-2026
Maharashtra,Yavatmal,KISAN MARKET YARD,Fibre Crops,Cotton,Other,Local,"5,910.00","5,910.00","5,910.00",Rs./Quintal,26-02-2026
Maharashtra,Yavatmal,KISAN MARKET YARD,Fibre Crops,Cotton,Other,Local,"5,500.00","5,500.00","5,500.00",Rs./Quintal,21-02-2026
Maharashtra,Yavatmal,KISAN MARKET YARD,Fibre Crops,Cotton,Other,Local,"6,050.00","6,150.00","6,111.00",Rs./Quintal,18-02-2026
Maharashtra,Yavatmal,KISAN MARKET YARD,Fibre Crops,Cotton,Other,Local,"6,000.00","7,300.00","6,000.00",Rs./Quintal,07-02-2026
Maharashtra,Yavatmal,KISAN MARKET YARD,Fibre Crops,Cotton,Other,Local,"7,000.00","7,500.00","7,300.00",Rs./Quintal,06-02-2026
Maharashtra,Yavatmal,KISAN MARKET YARD,Fibre Crops,Cotton,Other,Local,"6,750.00","7,640.00","7,304.00",Rs./Quintal,24-01-2026
Maharashtra,Yavatmal,KISAN MARKET YARD,Fibre Crops,Cotton,Other,Local,"6,750.00","7,675.00","7,356.00",Rs./Quintal,23-01-2026
Maharashtra,Yavatmal,KISAN MARKET YARD,Fibre Crops,Cotton,Other,Local,"7,200.00","7,500.00","7,239.00",Rs./Quintal,22-01-2026
Maharashtra,Yavatmal,KISAN MARKET YARD,Fibre Crops,Cotton,Other,Local,"7,200.00","7,600.00","7,549.00",Rs./Quintal,17-01-2026
Maharashtra,Yavatmal,KISAN MARKET YARD,Fibre Crops,Cotton,Other,Local,"6,750.00","7,600.00","6,750.00",Rs./Quintal,16-01-2026
Maharashtra,Yavatmal,KISAN MARKET YARD,Fibre Crops,Cotton,Other,Local,"6,850.00","7,300.00","7,061.00",Rs./Quintal,10-01-2026
Maharashtra,Yavatmal,KISAN MARKET YARD,Fibre Crops,Cotton,Other,Local,"6,800.00","7,400.00","7,205.00",Rs./Quintal,08-01-2026
Maharashtra,Yavatmal,KISAN MARKET YARD,Fibre Crops,Cotton,Other,Local,"6,750.00","7,030.00","6,924.00",Rs./Quintal,03-01-2026
Maharashtra,Yavatmal,KISAN MARKET YARD,Fibre Crops,Cotton,Other,Local,"6,700.00","7,100.00","6,770.00",Rs./Quintal,01-01-2026
Maharashtra,Yavatmal,"Shekari Krushi Khajgi Bazar, Arni, Dist Yavatmal",Fibre Crops,Cotton,Other,Local,"7,500.00","7,500.00","7,500.00",Rs./Quintal,26-03-2026
Maharashtra,Yavatmal,"Shekari Krushi Khajgi Bazar, Arni, Dist Yavatmal",Fibre Crops,Cotton,Other,Local,"7,625.00","7,625.00","7,625.00",Rs./Quintal,25-03-2026
Maharashtra,Yavatmal,"Shekari Krushi Khajgi Bazar, Arni, Dist Yavatmal",Fibre Crops,Cotton,Other,Local,"7,405.00","7,440.00","7,420.00",Rs./Quintal,23-03-2026
Maharashtra,Yavatmal,"Shekari Krushi Khajgi Bazar, Arni, Dist Yavatmal",Fibre Crops,Cotton,Other,Local,"7,305.00","7,305.00","7,305.00",Rs./Quintal,17-03-2026
Maharashtra,Yavatmal,"Shekari Krushi Khajgi Bazar, Arni, Dist Yavatmal",Fibre Crops,Cotton,Other,Local,"7,235.00","7,235.00","7,235.00",Rs./Quintal,13-03-2026

