,,,,,,Daily Price Report-01-01-2026 to 03-09-2026 for Maharashtra,,,,,
State/UT,District,Market,Commodity Group,Commodity,Variety,Grade,Min Price,Max Price,Modal Price,Price Unit,Price Date
Maharashtra,Ahilyanagar,APMC Ahilyanagar ,Vegetables,Tomato,Other,Local,500.00,"1,500.00","1,000.00",Rs./Quintal,03-09-2026
Maharashtra,Ahilyanagar,APMC Ahilyanagar ,Vegetables,Tomato,Other,Local,200.00,"1,200.00",700.00,Rs./Quintal,01-09-2026
Maharashtra,Ahilyanagar,APMC Ahilyanagar ,Vegetables,Tomato,Other,Local,200.00,"1,000.00",600.00,Rs./Quintal,30-08-2026
Maharashtra,Ahilyanagar,APMC Ahilyanagar ,Vegetables,Tomato,Other,Local,200.00,"1,000.00",600.00,Rs./Quintal,29-08-2026
Maharashtra,Ahilyanagar,APMC Ahilyanagar ,Vegetables,Tomato,Other,Local,200.00,"1,000.00",600.00,Rs./Quintal,28-08-2026
Maharashtra,Ahilyanagar,APMC Ahilyanagar ,Vegetables,Tomato,Other,Local,200.00,"1,300.00",750.00,Rs./Quintal,25-08-2026
Maharashtra,Ahilyanagar,APMC Ahilyanagar ,Vegetables,Tomato,Other,Local,200.00,"1,800.00","1,000.00",Rs./Quintal,21-08-2026
Maharashtra,Ahilyanagar,APMC Ahilyanagar ,Vegetables,Tomato,Other,Local,200.00,"1,900.00","1,050.00",Rs./Quintal,17-08-2026
Maharashtra,Ahilyanagar,APMC Ahilyanagar ,Vegetables,Tomato,Other,Local,300.00,"2,000.00","1,150.00",Rs./Quintal,16-08-2026
Maharashtra,Ahilyanagar,APMC Ahilyanagar ,Vegetables,Tomato,Other,Local,500.00,"2,500.00","1,500.00",Rs./Quintal,14-08-2026
Maharashtra,Ahilyanagar,APMC Ahilyanagar ,Vegetables,Tomato,Other,Local,300.00,"2,000.00","1,150.00",Rs./Quintal,13-08-2026
Maharashtra,Ahilyanagar,APMC Ahilyanagar ,Vegetables,Tomato,Other,Local,300.00,"2,000.00","1,150.00",Rs./Quintal,10-08-2026
Maharashtra,Ahilyanagar,APMC Ahilyanagar ,Vegetables,Tomato,Other,Local,500.00,"2,000.00","1,250.00",Rs./Quintal,09-08-2026
Maharashtra,Ahilyanagar,APMC Ahilyanagar ,Vegetables,Tomato,Other,Local,500.00,"2,500.00","1,500.00",Rs./Quintal,08-08-2026
Maharashtra,Ahilyanagar,APMC Ahilyanagar ,Vegetables,Tomato,Other,Local,400.00,"3,000.00","1,700.00",Rs./Quintal,03-08-2026
Maharashtra,Ahilyanagar,APMC Ahilyanagar ,Vegetables,Tomato,Other,Local,500.00,"3,500.00","2,000.00",Rs./Quintal,02-08-2026
Maharashtra,Ahilyanagar,APMC Ahilyanagar ,Vegetables,Tomato,Other,Local,400.00,"2,500.00","1,450.00",Rs./Quintal,01-08-2026
Maharashtra,Ahilyanagar,APMC Ahilyanagar ,Vegetables,Tomato,Other,Local,500.00,"2,500.00","1,500.00",Rs./Quintal,31-07-2026
Maharashtra,Ahilyanagar,APMC Ahilyanagar ,Vegetables,Tomato,Other,Local,400.00,"2,500.00","1,450.00",Rs./Quintal,28-07-2026
Maharashtra,Ahilyanagar,APMC Ahilyanagar ,Vegetables,Tomato,Other,Local,500.00,"2,500.00","1,500.00",Rs./Quintal,27-07-2026
Maharashtra,Ahilyanagar,APMC Ahilyanagar ,Vegetables,Tomato,Other,Local,500.00,"2,500.00","1,500.00",Rs./Quintal,26-07-2026
Maharashtra,Ahilyanagar,APMC Ahilyanagar ,Vegetables,Tomato,Other,Local,500.00,"3,000.00","1,750.00",Rs./Quintal,24-07-2026
Maharashtra,Ahilyanagar,APMC Ahilyanagar ,Vegetables,Tomato,Other,Local,500.00,"3,000.00","1,750.00",Rs./Quintal,23-07-2026
Maharashtra,Ahilyanagar,APMC Ahilyanagar ,Vegetables,Tomato,Other,Local,500.00,"2,500.00","1,500.00",Rs./Quintal,21-07-2026
Maharashtra,Ahilyanagar,APMC Ahilyanagar ,Vegetables,Tomato,Other,Local,500.00,"2,300.00","1,400.00",Rs./Quintal,20-07-2026
Maharashtra,Ahilyanagar,APMC Ahilyanagar ,Vegetables,Tomato,Other,Local,500.00,"3,000.00","1,750.00",Rs./Quintal,19-07-2026
Maharashtra,Ahilyanagar,APMC Ahilyanagar ,Vegetables,Tomato,Other,Local,500.00,"2,500.00","1,500.00",Rs./Quintal,18-07-2026
Maharashtra,Ahilyanagar,APMC Ahilyanagar ,Vegetables,Tomato,Other,Local,400.00,"2,800.00","1,600.00",Rs./Quintal,17-07-2026
Maharashtra,Ahilyanagar,APMC Ahilyanagar ,Vegetables,Tomato,Other,Local,400.00,"2,500.00","1,450.00",Rs./Quintal,16-07-2026
Maharashtra,Ahilyanagar,APMC Ahilyanagar ,Vegetables,Tomato,Other,Local,600.00,"4,000.00","2,300.00",Rs./Quintal,09-07-2026
Maharashtra,Ahilyanagar,APMC Ahilyanagar ,Vegetables,Tomato,Other,Local,500.00,"3,000.00","1,750.00",Rs./Quintal,06-07-2026
Maharashtra,Ahilyanagar,APMC Ahilyanagar ,Vegetables,Tomato,Other,Local,500.00,"2,600.00","1,550.00",Rs./Quintal,05-07-2026
Maharashtra,Ahilyanagar,APMC Ahilyanagar ,Vegetables,Tomato,Other,Local,500.00,"2,500.00","1,500.00",Rs./Quintal,04-07-2026
Maharashtra,Ahilyanagar,APMC Ahilyanagar ,Vegetables,Tomato,Other,Local,400.00,"2,500.00","1,450.00",Rs./Quintal,03-07-2026
Maharashtra,Ahilyanagar,APMC Ahilyanagar ,Vegetables,Tomato,Other,Local,500.00,"3,800.00","2,150.00",Rs./Quintal,23-06-2026
Maharashtra,Ahilyanagar,APMC Ahilyanagar ,Vegetables,Tomato,Other,Local,400.00,"3,500.00","1,950.00",Rs./Quintal,21-06-2026
Maharashtra,Ahilyanagar,APMC Ahilyanagar ,Vegetables,Tomato,Other,Local,800.00,"4,000.00","2,400.00",Rs./Quintal,18-06-2026
Maharashtra,Ahilyanagar,APMC Ahilyanagar ,Vegetables,Tomato,Other,Local,600.00,"2,800.00","1,700.00",Rs./Quintal,09-06-2026
Maharashtra,Ahilyanagar,APMC Ahilyanagar ,Vegetables,Tomato,Other,Local,500.00,"2,200.00","1,350.00",Rs./Quintal,30-05-2026
Maharashtra,Ahilyanagar,APMC Ahilyanagar ,Vegetables,Tomato,Other,Local,400.00,"2,000.00","1,200.00",Rs./Quintal,24-05-2026
Maharashtra,Ahilyanagar,APMC Ahilyanagar ,Vegetables,Tomato,Other,Local,400.00,"2,500.00","1,450.00",Rs./Quintal,21-05-2026
Maharashtra,Ahilyanagar,APMC Ahilyanagar ,Vegetables,Tomato,Other,Local,400.00,"2,500.00","2,500.00",Rs./Quintal,19-05-2026
Maharashtra,Ahilyanagar,APMC Ahilyanagar ,Vegetables,Tomato,Other,Local,500.00,"2,500.00","1,500.00",Rs./Quintal,17-05-2026
Maharashtra,Ahilyanagar,APMC Ahilyanagar ,Vegetables,Tomato,Other,Local,500.00,"2,500.00","1,500.00",Rs./Quintal,16-05-2026
Maharashtra,Ahilyanagar,APMC Ahilyanagar ,Vegetables,Tomato,Other,Local,800.00,"2,200.00","1,500.00",Rs./Quintal,11-05-2026
Maharashtra,Ahilyanagar,APMC Ahilyanagar ,Vegetables,Tomato,Other,Local,500.00,"2,200.00","1,350.00",Rs./Quintal,10-05-2026
Maharashtra,Ahilyanagar,APMC Ahilyanagar ,Vegetables,Tomato,Other,Local,500.00,"2,000.00","1,250.00",Rs./Quintal,02-05-2026
Maharashtra,Ahilyanagar,APMC Ahilyanagar ,Vegetables,Tomato,Other,Local,300.00,"2,000.00","1,150.00",Rs./Quintal,01-05-2026
Maharashtra,Ahilyanagar,APMC Ahilyanagar ,Vegetables,Tomato,Other,Local,300.00,"2,000.00","1,150.00",Rs./Quintal,27-04-2026
Maharashtra,Ahilyanagar,APMC Ahilyanagar ,Vegetables,Tomato,Other,Local,400.00,"1,700.00","1,050.00",Rs./Quintal,26-04-2026
Maharashtra,Ahilyanagar,APMC Ahilyanagar ,Vegetables,Tomato,Other,Local,"1,200.00","1,500.00","1,350.00",Rs./Quintal,18-04-2026
Maharashtra,Ahilyanagar,APMC Ahilyanagar ,Vegetables,Tomato,Other,Local,"1,000.00","1,200.00","1,100.00",Rs./Quintal,14-04-2026
Maharashtra,Ahilyanagar,APMC Ahilyanagar ,Vegetables,Tomato,Other,Local,"1,000.00","1,200.00","1,100.00",Rs./Quintal,12-04-2026
Maharashtra,Ahilyanagar,APMC Ahilyanagar ,Vegetables,Tomato,Other,Local,500.00,"1,300.00",900.00,Rs./Quintal,10-04-2026
Maharashtra,Ahilyanagar,APMC Ahilyanagar ,Vegetables,Tomato,Other,Local,500.00,"1,200.00",850.00,Rs./Quintal,09-04-2026
Maharashtra,Ahilyanagar,APMC Ahilyanagar ,Vegetables,Tomato,Other,Local,500.00,"1,200.00",850.00,Rs./Quintal,07-04-2026
Maharashtra,Ahilyanagar,APMC Ahilyanagar ,Vegetables,Tomato,Other,Local,800.00,"1,000.00",900.00,Rs./Quintal,05-04-2026
Maharashtra,Ahilyanagar,APMC Ahilyanagar ,Vegetables,Tomato,Other,Local,400.00,"1,600.00","1,000.00",Rs./Quintal,02-04-2026
Maharashtra,Ahilyanagar,APMC Ahilyanagar ,Vegetables,Tomato,Other,Local,400.00,"1,500.00",950.00,Rs./Quintal,31-03-2026
Maharashtra,Ahilyanagar,APMC Ahilyanagar ,Vegetables,Tomato,Other,Local,300.00,"1,300.00",800.00,Rs./Quintal,28-03-2026
Maharashtra,Ahilyanagar,APMC Ahilyanagar ,Vegetables,Tomato,Other,Local,300.00,"1,300.00",800.00,Rs./Quintal,26-03-2026
Maharashtra,Ahilyanagar,APMC Ahilyanagar ,Vegetables,Tomato,Other,Local,300.00,"1,500.00",900.00,Rs./Quintal,24-03-2026
Maharashtra,Ahilyanagar,APMC Ahilyanagar ,Vegetables,Tomato,Other,Local,400.00,"1,300.00",850.00,Rs./Quintal,22-03-2026
Maharashtra,Ahilyanagar,APMC Ahilyanagar ,Vegetables,Tomato,Other,Local,400.00,"1,600.00","1,000.00",Rs./Quintal,20-03-2026
Maharashtra,Ahilyanagar,APMC Ahilyanagar ,Vegetables,Tomato,Other,Local,400.00,"1,600.00","1,000.00",Rs./Quintal,17-03-2026
Maharashtra,Ahilyanagar,APMC Ahilyanagar ,Vegetables,Tomato,Other,Local,400.00,"1,600.00","1,000.00",Rs./Quintal,16-03-2026
Maharashtra,Ahilyanagar,APMC Ahilyanagar ,Vegetables,Tomato,Other,Local,400.00,"1,600.00","1,000.00",Rs./Quintal,08-03-2026
Maharashtra,Ahilyanagar,APMC Ahilyanagar ,Vegetables,Tomato,Other,Local,400.00,"1,300.00",850.00,Rs./Quintal,06-03-2026
Maharashtra,Ahilyanagar,APMC Ahilyanagar ,Vegetables,Tomato,Other,Local,300.00,"1,400.00",850.00,Rs./Quintal,05-03-2026
Maharashtra,Ahilyanagar,APMC Ahilyanagar ,Vegetables,Tomato,Other,Local,400.00,"1,300.00",850.00,Rs./Quintal,01-03-2026
Maharashtra,Ahilyanagar,APMC Ahilyanagar ,Vegetables,Tomato,Other,Local,300.00,"1,300.00",800.00,Rs./Quintal,28-02-2026
Maharashtra,Ahilyanagar,APMC Ahilyanagar ,Vegetables,Tomato,Other,Local,500.00,"1,400.00",950.00,Rs./Quintal,26-02-2026
Maharashtra,Ahilyanagar,APMC Ahilyanagar ,Vegetables,Tomato,Other,Local,500.00,"1,400.00",950.00,Rs./Quintal,20-02-2026
Maharashtra,Ahilyanagar,APMC Ahilyanagar ,Vegetables,Tomato,Other,Local,500.00,"1,300.00",900.00,Rs./Quintal,19-02-2026
Maharashtra,Ahilyanagar,APMC Ahilyanagar ,Vegetables,Tomato,Other,Local,500.00,"1,700.00","1,100.00",Rs./Quintal,16-02-2026
Maharashtra,Ahilyanagar,APMC Ahilyanagar ,Vegetables,Tomato,Other,Local,400.00,"1,500.00",950.00,Rs./Quintal,14-02-2026
Maharashtra,Ahilyanagar,APMC Ahilyanagar ,Vegetables,Tomato,Other,Local,500.00,"1,500.00","1,000.00",Rs./Quintal,12-02-2026
Maharashtra,Ahilyanagar,APMC Ahilyanagar ,Vegetables,Tomato,Other,Local,500.00,"2,200.00","1,350.00",Rs./Quintal,09-02-2026
Maharashtra,Ahilyanagar,APMC Ahilyanagar ,Vegetables,Tomato,Other,Local,300.00,"1,300.00",800.00,Rs./Quintal,08-02-2026
Maharashtra,Ahilyanagar,APMC Ahilyanagar ,Vegetables,Tomato,Other,Local,300.00,"1,300.00",800.00,Rs./Quintal,07-02-2026
Maharashtra,Ahilyanagar,APMC Ahilyanagar ,Vegetables,Tomato,Other,Local,400.00,"1,300.00",850.00,Rs./Quintal,01-02-2026
Maharashtra,Ahilyanagar,APMC Ahilyanagar ,Vegetables,Tomato,Other,Local,500.00,"1,300.00",900.00,Rs./Quintal,31-01-2026
Maharashtra,Ahilyanagar,APMC Ahilyanagar ,Vegetables,Tomato,Other,Local,500.00,"3,000.00","1,750.00",Rs./Quintal,17-01-2026
Maharashtra,Ahilyanagar,APMC Ahilyanagar ,Vegetables,Tomato,Other,Local,800.00,"2,500.00","1,650.00",Rs./Quintal,13-01-2026
Maharashtra,Ahilyanagar,APMC Ahilyanagar ,Vegetables,Tomato,Other,Local,500.00,"2,200.00","1,350.00",Rs./Quintal,10-01-2026
Maharashtra,Ahilyanagar,APMC Ahilyanagar ,Vegetables,Tomato,Other,Local,500.00,"3,000.00","1,750.00",Rs./Quintal,06-01-2026
Maharashtra,Ahilyanagar,APMC Ahilyanagar ,Vegetables,Tomato,Other,Local,800.00,"3,500.00","2,150.00",Rs./Quintal,01-01-2026
Maharashtra,Ahilyanagar,APMC Rahata ,Vegetables,Tomato,Other,Local,300.00,"1,500.00",900.00,Rs./Quintal,03-09-2026
Maharashtra,Ahilyanagar,APMC Rahata ,Vegetables,Tomato,Other,Local,500.00,"1,250.00",875.00,Rs./Quintal,02-09-2026
Maharashtra,Ahilyanagar,APMC Rahata ,Vegetables,Tomato,Other,Local,300.00,"1,500.00",900.00,Rs./Quintal,01-09-2026
Maharashtra,Ahilyanagar,APMC Rahata ,Vegetables,Tomato,Other,Local,300.00,"1,100.00",700.00,Rs./Quintal,30-08-2026
Maharashtra,Ahilyanagar,APMC Rahata ,Vegetables,Tomato,Other,Local,300.00,"1,000.00",650.00,Rs./Quintal,29-08-2026
Maharashtra,Ahilyanagar,APMC Rahata ,Vegetables,Tomato,Other,Local,500.00,"1,000.00",750.00,Rs./Quintal,28-08-2026
Maharashtra,Ahilyanagar,APMC Rahata ,Vegetables,Tomato,Other,Local,300.00,"1,000.00",650.00,Rs./Quintal,27-08-2026
Maharashtra,Ahilyanagar,APMC Rahata ,Vegetables,Tomato,Other,Local,300.00,"1,700.00","1,000.00",Rs./Quintal,26-08-2026
Maharashtra,Ahilyanagar,APMC Rahata ,Vegetables,Tomato,Other,Local,500.00,"1,000.00",750.00,Rs./Quintal,25-08-2026
Maharashtra,Ahilyanagar,APMC Rahata ,Vegetables,Tomato,Other,Local,500.00,"1,250.00",875.00,Rs./Quintal,23-08-2026
Maharashtra,Ahilyanagar,APMC Rahata ,Vegetables,Tomato,Other,Local,500.00,"1,000.00",750.00,Rs./Quintal,22-08-2026
Maharashtra,Ahilyanagar,APMC Rahata ,Vegetables,Tomato,Other,Local,500.00,"1,000.00",750.00,Rs./Quintal,21-08-2026
Maharashtra,Ahilyanagar,APMC Rahata ,Vegetables,Tomato,Other,Local,500.00,"1,250.00",870.00,Rs./Quintal,20-08-2026
Maharashtra,Ahilyanagar,APMC Rahata ,Vegetables,Tomato,Other,Local,500.00,"1,500.00","1,000.00",Rs./Quintal,19-08-2026
Maharashtra,Ahilyanagar,APMC Rahata ,Vegetables,Tomato,Other,Local,500.00,"2,000.00","1,250.00",Rs./Quintal,18-08-2026
Maharashtra,Ahilyanagar,APMC Rahata ,Vegetables,Tomato,Other,Local,500.00,"2,000.00","1,250.00",Rs./Quintal,16-08-2026
Maharashtra,Ahilyanagar,APMC Rahata ,Vegetables,Tomato,Other,Local,500.00,"1,500.00",750.00,Rs./Quintal,15-08-2026
Maharashtra,Ahilyanagar,APMC Rahata ,Vegetables,Tomato,Other,Local,500.00,"2,000.00","1,250.00",Rs./Quintal,14-08-2026
Maharashtra,Ahilyanagar,APMC Rahata ,Vegetables,Tomato,Other,Local,500.00,"1,500.00","1,000.00",Rs./Quintal,13-08-2026
Maharashtra,Ahilyanagar,APMC Rahata ,Vegetables,Tomato,Other,Local,"1,000.00","1,500.00","1,250.00",Rs./Quintal,12-08-2026
Maharashtra,Ahilyanagar,APMC Rahata ,Vegetables,Tomato,Other,Local,500.00,"1,500.00","1,000.00",Rs./Quintal,11-08-2026
Maharashtra,Ahilyanagar,APMC Rahata ,Vegetables,Tomato,Other,Local,500.00,"1,500.00","1,000.00",Rs./Quintal,09-08-2026
Maharashtra,Ahilyanagar,APMC Rahata ,Vegetables,Tomato,Other,Local,500.00,"1,750.00","1,150.00",Rs./Quintal,08-08-2026
Maharashtra,Ahilyanagar,APMC Rahata ,Vegetables,Tomato,Other,Local,500.00,"2,500.00","1,500.00",Rs./Quintal,07-08-2026
Maharashtra,Ahilyanagar,APMC Rahata ,Vegetables,Tomato,Other,Local,500.00,"2,500.00","1,500.00",Rs./Quintal,06-08-2026
Maharashtra,Ahilyanagar,APMC Rahata ,Vegetables,Tomato,Other,Local,500.00,"2,000.00","1,250.00",Rs./Quintal,05-08-2026
Maharashtra,Ahilyanagar,APMC Rahata ,Vegetables,Tomato,Other,Local,500.00,"2,500.00","1,500.00",Rs./Quintal,04-08-2026
Maharashtra,Ahilyanagar,APMC Rahata ,Vegetables,Tomato,Other,Local,500.00,"2,500.00","1,500.00",Rs./Quintal,02-08-2026
Maharashtra,Ahilyanagar,APMC Rahata ,Vegetables,Tomato,Other,Local,"1,000.00","3,000.00","2,000.00",Rs./Quintal,01-08-2026
Maharashtra,Ahilyanagar,APMC Rahata ,Vegetables,Tomato,Other,Local,"1,000.00","2,000.00","1,500.00",Rs./Quintal,31-07-2026
Maharashtra,Ahilyanagar,APMC Rahata ,Vegetables,Tomato,Other,Local,500.00,"3,000.00","1,750.00",Rs./Quintal,28-07-2026
Maharashtra,Ahilyanagar,APMC Rahata ,Vegetables,Tomato,Other,Local,500.00,"4,000.00","2,250.00",Rs./Quintal,26-07-2026
Maharashtra,Ahilyanagar,APMC Rahata ,Vegetables,Tomato,Other,Local,"1,500.00","2,000.00","1,750.00",Rs./Quintal,24-07-2026
Maharashtra,Ahilyanagar,APMC Rahata ,Vegetables,Tomato,Other,Local,500.00,"2,750.00","1,625.00",Rs./Quintal,23-07-2026
Maharashtra,Ahilyanagar,APMC Rahata ,Vegetables,Tomato,Other,Local,500.00,"2,250.00","1,375.00",Rs./Quintal,22-07-2026
Maharashtra,Ahilyanagar,APMC Rahata ,Vegetables,Tomato,Other,Local,500.00,"2,750.00","1,625.00",Rs./Quintal,21-07-2026
Maharashtra,Ahilyanagar,APMC Rahata ,Vegetables,Tomato,Other,Local,500.00,"2,500.00","1,500.00",Rs./Quintal,19-07-2026
Maharashtra,Ahilyanagar,APMC Rahata ,Vegetables,Tomato,Other,Local,"1,500.00","2,500.00","2,000.00",Rs./Quintal,17-07-2026
Maharashtra,Ahilyanagar,APMC Rahata ,Vegetables,Tomato,Other,Local,"1,000.00","3,500.00","2,250.00",Rs./Quintal,16-07-2026
Maharashtra,Ahilyanagar,APMC Rahata ,Vegetables,Tomato,Other,Local,"1,000.00","2,500.00","1,750.00",Rs./Quintal,15-07-2026
Maharashtra,Ahilyanagar,APMC Rahata ,Vegetables,Tomato,Other,Local,500.00,"2,500.00","1,500.00",Rs./Quintal,14-07-2026
Maharashtra,Ahilyanagar,APMC Rahata ,Vegetables,Tomato,Other,Local,500.00,"3,100.00","1,800.00",Rs./Quintal,12-07-2026
Maharashtra,Ahilyanagar,APMC Rahata ,Vegetables,Tomato,Other,Local,500.00,"4,000.00","2,250.00",Rs./Quintal,10-07-2026
Maharashtra,Ahilyanagar,APMC Rahata ,Vegetables,Tomato,Other,Local,"1,000.00","3,500.00","2,250.00",Rs./Quintal,09-07-2026
Maharashtra,Ahilyanagar,APMC Rahata ,Vegetables,Tomato,Other,Local,700.00,"3,250.00","1,975.00",Rs./Quintal,08-07-2026
Maharashtra,Ahilyanagar,APMC Rahata ,Vegetables,Tomato,Other,Local,500.00,"3,000.00","1,750.00",Rs./Quintal,07-07-2026
Maharashtra,Ahilyanagar,APMC Rahata ,Vegetables,Tomato,Other,Local,500.00,"3,750.00","2,125.00",Rs./Quintal,05-07-2026
Maharashtra,Ahilyanagar,APMC Rahata ,Vegetables,Tomato,Other,Local,500.00,"3,000.00","1,750.00",Rs./Quintal,04-07-2026
Maharashtra,Ahilyanagar,APMC Rahata ,Vegetables,Tomato,Other,Local,"1,000.00","1,500.00","1,250.00",Rs./Quintal,03-07-2026
Maharashtra,Ahilyanagar,APMC Rahata ,Vegetables,Tomato,Other,Local,"1,000.00","3,500.00","2,250.00",Rs./Quintal,02-07-2026
Maharashtra,Ahilyanagar,APMC Rahata ,Vegetables,Tomato,Other,Local,"1,000.00","2,000.00","1,500.00",Rs./Quintal,01-07-2026
Maharashtra,Ahilyanagar,APMC Rahata ,Vegetables,Tomato,Other,Local,500.00,"3,000.00","1,750.00",Rs./Quintal,30-06-2026
Maharashtra,Ahilyanagar,APMC Rahata ,Vegetables,Tomato,Other,Local,500.00,"2,500.00","1,500.00",Rs./Quintal,28-06-2026
Maharashtra,Ahilyanagar,APMC Rahata ,Vegetables,Tomato,Other,Local,500.00,"3,000.00","1,750.00",Rs./Quintal,27-06-2026
Maharashtra,Ahilyanagar,APMC Rahata ,Vegetables,Tomato,Other,Local,500.00,"2,500.00","1,500.00",Rs./Quintal,26-06-2026
Maharashtra,Ahilyanagar,APMC Rahata ,Vegetables,Tomato,Other,Local,"1,000.00","3,500.00","2,250.00",Rs./Quintal,25-06-2026
Maharashtra,Ahilyanagar,APMC Rahata ,Vegetables,Tomato,Other,Local,500.00,"3,500.00","2,000.00",Rs./Quintal,24-06-2026
Maharashtra,Ahilyanagar,APMC Rahata ,Vegetables,Tomato,Other,Local,500.00,"4,000.00","2,250.00",Rs./Quintal,23-06-2026
Maharashtra,Ahilyanagar,APMC Rahata ,Vegetables,Tomato,Other,Local,500.00,"4,000.00","2,250.00",Rs./Quintal,21-06-2026
Maharashtra,Ahilyanagar,APMC Rahata ,Vegetables,Tomato,Other,Local,"1,000.00","3,500.00","2,250.00",Rs./Quintal,20-06-2026
Maharashtra,Ahilyanagar,APMC Rahata ,Vegetables,Tomato,Other,Local,"1,000.00","3,000.00","2,000.00",Rs./Quintal,19-06-2026
Maharashtra,Ahilyanagar,APMC Rahata ,Vegetables,Tomato,Other,Local,500.00,"3,750.00","2,125.00",Rs./Quintal,18-06-2026
Maharashtra,Ahilyanagar,APMC Rahata ,Vegetables,Tomato,Other,Local,500.00,"3,250.00","1,800.00",Rs./Quintal,17-06-2026
Maharashtra,Ahilyanagar,APMC Rahata ,Vegetables,Tomato,Other,Local,500.00,"3,500.00","2,000.00",Rs./Quintal,14-06-2026
Maharashtra,Ahilyanagar,APMC Rahata ,Vegetables,Tomato,Other,Local,"1,000.00","3,750.00","2,375.00",Rs./Quintal,12-06-2026
Maharashtra,Ahilyanagar,APMC Rahata ,Vegetables,Tomato,Other,Local,500.00,"3,250.00","1,875.00",Rs./Quintal,11-06-2026
Maharashtra,Ahilyanagar,APMC Rahata ,Vegetables,Tomato,Other,Local,"1,000.00","3,000.00","2,000.00",Rs./Quintal,07-06-2026
Maharashtra,Ahilyanagar,APMC Rahata ,Vegetables,Tomato,Other,Local,"1,000.00","3,000.00","2,000.00",Rs./Quintal,06-06-2026
Maharashtra,Ahilyanagar,APMC Rahata ,Vegetables,Tomato,Other,Local,"1,000.00","3,000.00","2,000.00",Rs./Quintal,05-06-2026
Maharashtra,Ahilyanagar,APMC Rahata ,Vegetables,Tomato,Other,Local,"1,000.00","3,250.00","2,125.00",Rs./Quintal,04-06-2026
Maharashtra,Ahilyanagar,APMC Rahata ,Vegetables,Tomato,Other,Local,500.00,"2,000.00","1,250.00",Rs./Quintal,31-05-2026
Maharashtra,Ahilyanagar,APMC Rahata ,Vegetables,Tomato,Other,Local,"1,000.00","2,500.00","1,750.00",Rs./Quintal,30-05-2026
Maharashtra,Ahilyanagar,APMC Rahata ,Vegetables,Tomato,Other,Local,"1,000.00","2,500.00","1,750.00",Rs./Quintal,29-05-2026
Maharashtra,Ahilyanagar,APMC Rahata ,Vegetables,Tomato,Other,Local,500.00,"2,500.00","1,500.00",Rs./Quintal,24-05-2026
Maharashtra,Ahilyanagar,APMC Rahata ,Vegetables,Tomato,Other,Local,"1,200.00","2,250.00","1,725.00",Rs./Quintal,23-05-2026
Maharashtra,Ahilyanagar,APMC Rahata ,Vegetables,Tomato,Other,Local,500.00,"2,000.00","1,250.00",Rs./Quintal,22-05-2026
Maharashtra,Ahilyanagar,APMC Rahata ,Vegetables,Tomato,Other,Local,500.00,"3,000.00","1,800.00",Rs./Quintal,21-05-2026
Maharashtra,Ahilyanagar,APMC Rahata ,Vegetables,Tomato,Other,Local,500.00,"2,500.00","1,500.00",Rs./Quintal,17-05-2026
Maharashtra,Ahilyanagar,APMC Rahata ,Vegetables,Tomato,Other,Local,500.00,"2,500.00","1,500.00",Rs./Quintal,16-05-2026
Maharashtra,Ahilyanagar,APMC Rahata ,Vegetables,Tomato,Other,Local,500.00,"2,000.00","1,250.00",Rs./Quintal,15-05-2026
Maharashtra,Ahilyanagar,APMC Rahata ,Vegetables,Tomato,Other,Local,500.00,"2,000.00","1,250.00",Rs./Quintal,14-05-2026
Maharashtra,Ahilyanagar,APMC Rahata ,Vegetables,Tomato,Other,Local,"1,000.00","2,000.00","1,500.00",Rs./Quintal,13-05-2026
Maharashtra,Ahilyanagar,APMC Rahata ,Vegetables,Tomato,Other,Local,500.00,"2,000.00","1,250.00",Rs./Quintal,12-05-2026
Maharashtra,Ahilyanagar,APMC Rahata ,Vegetables,Tomato,Other,Local,500.00,"2,250.00","1,400.00",Rs./Quintal,10-05-2026
Maharashtra,Ahilyanagar,APMC Rahata ,Vegetables,Tomato,Other,Local,500.00,"2,000.00","1,250.00",Rs./Quintal,09-05-2026
Maharashtra,Ahilyanagar,APMC Rahata ,Vegetables,Tomato,Other,Local,500.00,"1,500.00","1,000.00",Rs./Quintal,08-05-2026
Maharashtra,Ahilyanagar,APMC Rahata ,Vegetables,Tomato,Other,Local,350.00,"1,500.00",900.00,Rs./Quintal,07-05-2026
Maharashtra,Ahilyanagar,APMC Rahata ,Vegetables,Tomato,Other,Local,300.00,"2,000.00","1,200.00",Rs./Quintal,03-05-2026
Maharashtra,Ahilyanagar,APMC Rahata ,Vegetables,Tomato,Other,Local,500.00,"2,250.00","1,400.00",Rs./Quintal,01-05-2026
Maharashtra,Ahilyanagar,APMC Rahata ,Vegetables,Tomato,Other,Local,500.00,"1,250.00",900.00,Rs./Quintal,26-04-2026
Maharashtra,Ahilyanagar,APMC Rahata ,Vegetables,Tomato,Other,Local,500.00,"1,000.00",750.00,Rs./Quintal,25-04-2026
Maharashtra,Ahilyanagar,APMC Rahata ,Vegetables,Tomato,Other,Local,500.00,"1,000.00",750.00,Rs./Quintal,24-04-2026
Maharashtra,Ahilyanagar,APMC Rahata ,Vegetables,Tomato,Other,Local,300.00,"1,500.00",900.00,Rs./Quintal,19-04-2026
Maharashtra,Ahilyanagar,APMC Rahata ,Vegetables,Tomato,Other,Local,500.00,"1,250.00",875.00,Rs./Quintal,17-04-2026
Maharashtra,Ahilyanagar,APMC Rahata ,Vegetables,Tomato,Other,Local,300.00,"1,250.00",800.00,Rs./Quintal,16-04-2026
Maharashtra,Ahilyanagar,APMC Rahata ,Vegetables,Tomato,Other,Local,250.00,"1,000.00",600.00,Rs./Quintal,14-04-2026
Maharashtra,Ahilyanagar,APMC Rahata ,Vegetables,Tomato,Other,Local,500.00,"1,000.00",800.00,Rs./Quintal,12-04-2026
Maharashtra,Ahilyanagar,APMC Rahata ,Vegetables,Tomato,Other,Local,500.00,"1,000.00",750.00,Rs./Quintal,11-04-2026
Maharashtra,Ahilyanagar,APMC Rahata ,Vegetables,Tomato,Other,Local,500.00,"1,000.00",750.00,Rs./Quintal,10-04-2026
Maharashtra,Ahilyanagar,APMC Rahata ,Vegetables,Tomato,Other,Local,250.00,"1,050.00",650.00,Rs./Quintal,09-04-2026
Maharashtra,Ahilyanagar,APMC Rahata ,Vegetables,Tomato,Other,Local,500.00,600.00,550.00,Rs./Quintal,08-04-2026
Maharashtra,Ahilyanagar,APMC Rahata ,Vegetables,Tomato,Other,Local,250.00,"1,250.00",800.00,Rs./Quintal,05-04-2026
Maharashtra,Ahilyanagar,APMC Rahata ,Vegetables,Tomato,Other,Local,500.00,"1,000.00",750.00,Rs./Quintal,04-04-2026
Maharashtra,Ahilyanagar,APMC Rahata ,Vegetables,Tomato,Other,Local,500.00,700.00,600.00,Rs./Quintal,03-04-2026
Maharashtra,Ahilyanagar,APMC Rahata ,Vegetables,Tomato,Other,Local,250.00,"1,000.00",600.00,Rs./Quintal,02-04-2026
Maharashtra,Ahilyanagar,APMC Rahata ,Vegetables,Tomato,Other,Local,250.00,"1,000.00",650.00,Rs./Quintal,01-04-2026
Maharashtra,Ahilyanagar,APMC Rahata ,Vegetables,Tomato,Other,Local,400.00,"1,000.00",700.00,Rs./Quintal,29-03-2026
Maharashtra,Ahilyanagar,APMC Rahata ,Vegetables,Tomato,Other,Local,500.00,"1,000.00",750.00,Rs./Quintal,27-03-2026
Maharashtra,Ahilyanagar,APMC Rahata ,Vegetables,Tomato,Other,Local,500.00,"1,250.00",900.00,Rs./Quintal,26-03-2026
Maharashtra,Ahilyanagar,APMC Rahata ,Vegetables,Tomato,Other,Local,250.00,"1,250.00",800.00,Rs./Quintal,24-03-2026
Maharashtra,Ahilyanagar,APMC Rahata ,Vegetables,Tomato,Other,Local,300.00,"1,250.00",800.00,Rs./Quintal,22-03-2026
Maharashtra,Ahilyanagar,APMC Rahata ,Vegetables,Tomato,Other,Local,300.00,"1,500.00",900.00,Rs./Quintal,19-03-2026
Maharashtra,Ahilyanagar,APMC Rahata ,Vegetables,Tomato,Other,Local,250.00,"1,500.00",850.00,Rs./Quintal,17-03-2026
Maharashtra,Ahilyanagar,APMC Rahata ,Vegetables,Tomato,Other,Local,250.00,"1,500.00",900.00,Rs./Quintal,15-03-2026
Maharashtra,Ahilyanagar,APMC Rahata ,Vegetables,Tomato,Other,Local,500.00,"1,250.00",875.00,Rs./Quintal,14-03-2026
Maharashtra,Ahilyanagar,APMC Rahata ,Vegetables,Tomato,Other,Local,500.00,"1,250.00",875.00,Rs./Quintal,13-03-2026
Maharashtra,Ahilyanagar,APMC Rahata ,Vegetables,Tomato,Other,Local,500.00,"1,500.00","1,000.00",Rs./Quintal,12-03-2026
Maharashtra,Ahilyanagar,APMC Rahata ,Vegetables,Tomato,Other,Local,500.00,"1,250.00",800.00,Rs./Quintal,08-03-2026
Maharashtra,Ahilyanagar,APMC Rahata ,Vegetables,Tomato,Other,Local,375.00,750.00,550.00,Rs./Quintal,06-03-2026
Maharashtra,Ahilyanagar,APMC Rahata ,Vegetables,Tomato,Other,Local,500.00,"1,000.00",750.00,Rs./Quintal,04-03-2026
Maharashtra,Ahilyanagar,APMC Rahata ,Vegetables,Tomato,Other,Local,500.00,"1,250.00",800.00,Rs./Quintal,01-03-2026
Maharashtra,Ahilyanagar,APMC Rahata ,Vegetables,Tomato,Other,Local,500.00,"1,250.00",875.00,Rs./Quintal,28-02-2026
Maharashtra,Ahilyanagar,APMC Rahata ,Vegetables,Tomato,Other,Local,300.00,700.00,500.00,Rs./Quintal,27-02-2026
Maharashtra,Ahilyanagar,APMC Rahata ,Vegetables,Tomato,Other,Local,500.00,"1,000.00",750.00,Rs./Quintal,26-02-2026
Maharashtra,Ahilyanagar,APMC Rahata ,Vegetables,Tomato,Other,Local,300.00,"1,000.00",600.00,Rs./Quintal,22-02-2026
Maharashtra,Ahilyanagar,APMC Rahata ,Vegetables,Tomato,Other,Local,250.00,"1,000.00",650.00,Rs./Quintal,21-02-2026
Maharashtra,Ahilyanagar,APMC Rahata ,Vegetables,Tomato,Other,Local,500.00,750.00,625.00,Rs./Quintal,20-02-2026
Maharashtra,Ahilyanagar,APMC Rahata ,Vegetables,Tomato,Other,Local,250.00,"1,000.00",650.00,Rs./Quintal,19-02-2026
Maharashtra,Ahilyanagar,APMC Rahata ,Vegetables,Tomato,Other,Local,500.00,"1,500.00","1,000.00",Rs./Quintal,18-02-2026
Maharashtra,Ahilyanagar,APMC Rahata ,Vegetables,Tomato,Other,Local,500.00,"1,500.00","1,000.00",Rs./Quintal,17-02-2026
Maharashtra,Ahilyanagar,APMC Rahata ,Vegetables,Tomato,Other,Local,400.00,"1,000.00",700.00,Rs./Quintal,15-02-2026
Maharashtra,Ahilyanagar,APMC Rahata ,Vegetables,Tomato,Other,Local,500.00,"1,000.00",750.00,Rs./Quintal,14-02-2026
Maharashtra,Ahilyanagar,APMC Rahata ,Vegetables,Tomato,Other,Local,350.00,"1,000.00",675.00,Rs./Quintal,13-02-2026
Maharashtra,Ahilyanagar,APMC Rahata ,Vegetables,Tomato,Other,Local,500.00,"1,000.00",750.00,Rs./Quintal,12-02-2026
Maharashtra,Ahilyanagar,APMC Rahata ,Vegetables,Tomato,Other,Local,500.00,"1,000.00",800.00,Rs./Quintal,11-02-2026
Maharashtra,Ahilyanagar,APMC Rahata ,Vegetables,Tomato,Other,Local,250.00,"1,500.00",875.00,Rs./Quintal,10-02-2026
Maharashtra,Ahilyanagar,APMC Rahata ,Vegetables,Tomato,Other,Local,250.00,"1,000.00",700.00,Rs./Quintal,08-02-2026
Maharashtra,Ahilyanagar,APMC Rahata ,Vegetables,Tomato,Other,Local,300.00,"1,000.00",650.00,Rs./Quintal,06-02-2026
Maharashtra,Ahilyanagar,APMC Rahata ,Vegetables,Tomato,Other,Local,250.00,"1,500.00",800.00,Rs./Quintal,05-02-2026
Maharashtra,Ahilyanagar,APMC Rahata ,Vegetables,Tomato,Other,Local,500.00,"1,000.00",800.00,Rs./Quintal,04-02-2026
Maharashtra,Ahilyanagar,APMC Rahata ,Vegetables,Tomato,Other,Local,500.00,"1,500.00","1,000.00",Rs./Quintal,03-02-2026
Maharashtra,Ahilyanagar,APMC Rahata ,Vegetables,Tomato,Other,Local,250.00,"1,500.00",900.00,Rs./Quintal,01-02-2026
Maharashtra,Ahilyanagar,APMC Rahata ,Vegetables,Tomato,Other,Local,500.00,"1,500.00","1,000.00",Rs./Quintal,31-01-2026
Maharashtra,Ahilyanagar,APMC Rahata ,Vegetables,Tomato,Other,Local,500.00,"1,500.00","1,000.00",Rs./Quintal,30-01-2026
Maharashtra,Ahilyanagar,APMC Rahata ,Vegetables,Tomato,Other,Local,500.00,"1,250.00",800.00,Rs./Quintal,28-01-2026
Maharashtra,Ahilyanagar,APMC Rahata ,Vegetables,Tomato,Other,Local,500.00,"1,500.00","1,000.00",Rs./Quintal,27-01-2026
Maharashtra,Ahilyanagar,APMC Rahata ,Vegetables,Tomato,Other,Local,500.00,"2,500.00","1,500.00",Rs./Quintal,24-01-2026
Maharashtra,Ahilyanagar,APMC Rahata ,Vegetables,Tomato,Other,Local,500.00,"1,500.00","1,000.00",Rs./Quintal,23-01-2026
Maharashtra,Ahilyanagar,APMC Rahata ,Vegetables,Tomato,Other,Local,500.00,"2,250.00","1,375.00",Rs./Quintal,22-01-2026
Maharashtra,Ahilyanagar,APMC Rahata ,Vegetables,Tomato,Other,Local,500.00,"1,500.00","1,000.00",Rs./Quintal,21-01-2026
Maharashtra,Ahilyanagar,APMC Rahata ,Vegetables,Tomato,Other,Local,500.00,"2,000.00","1,250.00",Rs./Quintal,20-01-2026
Maharashtra,Ahilyanagar,APMC Rahata ,Vegetables,Tomato,Other,Local,"1,000.00","2,500.00","1,750.00",Rs./Quintal,17-01-2026
Maharashtra,Ahilyanagar,APMC Rahata ,Vegetables,Tomato,Other,Local,"1,000.00","2,600.00","1,800.00",Rs./Quintal,16-01-2026
Maharashtra,Ahilyanagar,APMC Rahata ,Vegetables,Tomato,Other,Local,500.00,"3,000.00","1,750.00",Rs./Quintal,15-01-2026
Maharashtra,Ahilyanagar,APMC Rahata ,Vegetables,Tomato,Other,Local,"1,000.00","2,750.00","1,875.00",Rs./Quintal,14-01-2026
Maharashtra,Ahilyanagar,APMC Rahata ,Vegetables,Tomato,Other,Local,500.00,"3,000.00","1,750.00",Rs./Quintal,13-01-2026
Maharashtra,Ahilyanagar,APMC Rahata ,Vegetables,Tomato,Other,Local,"1,000.00","3,200.00","2,100.00",Rs./Quintal,09-01-2026
Maharashtra,Ahilyanagar,APMC Rahata ,Vegetables,Tomato,Other,Local,"1,000.00","2,500.00","1,500.00",Rs./Quintal,07-01-2026
Maharashtra,Ahilyanagar,APMC Rahata ,Vegetables,Tomato,Other,Local,"1,000.00","3,000.00","2,000.00",Rs./Quintal,06-01-2026
Maharashtra,Ahilyanagar,APMC Rahuri ,Vegetables,Tomato,Other,Local,500.00,"1,000.00",750.00,Rs./Quintal,03-09-2026
Maharashtra,Ahilyanagar,APMC Rahuri ,Vegetables,Tomato,Other,Local,500.00,"1,000.00",750.00,Rs./Quintal,02-09-2026
Maharashtra,Ahilyanagar,APMC Rahuri ,Vegetables,Tomato,Other,Local,500.00,"1,000.00",750.00,Rs./Quintal,31-08-2026
Maharashtra,Ahilyanagar,APMC Rahuri ,Vegetables,Tomato,Other,Local,500.00,"1,500.00","1,000.00",Rs./Quintal,30-08-2026
Maharashtra,Ahilyanagar,APMC Rahuri ,Vegetables,Tomato,Other,Local,"1,500.00","2,000.00","1,750.00",Rs./Quintal,27-08-2026
Maharashtra,Ahilyanagar,APMC Rahuri ,Vegetables,Tomato,Other,Local,500.00,"1,500.00","1,000.00",Rs./Quintal,26-08-2026
Maharashtra,Ahilyanagar,APMC Rahuri ,Vegetables,Tomato,Other,Local,500.00,"1,500.00","1,000.00",Rs./Quintal,25-08-2026
Maharashtra,Ahilyanagar,APMC Rahuri ,Vegetables,Tomato,Other,Local,500.00,"1,000.00",750.00,Rs./Quintal,24-08-2026
Maharashtra,Ahilyanagar,APMC Rahuri ,Vegetables,Tomato,Other,Local,"1,000.00","2,500.00","1,750.00",Rs./Quintal,20-08-2026
Maharashtra,Ahilyanagar,APMC Rahuri ,Vegetables,Tomato,Other,Local,700.00,"1,800.00","1,250.00",Rs./Quintal,19-08-2026
Maharashtra,Ahilyanagar,APMC Rahuri ,Vegetables,Tomato,Other,Local,500.00,"1,800.00","1,150.00",Rs./Quintal,18-08-2026
Maharashtra,Ahilyanagar,APMC Rahuri ,Vegetables,Tomato,Other,Local,500.00,"1,800.00","1,150.00",Rs./Quintal,16-08-2026
Maharashtra,Ahilyanagar,APMC Rahuri ,Vegetables,Tomato,Other,Local,700.00,"1,500.00","1,100.00",Rs./Quintal,13-08-2026
Maharashtra,Ahilyanagar,APMC Rahuri ,Vegetables,Tomato,Other,Local,500.00,"1,800.00","1,150.00",Rs./Quintal,12-08-2026
Maharashtra,Ahilyanagar,APMC Rahuri ,Vegetables,Tomato,Other,Local,500.00,"1,500.00","1,000.00",Rs./Quintal,11-08-2026
Maharashtra,Ahilyanagar,APMC Rahuri ,Vegetables,Tomato,Other,Local,500.00,"1,800.00","1,150.00",Rs./Quintal,10-08-2026
Maharashtra,Ahilyanagar,APMC Rahuri ,Vegetables,Tomato,Other,Local,500.00,"2,000.00","1,250.00",Rs./Quintal,09-08-2026
Maharashtra,Ahilyanagar,APMC Rahuri ,Vegetables,Tomato,Other,Local,"1,000.00","2,500.00","1,750.00",Rs./Quintal,08-08-2026
Maharashtra,Ahilyanagar,APMC Rahuri ,Vegetables,Tomato,Other,Local,"1,000.00","2,000.00","1,500.00",Rs./Quintal,07-08-2026
Maharashtra,Ahilyanagar,APMC Rahuri ,Vegetables,Tomato,Other,Local,"1,500.00","5,000.00","3,250.00",Rs./Quintal,06-08-2026
Maharashtra,Ahilyanagar,APMC Rahuri ,Vegetables,Tomato,Other,Local,500.00,"2,000.00","1,250.00",Rs./Quintal,05-08-2026
Maharashtra,Ahilyanagar,APMC Rahuri ,Vegetables,Tomato,Other,Local,"1,500.00","5,000.00","3,250.00",Rs./Quintal,04-08-2026
Maharashtra,Ahilyanagar,APMC Rahuri ,Vegetables,Tomato,Other,Local,500.00,"1,500.00","1,000.00",Rs./Quintal,03-08-2026
Maharashtra,Ahilyanagar,APMC Rahuri ,Vegetables,Tomato,Other,Local,500.00,"2,600.00","1,550.00",Rs./Quintal,02-08-2026
Maharashtra,Ahilyanagar,APMC Rahuri ,Vegetables,Tomato,Other,Local,"1,000.00","2,000.00","1,500.00",Rs./Quintal,01-08-2026
Maharashtra,Ahilyanagar,APMC Rahuri ,Vegetables,Tomato,Other,Local,"1,500.00","2,000.00","1,750.00",Rs./Quintal,31-07-2026
Maharashtra,Ahilyanagar,APMC Rahuri ,Vegetables,Tomato,Other,Local,"1,000.00","3,000.00","2,000.00",Rs./Quintal,30-07-2026
Maharashtra,Ahilyanagar,APMC Rahuri ,Vegetables,Tomato,Other,Local,"1,500.00","2,000.00","1,750.00",Rs./Quintal,29-07-2026
Maharashtra,Ahilyanagar,APMC Rahuri ,Vegetables,Tomato,Other,Local,"1,000.00","4,000.00","2,500.00",Rs./Quintal,28-07-2026
Maharashtra,Ahilyanagar,APMC Rahuri ,Vegetables,Tomato,Other,Local,"1,000.00","2,000.00","1,500.00",Rs./Quintal,27-07-2026
Maharashtra,Ahilyanagar,APMC Rahuri ,Vegetables,Tomato,Other,Local,"1,000.00","2,200.00","1,600.00",Rs./Quintal,26-07-2026
Maharashtra,Ahilyanagar,APMC Rahuri ,Vegetables,Tomato,Other,Local,"1,000.00","2,000.00","1,500.00",Rs./Quintal,25-07-2026
Maharashtra,Ahilyanagar,APMC Rahuri ,Vegetables,Tomato,Other,Local,500.00,"1,500.00","1,000.00",Rs./Quintal,24-07-2026
Maharashtra,Ahilyanagar,APMC Rahuri ,Vegetables,Tomato,Other,Local,"1,000.00","2,000.00","1,500.00",Rs./Quintal,23-07-2026
Maharashtra,Ahilyanagar,APMC Rahuri ,Vegetables,Tomato,Other,Local,500.00,"1,500.00","1,000.00",Rs./Quintal,22-07-2026
Maharashtra,Ahilyanagar,APMC Rahuri ,Vegetables,Tomato,Other,Local,"1,000.00","2,200.00","1,600.00",Rs./Quintal,21-07-2026
Maharashtra,Ahilyanagar,APMC Rahuri ,Vegetables,Tomato,Other,Local,"1,000.00","3,000.00","2,000.00",Rs./Quintal,20-07-2026
Maharashtra,Ahilyanagar,APMC Rahuri ,Vegetables,Tomato,Other,Local,"1,000.00","2,500.00","1,750.00",Rs./Quintal,19-07-2026
Maharashtra,Ahilyanagar,APMC Rahuri ,Vegetables,Tomato,Other,Local,"1,000.00","2,000.00","1,500.00",Rs./Quintal,18-07-2026
Maharashtra,Ahilyanagar,APMC Rahuri ,Vegetables,Tomato,Other,Local,500.00,"1,000.00",750.00,Rs./Quintal,17-07-2026
Maharashtra,Ahilyanagar,APMC Rahuri ,Vegetables,Tomato,Other,Local,500.00,"1,500.00","1,000.00",Rs./Quintal,16-07-2026
Maharashtra,Ahilyanagar,APMC Rahuri ,Vegetables,Tomato,Other,Local,500.00,"3,000.00","1,750.00",Rs./Quintal,15-07-2026
Maharashtra,Ahilyanagar,APMC Rahuri ,Vegetables,Tomato,Other,Local,"1,000.00","3,000.00","2,000.00",Rs./Quintal,14-07-2026
Maharashtra,Ahilyanagar,APMC Rahuri ,Vegetables,Tomato,Other,Local,500.00,"1,500.00","1,000.00",Rs./Quintal,13-07-2026
Maharashtra,Ahilyanagar,APMC Rahuri ,Vegetables,Tomato,Other,Local,500.00,"3,000.00","1,750.00",Rs./Quintal,12-07-2026
Maharashtra,Ahilyanagar,APMC Rahuri ,Vegetables,Tomato,Other,Local,500.00,"2,500.00","1,500.00",Rs./Quintal,11-07-2026
Maharashtra,Ahilyanagar,APMC Rahuri ,Vegetables,Tomato,Other,Local,500.00,"1,500.00","1,000.00",Rs./Quintal,09-07-2026
Maharashtra,Ahilyanagar,APMC Rahuri ,Vegetables,Tomato,Other,Local,"1,000.00","3,000.00","2,000.00",Rs./Quintal,08-07-2026
Maharashtra,Ahilyanagar,APMC Rahuri ,Vegetables,Tomato,Other,Local,700.00,"1,500.00","1,100.00",Rs./Quintal,02-07-2026
Maharashtra,Ahilyanagar,APMC Rahuri ,Vegetables,Tomato,Other,Local,"1,000.00","1,500.00","1,250.00",Rs./Quintal,01-07-2026
Maharashtra,Ahilyanagar,APMC Rahuri ,Vegetables,Tomato,Other,Local,500.00,"1,500.00","1,000.00",Rs./Quintal,30-06-2026
Maharashtra,Ahilyanagar,APMC Rahuri ,Vegetables,Tomato,Other,Local,500.00,"1,000.00",750.00,Rs./Quintal,29-06-2026
Maharashtra,Ahilyanagar,APMC Rahuri ,Vegetables,Tomato,Other,Local,500.00,"1,500.00","1,000.00",Rs./Quintal,25-06-2026
Maharashtra,Ahilyanagar,APMC Rahuri ,Vegetables,Tomato,Other,Local,500.00,"1,500.00","1,000.00",Rs./Quintal,24-06-2026
Maharashtra,Ahilyanagar,APMC Rahuri ,Vegetables,Tomato,Other,Local,500.00,"1,500.00","1,000.00",Rs./Quintal,23-06-2026
Maharashtra,Ahilyanagar,APMC Rahuri ,Vegetables,Tomato,Other,Local,500.00,"1,500.00","1,000.00",Rs./Quintal,22-06-2026
Maharashtra,Ahilyanagar,APMC Rahuri ,Vegetables,Tomato,Other,Local,500.00,"1,500.00","1,000.00",Rs./Quintal,18-06-2026
Maharashtra,Ahilyanagar,APMC Rahuri ,Vegetables,Tomato,Other,Local,500.00,"1,000.00",750.00,Rs./Quintal,17-06-2026
Maharashtra,Ahilyanagar,APMC Rahuri ,Vegetables,Tomato,Other,Local,500.00,"1,000.00",750.00,Rs./Quintal,13-06-2026
Maharashtra,Ahilyanagar,APMC Rahuri ,Vegetables,Tomato,Other,Local,500.00,"1,300.00",900.00,Rs./Quintal,12-06-2026
Maharashtra,Ahilyanagar,APMC Rahuri ,Vegetables,Tomato,Other,Local,500.00,"1,500.00","1,000.00",Rs./Quintal,11-06-2026
Maharashtra,Ahilyanagar,APMC Rahuri ,Vegetables,Tomato,Other,Local,500.00,"1,500.00","1,000.00",Rs./Quintal,10-06-2026
Maharashtra,Ahilyanagar,APMC Rahuri ,Vegetables,Tomato,Other,Local,500.00,"1,500.00","1,000.00",Rs./Quintal,09-06-2026
Maharashtra,Ahilyanagar,APMC Rahuri ,Vegetables,Tomato,Other,Local,500.00,"1,200.00",850.00,Rs./Quintal,08-06-2026
Maharashtra,Ahilyanagar,APMC Rahuri ,Vegetables,Tomato,Other,Local,500.00,"1,500.00","1,000.00",Rs./Quintal,07-06-2026
Maharashtra,Ahilyanagar,APMC Rahuri ,Vegetables,Tomato,Other,Local,"1,000.00","2,800.00","1,900.00",Rs./Quintal,06-06-2026
Maharashtra,Ahilyanagar,APMC Rahuri ,Vegetables,Tomato,Other,Local,"1,000.00","3,000.00","2,000.00",Rs./Quintal,04-06-2026
Maharashtra,Ahilyanagar,APMC Rahuri ,Vegetables,Tomato,Other,Local,"1,000.00","2,000.00","1,500.00",Rs./Quintal,03-06-2026
Maharashtra,Ahilyanagar,APMC Rahuri ,Vegetables,Tomato,Other,Local,800.00,"2,800.00","1,800.00",Rs./Quintal,02-06-2026
Maharashtra,Ahilyanagar,APMC Rahuri ,Vegetables,Tomato,Other,Local,500.00,"1,500.00","1,000.00",Rs./Quintal,01-06-2026
Maharashtra,Ahilyanagar,APMC Rahuri ,Vegetables,Tomato,Other,Local,500.00,"2,500.00","1,500.00",Rs./Quintal,31-05-2026
Maharashtra,Ahilyanagar,APMC Rahuri ,Vegetables,Tomato,Other,Local,"1,000.00","2,500.00","1,750.00",Rs./Quintal,30-05-2026
Maharashtra,Ahilyanagar,APMC Rahuri ,Vegetables,Tomato,Other,Local,500.00,"1,500.00","1,000.00",Rs./Quintal,29-05-2026
Maharashtra,Ahilyanagar,APMC Rahuri ,Vegetables,Tomato,Other,Local,800.00,"2,300.00","1,550.00",Rs./Quintal,28-05-2026
Maharashtra,Ahilyanagar,APMC Rahuri ,Vegetables,Tomato,Other,Local,500.00,"1,500.00","1,000.00",Rs./Quintal,26-05-2026
Maharashtra,Ahilyanagar,APMC Rahuri ,Vegetables,Tomato,Other,Local,500.00,"1,500.00","1,000.00",Rs./Quintal,25-05-2026
Maharashtra,Ahilyanagar,APMC Rahuri ,Vegetables,Tomato,Other,Local,"1,000.00","2,500.00","1,750.00",Rs./Quintal,24-05-2026
Maharashtra,Ahilyanagar,APMC Rahuri ,Vegetables,Tomato,Other,Local,"1,000.00","2,500.00","1,750.00",Rs./Quintal,23-05-2026
Maharashtra,Ahilyanagar,APMC Rahuri ,Vegetables,Tomato,Other,Local,600.00,"2,500.00","1,550.00",Rs./Quintal,21-05-2026
Maharashtra,Ahilyanagar,APMC Rahuri ,Vegetables,Tomato,Other,Local,500.00,"1,500.00","1,000.00",Rs./Quintal,20-05-2026
Maharashtra,Ahilyanagar,APMC Rahuri ,Vegetables,Tomato,Other,Local,"1,000.00","2,500.00","1,750.00",Rs./Quintal,19-05-2026
Maharashtra,Ahilyanagar,APMC Rahuri ,Vegetables,Tomato,Other,Local,500.00,"2,600.00","1,550.00",Rs./Quintal,18-05-2026
Maharashtra,Ahilyanagar,APMC Rahuri ,Vegetables,Tomato,Other,Local,"1,000.00","2,500.00","1,750.00",Rs./Quintal,17-05-2026
Maharashtra,Ahilyanagar,APMC Rahuri ,Vegetables,Tomato,Other,Local,500.00,"2,500.00","1,500.00",Rs./Quintal,16-05-2026
Maharashtra,Ahilyanagar,APMC Rahuri ,Vegetables,Tomato,Other,Local,"1,000.00","2,500.00","1,750.00",Rs./Quintal,14-05-2026
Maharashtra,Ahilyanagar,APMC Rahuri ,Vegetables,Tomato,Other,Local,"1,000.00","2,000.00","1,500.00",Rs./Quintal,12-05-2026
Maharashtra,Ahilyanagar,APMC Rahuri ,Vegetables,Tomato,Other,Local,500.00,"2,000.00","1,250.00",Rs./Quintal,11-05-2026
Maharashtra,Ahilyanagar,APMC Rahuri ,Vegetables,Tomato,Other,Local,800.00,"2,000.00","1,400.00",Rs./Quintal,10-05-2026
Maharashtra,Ahilyanagar,APMC Rahuri ,Vegetables,Tomato,Other,Local,"1,500.00","2,200.00","1,850.00",Rs./Quintal,09-05-2026
Maharashtra,Ahilyanagar,APMC Rahuri ,Vegetables,Tomato,Other,Local,800.00,"3,000.00","1,900.00",Rs./Quintal,07-05-2026
Maharashtra,Ahilyanagar,APMC Rahuri ,Vegetables,Tomato,Other,Local,600.00,"2,500.00","1,550.00",Rs./Quintal,06-05-2026
Maharashtra,Ahilyanagar,APMC Rahuri ,Vegetables,Tomato,Other,Local,500.00,"2,000.00","1,250.00",Rs./Quintal,05-05-2026
Maharashtra,Ahilyanagar,APMC Rahuri ,Vegetables,Tomato,Other,Local,"1,000.00","2,000.00","1,500.00",Rs./Quintal,04-05-2026
Maharashtra,Ahilyanagar,APMC Rahuri ,Vegetables,Tomato,Other,Local,500.00,"1,500.00","1,000.00",Rs./Quintal,30-04-2026
Maharashtra,Ahilyanagar,APMC Rahuri ,Vegetables,Tomato,Other,Local,500.00,"1,000.00",750.00,Rs./Quintal,28-04-2026
Maharashtra,Ahilyanagar,APMC Rahuri ,Vegetables,Tomato,Other,Local,400.00,"1,500.00",950.00,Rs./Quintal,27-04-2026
Maharashtra,Ahilyanagar,APMC Rahuri ,Vegetables,Tomato,Other,Local,200.00,"2,500.00","1,350.00",Rs./Quintal,26-04-2026
Maharashtra,Ahilyanagar,APMC Rahuri ,Vegetables,Tomato,Other,Local,500.00,"1,500.00","1,000.00",Rs./Quintal,25-04-2026
Maharashtra,Ahilyanagar,APMC Rahuri ,Vegetables,Tomato,Other,Local,500.00,"1,600.00","1,050.00",Rs./Quintal,22-04-2026
Maharashtra,Ahilyanagar,APMC Rahuri ,Vegetables,Tomato,Other,Local,500.00,"1,800.00","1,150.00",Rs./Quintal,21-04-2026
Maharashtra,Ahilyanagar,APMC Rahuri ,Vegetables,Tomato,Other,Local,500.00,"1,500.00","1,000.00",Rs./Quintal,20-04-2026
Maharashtra,Ahilyanagar,APMC Rahuri ,Vegetables,Tomato,Other,Local,500.00,"1,500.00","1,000.00",Rs./Quintal,19-04-2026
Maharashtra,Ahilyanagar,APMC Rahuri ,Vegetables,Tomato,Other,Local,500.00,"1,000.00",750.00,Rs./Quintal,18-04-2026
Maharashtra,Ahilyanagar,APMC Rahuri ,Vegetables,Tomato,Other,Local,800.00,"1,300.00","1,050.00",Rs./Quintal,16-04-2026
Maharashtra,Ahilyanagar,APMC Rahuri ,Vegetables,Tomato,Other,Local,500.00,"1,200.00",850.00,Rs./Quintal,15-04-2026
Maharashtra,Ahilyanagar,APMC Rahuri ,Vegetables,Tomato,Other,Local,500.00,"1,300.00",900.00,Rs./Quintal,14-04-2026
Maharashtra,Ahilyanagar,APMC Rahuri ,Vegetables,Tomato,Other,Local,500.00,"1,100.00",800.00,Rs./Quintal,13-04-2026
Maharashtra,Ahilyanagar,APMC Rahuri ,Vegetables,Tomato,Other,Local,"1,000.00","1,500.00","1,250.00",Rs./Quintal,12-04-2026
Maharashtra,Ahilyanagar,APMC Rahuri ,Vegetables,Tomato,Other,Local,500.00,"1,000.00",750.00,Rs./Quintal,11-04-2026
Maharashtra,Ahilyanagar,APMC Rahuri ,Vegetables,Tomato,Other,Local,500.00,"1,000.00",750.00,Rs./Quintal,10-04-2026
Maharashtra,Ahilyanagar,APMC Rahuri ,Vegetables,Tomato,Other,Local,500.00,"1,000.00",750.00,Rs./Quintal,09-04-2026
Maharashtra,Ahilyanagar,APMC Rahuri ,Vegetables,Tomato,Other,Local,500.00,"1,000.00",750.00,Rs./Quintal,08-04-2026
Maharashtra,Ahilyanagar,APMC Rahuri ,Vegetables,Tomato,Other,Local,300.00,"1,000.00",650.00,Rs./Quintal,07-04-2026
Maharashtra,Ahilyanagar,APMC Rahuri ,Vegetables,Tomato,Other,Local,500.00,"1,000.00",750.00,Rs./Quintal,06-04-2026
Maharashtra,Ahilyanagar,APMC Rahuri ,Vegetables,Tomato,Other,Local,500.00,"1,000.00",750.00,Rs./Quintal,05-04-2026
Maharashtra,Ahilyanagar,APMC Rahuri ,Vegetables,Tomato,Other,Local,400.00,"1,200.00",800.00,Rs./Quintal,02-04-2026
Maharashtra,Ahilyanagar,APMC Rahuri ,Vegetables,Tomato,Other,Local,200.00,"1,000.00",600.00,Rs./Quintal,01-04-2026
Maharashtra,Ahilyanagar,APMC Rahuri ,Vegetables,Tomato,Other,Local,500.00,"1,300.00",900.00,Rs./Quintal,31-03-2026
Maharashtra,Ahilyanagar,APMC Rahuri ,Vegetables,Tomato,Other,Local,"1,000.00","2,000.00","1,500.00",Rs./Quintal,30-03-2026
Maharashtra,Ahilyanagar,APMC Rahuri ,Vegetables,Tomato,Other,Local,500.00,"2,000.00","1,250.00",Rs./Quintal,29-03-2026
Maharashtra,Ahilyanagar,APMC Rahuri ,Vegetables,Tomato,Other,Local,400.00,"1,500.00",950.00,Rs./Quintal,28-03-2026
Maharashtra,Ahilyanagar,APMC Rahuri ,Vegetables,Tomato,Other,Local,500.00,"1,500.00","1,000.00",Rs./Quintal,27-03-2026
Maharashtra,Ahilyanagar,APMC Rahuri ,Vegetables,Tomato,Other,Local,500.00,"1,500.00","1,000.00",Rs./Quintal,26-03-2026
Maharashtra,Ahilyanagar,APMC Rahuri ,Vegetables,Tomato,Other,Local,500.00,"1,500.00","1,000.00",Rs./Quintal,25-03-2026
Maharashtra,Ahilyanagar,APMC Rahuri ,Vegetables,Tomato,Other,Local,500.00,"1,500.00","1,000.00",Rs./Quintal,24-03-2026
Maharashtra,Ahilyanagar,APMC Rahuri ,Vegetables,Tomato,Other,Local,500.00,"1,500.00","1,000.00",Rs./Quintal,23-03-2026
Maharashtra,Ahilyanagar,APMC Rahuri ,Vegetables,Tomato,Other,Local,"1,000.00","2,000.00","1,500.00",Rs./Quintal,22-03-2026
Maharashtra,Ahilyanagar,APMC Rahuri ,Vegetables,Tomato,Other,Local,800.00,"1,200.00","1,000.00",Rs./Quintal,21-03-2026
Maharashtra,Ahilyanagar,APMC Rahuri ,Vegetables,Tomato,Other,Local,400.00,"1,500.00",950.00,Rs./Quintal,19-03-2026
Maharashtra,Ahilyanagar,APMC Rahuri ,Vegetables,Tomato,Other,Local,500.00,"1,200.00",850.00,Rs./Quintal,18-03-2026
Maharashtra,Ahilyanagar,APMC Rahuri ,Vegetables,Tomato,Other,Local,"1,000.00","1,500.00","1,250.00",Rs./Quintal,17-03-2026
Maharashtra,Ahilyanagar,APMC Rahuri ,Vegetables,Tomato,Other,Local,500.00,"1,500.00","1,000.00",Rs./Quintal,16-03-2026
Maharashtra,Ahilyanagar,APMC Rahuri ,Vegetables,Tomato,Other,Local,"1,000.00","1,300.00","1,150.00",Rs./Quintal,15-03-2026
Maharashtra,Ahilyanagar,APMC Rahuri ,Vegetables,Tomato,Other,Local,"1,000.00","1,500.00","1,250.00",Rs./Quintal,14-03-2026
Maharashtra,Ahilyanagar,APMC Rahuri ,Vegetables,Tomato,Other,Local,500.00,"1,500.00","1,000.00",Rs./Quintal,13-03-2026
Maharashtra,Ahilyanagar,APMC Rahuri ,Vegetables,Tomato,Other,Local,800.00,"1,500.00","1,150.00",Rs./Quintal,12-03-2026
Maharashtra,Ahilyanagar,APMC Rahuri ,Vegetables,Tomato,Other,Local,500.00,"2,000.00","1,250.00",Rs./Quintal,11-03-2026
Maharashtra,Ahilyanagar,APMC Rahuri ,Vegetables,Tomato,Other,Local,800.00,"1,500.00","1,150.00",Rs./Quintal,10-03-2026
Maharashtra,Ahilyanagar,APMC Rahuri ,Vegetables,Tomato,Other,Local,800.00,"1,500.00","1,150.00",Rs./Quintal,09-03-2026
Maharashtra,Ahilyanagar,APMC Rahuri ,Vegetables,Tomato,Other,Local,800.00,"1,500.00","1,150.00",Rs./Quintal,05-03-2026
Maharashtra,Ahilyanagar,APMC Rahuri ,Vegetables,Tomato,Other,Local,800.00,"2,000.00","1,400.00",Rs./Quintal,04-03-2026
Maharashtra,Ahilyanagar,APMC Rahuri ,Vegetables,Tomato,Other,Local,800.00,"2,000.00","1,400.00",Rs./Quintal,03-03-2026
Maharashtra,Ahilyanagar,APMC Rahuri ,Vegetables,Tomato,Other,Local,800.00,"2,000.00","1,400.00",Rs./Quintal,02-03-2026
Maharashtra,Ahilyanagar,APMC Rahuri ,Vegetables,Tomato,Other,Local,"1,500.00","2,000.00","1,750.00",Rs./Quintal,01-03-2026
Maharashtra,Ahilyanagar,APMC Rahuri ,Vegetables,Tomato,Other,Local,"1,000.00","2,000.00","1,500.00",Rs./Quintal,28-02-2026
Maharashtra,Ahilyanagar,APMC Rahuri ,Vegetables,Tomato,Other,Local,500.00,"1,500.00","1,000.00",Rs./Quintal,27-02-2026
Maharashtra,Ahilyanagar,APMC Rahuri ,Vegetables,Tomato,Other,Local,500.00,"1,500.00","1,000.00",Rs./Quintal,26-02-2026
Maharashtra,Ahilyanagar,APMC Rahuri ,Vegetables,Tomato,Other,Local,"1,000.00","1,500.00","1,250.00",Rs./Quintal,25-02-2026
Maharashtra,Ahilyanagar,APMC Rahuri ,Vegetables,Tomato,Other,Local,"1,000.00","2,000.00","1,500.00",Rs./Quintal,24-02-2026
Maharashtra,Ahilyanagar,APMC Rahuri ,Vegetables,Tomato,Other,Local,800.00,"1,500.00","1,150.00",Rs./Quintal,23-02-2026
Maharashtra,Ahilyanagar,APMC Rahuri ,Vegetables,Tomato,Other,Local,500.00,"1,500.00","1,000.00",Rs./Quintal,22-02-2026
Maharashtra,Ahilyanagar,APMC Rahuri ,Vegetables,Tomato,Other,Local,500.00,"1,500.00","1,000.00",Rs./Quintal,21-02-2026
Maharashtra,Ahilyanagar,APMC Rahuri ,Vegetables,Tomato,Other,Local,500.00,"1,500.00","1,000.00",Rs./Quintal,19-02-2026
Maharashtra,Ahilyanagar,APMC Rahuri ,Vegetables,Tomato,Other,Local,800.00,"1,500.00","1,150.00",Rs./Quintal,18-02-2026
Maharashtra,Ahilyanagar,APMC Rahuri ,Vegetables,Tomato,Other,Local,500.00,"1,800.00","1,150.00",Rs./Quintal,17-02-2026
Maharashtra,Ahilyanagar,APMC Rahuri ,Vegetables,Tomato,Other,Local,600.00,"1,300.00",950.00,Rs./Quintal,16-02-2026
Maharashtra,Ahilyanagar,APMC Rahuri ,Vegetables,Tomato,Other,Local,800.00,"2,000.00","1,400.00",Rs./Quintal,15-02-2026
Maharashtra,Ahilyanagar,APMC Rahuri ,Vegetables,Tomato,Other,Local,"1,500.00","2,000.00","1,750.00",Rs./Quintal,14-02-2026
Maharashtra,Ahilyanagar,APMC Rahuri ,Vegetables,Tomato,Other,Local,800.00,"2,000.00","1,400.00",Rs./Quintal,12-02-2026
Maharashtra,Ahilyanagar,APMC Rahuri ,Vegetables,Tomato,Other,Local,500.00,"1,800.00","1,150.00",Rs./Quintal,11-02-2026
Maharashtra,Ahilyanagar,APMC Rahuri ,Vegetables,Tomato,Other,Local,800.00,"2,000.00","1,400.00",Rs./Quintal,10-02-2026
Maharashtra,Ahilyanagar,APMC Rahuri ,Vegetables,Tomato,Other,Local,500.00,"1,200.00",850.00,Rs./Quintal,09-02-2026
Maharashtra,Ahilyanagar,APMC Rahuri ,Vegetables,Tomato,Other,Local,500.00,"1,000.00",750.00,Rs./Quintal,08-02-2026
Maharashtra,Ahilyanagar,APMC Rahuri ,Vegetables,Tomato,Other,Local,500.00,"1,000.00",750.00,Rs./Quintal,07-02-2026
Maharashtra,Ahilyanagar,APMC Rahuri ,Vegetables,Tomato,Other,Local,500.00,"1,500.00","1,000.00",Rs./Quintal,05-02-2026
Maharashtra,Ahilyanagar,APMC Rahuri ,Vegetables,Tomato,Other,Local,500.00,"1,500.00","1,000.00",Rs./Quintal,04-02-2026
Maharashtra,Ahilyanagar,APMC Rahuri ,Vegetables,Tomato,Other,Local,"1,000.00","3,000.00","2,000.00",Rs./Quintal,03-02-2026
Maharashtra,Ahilyanagar,APMC Rahuri ,Vegetables,Tomato,Other,Local,500.00,"1,500.00","1,000.00",Rs./Quintal,02-02-2026
Maharashtra,Ahilyanagar,APMC Rahuri ,Vegetables,Tomato,Other,Local,"1,500.00","2,200.00","1,850.00",Rs./Quintal,01-02-2026
Maharashtra,Ahilyanagar,APMC Rahuri ,Vegetables,Tomato,Other,Local,"1,000.00","3,000.00","2,000.00",Rs./Quintal,31-01-2026
Maharashtra,Ahilyanagar,APMC Rahuri ,Vegetables,Tomato,Other,Local,500.00,"1,500.00","1,000.00",Rs./Quintal,29-01-2026
Maharashtra,Ahilyanagar,APMC Rahuri ,Vegetables,Tomato,Other,Local,"1,000.00","2,500.00","1,750.00",Rs./Quintal,28-01-2026
Maharashtra,Ahilyanagar,APMC Rahuri ,Vegetables,Tomato,Other,Local,"1,000.00","3,200.00","2,100.00",Rs./Quintal,27-01-2026
Maharashtra,Ahilyanagar,APMC Rahuri ,Vegetables,Tomato,Other,Local,"1,500.00","3,000.00","2,250.00",Rs./Quintal,26-01-2026
Maharashtra,Ahilyanagar,APMC Rahuri ,Vegetables,Tomato,Other,Local,"1,000.00","2,000.00","1,500.00",Rs./Quintal,25-01-2026
Maharashtra,Ahilyanagar,APMC Rahuri ,Vegetables,Tomato,Other,Local,500.00,"2,000.00","1,250.00",Rs./Quintal,24-01-2026
Maharashtra,Ahilyanagar,APMC Rahuri ,Vegetables,Tomato,Other,Local,500.00,"1,500.00","1,000.00",Rs./Quintal,23-01-2026
Maharashtra,Ahilyanagar,APMC Rahuri ,Vegetables,Tomato,Other,Local,800.00,"3,000.00","1,900.00",Rs./Quintal,22-01-2026
Maharashtra,Ahilyanagar,APMC Rahuri ,Vegetables,Tomato,Other,Local,500.00,"2,000.00","1,250.00",Rs./Quintal,21-01-2026
Maharashtra,Ahilyanagar,APMC Rahuri ,Vegetables,Tomato,Other,Local,500.00,"1,500.00","1,000.00",Rs./Quintal,20-01-2026
Maharashtra,Ahilyanagar,APMC Rahuri ,Vegetables,Tomato,Other,Local,500.00,"1,500.00","1,000.00",Rs./Quintal,19-01-2026
Maharashtra,Ahilyanagar,APMC Rahuri ,Vegetables,Tomato,Other,Local,500.00,"1,500.00","1,000.00",Rs./Quintal,18-01-2026
Maharashtra,Ahilyanagar,APMC Rahuri ,Vegetables,Tomato,Other,Local,"1,000.00","2,500.00","1,750.00",Rs./Quintal,17-01-2026
Maharashtra,Ahilyanagar,APMC Rahuri ,Vegetables,Tomato,Other,Local,500.00,"1,500.00","1,000.00",Rs./Quintal,15-01-2026
Maharashtra,Ahilyanagar,APMC Rahuri ,Vegetables,Tomato,Other,Local,500.00,"1,500.00","1,000.00",Rs./Quintal,14-01-2026
Maharashtra,Ahilyanagar,APMC Rahuri ,Vegetables,Tomato,Other,Local,"1,000.00","2,000.00","1,500.00",Rs./Quintal,13-01-2026
Maharashtra,Ahilyanagar,APMC Rahuri ,Vegetables,Tomato,Other,Local,"1,000.00","3,500.00","2,250.00",Rs./Quintal,12-01-2026
Maharashtra,Ahilyanagar,APMC Rahuri ,Vegetables,Tomato,Other,Local,500.00,"1,500.00","1,000.00",Rs./Quintal,11-01-2026
Maharashtra,Ahilyanagar,APMC Rahuri ,Vegetables,Tomato,Other,Local,"1,000.00","2,000.00","1,500.00",Rs./Quintal,10-01-2026
Maharashtra,Ahilyanagar,APMC Rahuri ,Vegetables,Tomato,Other,Local,500.00,"1,000.00",750.00,Rs./Quintal,08-01-2026
Maharashtra,Ahilyanagar,APMC Rahuri ,Vegetables,Tomato,Other,Local,900.00,"4,000.00","2,450.00",Rs./Quintal,07-01-2026
Maharashtra,Ahilyanagar,APMC Sangamner ,Vegetables,Tomato,Other,Local,"1,000.00","2,000.00","1,500.00",Rs./Quintal,02-09-2026
Maharashtra,Ahilyanagar,APMC Sangamner ,Vegetables,Tomato,Other,Local,750.00,"2,000.00","1,350.00",Rs./Quintal,01-09-2026
Maharashtra,Ahilyanagar,APMC Sangamner ,Vegetables,Tomato,Other,Local,500.00,"1,500.00","1,000.00",Rs./Quintal,31-08-2026
Maharashtra,Ahilyanagar,APMC Sangamner ,Vegetables,Tomato,Other,Local,300.00,"1,000.00",650.00,Rs./Quintal,30-08-2026
Maharashtra,Ahilyanagar,APMC Sangamner ,Vegetables,Tomato,Other,Local,250.00,750.00,500.00,Rs./Quintal,29-08-2026
Maharashtra,Ahilyanagar,APMC Sangamner ,Vegetables,Tomato,Other,Local,300.00,"1,500.00",900.00,Rs./Quintal,26-08-2026
Maharashtra,Ahilyanagar,APMC Sangamner ,Vegetables,Tomato,Other,Local,300.00,"1,500.00",900.00,Rs./Quintal,25-08-2026
Maharashtra,Ahilyanagar,APMC Sangamner ,Vegetables,Tomato,Other,Local,250.00,"1,300.00",775.00,Rs./Quintal,24-08-2026
Maharashtra,Ahilyanagar,APMC Sangamner ,Vegetables,Tomato,Other,Local,250.00,"1,250.00",750.00,Rs./Quintal,20-08-2026
Maharashtra,Ahilyanagar,APMC Sangamner ,Vegetables,Tomato,Other,Local,500.00,"1,750.00","1,150.00",Rs./Quintal,17-08-2026
Maharashtra,Ahilyanagar,APMC Sangamner ,Vegetables,Tomato,Other,Local,500.00,"2,000.00","1,250.00",Rs./Quintal,16-08-2026
Maharashtra,Ahilyanagar,APMC Sangamner ,Vegetables,Tomato,Other,Local,500.00,"2,000.00","1,250.00",Rs./Quintal,14-08-2026
Maharashtra,Ahilyanagar,APMC Sangamner ,Vegetables,Tomato,Other,Local,750.00,"2,250.00","1,500.00",Rs./Quintal,13-08-2026
Maharashtra,Ahilyanagar,APMC Sangamner ,Vegetables,Tomato,Other,Local,750.00,"2,250.00","1,500.00",Rs./Quintal,12-08-2026
Maharashtra,Ahilyanagar,APMC Sangamner ,Vegetables,Tomato,Other,Local,750.00,"2,000.00","1,375.00",Rs./Quintal,11-08-2026
Maharashtra,Ahilyanagar,APMC Sangamner ,Vegetables,Tomato,Other,Local,500.00,"1,500.00",750.00,Rs./Quintal,09-08-2026
Maharashtra,Ahilyanagar,APMC Sangamner ,Vegetables,Tomato,Other,Local,500.00,"1,500.00","1,000.00",Rs./Quintal,08-08-2026
Maharashtra,Ahilyanagar,APMC Sangamner ,Vegetables,Tomato,Other,Local,500.00,"2,000.00","1,250.00",Rs./Quintal,06-08-2026
Maharashtra,Ahilyanagar,APMC Sangamner ,Vegetables,Tomato,Other,Local,500.00,"2,000.00","1,250.00",Rs./Quintal,05-08-2026
Maharashtra,Ahilyanagar,APMC Sangamner ,Vegetables,Tomato,Other,Local,500.00,"2,000.00","1,250.00",Rs./Quintal,04-08-2026
Maharashtra,Ahilyanagar,APMC Sangamner ,Vegetables,Tomato,Other,Local,500.00,"2,000.00","1,250.00",Rs./Quintal,31-07-2026
Maharashtra,Ahilyanagar,APMC Sangamner ,Vegetables,Tomato,Other,Local,500.00,"2,250.00","1,375.00",Rs./Quintal,30-07-2026
Maharashtra,Ahilyanagar,APMC Sangamner ,Vegetables,Tomato,Other,Local,500.00,"2,000.00","1,250.00",Rs./Quintal,29-07-2026
Maharashtra,Ahilyanagar,APMC Sangamner ,Vegetables,Tomato,Other,Local,"1,000.00","2,500.00","1,750.00",Rs./Quintal,28-07-2026
Maharashtra,Ahilyanagar,APMC Sangamner ,Vegetables,Tomato,Other,Local,500.00,"2,750.00","1,625.00",Rs./Quintal,27-07-2026
Maharashtra,Ahilyanagar,APMC Sangamner ,Vegetables,Tomato,Other,Local,500.00,"2,000.00","1,250.00",Rs./Quintal,26-07-2026
Maharashtra,Ahilyanagar,APMC Sangamner ,Vegetables,Tomato,Other,Local,500.00,"2,000.00","1,250.00",Rs./Quintal,25-07-2026
Maharashtra,Ahilyanagar,APMC Sangamner ,Vegetables,Tomato,Other,Local,500.00,"2,000.00","1,250.00",Rs./Quintal,23-07-2026
Maharashtra,Ahilyanagar,APMC Sangamner ,Vegetables,Tomato,Other,Local,500.00,"2,500.00","1,500.00",Rs./Quintal,22-07-2026
Maharashtra,Ahilyanagar,APMC Sangamner ,Vegetables,Tomato,Other,Local,500.00,"2,500.00","1,500.00",Rs./Quintal,21-07-2026
Maharashtra,Ahilyanagar,APMC Sangamner ,Vegetables,Tomato,Other,Local,500.00,"2,500.00","1,500.00",Rs./Quintal,20-07-2026
Maharashtra,Ahilyanagar,APMC Sangamner ,Vegetables,Tomato,Other,Local,500.00,"2,500.00","1,500.00",Rs./Quintal,19-07-2026
Maharashtra,Ahilyanagar,APMC Sangamner ,Vegetables,Tomato,Other,Local,500.00,"2,500.00","1,500.00",Rs./Quintal,18-07-2026
Maharashtra,Ahilyanagar,APMC Sangamner ,Vegetables,Tomato,Other,Local,500.00,"2,500.00","1,500.00",Rs./Quintal,17-07-2026
Maharashtra,Ahilyanagar,APMC Sangamner ,Vegetables,Tomato,Other,Local,500.00,"2,500.00","1,500.00",Rs./Quintal,16-07-2026
Maharashtra,Ahilyanagar,APMC Sangamner ,Vegetables,Tomato,Other,Local,500.00,"2,500.00","1,500.00",Rs./Quintal,14-07-2026
Maharashtra,Ahilyanagar,APMC Sangamner ,Vegetables,Tomato,Other,Local,500.00,"2,250.00","1,375.00",Rs./Quintal,13-07-2026
Maharashtra,Ahilyanagar,APMC Sangamner ,Vegetables,Tomato,Other,Local,500.00,"2,500.00","1,500.00",Rs./Quintal,12-07-2026
Maharashtra,Ahilyanagar,APMC Sangamner ,Vegetables,Tomato,Other,Local,500.00,"2,500.00","1,500.00",Rs./Quintal,11-07-2026
Maharashtra,Ahilyanagar,APMC Sangamner ,Vegetables,Tomato,Other,Local,500.00,"2,500.00","1,500.00",Rs./Quintal,10-07-2026
Maharashtra,Ahilyanagar,APMC Sangamner ,Vegetables,Tomato,Other,Local,500.00,"2,500.00","1,500.00",Rs./Quintal,09-07-2026
Maharashtra,Ahilyanagar,APMC Sangamner ,Vegetables,Tomato,Other,Local,500.00,"2,500.00","1,500.00",Rs./Quintal,08-07-2026
Maharashtra,Ahilyanagar,APMC Sangamner ,Vegetables,Tomato,Other,Local,"1,000.00","3,500.00","2,250.00",Rs./Quintal,07-07-2026
Maharashtra,Ahilyanagar,APMC Sangamner ,Vegetables,Tomato,Other,Local,"1,000.00","3,250.00","2,125.00",Rs./Quintal,06-07-2026
Maharashtra,Ahilyanagar,APMC Sangamner ,Vegetables,Tomato,Other,Local,"1,000.00","3,000.00","2,000.00",Rs./Quintal,05-07-2026
Maharashtra,Ahilyanagar,APMC Sangamner ,Vegetables,Tomato,Other,Local,750.00,"2,500.00","1,625.00",Rs./Quintal,03-07-2026
Maharashtra,Ahilyanagar,APMC Sangamner ,Vegetables,Tomato,Other,Local,750.00,"3,000.00","1,875.00",Rs./Quintal,02-07-2026
Maharashtra,Ahilyanagar,APMC Sangamner ,Vegetables,Tomato,Other,Local,500.00,"3,000.00","1,750.00",Rs./Quintal,01-07-2026
Maharashtra,Ahilyanagar,APMC Sangamner ,Vegetables,Tomato,Other,Local,500.00,"2,625.00","1,562.00",Rs./Quintal,30-06-2026
Maharashtra,Ahilyanagar,APMC Sangamner ,Vegetables,Tomato,Other,Local,500.00,"2,500.00","1,500.00",Rs./Quintal,29-06-2026
Maharashtra,Ahilyanagar,APMC Sangamner ,Vegetables,Tomato,Other,Local,500.00,"2,000.00","1,250.00",Rs./Quintal,28-06-2026
Maharashtra,Ahilyanagar,APMC Sangamner ,Vegetables,Tomato,Other,Local,500.00,"2,500.00","1,500.00",Rs./Quintal,26-06-2026
Maharashtra,Ahilyanagar,APMC Sangamner ,Vegetables,Tomato,Other,Local,"1,000.00","3,000.00","2,000.00",Rs./Quintal,25-06-2026
Maharashtra,Ahilyanagar,APMC Sangamner ,Vegetables,Tomato,Other,Local,750.00,"3,250.00","2,000.00",Rs./Quintal,24-06-2026
Maharashtra,Ahilyanagar,APMC Sangamner ,Vegetables,Tomato,Other,Local,750.00,"3,000.00","1,875.00",Rs./Quintal,23-06-2026
Maharashtra,Ahilyanagar,APMC Sangamner ,Vegetables,Tomato,Other,Local,750.00,"3,500.00","2,125.00",Rs./Quintal,22-06-2026
Maharashtra,Ahilyanagar,APMC Sangamner ,Vegetables,Tomato,Other,Local,750.00,"3,500.00","2,125.00",Rs./Quintal,21-06-2026
Maharashtra,Ahilyanagar,APMC Sangamner ,Vegetables,Tomato,Other,Local,750.00,"2,750.00","1,750.00",Rs./Quintal,20-06-2026
Maharashtra,Ahilyanagar,APMC Sangamner ,Vegetables,Tomato,Other,Local,500.00,"3,000.00","1,750.00",Rs./Quintal,19-06-2026
Maharashtra,Ahilyanagar,APMC Sangamner ,Vegetables,Tomato,Other,Local,500.00,"2,500.00","1,500.00",Rs./Quintal,18-06-2026
Maharashtra,Ahilyanagar,APMC Sangamner ,Vegetables,Tomato,Other,Local,"1,000.00","3,500.00","2,250.00",Rs./Quintal,17-06-2026
Maharashtra,Ahilyanagar,APMC Sangamner ,Vegetables,Tomato,Other,Local,200.00,"2,200.00","1,200.00",Rs./Quintal,16-06-2026
Maharashtra,Ahilyanagar,APMC Sangamner ,Vegetables,Tomato,Other,Local,"1,000.00","3,500.00","2,250.00",Rs./Quintal,15-06-2026
Maharashtra,Ahilyanagar,APMC Sangamner ,Vegetables,Tomato,Other,Local,"1,000.00","3,250.00","2,125.00",Rs./Quintal,14-06-2026
Maharashtra,Ahilyanagar,APMC Sangamner ,Vegetables,Tomato,Other,Local,"1,000.00","3,250.00","2,125.00",Rs./Quintal,12-06-2026
Maharashtra,Ahilyanagar,APMC Sangamner ,Vegetables,Tomato,Other,Local,"1,000.00","3,500.00","2,250.00",Rs./Quintal,11-06-2026
Maharashtra,Ahilyanagar,APMC Sangamner ,Vegetables,Tomato,Other,Local,"1,000.00","4,000.00","2,500.00",Rs./Quintal,10-06-2026
Maharashtra,Ahilyanagar,APMC Sangamner ,Vegetables,Tomato,Other,Local,"1,000.00","4,000.00","2,500.00",Rs./Quintal,09-06-2026
Maharashtra,Ahilyanagar,APMC Sangamner ,Vegetables,Tomato,Other,Local,"1,000.00","3,000.00","2,000.00",Rs./Quintal,08-06-2026
Maharashtra,Ahilyanagar,APMC Sangamner ,Vegetables,Tomato,Other,Local,"1,000.00","3,000.00","2,000.00",Rs./Quintal,07-06-2026
Maharashtra,Ahilyanagar,APMC Sangamner ,Vegetables,Tomato,Other,Local,500.00,"2,750.00","1,625.00",Rs./Quintal,05-06-2026
Maharashtra,Ahilyanagar,APMC Sangamner ,Vegetables,Tomato,Other,Local,"1,000.00","3,000.00","2,000.00",Rs./Quintal,04-06-2026
Maharashtra,Ahilyanagar,APMC Sangamner ,Vegetables,Tomato,Other,Local,"1,000.00","3,000.00","2,000.00",Rs./Quintal,03-06-2026
Maharashtra,Ahilyanagar,APMC Sangamner ,Vegetables,Tomato,Other,Local,"1,000.00","3,000.00","1,500.00",Rs./Quintal,02-06-2026
Maharashtra,Ahilyanagar,APMC Sangamner ,Vegetables,Tomato,Other,Local,750.00,"3,000.00","1,875.00",Rs./Quintal,01-06-2026
Maharashtra,Ahilyanagar,APMC Sangamner ,Vegetables,Tomato,Other,Local,750.00,"3,000.00","1,875.00",Rs./Quintal,31-05-2026
Maharashtra,Ahilyanagar,APMC Sangamner ,Vegetables,Tomato,Other,Local,500.00,"2,500.00","1,500.00",Rs./Quintal,29-05-2026
Maharashtra,Ahilyanagar,APMC Sangamner ,Vegetables,Tomato,Other,Local,500.00,"2,250.00","1,375.00",Rs./Quintal,28-05-2026
Maharashtra,Ahilyanagar,APMC Sangamner ,Vegetables,Tomato,Other,Local,750.00,"2,625.00","1,662.00",Rs./Quintal,26-05-2026
Maharashtra,Ahilyanagar,APMC Sangamner ,Vegetables,Tomato,Other,Local,200.00,"2,500.00","1,500.00",Rs./Quintal,25-05-2026
Maharashtra,Ahilyanagar,APMC Sangamner ,Vegetables,Tomato,Other,Local,500.00,"2,500.00","1,500.00",Rs./Quintal,24-05-2026
Maharashtra,Ahilyanagar,APMC Sangamner ,Vegetables,Tomato,Other,Local,500.00,"2,400.00","1,450.00",Rs./Quintal,22-05-2026
Maharashtra,Ahilyanagar,APMC Sangamner ,Vegetables,Tomato,Other,Local,500.00,"2,250.00","1,375.00",Rs./Quintal,21-05-2026
Maharashtra,Ahilyanagar,APMC Sangamner ,Vegetables,Tomato,Other,Local,500.00,"2,250.00","1,375.00",Rs./Quintal,20-05-2026
Maharashtra,Ahilyanagar,APMC Sangamner ,Vegetables,Tomato,Other,Local,500.00,"2,375.00","1,437.00",Rs./Quintal,19-05-2026
Maharashtra,Ahilyanagar,APMC Sangamner ,Vegetables,Tomato,Other,Local,500.00,"2,375.00","1,437.00",Rs./Quintal,18-05-2026
Maharashtra,Ahilyanagar,APMC Sangamner ,Vegetables,Tomato,Other,Local,500.00,"2,375.00","1,437.00",Rs./Quintal,17-05-2026
Maharashtra,Ahilyanagar,APMC Sangamner ,Vegetables,Tomato,Other,Local,500.00,"2,750.00","1,625.00",Rs./Quintal,16-05-2026
Maharashtra,Ahilyanagar,APMC Sangamner ,Vegetables,Tomato,Other,Local,500.00,"2,500.00","1,500.00",Rs./Quintal,15-05-2026
Maharashtra,Ahilyanagar,APMC Sangamner ,Vegetables,Tomato,Other,Local,500.00,"2,000.00","1,250.00",Rs./Quintal,14-05-2026
Maharashtra,Ahilyanagar,APMC Sangamner ,Vegetables,Tomato,Other,Local,500.00,"2,350.00","1,425.00",Rs./Quintal,13-05-2026
Maharashtra,Ahilyanagar,APMC Sangamner ,Vegetables,Tomato,Other,Local,500.00,"2,000.00","1,250.00",Rs./Quintal,12-05-2026
Maharashtra,Ahilyanagar,APMC Sangamner ,Vegetables,Tomato,Other,Local,500.00,"2,500.00","1,500.00",Rs./Quintal,11-05-2026
Maharashtra,Ahilyanagar,APMC Sangamner ,Vegetables,Tomato,Other,Local,500.00,"2,250.00","1,375.00",Rs./Quintal,10-05-2026
Maharashtra,Ahilyanagar,APMC Sangamner ,Vegetables,Tomato,Other,Local,500.00,"1,750.00","1,125.00",Rs./Quintal,08-05-2026
Maharashtra,Ahilyanagar,APMC Sangamner ,Vegetables,Tomato,Other,Local,500.00,"2,250.00","1,375.00",Rs./Quintal,06-05-2026
Maharashtra,Ahilyanagar,APMC Sangamner ,Vegetables,Tomato,Other,Local,500.00,"2,500.00","1,500.00",Rs./Quintal,05-05-2026
Maharashtra,Ahilyanagar,APMC Sangamner ,Vegetables,Tomato,Other,Local,500.00,"2,250.00","1,375.00",Rs./Quintal,04-05-2026
Maharashtra,Ahilyanagar,APMC Sangamner ,Vegetables,Tomato,Other,Local,500.00,"2,000.00","1,250.00",Rs./Quintal,03-05-2026
Maharashtra,Ahilyanagar,APMC Sangamner ,Vegetables,Tomato,Other,Local,500.00,"2,500.00","1,500.00",Rs./Quintal,02-05-2026
Maharashtra,Ahilyanagar,APMC Sangamner ,Vegetables,Tomato,Other,Local,500.00,"2,500.00","1,500.00",Rs./Quintal,01-05-2026
Maharashtra,Ahilyanagar,APMC Sangamner ,Vegetables,Tomato,Other,Local,500.00,"2,000.00","1,250.00",Rs./Quintal,30-04-2026
Maharashtra,Ahilyanagar,APMC Sangamner ,Vegetables,Tomato,Other,Local,750.00,"3,000.00","1,875.00",Rs./Quintal,29-04-2026
Maharashtra,Ahilyanagar,APMC Sangamner ,Vegetables,Tomato,Other,Local,500.00,"3,000.00","1,750.00",Rs./Quintal,28-04-2026
Maharashtra,Ahilyanagar,APMC Sangamner ,Vegetables,Tomato,Other,Local,500.00,"2,500.00","1,500.00",Rs./Quintal,27-04-2026
Maharashtra,Ahilyanagar,APMC Sangamner ,Vegetables,Tomato,Other,Local,500.00,"2,000.00","1,250.00",Rs./Quintal,26-04-2026
Maharashtra,Ahilyanagar,APMC Sangamner ,Vegetables,Tomato,Other,Local,500.00,"1,625.00","1,062.00",Rs./Quintal,25-04-2026
Maharashtra,Ahilyanagar,APMC Sangamner ,Vegetables,Tomato,Other,Local,500.00,"1,500.00","1,000.00",Rs./Quintal,24-04-2026
Maharashtra,Ahilyanagar,APMC Sangamner ,Vegetables,Tomato,Other,Local,500.00,"1,750.00","1,125.00",Rs./Quintal,23-04-2026
Maharashtra,Ahilyanagar,APMC Sangamner ,Vegetables,Tomato,Other,Local,500.00,"2,250.00","1,375.00",Rs./Quintal,22-04-2026
Maharashtra,Ahilyanagar,APMC Sangamner ,Vegetables,Tomato,Other,Local,500.00,"2,250.00","1,375.00",Rs./Quintal,20-04-2026
Maharashtra,Ahilyanagar,APMC Sangamner ,Vegetables,Tomato,Other,Local,500.00,"2,200.00","1,350.00",Rs./Quintal,19-04-2026
Maharashtra,Ahilyanagar,APMC Sangamner ,Vegetables,Tomato,Other,Local,500.00,"2,000.00","1,225.00",Rs./Quintal,18-04-2026
Maharashtra,Ahilyanagar,APMC Sangamner ,Vegetables,Tomato,Other,Local,500.00,"2,000.00","1,250.00",Rs./Quintal,17-04-2026
Maharashtra,Ahilyanagar,APMC Sangamner ,Vegetables,Tomato,Other,Local,500.00,"1,500.00","1,000.00",Rs./Quintal,16-04-2026
Maharashtra,Ahilyanagar,APMC Sangamner ,Vegetables,Tomato,Other,Local,500.00,"1,625.00","1,063.00",Rs./Quintal,15-04-2026
Maharashtra,Ahilyanagar,APMC Sangamner ,Vegetables,Tomato,Other,Local,500.00,"1,500.00","1,000.00",Rs./Quintal,14-04-2026
Maharashtra,Ahilyanagar,APMC Sangamner ,Vegetables,Tomato,Other,Local,250.00,"1,500.00",875.00,Rs./Quintal,12-04-2026
Maharashtra,Ahilyanagar,APMC Sangamner ,Vegetables,Tomato,Other,Local,250.00,"1,000.00",625.00,Rs./Quintal,10-04-2026
Maharashtra,Ahilyanagar,APMC Sangamner ,Vegetables,Tomato,Other,Local,250.00,"1,000.00",625.00,Rs./Quintal,09-04-2026
Maharashtra,Ahilyanagar,APMC Sangamner ,Vegetables,Tomato,Other,Local,250.00,"1,000.00",625.00,Rs./Quintal,08-04-2026
Maharashtra,Ahilyanagar,APMC Sangamner ,Vegetables,Tomato,Other,Local,250.00,"1,000.00",625.00,Rs./Quintal,07-04-2026
Maharashtra,Ahilyanagar,APMC Sangamner ,Vegetables,Tomato,Other,Local,250.00,850.00,500.00,Rs./Quintal,06-04-2026
Maharashtra,Ahilyanagar,APMC Sangamner ,Vegetables,Tomato,Other,Local,250.00,"1,000.00",625.00,Rs./Quintal,05-04-2026
Maharashtra,Ahilyanagar,APMC Sangamner ,Vegetables,Tomato,Other,Local,250.00,"1,000.00",625.00,Rs./Quintal,04-04-2026
Maharashtra,Ahilyanagar,APMC Sangamner ,Vegetables,Tomato,Other,Local,250.00,"1,000.00",625.00,Rs./Quintal,02-04-2026
Maharashtra,Ahilyanagar,APMC Sangamner ,Vegetables,Tomato,Other,Local,250.00,"1,000.00",625.00,Rs./Quintal,01-04-2026
Maharashtra,Ahilyanagar,APMC Sangamner ,Vegetables,Tomato,Other,Local,250.00,"1,000.00",625.00,Rs./Quintal,31-03-2026
Maharashtra,Ahilyanagar,APMC Sangamner ,Vegetables,Tomato,Other,Local,250.00,"1,000.00",625.00,Rs./Quintal,30-03-2026
Maharashtra,Ahilyanagar,APMC Sangamner ,Vegetables,Tomato,Other,Local,250.00,"1,000.00",625.00,Rs./Quintal,29-03-2026
Maharashtra,Ahilyanagar,APMC Sangamner ,Vegetables,Tomato,Other,Local,250.00,"1,000.00",625.00,Rs./Quintal,28-03-2026
Maharashtra,Ahilyanagar,APMC Sangamner ,Vegetables,Tomato,Other,Local,250.00,900.00,575.00,Rs./Quintal,25-03-2026
Maharashtra,Ahilyanagar,APMC Sangamner ,Vegetables,Tomato,Other,Local,250.00,"1,000.00",625.00,Rs./Quintal,24-03-2026
Maharashtra,Ahilyanagar,APMC Sangamner ,Vegetables,Tomato,Other,Local,250.00,"1,000.00",625.00,Rs./Quintal,23-03-2026
Maharashtra,Ahilyanagar,APMC Sangamner ,Vegetables,Tomato,Other,Local,250.00,"1,000.00",625.00,Rs./Quintal,20-03-2026
Maharashtra,Ahilyanagar,APMC Sangamner ,Vegetables,Tomato,Other,Local,250.00,"1,250.00",750.00,Rs./Quintal,19-03-2026
Maharashtra,Ahilyanagar,APMC Sangamner ,Vegetables,Tomato,Other,Local,250.00,"1,250.00",750.00,Rs./Quintal,18-03-2026
Maharashtra,Ahilyanagar,APMC Sangamner ,Vegetables,Tomato,Other,Local,500.00,"1,500.00","1,000.00",Rs./Quintal,17-03-2026
Maharashtra,Ahilyanagar,APMC Sangamner ,Vegetables,Tomato,Other,Local,250.00,"1,250.00",750.00,Rs./Quintal,16-03-2026
Maharashtra,Ahilyanagar,APMC Sangamner ,Vegetables,Tomato,Other,Local,250.00,"1,250.00",750.00,Rs./Quintal,15-03-2026
Maharashtra,Ahilyanagar,APMC Sangamner ,Vegetables,Tomato,Other,Local,250.00,"1,250.00",750.00,Rs./Quintal,14-03-2026
Maharashtra,Ahilyanagar,APMC Sangamner ,Vegetables,Tomato,Other,Local,250.00,"1,375.00",813.00,Rs./Quintal,13-03-2026
Maharashtra,Ahilyanagar,APMC Sangamner ,Vegetables,Tomato,Other,Local,500.00,"1,500.00","1,000.00",Rs./Quintal,12-03-2026
Maharashtra,Ahilyanagar,APMC Sangamner ,Vegetables,Tomato,Other,Local,500.00,"1,750.00","1,125.00",Rs./Quintal,11-03-2026
Maharashtra,Ahilyanagar,APMC Sangamner ,Vegetables,Tomato,Other,Local,400.00,"1,500.00",850.00,Rs./Quintal,10-03-2026
Maharashtra,Ahilyanagar,APMC Sangamner ,Vegetables,Tomato,Other,Local,500.00,"1,750.00","1,125.00",Rs./Quintal,09-03-2026
Maharashtra,Ahilyanagar,APMC Sangamner ,Vegetables,Tomato,Other,Local,250.00,"1,750.00","1,000.00",Rs./Quintal,08-03-2026
Maharashtra,Ahilyanagar,APMC Sangamner ,Vegetables,Tomato,Other,Local,250.00,"1,500.00",875.00,Rs./Quintal,07-03-2026
Maharashtra,Ahilyanagar,APMC Sangamner ,Vegetables,Tomato,Other,Local,250.00,"1,250.00",750.00,Rs./Quintal,06-03-2026
Maharashtra,Ahilyanagar,APMC Sangamner ,Vegetables,Tomato,Other,Local,250.00,"1,250.00",750.00,Rs./Quintal,05-03-2026
Maharashtra,Ahilyanagar,APMC Sangamner ,Vegetables,Tomato,Other,Local,250.00,"1,250.00",750.00,Rs./Quintal,04-03-2026
Maharashtra,Ahilyanagar,APMC Sangamner ,Vegetables,Tomato,Other,Local,250.00,"1,250.00",750.00,Rs./Quintal,02-03-2026
Maharashtra,Ahilyanagar,APMC Sangamner ,Vegetables,Tomato,Other,Local,250.00,"1,250.00",750.00,Rs./Quintal,28-02-2026
Maharashtra,Ahilyanagar,APMC Sangamner ,Vegetables,Tomato,Other,Local,250.00,"1,150.00",700.00,Rs./Quintal,27-02-2026
Maharashtra,Ahilyanagar,APMC Sangamner ,Vegetables,Tomato,Other,Local,250.00,"1,150.00",700.00,Rs./Quintal,26-02-2026
Maharashtra,Ahilyanagar,APMC Sangamner ,Vegetables,Tomato,Other,Local,250.00,"1,150.00",700.00,Rs./Quintal,25-02-2026
Maharashtra,Ahilyanagar,APMC Sangamner ,Vegetables,Tomato,Other,Local,250.00,"1,250.00",750.00,Rs./Quintal,24-02-2026
Maharashtra,Ahilyanagar,APMC Sangamner ,Vegetables,Tomato,Other,Local,250.00,"1,150.00",700.00,Rs./Quintal,23-02-2026
Maharashtra,Ahilyanagar,APMC Sangamner ,Vegetables,Tomato,Other,Local,250.00,"1,250.00",750.00,Rs./Quintal,22-02-2026
Maharashtra,Ahilyanagar,APMC Sangamner ,Vegetables,Tomato,Other,Local,250.00,"1,250.00",750.00,Rs./Quintal,20-02-2026
Maharashtra,Ahilyanagar,APMC Sangamner ,Vegetables,Tomato,Other,Local,250.00,"1,250.00",750.00,Rs./Quintal,19-02-2026
Maharashtra,Ahilyanagar,APMC Sangamner ,Vegetables,Tomato,Other,Local,250.00,"1,250.00",750.00,Rs./Quintal,18-02-2026
Maharashtra,Ahilyanagar,APMC Sangamner ,Vegetables,Tomato,Other,Local,250.00,"1,400.00",825.00,Rs./Quintal,17-02-2026
Maharashtra,Ahilyanagar,APMC Sangamner ,Vegetables,Tomato,Other,Local,250.00,"1,250.00",750.00,Rs./Quintal,16-02-2026
Maharashtra,Ahilyanagar,APMC Sangamner ,Vegetables,Tomato,Other,Local,250.00,"1,250.00",750.00,Rs./Quintal,15-02-2026
Maharashtra,Ahilyanagar,APMC Sangamner ,Vegetables,Tomato,Other,Local,250.00,"1,250.00",750.00,Rs./Quintal,14-02-2026
Maharashtra,Ahilyanagar,APMC Sangamner ,Vegetables,Tomato,Other,Local,250.00,"1,250.00",750.00,Rs./Quintal,13-02-2026
Maharashtra,Ahilyanagar,APMC Sangamner ,Vegetables,Tomato,Other,Local,250.00,"1,250.00",700.00,Rs./Quintal,12-02-2026
Maharashtra,Ahilyanagar,APMC Sangamner ,Vegetables,Tomato,Other,Local,250.00,"1,250.00",750.00,Rs./Quintal,11-02-2026
Maharashtra,Ahilyanagar,APMC Sangamner ,Vegetables,Tomato,Other,Local,250.00,"1,250.00",700.00,Rs./Quintal,10-02-2026
Maharashtra,Ahilyanagar,APMC Sangamner ,Vegetables,Tomato,Other,Local,250.00,"1,000.00",625.00,Rs./Quintal,09-02-2026
Maharashtra,Ahilyanagar,APMC Sangamner ,Vegetables,Tomato,Other,Local,250.00,"1,250.00",750.00,Rs./Quintal,08-02-2026
Maharashtra,Ahilyanagar,APMC Sangamner ,Vegetables,Tomato,Other,Local,250.00,"1,250.00",750.00,Rs./Quintal,06-02-2026
Maharashtra,Ahilyanagar,APMC Sangamner ,Vegetables,Tomato,Other,Local,250.00,"1,250.00",750.00,Rs./Quintal,05-02-2026
Maharashtra,Ahilyanagar,APMC Sangamner ,Vegetables,Tomato,Other,Local,250.00,"1,500.00",875.00,Rs./Quintal,04-02-2026
Maharashtra,Ahilyanagar,APMC Sangamner ,Vegetables,Tomato,Other,Local,250.00,"1,500.00",875.00,Rs./Quintal,03-02-2026
Maharashtra,Ahilyanagar,APMC Sangamner ,Vegetables,Tomato,Other,Local,250.00,"1,500.00",875.00,Rs./Quintal,02-02-2026
Maharashtra,Ahilyanagar,APMC Sangamner ,Vegetables,Tomato,Other,Local,250.00,"1,500.00",851.00,Rs./Quintal,01-02-2026
Maharashtra,Ahilyanagar,APMC Sangamner ,Vegetables,Tomato,Other,Local,250.00,"1,500.00",875.00,Rs./Quintal,30-01-2026
Maharashtra,Ahilyanagar,APMC Sangamner ,Vegetables,Tomato,Other,Local,250.00,"1,500.00","1,000.00",Rs./Quintal,29-01-2026
Maharashtra,Ahilyanagar,APMC Sangamner ,Vegetables,Tomato,Other,Local,250.00,"1,500.00",875.00,Rs./Quintal,28-01-2026
Maharashtra,Ahilyanagar,APMC Sangamner ,Vegetables,Tomato,Other,Local,250.00,"1,750.00","1,000.00",Rs./Quintal,27-01-2026
Maharashtra,Ahilyanagar,APMC Sangamner ,Vegetables,Tomato,Other,Local,250.00,"1,750.00","1,000.00",Rs./Quintal,26-01-2026
Maharashtra,Ahilyanagar,APMC Sangamner ,Vegetables,Tomato,Other,Local,250.00,"1,500.00",875.00,Rs./Quintal,25-01-2026
Maharashtra,Ahilyanagar,APMC Sangamner ,Vegetables,Tomato,Other,Local,500.00,"2,000.00","1,250.00",Rs./Quintal,22-01-2026
Maharashtra,Ahilyanagar,APMC Sangamner ,Vegetables,Tomato,Other,Local,500.00,"2,000.00","1,250.00",Rs./Quintal,21-01-2026
Maharashtra,Ahilyanagar,APMC Sangamner ,Vegetables,Tomato,Other,Local,500.00,"2,500.00","1,500.00",Rs./Quintal,20-01-2026
Maharashtra,Ahilyanagar,APMC Sangamner ,Vegetables,Tomato,Other,Local,500.00,"2,500.00","1,500.00",Rs./Quintal,19-01-2026
Maharashtra,Ahilyanagar,APMC Sangamner ,Vegetables,Tomato,Other,Local,500.00,"3,000.00","1,750.00",Rs./Quintal,17-01-2026
Maharashtra,Ahilyanagar,APMC Sangamner ,Vegetables,Tomato,Other,Local,500.00,"3,000.00","1,750.00",Rs./Quintal,16-01-2026
Maharashtra,Ahilyanagar,APMC Sangamner ,Vegetables,Tomato,Other,Local,500.00,"2,750.00","1,625.00",Rs./Quintal,15-01-2026
Maharashtra,Ahilyanagar,APMC Sangamner ,Vegetables,Tomato,Other,Local,500.00,"2,750.00","1,625.00",Rs./Quintal,14-01-2026
Maharashtra,Ahilyanagar,APMC Sangamner ,Vegetables,Tomato,Other,Local,500.00,"2,750.00","1,625.00",Rs./Quintal,13-01-2026
Maharashtra,Ahilyanagar,APMC Sangamner ,Vegetables,Tomato,Other,Local,500.00,"2,750.00","1,625.00",Rs./Quintal,12-01-2026
Maharashtra,Ahilyanagar,APMC Sangamner ,Vegetables,Tomato,Other,Local,750.00,"2,000.00","1,375.00",Rs./Quintal,11-01-2026
Maharashtra,Ahilyanagar,APMC Sangamner ,Vegetables,Tomato,Other,Local,500.00,"2,500.00","1,500.00",Rs./Quintal,08-01-2026
Maharashtra,Ahilyanagar,APMC Sangamner ,Vegetables,Tomato,Other,Local,"1,000.00","3,500.00","2,250.00",Rs./Quintal,07-01-2026
Maharashtra,Ahilyanagar,APMC Sangamner ,Vegetables,Tomato,Other,Local,500.00,"3,500.00","2,000.00",Rs./Quintal,06-01-2026
Maharashtra,Ahilyanagar,APMC Sangamner ,Vegetables,Tomato,Other,Local,600.00,"4,000.00","2,300.00",Rs./Quintal,05-01-2026
Maharashtra,Ahilyanagar,APMC Sangamner ,Vegetables,Tomato,Other,Local,"1,000.00","4,000.00","2,500.00",Rs./Quintal,04-01-2026
Maharashtra,Ahilyanagar,APMC Sangamner ,Vegetables,Tomato,Other,Local,"1,000.00","4,000.00","2,500.00",Rs./Quintal,02-01-2026
Maharashtra,Ahilyanagar,APMC Sangamner ,Vegetables,Tomato,Other,Local,"1,000.00","4,000.00","2,500.00",Rs./Quintal,01-01-2026
Maharashtra,Ahilyanagar,APMC Shrirampur ,Vegetables,Tomato,Other,Local,"1,000.00","1,200.00","1,100.00",Rs./Quintal,03-09-2026
Maharashtra,Ahilyanagar,APMC Shrirampur ,Vegetables,Tomato,Other,Local,"1,000.00","1,500.00","1,250.00",Rs./Quintal,02-09-2026
Maharashtra,Ahilyanagar,APMC Shrirampur ,Vegetables,Tomato,Other,Local,"1,000.00","1,500.00","1,250.00",Rs./Quintal,31-08-2026
Maharashtra,Ahilyanagar,APMC Shrirampur ,Vegetables,Tomato,Other,Local,500.00,"1,500.00","1,000.00",Rs./Quintal,30-08-2026
Maharashtra,Ahilyanagar,APMC Shrirampur ,Vegetables,Tomato,Other,Local,500.00,"1,000.00",750.00,Rs./Quintal,29-08-2026
Maharashtra,Ahilyanagar,APMC Shrirampur ,Vegetables,Tomato,Other,Local,500.00,"1,000.00",750.00,Rs./Quintal,28-08-2026
Maharashtra,Ahilyanagar,APMC Shrirampur ,Vegetables,Tomato,Other,Local,500.00,"1,000.00",750.00,Rs./Quintal,27-08-2026
Maharashtra,Ahilyanagar,APMC Shrirampur ,Vegetables,Tomato,Other,Local,500.00,"1,500.00","1,000.00",Rs./Quintal,26-08-2026
Maharashtra,Ahilyanagar,APMC Shrirampur ,Vegetables,Tomato,Other,Local,500.00,"1,500.00","1,000.00",Rs./Quintal,24-08-2026
Maharashtra,Ahilyanagar,APMC Shrirampur ,Vegetables,Tomato,Other,Local,500.00,"1,500.00","1,000.00",Rs./Quintal,21-08-2026
Maharashtra,Ahilyanagar,APMC Shrirampur ,Vegetables,Tomato,Other,Local,"1,000.00","2,000.00","1,500.00",Rs./Quintal,17-08-2026
Maharashtra,Ahilyanagar,APMC Shrirampur ,Vegetables,Tomato,Other,Local,"1,000.00","2,000.00","1,500.00",Rs./Quintal,14-08-2026
Maharashtra,Ahilyanagar,APMC Shrirampur ,Vegetables,Tomato,Other,Local,"1,000.00","2,000.00","1,500.00",Rs./Quintal,13-08-2026
Maharashtra,Ahilyanagar,APMC Shrirampur ,Vegetables,Tomato,Other,Local,"1,500.00","2,500.00","2,000.00",Rs./Quintal,12-08-2026
Maharashtra,Ahilyanagar,APMC Shrirampur ,Vegetables,Tomato,Other,Local,"1,500.00","2,000.00","1,750.00",Rs./Quintal,10-08-2026
Maharashtra,Ahilyanagar,APMC Shrirampur ,Vegetables,Tomato,Other,Local,"1,500.00","2,500.00","2,000.00",Rs./Quintal,09-08-2026
Maharashtra,Ahilyanagar,APMC Shrirampur ,Vegetables,Tomato,Other,Local,"1,000.00","2,000.00","1,500.00",Rs./Quintal,08-08-2026
Maharashtra,Ahilyanagar,APMC Shrirampur ,Vegetables,Tomato,Other,Local,"1,000.00","2,000.00","1,500.00",Rs./Quintal,07-08-2026
Maharashtra,Ahilyanagar,APMC Shrirampur ,Vegetables,Tomato,Other,Local,"1,500.00","2,500.00","2,000.00",Rs./Quintal,06-08-2026
Maharashtra,Ahilyanagar,APMC Shrirampur ,Vegetables,Tomato,Other,Local,"1,000.00","2,000.00","1,500.00",Rs./Quintal,05-08-2026
Maharashtra,Ahilyanagar,APMC Shrirampur ,Vegetables,Tomato,Other,Local,"1,500.00","2,000.00","1,750.00",Rs./Quintal,03-08-2026
Maharashtra,Ahilyanagar,APMC Shrirampur ,Vegetables,Tomato,Other,Local,"1,500.00","2,500.00","2,000.00",Rs./Quintal,02-08-2026
Maharashtra,Ahilyanagar,APMC Shrirampur ,Vegetables,Tomato,Other,Local,"1,000.00","1,500.00","1,250.00",Rs./Quintal,01-08-2026
Maharashtra,Ahilyanagar,APMC Shrirampur ,Vegetables,Tomato,Other,Local,"1,000.00","1,500.00","1,250.00",Rs./Quintal,31-07-2026
Maharashtra,Ahilyanagar,APMC Shrirampur ,Vegetables,Tomato,Other,Local,"1,000.00","1,500.00","1,250.00",Rs./Quintal,30-07-2026
Maharashtra,Ahilyanagar,APMC Shrirampur ,Vegetables,Tomato,Other,Local,"1,000.00","2,000.00","1,500.00",Rs./Quintal,29-07-2026
Maharashtra,Ahilyanagar,APMC Shrirampur ,Vegetables,Tomato,Other,Local,"1,500.00","2,000.00","1,750.00",Rs./Quintal,27-07-2026
Maharashtra,Ahilyanagar,APMC Shrirampur ,Vegetables,Tomato,Other,Local,"1,000.00","2,000.00","1,500.00",Rs./Quintal,26-07-2026
Maharashtra,Ahilyanagar,APMC Shrirampur ,Vegetables,Tomato,Other,Local,"1,000.00","2,000.00","1,500.00",Rs./Quintal,24-07-2026
Maharashtra,Ahilyanagar,APMC Shrirampur ,Vegetables,Tomato,Other,Local,"1,000.00","2,000.00","1,500.00",Rs./Quintal,23-07-2026
Maharashtra,Ahilyanagar,APMC Shrirampur ,Vegetables,Tomato,Other,Local,"1,000.00","2,000.00","1,500.00",Rs./Quintal,22-07-2026
Maharashtra,Ahilyanagar,APMC Shrirampur ,Vegetables,Tomato,Other,Local,"1,500.00","2,000.00","1,750.00",Rs./Quintal,20-07-2026
Maharashtra,Ahilyanagar,APMC Shrirampur ,Vegetables,Tomato,Other,Local,"1,500.00","2,500.00","2,000.00",Rs./Quintal,19-07-2026
Maharashtra,Ahilyanagar,APMC Shrirampur ,Vegetables,Tomato,Other,Local,"1,000.00","2,000.00","1,500.00",Rs./Quintal,18-07-2026
Maharashtra,Ahilyanagar,APMC Shrirampur ,Vegetables,Tomato,Other,Local,"1,000.00","2,000.00","1,500.00",Rs./Quintal,17-07-2026
Maharashtra,Ahilyanagar,APMC Shrirampur ,Vegetables,Tomato,Other,Local,"1,000.00","2,000.00","1,500.00",Rs./Quintal,16-07-2026
Maharashtra,Ahilyanagar,APMC Shrirampur ,Vegetables,Tomato,Other,Local,"1,000.00","2,000.00","1,500.00",Rs./Quintal,15-07-2026
Maharashtra,Ahilyanagar,APMC Shrirampur ,Vegetables,Tomato,Other,Local,"1,500.00","2,000.00","1,750.00",Rs./Quintal,13-07-2026
Maharashtra,Ahilyanagar,APMC Shrirampur ,Vegetables,Tomato,Other,Local,"1,500.00","2,500.00","2,000.00",Rs./Quintal,12-07-2026
Maharashtra,Ahilyanagar,APMC Shrirampur ,Vegetables,Tomato,Other,Local,"1,500.00","2,500.00","2,000.00",Rs./Quintal,11-07-2026
Maharashtra,Ahilyanagar,APMC Shrirampur ,Vegetables,Tomato,Other,Local,"1,500.00","2,500.00","2,000.00",Rs./Quintal,10-07-2026
Maharashtra,Ahilyanagar,APMC Shrirampur ,Vegetables,Tomato,Other,Local,"1,500.00","3,500.00","2,500.00",Rs./Quintal,09-07-2026
Maharashtra,Ahilyanagar,APMC Shrirampur ,Vegetables,Tomato,Other,Local,"1,500.00","2,500.00","2,000.00",Rs./Quintal,08-07-2026
Maharashtra,Ahilyanagar,APMC Shrirampur ,Vegetables,Tomato,Other,Local,"1,500.00","3,000.00","2,250.00",Rs./Quintal,06-07-2026
Maharashtra,Ahilyanagar,APMC Shrirampur ,Vegetables,Tomato,Other,Local,"1,500.00","2,500.00","2,000.00",Rs./Quintal,05-07-2026
Maharashtra,Ahilyanagar,APMC Shrirampur ,Vegetables,Tomato,Other,Local,"1,500.00","2,500.00","2,000.00",Rs./Quintal,04-07-2026
Maharashtra,Ahilyanagar,APMC Shrirampur ,Vegetables,Tomato,Other,Local,"1,500.00","2,500.00","2,000.00",Rs./Quintal,03-07-2026
Maharashtra,Ahilyanagar,APMC Shrirampur ,Vegetables,Tomato,Other,Local,"2,000.00","2,500.00","2,250.00",Rs./Quintal,02-07-2026
Maharashtra,Ahilyanagar,APMC Shrirampur ,Vegetables,Tomato,Other,Local,"2,000.00","3,000.00","2,550.00",Rs./Quintal,01-07-2026
Maharashtra,Ahilyanagar,APMC Shrirampur ,Vegetables,Tomato,Other,Local,"1,000.00","2,200.00","1,700.00",Rs./Quintal,29-06-2026
Maharashtra,Ahilyanagar,APMC Shrirampur ,Vegetables,Tomato,Other,Local,"1,000.00","2,500.00","1,700.00",Rs./Quintal,28-06-2026
Maharashtra,Ahilyanagar,APMC Shrirampur ,Vegetables,Tomato,Other,Local,"2,000.00","3,000.00","2,550.00",Rs./Quintal,25-06-2026
Maharashtra,Ahilyanagar,APMC Shrirampur ,Vegetables,Tomato,Other,Local,"2,000.00","3,000.00","2,500.00",Rs./Quintal,24-06-2026
Maharashtra,Ahilyanagar,APMC Shrirampur ,Vegetables,Tomato,Other,Local,"1,500.00","2,500.00","2,000.00",Rs./Quintal,22-06-2026
Maharashtra,Ahilyanagar,APMC Shrirampur ,Vegetables,Tomato,Other,Local,"2,000.00","3,000.00","2,550.00",Rs./Quintal,21-06-2026
Maharashtra,Ahilyanagar,APMC Shrirampur ,Vegetables,Tomato,Other,Local,"2,000.00","3,000.00","2,500.00",Rs./Quintal,20-06-2026
Maharashtra,Ahilyanagar,APMC Shrirampur ,Vegetables,Tomato,Other,Local,"1,000.00","2,000.00","1,550.00",Rs./Quintal,19-06-2026
Maharashtra,Ahilyanagar,APMC Shrirampur ,Vegetables,Tomato,Other,Local,"1,200.00","2,200.00","1,700.00",Rs./Quintal,18-06-2026
Maharashtra,Ahilyanagar,APMC Shrirampur ,Vegetables,Tomato,Other,Local,"1,000.00","2,200.00","1,700.00",Rs./Quintal,17-06-2026
Maharashtra,Ahilyanagar,APMC Shrirampur ,Vegetables,Tomato,Other,Local,"1,500.00","2,000.00","1,750.00",Rs./Quintal,15-06-2026
Maharashtra,Ahilyanagar,APMC Shrirampur ,Vegetables,Tomato,Other,Local,"1,000.00","2,500.00","1,700.00",Rs./Quintal,14-06-2026
Maharashtra,Ahilyanagar,APMC Shrirampur ,Vegetables,Tomato,Other,Local,"2,000.00","2,500.00","2,250.00",Rs./Quintal,13-06-2026
Maharashtra,Ahilyanagar,APMC Shrirampur ,Vegetables,Tomato,Other,Local,"1,500.00","2,200.00","1,850.00",Rs./Quintal,12-06-2026
Maharashtra,Ahilyanagar,APMC Shrirampur ,Vegetables,Tomato,Other,Local,"1,000.00","2,000.00","1,500.00",Rs./Quintal,11-06-2026
Maharashtra,Ahilyanagar,APMC Shrirampur ,Vegetables,Tomato,Other,Local,"1,000.00","2,000.00","1,550.00",Rs./Quintal,10-06-2026
Maharashtra,Ahilyanagar,APMC Shrirampur ,Vegetables,Tomato,Other,Local,"1,500.00","2,000.00","1,750.00",Rs./Quintal,08-06-2026
Maharashtra,Ahilyanagar,APMC Shrirampur ,Vegetables,Tomato,Other,Local,"1,000.00","2,000.00","1,550.00",Rs./Quintal,07-06-2026
Maharashtra,Ahilyanagar,APMC Shrirampur ,Vegetables,Tomato,Other,Local,"1,000.00","2,000.00","1,550.00",Rs./Quintal,06-06-2026
Maharashtra,Ahilyanagar,APMC Shrirampur ,Vegetables,Tomato,Other,Local,"1,000.00","2,000.00","1,550.00",Rs./Quintal,05-06-2026
Maharashtra,Ahilyanagar,APMC Shrirampur ,Vegetables,Tomato,Other,Local,"1,000.00","2,000.00","1,550.00",Rs./Quintal,04-06-2026
Maharashtra,Ahilyanagar,APMC Shrirampur ,Vegetables,Tomato,Other,Local,"1,000.00","1,500.00","1,250.00",Rs./Quintal,03-06-2026
Maharashtra,Ahilyanagar,APMC Shrirampur ,Vegetables,Tomato,Other,Local,"1,000.00","1,800.00","1,400.00",Rs./Quintal,01-06-2026
Maharashtra,Ahilyanagar,APMC Shrirampur ,Vegetables,Tomato,Other,Local,"1,500.00","2,000.00","1,750.00",Rs./Quintal,31-05-2026
Maharashtra,Ahilyanagar,APMC Shrirampur ,Vegetables,Tomato,Other,Local,"1,000.00","1,500.00","1,250.00",Rs./Quintal,30-05-2026
Maharashtra,Ahilyanagar,APMC Shrirampur ,Vegetables,Tomato,Other,Local,800.00,"1,500.00","1,150.00",Rs./Quintal,29-05-2026
Maharashtra,Ahilyanagar,APMC Shrirampur ,Vegetables,Tomato,Other,Local,"1,000.00","1,500.00","1,250.00",Rs./Quintal,28-05-2026
Maharashtra,Ahilyanagar,APMC Shrirampur ,Vegetables,Tomato,Other,Local,"1,500.00","2,000.00","1,750.00",Rs./Quintal,27-05-2026
Maharashtra,Ahilyanagar,APMC Shrirampur ,Vegetables,Tomato,Other,Local,"1,000.00","2,000.00","1,550.00",Rs./Quintal,25-05-2026
Maharashtra,Ahilyanagar,APMC Shrirampur ,Vegetables,Tomato,Other,Local,"1,000.00","1,500.00","1,250.00",Rs./Quintal,24-05-2026
Maharashtra,Ahilyanagar,APMC Shrirampur ,Vegetables,Tomato,Other,Local,"1,000.00","1,800.00","1,400.00",Rs./Quintal,23-05-2026
Maharashtra,Ahilyanagar,APMC Shrirampur ,Vegetables,Tomato,Other,Local,"1,000.00","2,000.00","1,550.00",Rs./Quintal,22-05-2026
Maharashtra,Ahilyanagar,APMC Shrirampur ,Vegetables,Tomato,Other,Local,"1,000.00","1,500.00","1,250.00",Rs./Quintal,21-05-2026
Maharashtra,Ahilyanagar,APMC Shrirampur ,Vegetables,Tomato,Other,Local,"1,000.00","1,500.00","1,250.00",Rs./Quintal,20-05-2026
Maharashtra,Ahilyanagar,APMC Shrirampur ,Vegetables,Tomato,Other,Local,"1,000.00","1,500.00","1,250.00",Rs./Quintal,18-05-2026
Maharashtra,Ahilyanagar,APMC Shrirampur ,Vegetables,Tomato,Other,Local,"1,000.00","1,800.00","1,400.00",Rs./Quintal,17-05-2026
Maharashtra,Ahilyanagar,APMC Shrirampur ,Vegetables,Tomato,Other,Local,"1,000.00","1,500.00","1,250.00",Rs./Quintal,15-05-2026
Maharashtra,Ahilyanagar,APMC Shrirampur ,Vegetables,Tomato,Other,Local,"1,000.00","1,500.00","1,250.00",Rs./Quintal,14-05-2026
Maharashtra,Ahilyanagar,APMC Shrirampur ,Vegetables,Tomato,Other,Local,"1,000.00","2,000.00","1,500.00",Rs./Quintal,13-05-2026
Maharashtra,Ahilyanagar,APMC Shrirampur ,Vegetables,Tomato,Other,Local,"1,000.00","1,500.00","1,250.00",Rs./Quintal,11-05-2026
Maharashtra,Ahilyanagar,APMC Shrirampur ,Vegetables,Tomato,Other,Local,"1,000.00","1,500.00","1,250.00",Rs./Quintal,10-05-2026
Maharashtra,Ahilyanagar,APMC Shrirampur ,Vegetables,Tomato,Other,Local,"1,000.00","1,500.00","1,250.00",Rs./Quintal,09-05-2026
Maharashtra,Ahilyanagar,APMC Shrirampur ,Vegetables,Tomato,Other,Local,"1,000.00","1,500.00","1,250.00",Rs./Quintal,08-05-2026
Maharashtra,Ahilyanagar,APMC Shrirampur ,Vegetables,Tomato,Other,Local,"1,000.00","1,500.00","1,250.00",Rs./Quintal,07-05-2026
Maharashtra,Ahilyanagar,APMC Shrirampur ,Vegetables,Tomato,Other,Local,"1,000.00","1,500.00","1,250.00",Rs./Quintal,06-05-2026
Maharashtra,Ahilyanagar,APMC Shrirampur ,Vegetables,Tomato,Other,Local,800.00,"1,200.00","1,000.00",Rs./Quintal,04-05-2026
Maharashtra,Ahilyanagar,APMC Shrirampur ,Vegetables,Tomato,Other,Local,"1,000.00","1,500.00","1,250.00",Rs./Quintal,03-05-2026
Maharashtra,Ahilyanagar,APMC Shrirampur ,Vegetables,Tomato,Other,Local,800.00,"1,000.00",900.00,Rs./Quintal,02-05-2026
Maharashtra,Ahilyanagar,APMC Shrirampur ,Vegetables,Tomato,Other,Local,800.00,"1,200.00","1,000.00",Rs./Quintal,01-05-2026
Maharashtra,Ahilyanagar,APMC Shrirampur ,Vegetables,Tomato,Other,Local,800.00,"1,200.00","1,000.00",Rs./Quintal,30-04-2026
Maharashtra,Ahilyanagar,APMC Shrirampur ,Vegetables,Tomato,Other,Local,"1,000.00","1,500.00","1,250.00",Rs./Quintal,29-04-2026
Maharashtra,Ahilyanagar,APMC Shrirampur ,Vegetables,Tomato,Other,Local,600.00,"1,000.00",800.00,Rs./Quintal,27-04-2026
Maharashtra,Ahilyanagar,APMC Shrirampur ,Vegetables,Tomato,Other,Local,800.00,"1,000.00",900.00,Rs./Quintal,26-04-2026
Maharashtra,Ahilyanagar,APMC Shrirampur ,Vegetables,Tomato,Other,Local,800.00,"1,200.00","1,000.00",Rs./Quintal,25-04-2026
Maharashtra,Ahilyanagar,APMC Shrirampur ,Vegetables,Tomato,Other,Local,800.00,"1,200.00","1,000.00",Rs./Quintal,24-04-2026
Maharashtra,Ahilyanagar,APMC Shrirampur ,Vegetables,Tomato,Other,Local,800.00,"1,200.00","1,000.00",Rs./Quintal,23-04-2026
Maharashtra,Ahilyanagar,APMC Shrirampur ,Vegetables,Tomato,Other,Local,500.00,"1,000.00",750.00,Rs./Quintal,22-04-2026
Maharashtra,Ahilyanagar,APMC Shrirampur ,Vegetables,Tomato,Other,Local,600.00,"1,000.00",800.00,Rs./Quintal,20-04-2026
Maharashtra,Ahilyanagar,APMC Shrirampur ,Vegetables,Tomato,Other,Local,500.00,"1,000.00",750.00,Rs./Quintal,19-04-2026
Maharashtra,Ahilyanagar,APMC Shrirampur ,Vegetables,Tomato,Other,Local,500.00,"1,000.00",750.00,Rs./Quintal,17-04-2026
Maharashtra,Ahilyanagar,APMC Shrirampur ,Vegetables,Tomato,Other,Local,500.00,"1,000.00",750.00,Rs./Quintal,16-04-2026
Maharashtra,Ahilyanagar,APMC Shrirampur ,Vegetables,Tomato,Other,Local,500.00,"1,000.00",750.00,Rs./Quintal,15-04-2026
Maharashtra,Ahilyanagar,APMC Shrirampur ,Vegetables,Tomato,Other,Local,500.00,"1,000.00",750.00,Rs./Quintal,13-04-2026
Maharashtra,Ahilyanagar,APMC Shrirampur ,Vegetables,Tomato,Other,Local,800.00,"1,000.00",900.00,Rs./Quintal,12-04-2026
Maharashtra,Ahilyanagar,APMC Shrirampur ,Vegetables,Tomato,Other,Local,800.00,"1,000.00",900.00,Rs./Quintal,11-04-2026
Maharashtra,Ahilyanagar,APMC Shrirampur ,Vegetables,Tomato,Other,Local,500.00,"1,000.00",750.00,Rs./Quintal,10-04-2026
Maharashtra,Ahilyanagar,APMC Shrirampur ,Vegetables,Tomato,Other,Local,800.00,"1,000.00",900.00,Rs./Quintal,09-04-2026
Maharashtra,Ahilyanagar,APMC Shrirampur ,Vegetables,Tomato,Other,Local,800.00,"1,000.00",900.00,Rs./Quintal,08-04-2026
Maharashtra,Ahilyanagar,APMC Shrirampur ,Vegetables,Tomato,Other,Local,500.00,"1,000.00",750.00,Rs./Quintal,06-04-2026
Maharashtra,Ahilyanagar,APMC Shrirampur ,Vegetables,Tomato,Other,Local,500.00,900.00,700.00,Rs./Quintal,05-04-2026
Maharashtra,Ahilyanagar,APMC Shrirampur ,Vegetables,Tomato,Other,Local,800.00,"1,000.00",900.00,Rs./Quintal,04-04-2026
Maharashtra,Ahilyanagar,APMC Shrirampur ,Vegetables,Tomato,Other,Local,500.00,900.00,700.00,Rs./Quintal,03-04-2026
Maharashtra,Ahilyanagar,APMC Shrirampur ,Vegetables,Tomato,Other,Local,500.00,900.00,700.00,Rs./Quintal,02-04-2026
Maharashtra,Ahilyanagar,APMC Shrirampur ,Vegetables,Tomato,Other,Local,500.00,"1,000.00",750.00,Rs./Quintal,01-04-2026
Maharashtra,Ahilyanagar,APMC Shrirampur ,Vegetables,Tomato,Other,Local,500.00,900.00,700.00,Rs./Quintal,30-03-2026
Maharashtra,Ahilyanagar,APMC Shrirampur ,Vegetables,Tomato,Other,Local,500.00,"1,000.00",750.00,Rs./Quintal,29-03-2026
Maharashtra,Ahilyanagar,APMC Shrirampur ,Vegetables,Tomato,Other,Local,500.00,800.00,650.00,Rs./Quintal,28-03-2026
Maharashtra,Ahilyanagar,APMC Shrirampur ,Vegetables,Tomato,Other,Local,800.00,"1,000.00",900.00,Rs./Quintal,27-03-2026
Maharashtra,Ahilyanagar,APMC Shrirampur ,Vegetables,Tomato,Other,Local,500.00,"1,000.00",750.00,Rs./Quintal,26-03-2026
Maharashtra,Ahilyanagar,APMC Shrirampur ,Vegetables,Tomato,Other,Local,500.00,"1,000.00",750.00,Rs./Quintal,25-03-2026
Maharashtra,Ahilyanagar,APMC Shrirampur ,Vegetables,Tomato,Other,Local,500.00,900.00,700.00,Rs./Quintal,23-03-2026
Maharashtra,Ahilyanagar,APMC Shrirampur ,Vegetables,Tomato,Other,Local,500.00,"1,000.00",750.00,Rs./Quintal,22-03-2026
Maharashtra,Ahilyanagar,APMC Shrirampur ,Vegetables,Tomato,Other,Local,500.00,"1,000.00",750.00,Rs./Quintal,20-03-2026
Maharashtra,Ahilyanagar,APMC Shrirampur ,Vegetables,Tomato,Other,Local,500.00,"1,000.00",750.00,Rs./Quintal,19-03-2026
Maharashtra,Ahilyanagar,APMC Shrirampur ,Vegetables,Tomato,Other,Local,500.00,"1,000.00",750.00,Rs./Quintal,18-03-2026
Maharashtra,Ahilyanagar,APMC Shrirampur ,Vegetables,Tomato,Other,Local,800.00,"1,000.00",900.00,Rs./Quintal,16-03-2026
Maharashtra,Ahilyanagar,APMC Shrirampur ,Vegetables,Tomato,Other,Local,800.00,"1,000.00",900.00,Rs./Quintal,15-03-2026
Maharashtra,Ahilyanagar,APMC Shrirampur ,Vegetables,Tomato,Other,Local,500.00,"1,000.00",750.00,Rs./Quintal,14-03-2026
Maharashtra,Ahilyanagar,APMC Shrirampur ,Vegetables,Tomato,Other,Local,500.00,"1,000.00",750.00,Rs./Quintal,13-03-2026
Maharashtra,Ahilyanagar,APMC Shrirampur ,Vegetables,Tomato,Other,Local,800.00,"1,000.00",900.00,Rs./Quintal,12-03-2026
Maharashtra,Ahilyanagar,APMC Shrirampur ,Vegetables,Tomato,Other,Local,800.00,"1,000.00",900.00,Rs./Quintal,11-03-2026
Maharashtra,Ahilyanagar,APMC Shrirampur ,Vegetables,Tomato,Other,Local,500.00,900.00,700.00,Rs./Quintal,09-03-2026
Maharashtra,Ahilyanagar,APMC Shrirampur ,Vegetables,Tomato,Other,Local,500.00,"1,000.00",750.00,Rs./Quintal,08-03-2026
Maharashtra,Ahilyanagar,APMC Shrirampur ,Vegetables,Tomato,Other,Local,500.00,"1,000.00",750.00,Rs./Quintal,07-03-2026
Maharashtra,Ahilyanagar,APMC Shrirampur ,Vegetables,Tomato,Other,Local,800.00,"1,400.00","1,100.00",Rs./Quintal,06-03-2026
Maharashtra,Ahilyanagar,APMC Shrirampur ,Vegetables,Tomato,Other,Local,800.00,"1,000.00",900.00,Rs./Quintal,05-03-2026
Maharashtra,Ahilyanagar,APMC Shrirampur ,Vegetables,Tomato,Other,Local,500.00,"1,000.00",750.00,Rs./Quintal,04-03-2026
Maharashtra,Ahilyanagar,APMC Shrirampur ,Vegetables,Tomato,Other,Local,500.00,"1,000.00",750.00,Rs./Quintal,02-03-2026
Maharashtra,Ahilyanagar,APMC Shrirampur ,Vegetables,Tomato,Other,Local,800.00,"1,200.00","1,000.00",Rs./Quintal,01-03-2026
Maharashtra,Ahilyanagar,APMC Shrirampur ,Vegetables,Tomato,Other,Local,500.00,"1,000.00",750.00,Rs./Quintal,28-02-2026
Maharashtra,Ahilyanagar,APMC Shrirampur ,Vegetables,Tomato,Other,Local,800.00,"1,200.00","1,000.00",Rs./Quintal,27-02-2026
Maharashtra,Ahilyanagar,APMC Shrirampur ,Vegetables,Tomato,Other,Local,800.00,"1,200.00","1,000.00",Rs./Quintal,26-02-2026
Maharashtra,Ahilyanagar,APMC Shrirampur ,Vegetables,Tomato,Other,Local,800.00,"1,500.00","1,150.00",Rs./Quintal,25-02-2026
Maharashtra,Ahilyanagar,APMC Shrirampur ,Vegetables,Tomato,Other,Local,800.00,"1,000.00",900.00,Rs./Quintal,23-02-2026
Maharashtra,Ahilyanagar,APMC Shrirampur ,Vegetables,Tomato,Other,Local,800.00,"1,200.00","1,000.00",Rs./Quintal,22-02-2026
Maharashtra,Ahilyanagar,APMC Shrirampur ,Vegetables,Tomato,Other,Local,800.00,"1,500.00","1,150.00",Rs./Quintal,21-02-2026
Maharashtra,Ahilyanagar,APMC Shrirampur ,Vegetables,Tomato,Other,Local,"1,000.00","1,400.00","1,200.00",Rs./Quintal,20-02-2026
Maharashtra,Ahilyanagar,APMC Shrirampur ,Vegetables,Tomato,Other,Local,800.00,"1,200.00","1,000.00",Rs./Quintal,19-02-2026
Maharashtra,Ahilyanagar,APMC Shrirampur ,Vegetables,Tomato,Other,Local,"1,000.00","1,500.00","1,250.00",Rs./Quintal,18-02-2026
Maharashtra,Ahilyanagar,APMC Shrirampur ,Vegetables,Tomato,Other,Local,800.00,"1,500.00","1,150.00",Rs./Quintal,16-02-2026
Maharashtra,Ahilyanagar,APMC Shrirampur ,Vegetables,Tomato,Other,Local,800.00,"1,400.00","1,100.00",Rs./Quintal,15-02-2026
Maharashtra,Ahilyanagar,APMC Shrirampur ,Vegetables,Tomato,Other,Local,"1,000.00","1,500.00","1,250.00",Rs./Quintal,14-02-2026
Maharashtra,Ahilyanagar,APMC Shrirampur ,Vegetables,Tomato,Other,Local,800.00,"1,500.00","1,150.00",Rs./Quintal,13-02-2026
Maharashtra,Ahilyanagar,APMC Shrirampur ,Vegetables,Tomato,Other,Local,"1,000.00","1,500.00","1,250.00",Rs./Quintal,12-02-2026
Maharashtra,Ahilyanagar,APMC Shrirampur ,Vegetables,Tomato,Other,Local,"1,000.00","1,500.00","1,250.00",Rs./Quintal,11-02-2026
Maharashtra,Ahilyanagar,APMC Shrirampur ,Vegetables,Tomato,Other,Local,"1,000.00","1,400.00","1,200.00",Rs./Quintal,09-02-2026
Maharashtra,Ahilyanagar,APMC Shrirampur ,Vegetables,Tomato,Other,Local,800.00,"1,500.00","1,150.00",Rs./Quintal,08-02-2026
Maharashtra,Ahilyanagar,APMC Shrirampur ,Vegetables,Tomato,Other,Local,800.00,"1,500.00","1,150.00",Rs./Quintal,07-02-2026
Maharashtra,Ahilyanagar,APMC Shrirampur ,Vegetables,Tomato,Other,Local,"1,000.00","1,500.00","1,250.00",Rs./Quintal,06-02-2026
Maharashtra,Ahilyanagar,APMC Shrirampur ,Vegetables,Tomato,Other,Local,"1,000.00","2,000.00","1,550.00",Rs./Quintal,05-02-2026
Maharashtra,Ahilyanagar,APMC Shrirampur ,Vegetables,Tomato,Other,Local,"1,000.00","1,500.00","1,250.00",Rs./Quintal,04-02-2026
Maharashtra,Ahilyanagar,APMC Shrirampur ,Vegetables,Tomato,Other,Local,"1,000.00","1,500.00","1,250.00",Rs./Quintal,02-02-2026
Maharashtra,Ahilyanagar,APMC Shrirampur ,Vegetables,Tomato,Other,Local,"1,000.00","1,500.00","1,250.00",Rs./Quintal,01-02-2026
Maharashtra,Ahilyanagar,APMC Shrirampur ,Vegetables,Tomato,Other,Local,"1,000.00","1,500.00","1,250.00",Rs./Quintal,31-01-2026
Maharashtra,Ahilyanagar,APMC Shrirampur ,Vegetables,Tomato,Other,Local,"1,000.00","1,500.00","1,250.00",Rs./Quintal,29-01-2026
Maharashtra,Ahilyanagar,APMC Shrirampur ,Vegetables,Tomato,Other,Local,"1,000.00","1,500.00","1,250.00",Rs./Quintal,28-01-2026
Maharashtra,Ahilyanagar,APMC Shrirampur ,Vegetables,Tomato,Other,Local,"1,500.00","2,000.00","1,750.00",Rs./Quintal,26-01-2026
Maharashtra,Ahilyanagar,APMC Shrirampur ,Vegetables,Tomato,Other,Local,"1,000.00","1,500.00","1,250.00",Rs./Quintal,24-01-2026
Maharashtra,Ahilyanagar,APMC Shrirampur ,Vegetables,Tomato,Other,Local,"1,000.00","1,500.00","1,250.00",Rs./Quintal,23-01-2026
Maharashtra,Ahilyanagar,APMC Shrirampur ,Vegetables,Tomato,Other,Local,"1,000.00","2,000.00","1,550.00",Rs./Quintal,22-01-2026
Maharashtra,Ahilyanagar,APMC Shrirampur ,Vegetables,Tomato,Other,Local,"1,500.00","2,000.00","1,750.00",Rs./Quintal,21-01-2026
Maharashtra,Ahilyanagar,APMC Shrirampur ,Vegetables,Tomato,Other,Local,"1,000.00","2,000.00","1,500.00",Rs./Quintal,19-01-2026
Maharashtra,Ahilyanagar,APMC Shrirampur ,Vegetables,Tomato,Other,Local,"1,000.00","2,000.00","1,500.00",Rs./Quintal,18-01-2026
Maharashtra,Ahilyanagar,APMC Shrirampur ,Vegetables,Tomato,Other,Local,"2,000.00","2,500.00","2,250.00",Rs./Quintal,17-01-2026
Maharashtra,Ahilyanagar,APMC Shrirampur ,Vegetables,Tomato,Other,Local,"1,000.00","1,500.00","1,250.00",Rs./Quintal,16-01-2026
Maharashtra,Ahilyanagar,APMC Shrirampur ,Vegetables,Tomato,Other,Local,800.00,"1,500.00","1,150.00",Rs./Quintal,15-01-2026
Maharashtra,Ahilyanagar,APMC Shrirampur ,Vegetables,Tomato,Other,Local,"1,000.00","1,500.00","1,250.00",Rs./Quintal,14-01-2026
Maharashtra,Ahilyanagar,APMC Shrirampur ,Vegetables,Tomato,Other,Local,"1,500.00","2,500.00","2,000.00",Rs./Quintal,12-01-2026
Maharashtra,Ahilyanagar,APMC Shrirampur ,Vegetables,Tomato,Other,Local,"1,000.00","1,500.00","1,250.00",Rs./Quintal,11-01-2026
Maharashtra,Ahilyanagar,APMC Shrirampur ,Vegetables,Tomato,Other,Local,"1,500.00","2,000.00","1,750.00",Rs./Quintal,10-01-2026
Maharashtra,Ahilyanagar,APMC Shrirampur ,Vegetables,Tomato,Other,Local,"1,500.00","2,500.00","2,000.00",Rs./Quintal,09-01-2026
Maharashtra,Ahilyanagar,APMC Shrirampur ,Vegetables,Tomato,Other,Local,"1,500.00","2,500.00","2,000.00",Rs./Quintal,08-01-2026
Maharashtra,Ahilyanagar,APMC Shrirampur ,Vegetables,Tomato,Other,Local,"2,000.00","2,500.00","2,250.00",Rs./Quintal,07-01-2026
Maharashtra,Ahilyanagar,APMC Shrirampur ,Vegetables,Tomato,Other,Local,"2,000.00","2,500.00","2,250.00",Rs./Quintal,05-01-2026
Maharashtra,Ahilyanagar,APMC Shrirampur ,Vegetables,Tomato,Other,Local,"2,500.00","3,500.00","3,000.00",Rs./Quintal,04-01-2026
Maharashtra,Ahilyanagar,APMC Shrirampur ,Vegetables,Tomato,Other,Local,"2,000.00","2,500.00","2,250.00",Rs./Quintal,03-01-2026
Maharashtra,Ahilyanagar,APMC Shrirampur ,Vegetables,Tomato,Other,Local,"2,000.00","3,500.00","2,750.00",Rs./Quintal,02-01-2026
Maharashtra,Ahilyanagar,APMC Shrirampur ,Vegetables,Tomato,Other,Local,"2,500.00","3,000.00","2,750.00",Rs./Quintal,01-01-2026
Maharashtra,Ahilyanagar,Rahuri(Songaon) ,Vegetables,Tomato,Other,Local,"1,000.00","3,000.00","2,000.00",Rs./Quintal,13-01-2026
Maharashtra,Ahilyanagar,Rahuri(Songaon) ,Vegetables,Tomato,Other,Local,"1,500.00","4,000.00","2,750.00",Rs./Quintal,06-01-2026
Maharashtra,Amarawati,Amrawati(Frui & Veg. Market) ,Vegetables,Tomato,Local,Local,"1,000.00","2,000.00","1,500.00",Rs./Quintal,02-09-2026
Maharashtra,Amarawati,Amrawati(Frui & Veg. Market) ,Vegetables,Tomato,Local,Local,"1,200.00","2,000.00","1,600.00",Rs./Quintal,01-09-2026
Maharashtra,Amarawati,Amrawati(Frui & Veg. Market) ,Vegetables,Tomato,Local,Local,"1,500.00","2,000.00","1,750.00",Rs./Quintal,31-08-2026
Maharashtra,Amarawati,Amrawati(Frui & Veg. Market) ,Vegetables,Tomato,Local,Local,"1,000.00","2,000.00","1,500.00",Rs./Quintal,30-08-2026
Maharashtra,Amarawati,Amrawati(Frui & Veg. Market) ,Vegetables,Tomato,Local,Local,"1,500.00","2,000.00","1,750.00",Rs./Quintal,25-08-2026
Maharashtra,Amarawati,Amrawati(Frui & Veg. Market) ,Vegetables,Tomato,Local,Local,"1,200.00","2,000.00","1,600.00",Rs./Quintal,24-08-2026
Maharashtra,Amarawati,Amrawati(Frui & Veg. Market) ,Vegetables,Tomato,Local,Local,"1,400.00","2,200.00","1,800.00",Rs./Quintal,23-08-2026
Maharashtra,Amarawati,Amrawati(Frui & Veg. Market) ,Vegetables,Tomato,Local,Local,"1,200.00","2,200.00","1,700.00",Rs./Quintal,22-08-2026
Maharashtra,Amarawati,Amrawati(Frui & Veg. Market) ,Vegetables,Tomato,Local,Local,"1,500.00","2,000.00","1,750.00",Rs./Quintal,21-08-2026
Maharashtra,Amarawati,Amrawati(Frui & Veg. Market) ,Vegetables,Tomato,Local,Local,"1,500.00","2,000.00","1,750.00",Rs./Quintal,19-08-2026
Maharashtra,Amarawati,Amrawati(Frui & Veg. Market) ,Vegetables,Tomato,Local,Local,"1,500.00","2,500.00","2,000.00",Rs./Quintal,18-08-2026
Maharashtra,Amarawati,Amrawati(Frui & Veg. Market) ,Vegetables,Tomato,Local,Local,"1,500.00","2,200.00","1,850.00",Rs./Quintal,17-08-2026
Maharashtra,Amarawati,Amrawati(Frui & Veg. Market) ,Vegetables,Tomato,Local,Local,"1,500.00","2,500.00","2,000.00",Rs./Quintal,16-08-2026
Maharashtra,Amarawati,Amrawati(Frui & Veg. Market) ,Vegetables,Tomato,Local,Local,"1,300.00","2,400.00","1,850.00",Rs./Quintal,14-08-2026
Maharashtra,Amarawati,Amrawati(Frui & Veg. Market) ,Vegetables,Tomato,Local,Local,"1,500.00","2,500.00","2,000.00",Rs./Quintal,12-08-2026
Maharashtra,Amarawati,Amrawati(Frui & Veg. Market) ,Vegetables,Tomato,Local,Local,"2,000.00","2,600.00","2,300.00",Rs./Quintal,11-08-2026
Maharashtra,Amarawati,Amrawati(Frui & Veg. Market) ,Vegetables,Tomato,Local,Local,"1,500.00","2,000.00","1,750.00",Rs./Quintal,10-08-2026
Maharashtra,Amarawati,Amrawati(Frui & Veg. Market) ,Vegetables,Tomato,Local,Local,"1,500.00","2,000.00","1,750.00",Rs./Quintal,09-08-2026
Maharashtra,Amarawati,Amrawati(Frui & Veg. Market) ,Vegetables,Tomato,Local,Local,"1,400.00","2,400.00","1,900.00",Rs./Quintal,08-08-2026
Maharashtra,Amarawati,Amrawati(Frui & Veg. Market) ,Vegetables,Tomato,Local,Local,"1,300.00","2,400.00","1,850.00",Rs./Quintal,07-08-2026
Maharashtra,Amarawati,Amrawati(Frui & Veg. Market) ,Vegetables,Tomato,Local,Local,"1,500.00","2,500.00","2,000.00",Rs./Quintal,05-08-2026
Maharashtra,Amarawati,Amrawati(Frui & Veg. Market) ,Vegetables,Tomato,Local,Local,"1,300.00","2,400.00","1,850.00",Rs./Quintal,04-08-2026
Maharashtra,Amarawati,Amrawati(Frui & Veg. Market) ,Vegetables,Tomato,Local,Local,"2,000.00","2,600.00","2,300.00",Rs./Quintal,03-08-2026
Maharashtra,Amarawati,Amrawati(Frui & Veg. Market) ,Vegetables,Tomato,Local,Local,"2,000.00","2,500.00","2,250.00",Rs./Quintal,02-08-2026
Maharashtra,Amarawati,Amrawati(Frui & Veg. Market) ,Vegetables,Tomato,Local,Local,"2,500.00","3,000.00","2,750.00",Rs./Quintal,01-08-2026
Maharashtra,Amarawati,Amrawati(Frui & Veg. Market) ,Vegetables,Tomato,Local,Local,"2,600.00","3,200.00","2,900.00",Rs./Quintal,31-07-2026
Maharashtra,Amarawati,Amrawati(Frui & Veg. Market) ,Vegetables,Tomato,Local,Local,"2,200.00","3,000.00","2,600.00",Rs./Quintal,29-07-2026
Maharashtra,Amarawati,Amrawati(Frui & Veg. Market) ,Vegetables,Tomato,Local,Local,"2,500.00","3,000.00","2,750.00",Rs./Quintal,28-07-2026
Maharashtra,Amarawati,Amrawati(Frui & Veg. Market) ,Vegetables,Tomato,Local,Local,"2,000.00","3,000.00","2,500.00",Rs./Quintal,27-07-2026
Maharashtra,Amarawati,Amrawati(Frui & Veg. Market) ,Vegetables,Tomato,Local,Local,"2,500.00","3,000.00","2,750.00",Rs./Quintal,26-07-2026
Maharashtra,Amarawati,Amrawati(Frui & Veg. Market) ,Vegetables,Tomato,Local,Local,"2,400.00","3,000.00","2,700.00",Rs./Quintal,25-07-2026
Maharashtra,Amarawati,Amrawati(Frui & Veg. Market) ,Vegetables,Tomato,Local,Local,"2,500.00","3,000.00","2,750.00",Rs./Quintal,24-07-2026
Maharashtra,Amarawati,Amrawati(Frui & Veg. Market) ,Vegetables,Tomato,Local,Local,"2,400.00","3,000.00","2,700.00",Rs./Quintal,22-07-2026
Maharashtra,Amarawati,Amrawati(Frui & Veg. Market) ,Vegetables,Tomato,Local,Local,"2,500.00","3,000.00","2,750.00",Rs./Quintal,21-07-2026
Maharashtra,Amarawati,Amrawati(Frui & Veg. Market) ,Vegetables,Tomato,Local,Local,"2,400.00","2,800.00","2,600.00",Rs./Quintal,20-07-2026
Maharashtra,Amarawati,Amrawati(Frui & Veg. Market) ,Vegetables,Tomato,Local,Local,"2,500.00","3,000.00","2,750.00",Rs./Quintal,19-07-2026
Maharashtra,Amarawati,Amrawati(Frui & Veg. Market) ,Vegetables,Tomato,Local,Local,"2,600.00","3,200.00","2,900.00",Rs./Quintal,18-07-2026
Maharashtra,Amarawati,Amrawati(Frui & Veg. Market) ,Vegetables,Tomato,Local,Local,"2,500.00","3,000.00","2,750.00",Rs./Quintal,17-07-2026
Maharashtra,Amarawati,Amrawati(Frui & Veg. Market) ,Vegetables,Tomato,Local,Local,"2,600.00","3,200.00","2,900.00",Rs./Quintal,15-07-2026
Maharashtra,Amarawati,Amrawati(Frui & Veg. Market) ,Vegetables,Tomato,Local,Local,"2,500.00","3,000.00","2,750.00",Rs./Quintal,14-07-2026
Maharashtra,Amarawati,Amrawati(Frui & Veg. Market) ,Vegetables,Tomato,Local,Local,"2,200.00","3,000.00","2,600.00",Rs./Quintal,13-07-2026
Maharashtra,Amarawati,Amrawati(Frui & Veg. Market) ,Vegetables,Tomato,Local,Local,"2,500.00","3,000.00","2,750.00",Rs./Quintal,12-07-2026
Maharashtra,Amarawati,Amrawati(Frui & Veg. Market) ,Vegetables,Tomato,Local,Local,"2,200.00","2,800.00","2,500.00",Rs./Quintal,11-07-2026
Maharashtra,Amarawati,Amrawati(Frui & Veg. Market) ,Vegetables,Tomato,Local,Local,"2,500.00","3,000.00","2,750.00",Rs./Quintal,10-07-2026
Maharashtra,Amarawati,Amrawati(Frui & Veg. Market) ,Vegetables,Tomato,Local,Local,"2,000.00","2,600.00","2,300.00",Rs./Quintal,08-07-2026
Maharashtra,Amarawati,Amrawati(Frui & Veg. Market) ,Vegetables,Tomato,Local,Local,"2,200.00","2,800.00","2,500.00",Rs./Quintal,07-07-2026
Maharashtra,Amarawati,Amrawati(Frui & Veg. Market) ,Vegetables,Tomato,Local,Local,"2,000.00","2,500.00","2,250.00",Rs./Quintal,06-07-2026
Maharashtra,Amarawati,Amrawati(Frui & Veg. Market) ,Vegetables,Tomato,Local,Local,"2,200.00","2,800.00","2,500.00",Rs./Quintal,05-07-2026
Maharashtra,Amarawati,Amrawati(Frui & Veg. Market) ,Vegetables,Tomato,Local,Local,"2,400.00","3,000.00","2,700.00",Rs./Quintal,04-07-2026
Maharashtra,Amarawati,Amrawati(Frui & Veg. Market) ,Vegetables,Tomato,Local,Local,"2,500.00","3,000.00","2,750.00",Rs./Quintal,03-07-2026
Maharashtra,Amarawati,Amrawati(Frui & Veg. Market) ,Vegetables,Tomato,Local,Local,"1,200.00","2,600.00","1,900.00",Rs./Quintal,01-07-2026
Maharashtra,Amarawati,Amrawati(Frui & Veg. Market) ,Vegetables,Tomato,Local,Local,"1,000.00","2,500.00","1,750.00",Rs./Quintal,30-06-2026
Maharashtra,Amarawati,Amrawati(Frui & Veg. Market) ,Vegetables,Tomato,Local,Local,"1,000.00","2,600.00","1,800.00",Rs./Quintal,29-06-2026
Maharashtra,Amarawati,Amrawati(Frui & Veg. Market) ,Vegetables,Tomato,Local,Local,"2,600.00","3,200.00","2,900.00",Rs./Quintal,28-06-2026
Maharashtra,Amarawati,Amrawati(Frui & Veg. Market) ,Vegetables,Tomato,Local,Local,"2,500.00","3,000.00","2,750.00",Rs./Quintal,27-06-2026
Maharashtra,Amarawati,Amrawati(Frui & Veg. Market) ,Vegetables,Tomato,Local,Local,"2,500.00","3,000.00","2,750.00",Rs./Quintal,26-06-2026
Maharashtra,Amarawati,Amrawati(Frui & Veg. Market) ,Vegetables,Tomato,Local,Local,"2,500.00","3,000.00","2,750.00",Rs./Quintal,24-06-2026
Maharashtra,Amarawati,Amrawati(Frui & Veg. Market) ,Vegetables,Tomato,Local,Local,"3,500.00","4,500.00","4,000.00",Rs./Quintal,23-06-2026
Maharashtra,Amarawati,Amrawati(Frui & Veg. Market) ,Vegetables,Tomato,Local,Local,"3,000.00","4,000.00","3,500.00",Rs./Quintal,22-06-2026
Maharashtra,Amarawati,Amrawati(Frui & Veg. Market) ,Vegetables,Tomato,Local,Local,"2,500.00","3,500.00","3,000.00",Rs./Quintal,21-06-2026
Maharashtra,Amarawati,Amrawati(Frui & Veg. Market) ,Vegetables,Tomato,Local,Local,"2,400.00","3,200.00","2,800.00",Rs./Quintal,20-06-2026
Maharashtra,Amarawati,Amrawati(Frui & Veg. Market) ,Vegetables,Tomato,Local,Local,"2,500.00","3,500.00","3,000.00",Rs./Quintal,19-06-2026
Maharashtra,Amarawati,Amrawati(Frui & Veg. Market) ,Vegetables,Tomato,Local,Local,"2,500.00","3,800.00","3,150.00",Rs./Quintal,17-06-2026
Maharashtra,Amarawati,Amrawati(Frui & Veg. Market) ,Vegetables,Tomato,Local,Local,"2,500.00","3,500.00","3,000.00",Rs./Quintal,16-06-2026
Maharashtra,Amarawati,Amrawati(Frui & Veg. Market) ,Vegetables,Tomato,Local,Local,"2,600.00","3,600.00","3,100.00",Rs./Quintal,15-06-2026
Maharashtra,Amarawati,Amrawati(Frui & Veg. Market) ,Vegetables,Tomato,Local,Local,"2,500.00","3,500.00","3,000.00",Rs./Quintal,14-06-2026
Maharashtra,Amarawati,Amrawati(Frui & Veg. Market) ,Vegetables,Tomato,Local,Local,"2,400.00","3,200.00","2,900.00",Rs./Quintal,13-06-2026
Maharashtra,Amarawati,Amrawati(Frui & Veg. Market) ,Vegetables,Tomato,Local,Local,"2,500.00","3,500.00","3,000.00",Rs./Quintal,12-06-2026
Maharashtra,Amarawati,Amrawati(Frui & Veg. Market) ,Vegetables,Tomato,Local,Local,"2,500.00","3,500.00","3,000.00",Rs./Quintal,10-06-2026
Maharashtra,Amarawati,Amrawati(Frui & Veg. Market) ,Vegetables,Tomato,Local,Local,"2,600.00","3,200.00","2,900.00",Rs./Quintal,09-06-2026
Maharashtra,Amarawati,Amrawati(Frui & Veg. Market) ,Vegetables,Tomato,Local,Local,"2,500.00","3,000.00","2,750.00",Rs./Quintal,08-06-2026
Maharashtra,Amarawati,Amrawati(Frui & Veg. Market) ,Vegetables,Tomato,Local,Local,"2,600.00","3,200.00","2,900.00",Rs./Quintal,07-06-2026
Maharashtra,Amarawati,Amrawati(Frui & Veg. Market) ,Vegetables,Tomato,Local,Local,"2,500.00","3,000.00","2,750.00",Rs./Quintal,06-06-2026
Maharashtra,Amarawati,Amrawati(Frui & Veg. Market) ,Vegetables,Tomato,Local,Local,"2,600.00","3,200.00","2,900.00",Rs./Quintal,05-06-2026
Maharashtra,Amarawati,Amrawati(Frui & Veg. Market) ,Vegetables,Tomato,Local,Local,"2,500.00","3,500.00","3,000.00",Rs./Quintal,03-06-2026
Maharashtra,Amarawati,Amrawati(Frui & Veg. Market) ,Vegetables,Tomato,Local,Local,"2,600.00","3,200.00","2,900.00",Rs./Quintal,02-06-2026
Maharashtra,Amarawati,Amrawati(Frui & Veg. Market) ,Vegetables,Tomato,Local,Local,"2,500.00","3,500.00","3,000.00",Rs./Quintal,01-06-2026
Maharashtra,Amarawati,Amrawati(Frui & Veg. Market) ,Vegetables,Tomato,Local,Local,"2,500.00","2,800.00","2,650.00",Rs./Quintal,31-05-2026
Maharashtra,Amarawati,Amrawati(Frui & Veg. Market) ,Vegetables,Tomato,Local,Local,"2,200.00","2,600.00","2,400.00",Rs./Quintal,30-05-2026
Maharashtra,Amarawati,Amrawati(Frui & Veg. Market) ,Vegetables,Tomato,Local,Local,"2,000.00","2,800.00","2,400.00",Rs./Quintal,29-05-2026
Maharashtra,Amarawati,Amrawati(Frui & Veg. Market) ,Vegetables,Tomato,Local,Local,"2,200.00","2,800.00","2,500.00",Rs./Quintal,27-05-2026
Maharashtra,Amarawati,Amrawati(Frui & Veg. Market) ,Vegetables,Tomato,Local,Local,"2,000.00","2,800.00","2,400.00",Rs./Quintal,26-05-2026
Maharashtra,Amarawati,Amrawati(Frui & Veg. Market) ,Vegetables,Tomato,Local,Local,"2,200.00","2,800.00","2,500.00",Rs./Quintal,25-05-2026
Maharashtra,Amarawati,Amrawati(Frui & Veg. Market) ,Vegetables,Tomato,Local,Local,"1,600.00","2,400.00","2,000.00",Rs./Quintal,24-05-2026
Maharashtra,Amarawati,Amrawati(Frui & Veg. Market) ,Vegetables,Tomato,Local,Local,"1,500.00","2,500.00","2,000.00",Rs./Quintal,23-05-2026
Maharashtra,Amarawati,Amrawati(Frui & Veg. Market) ,Vegetables,Tomato,Local,Local,"1,800.00","2,400.00","2,100.00",Rs./Quintal,22-05-2026
Maharashtra,Amarawati,Amrawati(Frui & Veg. Market) ,Vegetables,Tomato,Local,Local,"1,600.00","2,200.00","1,900.00",Rs./Quintal,20-05-2026
Maharashtra,Amarawati,Amrawati(Frui & Veg. Market) ,Vegetables,Tomato,Local,Local,"2,200.00","3,000.00","2,600.00",Rs./Quintal,19-05-2026
Maharashtra,Amarawati,Amrawati(Frui & Veg. Market) ,Vegetables,Tomato,Local,Local,"2,200.00","2,600.00","2,400.00",Rs./Quintal,18-05-2026
Maharashtra,Amarawati,Amrawati(Frui & Veg. Market) ,Vegetables,Tomato,Local,Local,"2,000.00","3,000.00","2,500.00",Rs./Quintal,17-05-2026
Maharashtra,Amarawati,Amrawati(Frui & Veg. Market) ,Vegetables,Tomato,Local,Local,"1,600.00","2,400.00","2,000.00",Rs./Quintal,16-05-2026
Maharashtra,Amarawati,Amrawati(Frui & Veg. Market) ,Vegetables,Tomato,Local,Local,"1,800.00","2,400.00","2,100.00",Rs./Quintal,15-05-2026
Maharashtra,Amarawati,Amrawati(Frui & Veg. Market) ,Vegetables,Tomato,Local,Local,"2,000.00","2,500.00","2,250.00",Rs./Quintal,13-05-2026
Maharashtra,Amarawati,Amrawati(Frui & Veg. Market) ,Vegetables,Tomato,Local,Local,"1,500.00","2,000.00","1,750.00",Rs./Quintal,12-05-2026
Maharashtra,Amarawati,Amrawati(Frui & Veg. Market) ,Vegetables,Tomato,Local,Local,"1,600.00","2,000.00","1,800.00",Rs./Quintal,11-05-2026
Maharashtra,Amarawati,Amrawati(Frui & Veg. Market) ,Vegetables,Tomato,Local,Local,"1,800.00","2,000.00","1,900.00",Rs./Quintal,10-05-2026
Maharashtra,Amarawati,Amrawati(Frui & Veg. Market) ,Vegetables,Tomato,Local,Local,"1,600.00","2,000.00","1,800.00",Rs./Quintal,09-05-2026
Maharashtra,Amarawati,Amrawati(Frui & Veg. Market) ,Vegetables,Tomato,Local,Local,"1,500.00","2,000.00","1,750.00",Rs./Quintal,08-05-2026
Maharashtra,Amarawati,Amrawati(Frui & Veg. Market) ,Vegetables,Tomato,Local,Local,"1,500.00","2,000.00","1,750.00",Rs./Quintal,06-05-2026
Maharashtra,Amarawati,Amrawati(Frui & Veg. Market) ,Vegetables,Tomato,Local,Local,"1,400.00","2,000.00","1,700.00",Rs./Quintal,05-05-2026
Maharashtra,Amarawati,Amrawati(Frui & Veg. Market) ,Vegetables,Tomato,Local,Local,"1,500.00","2,000.00","1,750.00",Rs./Quintal,04-05-2026
Maharashtra,Amarawati,Amrawati(Frui & Veg. Market) ,Vegetables,Tomato,Local,Local,"1,600.00","2,000.00","1,800.00",Rs./Quintal,03-05-2026
Maharashtra,Amarawati,Amrawati(Frui & Veg. Market) ,Vegetables,Tomato,Local,Local,"1,800.00","2,000.00","1,900.00",Rs./Quintal,02-05-2026
Maharashtra,Amarawati,Amrawati(Frui & Veg. Market) ,Vegetables,Tomato,Local,Local,"1,800.00","2,000.00","1,900.00",Rs./Quintal,01-05-2026
Maharashtra,Amarawati,Amrawati(Frui & Veg. Market) ,Vegetables,Tomato,Local,Local,"2,000.00","3,000.00","2,500.00",Rs./Quintal,29-04-2026
Maharashtra,Amarawati,Amrawati(Frui & Veg. Market) ,Vegetables,Tomato,Local,Local,"1,600.00","2,000.00","1,800.00",Rs./Quintal,28-04-2026
Maharashtra,Amarawati,Amrawati(Frui & Veg. Market) ,Vegetables,Tomato,Local,Local,"1,000.00","1,400.00","1,200.00",Rs./Quintal,27-04-2026
Maharashtra,Amarawati,Amrawati(Frui & Veg. Market) ,Vegetables,Tomato,Local,Local,"1,000.00","1,300.00","1,150.00",Rs./Quintal,26-04-2026
Maharashtra,Amarawati,Amrawati(Frui & Veg. Market) ,Vegetables,Tomato,Local,Local,"1,000.00","1,400.00","1,200.00",Rs./Quintal,25-04-2026
Maharashtra,Amarawati,Amrawati(Frui & Veg. Market) ,Vegetables,Tomato,Local,Local,"1,000.00","1,300.00","1,150.00",Rs./Quintal,24-04-2026
Maharashtra,Amarawati,Amrawati(Frui & Veg. Market) ,Vegetables,Tomato,Local,Local,"1,000.00","1,400.00","1,200.00",Rs./Quintal,22-04-2026
Maharashtra,Amarawati,Amrawati(Frui & Veg. Market) ,Vegetables,Tomato,Local,Local,"1,000.00","1,400.00","1,200.00",Rs./Quintal,21-04-2026
Maharashtra,Amarawati,Amrawati(Frui & Veg. Market) ,Vegetables,Tomato,Local,Local,"1,000.00","1,500.00","1,250.00",Rs./Quintal,20-04-2026
Maharashtra,Amarawati,Amrawati(Frui & Veg. Market) ,Vegetables,Tomato,Local,Local,"1,000.00","1,400.00","1,200.00",Rs./Quintal,19-04-2026
Maharashtra,Amarawati,Amrawati(Frui & Veg. Market) ,Vegetables,Tomato,Local,Local,"1,000.00","1,500.00","1,250.00",Rs./Quintal,18-04-2026
Maharashtra,Amarawati,Amrawati(Frui & Veg. Market) ,Vegetables,Tomato,Local,Local,"1,000.00","1,400.00","1,200.00",Rs./Quintal,17-04-2026
Maharashtra,Amarawati,Amrawati(Frui & Veg. Market) ,Vegetables,Tomato,Local,Local,"1,000.00","1,400.00","1,200.00",Rs./Quintal,15-04-2026
Maharashtra,Amarawati,Amrawati(Frui & Veg. Market) ,Vegetables,Tomato,Local,Local,"1,200.00","1,400.00","1,300.00",Rs./Quintal,14-04-2026
Maharashtra,Amarawati,Amrawati(Frui & Veg. Market) ,Vegetables,Tomato,Local,Local,"1,000.00","1,500.00","1,250.00",Rs./Quintal,13-04-2026
Maharashtra,Amarawati,Amrawati(Frui & Veg. Market) ,Vegetables,Tomato,Local,Local,"1,200.00","1,600.00","1,400.00",Rs./Quintal,12-04-2026
Maharashtra,Amarawati,Amrawati(Frui & Veg. Market) ,Vegetables,Tomato,Local,Local,"1,400.00","1,600.00","1,500.00",Rs./Quintal,11-04-2026
Maharashtra,Amarawati,Amrawati(Frui & Veg. Market) ,Vegetables,Tomato,Local,Local,"1,400.00","1,600.00","1,500.00",Rs./Quintal,10-04-2026
Maharashtra,Amarawati,Amrawati(Frui & Veg. Market) ,Vegetables,Tomato,Local,Local,800.00,"1,200.00","1,000.00",Rs./Quintal,08-04-2026
Maharashtra,Amarawati,Amrawati(Frui & Veg. Market) ,Vegetables,Tomato,Local,Local,"1,000.00","1,300.00","1,150.00",Rs./Quintal,07-04-2026
Maharashtra,Amarawati,Amrawati(Frui & Veg. Market) ,Vegetables,Tomato,Local,Local,800.00,"1,200.00","1,000.00",Rs./Quintal,06-04-2026
Maharashtra,Amarawati,Amrawati(Frui & Veg. Market) ,Vegetables,Tomato,Local,Local,"1,200.00","1,500.00","1,350.00",Rs./Quintal,05-04-2026
Maharashtra,Amarawati,Amrawati(Frui & Veg. Market) ,Vegetables,Tomato,Local,Local,"1,300.00","1,500.00","1,400.00",Rs./Quintal,03-04-2026
Maharashtra,Amarawati,Amrawati(Frui & Veg. Market) ,Vegetables,Tomato,Local,Local,800.00,"1,200.00","1,000.00",Rs./Quintal,01-04-2026
Maharashtra,Amarawati,Amrawati(Frui & Veg. Market) ,Vegetables,Tomato,Local,Local,"1,000.00","1,200.00","1,100.00",Rs./Quintal,31-03-2026
Maharashtra,Amarawati,Amrawati(Frui & Veg. Market) ,Vegetables,Tomato,Local,Local,800.00,"1,200.00","1,000.00",Rs./Quintal,30-03-2026
Maharashtra,Amarawati,Amrawati(Frui & Veg. Market) ,Vegetables,Tomato,Local,Local,800.00,"1,000.00",900.00,Rs./Quintal,29-03-2026
Maharashtra,Amarawati,Amrawati(Frui & Veg. Market) ,Vegetables,Tomato,Local,Local,800.00,"1,200.00","1,000.00",Rs./Quintal,28-03-2026
Maharashtra,Amarawati,Amrawati(Frui & Veg. Market) ,Vegetables,Tomato,Local,Local,"1,000.00","1,200.00","1,100.00",Rs./Quintal,27-03-2026
Maharashtra,Amarawati,Amrawati(Frui & Veg. Market) ,Vegetables,Tomato,Local,Local,700.00,"1,000.00",850.00,Rs./Quintal,25-03-2026
Maharashtra,Amarawati,Amrawati(Frui & Veg. Market) ,Vegetables,Tomato,Local,Local,800.00,"1,200.00","1,000.00",Rs./Quintal,24-03-2026
Maharashtra,Amarawati,Amrawati(Frui & Veg. Market) ,Vegetables,Tomato,Local,Local,"1,000.00","1,200.00","1,100.00",Rs./Quintal,23-03-2026
Maharashtra,Amarawati,Amrawati(Frui & Veg. Market) ,Vegetables,Tomato,Local,Local,800.00,"1,200.00","1,000.00",Rs./Quintal,22-03-2026
Maharashtra,Amarawati,Amrawati(Frui & Veg. Market) ,Vegetables,Tomato,Local,Local,800.00,"1,200.00","1,000.00",Rs./Quintal,20-03-2026
Maharashtra,Amarawati,Amrawati(Frui & Veg. Market) ,Vegetables,Tomato,Local,Local,"1,000.00","1,200.00","1,100.00",Rs./Quintal,18-03-2026
Maharashtra,Amarawati,Amrawati(Frui & Veg. Market) ,Vegetables,Tomato,Local,Local,800.00,"1,100.00",950.00,Rs./Quintal,17-03-2026
Maharashtra,Amarawati,Amrawati(Frui & Veg. Market) ,Vegetables,Tomato,Local,Local,700.00,"1,000.00",850.00,Rs./Quintal,16-03-2026
Maharashtra,Amarawati,Amrawati(Frui & Veg. Market) ,Vegetables,Tomato,Local,Local,800.00,"1,000.00",900.00,Rs./Quintal,15-03-2026
Maharashtra,Amarawati,Amrawati(Frui & Veg. Market) ,Vegetables,Tomato,Local,Local,700.00,"1,000.00",850.00,Rs./Quintal,14-03-2026
Maharashtra,Amarawati,Amrawati(Frui & Veg. Market) ,Vegetables,Tomato,Local,Local,800.00,"1,000.00",900.00,Rs./Quintal,13-03-2026
Maharashtra,Amarawati,Amrawati(Frui & Veg. Market) ,Vegetables,Tomato,Local,Local,800.00,"1,000.00",900.00,Rs./Quintal,11-03-2026
Maharashtra,Amarawati,Amrawati(Frui & Veg. Market) ,Vegetables,Tomato,Local,Local,"1,200.00","1,400.00","1,300.00",Rs./Quintal,10-03-2026
Maharashtra,Amarawati,Amrawati(Frui & Veg. Market) ,Vegetables,Tomato,Local,Local,"1,000.00","1,400.00","1,200.00",Rs./Quintal,09-03-2026
Maharashtra,Amarawati,Amrawati(Frui & Veg. Market) ,Vegetables,Tomato,Local,Local,"1,000.00","1,400.00","1,200.00",Rs./Quintal,08-03-2026
Maharashtra,Amarawati,Amrawati(Frui & Veg. Market) ,Vegetables,Tomato,Local,Local,"1,200.00","1,400.00","1,300.00",Rs./Quintal,07-03-2026
Maharashtra,Amarawati,Amrawati(Frui & Veg. Market) ,Vegetables,Tomato,Local,Local,"1,200.00","1,400.00","1,300.00",Rs./Quintal,06-03-2026
Maharashtra,Amarawati,Amrawati(Frui & Veg. Market) ,Vegetables,Tomato,Local,Local,800.00,"1,000.00",900.00,Rs./Quintal,03-03-2026
Maharashtra,Amarawati,Amrawati(Frui & Veg. Market) ,Vegetables,Tomato,Local,Local,700.00,"1,000.00",850.00,Rs./Quintal,02-03-2026
Maharashtra,Amarawati,Amrawati(Frui & Veg. Market) ,Vegetables,Tomato,Local,Local,800.00,"1,000.00",900.00,Rs./Quintal,01-03-2026
Maharashtra,Amarawati,Amrawati(Frui & Veg. Market) ,Vegetables,Tomato,Local,Local,800.00,"1,000.00",900.00,Rs./Quintal,28-02-2026
Maharashtra,Amarawati,Amrawati(Frui & Veg. Market) ,Vegetables,Tomato,Local,Local,800.00,"1,000.00",900.00,Rs./Quintal,27-02-2026
Maharashtra,Amarawati,Amrawati(Frui & Veg. Market) ,Vegetables,Tomato,Local,Local,800.00,"1,000.00",900.00,Rs./Quintal,25-02-2026
Maharashtra,Amarawati,Amrawati(Frui & Veg. Market) ,Vegetables,Tomato,Local,Local,700.00,"1,000.00",850.00,Rs./Quintal,24-02-2026
Maharashtra,Amarawati,Amrawati(Frui & Veg. Market) ,Vegetables,Tomato,Local,Local,800.00,"1,000.00",900.00,Rs./Quintal,23-02-2026
Maharashtra,Amarawati,Amrawati(Frui & Veg. Market) ,Vegetables,Tomato,Local,Local,700.00,"1,000.00",850.00,Rs./Quintal,22-02-2026
Maharashtra,Amarawati,Amrawati(Frui & Veg. Market) ,Vegetables,Tomato,Local,Local,700.00,"1,000.00",850.00,Rs./Quintal,21-02-2026
Maharashtra,Amarawati,Amrawati(Frui & Veg. Market) ,Vegetables,Tomato,Local,Local,800.00,"1,000.00",900.00,Rs./Quintal,20-02-2026
Maharashtra,Amarawati,Amrawati(Frui & Veg. Market) ,Vegetables,Tomato,Local,Local,800.00,"1,000.00",900.00,Rs./Quintal,18-02-2026
Maharashtra,Amarawati,Amrawati(Frui & Veg. Market) ,Vegetables,Tomato,Local,Local,700.00,"1,000.00",850.00,Rs./Quintal,17-02-2026
Maharashtra,Amarawati,Amrawati(Frui & Veg. Market) ,Vegetables,Tomato,Local,Local,700.00,"1,000.00",850.00,Rs./Quintal,16-02-2026
Maharashtra,Amarawati,Amrawati(Frui & Veg. Market) ,Vegetables,Tomato,Local,Local,600.00,"1,000.00",800.00,Rs./Quintal,14-02-2026
Maharashtra,Amarawati,Amrawati(Frui & Veg. Market) ,Vegetables,Tomato,Local,Local,700.00,"1,000.00",850.00,Rs./Quintal,13-02-2026
Maharashtra,Amarawati,Amrawati(Frui & Veg. Market) ,Vegetables,Tomato,Local,Local,600.00,"1,000.00",800.00,Rs./Quintal,11-02-2026
Maharashtra,Amarawati,Amrawati(Frui & Veg. Market) ,Vegetables,Tomato,Local,Local,700.00,"1,000.00",850.00,Rs./Quintal,10-02-2026
Maharashtra,Amarawati,Amrawati(Frui & Veg. Market) ,Vegetables,Tomato,Local,Local,600.00,"1,200.00",900.00,Rs./Quintal,09-02-2026
Maharashtra,Amarawati,Amrawati(Frui & Veg. Market) ,Vegetables,Tomato,Local,Local,800.00,"1,200.00","1,000.00",Rs./Quintal,08-02-2026
Maharashtra,Amarawati,Amrawati(Frui & Veg. Market) ,Vegetables,Tomato,Local,Local,"1,000.00","1,200.00","1,100.00",Rs./Quintal,07-02-2026
Maharashtra,Amarawati,Amrawati(Frui & Veg. Market) ,Vegetables,Tomato,Local,Local,"1,000.00","1,200.00","1,100.00",Rs./Quintal,06-02-2026
Maharashtra,Amarawati,Amrawati(Frui & Veg. Market) ,Vegetables,Tomato,Local,Local,"1,000.00","1,200.00","1,100.00",Rs./Quintal,04-02-2026
Maharashtra,Amarawati,Amrawati(Frui & Veg. Market) ,Vegetables,Tomato,Local,Local,"1,000.00","1,300.00","1,150.00",Rs./Quintal,03-02-2026
Maharashtra,Amarawati,Amrawati(Frui & Veg. Market) ,Vegetables,Tomato,Local,Local,"1,000.00","1,200.00","1,100.00",Rs./Quintal,02-02-2026
Maharashtra,Amarawati,Amrawati(Frui & Veg. Market) ,Vegetables,Tomato,Local,Local,"1,000.00","1,300.00","1,150.00",Rs./Quintal,01-02-2026
Maharashtra,Amarawati,Amrawati(Frui & Veg. Market) ,Vegetables,Tomato,Local,Local,"1,000.00","1,200.00","1,100.00",Rs./Quintal,31-01-2026
Maharashtra,Amarawati,Amrawati(Frui & Veg. Market) ,Vegetables,Tomato,Local,Local,"1,000.00","1,400.00","1,200.00",Rs./Quintal,30-01-2026
Maharashtra,Amarawati,Amrawati(Frui & Veg. Market) ,Vegetables,Tomato,Local,Local,"1,600.00","2,000.00","1,800.00",Rs./Quintal,28-01-2026
Maharashtra,Amarawati,Amrawati(Frui & Veg. Market) ,Vegetables,Tomato,Local,Local,"1,500.00","2,000.00","1,750.00",Rs./Quintal,27-01-2026
Maharashtra,Amarawati,Amrawati(Frui & Veg. Market) ,Vegetables,Tomato,Local,Local,"1,600.00","1,800.00","1,700.00",Rs./Quintal,25-01-2026
Maharashtra,Amarawati,Amrawati(Frui & Veg. Market) ,Vegetables,Tomato,Local,Local,"1,600.00","2,000.00","1,800.00",Rs./Quintal,24-01-2026
Maharashtra,Amarawati,Amrawati(Frui & Veg. Market) ,Vegetables,Tomato,Local,Local,"1,500.00","2,000.00","1,750.00",Rs./Quintal,23-01-2026
Maharashtra,Amarawati,Amrawati(Frui & Veg. Market) ,Vegetables,Tomato,Local,Local,"1,500.00","2,000.00","1,750.00",Rs./Quintal,21-01-2026
Maharashtra,Amarawati,Amrawati(Frui & Veg. Market) ,Vegetables,Tomato,Local,Local,"1,800.00","2,200.00","2,000.00",Rs./Quintal,20-01-2026
Maharashtra,Amarawati,Amrawati(Frui & Veg. Market) ,Vegetables,Tomato,Local,Local,"1,600.00","2,200.00","1,900.00",Rs./Quintal,19-01-2026
Maharashtra,Amarawati,Amrawati(Frui & Veg. Market) ,Vegetables,Tomato,Local,Local,"1,800.00","2,200.00","2,000.00",Rs./Quintal,18-01-2026
Maharashtra,Amarawati,Amrawati(Frui & Veg. Market) ,Vegetables,Tomato,Local,Local,"2,000.00","2,200.00","2,100.00",Rs./Quintal,17-01-2026
Maharashtra,Amarawati,Amrawati(Frui & Veg. Market) ,Vegetables,Tomato,Local,Local,"1,800.00","2,000.00","1,900.00",Rs./Quintal,16-01-2026
Maharashtra,Amarawati,Amrawati(Frui & Veg. Market) ,Vegetables,Tomato,Local,Local,"2,000.00","2,200.00","2,100.00",Rs./Quintal,14-01-2026
Maharashtra,Amarawati,Amrawati(Frui & Veg. Market) ,Vegetables,Tomato,Local,Local,"1,500.00","2,000.00","1,750.00",Rs./Quintal,13-01-2026
Maharashtra,Amarawati,Amrawati(Frui & Veg. Market) ,Vegetables,Tomato,Local,Local,"1,600.00","2,200.00","1,900.00",Rs./Quintal,12-01-2026
Maharashtra,Amarawati,Amrawati(Frui & Veg. Market) ,Vegetables,Tomato,Local,Local,"1,500.00","2,000.00","1,750.00",Rs./Quintal,11-01-2026
Maharashtra,Amarawati,Amrawati(Frui & Veg. Market) ,Vegetables,Tomato,Local,Local,"1,600.00","2,000.00","1,800.00",Rs./Quintal,10-01-2026
Maharashtra,Amarawati,Amrawati(Frui & Veg. Market) ,Vegetables,Tomato,Local,Local,"1,800.00","2,000.00","1,900.00",Rs./Quintal,09-01-2026
Maharashtra,Amarawati,Amrawati(Frui & Veg. Market) ,Vegetables,Tomato,Local,Local,"2,000.00","2,500.00","2,250.00",Rs./Quintal,07-01-2026
Maharashtra,Amarawati,Amrawati(Frui & Veg. Market) ,Vegetables,Tomato,Local,Local,"2,200.00","2,600.00","2,400.00",Rs./Quintal,06-01-2026
Maharashtra,Amarawati,Amrawati(Frui & Veg. Market) ,Vegetables,Tomato,Local,Local,"2,000.00","2,500.00","2,250.00",Rs./Quintal,05-01-2026
Maharashtra,Amarawati,Amrawati(Frui & Veg. Market) ,Vegetables,Tomato,Local,Local,"2,000.00","2,500.00","2,250.00",Rs./Quintal,04-01-2026
Maharashtra,Amarawati,Amrawati(Frui & Veg. Market) ,Vegetables,Tomato,Local,Local,"2,500.00","3,000.00","2,750.00",Rs./Quintal,03-01-2026
Maharashtra,Amarawati,Amrawati(Frui & Veg. Market) ,Vegetables,Tomato,Local,Local,"2,500.00","3,000.00","2,750.00",Rs./Quintal,02-01-2026
Maharashtra,Chandrapur,APMC Chandrapur ,Vegetables,Tomato,Other,Local,300.00,600.00,400.00,Rs./Quintal,26-02-2026
Maharashtra,Chandrapur,Chandrapur(Ganjwad) ,Vegetables,Tomato,Other,Local,800.00,"1,600.00","1,200.00",Rs./Quintal,03-09-2026
Maharashtra,Chandrapur,Chandrapur(Ganjwad) ,Vegetables,Tomato,Other,Local,800.00,"1,600.00","1,200.00",Rs./Quintal,02-09-2026
Maharashtra,Chandrapur,Chandrapur(Ganjwad) ,Vegetables,Tomato,Other,Local,"1,500.00","2,500.00","2,000.00",Rs./Quintal,31-08-2026
Maharashtra,Chandrapur,Chandrapur(Ganjwad) ,Vegetables,Tomato,Other,Local,800.00,"1,200.00","1,000.00",Rs./Quintal,29-08-2026
Maharashtra,Chandrapur,Chandrapur(Ganjwad) ,Vegetables,Tomato,Other,Local,800.00,"1,200.00","1,000.00",Rs./Quintal,28-08-2026
Maharashtra,Chandrapur,Chandrapur(Ganjwad) ,Vegetables,Tomato,Other,Local,600.00,"1,200.00","1,000.00",Rs./Quintal,21-08-2026
Maharashtra,Chandrapur,Chandrapur(Ganjwad) ,Vegetables,Tomato,Other,Local,800.00,"1,200.00","1,000.00",Rs./Quintal,19-08-2026
Maharashtra,Chandrapur,Chandrapur(Ganjwad) ,Vegetables,Tomato,Other,Local,800.00,"1,200.00","1,000.00",Rs./Quintal,18-08-2026
Maharashtra,Chandrapur,Chandrapur(Ganjwad) ,Vegetables,Tomato,Other,Local,800.00,"1,200.00","1,000.00",Rs./Quintal,17-08-2026
Maharashtra,Chandrapur,Chandrapur(Ganjwad) ,Vegetables,Tomato,Other,Local,800.00,"1,600.00","1,200.00",Rs./Quintal,12-08-2026
Maharashtra,Chandrapur,Chandrapur(Ganjwad) ,Vegetables,Tomato,Other,Local,800.00,"1,600.00","1,000.00",Rs./Quintal,10-08-2026
Maharashtra,Chandrapur,Chandrapur(Ganjwad) ,Vegetables,Tomato,Other,Local,800.00,"1,200.00","1,000.00",Rs./Quintal,08-08-2026
Maharashtra,Chandrapur,Chandrapur(Ganjwad) ,Vegetables,Tomato,Other,Local,800.00,"1,200.00","1,000.00",Rs./Quintal,07-08-2026
Maharashtra,Chandrapur,Chandrapur(Ganjwad) ,Vegetables,Tomato,Other,Local,400.00,800.00,600.00,Rs./Quintal,01-08-2026
Maharashtra,Chandrapur,Chandrapur(Ganjwad) ,Vegetables,Tomato,Other,Local,600.00,"1,000.00",800.00,Rs./Quintal,31-07-2026
Maharashtra,Chandrapur,Chandrapur(Ganjwad) ,Vegetables,Tomato,Other,Local,800.00,"1,200.00","1,000.00",Rs./Quintal,27-07-2026
Maharashtra,Chandrapur,Chandrapur(Ganjwad) ,Vegetables,Tomato,Other,Local,800.00,"1,200.00","1,000.00",Rs./Quintal,25-07-2026
Maharashtra,Chandrapur,Chandrapur(Ganjwad) ,Vegetables,Tomato,Other,Local,800.00,"1,200.00","1,000.00",Rs./Quintal,24-07-2026
Maharashtra,Chandrapur,Chandrapur(Ganjwad) ,Vegetables,Tomato,Other,Local,800.00,"1,200.00","1,000.00",Rs./Quintal,23-07-2026
Maharashtra,Chandrapur,Chandrapur(Ganjwad) ,Vegetables,Tomato,Other,Local,800.00,"1,200.00","1,000.00",Rs./Quintal,22-07-2026
Maharashtra,Chandrapur,Chandrapur(Ganjwad) ,Vegetables,Tomato,Other,Local,"1,500.00","3,000.00","2,000.00",Rs./Quintal,18-07-2026
Maharashtra,Chandrapur,Chandrapur(Ganjwad) ,Vegetables,Tomato,Other,Local,"1,000.00","1,600.00","1,200.00",Rs./Quintal,17-07-2026
Maharashtra,Chandrapur,Chandrapur(Ganjwad) ,Vegetables,Tomato,Other,Local,"1,000.00","1,600.00","1,200.00",Rs./Quintal,16-07-2026
Maharashtra,Chandrapur,Chandrapur(Ganjwad) ,Vegetables,Tomato,Other,Local,"1,200.00","1,600.00","1,400.00",Rs./Quintal,14-07-2026
Maharashtra,Chandrapur,Chandrapur(Ganjwad) ,Vegetables,Tomato,Other,Local,800.00,"1,600.00","1,200.00",Rs./Quintal,13-07-2026
Maharashtra,Chandrapur,Chandrapur(Ganjwad) ,Vegetables,Tomato,Other,Local,800.00,"1,200.00","1,000.00",Rs./Quintal,11-07-2026
Maharashtra,Chandrapur,Chandrapur(Ganjwad) ,Vegetables,Tomato,Other,Local,800.00,"1,200.00","1,000.00",Rs./Quintal,10-07-2026
Maharashtra,Chandrapur,Chandrapur(Ganjwad) ,Vegetables,Tomato,Other,Local,800.00,"1,200.00","1,000.00",Rs./Quintal,08-07-2026
Maharashtra,Chandrapur,Chandrapur(Ganjwad) ,Vegetables,Tomato,Other,Local,800.00,"1,600.00","1,200.00",Rs./Quintal,07-07-2026
Maharashtra,Chandrapur,Chandrapur(Ganjwad) ,Vegetables,Tomato,Other,Local,800.00,"1,600.00","1,200.00",Rs./Quintal,06-07-2026
Maharashtra,Chandrapur,Chandrapur(Ganjwad) ,Vegetables,Tomato,Other,Local,"1,000.00","1,600.00","1,200.00",Rs./Quintal,04-07-2026
Maharashtra,Chandrapur,Chandrapur(Ganjwad) ,Vegetables,Tomato,Other,Local,"1,200.00","2,000.00","1,600.00",Rs./Quintal,03-07-2026
Maharashtra,Chandrapur,Chandrapur(Ganjwad) ,Vegetables,Tomato,Other,Local,"1,200.00","2,000.00","1,600.00",Rs./Quintal,02-07-2026
Maharashtra,Chandrapur,Chandrapur(Ganjwad) ,Vegetables,Tomato,Other,Local,"1,200.00","2,000.00","1,600.00",Rs./Quintal,01-07-2026
Maharashtra,Chandrapur,Chandrapur(Ganjwad) ,Vegetables,Tomato,Other,Local,"1,200.00","1,600.00","1,400.00",Rs./Quintal,30-06-2026
Maharashtra,Chandrapur,Chandrapur(Ganjwad) ,Vegetables,Tomato,Other,Local,"1,200.00","1,600.00","1,400.00",Rs./Quintal,29-06-2026
Maharashtra,Chandrapur,Chandrapur(Ganjwad) ,Vegetables,Tomato,Other,Local,"1,600.00","2,400.00","2,000.00",Rs./Quintal,23-06-2026
Maharashtra,Chandrapur,Chandrapur(Ganjwad) ,Vegetables,Tomato,Other,Local,"1,200.00","2,000.00","1,600.00",Rs./Quintal,22-06-2026
Maharashtra,Chandrapur,Chandrapur(Ganjwad) ,Vegetables,Tomato,Other,Local,"1,600.00","2,400.00","2,000.00",Rs./Quintal,20-06-2026
Maharashtra,Chandrapur,Chandrapur(Ganjwad) ,Vegetables,Tomato,Other,Local,"1,600.00","2,400.00","2,000.00",Rs./Quintal,19-06-2026
Maharashtra,Chandrapur,Chandrapur(Ganjwad) ,Vegetables,Tomato,Other,Local,"2,000.00","2,800.00","2,400.00",Rs./Quintal,16-06-2026
Maharashtra,Chandrapur,Chandrapur(Ganjwad) ,Vegetables,Tomato,Other,Local,"2,400.00","3,200.00","2,800.00",Rs./Quintal,15-06-2026
Maharashtra,Chandrapur,Chandrapur(Ganjwad) ,Vegetables,Tomato,Other,Local,"2,000.00","3,600.00","2,800.00",Rs./Quintal,10-06-2026
Maharashtra,Chandrapur,Chandrapur(Ganjwad) ,Vegetables,Tomato,Other,Local,"2,000.00","3,600.00","3,200.00",Rs./Quintal,09-06-2026
Maharashtra,Chandrapur,Chandrapur(Ganjwad) ,Vegetables,Tomato,Other,Local,"2,400.00","4,000.00","3,200.00",Rs./Quintal,08-06-2026
Maharashtra,Chandrapur,Chandrapur(Ganjwad) ,Vegetables,Tomato,Other,Local,"1,200.00","2,400.00","1,600.00",Rs./Quintal,06-06-2026
Maharashtra,Chandrapur,Chandrapur(Ganjwad) ,Vegetables,Tomato,Other,Local,"1,200.00","2,000.00","1,600.00",Rs./Quintal,05-06-2026
Maharashtra,Chandrapur,Chandrapur(Ganjwad) ,Vegetables,Tomato,Other,Local,"1,200.00","2,000.00","1,600.00",Rs./Quintal,04-06-2026
Maharashtra,Chandrapur,Chandrapur(Ganjwad) ,Vegetables,Tomato,Other,Local,"1,200.00","2,000.00","1,600.00",Rs./Quintal,02-06-2026
Maharashtra,Chandrapur,Chandrapur(Ganjwad) ,Vegetables,Tomato,Other,Local,"1,200.00","2,000.00","1,600.00",Rs./Quintal,01-06-2026
Maharashtra,Chandrapur,Chandrapur(Ganjwad) ,Vegetables,Tomato,Other,Local,"1,600.00","2,400.00","2,000.00",Rs./Quintal,27-05-2026
Maharashtra,Chandrapur,Chandrapur(Ganjwad) ,Vegetables,Tomato,Other,Local,"1,600.00","2,400.00","2,000.00",Rs./Quintal,26-05-2026
Maharashtra,Chandrapur,Chandrapur(Ganjwad) ,Vegetables,Tomato,Other,Local,"1,200.00","2,000.00","1,600.00",Rs./Quintal,23-05-2026
Maharashtra,Chandrapur,Chandrapur(Ganjwad) ,Vegetables,Tomato,Other,Local,"1,200.00","2,000.00","1,600.00",Rs./Quintal,22-05-2026
Maharashtra,Chandrapur,Chandrapur(Ganjwad) ,Vegetables,Tomato,Other,Local,"1,600.00","2,800.00","2,000.00",Rs./Quintal,21-05-2026
Maharashtra,Chandrapur,Chandrapur(Ganjwad) ,Vegetables,Tomato,Other,Local,"1,600.00","2,400.00","2,000.00",Rs./Quintal,20-05-2026
Maharashtra,Chandrapur,Chandrapur(Ganjwad) ,Vegetables,Tomato,Other,Local,"1,600.00","2,400.00","2,000.00",Rs./Quintal,19-05-2026
Maharashtra,Chandrapur,Chandrapur(Ganjwad) ,Vegetables,Tomato,Other,Local,"1,600.00","2,400.00","2,000.00",Rs./Quintal,18-05-2026
Maharashtra,Chandrapur,Chandrapur(Ganjwad) ,Vegetables,Tomato,Other,Local,"1,500.00","3,500.00","2,500.00",Rs./Quintal,16-05-2026
Maharashtra,Chandrapur,Chandrapur(Ganjwad) ,Vegetables,Tomato,Other,Local,"2,000.00","3,500.00","2,500.00",Rs./Quintal,15-05-2026
Maharashtra,Chandrapur,Chandrapur(Ganjwad) ,Vegetables,Tomato,Other,Local,"1,500.00","3,000.00","2,000.00",Rs./Quintal,14-05-2026
Maharashtra,Chandrapur,Chandrapur(Ganjwad) ,Vegetables,Tomato,Other,Local,"1,500.00","3,000.00","2,000.00",Rs./Quintal,13-05-2026
Maharashtra,Chandrapur,Chandrapur(Ganjwad) ,Vegetables,Tomato,Other,Local,"1,200.00","1,600.00","1,400.00",Rs./Quintal,09-05-2026
Maharashtra,Chandrapur,Chandrapur(Ganjwad) ,Vegetables,Tomato,Other,Local,"1,200.00","1,600.00","1,400.00",Rs./Quintal,08-05-2026
Maharashtra,Chandrapur,Chandrapur(Ganjwad) ,Vegetables,Tomato,Other,Local,800.00,"1,600.00","1,200.00",Rs./Quintal,07-05-2026
Maharashtra,Chandrapur,Chandrapur(Ganjwad) ,Vegetables,Tomato,Other,Local,800.00,"1,600.00","1,200.00",Rs./Quintal,06-05-2026
Maharashtra,Chandrapur,Chandrapur(Ganjwad) ,Vegetables,Tomato,Other,Local,"1,200.00","2,000.00","1,600.00",Rs./Quintal,04-05-2026
Maharashtra,Chandrapur,Chandrapur(Ganjwad) ,Vegetables,Tomato,Other,Local,"1,200.00","2,000.00","1,600.00",Rs./Quintal,02-05-2026
Maharashtra,Chandrapur,Chandrapur(Ganjwad) ,Vegetables,Tomato,Other,Local,"1,200.00","2,000.00","1,600.00",Rs./Quintal,30-04-2026
Maharashtra,Chandrapur,Chandrapur(Ganjwad) ,Vegetables,Tomato,Other,Local,"1,400.00","2,000.00","1,600.00",Rs./Quintal,29-04-2026
Maharashtra,Chandrapur,Chandrapur(Ganjwad) ,Vegetables,Tomato,Other,Local,800.00,"1,200.00","1,000.00",Rs./Quintal,25-04-2026
Maharashtra,Chandrapur,Chandrapur(Ganjwad) ,Vegetables,Tomato,Other,Local,800.00,"1,200.00","1,000.00",Rs./Quintal,24-04-2026
Maharashtra,Chandrapur,Chandrapur(Ganjwad) ,Vegetables,Tomato,Other,Local,600.00,"1,200.00",800.00,Rs./Quintal,22-04-2026
Maharashtra,Chandrapur,Chandrapur(Ganjwad) ,Vegetables,Tomato,Other,Local,600.00,"1,200.00",800.00,Rs./Quintal,21-04-2026
Maharashtra,Chandrapur,Chandrapur(Ganjwad) ,Vegetables,Tomato,Other,Local,"1,000.00","1,600.00","1,200.00",Rs./Quintal,20-04-2026
Maharashtra,Chandrapur,Chandrapur(Ganjwad) ,Vegetables,Tomato,Other,Local,800.00,"1,200.00","1,000.00",Rs./Quintal,18-04-2026
Maharashtra,Chandrapur,Chandrapur(Ganjwad) ,Vegetables,Tomato,Other,Local,800.00,"1,200.00","1,000.00",Rs./Quintal,17-04-2026
Maharashtra,Chandrapur,Chandrapur(Ganjwad) ,Vegetables,Tomato,Other,Local,600.00,"1,000.00",800.00,Rs./Quintal,16-04-2026
Maharashtra,Chandrapur,Chandrapur(Ganjwad) ,Vegetables,Tomato,Other,Local,400.00,800.00,600.00,Rs./Quintal,15-04-2026
Maharashtra,Chandrapur,Chandrapur(Ganjwad) ,Vegetables,Tomato,Other,Local,400.00,800.00,600.00,Rs./Quintal,11-04-2026
Maharashtra,Chandrapur,Chandrapur(Ganjwad) ,Vegetables,Tomato,Other,Local,400.00,800.00,600.00,Rs./Quintal,10-04-2026
Maharashtra,Chandrapur,Chandrapur(Ganjwad) ,Vegetables,Tomato,Other,Local,400.00,600.00,500.00,Rs./Quintal,09-04-2026
Maharashtra,Chandrapur,Chandrapur(Ganjwad) ,Vegetables,Tomato,Other,Local,400.00,800.00,600.00,Rs./Quintal,08-04-2026
Maharashtra,Chandrapur,Chandrapur(Ganjwad) ,Vegetables,Tomato,Other,Local,400.00,600.00,500.00,Rs./Quintal,07-04-2026
Maharashtra,Chandrapur,Chandrapur(Ganjwad) ,Vegetables,Tomato,Other,Local,400.00,800.00,600.00,Rs./Quintal,06-04-2026
Maharashtra,Chandrapur,Chandrapur(Ganjwad) ,Vegetables,Tomato,Other,Local,400.00,800.00,600.00,Rs./Quintal,04-04-2026
Maharashtra,Chandrapur,Chandrapur(Ganjwad) ,Vegetables,Tomato,Other,Local,400.00,800.00,600.00,Rs./Quintal,01-04-2026
Maharashtra,Chandrapur,Chandrapur(Ganjwad) ,Vegetables,Tomato,Other,Local,300.00,600.00,400.00,Rs./Quintal,30-03-2026
Maharashtra,Chandrapur,Chandrapur(Ganjwad) ,Vegetables,Tomato,Other,Local,400.00,800.00,600.00,Rs./Quintal,28-03-2026
Maharashtra,Chandrapur,Chandrapur(Ganjwad) ,Vegetables,Tomato,Other,Local,200.00,400.00,300.00,Rs./Quintal,24-03-2026
Maharashtra,Chandrapur,Chandrapur(Ganjwad) ,Vegetables,Tomato,Other,Local,300.00,600.00,400.00,Rs./Quintal,20-03-2026
Maharashtra,Chandrapur,Chandrapur(Ganjwad) ,Vegetables,Tomato,Other,Local,400.00,600.00,500.00,Rs./Quintal,18-03-2026
Maharashtra,Chandrapur,Chandrapur(Ganjwad) ,Vegetables,Tomato,Other,Local,400.00,600.00,500.00,Rs./Quintal,16-03-2026
Maharashtra,Chandrapur,Chandrapur(Ganjwad) ,Vegetables,Tomato,Other,Local,300.00,600.00,500.00,Rs./Quintal,14-03-2026
Maharashtra,Chandrapur,Chandrapur(Ganjwad) ,Vegetables,Tomato,Other,Local,300.00,600.00,400.00,Rs./Quintal,12-03-2026
Maharashtra,Chandrapur,Chandrapur(Ganjwad) ,Vegetables,Tomato,Other,Local,400.00,800.00,600.00,Rs./Quintal,11-03-2026
Maharashtra,Chandrapur,Chandrapur(Ganjwad) ,Vegetables,Tomato,Other,Local,600.00,"1,000.00",800.00,Rs./Quintal,10-03-2026
Maharashtra,Chandrapur,Chandrapur(Ganjwad) ,Vegetables,Tomato,Other,Local,400.00,800.00,600.00,Rs./Quintal,09-03-2026
Maharashtra,Chandrapur,Chandrapur(Ganjwad) ,Vegetables,Tomato,Other,Local,350.00,600.00,400.00,Rs./Quintal,07-03-2026
Maharashtra,Chandrapur,Chandrapur(Ganjwad) ,Vegetables,Tomato,Other,Local,400.00,600.00,500.00,Rs./Quintal,06-03-2026
Maharashtra,Chandrapur,Chandrapur(Ganjwad) ,Vegetables,Tomato,Other,Local,400.00,800.00,600.00,Rs./Quintal,05-03-2026
Maharashtra,Chandrapur,Chandrapur(Ganjwad) ,Vegetables,Tomato,Other,Local,400.00,600.00,500.00,Rs./Quintal,04-03-2026
Maharashtra,Chandrapur,Chandrapur(Ganjwad) ,Vegetables,Tomato,Other,Local,400.00,600.00,500.00,Rs./Quintal,02-03-2026
Maharashtra,Chandrapur,Chandrapur(Ganjwad) ,Vegetables,Tomato,Other,Local,300.00,600.00,400.00,Rs./Quintal,28-02-2026
Maharashtra,Chandrapur,Chandrapur(Ganjwad) ,Vegetables,Tomato,Other,Local,300.00,600.00,400.00,Rs./Quintal,27-02-2026
Maharashtra,Chandrapur,Chandrapur(Ganjwad) ,Vegetables,Tomato,Other,Local,400.00,800.00,600.00,Rs./Quintal,25-02-2026
Maharashtra,Chandrapur,Chandrapur(Ganjwad) ,Vegetables,Tomato,Other,Local,400.00,800.00,600.00,Rs./Quintal,24-02-2026
Maharashtra,Chandrapur,Chandrapur(Ganjwad) ,Vegetables,Tomato,Other,Local,400.00,600.00,500.00,Rs./Quintal,23-02-2026
Maharashtra,Chandrapur,Chandrapur(Ganjwad) ,Vegetables,Tomato,Other,Local,400.00,600.00,500.00,Rs./Quintal,21-02-2026
Maharashtra,Chandrapur,Chandrapur(Ganjwad) ,Vegetables,Tomato,Other,Local,400.00,600.00,500.00,Rs./Quintal,20-02-2026
Maharashtra,Chandrapur,Chandrapur(Ganjwad) ,Vegetables,Tomato,Other,Local,400.00,800.00,600.00,Rs./Quintal,16-02-2026
Maharashtra,Chandrapur,Chandrapur(Ganjwad) ,Vegetables,Tomato,Other,Local,400.00,600.00,500.00,Rs./Quintal,14-02-2026
Maharashtra,Chandrapur,Chandrapur(Ganjwad) ,Vegetables,Tomato,Other,Local,400.00,800.00,600.00,Rs./Quintal,11-02-2026
Maharashtra,Chandrapur,Chandrapur(Ganjwad) ,Vegetables,Tomato,Other,Local,400.00,600.00,500.00,Rs./Quintal,10-02-2026
Maharashtra,Chandrapur,Chandrapur(Ganjwad) ,Vegetables,Tomato,Other,Local,400.00,600.00,500.00,Rs./Quintal,09-02-2026
Maharashtra,Chandrapur,Chandrapur(Ganjwad) ,Vegetables,Tomato,Other,Local,400.00,600.00,500.00,Rs./Quintal,06-02-2026
Maharashtra,Chandrapur,Chandrapur(Ganjwad) ,Vegetables,Tomato,Other,Local,400.00,600.00,500.00,Rs./Quintal,04-02-2026
Maharashtra,Chandrapur,Chandrapur(Ganjwad) ,Vegetables,Tomato,Other,Local,400.00,800.00,600.00,Rs./Quintal,03-02-2026
Maharashtra,Chandrapur,Chandrapur(Ganjwad) ,Vegetables,Tomato,Other,Local,400.00,800.00,600.00,Rs./Quintal,31-01-2026
Maharashtra,Chandrapur,Chandrapur(Ganjwad) ,Vegetables,Tomato,Other,Local,400.00,800.00,600.00,Rs./Quintal,30-01-2026
Maharashtra,Chandrapur,Chandrapur(Ganjwad) ,Vegetables,Tomato,Other,Local,800.00,"1,200.00","1,000.00",Rs./Quintal,27-01-2026
Maharashtra,Chandrapur,Chandrapur(Ganjwad) ,Vegetables,Tomato,Other,Local,800.00,"1,200.00","1,000.00",Rs./Quintal,21-01-2026
Maharashtra,Chandrapur,Chandrapur(Ganjwad) ,Vegetables,Tomato,Other,Local,"1,000.00","1,400.00","1,200.00",Rs./Quintal,20-01-2026
Maharashtra,Chandrapur,Chandrapur(Ganjwad) ,Vegetables,Tomato,Other,Local,"1,000.00","1,400.00","1,200.00",Rs./Quintal,19-01-2026
Maharashtra,Chandrapur,Chandrapur(Ganjwad) ,Vegetables,Tomato,Other,Local,"1,000.00","1,600.00","1,200.00",Rs./Quintal,17-01-2026
Maharashtra,Chandrapur,Chandrapur(Ganjwad) ,Vegetables,Tomato,Other,Local,"1,200.00","2,000.00","1,800.00",Rs./Quintal,14-01-2026
Maharashtra,Chandrapur,Chandrapur(Ganjwad) ,Vegetables,Tomato,Other,Local,"1,200.00","2,000.00","1,800.00",Rs./Quintal,13-01-2026
Maharashtra,Chandrapur,Chandrapur(Ganjwad) ,Vegetables,Tomato,Other,Local,"2,000.00","3,200.00","2,800.00",Rs./Quintal,10-01-2026
Maharashtra,Chandrapur,Chandrapur(Ganjwad) ,Vegetables,Tomato,Other,Local,800.00,"1,600.00","1,200.00",Rs./Quintal,09-01-2026
Maharashtra,Chandrapur,Chandrapur(Ganjwad) ,Vegetables,Tomato,Other,Local,"1,200.00","2,000.00","1,600.00",Rs./Quintal,08-01-2026
Maharashtra,Chandrapur,Chandrapur(Ganjwad) ,Vegetables,Tomato,Other,Local,"1,200.00","2,000.00","1,500.00",Rs./Quintal,07-01-2026
Maharashtra,Chandrapur,Chandrapur(Ganjwad) ,Vegetables,Tomato,Other,Local,"1,200.00","2,000.00","1,600.00",Rs./Quintal,06-01-2026
Maharashtra,Chandrapur,Chandrapur(Ganjwad) ,Vegetables,Tomato,Other,Local,"1,200.00","2,400.00","2,000.00",Rs./Quintal,05-01-2026
Maharashtra,Chandrapur,Chandrapur(Ganjwad) ,Vegetables,Tomato,Other,Local,"2,000.00","3,200.00","2,800.00",Rs./Quintal,03-01-2026
Maharashtra,Chandrapur,Chandrapur(Ganjwad) ,Vegetables,Tomato,Other,Local,"2,000.00","2,800.00","2,400.00",Rs./Quintal,02-01-2026
Maharashtra,Chattrapati Sambhajinagar,APMC Chattrapati Sambhajinagar ,Vegetables,Tomato,Other,Local,300.00,"1,500.00",900.00,Rs./Quintal,03-09-2026
Maharashtra,Chattrapati Sambhajinagar,APMC Chattrapati Sambhajinagar ,Vegetables,Tomato,Other,Local,500.00,900.00,700.00,Rs./Quintal,31-08-2026
Maharashtra,Chattrapati Sambhajinagar,APMC Chattrapati Sambhajinagar ,Vegetables,Tomato,Other,Local,600.00,"1,500.00","1,050.00",Rs./Quintal,30-08-2026
Maharashtra,Chattrapati Sambhajinagar,APMC Chattrapati Sambhajinagar ,Vegetables,Tomato,Other,Local,700.00,"1,500.00","1,100.00",Rs./Quintal,29-08-2026
Maharashtra,Chattrapati Sambhajinagar,APMC Chattrapati Sambhajinagar ,Vegetables,Tomato,Other,Local,400.00,700.00,550.00,Rs./Quintal,27-08-2026
Maharashtra,Chattrapati Sambhajinagar,APMC Chattrapati Sambhajinagar ,Vegetables,Tomato,Other,Local,500.00,800.00,650.00,Rs./Quintal,26-08-2026
Maharashtra,Chattrapati Sambhajinagar,APMC Chattrapati Sambhajinagar ,Vegetables,Tomato,Other,Local,750.00,"1,000.00",875.00,Rs./Quintal,25-08-2026
Maharashtra,Chattrapati Sambhajinagar,APMC Chattrapati Sambhajinagar ,Vegetables,Tomato,Other,Local,400.00,700.00,550.00,Rs./Quintal,24-08-2026
Maharashtra,Chattrapati Sambhajinagar,APMC Chattrapati Sambhajinagar ,Vegetables,Tomato,Other,Local,500.00,700.00,600.00,Rs./Quintal,23-08-2026
Maharashtra,Chattrapati Sambhajinagar,APMC Chattrapati Sambhajinagar ,Vegetables,Tomato,Other,Local,500.00,"1,000.00",750.00,Rs./Quintal,22-08-2026
Maharashtra,Chattrapati Sambhajinagar,APMC Chattrapati Sambhajinagar ,Vegetables,Tomato,Other,Local,500.00,800.00,650.00,Rs./Quintal,20-08-2026
Maharashtra,Chattrapati Sambhajinagar,APMC Chattrapati Sambhajinagar ,Vegetables,Tomato,Other,Local,"1,000.00","1,500.00","1,250.00",Rs./Quintal,19-08-2026
Maharashtra,Chattrapati Sambhajinagar,APMC Chattrapati Sambhajinagar ,Vegetables,Tomato,Other,Local,600.00,"2,000.00","1,300.00",Rs./Quintal,18-08-2026
Maharashtra,Chattrapati Sambhajinagar,APMC Chattrapati Sambhajinagar ,Vegetables,Tomato,Other,Local,600.00,"1,400.00","1,000.00",Rs./Quintal,17-08-2026
Maharashtra,Chattrapati Sambhajinagar,APMC Chattrapati Sambhajinagar ,Vegetables,Tomato,Other,Local,600.00,"1,200.00",900.00,Rs./Quintal,16-08-2026
Maharashtra,Chattrapati Sambhajinagar,APMC Chattrapati Sambhajinagar ,Vegetables,Tomato,Other,Local,"1,000.00","1,800.00","1,400.00",Rs./Quintal,15-08-2026
Maharashtra,Chattrapati Sambhajinagar,APMC Chattrapati Sambhajinagar ,Vegetables,Tomato,Other,Local,500.00,900.00,700.00,Rs./Quintal,13-08-2026
Maharashtra,Chattrapati Sambhajinagar,APMC Chattrapati Sambhajinagar ,Vegetables,Tomato,Other,Local,700.00,"1,400.00","1,050.00",Rs./Quintal,12-08-2026
Maharashtra,Chattrapati Sambhajinagar,APMC Chattrapati Sambhajinagar ,Vegetables,Tomato,Other,Local,"1,000.00","1,500.00","1,250.00",Rs./Quintal,11-08-2026
Maharashtra,Chattrapati Sambhajinagar,APMC Chattrapati Sambhajinagar ,Vegetables,Tomato,Other,Local,500.00,"2,000.00","1,250.00",Rs./Quintal,10-08-2026
Maharashtra,Chattrapati Sambhajinagar,APMC Chattrapati Sambhajinagar ,Vegetables,Tomato,Other,Local,300.00,"2,000.00","1,150.00",Rs./Quintal,09-08-2026
Maharashtra,Chattrapati Sambhajinagar,APMC Chattrapati Sambhajinagar ,Vegetables,Tomato,Other,Local,600.00,"1,500.00","1,050.00",Rs./Quintal,08-08-2026
Maharashtra,Chattrapati Sambhajinagar,APMC Chattrapati Sambhajinagar ,Vegetables,Tomato,Other,Local,"1,000.00","2,400.00","1,700.00",Rs./Quintal,06-08-2026
Maharashtra,Chattrapati Sambhajinagar,APMC Chattrapati Sambhajinagar ,Vegetables,Tomato,Other,Local,"1,200.00","2,700.00","1,650.00",Rs./Quintal,05-08-2026
Maharashtra,Chattrapati Sambhajinagar,APMC Chattrapati Sambhajinagar ,Vegetables,Tomato,Other,Local,"1,500.00","3,000.00","2,250.00",Rs./Quintal,04-08-2026
Maharashtra,Chattrapati Sambhajinagar,APMC Chattrapati Sambhajinagar ,Vegetables,Tomato,Other,Local,"1,600.00","3,000.00","2,300.00",Rs./Quintal,03-08-2026
Maharashtra,Chattrapati Sambhajinagar,APMC Chattrapati Sambhajinagar ,Vegetables,Tomato,Other,Local,"1,500.00","2,500.00","2,000.00",Rs./Quintal,02-08-2026
Maharashtra,Chattrapati Sambhajinagar,APMC Chattrapati Sambhajinagar ,Vegetables,Tomato,Other,Local,"1,200.00","2,700.00","1,950.00",Rs./Quintal,01-08-2026
Maharashtra,Chattrapati Sambhajinagar,APMC Chattrapati Sambhajinagar ,Vegetables,Tomato,Other,Local,"1,500.00","2,500.00","2,000.00",Rs./Quintal,30-07-2026
Maharashtra,Chattrapati Sambhajinagar,APMC Chattrapati Sambhajinagar ,Vegetables,Tomato,Other,Local,"1,300.00","2,200.00","1,750.00",Rs./Quintal,29-07-2026
Maharashtra,Chattrapati Sambhajinagar,APMC Chattrapati Sambhajinagar ,Vegetables,Tomato,Other,Local,"1,400.00","2,000.00","1,700.00",Rs./Quintal,28-07-2026
Maharashtra,Chattrapati Sambhajinagar,APMC Chattrapati Sambhajinagar ,Vegetables,Tomato,Other,Local,"1,000.00","2,400.00","1,700.00",Rs./Quintal,27-07-2026
Maharashtra,Chattrapati Sambhajinagar,APMC Chattrapati Sambhajinagar ,Vegetables,Tomato,Other,Local,"1,100.00","2,500.00","1,800.00",Rs./Quintal,26-07-2026
Maharashtra,Chattrapati Sambhajinagar,APMC Chattrapati Sambhajinagar ,Vegetables,Tomato,Other,Local,"1,200.00","2,000.00","1,600.00",Rs./Quintal,25-07-2026
Maharashtra,Chattrapati Sambhajinagar,APMC Chattrapati Sambhajinagar ,Vegetables,Tomato,Other,Local,"1,400.00","2,000.00","1,700.00",Rs./Quintal,23-07-2026
Maharashtra,Chattrapati Sambhajinagar,APMC Chattrapati Sambhajinagar ,Vegetables,Tomato,Other,Local,"1,500.00","2,400.00","1,950.00",Rs./Quintal,22-07-2026
Maharashtra,Chattrapati Sambhajinagar,APMC Chattrapati Sambhajinagar ,Vegetables,Tomato,Other,Local,"1,000.00","2,500.00","1,750.00",Rs./Quintal,21-07-2026
Maharashtra,Chattrapati Sambhajinagar,APMC Chattrapati Sambhajinagar ,Vegetables,Tomato,Other,Local,"1,100.00","2,500.00","2,000.00",Rs./Quintal,20-07-2026
Maharashtra,Chattrapati Sambhajinagar,APMC Chattrapati Sambhajinagar ,Vegetables,Tomato,Other,Local,"1,000.00","1,700.00","1,350.00",Rs./Quintal,19-07-2026
Maharashtra,Chattrapati Sambhajinagar,APMC Chattrapati Sambhajinagar ,Vegetables,Tomato,Other,Local,"1,200.00","2,800.00","2,000.00",Rs./Quintal,18-07-2026
Maharashtra,Chattrapati Sambhajinagar,APMC Chattrapati Sambhajinagar ,Vegetables,Tomato,Other,Local,800.00,"2,500.00","1,650.00",Rs./Quintal,16-07-2026
Maharashtra,Chattrapati Sambhajinagar,APMC Chattrapati Sambhajinagar ,Vegetables,Tomato,Other,Local,"1,500.00","3,500.00","2,500.00",Rs./Quintal,15-07-2026
Maharashtra,Chattrapati Sambhajinagar,APMC Chattrapati Sambhajinagar ,Vegetables,Tomato,Other,Local,"1,200.00","2,500.00","1,850.00",Rs./Quintal,14-07-2026
Maharashtra,Chattrapati Sambhajinagar,APMC Chattrapati Sambhajinagar ,Vegetables,Tomato,Other,Local,"1,000.00","3,200.00","2,100.00",Rs./Quintal,13-07-2026
Maharashtra,Chattrapati Sambhajinagar,APMC Chattrapati Sambhajinagar ,Vegetables,Tomato,Other,Local,"1,300.00","2,800.00","2,050.00",Rs./Quintal,12-07-2026
Maharashtra,Chattrapati Sambhajinagar,APMC Chattrapati Sambhajinagar ,Vegetables,Tomato,Other,Local,700.00,"2,500.00","1,600.00",Rs./Quintal,11-07-2026
Maharashtra,Chattrapati Sambhajinagar,APMC Chattrapati Sambhajinagar ,Vegetables,Tomato,Other,Local,600.00,"2,800.00","1,700.00",Rs./Quintal,09-07-2026
Maharashtra,Chattrapati Sambhajinagar,APMC Chattrapati Sambhajinagar ,Vegetables,Tomato,Other,Local,"2,500.00","3,500.00","3,000.00",Rs./Quintal,08-07-2026
Maharashtra,Chattrapati Sambhajinagar,APMC Chattrapati Sambhajinagar ,Vegetables,Tomato,Other,Local,"1,800.00","3,500.00","2,250.00",Rs./Quintal,07-07-2026
Maharashtra,Chattrapati Sambhajinagar,APMC Chattrapati Sambhajinagar ,Vegetables,Tomato,Other,Local,"2,000.00","3,200.00","2,600.00",Rs./Quintal,06-07-2026
Maharashtra,Chattrapati Sambhajinagar,APMC Chattrapati Sambhajinagar ,Vegetables,Tomato,Other,Local,"2,200.00","3,800.00","3,000.00",Rs./Quintal,05-07-2026
Maharashtra,Chattrapati Sambhajinagar,APMC Chattrapati Sambhajinagar ,Vegetables,Tomato,Other,Local,"2,500.00","3,500.00","3,000.00",Rs./Quintal,04-07-2026
Maharashtra,Chattrapati Sambhajinagar,APMC Chattrapati Sambhajinagar ,Vegetables,Tomato,Other,Local,"1,400.00","2,900.00","2,150.00",Rs./Quintal,02-07-2026
Maharashtra,Chattrapati Sambhajinagar,APMC Chattrapati Sambhajinagar ,Vegetables,Tomato,Other,Local,"1,500.00","2,800.00","2,150.00",Rs./Quintal,01-07-2026
Maharashtra,Chattrapati Sambhajinagar,APMC Chattrapati Sambhajinagar ,Vegetables,Tomato,Other,Local,"1,000.00","3,000.00","2,000.00",Rs./Quintal,30-06-2026
Maharashtra,Chattrapati Sambhajinagar,APMC Chattrapati Sambhajinagar ,Vegetables,Tomato,Other,Local,"2,000.00","3,200.00","2,600.00",Rs./Quintal,27-06-2026
Maharashtra,Chattrapati Sambhajinagar,APMC Chattrapati Sambhajinagar ,Vegetables,Tomato,Other,Local,"2,500.00","3,800.00","3,150.00",Rs./Quintal,25-06-2026
Maharashtra,Chattrapati Sambhajinagar,APMC Chattrapati Sambhajinagar ,Vegetables,Tomato,Other,Local,"1,500.00","3,500.00","2,500.00",Rs./Quintal,24-06-2026
Maharashtra,Chattrapati Sambhajinagar,APMC Chattrapati Sambhajinagar ,Vegetables,Tomato,Other,Local,"2,500.00","4,000.00","3,250.00",Rs./Quintal,23-06-2026
Maharashtra,Chattrapati Sambhajinagar,APMC Chattrapati Sambhajinagar ,Vegetables,Tomato,Other,Local,"3,000.00","4,200.00","3,600.00",Rs./Quintal,22-06-2026
Maharashtra,Chattrapati Sambhajinagar,APMC Chattrapati Sambhajinagar ,Vegetables,Tomato,Other,Local,"2,500.00","5,500.00","4,000.00",Rs./Quintal,21-06-2026
Maharashtra,Chattrapati Sambhajinagar,APMC Chattrapati Sambhajinagar ,Vegetables,Tomato,Other,Local,"3,000.00","4,500.00","3,750.00",Rs./Quintal,20-06-2026
Maharashtra,Chattrapati Sambhajinagar,APMC Chattrapati Sambhajinagar ,Vegetables,Tomato,Other,Local,"3,000.00","4,400.00","3,700.00",Rs./Quintal,18-06-2026
Maharashtra,Chattrapati Sambhajinagar,APMC Chattrapati Sambhajinagar ,Vegetables,Tomato,Other,Local,"2,000.00","4,300.00","3,150.00",Rs./Quintal,17-06-2026
Maharashtra,Chattrapati Sambhajinagar,APMC Chattrapati Sambhajinagar ,Vegetables,Tomato,Other,Local,"3,500.00","4,500.00","4,000.00",Rs./Quintal,16-06-2026
Maharashtra,Chattrapati Sambhajinagar,APMC Chattrapati Sambhajinagar ,Vegetables,Tomato,Other,Local,"2,500.00","4,000.00","3,250.00",Rs./Quintal,15-06-2026
Maharashtra,Chattrapati Sambhajinagar,APMC Chattrapati Sambhajinagar ,Vegetables,Tomato,Other,Local,"3,500.00","4,000.00","3,750.00",Rs./Quintal,14-06-2026
Maharashtra,Chattrapati Sambhajinagar,APMC Chattrapati Sambhajinagar ,Vegetables,Tomato,Other,Local,"3,500.00","4,000.00","3,750.00",Rs./Quintal,13-06-2026
Maharashtra,Chattrapati Sambhajinagar,APMC Chattrapati Sambhajinagar ,Vegetables,Tomato,Other,Local,"3,000.00","5,000.00","4,000.00",Rs./Quintal,11-06-2026
Maharashtra,Chattrapati Sambhajinagar,APMC Chattrapati Sambhajinagar ,Vegetables,Tomato,Other,Local,"2,500.00","4,500.00","3,500.00",Rs./Quintal,10-06-2026
Maharashtra,Chattrapati Sambhajinagar,APMC Chattrapati Sambhajinagar ,Vegetables,Tomato,Other,Local,"2,000.00","3,700.00","2,850.00",Rs./Quintal,09-06-2026
Maharashtra,Chattrapati Sambhajinagar,APMC Chattrapati Sambhajinagar ,Vegetables,Tomato,Other,Local,"2,500.00","4,200.00","3,350.00",Rs./Quintal,08-06-2026
Maharashtra,Chattrapati Sambhajinagar,APMC Chattrapati Sambhajinagar ,Vegetables,Tomato,Other,Local,"2,000.00","3,800.00","2,900.00",Rs./Quintal,07-06-2026
Maharashtra,Chattrapati Sambhajinagar,APMC Chattrapati Sambhajinagar ,Vegetables,Tomato,Other,Local,"2,200.00","3,700.00","2,950.00",Rs./Quintal,06-06-2026
Maharashtra,Chattrapati Sambhajinagar,APMC Chattrapati Sambhajinagar ,Vegetables,Tomato,Other,Local,"1,500.00","2,500.00","2,000.00",Rs./Quintal,04-06-2026
Maharashtra,Chattrapati Sambhajinagar,APMC Chattrapati Sambhajinagar ,Vegetables,Tomato,Other,Local,"2,200.00","3,000.00","2,600.00",Rs./Quintal,03-06-2026
Maharashtra,Chattrapati Sambhajinagar,APMC Chattrapati Sambhajinagar ,Vegetables,Tomato,Other,Local,"1,700.00","2,800.00","2,250.00",Rs./Quintal,02-06-2026
Maharashtra,Chattrapati Sambhajinagar,APMC Chattrapati Sambhajinagar ,Vegetables,Tomato,Other,Local,"2,000.00","3,200.00","2,600.00",Rs./Quintal,01-06-2026
Maharashtra,Chattrapati Sambhajinagar,APMC Chattrapati Sambhajinagar ,Vegetables,Tomato,Other,Local,"2,000.00","4,000.00","3,000.00",Rs./Quintal,31-05-2026
Maharashtra,Chattrapati Sambhajinagar,APMC Chattrapati Sambhajinagar ,Vegetables,Tomato,Other,Local,"1,500.00","2,500.00","2,000.00",Rs./Quintal,30-05-2026
Maharashtra,Chattrapati Sambhajinagar,APMC Chattrapati Sambhajinagar ,Vegetables,Tomato,Other,Local,"2,000.00","3,500.00","2,750.00",Rs./Quintal,28-05-2026
Maharashtra,Chattrapati Sambhajinagar,APMC Chattrapati Sambhajinagar ,Vegetables,Tomato,Other,Local,"3,000.00","3,500.00","3,250.00",Rs./Quintal,27-05-2026
Maharashtra,Chattrapati Sambhajinagar,APMC Chattrapati Sambhajinagar ,Vegetables,Tomato,Other,Local,"1,500.00","3,000.00","2,250.00",Rs./Quintal,26-05-2026
Maharashtra,Chattrapati Sambhajinagar,APMC Chattrapati Sambhajinagar ,Vegetables,Tomato,Other,Local,"1,200.00","3,500.00","2,500.00",Rs./Quintal,25-05-2026
Maharashtra,Chattrapati Sambhajinagar,APMC Chattrapati Sambhajinagar ,Vegetables,Tomato,Other,Local,"1,500.00","4,000.00","2,750.00",Rs./Quintal,24-05-2026
Maharashtra,Chattrapati Sambhajinagar,APMC Chattrapati Sambhajinagar ,Vegetables,Tomato,Other,Local,"1,500.00","3,500.00","2,500.00",Rs./Quintal,23-05-2026
Maharashtra,Chattrapati Sambhajinagar,APMC Chattrapati Sambhajinagar ,Vegetables,Tomato,Other,Local,"1,500.00","4,000.00","2,750.00",Rs./Quintal,21-05-2026
Maharashtra,Chattrapati Sambhajinagar,APMC Chattrapati Sambhajinagar ,Vegetables,Tomato,Other,Local,"1,800.00","3,500.00","2,650.00",Rs./Quintal,20-05-2026
Maharashtra,Chattrapati Sambhajinagar,APMC Chattrapati Sambhajinagar ,Vegetables,Tomato,Other,Local,"1,500.00","3,500.00","2,500.00",Rs./Quintal,19-05-2026
Maharashtra,Chattrapati Sambhajinagar,APMC Chattrapati Sambhajinagar ,Vegetables,Tomato,Other,Local,"1,200.00","2,000.00","1,600.00",Rs./Quintal,18-05-2026
Maharashtra,Chattrapati Sambhajinagar,APMC Chattrapati Sambhajinagar ,Vegetables,Tomato,Other,Local,"1,500.00","2,500.00","2,000.00",Rs./Quintal,17-05-2026
Maharashtra,Chattrapati Sambhajinagar,APMC Chattrapati Sambhajinagar ,Vegetables,Tomato,Other,Local,"1,700.00","2,200.00","1,950.00",Rs./Quintal,16-05-2026
Maharashtra,Chattrapati Sambhajinagar,APMC Chattrapati Sambhajinagar ,Vegetables,Tomato,Other,Local,"1,500.00","2,500.00","2,000.00",Rs./Quintal,14-05-2026
Maharashtra,Chattrapati Sambhajinagar,APMC Chattrapati Sambhajinagar ,Vegetables,Tomato,Other,Local,"1,500.00","2,500.00","2,000.00",Rs./Quintal,13-05-2026
Maharashtra,Chattrapati Sambhajinagar,APMC Chattrapati Sambhajinagar ,Vegetables,Tomato,Other,Local,"1,300.00","2,500.00","1,750.00",Rs./Quintal,12-05-2026
Maharashtra,Chattrapati Sambhajinagar,APMC Chattrapati Sambhajinagar ,Vegetables,Tomato,Other,Local,"1,500.00","2,500.00","2,000.00",Rs./Quintal,11-05-2026
Maharashtra,Chattrapati Sambhajinagar,APMC Chattrapati Sambhajinagar ,Vegetables,Tomato,Other,Local,"1,200.00","3,000.00","2,100.00",Rs./Quintal,10-05-2026
Maharashtra,Chattrapati Sambhajinagar,APMC Chattrapati Sambhajinagar ,Vegetables,Tomato,Other,Local,"1,000.00","2,200.00","1,600.00",Rs./Quintal,09-05-2026
Maharashtra,Chattrapati Sambhajinagar,APMC Chattrapati Sambhajinagar ,Vegetables,Tomato,Other,Local,600.00,"2,200.00","1,400.00",Rs./Quintal,07-05-2026
Maharashtra,Chattrapati Sambhajinagar,APMC Chattrapati Sambhajinagar ,Vegetables,Tomato,Other,Local,600.00,"2,000.00","1,300.00",Rs./Quintal,06-05-2026
Maharashtra,Chattrapati Sambhajinagar,APMC Chattrapati Sambhajinagar ,Vegetables,Tomato,Other,Local,"1,200.00","2,200.00","1,600.00",Rs./Quintal,05-05-2026
Maharashtra,Chattrapati Sambhajinagar,APMC Chattrapati Sambhajinagar ,Vegetables,Tomato,Other,Local,800.00,"2,000.00","1,400.00",Rs./Quintal,04-05-2026
Maharashtra,Chattrapati Sambhajinagar,APMC Chattrapati Sambhajinagar ,Vegetables,Tomato,Other,Local,"1,200.00","2,000.00","1,600.00",Rs./Quintal,03-05-2026
Maharashtra,Chattrapati Sambhajinagar,APMC Chattrapati Sambhajinagar ,Vegetables,Tomato,Other,Local,"1,000.00","1,500.00","1,250.00",Rs./Quintal,02-05-2026
Maharashtra,Chattrapati Sambhajinagar,APMC Chattrapati Sambhajinagar ,Vegetables,Tomato,Other,Local,600.00,"1,800.00","1,200.00",Rs./Quintal,30-04-2026
Maharashtra,Chattrapati Sambhajinagar,APMC Chattrapati Sambhajinagar ,Vegetables,Tomato,Other,Local,"1,000.00","1,300.00","1,150.00",Rs./Quintal,29-04-2026
Maharashtra,Chattrapati Sambhajinagar,APMC Chattrapati Sambhajinagar ,Vegetables,Tomato,Other,Local,800.00,"2,000.00","1,400.00",Rs./Quintal,28-04-2026
Maharashtra,Chattrapati Sambhajinagar,APMC Chattrapati Sambhajinagar ,Vegetables,Tomato,Other,Local,500.00,"1,500.00","1,000.00",Rs./Quintal,27-04-2026
Maharashtra,Chattrapati Sambhajinagar,APMC Chattrapati Sambhajinagar ,Vegetables,Tomato,Other,Local,550.00,750.00,650.00,Rs./Quintal,26-04-2026
Maharashtra,Chattrapati Sambhajinagar,APMC Chattrapati Sambhajinagar ,Vegetables,Tomato,Other,Local,550.00,750.00,650.00,Rs./Quintal,25-04-2026
Maharashtra,Chattrapati Sambhajinagar,APMC Chattrapati Sambhajinagar ,Vegetables,Tomato,Other,Local,500.00,700.00,600.00,Rs./Quintal,23-04-2026
Maharashtra,Chattrapati Sambhajinagar,APMC Chattrapati Sambhajinagar ,Vegetables,Tomato,Other,Local,400.00,"1,300.00",850.00,Rs./Quintal,22-04-2026
Maharashtra,Chattrapati Sambhajinagar,APMC Chattrapati Sambhajinagar ,Vegetables,Tomato,Other,Local,700.00,"1,000.00",850.00,Rs./Quintal,21-04-2026
Maharashtra,Chattrapati Sambhajinagar,APMC Chattrapati Sambhajinagar ,Vegetables,Tomato,Other,Local,600.00,800.00,700.00,Rs./Quintal,20-04-2026
Maharashtra,Chattrapati Sambhajinagar,APMC Chattrapati Sambhajinagar ,Vegetables,Tomato,Other,Local,500.00,"1,000.00",750.00,Rs./Quintal,19-04-2026
Maharashtra,Chattrapati Sambhajinagar,APMC Chattrapati Sambhajinagar ,Vegetables,Tomato,Other,Local,500.00,"1,000.00",750.00,Rs./Quintal,18-04-2026
Maharashtra,Chattrapati Sambhajinagar,APMC Chattrapati Sambhajinagar ,Vegetables,Tomato,Other,Local,400.00,"1,200.00",800.00,Rs./Quintal,16-04-2026
Maharashtra,Chattrapati Sambhajinagar,APMC Chattrapati Sambhajinagar ,Vegetables,Tomato,Other,Local,500.00,"1,300.00",900.00,Rs./Quintal,15-04-2026
Maharashtra,Chattrapati Sambhajinagar,APMC Chattrapati Sambhajinagar ,Vegetables,Tomato,Other,Local,500.00,"1,000.00",750.00,Rs./Quintal,14-04-2026
Maharashtra,Chattrapati Sambhajinagar,APMC Chattrapati Sambhajinagar ,Vegetables,Tomato,Other,Local,400.00,700.00,550.00,Rs./Quintal,13-04-2026
Maharashtra,Chattrapati Sambhajinagar,APMC Chattrapati Sambhajinagar ,Vegetables,Tomato,Other,Local,500.00,900.00,700.00,Rs./Quintal,12-04-2026
Maharashtra,Chattrapati Sambhajinagar,APMC Chattrapati Sambhajinagar ,Vegetables,Tomato,Other,Local,500.00,"1,300.00",900.00,Rs./Quintal,11-04-2026
Maharashtra,Chattrapati Sambhajinagar,APMC Chattrapati Sambhajinagar ,Vegetables,Tomato,Other,Local,500.00,600.00,550.00,Rs./Quintal,09-04-2026
Maharashtra,Chattrapati Sambhajinagar,APMC Chattrapati Sambhajinagar ,Vegetables,Tomato,Other,Local,400.00,500.00,450.00,Rs./Quintal,08-04-2026
Maharashtra,Chattrapati Sambhajinagar,APMC Chattrapati Sambhajinagar ,Vegetables,Tomato,Other,Local,400.00,600.00,500.00,Rs./Quintal,07-04-2026
Maharashtra,Chattrapati Sambhajinagar,APMC Chattrapati Sambhajinagar ,Vegetables,Tomato,Other,Local,500.00,700.00,600.00,Rs./Quintal,06-04-2026
Maharashtra,Chattrapati Sambhajinagar,APMC Chattrapati Sambhajinagar ,Vegetables,Tomato,Other,Local,400.00,500.00,450.00,Rs./Quintal,05-04-2026
Maharashtra,Chattrapati Sambhajinagar,APMC Chattrapati Sambhajinagar ,Vegetables,Tomato,Other,Local,500.00,800.00,650.00,Rs./Quintal,04-04-2026
Maharashtra,Chattrapati Sambhajinagar,APMC Chattrapati Sambhajinagar ,Vegetables,Tomato,Other,Local,600.00,800.00,700.00,Rs./Quintal,02-04-2026
Maharashtra,Chattrapati Sambhajinagar,APMC Chattrapati Sambhajinagar ,Vegetables,Tomato,Other,Local,500.00,700.00,600.00,Rs./Quintal,01-04-2026
Maharashtra,Chattrapati Sambhajinagar,APMC Chattrapati Sambhajinagar ,Vegetables,Tomato,Other,Local,500.00,900.00,700.00,Rs./Quintal,31-03-2026
Maharashtra,Chattrapati Sambhajinagar,APMC Chattrapati Sambhajinagar ,Vegetables,Tomato,Other,Local,300.00,800.00,550.00,Rs./Quintal,30-03-2026
Maharashtra,Chattrapati Sambhajinagar,APMC Chattrapati Sambhajinagar ,Vegetables,Tomato,Other,Local,500.00,900.00,700.00,Rs./Quintal,29-03-2026
Maharashtra,Chattrapati Sambhajinagar,APMC Chattrapati Sambhajinagar ,Vegetables,Tomato,Other,Local,550.00,"1,000.00",775.00,Rs./Quintal,28-03-2026
Maharashtra,Chattrapati Sambhajinagar,APMC Chattrapati Sambhajinagar ,Vegetables,Tomato,Other,Local,500.00,"1,100.00",800.00,Rs./Quintal,26-03-2026
Maharashtra,Chattrapati Sambhajinagar,APMC Chattrapati Sambhajinagar ,Vegetables,Tomato,Other,Local,600.00,"1,200.00",900.00,Rs./Quintal,25-03-2026
Maharashtra,Chattrapati Sambhajinagar,APMC Chattrapati Sambhajinagar ,Vegetables,Tomato,Other,Local,"1,000.00","1,300.00","1,150.00",Rs./Quintal,23-03-2026
Maharashtra,Chattrapati Sambhajinagar,APMC Chattrapati Sambhajinagar ,Vegetables,Tomato,Other,Local,500.00,"1,100.00",800.00,Rs./Quintal,22-03-2026
Maharashtra,Chattrapati Sambhajinagar,APMC Chattrapati Sambhajinagar ,Vegetables,Tomato,Other,Local,400.00,"1,000.00",700.00,Rs./Quintal,19-03-2026
Maharashtra,Chattrapati Sambhajinagar,APMC Chattrapati Sambhajinagar ,Vegetables,Tomato,Other,Local,700.00,900.00,800.00,Rs./Quintal,18-03-2026
Maharashtra,Chattrapati Sambhajinagar,APMC Chattrapati Sambhajinagar ,Vegetables,Tomato,Other,Local,600.00,"1,000.00",800.00,Rs./Quintal,17-03-2026
Maharashtra,Chattrapati Sambhajinagar,APMC Chattrapati Sambhajinagar ,Vegetables,Tomato,Other,Local,"1,000.00","1,500.00","1,250.00",Rs./Quintal,16-03-2026
Maharashtra,Chattrapati Sambhajinagar,APMC Chattrapati Sambhajinagar ,Vegetables,Tomato,Other,Local,600.00,"1,000.00",800.00,Rs./Quintal,15-03-2026
Maharashtra,Chattrapati Sambhajinagar,APMC Chattrapati Sambhajinagar ,Vegetables,Tomato,Other,Local,"1,000.00","1,200.00","1,100.00",Rs./Quintal,14-03-2026
Maharashtra,Chattrapati Sambhajinagar,APMC Chattrapati Sambhajinagar ,Vegetables,Tomato,Other,Local,500.00,"1,200.00",850.00,Rs./Quintal,12-03-2026
Maharashtra,Chattrapati Sambhajinagar,APMC Chattrapati Sambhajinagar ,Vegetables,Tomato,Other,Local,600.00,"1,200.00",900.00,Rs./Quintal,11-03-2026
Maharashtra,Chattrapati Sambhajinagar,APMC Chattrapati Sambhajinagar ,Vegetables,Tomato,Other,Local,550.00,650.00,600.00,Rs./Quintal,10-03-2026
Maharashtra,Chattrapati Sambhajinagar,APMC Chattrapati Sambhajinagar ,Vegetables,Tomato,Other,Local,500.00,"1,300.00",900.00,Rs./Quintal,09-03-2026
Maharashtra,Chattrapati Sambhajinagar,APMC Chattrapati Sambhajinagar ,Vegetables,Tomato,Other,Local,500.00,700.00,600.00,Rs./Quintal,08-03-2026
Maharashtra,Chattrapati Sambhajinagar,APMC Chattrapati Sambhajinagar ,Vegetables,Tomato,Other,Local,600.00,900.00,750.00,Rs./Quintal,07-03-2026
Maharashtra,Chattrapati Sambhajinagar,APMC Chattrapati Sambhajinagar ,Vegetables,Tomato,Other,Local,600.00,800.00,700.00,Rs./Quintal,05-03-2026
Maharashtra,Chattrapati Sambhajinagar,APMC Chattrapati Sambhajinagar ,Vegetables,Tomato,Other,Local,300.00,600.00,450.00,Rs./Quintal,04-03-2026
Maharashtra,Chattrapati Sambhajinagar,APMC Chattrapati Sambhajinagar ,Vegetables,Tomato,Other,Local,400.00,700.00,550.00,Rs./Quintal,02-03-2026
Maharashtra,Chattrapati Sambhajinagar,APMC Chattrapati Sambhajinagar ,Vegetables,Tomato,Other,Local,500.00,700.00,600.00,Rs./Quintal,01-03-2026
Maharashtra,Chattrapati Sambhajinagar,APMC Chattrapati Sambhajinagar ,Vegetables,Tomato,Other,Local,400.00,700.00,550.00,Rs./Quintal,28-02-2026
Maharashtra,Chattrapati Sambhajinagar,APMC Chattrapati Sambhajinagar ,Vegetables,Tomato,Other,Local,400.00,700.00,550.00,Rs./Quintal,25-02-2026
Maharashtra,Chattrapati Sambhajinagar,APMC Chattrapati Sambhajinagar ,Vegetables,Tomato,Other,Local,500.00,700.00,600.00,Rs./Quintal,24-02-2026
Maharashtra,Chattrapati Sambhajinagar,APMC Chattrapati Sambhajinagar ,Vegetables,Tomato,Other,Local,600.00,800.00,700.00,Rs./Quintal,23-02-2026
Maharashtra,Chattrapati Sambhajinagar,APMC Chattrapati Sambhajinagar ,Vegetables,Tomato,Other,Local,700.00,800.00,750.00,Rs./Quintal,22-02-2026
Maharashtra,Chattrapati Sambhajinagar,APMC Chattrapati Sambhajinagar ,Vegetables,Tomato,Other,Local,500.00,"1,000.00",750.00,Rs./Quintal,21-02-2026
Maharashtra,Chattrapati Sambhajinagar,APMC Chattrapati Sambhajinagar ,Vegetables,Tomato,Other,Local,700.00,900.00,800.00,Rs./Quintal,18-02-2026
Maharashtra,Chattrapati Sambhajinagar,APMC Chattrapati Sambhajinagar ,Vegetables,Tomato,Other,Local,500.00,"1,000.00",750.00,Rs./Quintal,17-02-2026
Maharashtra,Chattrapati Sambhajinagar,APMC Chattrapati Sambhajinagar ,Vegetables,Tomato,Other,Local,400.00,"1,000.00",700.00,Rs./Quintal,16-02-2026
Maharashtra,Chattrapati Sambhajinagar,APMC Chattrapati Sambhajinagar ,Vegetables,Tomato,Other,Local,500.00,700.00,600.00,Rs./Quintal,15-02-2026
Maharashtra,Chattrapati Sambhajinagar,APMC Chattrapati Sambhajinagar ,Vegetables,Tomato,Other,Local,500.00,900.00,700.00,Rs./Quintal,14-02-2026
Maharashtra,Chattrapati Sambhajinagar,APMC Chattrapati Sambhajinagar ,Vegetables,Tomato,Other,Local,600.00,"1,200.00",900.00,Rs./Quintal,12-02-2026
Maharashtra,Chattrapati Sambhajinagar,APMC Chattrapati Sambhajinagar ,Vegetables,Tomato,Other,Local,500.00,800.00,650.00,Rs./Quintal,11-02-2026
Maharashtra,Chattrapati Sambhajinagar,APMC Chattrapati Sambhajinagar ,Vegetables,Tomato,Other,Local,600.00,800.00,700.00,Rs./Quintal,10-02-2026
Maharashtra,Chattrapati Sambhajinagar,APMC Chattrapati Sambhajinagar ,Vegetables,Tomato,Other,Local,600.00,"1,000.00",800.00,Rs./Quintal,09-02-2026
Maharashtra,Chattrapati Sambhajinagar,APMC Chattrapati Sambhajinagar ,Vegetables,Tomato,Other,Local,600.00,"1,000.00",800.00,Rs./Quintal,08-02-2026
Maharashtra,Chattrapati Sambhajinagar,APMC Chattrapati Sambhajinagar ,Vegetables,Tomato,Other,Local,800.00,"1,000.00",900.00,Rs./Quintal,05-02-2026
Maharashtra,Chattrapati Sambhajinagar,APMC Chattrapati Sambhajinagar ,Vegetables,Tomato,Other,Local,600.00,"1,000.00",800.00,Rs./Quintal,04-02-2026
Maharashtra,Chattrapati Sambhajinagar,APMC Chattrapati Sambhajinagar ,Vegetables,Tomato,Other,Local,600.00,"1,000.00",800.00,Rs./Quintal,03-02-2026
Maharashtra,Chattrapati Sambhajinagar,APMC Chattrapati Sambhajinagar ,Vegetables,Tomato,Other,Local,"1,000.00","2,500.00","1,750.00",Rs./Quintal,02-02-2026
Maharashtra,Chattrapati Sambhajinagar,APMC Chattrapati Sambhajinagar ,Vegetables,Tomato,Other,Local,600.00,"1,600.00","1,100.00",Rs./Quintal,01-02-2026
Maharashtra,Chattrapati Sambhajinagar,APMC Chattrapati Sambhajinagar ,Vegetables,Tomato,Other,Local,500.00,"1,000.00",750.00,Rs./Quintal,29-01-2026
Maharashtra,Chattrapati Sambhajinagar,APMC Chattrapati Sambhajinagar ,Vegetables,Tomato,Other,Local,700.00,"1,000.00",850.00,Rs./Quintal,28-01-2026
Maharashtra,Chattrapati Sambhajinagar,APMC Chattrapati Sambhajinagar ,Vegetables,Tomato,Other,Local,750.00,"1,300.00","1,025.00",Rs./Quintal,27-01-2026
Maharashtra,Chattrapati Sambhajinagar,APMC Chattrapati Sambhajinagar ,Vegetables,Tomato,Other,Local,"1,000.00","1,500.00","1,250.00",Rs./Quintal,26-01-2026
Maharashtra,Chattrapati Sambhajinagar,APMC Chattrapati Sambhajinagar ,Vegetables,Tomato,Other,Local,"1,200.00","2,000.00","1,600.00",Rs./Quintal,25-01-2026
Maharashtra,Chattrapati Sambhajinagar,APMC Chattrapati Sambhajinagar ,Vegetables,Tomato,Other,Local,700.00,"2,000.00","1,350.00",Rs./Quintal,24-01-2026
Maharashtra,Chattrapati Sambhajinagar,APMC Chattrapati Sambhajinagar ,Vegetables,Tomato,Other,Local,750.00,"1,500.00","1,125.00",Rs./Quintal,22-01-2026
Maharashtra,Chattrapati Sambhajinagar,APMC Chattrapati Sambhajinagar ,Vegetables,Tomato,Other,Local,"1,300.00","2,300.00","1,800.00",Rs./Quintal,21-01-2026
Maharashtra,Chattrapati Sambhajinagar,APMC Chattrapati Sambhajinagar ,Vegetables,Tomato,Other,Local,900.00,"2,200.00","1,550.00",Rs./Quintal,20-01-2026
Maharashtra,Chattrapati Sambhajinagar,APMC Chattrapati Sambhajinagar ,Vegetables,Tomato,Other,Local,"1,000.00","2,200.00","1,600.00",Rs./Quintal,19-01-2026
Maharashtra,Chattrapati Sambhajinagar,APMC Chattrapati Sambhajinagar ,Vegetables,Tomato,Other,Local,"1,000.00","2,500.00","1,750.00",Rs./Quintal,18-01-2026
Maharashtra,Chattrapati Sambhajinagar,APMC Chattrapati Sambhajinagar ,Vegetables,Tomato,Other,Local,750.00,"2,500.00","1,775.00",Rs./Quintal,17-01-2026
Maharashtra,Chattrapati Sambhajinagar,APMC Chattrapati Sambhajinagar ,Vegetables,Tomato,Other,Local,"1,000.00","2,400.00","1,700.00",Rs./Quintal,15-01-2026
Maharashtra,Chattrapati Sambhajinagar,APMC Chattrapati Sambhajinagar ,Vegetables,Tomato,Other,Local,"1,500.00","2,500.00","2,000.00",Rs./Quintal,14-01-2026
Maharashtra,Chattrapati Sambhajinagar,APMC Chattrapati Sambhajinagar ,Vegetables,Tomato,Other,Local,"1,500.00","2,000.00","1,750.00",Rs./Quintal,13-01-2026
Maharashtra,Chattrapati Sambhajinagar,APMC Chattrapati Sambhajinagar ,Vegetables,Tomato,Other,Local,"1,400.00","2,500.00","1,950.00",Rs./Quintal,12-01-2026
Maharashtra,Chattrapati Sambhajinagar,APMC Chattrapati Sambhajinagar ,Vegetables,Tomato,Other,Local,"1,500.00","2,500.00","2,000.00",Rs./Quintal,11-01-2026
Maharashtra,Chattrapati Sambhajinagar,APMC Chattrapati Sambhajinagar ,Vegetables,Tomato,Other,Local,"2,550.00","3,000.00","2,775.00",Rs./Quintal,10-01-2026
Maharashtra,Chattrapati Sambhajinagar,APMC Chattrapati Sambhajinagar ,Vegetables,Tomato,Other,Local,"1,500.00","2,500.00","2,000.00",Rs./Quintal,08-01-2026
Maharashtra,Chattrapati Sambhajinagar,APMC Chattrapati Sambhajinagar ,Vegetables,Tomato,Other,Local,"2,000.00","3,000.00","2,500.00",Rs./Quintal,07-01-2026
Maharashtra,Chattrapati Sambhajinagar,APMC Chattrapati Sambhajinagar ,Vegetables,Tomato,Other,Local,"2,500.00","3,200.00","2,850.00",Rs./Quintal,06-01-2026
Maharashtra,Chattrapati Sambhajinagar,APMC Chattrapati Sambhajinagar ,Vegetables,Tomato,Other,Local,"3,500.00","4,000.00","3,750.00",Rs./Quintal,05-01-2026
Maharashtra,Chattrapati Sambhajinagar,APMC Chattrapati Sambhajinagar ,Vegetables,Tomato,Other,Local,"2,500.00","3,500.00","3,000.00",Rs./Quintal,04-01-2026
Maharashtra,Chattrapati Sambhajinagar,APMC Chattrapati Sambhajinagar ,Vegetables,Tomato,Other,Local,"3,000.00","4,000.00","3,500.00",Rs./Quintal,03-01-2026
Maharashtra,Chattrapati Sambhajinagar,APMC Chattrapati Sambhajinagar ,Vegetables,Tomato,Other,Local,"2,500.00","3,000.00","2,750.00",Rs./Quintal,01-01-2026
Maharashtra,Dharashiv,APMC Dharashiv ,Vegetables,Tomato,Other,Local,500.00,"1,000.00",750.00,Rs./Quintal,02-09-2026
Maharashtra,Dharashiv,APMC Dharashiv ,Vegetables,Tomato,Other,Local,500.00,"1,250.00",875.00,Rs./Quintal,01-09-2026
Maharashtra,Dharashiv,APMC Dharashiv ,Vegetables,Tomato,Other,Local,500.00,"1,300.00",900.00,Rs./Quintal,30-08-2026
Maharashtra,Dharashiv,APMC Dharashiv ,Vegetables,Tomato,Other,Local,200.00,"1,000.00",600.00,Rs./Quintal,29-08-2026
Maharashtra,Dharashiv,APMC Dharashiv ,Vegetables,Tomato,Other,Local,500.00,"1,250.00",875.00,Rs./Quintal,28-08-2026
Maharashtra,Dharashiv,APMC Dharashiv ,Vegetables,Tomato,Other,Local,500.00,"1,000.00",750.00,Rs./Quintal,27-08-2026
Maharashtra,Dharashiv,APMC Dharashiv ,Vegetables,Tomato,Other,Local,500.00,"1,000.00",750.00,Rs./Quintal,26-08-2026
Maharashtra,Dharashiv,APMC Dharashiv ,Vegetables,Tomato,Other,Local,500.00,"1,000.00",750.00,Rs./Quintal,23-08-2026
Maharashtra,Dharashiv,APMC Dharashiv ,Vegetables,Tomato,Other,Local,500.00,750.00,625.00,Rs./Quintal,22-08-2026
Maharashtra,Dharashiv,APMC Dharashiv ,Vegetables,Tomato,Other,Local,500.00,"1,000.00",750.00,Rs./Quintal,21-08-2026
Maharashtra,Dharashiv,APMC Dharashiv ,Vegetables,Tomato,Other,Local,500.00,"1,250.00",875.00,Rs./Quintal,20-08-2026
Maharashtra,Dharashiv,APMC Dharashiv ,Vegetables,Tomato,Other,Local,500.00,"1,150.00",825.00,Rs./Quintal,19-08-2026
Maharashtra,Dharashiv,APMC Dharashiv ,Vegetables,Tomato,Other,Local,500.00,"1,500.00","1,000.00",Rs./Quintal,18-08-2026
Maharashtra,Dharashiv,APMC Dharashiv ,Vegetables,Tomato,Other,Local,500.00,"1,750.00","1,125.00",Rs./Quintal,15-08-2026
Maharashtra,Dharashiv,APMC Dharashiv ,Vegetables,Tomato,Other,Local,500.00,"1,750.00","1,125.00",Rs./Quintal,14-08-2026
Maharashtra,Dharashiv,APMC Dharashiv ,Vegetables,Tomato,Other,Local,500.00,"1,500.00","1,000.00",Rs./Quintal,13-08-2026
Maharashtra,Dharashiv,APMC Dharashiv ,Vegetables,Tomato,Other,Local,500.00,"1,500.00","1,000.00",Rs./Quintal,12-08-2026
Maharashtra,Dharashiv,APMC Dharashiv ,Vegetables,Tomato,Other,Local,500.00,"1,850.00","1,175.00",Rs./Quintal,11-08-2026
Maharashtra,Dharashiv,APMC Dharashiv ,Vegetables,Tomato,Other,Local,500.00,"1,850.00","1,175.00",Rs./Quintal,09-08-2026
Maharashtra,Dharashiv,APMC Dharashiv ,Vegetables,Tomato,Other,Local,500.00,"2,250.00","1,375.00",Rs./Quintal,08-08-2026
Maharashtra,Dharashiv,APMC Dharashiv ,Vegetables,Tomato,Other,Local,500.00,"2,250.00","1,375.00",Rs./Quintal,07-08-2026
Maharashtra,Dharashiv,APMC Dharashiv ,Vegetables,Tomato,Other,Local,500.00,"2,250.00","1,375.00",Rs./Quintal,06-08-2026
Maharashtra,Dharashiv,APMC Dharashiv ,Vegetables,Tomato,Other,Local,500.00,"2,500.00","1,500.00",Rs./Quintal,05-08-2026
Maharashtra,Dharashiv,APMC Dharashiv ,Vegetables,Tomato,Other,Local,500.00,"2,750.00","1,625.00",Rs./Quintal,04-08-2026
Maharashtra,Dharashiv,APMC Dharashiv ,Vegetables,Tomato,Other,Local,500.00,"2,500.00","1,500.00",Rs./Quintal,02-08-2026
Maharashtra,Dharashiv,APMC Dharashiv ,Vegetables,Tomato,Other,Local,500.00,"2,000.00","1,250.00",Rs./Quintal,01-08-2026
Maharashtra,Dharashiv,APMC Dharashiv ,Vegetables,Tomato,Other,Local,500.00,"2,000.00","1,250.00",Rs./Quintal,31-07-2026
Maharashtra,Dharashiv,APMC Dharashiv ,Vegetables,Tomato,Other,Local,500.00,"2,250.00","1,375.00",Rs./Quintal,30-07-2026
Maharashtra,Dharashiv,APMC Dharashiv ,Vegetables,Tomato,Other,Local,500.00,"1,500.00","1,000.00",Rs./Quintal,29-07-2026
Maharashtra,Dharashiv,APMC Dharashiv ,Vegetables,Tomato,Other,Local,500.00,"1,500.00","1,000.00",Rs./Quintal,28-07-2026
Maharashtra,Dharashiv,APMC Dharashiv ,Vegetables,Tomato,Other,Local,500.00,"1,500.00","1,000.00",Rs./Quintal,26-07-2026
Maharashtra,Dharashiv,APMC Dharashiv ,Vegetables,Tomato,Other,Local,500.00,"2,000.00","1,250.00",Rs./Quintal,25-07-2026
Maharashtra,Dharashiv,APMC Dharashiv ,Vegetables,Tomato,Other,Local,500.00,"1,500.00","1,000.00",Rs./Quintal,24-07-2026
Maharashtra,Dharashiv,APMC Dharashiv ,Vegetables,Tomato,Other,Local,500.00,"1,500.00","1,000.00",Rs./Quintal,23-07-2026
Maharashtra,Dharashiv,APMC Dharashiv ,Vegetables,Tomato,Other,Local,500.00,"1,500.00","1,000.00",Rs./Quintal,22-07-2026
Maharashtra,Dharashiv,APMC Dharashiv ,Vegetables,Tomato,Other,Local,500.00,"2,500.00","1,500.00",Rs./Quintal,21-07-2026
Maharashtra,Dharashiv,APMC Dharashiv ,Vegetables,Tomato,Other,Local,500.00,"3,150.00","1,825.00",Rs./Quintal,19-07-2026
Maharashtra,Dharashiv,APMC Dharashiv ,Vegetables,Tomato,Other,Local,750.00,"2,500.00","1,625.00",Rs./Quintal,18-07-2026
Maharashtra,Dharashiv,APMC Dharashiv ,Vegetables,Tomato,Other,Local,500.00,"2,000.00","1,250.00",Rs./Quintal,17-07-2026
Maharashtra,Dharashiv,APMC Dharashiv ,Vegetables,Tomato,Other,Local,500.00,"2,500.00","1,500.00",Rs./Quintal,16-07-2026
Maharashtra,Dharashiv,APMC Dharashiv ,Vegetables,Tomato,Other,Local,500.00,"2,500.00","1,500.00",Rs./Quintal,15-07-2026
Maharashtra,Dharashiv,APMC Dharashiv ,Vegetables,Tomato,Other,Local,"1,000.00","3,750.00","2,375.00",Rs./Quintal,14-07-2026
Maharashtra,Dharashiv,APMC Dharashiv ,Vegetables,Tomato,Other,Local,500.00,"2,750.00","1,625.00",Rs./Quintal,12-07-2026
Maharashtra,Dharashiv,APMC Dharashiv ,Vegetables,Tomato,Other,Local,500.00,"3,500.00","2,000.00",Rs./Quintal,11-07-2026
Maharashtra,Dharashiv,APMC Dharashiv ,Vegetables,Tomato,Other,Local,500.00,"2,500.00","1,500.00",Rs./Quintal,10-07-2026
Maharashtra,Dharashiv,APMC Dharashiv ,Vegetables,Tomato,Other,Local,500.00,"3,000.00","1,750.00",Rs./Quintal,08-07-2026
Maharashtra,Dharashiv,APMC Dharashiv ,Vegetables,Tomato,Other,Local,500.00,"3,250.00","1,850.00",Rs./Quintal,05-07-2026
Maharashtra,Dharashiv,APMC Dharashiv ,Vegetables,Tomato,Other,Local,500.00,"3,500.00","2,000.00",Rs./Quintal,04-07-2026
Maharashtra,Dharashiv,APMC Dharashiv ,Vegetables,Tomato,Other,Local,800.00,"4,000.00","2,400.00",Rs./Quintal,03-07-2026
Maharashtra,Dharashiv,APMC Dharashiv ,Vegetables,Tomato,Other,Local,500.00,"3,000.00","1,750.00",Rs./Quintal,02-07-2026
Maharashtra,Dharashiv,APMC Dharashiv ,Vegetables,Tomato,Other,Local,500.00,"3,500.00","2,000.00",Rs./Quintal,01-07-2026
Maharashtra,Dharashiv,APMC Dharashiv ,Vegetables,Tomato,Other,Local,750.00,"3,350.00","2,050.00",Rs./Quintal,30-06-2026
Maharashtra,Dharashiv,APMC Dharashiv ,Vegetables,Tomato,Other,Local,500.00,"4,000.00","2,250.00",Rs./Quintal,28-06-2026
Maharashtra,Dharashiv,APMC Dharashiv ,Vegetables,Tomato,Other,Local,500.00,"2,500.00","1,375.00",Rs./Quintal,27-06-2026
Maharashtra,Dharashiv,APMC Dharashiv ,Vegetables,Tomato,Other,Local,500.00,"3,000.00","1,750.00",Rs./Quintal,26-06-2026
Maharashtra,Dharashiv,APMC Dharashiv ,Vegetables,Tomato,Other,Local,500.00,"3,500.00","2,000.00",Rs./Quintal,25-06-2026
Maharashtra,Dharashiv,APMC Dharashiv ,Vegetables,Tomato,Other,Local,500.00,"3,500.00","2,000.00",Rs./Quintal,24-06-2026
Maharashtra,Dharashiv,APMC Dharashiv ,Vegetables,Tomato,Other,Local,750.00,"4,000.00","2,375.00",Rs./Quintal,23-06-2026
Maharashtra,Dharashiv,APMC Dharashiv ,Vegetables,Tomato,Other,Local,500.00,"3,750.00","2,125.00",Rs./Quintal,21-06-2026
Maharashtra,Dharashiv,APMC Dharashiv ,Vegetables,Tomato,Other,Local,500.00,"4,000.00","2,250.00",Rs./Quintal,20-06-2026
Maharashtra,Dharashiv,APMC Dharashiv ,Vegetables,Tomato,Other,Local,850.00,"4,000.00","2,425.00",Rs./Quintal,19-06-2026
Maharashtra,Dharashiv,APMC Dharashiv ,Vegetables,Tomato,Other,Local,750.00,"4,500.00","2,625.00",Rs./Quintal,18-06-2026
Maharashtra,Dharashiv,APMC Dharashiv ,Vegetables,Tomato,Other,Local,"1,600.00","4,000.00","2,400.00",Rs./Quintal,17-06-2026
Maharashtra,Dharashiv,APMC Dharashiv ,Vegetables,Tomato,Other,Local,500.00,"4,500.00","2,500.00",Rs./Quintal,16-06-2026
Maharashtra,Dharashiv,APMC Dharashiv ,Vegetables,Tomato,Other,Local,"1,100.00","5,000.00","3,050.00",Rs./Quintal,14-06-2026
Maharashtra,Dharashiv,APMC Dharashiv ,Vegetables,Tomato,Other,Local,"1,500.00","5,000.00","3,250.00",Rs./Quintal,13-06-2026
Maharashtra,Dharashiv,APMC Dharashiv ,Vegetables,Tomato,Other,Local,750.00,"5,000.00","2,875.00",Rs./Quintal,12-06-2026
Maharashtra,Dharashiv,APMC Dharashiv ,Vegetables,Tomato,Other,Local,750.00,"4,250.00","2,500.00",Rs./Quintal,11-06-2026
Maharashtra,Dharashiv,APMC Dharashiv ,Vegetables,Tomato,Other,Local,"1,250.00","4,000.00","2,625.00",Rs./Quintal,10-06-2026
Maharashtra,Dharashiv,APMC Dharashiv ,Vegetables,Tomato,Other,Local,"1,100.00","4,000.00","2,550.00",Rs./Quintal,09-06-2026
Maharashtra,Jalgaon,APMC Bhusaval ,Vegetables,Tomato,Other,Local,"1,000.00","1,500.00","1,200.00",Rs./Quintal,03-09-2026
Maharashtra,Jalgaon,APMC Bhusaval ,Vegetables,Tomato,Other,Local,"1,000.00","1,500.00","1,200.00",Rs./Quintal,02-09-2026
Maharashtra,Jalgaon,APMC Bhusaval ,Vegetables,Tomato,Other,Local,800.00,"1,200.00","1,000.00",Rs./Quintal,01-09-2026
Maharashtra,Jalgaon,APMC Bhusaval ,Vegetables,Tomato,Other,Local,"1,000.00","1,500.00","1,200.00",Rs./Quintal,30-08-2026
Maharashtra,Jalgaon,APMC Bhusaval ,Vegetables,Tomato,Other,Local,"1,000.00","1,500.00","1,200.00",Rs./Quintal,29-08-2026
Maharashtra,Jalgaon,APMC Bhusaval ,Vegetables,Tomato,Other,Local,"1,000.00","1,500.00","1,200.00",Rs./Quintal,28-08-2026
Maharashtra,Jalgaon,APMC Bhusaval ,Vegetables,Tomato,Other,Local,"1,000.00","1,500.00","1,200.00",Rs./Quintal,27-08-2026
Maharashtra,Jalgaon,APMC Bhusaval ,Vegetables,Tomato,Other,Local,"1,000.00","1,500.00","1,200.00",Rs./Quintal,26-08-2026
Maharashtra,Jalgaon,APMC Bhusaval ,Vegetables,Tomato,Other,Local,"1,000.00","1,500.00","1,200.00",Rs./Quintal,25-08-2026
Maharashtra,Jalgaon,APMC Bhusaval ,Vegetables,Tomato,Other,Local,"1,000.00","2,000.00","1,500.00",Rs./Quintal,23-08-2026
Maharashtra,Jalgaon,APMC Bhusaval ,Vegetables,Tomato,Other,Local,"1,200.00","1,600.00","1,500.00",Rs./Quintal,22-08-2026
Maharashtra,Jalgaon,APMC Bhusaval ,Vegetables,Tomato,Other,Local,"1,000.00","2,000.00","1,500.00",Rs./Quintal,21-08-2026
Maharashtra,Jalgaon,APMC Bhusaval ,Vegetables,Tomato,Other,Local,"1,000.00","1,500.00","1,200.00",Rs./Quintal,20-08-2026
Maharashtra,Jalgaon,APMC Bhusaval ,Vegetables,Tomato,Other,Local,"1,000.00","1,500.00","1,200.00",Rs./Quintal,19-08-2026
Maharashtra,Jalgaon,APMC Bhusaval ,Vegetables,Tomato,Other,Local,"1,000.00","1,500.00","1,200.00",Rs./Quintal,18-08-2026
Maharashtra,Jalgaon,APMC Bhusaval ,Vegetables,Tomato,Other,Local,"1,000.00","2,000.00","1,500.00",Rs./Quintal,16-08-2026
Maharashtra,Jalgaon,APMC Bhusaval ,Vegetables,Tomato,Other,Local,"2,000.00","2,500.00","2,200.00",Rs./Quintal,15-08-2026
Maharashtra,Jalgaon,APMC Bhusaval ,Vegetables,Tomato,Other,Local,"1,000.00","1,500.00","1,200.00",Rs./Quintal,14-08-2026
Maharashtra,Jalgaon,APMC Bhusaval ,Vegetables,Tomato,Other,Local,"1,500.00","2,000.00","1,800.00",Rs./Quintal,13-08-2026
Maharashtra,Jalgaon,APMC Bhusaval ,Vegetables,Tomato,Other,Local,"1,200.00","1,500.00","1,500.00",Rs./Quintal,12-08-2026
Maharashtra,Jalgaon,APMC Bhusaval ,Vegetables,Tomato,Other,Local,"1,000.00","1,800.00","1,500.00",Rs./Quintal,11-08-2026
Maharashtra,Jalgaon,APMC Bhusaval ,Vegetables,Tomato,Other,Local,"1,300.00","2,000.00","1,500.00",Rs./Quintal,09-08-2026
Maharashtra,Jalgaon,APMC Bhusaval ,Vegetables,Tomato,Other,Local,"1,200.00","1,500.00","1,300.00",Rs./Quintal,08-08-2026
Maharashtra,Jalgaon,APMC Bhusaval ,Vegetables,Tomato,Other,Local,"1,000.00","1,500.00","1,300.00",Rs./Quintal,07-08-2026
Maharashtra,Jalgaon,APMC Bhusaval ,Vegetables,Tomato,Other,Local,"1,200.00","2,000.00","1,800.00",Rs./Quintal,06-08-2026
Maharashtra,Jalgaon,APMC Bhusaval ,Vegetables,Tomato,Other,Local,"1,000.00","1,500.00","1,200.00",Rs./Quintal,05-08-2026
Maharashtra,Jalgaon,APMC Bhusaval ,Vegetables,Tomato,Other,Local,"1,000.00","1,500.00","1,200.00",Rs./Quintal,04-08-2026
Maharashtra,Jalgaon,APMC Bhusaval ,Vegetables,Tomato,Other,Local,800.00,"1,200.00","1,000.00",Rs./Quintal,02-08-2026
Maharashtra,Jalgaon,APMC Bhusaval ,Vegetables,Tomato,Other,Local,"1,500.00","2,000.00","2,000.00",Rs./Quintal,01-08-2026
Maharashtra,Jalgaon,APMC Bhusaval ,Vegetables,Tomato,Other,Local,"1,500.00","2,500.00","2,000.00",Rs./Quintal,31-07-2026
Maharashtra,Jalgaon,APMC Bhusaval ,Vegetables,Tomato,Other,Local,"1,200.00","2,000.00","1,800.00",Rs./Quintal,30-07-2026
Maharashtra,Jalgaon,APMC Bhusaval ,Vegetables,Tomato,Other,Local,"2,000.00","2,500.00","2,200.00",Rs./Quintal,29-07-2026
Maharashtra,Jalgaon,APMC Bhusaval ,Vegetables,Tomato,Other,Local,"1,800.00","2,500.00","2,000.00",Rs./Quintal,26-07-2026
Maharashtra,Jalgaon,APMC Bhusaval ,Vegetables,Tomato,Other,Local,"1,000.00","2,000.00","1,500.00",Rs./Quintal,25-07-2026
Maharashtra,Jalgaon,APMC Bhusaval ,Vegetables,Tomato,Other,Local,"2,000.00","2,500.00","2,200.00",Rs./Quintal,24-07-2026
Maharashtra,Jalgaon,APMC Bhusaval ,Vegetables,Tomato,Other,Local,"1,800.00","2,000.00","2,000.00",Rs./Quintal,23-07-2026
Maharashtra,Jalgaon,APMC Bhusaval ,Vegetables,Tomato,Other,Local,"1,500.00","2,000.00","1,800.00",Rs./Quintal,22-07-2026
Maharashtra,Jalgaon,APMC Bhusaval ,Vegetables,Tomato,Other,Local,"1,200.00","2,000.00","1,500.00",Rs./Quintal,21-07-2026
Maharashtra,Jalgaon,APMC Bhusaval ,Vegetables,Tomato,Other,Local,"1,500.00","2,200.00","2,000.00",Rs./Quintal,19-07-2026
Maharashtra,Jalgaon,APMC Bhusaval ,Vegetables,Tomato,Other,Local,"2,000.00","2,500.00","2,200.00",Rs./Quintal,18-07-2026
Maharashtra,Jalgaon,APMC Bhusaval ,Vegetables,Tomato,Other,Local,"2,000.00","2,500.00","2,200.00",Rs./Quintal,17-07-2026
Maharashtra,Jalgaon,APMC Bhusaval ,Vegetables,Tomato,Other,Local,"2,000.00","3,000.00","2,500.00",Rs./Quintal,16-07-2026
Maharashtra,Jalgaon,APMC Bhusaval ,Vegetables,Tomato,Other,Local,"2,000.00","3,000.00","2,500.00",Rs./Quintal,15-07-2026
Maharashtra,Jalgaon,APMC Bhusaval ,Vegetables,Tomato,Other,Local,"3,000.00","4,500.00","3,500.00",Rs./Quintal,14-07-2026
Maharashtra,Jalgaon,APMC Bhusaval ,Vegetables,Tomato,Other,Local,"2,000.00","3,000.00","2,500.00",Rs./Quintal,12-07-2026
Maharashtra,Jalgaon,APMC Bhusaval ,Vegetables,Tomato,Other,Local,"2,000.00","2,500.00","2,200.00",Rs./Quintal,11-07-2026
Maharashtra,Jalgaon,APMC Bhusaval ,Vegetables,Tomato,Other,Local,"2,000.00","2,500.00","2,200.00",Rs./Quintal,10-07-2026
Maharashtra,Jalgaon,APMC Bhusaval ,Vegetables,Tomato,Other,Local,"1,500.00","2,000.00","2,000.00",Rs./Quintal,09-07-2026
Maharashtra,Jalgaon,APMC Bhusaval ,Vegetables,Tomato,Other,Local,"1,200.00","2,000.00","1,500.00",Rs./Quintal,08-07-2026
Maharashtra,Jalgaon,APMC Bhusaval ,Vegetables,Tomato,Other,Local,"1,500.00","2,200.00","2,000.00",Rs./Quintal,07-07-2026
Maharashtra,Jalgaon,APMC Bhusaval ,Vegetables,Tomato,Other,Local,"1,800.00","2,500.00","2,000.00",Rs./Quintal,05-07-2026
Maharashtra,Jalgaon,APMC Bhusaval ,Vegetables,Tomato,Other,Local,"2,000.00","2,500.00","2,200.00",Rs./Quintal,04-07-2026
Maharashtra,Jalgaon,APMC Bhusaval ,Vegetables,Tomato,Other,Local,"2,000.00","2,500.00","2,200.00",Rs./Quintal,03-07-2026
Maharashtra,Jalgaon,APMC Bhusaval ,Vegetables,Tomato,Other,Local,"2,000.00","3,000.00","2,500.00",Rs./Quintal,01-07-2026
Maharashtra,Jalgaon,APMC Bhusaval ,Vegetables,Tomato,Other,Local,"2,000.00","3,000.00","2,500.00",Rs./Quintal,30-06-2026
Maharashtra,Jalgaon,APMC Bhusaval ,Vegetables,Tomato,Other,Local,"2,000.00","2,500.00","2,200.00",Rs./Quintal,28-06-2026
Maharashtra,Jalgaon,APMC Bhusaval ,Vegetables,Tomato,Other,Local,"2,000.00","3,000.00","2,500.00",Rs./Quintal,27-06-2026
Maharashtra,Jalgaon,APMC Bhusaval ,Vegetables,Tomato,Other,Local,"2,000.00","2,500.00","2,200.00",Rs./Quintal,26-06-2026
Maharashtra,Jalgaon,APMC Bhusaval ,Vegetables,Tomato,Other,Local,"2,000.00","3,000.00","2,500.00",Rs./Quintal,25-06-2026
Maharashtra,Jalgaon,APMC Bhusaval ,Vegetables,Tomato,Other,Local,"2,000.00","3,000.00","2,500.00",Rs./Quintal,24-06-2026
Maharashtra,Jalgaon,APMC Bhusaval ,Vegetables,Tomato,Other,Local,"2,000.00","2,500.00","2,200.00",Rs./Quintal,23-06-2026
Maharashtra,Jalgaon,APMC Bhusaval ,Vegetables,Tomato,Other,Local,"2,000.00","2,500.00","2,200.00",Rs./Quintal,21-06-2026
Maharashtra,Jalgaon,APMC Bhusaval ,Vegetables,Tomato,Other,Local,"2,000.00","3,000.00","2,500.00",Rs./Quintal,20-06-2026
Maharashtra,Jalgaon,APMC Bhusaval ,Vegetables,Tomato,Other,Local,"2,000.00","3,000.00","2,500.00",Rs./Quintal,19-06-2026
Maharashtra,Jalgaon,APMC Bhusaval ,Vegetables,Tomato,Other,Local,"2,000.00","3,000.00","2,500.00",Rs./Quintal,18-06-2026
Maharashtra,Jalgaon,APMC Bhusaval ,Vegetables,Tomato,Other,Local,"2,200.00","3,000.00","2,500.00",Rs./Quintal,17-06-2026
Maharashtra,Jalgaon,APMC Bhusaval ,Vegetables,Tomato,Other,Local,"2,500.00","3,500.00","3,000.00",Rs./Quintal,16-06-2026
Maharashtra,Jalgaon,APMC Bhusaval ,Vegetables,Tomato,Other,Local,"2,000.00","3,000.00","2,500.00",Rs./Quintal,14-06-2026
Maharashtra,Jalgaon,APMC Bhusaval ,Vegetables,Tomato,Other,Local,"2,000.00","3,000.00","2,500.00",Rs./Quintal,13-06-2026
Maharashtra,Jalgaon,APMC Bhusaval ,Vegetables,Tomato,Other,Local,"2,500.00","3,500.00","3,000.00",Rs./Quintal,12-06-2026
Maharashtra,Jalgaon,APMC Bhusaval ,Vegetables,Tomato,Other,Local,"2,200.00","3,000.00","2,500.00",Rs./Quintal,11-06-2026
Maharashtra,Jalgaon,APMC Bhusaval ,Vegetables,Tomato,Other,Local,"2,000.00","3,000.00","2,500.00",Rs./Quintal,10-06-2026
Maharashtra,Jalgaon,APMC Bhusaval ,Vegetables,Tomato,Other,Local,"2,000.00","3,000.00","2,500.00",Rs./Quintal,09-06-2026
Maharashtra,Jalgaon,APMC Bhusaval ,Vegetables,Tomato,Other,Local,"2,000.00","2,500.00","2,200.00",Rs./Quintal,07-06-2026
Maharashtra,Jalgaon,APMC Bhusaval ,Vegetables,Tomato,Other,Local,"2,000.00","3,000.00","2,500.00",Rs./Quintal,06-06-2026
Maharashtra,Jalgaon,APMC Bhusaval ,Vegetables,Tomato,Other,Local,"2,000.00","3,000.00","2,500.00",Rs./Quintal,05-06-2026
Maharashtra,Jalgaon,APMC Bhusaval ,Vegetables,Tomato,Other,Local,"3,000.00","4,000.00","3,500.00",Rs./Quintal,04-06-2026
Maharashtra,Jalgaon,APMC Bhusaval ,Vegetables,Tomato,Other,Local,"3,000.00","4,000.00","3,500.00",Rs./Quintal,03-06-2026
Maharashtra,Jalgaon,APMC Bhusaval ,Vegetables,Tomato,Other,Local,"3,500.00","4,000.00","3,800.00",Rs./Quintal,02-06-2026
Maharashtra,Jalgaon,APMC Bhusaval ,Vegetables,Tomato,Other,Local,"2,000.00","3,000.00","2,500.00",Rs./Quintal,01-06-2026
Maharashtra,Jalgaon,APMC Bhusaval ,Vegetables,Tomato,Other,Local,"1,500.00","2,000.00","1,800.00",Rs./Quintal,30-05-2026
Maharashtra,Jalgaon,APMC Bhusaval ,Vegetables,Tomato,Other,Local,"2,000.00","3,000.00","2,500.00",Rs./Quintal,29-05-2026
Maharashtra,Jalgaon,APMC Bhusaval ,Vegetables,Tomato,Other,Local,"2,500.00","4,000.00","3,000.00",Rs./Quintal,28-05-2026
Maharashtra,Jalgaon,APMC Bhusaval ,Vegetables,Tomato,Other,Local,"2,000.00","3,000.00","2,500.00",Rs./Quintal,24-05-2026
Maharashtra,Jalgaon,APMC Bhusaval ,Vegetables,Tomato,Other,Local,"1,000.00","1,600.00","1,200.00",Rs./Quintal,16-05-2026
Maharashtra,Jalgaon,APMC Bhusaval ,Vegetables,Tomato,Other,Local,"1,000.00","1,500.00","1,200.00",Rs./Quintal,15-05-2026
Maharashtra,Jalgaon,APMC Bhusaval ,Vegetables,Tomato,Other,Local,"1,500.00","2,200.00","2,000.00",Rs./Quintal,14-05-2026
Maharashtra,Jalgaon,APMC Bhusaval ,Vegetables,Tomato,Other,Local,"1,200.00","1,600.00","1,500.00",Rs./Quintal,13-05-2026
Maharashtra,Jalgaon,APMC Bhusaval ,Vegetables,Tomato,Other,Local,"1,000.00","1,500.00","1,200.00",Rs./Quintal,12-05-2026
Maharashtra,Jalgaon,APMC Bhusaval ,Vegetables,Tomato,Other,Local,"1,000.00","1,500.00","1,200.00",Rs./Quintal,10-05-2026
Maharashtra,Jalgaon,APMC Bhusaval ,Vegetables,Tomato,Other,Local,"1,000.00","1,500.00","1,200.00",Rs./Quintal,09-05-2026
Maharashtra,Jalgaon,APMC Bhusaval ,Vegetables,Tomato,Other,Local,"1,000.00","1,500.00","1,200.00",Rs./Quintal,08-05-2026
Maharashtra,Jalgaon,APMC Bhusaval ,Vegetables,Tomato,Other,Local,"1,000.00","2,000.00","1,200.00",Rs./Quintal,07-05-2026
Maharashtra,Jalgaon,APMC Bhusaval ,Vegetables,Tomato,Other,Local,"1,000.00","2,000.00","1,500.00",Rs./Quintal,06-05-2026
Maharashtra,Jalgaon,APMC Bhusaval ,Vegetables,Tomato,Other,Local,"1,200.00","1,800.00","1,500.00",Rs./Quintal,05-05-2026
Maharashtra,Jalgaon,APMC Bhusaval ,Vegetables,Tomato,Other,Local,"1,000.00","2,000.00","1,500.00",Rs./Quintal,03-05-2026
Maharashtra,Jalgaon,APMC Bhusaval ,Vegetables,Tomato,Other,Local,"1,000.00","1,800.00","1,500.00",Rs./Quintal,02-05-2026
Maharashtra,Jalgaon,APMC Bhusaval ,Vegetables,Tomato,Other,Local,"1,000.00","1,800.00","1,500.00",Rs./Quintal,01-05-2026
Maharashtra,Jalgaon,APMC Bhusaval ,Vegetables,Tomato,Other,Local,"1,000.00","1,800.00","1,500.00",Rs./Quintal,30-04-2026
Maharashtra,Jalgaon,APMC Bhusaval ,Vegetables,Tomato,Other,Local,"1,200.00","2,000.00","1,500.00",Rs./Quintal,29-04-2026
Maharashtra,Jalgaon,APMC Bhusaval ,Vegetables,Tomato,Other,Local,"1,000.00","1,800.00","1,200.00",Rs./Quintal,28-04-2026
Maharashtra,Jalgaon,APMC Bhusaval ,Vegetables,Tomato,Other,Local,"1,000.00","1,800.00","1,500.00",Rs./Quintal,26-04-2026
Maharashtra,Jalgaon,APMC Bhusaval ,Vegetables,Tomato,Other,Local,"1,200.00","2,000.00","1,500.00",Rs./Quintal,25-04-2026
Maharashtra,Jalgaon,APMC Bhusaval ,Vegetables,Tomato,Other,Local,"1,000.00","1,500.00","1,200.00",Rs./Quintal,24-04-2026
Maharashtra,Jalgaon,APMC Bhusaval ,Vegetables,Tomato,Other,Local,"1,000.00","1,500.00","1,200.00",Rs./Quintal,23-04-2026
Maharashtra,Jalgaon,APMC Bhusaval ,Vegetables,Tomato,Other,Local,"1,000.00","1,500.00","1,200.00",Rs./Quintal,22-04-2026
Maharashtra,Jalgaon,APMC Bhusaval ,Vegetables,Tomato,Other,Local,"1,000.00","1,500.00","1,200.00",Rs./Quintal,21-04-2026
Maharashtra,Jalgaon,APMC Bhusaval ,Vegetables,Tomato,Other,Local,"1,000.00","1,500.00","1,200.00",Rs./Quintal,19-04-2026
Maharashtra,Jalgaon,APMC Bhusaval ,Vegetables,Tomato,Other,Local,"1,000.00","1,500.00","1,200.00",Rs./Quintal,18-04-2026
Maharashtra,Jalgaon,APMC Bhusaval ,Vegetables,Tomato,Other,Local,"1,000.00","1,500.00","1,200.00",Rs./Quintal,17-04-2026
Maharashtra,Jalgaon,APMC Bhusaval ,Vegetables,Tomato,Other,Local,"1,000.00","1,500.00","1,200.00",Rs./Quintal,16-04-2026
Maharashtra,Jalgaon,APMC Bhusaval ,Vegetables,Tomato,Other,Local,"1,000.00","1,500.00","1,200.00",Rs./Quintal,15-04-2026
Maharashtra,Jalgaon,APMC Bhusaval ,Vegetables,Tomato,Other,Local,"1,000.00","1,500.00","1,200.00",Rs./Quintal,14-04-2026
Maharashtra,Jalgaon,APMC Bhusaval ,Vegetables,Tomato,Other,Local,"1,000.00","1,500.00","1,200.00",Rs./Quintal,12-04-2026
Maharashtra,Jalgaon,APMC Bhusaval ,Vegetables,Tomato,Other,Local,800.00,"1,200.00","1,000.00",Rs./Quintal,11-04-2026
Maharashtra,Jalgaon,APMC Bhusaval ,Vegetables,Tomato,Other,Local,800.00,"1,200.00","1,000.00",Rs./Quintal,10-04-2026
Maharashtra,Jalgaon,APMC Bhusaval ,Vegetables,Tomato,Other,Local,900.00,"1,500.00","1,300.00",Rs./Quintal,09-04-2026
Maharashtra,Jalgaon,APMC Bhusaval ,Vegetables,Tomato,Other,Local,500.00,"1,000.00",800.00,Rs./Quintal,08-04-2026
Maharashtra,Jalgaon,APMC Bhusaval ,Vegetables,Tomato,Other,Local,"1,000.00","1,500.00","1,200.00",Rs./Quintal,07-04-2026
Maharashtra,Jalgaon,APMC Bhusaval ,Vegetables,Tomato,Other,Local,"1,000.00","1,500.00","1,200.00",Rs./Quintal,05-04-2026
Maharashtra,Jalgaon,APMC Bhusaval ,Vegetables,Tomato,Other,Local,"1,000.00","1,500.00","1,200.00",Rs./Quintal,04-04-2026
Maharashtra,Jalgaon,APMC Bhusaval ,Vegetables,Tomato,Other,Local,500.00,"1,200.00","1,000.00",Rs./Quintal,03-04-2026
Maharashtra,Jalgaon,APMC Bhusaval ,Vegetables,Tomato,Other,Local,"1,000.00","1,500.00","1,200.00",Rs./Quintal,02-04-2026
Maharashtra,Jalgaon,APMC Bhusaval ,Vegetables,Tomato,Other,Local,"1,000.00","1,500.00","1,200.00",Rs./Quintal,01-04-2026
Maharashtra,Jalgaon,APMC Bhusaval ,Vegetables,Tomato,Other,Local,"1,000.00","1,500.00","1,200.00",Rs./Quintal,31-03-2026
Maharashtra,Jalgaon,APMC Bhusaval ,Vegetables,Tomato,Other,Local,"1,000.00","1,500.00","1,200.00",Rs./Quintal,29-03-2026
Maharashtra,Jalgaon,APMC Bhusaval ,Vegetables,Tomato,Other,Local,"1,000.00","1,500.00","1,200.00",Rs./Quintal,28-03-2026
Maharashtra,Jalgaon,APMC Bhusaval ,Vegetables,Tomato,Other,Local,"1,000.00","1,500.00","1,200.00",Rs./Quintal,27-03-2026
Maharashtra,Jalgaon,APMC Bhusaval ,Vegetables,Tomato,Other,Local,"1,000.00","1,500.00","1,200.00",Rs./Quintal,26-03-2026
Maharashtra,Jalgaon,APMC Bhusaval ,Vegetables,Tomato,Other,Local,"1,000.00","1,500.00","1,200.00",Rs./Quintal,25-03-2026
Maharashtra,Jalgaon,APMC Bhusaval ,Vegetables,Tomato,Other,Local,900.00,"1,500.00","1,200.00",Rs./Quintal,24-03-2026
Maharashtra,Jalgaon,APMC Bhusaval ,Vegetables,Tomato,Other,Local,"1,000.00","1,500.00","1,200.00",Rs./Quintal,22-03-2026
Maharashtra,Jalgaon,APMC Bhusaval ,Vegetables,Tomato,Other,Local,"1,000.00","1,500.00","1,300.00",Rs./Quintal,21-03-2026
Maharashtra,Jalgaon,APMC Bhusaval ,Vegetables,Tomato,Other,Local,"1,500.00","2,000.00","1,800.00",Rs./Quintal,20-03-2026
Maharashtra,Jalgaon,APMC Bhusaval ,Vegetables,Tomato,Other,Local,"1,500.00","2,000.00","1,800.00",Rs./Quintal,19-03-2026
Maharashtra,Jalgaon,APMC Bhusaval ,Vegetables,Tomato,Other,Local,"1,200.00","2,000.00","1,800.00",Rs./Quintal,18-03-2026
Maharashtra,Jalgaon,APMC Bhusaval ,Vegetables,Tomato,Other,Local,"1,000.00","2,000.00","1,500.00",Rs./Quintal,15-03-2026
Maharashtra,Jalgaon,APMC Bhusaval ,Vegetables,Tomato,Other,Local,"1,000.00","1,600.00","1,200.00",Rs./Quintal,14-03-2026
Maharashtra,Jalgaon,APMC Bhusaval ,Vegetables,Tomato,Other,Local,800.00,"1,600.00","1,000.00",Rs./Quintal,13-03-2026
Maharashtra,Jalgaon,APMC Bhusaval ,Vegetables,Tomato,Other,Local,"1,000.00","1,600.00","1,400.00",Rs./Quintal,12-03-2026
Maharashtra,Jalgaon,APMC Bhusaval ,Vegetables,Tomato,Other,Local,800.00,"1,200.00","1,000.00",Rs./Quintal,11-03-2026
Maharashtra,Jalgaon,APMC Bhusaval ,Vegetables,Tomato,Other,Local,"1,000.00","1,600.00","1,200.00",Rs./Quintal,10-03-2026
Maharashtra,Jalgaon,APMC Bhusaval ,Vegetables,Tomato,Other,Local,"1,000.00","1,600.00","1,200.00",Rs./Quintal,08-03-2026
Maharashtra,Jalgaon,APMC Bhusaval ,Vegetables,Tomato,Other,Local,"1,000.00","1,600.00","1,200.00",Rs./Quintal,07-03-2026
Maharashtra,Jalgaon,APMC Bhusaval ,Vegetables,Tomato,Other,Local,"1,000.00","1,600.00","1,200.00",Rs./Quintal,06-03-2026
Maharashtra,Jalgaon,APMC Bhusaval ,Vegetables,Tomato,Other,Local,"1,000.00","1,600.00","1,300.00",Rs./Quintal,05-03-2026
Maharashtra,Jalgaon,APMC Bhusaval ,Vegetables,Tomato,Other,Local,800.00,"1,200.00","1,000.00",Rs./Quintal,04-03-2026
Maharashtra,Jalgaon,APMC Bhusaval ,Vegetables,Tomato,Other,Local,500.00,"1,000.00",800.00,Rs./Quintal,01-03-2026
Maharashtra,Jalgaon,APMC Bhusaval ,Vegetables,Tomato,Other,Local,800.00,"1,300.00","1,000.00",Rs./Quintal,28-02-2026
Maharashtra,Jalgaon,APMC Bhusaval ,Vegetables,Tomato,Other,Local,800.00,"1,300.00","1,000.00",Rs./Quintal,27-02-2026
Maharashtra,Jalgaon,APMC Bhusaval ,Vegetables,Tomato,Other,Local,500.00,"1,300.00","1,000.00",Rs./Quintal,26-02-2026
Maharashtra,Jalgaon,APMC Bhusaval ,Vegetables,Tomato,Other,Local,500.00,"1,000.00",800.00,Rs./Quintal,25-02-2026
Maharashtra,Jalgaon,APMC Bhusaval ,Vegetables,Tomato,Other,Local,500.00,"1,000.00",800.00,Rs./Quintal,24-02-2026
Maharashtra,Jalgaon,APMC Bhusaval ,Vegetables,Tomato,Other,Local,500.00,"1,000.00",800.00,Rs./Quintal,22-02-2026
Maharashtra,Jalgaon,APMC Bhusaval ,Vegetables,Tomato,Other,Local,"1,000.00","1,500.00","1,200.00",Rs./Quintal,21-02-2026
Maharashtra,Jalgaon,APMC Bhusaval ,Vegetables,Tomato,Other,Local,800.00,"1,500.00","1,000.00",Rs./Quintal,20-02-2026
Maharashtra,Jalgaon,APMC Bhusaval ,Vegetables,Tomato,Other,Local,"1,000.00","1,500.00","1,200.00",Rs./Quintal,19-02-2026
Maharashtra,Jalgaon,APMC Bhusaval ,Vegetables,Tomato,Other,Local,700.00,"1,500.00","1,000.00",Rs./Quintal,18-02-2026
Maharashtra,Jalgaon,APMC Bhusaval ,Vegetables,Tomato,Other,Local,"1,200.00","2,000.00","1,500.00",Rs./Quintal,17-02-2026
Maharashtra,Jalgaon,APMC Bhusaval ,Vegetables,Tomato,Other,Local,"1,000.00","2,000.00","1,500.00",Rs./Quintal,15-02-2026
Maharashtra,Jalgaon,APMC Bhusaval ,Vegetables,Tomato,Other,Local,"1,000.00","2,000.00","1,500.00",Rs./Quintal,14-02-2026
Maharashtra,Jalgaon,APMC Bhusaval ,Vegetables,Tomato,Other,Local,"1,000.00","2,000.00","1,500.00",Rs./Quintal,13-02-2026
Maharashtra,Jalgaon,APMC Bhusaval ,Vegetables,Tomato,Other,Local,"1,200.00","2,000.00","1,500.00",Rs./Quintal,12-02-2026
Maharashtra,Jalgaon,APMC Bhusaval ,Vegetables,Tomato,Other,Local,"1,200.00","2,000.00","1,500.00",Rs./Quintal,11-02-2026
Maharashtra,Jalgaon,APMC Bhusaval ,Vegetables,Tomato,Other,Local,"1,500.00","2,000.00","1,800.00",Rs./Quintal,10-02-2026
Maharashtra,Jalgaon,APMC Bhusaval ,Vegetables,Tomato,Other,Local,"1,500.00","2,200.00","2,000.00",Rs./Quintal,08-02-2026
Maharashtra,Jalgaon,APMC Bhusaval ,Vegetables,Tomato,Other,Local,"1,500.00","2,000.00","1,800.00",Rs./Quintal,07-02-2026
Maharashtra,Jalgaon,APMC Bhusaval ,Vegetables,Tomato,Other,Local,"1,500.00","2,000.00","1,800.00",Rs./Quintal,06-02-2026
Maharashtra,Jalgaon,APMC Bhusaval ,Vegetables,Tomato,Other,Local,"1,200.00","2,000.00","1,500.00",Rs./Quintal,05-02-2026
Maharashtra,Jalgaon,APMC Bhusaval ,Vegetables,Tomato,Other,Local,"1,200.00","2,000.00","1,500.00",Rs./Quintal,04-02-2026
Maharashtra,Jalgaon,APMC Bhusaval ,Vegetables,Tomato,Other,Local,"1,200.00","2,000.00","1,500.00",Rs./Quintal,03-02-2026
Maharashtra,Jalgaon,APMC Bhusaval ,Vegetables,Tomato,Other,Local,"1,100.00","2,000.00","1,600.00",Rs./Quintal,01-02-2026
Maharashtra,Jalgaon,APMC Bhusaval ,Vegetables,Tomato,Other,Local,"1,500.00","2,000.00","1,800.00",Rs./Quintal,31-01-2026
Maharashtra,Jalgaon,APMC Bhusaval ,Vegetables,Tomato,Other,Local,"1,200.00","2,000.00","1,500.00",Rs./Quintal,30-01-2026
Maharashtra,Jalgaon,APMC Bhusaval ,Vegetables,Tomato,Other,Local,"1,500.00","2,000.00","1,600.00",Rs./Quintal,29-01-2026
Maharashtra,Jalgaon,APMC Bhusaval ,Vegetables,Tomato,Other,Local,"1,500.00","2,000.00","1,800.00",Rs./Quintal,28-01-2026
Maharashtra,Jalgaon,APMC Bhusaval ,Vegetables,Tomato,Other,Local,"1,500.00","2,000.00","1,800.00",Rs./Quintal,27-01-2026
Maharashtra,Jalgaon,APMC Bhusaval ,Vegetables,Tomato,Other,Local,"1,500.00","2,000.00","1,800.00",Rs./Quintal,25-01-2026
Maharashtra,Jalgaon,APMC Bhusaval ,Vegetables,Tomato,Other,Local,"2,000.00","2,500.00","2,200.00",Rs./Quintal,24-01-2026
Maharashtra,Jalgaon,APMC Bhusaval ,Vegetables,Tomato,Other,Local,"2,000.00","2,500.00","2,200.00",Rs./Quintal,23-01-2026
Maharashtra,Jalgaon,APMC Bhusaval ,Vegetables,Tomato,Other,Local,"2,000.00","2,500.00","2,200.00",Rs./Quintal,22-01-2026
Maharashtra,Jalgaon,APMC Bhusaval ,Vegetables,Tomato,Other,Local,"2,000.00","3,000.00","2,500.00",Rs./Quintal,21-01-2026
Maharashtra,Jalgaon,APMC Bhusaval ,Vegetables,Tomato,Other,Local,"2,000.00","3,000.00","2,500.00",Rs./Quintal,20-01-2026
Maharashtra,Jalgaon,APMC Bhusaval ,Vegetables,Tomato,Other,Local,"1,500.00","2,000.00","1,800.00",Rs./Quintal,18-01-2026
Maharashtra,Jalgaon,APMC Bhusaval ,Vegetables,Tomato,Other,Local,"2,000.00","2,500.00","2,200.00",Rs./Quintal,17-01-2026
Maharashtra,Jalgaon,APMC Bhusaval ,Vegetables,Tomato,Other,Local,"2,000.00","2,500.00","2,200.00",Rs./Quintal,16-01-2026
Maharashtra,Jalgaon,APMC Bhusaval ,Vegetables,Tomato,Other,Local,"2,200.00","3,000.00","2,500.00",Rs./Quintal,15-01-2026
Maharashtra,Jalgaon,APMC Bhusaval ,Vegetables,Tomato,Other,Local,"2,000.00","3,000.00","2,500.00",Rs./Quintal,14-01-2026
Maharashtra,Jalgaon,APMC Bhusaval ,Vegetables,Tomato,Other,Local,"3,000.00","4,500.00","3,500.00",Rs./Quintal,13-01-2026
Maharashtra,Jalgaon,APMC Bhusaval ,Vegetables,Tomato,Other,Local,"2,000.00","2,500.00","2,200.00",Rs./Quintal,11-01-2026
Maharashtra,Jalgaon,APMC Bhusaval ,Vegetables,Tomato,Other,Local,"4,000.00","4,500.00","4,500.00",Rs./Quintal,10-01-2026
Maharashtra,Jalgaon,APMC Bhusaval ,Vegetables,Tomato,Other,Local,"3,500.00","4,500.00","4,000.00",Rs./Quintal,09-01-2026
Maharashtra,Jalgaon,APMC Bhusaval ,Vegetables,Tomato,Other,Local,"3,500.00","4,500.00","4,000.00",Rs./Quintal,08-01-2026
Maharashtra,Jalgaon,APMC Bhusaval ,Vegetables,Tomato,Other,Local,"3,000.00","4,500.00","4,000.00",Rs./Quintal,07-01-2026
Maharashtra,Jalgaon,APMC Bhusaval ,Vegetables,Tomato,Other,Local,"3,000.00","4,000.00","3,500.00",Rs./Quintal,06-01-2026
Maharashtra,Jalgaon,APMC Bhusaval ,Vegetables,Tomato,Other,Local,"3,000.00","4,000.00","3,500.00",Rs./Quintal,04-01-2026
Maharashtra,Jalgaon,APMC Bhusaval ,Vegetables,Tomato,Other,Local,"3,000.00","4,000.00","3,500.00",Rs./Quintal,03-01-2026
Maharashtra,Jalgaon,APMC Bhusaval ,Vegetables,Tomato,Other,Local,"3,000.00","4,000.00","3,500.00",Rs./Quintal,02-01-2026
Maharashtra,Jalgaon,APMC Bhusaval ,Vegetables,Tomato,Other,Local,"3,500.00","4,000.00","4,000.00",Rs./Quintal,01-01-2026
Maharashtra,Jalgaon,APMC Jalgaon ,Vegetables,Tomato,Other,Local,500.00,"1,200.00",800.00,Rs./Quintal,03-09-2026
Maharashtra,Jalgaon,APMC Jalgaon ,Vegetables,Tomato,Other,Local,500.00,"1,200.00",800.00,Rs./Quintal,02-09-2026
Maharashtra,Jalgaon,APMC Jalgaon ,Vegetables,Tomato,Other,Local,500.00,"1,200.00",800.00,Rs./Quintal,01-09-2026
Maharashtra,Jalgaon,APMC Jalgaon ,Vegetables,Tomato,Other,Local,500.00,"1,000.00",700.00,Rs./Quintal,31-08-2026
Maharashtra,Jalgaon,APMC Jalgaon ,Vegetables,Tomato,Other,Local,500.00,"1,000.00",700.00,Rs./Quintal,29-08-2026
Maharashtra,Jalgaon,APMC Jalgaon ,Vegetables,Tomato,Other,Local,500.00,"1,000.00",700.00,Rs./Quintal,27-08-2026
Maharashtra,Jalgaon,APMC Jalgaon ,Vegetables,Tomato,Other,Local,500.00,"1,000.00",700.00,Rs./Quintal,25-08-2026
Maharashtra,Jalgaon,APMC Jalgaon ,Vegetables,Tomato,Other,Local,500.00,"1,000.00",700.00,Rs./Quintal,24-08-2026
Maharashtra,Jalgaon,APMC Jalgaon ,Vegetables,Tomato,Other,Local,500.00,"1,200.00",800.00,Rs./Quintal,20-08-2026
Maharashtra,Jalgaon,APMC Jalgaon ,Vegetables,Tomato,Other,Local,"1,000.00","1,500.00","1,200.00",Rs./Quintal,18-08-2026
Maharashtra,Jalgaon,APMC Jalgaon ,Vegetables,Tomato,Other,Local,"1,000.00","2,000.00","1,500.00",Rs./Quintal,14-08-2026
Maharashtra,Jalgaon,APMC Jalgaon ,Vegetables,Tomato,Other,Local,"1,000.00","2,000.00","1,500.00",Rs./Quintal,13-08-2026
Maharashtra,Jalgaon,APMC Jalgaon ,Vegetables,Tomato,Other,Local,"1,000.00","1,500.00","1,200.00",Rs./Quintal,12-08-2026
Maharashtra,Jalgaon,APMC Jalgaon ,Vegetables,Tomato,Other,Local,"1,000.00","2,000.00","1,500.00",Rs./Quintal,11-08-2026
Maharashtra,Jalgaon,APMC Jalgaon ,Vegetables,Tomato,Other,Local,"1,000.00","2,000.00","1,500.00",Rs./Quintal,08-08-2026
Maharashtra,Jalgaon,APMC Jalgaon ,Vegetables,Tomato,Other,Local,"1,500.00","2,500.00","2,000.00",Rs./Quintal,07-08-2026
Maharashtra,Jalgaon,APMC Jalgaon ,Vegetables,Tomato,Other,Local,"1,000.00","2,300.00","1,700.00",Rs./Quintal,06-08-2026
Maharashtra,Jalgaon,APMC Jalgaon ,Vegetables,Tomato,Other,Local,"1,500.00","2,500.00","2,000.00",Rs./Quintal,05-08-2026
Maharashtra,Jalgaon,APMC Jalgaon ,Vegetables,Tomato,Other,Local,"1,000.00","2,000.00","1,500.00",Rs./Quintal,04-08-2026
Maharashtra,Jalgaon,APMC Jalgaon ,Vegetables,Tomato,Other,Local,"1,500.00","2,500.00","2,000.00",Rs./Quintal,03-08-2026
Maharashtra,Jalgaon,APMC Jalgaon ,Vegetables,Tomato,Other,Local,"2,000.00","3,000.00","2,500.00",Rs./Quintal,01-08-2026
Maharashtra,Jalgaon,APMC Jalgaon ,Vegetables,Tomato,Other,Local,"2,000.00","3,000.00","2,500.00",Rs./Quintal,31-07-2026
Maharashtra,Jalgaon,APMC Jalgaon ,Vegetables,Tomato,Other,Local,"2,000.00","3,000.00","2,500.00",Rs./Quintal,29-07-2026
Maharashtra,Jalgaon,APMC Jalgaon ,Vegetables,Tomato,Other,Local,"2,000.00","3,000.00","2,500.00",Rs./Quintal,28-07-2026
Maharashtra,Jalgaon,APMC Jalgaon ,Vegetables,Tomato,Other,Local,"1,000.00","2,500.00","1,700.00",Rs./Quintal,27-07-2026
Maharashtra,Jalgaon,APMC Jalgaon ,Vegetables,Tomato,Other,Local,"2,000.00","3,000.00","2,500.00",Rs./Quintal,24-07-2026
Maharashtra,Jalgaon,APMC Jalgaon ,Vegetables,Tomato,Other,Local,"2,000.00","3,000.00","2,500.00",Rs./Quintal,23-07-2026
Maharashtra,Jalgaon,APMC Jalgaon ,Vegetables,Tomato,Other,Local,"2,000.00","3,200.00","2,600.00",Rs./Quintal,22-07-2026
Maharashtra,Jalgaon,APMC Jalgaon ,Vegetables,Tomato,Other,Local,"1,000.00","2,500.00","1,800.00",Rs./Quintal,21-07-2026
Maharashtra,Jalgaon,APMC Jalgaon ,Vegetables,Tomato,Other,Local,"1,500.00","2,500.00","2,000.00",Rs./Quintal,20-07-2026
Maharashtra,Jalgaon,APMC Jalgaon ,Vegetables,Tomato,Other,Local,"2,000.00","3,000.00","2,500.00",Rs./Quintal,18-07-2026
Maharashtra,Jalgaon,APMC Jalgaon ,Vegetables,Tomato,Other,Local,"1,000.00","2,500.00","1,700.00",Rs./Quintal,17-07-2026
Maharashtra,Jalgaon,APMC Jalgaon ,Vegetables,Tomato,Other,Local,"2,000.00","3,000.00","2,500.00",Rs./Quintal,16-07-2026
Maharashtra,Jalgaon,APMC Jalgaon ,Vegetables,Tomato,Other,Local,"1,500.00","2,500.00","2,000.00",Rs./Quintal,15-07-2026
Maharashtra,Jalgaon,APMC Jalgaon ,Vegetables,Tomato,Other,Local,"2,500.00","3,500.00","3,000.00",Rs./Quintal,13-07-2026
Maharashtra,Jalgaon,APMC Jalgaon ,Vegetables,Tomato,Other,Local,"2,000.00","3,200.00","2,600.00",Rs./Quintal,10-07-2026
Maharashtra,Jalgaon,APMC Jalgaon ,Vegetables,Tomato,Other,Local,"3,000.00","4,000.00","3,500.00",Rs./Quintal,09-07-2026
Maharashtra,Jalgaon,APMC Jalgaon ,Vegetables,Tomato,Other,Local,"3,000.00","4,000.00","3,500.00",Rs./Quintal,08-07-2026
Maharashtra,Jalgaon,APMC Jalgaon ,Vegetables,Tomato,Other,Local,"3,000.00","4,000.00","3,500.00",Rs./Quintal,07-07-2026
Maharashtra,Jalgaon,APMC Jalgaon ,Vegetables,Tomato,Other,Local,"1,000.00","3,000.00","2,000.00",Rs./Quintal,04-07-2026
Maharashtra,Jalgaon,APMC Jalgaon ,Vegetables,Tomato,Other,Local,"2,000.00","3,000.00","2,500.00",Rs./Quintal,03-07-2026
Maharashtra,Jalgaon,APMC Jalgaon ,Vegetables,Tomato,Other,Local,"2,000.00","4,000.00","3,000.00",Rs./Quintal,02-07-2026
Maharashtra,Jalgaon,APMC Jalgaon ,Vegetables,Tomato,Other,Local,"1,500.00","2,500.00","2,000.00",Rs./Quintal,01-07-2026
Maharashtra,Jalgaon,APMC Jalgaon ,Vegetables,Tomato,Other,Local,"1,500.00","2,500.00","2,000.00",Rs./Quintal,30-06-2026
Maharashtra,Jalgaon,APMC Jalgaon ,Vegetables,Tomato,Other,Local,"1,000.00","3,000.00","2,000.00",Rs./Quintal,29-06-2026
Maharashtra,Jalgaon,APMC Jalgaon ,Vegetables,Tomato,Other,Local,"2,000.00","3,000.00","2,500.00",Rs./Quintal,27-06-2026
Maharashtra,Jalgaon,APMC Jalgaon ,Vegetables,Tomato,Other,Local,"3,000.00","4,000.00","3,500.00",Rs./Quintal,25-06-2026
Maharashtra,Jalgaon,APMC Jalgaon ,Vegetables,Tomato,Other,Local,"2,000.00","4,000.00","3,000.00",Rs./Quintal,24-06-2026
Maharashtra,Jalgaon,APMC Jalgaon ,Vegetables,Tomato,Other,Local,"2,500.00","4,500.00","3,500.00",Rs./Quintal,20-06-2026
Maharashtra,Jalgaon,APMC Jalgaon ,Vegetables,Tomato,Other,Local,"2,000.00","4,000.00","3,000.00",Rs./Quintal,19-06-2026
Maharashtra,Jalgaon,APMC Jalgaon ,Vegetables,Tomato,Other,Local,"3,000.00","4,000.00","3,500.00",Rs./Quintal,18-06-2026
Maharashtra,Jalgaon,APMC Jalgaon ,Vegetables,Tomato,Other,Local,"2,000.00","3,000.00","2,500.00",Rs./Quintal,17-06-2026
Maharashtra,Jalgaon,APMC Jalgaon ,Vegetables,Tomato,Other,Local,"2,000.00","3,000.00","2,500.00",Rs./Quintal,16-06-2026
Maharashtra,Jalgaon,APMC Jalgaon ,Vegetables,Tomato,Other,Local,"2,000.00","4,000.00","3,000.00",Rs./Quintal,15-06-2026
Maharashtra,Jalgaon,APMC Jalgaon ,Vegetables,Tomato,Other,Local,"2,000.00","4,000.00","3,000.00",Rs./Quintal,12-06-2026
Maharashtra,Jalgaon,APMC Jalgaon ,Vegetables,Tomato,Other,Local,"2,000.00","4,000.00","3,000.00",Rs./Quintal,11-06-2026
Maharashtra,Jalgaon,APMC Jalgaon ,Vegetables,Tomato,Other,Local,"2,000.00","4,000.00","3,000.00",Rs./Quintal,10-06-2026
Maharashtra,Jalgaon,APMC Jalgaon ,Vegetables,Tomato,Other,Local,"2,000.00","4,000.00","3,000.00",Rs./Quintal,09-06-2026
Maharashtra,Jalgaon,APMC Jalgaon ,Vegetables,Tomato,Other,Local,"3,000.00","4,000.00","3,500.00",Rs./Quintal,08-06-2026
Maharashtra,Jalgaon,APMC Jalgaon ,Vegetables,Tomato,Other,Local,"1,500.00","2,500.00","2,000.00",Rs./Quintal,06-06-2026
Maharashtra,Jalgaon,APMC Jalgaon ,Vegetables,Tomato,Other,Local,"2,000.00","3,000.00","2,000.00",Rs./Quintal,05-06-2026
Maharashtra,Jalgaon,APMC Jalgaon ,Vegetables,Tomato,Other,Local,"1,500.00","3,000.00","2,300.00",Rs./Quintal,04-06-2026
Maharashtra,Jalgaon,APMC Jalgaon ,Vegetables,Tomato,Other,Local,"1,500.00","3,500.00","2,500.00",Rs./Quintal,03-06-2026
Maharashtra,Jalgaon,APMC Jalgaon ,Vegetables,Tomato,Other,Local,"2,000.00","3,000.00","2,500.00",Rs./Quintal,02-06-2026
Maharashtra,Jalgaon,APMC Jalgaon ,Vegetables,Tomato,Other,Local,"1,500.00","3,000.00","2,300.00",Rs./Quintal,01-06-2026
Maharashtra,Jalgaon,APMC Jalgaon ,Vegetables,Tomato,Other,Local,"1,500.00","2,500.00","2,000.00",Rs./Quintal,30-05-2026
Maharashtra,Jalgaon,APMC Jalgaon ,Vegetables,Tomato,Other,Local,"1,000.00","2,500.00","1,500.00",Rs./Quintal,29-05-2026
Maharashtra,Jalgaon,APMC Jalgaon ,Vegetables,Tomato,Other,Local,"2,000.00","3,000.00","2,500.00",Rs./Quintal,27-05-2026
Maharashtra,Jalgaon,APMC Jalgaon ,Vegetables,Tomato,Other,Local,"1,000.00","3,000.00","2,000.00",Rs./Quintal,26-05-2026
Maharashtra,Jalgaon,APMC Jalgaon ,Vegetables,Tomato,Other,Local,"2,000.00","3,000.00","2,500.00",Rs./Quintal,25-05-2026
Maharashtra,Jalgaon,APMC Jalgaon ,Vegetables,Tomato,Other,Local,"1,200.00","2,500.00","1,900.00",Rs./Quintal,23-05-2026
Maharashtra,Jalgaon,APMC Jalgaon ,Vegetables,Tomato,Other,Local,"1,000.00","2,000.00","1,500.00",Rs./Quintal,22-05-2026
Maharashtra,Jalgaon,APMC Jalgaon ,Vegetables,Tomato,Other,Local,"1,000.00","3,000.00","2,000.00",Rs./Quintal,21-05-2026
Maharashtra,Jalgaon,APMC Jalgaon ,Vegetables,Tomato,Other,Local,"1,000.00","3,000.00","2,000.00",Rs./Quintal,20-05-2026
Maharashtra,Jalgaon,APMC Jalgaon ,Vegetables,Tomato,Other,Local,"1,500.00","3,500.00","2,500.00",Rs./Quintal,19-05-2026
Maharashtra,Jalgaon,APMC Jalgaon ,Vegetables,Tomato,Other,Local,"1,500.00","3,500.00","2,500.00",Rs./Quintal,18-05-2026
Maharashtra,Jalgaon,APMC Jalgaon ,Vegetables,Tomato,Other,Local,"1,500.00","3,500.00","2,500.00",Rs./Quintal,15-05-2026
Maharashtra,Jalgaon,APMC Jalgaon ,Vegetables,Tomato,Other,Local,"1,500.00","3,500.00","2,500.00",Rs./Quintal,14-05-2026
Maharashtra,Jalgaon,APMC Jalgaon ,Vegetables,Tomato,Other,Local,"1,500.00","2,500.00","2,000.00",Rs./Quintal,13-05-2026
Maharashtra,Jalgaon,APMC Jalgaon ,Vegetables,Tomato,Other,Local,"1,000.00","2,500.00","1,800.00",Rs./Quintal,12-05-2026
Maharashtra,Jalgaon,APMC Jalgaon ,Vegetables,Tomato,Other,Local,"1,000.00","2,500.00","1,800.00",Rs./Quintal,11-05-2026
Maharashtra,Jalgaon,APMC Jalgaon ,Vegetables,Tomato,Other,Local,"1,500.00","2,500.00","2,000.00",Rs./Quintal,09-05-2026
Maharashtra,Jalgaon,APMC Jalgaon ,Vegetables,Tomato,Other,Local,"1,000.00","2,000.00","1,500.00",Rs./Quintal,07-05-2026
Maharashtra,Jalgaon,APMC Jalgaon ,Vegetables,Tomato,Other,Local,"1,000.00","2,500.00","1,750.00",Rs./Quintal,06-05-2026
Maharashtra,Jalgaon,APMC Jalgaon ,Vegetables,Tomato,Other,Local,"1,000.00","2,000.00","1,500.00",Rs./Quintal,05-05-2026
Maharashtra,Jalgaon,APMC Jalgaon ,Vegetables,Tomato,Other,Local,"1,000.00","1,500.00","1,200.00",Rs./Quintal,04-05-2026
Maharashtra,Jalgaon,APMC Jalgaon ,Vegetables,Tomato,Other,Local,500.00,"1,700.00","1,100.00",Rs./Quintal,02-05-2026
Maharashtra,Jalgaon,APMC Jalgaon ,Vegetables,Tomato,Other,Local,500.00,"1,500.00","1,000.00",Rs./Quintal,30-04-2026
Maharashtra,Jalgaon,APMC Jalgaon ,Vegetables,Tomato,Other,Local,"1,000.00","1,500.00","1,200.00",Rs./Quintal,28-04-2026
Maharashtra,Jalgaon,APMC Jalgaon ,Vegetables,Tomato,Other,Local,500.00,"1,500.00","1,000.00",Rs./Quintal,27-04-2026
Maharashtra,Jalgaon,APMC Jalgaon ,Vegetables,Tomato,Other,Local,700.00,"1,700.00","1,200.00",Rs./Quintal,25-04-2026
Maharashtra,Jalgaon,APMC Jalgaon ,Vegetables,Tomato,Other,Local,700.00,"1,200.00",950.00,Rs./Quintal,24-04-2026
Maharashtra,Jalgaon,APMC Jalgaon ,Vegetables,Tomato,Other,Local,700.00,"1,500.00","1,100.00",Rs./Quintal,22-04-2026
Maharashtra,Jalgaon,APMC Jalgaon ,Vegetables,Tomato,Other,Local,700.00,"1,500.00","1,100.00",Rs./Quintal,21-04-2026
Maharashtra,Jalgaon,APMC Jalgaon ,Vegetables,Tomato,Other,Local,700.00,"1,500.00","1,000.00",Rs./Quintal,18-04-2026
Maharashtra,Jalgaon,APMC Jalgaon ,Vegetables,Tomato,Other,Local,500.00,"1,000.00",700.00,Rs./Quintal,17-04-2026
Maharashtra,Jalgaon,APMC Jalgaon ,Vegetables,Tomato,Other,Local,500.00,"1,100.00",700.00,Rs./Quintal,16-04-2026
Maharashtra,Jalgaon,APMC Jalgaon ,Vegetables,Tomato,Other,Local,500.00,"1,250.00",700.00,Rs./Quintal,15-04-2026
Maharashtra,Jalgaon,APMC Jalgaon ,Vegetables,Tomato,Other,Local,500.00,"1,000.00",700.00,Rs./Quintal,13-04-2026
Maharashtra,Jalgaon,APMC Jalgaon ,Vegetables,Tomato,Other,Local,500.00,"1,000.00",700.00,Rs./Quintal,11-04-2026
Maharashtra,Jalgaon,APMC Jalgaon ,Vegetables,Tomato,Other,Local,500.00,700.00,600.00,Rs./Quintal,10-04-2026
Maharashtra,Jalgaon,APMC Jalgaon ,Vegetables,Tomato,Other,Local,400.00,800.00,500.00,Rs./Quintal,09-04-2026
Maharashtra,Jalgaon,APMC Jalgaon ,Vegetables,Tomato,Other,Local,500.00,700.00,600.00,Rs./Quintal,08-04-2026
Maharashtra,Jalgaon,APMC Jalgaon ,Vegetables,Tomato,Other,Local,300.00,750.00,500.00,Rs./Quintal,07-04-2026
Maharashtra,Jalgaon,APMC Jalgaon ,Vegetables,Tomato,Other,Local,400.00,700.00,600.00,Rs./Quintal,06-04-2026
Maharashtra,Jalgaon,APMC Jalgaon ,Vegetables,Tomato,Other,Local,300.00,"1,000.00",700.00,Rs./Quintal,04-04-2026
Maharashtra,Jalgaon,APMC Jalgaon ,Vegetables,Tomato,Other,Local,300.00,700.00,500.00,Rs./Quintal,01-04-2026
Maharashtra,Jalgaon,APMC Jalgaon ,Vegetables,Tomato,Other,Local,500.00,"1,000.00",700.00,Rs./Quintal,31-03-2026
Maharashtra,Jalgaon,APMC Jalgaon ,Vegetables,Tomato,Other,Local,300.00,700.00,500.00,Rs./Quintal,30-03-2026
Maharashtra,Jalgaon,APMC Jalgaon ,Vegetables,Tomato,Other,Local,300.00,700.00,500.00,Rs./Quintal,28-03-2026
Maharashtra,Jalgaon,APMC Jalgaon ,Vegetables,Tomato,Other,Local,300.00,700.00,500.00,Rs./Quintal,27-03-2026
Maharashtra,Jalgaon,APMC Jalgaon ,Vegetables,Tomato,Other,Local,300.00,700.00,500.00,Rs./Quintal,25-03-2026
Maharashtra,Jalgaon,APMC Jalgaon ,Vegetables,Tomato,Other,Local,500.00,700.00,600.00,Rs./Quintal,23-03-2026
Maharashtra,Jalgaon,APMC Jalgaon ,Vegetables,Tomato,Other,Local,500.00,"1,000.00",700.00,Rs./Quintal,20-03-2026
Maharashtra,Jalgaon,APMC Jalgaon ,Vegetables,Tomato,Other,Local,500.00,"1,000.00",700.00,Rs./Quintal,18-03-2026
Maharashtra,Jalgaon,APMC Jalgaon ,Vegetables,Tomato,Other,Local,500.00,"1,000.00",700.00,Rs./Quintal,17-03-2026
Maharashtra,Jalgaon,APMC Jalgaon ,Vegetables,Tomato,Other,Local,700.00,"1,200.00",950.00,Rs./Quintal,16-03-2026
Maharashtra,Jalgaon,APMC Jalgaon ,Vegetables,Tomato,Other,Local,500.00,"1,500.00","1,000.00",Rs./Quintal,14-03-2026
Maharashtra,Jalgaon,APMC Jalgaon ,Vegetables,Tomato,Other,Local,500.00,"1,300.00",900.00,Rs./Quintal,13-03-2026
Maharashtra,Jalgaon,APMC Jalgaon ,Vegetables,Tomato,Other,Local,700.00,"1,200.00",950.00,Rs./Quintal,12-03-2026
Maharashtra,Jalgaon,APMC Jalgaon ,Vegetables,Tomato,Other,Local,500.00,"1,000.00",750.00,Rs./Quintal,11-03-2026
Maharashtra,Jalgaon,APMC Jalgaon ,Vegetables,Tomato,Other,Local,500.00,"1,000.00",700.00,Rs./Quintal,10-03-2026
Maharashtra,Jalgaon,APMC Jalgaon ,Vegetables,Tomato,Other,Local,500.00,"1,000.00",700.00,Rs./Quintal,09-03-2026
Maharashtra,Jalgaon,APMC Jalgaon ,Vegetables,Tomato,Other,Local,500.00,"1,000.00",700.00,Rs./Quintal,06-03-2026
Maharashtra,Jalgaon,APMC Jalgaon ,Vegetables,Tomato,Other,Local,500.00,"1,000.00",700.00,Rs./Quintal,04-03-2026
Maharashtra,Jalgaon,APMC Jalgaon ,Vegetables,Tomato,Other,Local,500.00,"1,000.00",750.00,Rs./Quintal,28-02-2026
Maharashtra,Jalgaon,APMC Jalgaon ,Vegetables,Tomato,Other,Local,500.00,"1,300.00",900.00,Rs./Quintal,27-02-2026
Maharashtra,Jalgaon,APMC Jalgaon ,Vegetables,Tomato,Other,Local,500.00,"1,000.00",700.00,Rs./Quintal,26-02-2026
Maharashtra,Jalgaon,APMC Jalgaon ,Vegetables,Tomato,Other,Local,500.00,"1,000.00",700.00,Rs./Quintal,25-02-2026
Maharashtra,Jalgaon,APMC Jalgaon ,Vegetables,Tomato,Other,Local,500.00,"1,000.00",700.00,Rs./Quintal,24-02-2026
Maharashtra,Jalgaon,APMC Jalgaon ,Vegetables,Tomato,Other,Local,300.00,700.00,500.00,Rs./Quintal,23-02-2026
Maharashtra,Jalgaon,APMC Jalgaon ,Vegetables,Tomato,Other,Local,500.00,"1,000.00",700.00,Rs./Quintal,21-02-2026
Maharashtra,Jalgaon,APMC Jalgaon ,Vegetables,Tomato,Other,Local,500.00,"1,000.00",700.00,Rs./Quintal,20-02-2026
Maharashtra,Jalgaon,APMC Jalgaon ,Vegetables,Tomato,Other,Local,400.00,"1,000.00",700.00,Rs./Quintal,17-02-2026
Maharashtra,Jalgaon,APMC Jalgaon ,Vegetables,Tomato,Other,Local,500.00,"1,000.00",700.00,Rs./Quintal,13-02-2026
Maharashtra,Jalgaon,APMC Jalgaon ,Vegetables,Tomato,Other,Local,300.00,700.00,500.00,Rs./Quintal,12-02-2026
Maharashtra,Jalgaon,APMC Jalgaon ,Vegetables,Tomato,Other,Local,500.00,900.00,700.00,Rs./Quintal,11-02-2026
Maharashtra,Jalgaon,APMC Jalgaon ,Vegetables,Tomato,Other,Local,500.00,"1,000.00",700.00,Rs./Quintal,10-02-2026
Maharashtra,Jalgaon,APMC Jalgaon ,Vegetables,Tomato,Other,Local,500.00,"1,200.00",850.00,Rs./Quintal,09-02-2026
Maharashtra,Jalgaon,APMC Jalgaon ,Vegetables,Tomato,Other,Local,500.00,"1,000.00",700.00,Rs./Quintal,07-02-2026
Maharashtra,Jalgaon,APMC Jalgaon ,Vegetables,Tomato,Other,Local,300.00,700.00,500.00,Rs./Quintal,06-02-2026
Maharashtra,Jalgaon,APMC Jalgaon ,Vegetables,Tomato,Other,Local,500.00,"1,000.00",700.00,Rs./Quintal,05-02-2026
Maharashtra,Jalgaon,APMC Jalgaon ,Vegetables,Tomato,Other,Local,500.00,"1,000.00",700.00,Rs./Quintal,04-02-2026
Maharashtra,Jalgaon,APMC Jalgaon ,Vegetables,Tomato,Other,Local,700.00,"1,200.00",950.00,Rs./Quintal,02-02-2026
Maharashtra,Jalgaon,APMC Jalgaon ,Vegetables,Tomato,Other,Local,"1,000.00","1,500.00","1,200.00",Rs./Quintal,30-01-2026
Maharashtra,Jalgaon,APMC Jalgaon ,Vegetables,Tomato,Other,Local,500.00,"1,500.00","1,000.00",Rs./Quintal,27-01-2026
Maharashtra,Jalgaon,APMC Jalgaon ,Vegetables,Tomato,Other,Local,500.00,"1,500.00","1,000.00",Rs./Quintal,24-01-2026
Maharashtra,Jalgaon,APMC Jalgaon ,Vegetables,Tomato,Other,Local,800.00,"1,500.00","1,150.00",Rs./Quintal,23-01-2026
Maharashtra,Jalgaon,APMC Jalgaon ,Vegetables,Tomato,Other,Local,"1,000.00","1,500.00","1,200.00",Rs./Quintal,21-01-2026
Maharashtra,Jalgaon,APMC Jalgaon ,Vegetables,Tomato,Other,Local,"1,500.00","2,500.00","2,000.00",Rs./Quintal,19-01-2026
Maharashtra,Jalgaon,APMC Jalgaon ,Vegetables,Tomato,Other,Local,"1,500.00","2,500.00","2,000.00",Rs./Quintal,16-01-2026
Maharashtra,Jalgaon,APMC Jalgaon ,Vegetables,Tomato,Other,Local,"1,000.00","2,500.00","1,750.00",Rs./Quintal,09-01-2026
Maharashtra,Jalgaon,APMC Jalgaon ,Vegetables,Tomato,Other,Local,"1,000.00","2,500.00","1,750.00",Rs./Quintal,07-01-2026
Maharashtra,Jalgaon,APMC Jalgaon ,Vegetables,Tomato,Other,Local,"1,500.00","2,500.00","2,000.00",Rs./Quintal,06-01-2026
Maharashtra,Jalgaon,APMC Jalgaon ,Vegetables,Tomato,Other,Local,"2,000.00","3,000.00","2,500.00",Rs./Quintal,05-01-2026
Maharashtra,Kolhapur,APMC Kolhapur ,Vegetables,Tomato,Other,Local,600.00,"1,400.00","1,000.00",Rs./Quintal,03-09-2026
Maharashtra,Kolhapur,APMC Kolhapur ,Vegetables,Tomato,Other,Local,600.00,"1,400.00","1,000.00",Rs./Quintal,02-09-2026
Maharashtra,Kolhapur,APMC Kolhapur ,Vegetables,Tomato,Other,Local,500.00,"1,200.00",800.00,Rs./Quintal,01-09-2026
Maharashtra,Kolhapur,APMC Kolhapur ,Vegetables,Tomato,Other,Local,500.00,"1,500.00","1,000.00",Rs./Quintal,31-08-2026
Maharashtra,Kolhapur,APMC Kolhapur ,Vegetables,Tomato,Other,Local,500.00,"1,500.00","1,000.00",Rs./Quintal,30-08-2026
Maharashtra,Kolhapur,APMC Kolhapur ,Vegetables,Tomato,Other,Local,500.00,"1,500.00","1,000.00",Rs./Quintal,29-08-2026
Maharashtra,Kolhapur,APMC Kolhapur ,Vegetables,Tomato,Other,Local,600.00,"1,400.00","1,000.00",Rs./Quintal,27-08-2026
Maharashtra,Kolhapur,APMC Kolhapur ,Vegetables,Tomato,Other,Local,500.00,"1,200.00",800.00,Rs./Quintal,26-08-2026
Maharashtra,Kolhapur,APMC Kolhapur ,Vegetables,Tomato,Other,Local,500.00,"1,500.00","1,000.00",Rs./Quintal,25-08-2026
Maharashtra,Kolhapur,APMC Kolhapur ,Vegetables,Tomato,Other,Local,500.00,"1,500.00","1,000.00",Rs./Quintal,24-08-2026
Maharashtra,Kolhapur,APMC Kolhapur ,Vegetables,Tomato,Other,Local,500.00,"1,200.00","1,000.00",Rs./Quintal,23-08-2026
Maharashtra,Kolhapur,APMC Kolhapur ,Vegetables,Tomato,Other,Local,500.00,"1,200.00",900.00,Rs./Quintal,22-08-2026
Maharashtra,Kolhapur,APMC Kolhapur ,Vegetables,Tomato,Other,Local,500.00,"1,200.00","1,000.00",Rs./Quintal,20-08-2026
Maharashtra,Kolhapur,APMC Kolhapur ,Vegetables,Tomato,Other,Local,500.00,"1,500.00","1,000.00",Rs./Quintal,19-08-2026
Maharashtra,Kolhapur,APMC Kolhapur ,Vegetables,Tomato,Other,Local,500.00,"1,500.00","1,000.00",Rs./Quintal,18-08-2026
Maharashtra,Kolhapur,APMC Kolhapur ,Vegetables,Tomato,Other,Local,500.00,"1,500.00","1,000.00",Rs./Quintal,17-08-2026
Maharashtra,Kolhapur,APMC Kolhapur ,Vegetables,Tomato,Other,Local,500.00,"1,500.00","1,000.00",Rs./Quintal,16-08-2026
Maharashtra,Kolhapur,APMC Kolhapur ,Vegetables,Tomato,Other,Local,500.00,"1,500.00","1,000.00",Rs./Quintal,13-08-2026
Maharashtra,Kolhapur,APMC Kolhapur ,Vegetables,Tomato,Other,Local,500.00,"1,500.00","1,000.00",Rs./Quintal,12-08-2026
Maharashtra,Kolhapur,APMC Kolhapur ,Vegetables,Tomato,Other,Local,500.00,"1,500.00","1,000.00",Rs./Quintal,11-08-2026
Maharashtra,Kolhapur,APMC Kolhapur ,Vegetables,Tomato,Other,Local,500.00,"1,500.00","1,000.00",Rs./Quintal,09-08-2026
Maharashtra,Kolhapur,APMC Kolhapur ,Vegetables,Tomato,Other,Local,500.00,"1,500.00","1,000.00",Rs./Quintal,08-08-2026
Maharashtra,Kolhapur,APMC Kolhapur ,Vegetables,Tomato,Other,Local,500.00,"1,500.00","1,000.00",Rs./Quintal,06-08-2026
Maharashtra,Kolhapur,APMC Kolhapur ,Vegetables,Tomato,Other,Local,800.00,"1,600.00","1,200.00",Rs./Quintal,05-08-2026
Maharashtra,Kolhapur,APMC Kolhapur ,Vegetables,Tomato,Other,Local,800.00,"1,600.00","1,200.00",Rs./Quintal,04-08-2026
Maharashtra,Kolhapur,APMC Kolhapur ,Vegetables,Tomato,Other,Local,800.00,"1,600.00","1,200.00",Rs./Quintal,03-08-2026
Maharashtra,Kolhapur,APMC Kolhapur ,Vegetables,Tomato,Other,Local,500.00,"1,500.00","1,000.00",Rs./Quintal,02-08-2026
Maharashtra,Kolhapur,APMC Kolhapur ,Vegetables,Tomato,Other,Local,500.00,"1,800.00","1,300.00",Rs./Quintal,01-08-2026
Maharashtra,Kolhapur,APMC Kolhapur ,Vegetables,Tomato,Other,Local,500.00,"1,500.00","1,000.00",Rs./Quintal,30-07-2026
Maharashtra,Kolhapur,APMC Kolhapur ,Vegetables,Tomato,Other,Local,500.00,"1,500.00","1,000.00",Rs./Quintal,29-07-2026
Maharashtra,Kolhapur,APMC Kolhapur ,Vegetables,Tomato,Other,Local,500.00,"1,500.00","1,000.00",Rs./Quintal,28-07-2026
Maharashtra,Kolhapur,APMC Kolhapur ,Vegetables,Tomato,Other,Local,800.00,"1,600.00","1,200.00",Rs./Quintal,27-07-2026
Maharashtra,Kolhapur,APMC Kolhapur ,Vegetables,Tomato,Other,Local,"1,000.00","1,600.00","1,300.00",Rs./Quintal,26-07-2026
Maharashtra,Kolhapur,APMC Kolhapur ,Vegetables,Tomato,Other,Local,800.00,"1,600.00","1,000.00",Rs./Quintal,25-07-2026
Maharashtra,Kolhapur,APMC Kolhapur ,Vegetables,Tomato,Other,Local,"1,000.00","1,700.00","1,300.00",Rs./Quintal,23-07-2026
Maharashtra,Kolhapur,APMC Kolhapur ,Vegetables,Tomato,Other,Local,800.00,"1,600.00","1,200.00",Rs./Quintal,22-07-2026
Maharashtra,Kolhapur,APMC Kolhapur ,Vegetables,Tomato,Other,Local,800.00,"1,800.00","1,300.00",Rs./Quintal,21-07-2026
Maharashtra,Kolhapur,APMC Kolhapur ,Vegetables,Tomato,Other,Local,"1,000.00","1,800.00","1,400.00",Rs./Quintal,20-07-2026
Maharashtra,Kolhapur,APMC Kolhapur ,Vegetables,Tomato,Other,Local,"1,000.00","1,600.00","1,300.00",Rs./Quintal,19-07-2026
Maharashtra,Kolhapur,APMC Kolhapur ,Vegetables,Tomato,Other,Local,800.00,"1,600.00","1,200.00",Rs./Quintal,18-07-2026
Maharashtra,Kolhapur,APMC Kolhapur ,Vegetables,Tomato,Other,Local,"1,000.00","1,600.00","1,300.00",Rs./Quintal,16-07-2026
Maharashtra,Kolhapur,APMC Kolhapur ,Vegetables,Tomato,Other,Local,500.00,"1,500.00","1,000.00",Rs./Quintal,15-07-2026
Maharashtra,Kolhapur,APMC Kolhapur ,Vegetables,Tomato,Other,Local,"1,000.00","3,000.00","2,000.00",Rs./Quintal,14-07-2026
Maharashtra,Kolhapur,APMC Kolhapur ,Vegetables,Tomato,Other,Local,"1,000.00","1,800.00","1,400.00",Rs./Quintal,13-07-2026
Maharashtra,Kolhapur,APMC Kolhapur ,Vegetables,Tomato,Other,Local,500.00,"1,500.00","1,000.00",Rs./Quintal,12-07-2026
Maharashtra,Kolhapur,APMC Kolhapur ,Vegetables,Tomato,Other,Local,"1,000.00","1,800.00","1,400.00",Rs./Quintal,11-07-2026
Maharashtra,Kolhapur,APMC Kolhapur ,Vegetables,Tomato,Other,Local,600.00,"1,800.00","1,200.00",Rs./Quintal,09-07-2026
Maharashtra,Kolhapur,APMC Kolhapur ,Vegetables,Tomato,Other,Local,800.00,"2,000.00","1,400.00",Rs./Quintal,08-07-2026
Maharashtra,Kolhapur,APMC Kolhapur ,Vegetables,Tomato,Other,Local,"1,500.00","2,500.00","2,000.00",Rs./Quintal,07-07-2026
Maharashtra,Kolhapur,APMC Kolhapur ,Vegetables,Tomato,Other,Local,"1,000.00","2,000.00","1,500.00",Rs./Quintal,06-07-2026
Maharashtra,Kolhapur,APMC Kolhapur ,Vegetables,Tomato,Other,Local,"1,000.00","2,000.00","1,500.00",Rs./Quintal,05-07-2026
Maharashtra,Kolhapur,APMC Kolhapur ,Vegetables,Tomato,Other,Local,"1,000.00","2,000.00","1,500.00",Rs./Quintal,04-07-2026
Maharashtra,Kolhapur,APMC Kolhapur ,Vegetables,Tomato,Other,Local,"1,500.00","2,500.00","2,000.00",Rs./Quintal,02-07-2026
Maharashtra,Kolhapur,APMC Kolhapur ,Vegetables,Tomato,Other,Local,"1,000.00","2,000.00","1,500.00",Rs./Quintal,01-07-2026
Maharashtra,Kolhapur,APMC Kolhapur ,Vegetables,Tomato,Other,Local,"1,500.00","2,500.00","2,000.00",Rs./Quintal,30-06-2026
Maharashtra,Kolhapur,APMC Kolhapur ,Vegetables,Tomato,Other,Local,"1,000.00","2,000.00","1,500.00",Rs./Quintal,29-06-2026
Maharashtra,Kolhapur,APMC Kolhapur ,Vegetables,Tomato,Other,Local,"1,000.00","2,000.00","1,500.00",Rs./Quintal,28-06-2026
Maharashtra,Kolhapur,APMC Kolhapur ,Vegetables,Tomato,Other,Local,"1,500.00","2,500.00","2,000.00",Rs./Quintal,27-06-2026
Maharashtra,Kolhapur,APMC Kolhapur ,Vegetables,Tomato,Other,Local,"1,500.00","2,500.00","2,000.00",Rs./Quintal,24-06-2026
Maharashtra,Kolhapur,APMC Kolhapur ,Vegetables,Tomato,Other,Local,"1,500.00","2,500.00","2,000.00",Rs./Quintal,23-06-2026
Maharashtra,Kolhapur,APMC Kolhapur ,Vegetables,Tomato,Other,Local,"1,500.00","2,500.00","2,000.00",Rs./Quintal,22-06-2026
Maharashtra,Kolhapur,APMC Kolhapur ,Vegetables,Tomato,Other,Local,"1,000.00","3,000.00","2,000.00",Rs./Quintal,21-06-2026
Maharashtra,Kolhapur,APMC Kolhapur ,Vegetables,Tomato,Other,Local,"2,000.00","3,000.00","2,500.00",Rs./Quintal,20-06-2026
Maharashtra,Kolhapur,APMC Kolhapur ,Vegetables,Tomato,Other,Local,"1,000.00","3,000.00","2,000.00",Rs./Quintal,18-06-2026
Maharashtra,Kolhapur,APMC Kolhapur ,Vegetables,Tomato,Other,Local,"1,000.00","3,000.00","2,000.00",Rs./Quintal,17-06-2026
Maharashtra,Kolhapur,APMC Kolhapur ,Vegetables,Tomato,Other,Local,"2,000.00","3,000.00","2,500.00",Rs./Quintal,16-06-2026
Maharashtra,Kolhapur,APMC Kolhapur ,Vegetables,Tomato,Other,Local,"1,000.00","3,000.00","2,000.00",Rs./Quintal,15-06-2026
Maharashtra,Kolhapur,APMC Kolhapur ,Vegetables,Tomato,Other,Local,"1,000.00","3,000.00","2,000.00",Rs./Quintal,14-06-2026
Maharashtra,Kolhapur,APMC Kolhapur ,Vegetables,Tomato,Other,Local,"2,000.00","3,000.00","2,500.00",Rs./Quintal,13-06-2026
Maharashtra,Kolhapur,APMC Kolhapur ,Vegetables,Tomato,Other,Local,"1,000.00","3,000.00","2,000.00",Rs./Quintal,11-06-2026
Maharashtra,Kolhapur,APMC Kolhapur ,Vegetables,Tomato,Other,Local,"1,000.00","3,000.00","2,000.00",Rs./Quintal,10-06-2026
Maharashtra,Kolhapur,APMC Kolhapur ,Vegetables,Tomato,Other,Local,"1,000.00","3,000.00","2,000.00",Rs./Quintal,09-06-2026
Maharashtra,Kolhapur,APMC Kolhapur ,Vegetables,Tomato,Other,Local,"1,000.00","3,000.00","2,000.00",Rs./Quintal,08-06-2026
Maharashtra,Kolhapur,APMC Kolhapur ,Vegetables,Tomato,Other,Local,"1,000.00","3,000.00","2,000.00",Rs./Quintal,07-06-2026
Maharashtra,Kolhapur,APMC Kolhapur ,Vegetables,Tomato,Other,Local,"1,000.00","3,000.00","2,000.00",Rs./Quintal,06-06-2026
Maharashtra,Kolhapur,APMC Kolhapur ,Vegetables,Tomato,Other,Local,"1,000.00","3,000.00","2,000.00",Rs./Quintal,04-06-2026
Maharashtra,Kolhapur,APMC Kolhapur ,Vegetables,Tomato,Other,Local,"1,000.00","3,000.00","2,000.00",Rs./Quintal,03-06-2026
Maharashtra,Kolhapur,APMC Kolhapur ,Vegetables,Tomato,Other,Local,"2,000.00","3,000.00","2,500.00",Rs./Quintal,02-06-2026
Maharashtra,Kolhapur,APMC Kolhapur ,Vegetables,Tomato,Other,Local,"2,500.00","3,500.00","3,000.00",Rs./Quintal,01-06-2026
Maharashtra,Kolhapur,APMC Kolhapur ,Vegetables,Tomato,Other,Local,"1,500.00","3,500.00","2,500.00",Rs./Quintal,31-05-2026
Maharashtra,Kolhapur,APMC Kolhapur ,Vegetables,Tomato,Other,Local,"1,500.00","3,500.00","2,500.00",Rs./Quintal,30-05-2026
Maharashtra,Kolhapur,APMC Kolhapur ,Vegetables,Tomato,Other,Local,"2,500.00","3,500.00","3,000.00",Rs./Quintal,27-05-2026
Maharashtra,Kolhapur,APMC Kolhapur ,Vegetables,Tomato,Other,Local,"2,000.00","3,000.00","2,500.00",Rs./Quintal,26-05-2026
Maharashtra,Kolhapur,APMC Kolhapur ,Vegetables,Tomato,Other,Local,"2,000.00","3,500.00","2,700.00",Rs./Quintal,25-05-2026
Maharashtra,Kolhapur,APMC Kolhapur ,Vegetables,Tomato,Other,Local,"2,000.00","3,000.00","2,500.00",Rs./Quintal,24-05-2026
Maharashtra,Kolhapur,APMC Kolhapur ,Vegetables,Tomato,Other,Local,"1,500.00","3,000.00","2,200.00",Rs./Quintal,23-05-2026
Maharashtra,Kolhapur,APMC Kolhapur ,Vegetables,Tomato,Other,Local,"1,500.00","2,500.00","2,000.00",Rs./Quintal,21-05-2026
Maharashtra,Kolhapur,APMC Kolhapur ,Vegetables,Tomato,Other,Local,"1,500.00","2,500.00","2,000.00",Rs./Quintal,20-05-2026
Maharashtra,Kolhapur,APMC Kolhapur ,Vegetables,Tomato,Other,Local,"2,000.00","3,000.00","2,500.00",Rs./Quintal,19-05-2026
Maharashtra,Kolhapur,APMC Kolhapur ,Vegetables,Tomato,Other,Local,"1,000.00","3,000.00","2,000.00",Rs./Quintal,18-05-2026
Maharashtra,Kolhapur,APMC Kolhapur ,Vegetables,Tomato,Other,Local,"1,500.00","3,000.00","2,300.00",Rs./Quintal,17-05-2026
Maharashtra,Kolhapur,APMC Kolhapur ,Vegetables,Tomato,Other,Local,"2,000.00","3,000.00","2,500.00",Rs./Quintal,16-05-2026
Maharashtra,Kolhapur,APMC Kolhapur ,Vegetables,Tomato,Other,Local,"2,000.00","3,000.00","2,500.00",Rs./Quintal,14-05-2026
Maharashtra,Kolhapur,APMC Kolhapur ,Vegetables,Tomato,Other,Local,"2,000.00","3,000.00","2,500.00",Rs./Quintal,13-05-2026
Maharashtra,Kolhapur,APMC Kolhapur ,Vegetables,Tomato,Other,Local,"2,000.00","3,000.00","2,500.00",Rs./Quintal,12-05-2026
Maharashtra,Kolhapur,APMC Kolhapur ,Vegetables,Tomato,Other,Local,"2,000.00","3,000.00","2,500.00",Rs./Quintal,11-05-2026
Maharashtra,Kolhapur,APMC Kolhapur ,Vegetables,Tomato,Other,Local,"1,800.00","3,000.00","2,400.00",Rs./Quintal,10-05-2026
Maharashtra,Kolhapur,APMC Kolhapur ,Vegetables,Tomato,Other,Local,"2,000.00","3,000.00","2,500.00",Rs./Quintal,09-05-2026
Maharashtra,Kolhapur,APMC Kolhapur ,Vegetables,Tomato,Other,Local,"2,000.00","3,000.00","2,500.00",Rs./Quintal,07-05-2026
Maharashtra,Kolhapur,APMC Kolhapur ,Vegetables,Tomato,Other,Local,"1,500.00","2,500.00","2,000.00",Rs./Quintal,06-05-2026
Maharashtra,Kolhapur,APMC Kolhapur ,Vegetables,Tomato,Other,Local,"1,500.00","2,500.00","2,000.00",Rs./Quintal,05-05-2026
Maharashtra,Kolhapur,APMC Kolhapur ,Vegetables,Tomato,Other,Local,"1,500.00","2,500.00","2,000.00",Rs./Quintal,04-05-2026
Maharashtra,Kolhapur,APMC Kolhapur ,Vegetables,Tomato,Other,Local,"1,000.00","2,000.00","1,500.00",Rs./Quintal,03-05-2026
Maharashtra,Kolhapur,APMC Kolhapur ,Vegetables,Tomato,Other,Local,"1,000.00","3,000.00","2,000.00",Rs./Quintal,02-05-2026
Maharashtra,Kolhapur,APMC Kolhapur ,Vegetables,Tomato,Other,Local,"1,500.00","2,500.00","2,000.00",Rs./Quintal,30-04-2026
Maharashtra,Kolhapur,APMC Kolhapur ,Vegetables,Tomato,Other,Local,800.00,"1,800.00","1,300.00",Rs./Quintal,29-04-2026
Maharashtra,Kolhapur,APMC Kolhapur ,Vegetables,Tomato,Other,Local,"1,000.00","2,000.00","1,500.00",Rs./Quintal,28-04-2026
Maharashtra,Kolhapur,APMC Kolhapur ,Vegetables,Tomato,Other,Local,"1,000.00","2,000.00","1,500.00",Rs./Quintal,27-04-2026
Maharashtra,Kolhapur,APMC Kolhapur ,Vegetables,Tomato,Other,Local,"1,000.00","2,000.00","1,500.00",Rs./Quintal,26-04-2026
Maharashtra,Kolhapur,APMC Kolhapur ,Vegetables,Tomato,Other,Local,"1,000.00","2,000.00","1,500.00",Rs./Quintal,25-04-2026
Maharashtra,Kolhapur,APMC Kolhapur ,Vegetables,Tomato,Other,Local,800.00,"1,800.00","1,300.00",Rs./Quintal,23-04-2026
Maharashtra,Kolhapur,APMC Kolhapur ,Vegetables,Tomato,Other,Local,"1,000.00","2,000.00","1,500.00",Rs./Quintal,22-04-2026
Maharashtra,Kolhapur,APMC Kolhapur ,Vegetables,Tomato,Other,Local,900.00,"1,800.00","1,400.00",Rs./Quintal,21-04-2026
Maharashtra,Kolhapur,APMC Kolhapur ,Vegetables,Tomato,Other,Local,"1,000.00","2,000.00","1,500.00",Rs./Quintal,20-04-2026
Maharashtra,Kolhapur,APMC Kolhapur ,Vegetables,Tomato,Other,Local,"1,000.00","2,000.00","1,500.00",Rs./Quintal,19-04-2026
Maharashtra,Kolhapur,APMC Kolhapur ,Vegetables,Tomato,Other,Local,500.00,"1,500.00","1,000.00",Rs./Quintal,18-04-2026
Maharashtra,Kolhapur,APMC Kolhapur ,Vegetables,Tomato,Other,Local,500.00,"1,500.00","1,000.00",Rs./Quintal,16-04-2026
Maharashtra,Kolhapur,APMC Kolhapur ,Vegetables,Tomato,Other,Local,700.00,"1,300.00","1,000.00",Rs./Quintal,15-04-2026
Maharashtra,Kolhapur,APMC Kolhapur ,Vegetables,Tomato,Other,Local,500.00,"1,500.00","1,000.00",Rs./Quintal,14-04-2026
Maharashtra,Kolhapur,APMC Kolhapur ,Vegetables,Tomato,Other,Local,500.00,"1,500.00","1,000.00",Rs./Quintal,13-04-2026
Maharashtra,Kolhapur,APMC Kolhapur ,Vegetables,Tomato,Other,Local,"1,000.00","2,000.00","1,500.00",Rs./Quintal,12-04-2026
Maharashtra,Kolhapur,APMC Kolhapur ,Vegetables,Tomato,Other,Local,500.00,"1,500.00","1,000.00",Rs./Quintal,11-04-2026
Maharashtra,Kolhapur,APMC Kolhapur ,Vegetables,Tomato,Other,Local,500.00,"1,500.00","1,000.00",Rs./Quintal,09-04-2026
Maharashtra,Kolhapur,APMC Kolhapur ,Vegetables,Tomato,Other,Local,500.00,"1,500.00","1,000.00",Rs./Quintal,08-04-2026
Maharashtra,Kolhapur,APMC Kolhapur ,Vegetables,Tomato,Other,Local,600.00,"1,800.00","1,200.00",Rs./Quintal,07-04-2026
Maharashtra,Kolhapur,APMC Kolhapur ,Vegetables,Tomato,Other,Local,500.00,"1,500.00","1,000.00",Rs./Quintal,06-04-2026
Maharashtra,Kolhapur,APMC Kolhapur ,Vegetables,Tomato,Other,Local,500.00,"1,500.00","1,000.00",Rs./Quintal,05-04-2026
Maharashtra,Kolhapur,APMC Kolhapur ,Vegetables,Tomato,Other,Local,500.00,"1,500.00","1,000.00",Rs./Quintal,04-04-2026
Maharashtra,Kolhapur,APMC Kolhapur ,Vegetables,Tomato,Other,Local,500.00,"1,500.00","1,000.00",Rs./Quintal,02-04-2026
Maharashtra,Kolhapur,APMC Kolhapur ,Vegetables,Tomato,Other,Local,500.00,"1,500.00","1,000.00",Rs./Quintal,01-04-2026
Maharashtra,Kolhapur,APMC Kolhapur ,Vegetables,Tomato,Other,Local,500.00,"1,500.00","1,000.00",Rs./Quintal,31-03-2026
Maharashtra,Kolhapur,APMC Kolhapur ,Vegetables,Tomato,Other,Local,500.00,"1,500.00","1,000.00",Rs./Quintal,30-03-2026
Maharashtra,Kolhapur,APMC Kolhapur ,Vegetables,Tomato,Other,Local,800.00,"1,600.00","1,200.00",Rs./Quintal,29-03-2026
Maharashtra,Kolhapur,APMC Kolhapur ,Vegetables,Tomato,Other,Local,500.00,"1,500.00","1,000.00",Rs./Quintal,28-03-2026
Maharashtra,Kolhapur,APMC Kolhapur ,Vegetables,Tomato,Other,Local,500.00,"1,500.00","1,000.00",Rs./Quintal,26-03-2026
Maharashtra,Kolhapur,APMC Kolhapur ,Vegetables,Tomato,Other,Local,500.00,"1,500.00","1,000.00",Rs./Quintal,25-03-2026
Maharashtra,Kolhapur,APMC Kolhapur ,Vegetables,Tomato,Other,Local,500.00,"1,500.00","1,000.00",Rs./Quintal,24-03-2026
Maharashtra,Kolhapur,APMC Kolhapur ,Vegetables,Tomato,Other,Local,500.00,"1,500.00","1,000.00",Rs./Quintal,23-03-2026
Maharashtra,Kolhapur,APMC Kolhapur ,Vegetables,Tomato,Other,Local,500.00,"1,500.00","1,000.00",Rs./Quintal,22-03-2026
Maharashtra,Kolhapur,APMC Kolhapur ,Vegetables,Tomato,Other,Local,500.00,"1,500.00","1,000.00",Rs./Quintal,19-03-2026
Maharashtra,Kolhapur,APMC Kolhapur ,Vegetables,Tomato,Other,Local,500.00,"1,500.00","1,000.00",Rs./Quintal,18-03-2026
Maharashtra,Kolhapur,APMC Kolhapur ,Vegetables,Tomato,Other,Local,500.00,"1,200.00",800.00,Rs./Quintal,17-03-2026
Maharashtra,Kolhapur,APMC Kolhapur ,Vegetables,Tomato,Other,Local,600.00,"1,200.00",900.00,Rs./Quintal,16-03-2026
Maharashtra,Kolhapur,APMC Kolhapur ,Vegetables,Tomato,Other,Local,500.00,"1,500.00","1,000.00",Rs./Quintal,15-03-2026
Maharashtra,Kolhapur,APMC Kolhapur ,Vegetables,Tomato,Other,Local,500.00,"1,500.00","1,000.00",Rs./Quintal,14-03-2026
Maharashtra,Kolhapur,APMC Kolhapur ,Vegetables,Tomato,Other,Local,500.00,"1,500.00","1,000.00",Rs./Quintal,12-03-2026
Maharashtra,Kolhapur,APMC Kolhapur ,Vegetables,Tomato,Other,Local,500.00,"1,000.00",800.00,Rs./Quintal,11-03-2026
Maharashtra,Kolhapur,APMC Kolhapur ,Vegetables,Tomato,Other,Local,600.00,"1,200.00",800.00,Rs./Quintal,10-03-2026
Maharashtra,Kolhapur,APMC Kolhapur ,Vegetables,Tomato,Other,Local,500.00,"1,200.00",800.00,Rs./Quintal,09-03-2026
Maharashtra,Kolhapur,APMC Kolhapur ,Vegetables,Tomato,Other,Local,500.00,"1,500.00","1,000.00",Rs./Quintal,08-03-2026
Maharashtra,Kolhapur,APMC Kolhapur ,Vegetables,Tomato,Other,Local,500.00,"1,000.00",800.00,Rs./Quintal,07-03-2026
Maharashtra,Kolhapur,APMC Kolhapur ,Vegetables,Tomato,Other,Local,500.00,"1,200.00",800.00,Rs./Quintal,05-03-2026
Maharashtra,Kolhapur,APMC Kolhapur ,Vegetables,Tomato,Other,Local,500.00,"1,000.00",800.00,Rs./Quintal,03-03-2026
Maharashtra,Kolhapur,APMC Kolhapur ,Vegetables,Tomato,Other,Local,"1,000.00","1,500.00","1,200.00",Rs./Quintal,02-03-2026
Maharashtra,Kolhapur,APMC Kolhapur ,Vegetables,Tomato,Other,Local,700.00,"1,500.00","1,000.00",Rs./Quintal,28-02-2026
Maharashtra,Kolhapur,APMC Kolhapur ,Vegetables,Tomato,Other,Local,600.00,"1,200.00",800.00,Rs./Quintal,26-02-2026
Maharashtra,Kolhapur,APMC Kolhapur ,Vegetables,Tomato,Other,Local,500.00,"1,200.00",800.00,Rs./Quintal,23-02-2026
Maharashtra,Kolhapur,APMC Kolhapur ,Vegetables,Tomato,Other,Local,600.00,"1,500.00","1,000.00",Rs./Quintal,22-02-2026
Maharashtra,Kolhapur,APMC Kolhapur ,Vegetables,Tomato,Other,Local,500.00,"1,500.00","1,000.00",Rs./Quintal,21-02-2026
Maharashtra,Kolhapur,APMC Kolhapur ,Vegetables,Tomato,Other,Local,500.00,"1,500.00","1,000.00",Rs./Quintal,19-02-2026
Maharashtra,Kolhapur,APMC Kolhapur ,Vegetables,Tomato,Other,Local,800.00,"1,200.00","1,000.00",Rs./Quintal,18-02-2026
Maharashtra,Kolhapur,APMC Kolhapur ,Vegetables,Tomato,Other,Local,500.00,"1,300.00","1,000.00",Rs./Quintal,17-02-2026
Maharashtra,Kolhapur,APMC Kolhapur ,Vegetables,Tomato,Other,Local,500.00,"1,500.00","1,000.00",Rs./Quintal,16-02-2026
Maharashtra,Kolhapur,APMC Kolhapur ,Vegetables,Tomato,Other,Local,500.00,"1,500.00","1,000.00",Rs./Quintal,15-02-2026
Maharashtra,Kolhapur,APMC Kolhapur ,Vegetables,Tomato,Other,Local,800.00,"1,500.00","1,200.00",Rs./Quintal,14-02-2026
Maharashtra,Kolhapur,APMC Kolhapur ,Vegetables,Tomato,Other,Local,500.00,"1,500.00","1,000.00",Rs./Quintal,12-02-2026
Maharashtra,Kolhapur,APMC Kolhapur ,Vegetables,Tomato,Other,Local,"1,000.00","1,500.00","1,200.00",Rs./Quintal,11-02-2026
Maharashtra,Kolhapur,APMC Kolhapur ,Vegetables,Tomato,Other,Local,"1,000.00","2,000.00","1,500.00",Rs./Quintal,09-02-2026
Maharashtra,Kolhapur,APMC Kolhapur ,Vegetables,Tomato,Other,Local,500.00,"1,500.00","1,000.00",Rs./Quintal,08-02-2026
Maharashtra,Kolhapur,APMC Kolhapur ,Vegetables,Tomato,Other,Local,800.00,"1,500.00","1,200.00",Rs./Quintal,05-02-2026
Maharashtra,Kolhapur,APMC Kolhapur ,Vegetables,Tomato,Other,Local,"1,000.00","2,000.00","1,500.00",Rs./Quintal,04-02-2026
Maharashtra,Kolhapur,APMC Kolhapur ,Vegetables,Tomato,Other,Local,800.00,"1,500.00","1,200.00",Rs./Quintal,03-02-2026
Maharashtra,Kolhapur,APMC Kolhapur ,Vegetables,Tomato,Other,Local,"1,000.00","2,000.00","1,500.00",Rs./Quintal,02-02-2026
Maharashtra,Kolhapur,APMC Kolhapur ,Vegetables,Tomato,Other,Local,800.00,"1,600.00","1,200.00",Rs./Quintal,01-02-2026
Maharashtra,Kolhapur,APMC Kolhapur ,Vegetables,Tomato,Other,Local,800.00,"1,600.00","1,200.00",Rs./Quintal,31-01-2026
Maharashtra,Kolhapur,APMC Kolhapur ,Vegetables,Tomato,Other,Local,"1,000.00","2,000.00","1,500.00",Rs./Quintal,28-01-2026
Maharashtra,Kolhapur,APMC Kolhapur ,Vegetables,Tomato,Other,Local,"1,000.00","2,000.00","1,500.00",Rs./Quintal,27-01-2026
Maharashtra,Kolhapur,APMC Kolhapur ,Vegetables,Tomato,Other,Local,"1,500.00","2,500.00","2,000.00",Rs./Quintal,25-01-2026
Maharashtra,Kolhapur,APMC Kolhapur ,Vegetables,Tomato,Other,Local,"1,500.00","2,500.00","2,000.00",Rs./Quintal,24-01-2026
Maharashtra,Kolhapur,APMC Kolhapur ,Vegetables,Tomato,Other,Local,"1,000.00","2,000.00","1,500.00",Rs./Quintal,22-01-2026
Maharashtra,Kolhapur,APMC Kolhapur ,Vegetables,Tomato,Other,Local,"1,000.00","2,000.00","1,500.00",Rs./Quintal,21-01-2026
Maharashtra,Kolhapur,APMC Kolhapur ,Vegetables,Tomato,Other,Local,"1,000.00","2,000.00","1,500.00",Rs./Quintal,20-01-2026
Maharashtra,Kolhapur,APMC Kolhapur ,Vegetables,Tomato,Other,Local,"1,000.00","2,000.00","1,500.00",Rs./Quintal,19-01-2026
Maharashtra,Kolhapur,APMC Kolhapur ,Vegetables,Tomato,Other,Local,500.00,"2,500.00","1,500.00",Rs./Quintal,18-01-2026
Maharashtra,Kolhapur,APMC Kolhapur ,Vegetables,Tomato,Other,Local,"1,000.00","2,000.00","1,500.00",Rs./Quintal,17-01-2026
Maharashtra,Kolhapur,APMC Kolhapur ,Vegetables,Tomato,Other,Local,"1,500.00","2,500.00","2,000.00",Rs./Quintal,14-01-2026
Maharashtra,Kolhapur,APMC Kolhapur ,Vegetables,Tomato,Other,Local,"1,500.00","2,500.00","2,000.00",Rs./Quintal,13-01-2026
Maharashtra,Kolhapur,APMC Kolhapur ,Vegetables,Tomato,Other,Local,"2,000.00","3,000.00","2,500.00",Rs./Quintal,12-01-2026
Maharashtra,Kolhapur,APMC Kolhapur ,Vegetables,Tomato,Other,Local,"1,500.00","3,500.00","2,500.00",Rs./Quintal,11-01-2026
Maharashtra,Kolhapur,APMC Kolhapur ,Vegetables,Tomato,Other,Local,"1,500.00","2,500.00","2,000.00",Rs./Quintal,10-01-2026
Maharashtra,Kolhapur,APMC Kolhapur ,Vegetables,Tomato,Other,Local,"2,000.00","3,000.00","2,500.00",Rs./Quintal,08-01-2026
Maharashtra,Kolhapur,APMC Kolhapur ,Vegetables,Tomato,Other,Local,"2,000.00","3,000.00","2,500.00",Rs./Quintal,07-01-2026
Maharashtra,Kolhapur,APMC Kolhapur ,Vegetables,Tomato,Other,Local,"1,500.00","3,500.00","2,500.00",Rs./Quintal,06-01-2026
Maharashtra,Kolhapur,APMC Kolhapur ,Vegetables,Tomato,Other,Local,"1,500.00","3,500.00","2,500.00",Rs./Quintal,05-01-2026
Maharashtra,Kolhapur,APMC Kolhapur ,Vegetables,Tomato,Other,Local,"1,500.00","3,500.00","2,500.00",Rs./Quintal,04-01-2026
Maharashtra,Kolhapur,APMC Kolhapur ,Vegetables,Tomato,Other,Local,"1,500.00","3,500.00","2,500.00",Rs./Quintal,03-01-2026
Maharashtra,Kolhapur,APMC Kolhapur ,Vegetables,Tomato,Other,Local,"2,000.00","4,000.00","3,000.00",Rs./Quintal,01-01-2026
Maharashtra,Kolhapur,APMC Vadgaonpeth ,Vegetables,Tomato,Local,Local,800.00,"1,400.00","1,000.00",Rs./Quintal,03-09-2026
Maharashtra,Kolhapur,APMC Vadgaonpeth ,Vegetables,Tomato,Local,Local,800.00,"1,800.00","1,200.00",Rs./Quintal,02-09-2026
Maharashtra,Kolhapur,APMC Vadgaonpeth ,Vegetables,Tomato,Local,Local,900.00,"1,500.00","1,000.00",Rs./Quintal,01-09-2026
Maharashtra,Kolhapur,APMC Vadgaonpeth ,Vegetables,Tomato,Local,Local,900.00,"1,600.00","1,000.00",Rs./Quintal,30-08-2026
Maharashtra,Kolhapur,APMC Vadgaonpeth ,Vegetables,Tomato,Local,Local,900.00,"1,500.00","1,100.00",Rs./Quintal,26-08-2026
Maharashtra,Kolhapur,APMC Vadgaonpeth ,Vegetables,Tomato,Local,Local,900.00,"1,600.00","1,200.00",Rs./Quintal,23-08-2026
Maharashtra,Kolhapur,APMC Vadgaonpeth ,Vegetables,Tomato,Local,Local,600.00,"1,000.00",700.00,Rs./Quintal,22-08-2026
Maharashtra,Kolhapur,APMC Vadgaonpeth ,Vegetables,Tomato,Local,Local,700.00,"1,300.00","1,000.00",Rs./Quintal,21-08-2026
Maharashtra,Kolhapur,APMC Vadgaonpeth ,Vegetables,Tomato,Local,Local,"1,000.00","1,800.00","1,400.00",Rs./Quintal,20-08-2026
Maharashtra,Kolhapur,APMC Vadgaonpeth ,Vegetables,Tomato,Local,Local,800.00,"1,800.00","1,200.00",Rs./Quintal,18-08-2026
Maharashtra,Kolhapur,APMC Vadgaonpeth ,Vegetables,Tomato,Local,Local,900.00,"1,800.00","1,200.00",Rs./Quintal,16-08-2026
Maharashtra,Kolhapur,APMC Vadgaonpeth ,Vegetables,Tomato,Local,Local,700.00,"1,500.00","1,000.00",Rs./Quintal,14-08-2026
Maharashtra,Kolhapur,APMC Vadgaonpeth ,Vegetables,Tomato,Local,Local,800.00,"1,700.00","1,000.00",Rs./Quintal,13-08-2026
Maharashtra,Kolhapur,APMC Vadgaonpeth ,Vegetables,Tomato,Local,Local,800.00,"1,800.00","1,100.00",Rs./Quintal,12-08-2026
Maharashtra,Kolhapur,APMC Vadgaonpeth ,Vegetables,Tomato,Local,Local,900.00,"1,500.00","1,200.00",Rs./Quintal,11-08-2026
Maharashtra,Kolhapur,APMC Vadgaonpeth ,Vegetables,Tomato,Local,Local,800.00,"1,800.00","1,200.00",Rs./Quintal,09-08-2026
Maharashtra,Kolhapur,APMC Vadgaonpeth ,Vegetables,Tomato,Local,Local,900.00,"1,500.00","1,000.00",Rs./Quintal,08-08-2026
Maharashtra,Kolhapur,APMC Vadgaonpeth ,Vegetables,Tomato,Local,Local,900.00,"1,800.00","1,300.00",Rs./Quintal,07-08-2026
Maharashtra,Kolhapur,APMC Vadgaonpeth ,Vegetables,Tomato,Local,Local,900.00,"1,900.00","1,000.00",Rs./Quintal,06-08-2026
Maharashtra,Kolhapur,APMC Vadgaonpeth ,Vegetables,Tomato,Local,Local,900.00,"1,800.00","1,200.00",Rs./Quintal,05-08-2026
Maharashtra,Kolhapur,APMC Vadgaonpeth ,Vegetables,Tomato,Local,Local,800.00,"2,000.00","1,200.00",Rs./Quintal,04-08-2026
Maharashtra,Kolhapur,APMC Vadgaonpeth ,Vegetables,Tomato,Local,Local,800.00,"1,800.00","1,200.00",Rs./Quintal,02-08-2026
Maharashtra,Kolhapur,APMC Vadgaonpeth ,Vegetables,Tomato,Local,Local,"1,500.00","2,100.00","1,800.00",Rs./Quintal,01-08-2026
Maharashtra,Kolhapur,APMC Vadgaonpeth ,Vegetables,Tomato,Local,Local,"1,000.00","2,100.00","1,600.00",Rs./Quintal,31-07-2026
Maharashtra,Kolhapur,APMC Vadgaonpeth ,Vegetables,Tomato,Local,Local,"1,200.00","2,000.00","1,700.00",Rs./Quintal,29-07-2026
Maharashtra,Kolhapur,APMC Vadgaonpeth ,Vegetables,Tomato,Local,Local,"1,000.00","2,000.00","1,600.00",Rs./Quintal,28-07-2026
Maharashtra,Kolhapur,APMC Vadgaonpeth ,Vegetables,Tomato,Local,Local,"1,000.00","2,000.00","1,500.00",Rs./Quintal,24-07-2026
Maharashtra,Kolhapur,APMC Vadgaonpeth ,Vegetables,Tomato,Local,Local,900.00,"1,800.00","1,300.00",Rs./Quintal,23-07-2026
Maharashtra,Kolhapur,APMC Vadgaonpeth ,Vegetables,Tomato,Local,Local,"1,200.00","1,800.00","1,600.00",Rs./Quintal,22-07-2026
Maharashtra,Kolhapur,APMC Vadgaonpeth ,Vegetables,Tomato,Local,Local,"1,000.00","2,000.00","1,400.00",Rs./Quintal,21-07-2026
Maharashtra,Kolhapur,APMC Vadgaonpeth ,Vegetables,Tomato,Local,Local,"1,000.00","2,500.00","1,600.00",Rs./Quintal,19-07-2026
Maharashtra,Kolhapur,APMC Vadgaonpeth ,Vegetables,Tomato,Local,Local,"1,400.00","2,100.00","1,800.00",Rs./Quintal,18-07-2026
Maharashtra,Kolhapur,APMC Vadgaonpeth ,Vegetables,Tomato,Local,Local,900.00,"1,500.00","1,200.00",Rs./Quintal,17-07-2026
Maharashtra,Kolhapur,APMC Vadgaonpeth ,Vegetables,Tomato,Local,Local,"1,000.00","3,000.00","2,000.00",Rs./Quintal,16-07-2026
Maharashtra,Kolhapur,APMC Vadgaonpeth ,Vegetables,Tomato,Local,Local,"1,300.00","1,700.00","1,400.00",Rs./Quintal,15-07-2026
Maharashtra,Kolhapur,APMC Vadgaonpeth ,Vegetables,Tomato,Local,Local,900.00,"1,700.00","1,100.00",Rs./Quintal,12-07-2026
Maharashtra,Kolhapur,APMC Vadgaonpeth ,Vegetables,Tomato,Local,Local,"1,000.00","2,100.00","1,400.00",Rs./Quintal,11-07-2026
Maharashtra,Kolhapur,APMC Vadgaonpeth ,Vegetables,Tomato,Local,Local,"1,000.00","2,000.00","1,500.00",Rs./Quintal,09-07-2026
Maharashtra,Kolhapur,APMC Vadgaonpeth ,Vegetables,Tomato,Local,Local,"1,000.00","2,000.00","1,400.00",Rs./Quintal,08-07-2026
Maharashtra,Kolhapur,APMC Vadgaonpeth ,Vegetables,Tomato,Local,Local,"1,000.00","2,000.00","1,200.00",Rs./Quintal,07-07-2026
Maharashtra,Kolhapur,APMC Vadgaonpeth ,Vegetables,Tomato,Local,Local,900.00,"1,800.00","1,200.00",Rs./Quintal,05-07-2026
Maharashtra,Kolhapur,APMC Vadgaonpeth ,Vegetables,Tomato,Local,Local,"1,000.00","1,800.00","1,400.00",Rs./Quintal,04-07-2026
Maharashtra,Kolhapur,APMC Vadgaonpeth ,Vegetables,Tomato,Local,Local,"1,400.00","2,000.00","1,700.00",Rs./Quintal,03-07-2026
Maharashtra,Kolhapur,APMC Vadgaonpeth ,Vegetables,Tomato,Local,Local,"1,000.00","1,700.00","1,500.00",Rs./Quintal,02-07-2026
Maharashtra,Kolhapur,APMC Vadgaonpeth ,Vegetables,Tomato,Local,Local,"1,000.00","1,600.00","1,200.00",Rs./Quintal,01-07-2026
Maharashtra,Kolhapur,APMC Vadgaonpeth ,Vegetables,Tomato,Local,Local,"1,400.00","2,600.00","1,800.00",Rs./Quintal,30-06-2026
Maharashtra,Kolhapur,APMC Vadgaonpeth ,Vegetables,Tomato,Local,Local,"1,900.00","3,500.00","2,600.00",Rs./Quintal,28-06-2026
Maharashtra,Kolhapur,APMC Vadgaonpeth ,Vegetables,Tomato,Local,Local,"1,500.00","2,800.00","2,000.00",Rs./Quintal,25-06-2026
Maharashtra,Kolhapur,APMC Vadgaonpeth ,Vegetables,Tomato,Local,Local,"1,400.00","3,500.00","2,100.00",Rs./Quintal,24-06-2026
Maharashtra,Kolhapur,APMC Vadgaonpeth ,Vegetables,Tomato,Local,Local,"1,800.00","3,000.00","2,300.00",Rs./Quintal,23-06-2026
Maharashtra,Kolhapur,APMC Vadgaonpeth ,Vegetables,Tomato,Local,Local,"2,500.00","3,500.00","2,900.00",Rs./Quintal,21-06-2026
Maharashtra,Kolhapur,APMC Vadgaonpeth ,Vegetables,Tomato,Local,Local,"1,900.00","3,000.00","2,500.00",Rs./Quintal,20-06-2026
Maharashtra,Kolhapur,APMC Vadgaonpeth ,Vegetables,Tomato,Local,Local,"1,900.00","3,000.00","2,500.00",Rs./Quintal,19-06-2026
Maharashtra,Kolhapur,APMC Vadgaonpeth ,Vegetables,Tomato,Local,Local,"1,700.00","3,500.00","2,500.00",Rs./Quintal,18-06-2026
Maharashtra,Kolhapur,APMC Vadgaonpeth ,Vegetables,Tomato,Local,Local,"2,000.00","3,500.00","2,700.00",Rs./Quintal,17-06-2026
Maharashtra,Kolhapur,APMC Vadgaonpeth ,Vegetables,Tomato,Local,Local,"2,000.00","3,500.00","2,600.00",Rs./Quintal,16-06-2026
Maharashtra,Kolhapur,APMC Vadgaonpeth ,Vegetables,Tomato,Local,Local,"1,600.00","4,000.00","2,600.00",Rs./Quintal,14-06-2026
Maharashtra,Kolhapur,APMC Vadgaonpeth ,Vegetables,Tomato,Local,Local,"2,000.00","3,500.00","2,600.00",Rs./Quintal,13-06-2026
Maharashtra,Kolhapur,APMC Vadgaonpeth ,Vegetables,Tomato,Local,Local,"1,500.00","3,500.00","2,000.00",Rs./Quintal,11-06-2026
Maharashtra,Kolhapur,APMC Vadgaonpeth ,Vegetables,Tomato,Local,Local,"2,000.00","4,000.00","2,800.00",Rs./Quintal,10-06-2026
Maharashtra,Kolhapur,APMC Vadgaonpeth ,Vegetables,Tomato,Local,Local,"1,500.00","3,000.00","2,250.00",Rs./Quintal,09-06-2026
Maharashtra,Kolhapur,APMC Vadgaonpeth ,Vegetables,Tomato,Local,Local,"2,000.00","3,500.00","2,600.00",Rs./Quintal,07-06-2026
Maharashtra,Kolhapur,APMC Vadgaonpeth ,Vegetables,Tomato,Local,Local,"2,500.00","3,500.00","2,800.00",Rs./Quintal,06-06-2026
Maharashtra,Kolhapur,APMC Vadgaonpeth ,Vegetables,Tomato,Local,Local,"2,800.00","3,500.00","3,000.00",Rs./Quintal,05-06-2026
Maharashtra,Kolhapur,APMC Vadgaonpeth ,Vegetables,Tomato,Local,Local,"2,000.00","3,500.00","2,800.00",Rs./Quintal,03-06-2026
Maharashtra,Kolhapur,APMC Vadgaonpeth ,Vegetables,Tomato,Local,Local,"1,000.00","3,500.00","2,600.00",Rs./Quintal,02-06-2026
Maharashtra,Kolhapur,APMC Vadgaonpeth ,Vegetables,Tomato,Local,Local,"2,800.00","3,800.00","3,000.00",Rs./Quintal,30-05-2026
Maharashtra,Kolhapur,APMC Vadgaonpeth ,Vegetables,Tomato,Local,Local,"2,900.00","4,500.00","3,500.00",Rs./Quintal,29-05-2026
Maharashtra,Kolhapur,APMC Vadgaonpeth ,Vegetables,Tomato,Local,Local,"3,000.00","4,500.00","3,600.00",Rs./Quintal,28-05-2026
Maharashtra,Kolhapur,APMC Vadgaonpeth ,Vegetables,Tomato,Local,Local,"2,000.00","3,000.00","2,400.00",Rs./Quintal,27-05-2026
Maharashtra,Kolhapur,APMC Vadgaonpeth ,Vegetables,Tomato,Local,Local,"2,100.00","2,800.00","2,400.00",Rs./Quintal,26-05-2026
Maharashtra,Kolhapur,APMC Vadgaonpeth ,Vegetables,Tomato,Local,Local,"1,800.00","3,000.00","2,600.00",Rs./Quintal,23-05-2026
Maharashtra,Kolhapur,APMC Vadgaonpeth ,Vegetables,Tomato,Local,Local,"1,900.00","2,900.00","2,100.00",Rs./Quintal,22-05-2026
Maharashtra,Kolhapur,APMC Vadgaonpeth ,Vegetables,Tomato,Local,Local,"2,000.00","3,500.00","2,600.00",Rs./Quintal,21-05-2026
Maharashtra,Kolhapur,APMC Vadgaonpeth ,Vegetables,Tomato,Local,Local,"1,900.00","3,500.00","2,600.00",Rs./Quintal,20-05-2026
Maharashtra,Kolhapur,APMC Vadgaonpeth ,Vegetables,Tomato,Local,Local,"1,500.00","3,500.00","2,600.00",Rs./Quintal,19-05-2026
Maharashtra,Kolhapur,APMC Vadgaonpeth ,Vegetables,Tomato,Local,Local,"1,500.00","3,500.00","2,000.00",Rs./Quintal,15-05-2026
Maharashtra,Kolhapur,APMC Vadgaonpeth ,Vegetables,Tomato,Local,Local,"1,000.00","3,500.00","2,000.00",Rs./Quintal,14-05-2026
Maharashtra,Kolhapur,APMC Vadgaonpeth ,Vegetables,Tomato,Local,Local,"1,400.00","2,100.00","1,900.00",Rs./Quintal,13-05-2026
Maharashtra,Kolhapur,APMC Vadgaonpeth ,Vegetables,Tomato,Local,Local,"1,800.00","2,600.00","2,000.00",Rs./Quintal,12-05-2026
Maharashtra,Kolhapur,APMC Vadgaonpeth ,Vegetables,Tomato,Local,Local,"1,500.00","2,500.00","2,000.00",Rs./Quintal,10-05-2026
Maharashtra,Kolhapur,APMC Vadgaonpeth ,Vegetables,Tomato,Local,Local,800.00,"1,800.00","1,200.00",Rs./Quintal,09-05-2026
Maharashtra,Kolhapur,APMC Vadgaonpeth ,Vegetables,Tomato,Local,Local,"1,200.00","2,100.00","1,500.00",Rs./Quintal,08-05-2026
Maharashtra,Kolhapur,APMC Vadgaonpeth ,Vegetables,Tomato,Local,Local,"1,000.00","2,100.00","1,500.00",Rs./Quintal,07-05-2026
Maharashtra,Kolhapur,APMC Vadgaonpeth ,Vegetables,Tomato,Local,Local,"1,000.00","2,500.00","2,000.00",Rs./Quintal,06-05-2026
Maharashtra,Kolhapur,APMC Vadgaonpeth ,Vegetables,Tomato,Local,Local,"1,300.00","2,000.00","1,600.00",Rs./Quintal,05-05-2026
Maharashtra,Kolhapur,APMC Vadgaonpeth ,Vegetables,Tomato,Local,Local,"1,200.00","2,500.00","1,800.00",Rs./Quintal,03-05-2026
Maharashtra,Kolhapur,APMC Vadgaonpeth ,Vegetables,Tomato,Local,Local,"1,500.00","2,600.00","1,800.00",Rs./Quintal,02-05-2026
Maharashtra,Kolhapur,APMC Vadgaonpeth ,Vegetables,Tomato,Local,Local,900.00,"1,500.00","1,200.00",Rs./Quintal,01-05-2026
Maharashtra,Kolhapur,APMC Vadgaonpeth ,Vegetables,Tomato,Local,Local,800.00,"1,500.00","1,000.00",Rs./Quintal,30-04-2026
Maharashtra,Kolhapur,APMC Vadgaonpeth ,Vegetables,Tomato,Local,Local,"1,000.00","3,500.00","2,600.00",Rs./Quintal,29-04-2026
Maharashtra,Kolhapur,APMC Vadgaonpeth ,Vegetables,Tomato,Local,Local,800.00,"1,600.00","1,100.00",Rs./Quintal,28-04-2026
Maharashtra,Kolhapur,APMC Vadgaonpeth ,Vegetables,Tomato,Local,Local,"1,000.00","2,000.00","1,400.00",Rs./Quintal,26-04-2026
Maharashtra,Kolhapur,APMC Vadgaonpeth ,Vegetables,Tomato,Local,Local,600.00,"1,500.00","1,000.00",Rs./Quintal,25-04-2026
Maharashtra,Kolhapur,APMC Vadgaonpeth ,Vegetables,Tomato,Local,Local,"1,000.00","2,000.00","1,600.00",Rs./Quintal,24-04-2026
Maharashtra,Kolhapur,APMC Vadgaonpeth ,Vegetables,Tomato,Local,Local,"1,000.00","2,000.00","1,400.00",Rs./Quintal,22-04-2026
Maharashtra,Kolhapur,APMC Vadgaonpeth ,Vegetables,Tomato,Local,Local,"1,000.00","1,500.00","1,200.00",Rs./Quintal,21-04-2026
Maharashtra,Kolhapur,APMC Vadgaonpeth ,Vegetables,Tomato,Local,Local,"1,000.00","2,000.00","1,500.00",Rs./Quintal,18-04-2026
Maharashtra,Kolhapur,APMC Vadgaonpeth ,Vegetables,Tomato,Local,Local,900.00,"1,800.00","1,200.00",Rs./Quintal,17-04-2026
Maharashtra,Kolhapur,APMC Vadgaonpeth ,Vegetables,Tomato,Local,Local,"1,000.00","1,500.00","1,200.00",Rs./Quintal,16-04-2026
Maharashtra,Kolhapur,APMC Vadgaonpeth ,Vegetables,Tomato,Local,Local,"1,000.00","2,100.00","1,500.00",Rs./Quintal,15-04-2026
Maharashtra,Kolhapur,APMC Vadgaonpeth ,Vegetables,Tomato,Local,Local,"1,000.00","2,000.00","1,400.00",Rs./Quintal,12-04-2026
Maharashtra,Kolhapur,APMC Vadgaonpeth ,Vegetables,Tomato,Local,Local,"1,000.00","1,500.00","1,250.00",Rs./Quintal,11-04-2026
Maharashtra,Kolhapur,APMC Vadgaonpeth ,Vegetables,Tomato,Local,Local,900.00,"2,000.00","1,400.00",Rs./Quintal,10-04-2026
Maharashtra,Kolhapur,APMC Vadgaonpeth ,Vegetables,Tomato,Local,Local,"1,000.00","2,500.00","1,600.00",Rs./Quintal,09-04-2026
Maharashtra,Kolhapur,APMC Vadgaonpeth ,Vegetables,Tomato,Local,Local,"1,000.00","2,000.00","1,400.00",Rs./Quintal,08-04-2026
Maharashtra,Kolhapur,APMC Vadgaonpeth ,Vegetables,Tomato,Local,Local,"1,000.00","2,500.00","2,000.00",Rs./Quintal,07-04-2026
Maharashtra,Kolhapur,APMC Vadgaonpeth ,Vegetables,Tomato,Local,Local,800.00,"1,600.00","1,000.00",Rs./Quintal,29-03-2026
Maharashtra,Kolhapur,APMC Vadgaonpeth ,Vegetables,Tomato,Local,Local,800.00,"1,800.00","1,000.00",Rs./Quintal,28-03-2026
Maharashtra,Kolhapur,APMC Vadgaonpeth ,Vegetables,Tomato,Local,Local,800.00,"1,900.00","1,200.00",Rs./Quintal,27-03-2026
Maharashtra,Kolhapur,APMC Vadgaonpeth ,Vegetables,Tomato,Local,Local,900.00,"2,000.00","1,400.00",Rs./Quintal,25-03-2026
Maharashtra,Kolhapur,APMC Vadgaonpeth ,Vegetables,Tomato,Local,Local,800.00,"1,500.00","1,000.00",Rs./Quintal,24-03-2026
Maharashtra,Kolhapur,APMC Vadgaonpeth ,Vegetables,Tomato,Local,Local,700.00,"2,000.00","1,200.00",Rs./Quintal,22-03-2026
Maharashtra,Kolhapur,APMC Vadgaonpeth ,Vegetables,Tomato,Local,Local,800.00,"2,000.00","1,500.00",Rs./Quintal,20-03-2026
Maharashtra,Kolhapur,APMC Vadgaonpeth ,Vegetables,Tomato,Local,Local,800.00,"2,000.00","1,300.00",Rs./Quintal,19-03-2026
Maharashtra,Kolhapur,APMC Vadgaonpeth ,Vegetables,Tomato,Local,Local,600.00,"1,500.00",800.00,Rs./Quintal,18-03-2026
Maharashtra,Kolhapur,APMC Vadgaonpeth ,Vegetables,Tomato,Local,Local,700.00,"1,500.00","1,000.00",Rs./Quintal,14-03-2026
Maharashtra,Kolhapur,APMC Vadgaonpeth ,Vegetables,Tomato,Local,Local,900.00,"1,500.00","1,200.00",Rs./Quintal,13-03-2026
Maharashtra,Kolhapur,APMC Vadgaonpeth ,Vegetables,Tomato,Local,Local,900.00,"1,500.00","1,000.00",Rs./Quintal,12-03-2026
Maharashtra,Kolhapur,APMC Vadgaonpeth ,Vegetables,Tomato,Local,Local,800.00,"1,500.00","1,000.00",Rs./Quintal,11-03-2026
Maharashtra,Kolhapur,APMC Vadgaonpeth ,Vegetables,Tomato,Local,Local,800.00,"1,700.00","1,000.00",Rs./Quintal,10-03-2026
Maharashtra,Kolhapur,APMC Vadgaonpeth ,Vegetables,Tomato,Local,Local,"1,000.00","2,000.00","1,400.00",Rs./Quintal,07-03-2026
Maharashtra,Kolhapur,APMC Vadgaonpeth ,Vegetables,Tomato,Local,Local,800.00,"2,000.00","1,400.00",Rs./Quintal,06-03-2026
Maharashtra,Kolhapur,APMC Vadgaonpeth ,Vegetables,Tomato,Local,Local,"1,000.00","1,800.00","1,400.00",Rs./Quintal,05-03-2026
Maharashtra,Kolhapur,APMC Vadgaonpeth ,Vegetables,Tomato,Local,Local,"1,000.00","1,200.00","1,100.00",Rs./Quintal,04-03-2026
Maharashtra,Kolhapur,APMC Vadgaonpeth ,Vegetables,Tomato,Local,Local,800.00,"2,100.00","1,500.00",Rs./Quintal,01-03-2026
Maharashtra,Kolhapur,APMC Vadgaonpeth ,Vegetables,Tomato,Local,Local,800.00,"1,400.00","1,000.00",Rs./Quintal,28-02-2026
Maharashtra,Kolhapur,APMC Vadgaonpeth ,Vegetables,Tomato,Local,Local,700.00,"1,500.00",900.00,Rs./Quintal,27-02-2026
Maharashtra,Kolhapur,APMC Vadgaonpeth ,Vegetables,Tomato,Local,Local,700.00,"1,500.00","1,000.00",Rs./Quintal,26-02-2026
Maharashtra,Kolhapur,APMC Vadgaonpeth ,Vegetables,Tomato,Local,Local,800.00,"1,400.00","1,000.00",Rs./Quintal,22-02-2026
Maharashtra,Kolhapur,APMC Vadgaonpeth ,Vegetables,Tomato,Local,Local,700.00,"1,400.00","1,000.00",Rs./Quintal,21-02-2026
Maharashtra,Kolhapur,APMC Vadgaonpeth ,Vegetables,Tomato,Local,Local,700.00,"1,400.00",900.00,Rs./Quintal,20-02-2026
Maharashtra,Kolhapur,APMC Vadgaonpeth ,Vegetables,Tomato,Local,Local,800.00,"2,000.00","1,200.00",Rs./Quintal,17-02-2026
Maharashtra,Kolhapur,APMC Vadgaonpeth ,Vegetables,Tomato,Local,Local,900.00,"1,800.00","1,200.00",Rs./Quintal,15-02-2026
Maharashtra,Kolhapur,APMC Vadgaonpeth ,Vegetables,Tomato,Local,Local,800.00,"2,000.00","1,400.00",Rs./Quintal,14-02-2026
Maharashtra,Kolhapur,APMC Vadgaonpeth ,Vegetables,Tomato,Local,Local,800.00,"1,800.00","1,000.00",Rs./Quintal,13-02-2026
Maharashtra,Kolhapur,APMC Vadgaonpeth ,Vegetables,Tomato,Local,Local,700.00,"1,500.00","1,000.00",Rs./Quintal,12-02-2026
Maharashtra,Kolhapur,APMC Vadgaonpeth ,Vegetables,Tomato,Local,Local,"1,000.00","2,000.00","1,400.00",Rs./Quintal,11-02-2026
Maharashtra,Kolhapur,APMC Vadgaonpeth ,Vegetables,Tomato,Local,Local,"1,000.00","1,500.00","1,200.00",Rs./Quintal,10-02-2026
Maharashtra,Kolhapur,APMC Vadgaonpeth ,Vegetables,Tomato,Local,Local,700.00,"1,500.00",900.00,Rs./Quintal,08-02-2026
Maharashtra,Kolhapur,APMC Vadgaonpeth ,Vegetables,Tomato,Local,Local,900.00,"1,600.00","1,200.00",Rs./Quintal,05-02-2026
Maharashtra,Kolhapur,APMC Vadgaonpeth ,Vegetables,Tomato,Local,Local,600.00,"1,500.00","1,000.00",Rs./Quintal,04-02-2026
Maharashtra,Kolhapur,APMC Vadgaonpeth ,Vegetables,Tomato,Local,Local,"1,000.00","3,000.00","2,000.00",Rs./Quintal,03-02-2026
Maharashtra,Kolhapur,APMC Vadgaonpeth ,Vegetables,Tomato,Local,Local,900.00,"1,600.00","1,000.00",Rs./Quintal,01-02-2026
Maharashtra,Kolhapur,APMC Vadgaonpeth ,Vegetables,Tomato,Local,Local,800.00,"1,500.00","1,000.00",Rs./Quintal,31-01-2026
Maharashtra,Kolhapur,APMC Vadgaonpeth ,Vegetables,Tomato,Local,Local,600.00,"1,800.00",800.00,Rs./Quintal,30-01-2026
Maharashtra,Kolhapur,APMC Vadgaonpeth ,Vegetables,Tomato,Local,Local,900.00,"1,500.00","1,300.00",Rs./Quintal,22-01-2026
Maharashtra,Kolhapur,APMC Vadgaonpeth ,Vegetables,Tomato,Local,Local,"1,000.00","2,500.00","1,600.00",Rs./Quintal,15-01-2026
Maharashtra,Kolhapur,APMC Vadgaonpeth ,Vegetables,Tomato,Local,Local,"1,500.00","2,500.00","1,800.00",Rs./Quintal,11-01-2026
Maharashtra,Kolhapur,APMC Vadgaonpeth ,Vegetables,Tomato,Local,Local,"1,000.00","3,000.00","1,500.00",Rs./Quintal,10-01-2026
Maharashtra,Kolhapur,APMC Vadgaonpeth ,Vegetables,Tomato,Local,Local,"1,000.00","2,500.00","1,600.00",Rs./Quintal,09-01-2026
Maharashtra,Kolhapur,APMC Vadgaonpeth ,Vegetables,Tomato,Local,Local,"1,000.00","2,000.00","1,600.00",Rs./Quintal,07-01-2026
Maharashtra,Kolhapur,APMC Vadgaonpeth ,Vegetables,Tomato,Local,Local,"1,600.00","3,000.00","2,100.00",Rs./Quintal,06-01-2026
Maharashtra,Kolhapur,APMC Vadgaonpeth ,Vegetables,Tomato,Local,Local,"1,900.00","3,500.00","2,600.00",Rs./Quintal,04-01-2026
Maharashtra,Kolhapur,APMC Vadgaonpeth ,Vegetables,Tomato,Local,Local,"2,000.00","4,500.00","3,000.00",Rs./Quintal,03-01-2026
Maharashtra,Kolhapur,APMC Vadgaonpeth ,Vegetables,Tomato,Local,Local,"1,700.00","3,500.00","2,600.00",Rs./Quintal,02-01-2026
Maharashtra,Kolhapur,APMC Vadgaonpeth ,Vegetables,Tomato,Local,Local,"1,600.00","3,500.00","2,100.00",Rs./Quintal,01-01-2026
Maharashtra,Mumbai,APMC Mumbai ,Vegetables,Tomato,Other,Local,"1,600.00","2,000.00","1,800.00",Rs./Quintal,03-09-2026
Maharashtra,Mumbai,APMC Mumbai ,Vegetables,Tomato,Other,Local,"1,600.00","2,000.00","1,800.00",Rs./Quintal,02-09-2026
Maharashtra,Mumbai,APMC Mumbai ,Vegetables,Tomato,Other,Local,"1,600.00","2,200.00","1,900.00",Rs./Quintal,01-09-2026
Maharashtra,Mumbai,APMC Mumbai ,Vegetables,Tomato,Other,Local,"1,400.00","2,600.00","2,000.00",Rs./Quintal,31-08-2026
Maharashtra,Mumbai,APMC Mumbai ,Vegetables,Tomato,Other,Local,"1,200.00","2,400.00","1,800.00",Rs./Quintal,29-08-2026
Maharashtra,Mumbai,APMC Mumbai ,Vegetables,Tomato,Other,Local,"1,200.00","2,000.00","1,600.00",Rs./Quintal,28-08-2026
Maharashtra,Mumbai,APMC Mumbai ,Vegetables,Tomato,Other,Local,"1,500.00","2,000.00","1,750.00",Rs./Quintal,27-08-2026
Maharashtra,Mumbai,APMC Mumbai ,Vegetables,Tomato,Other,Local,"1,400.00","2,000.00","1,700.00",Rs./Quintal,26-08-2026
Maharashtra,Mumbai,APMC Mumbai ,Vegetables,Tomato,Other,Local,"1,000.00","2,000.00","1,500.00",Rs./Quintal,25-08-2026
Maharashtra,Mumbai,APMC Mumbai ,Vegetables,Tomato,Other,Local,"1,400.00","2,000.00","1,700.00",Rs./Quintal,24-08-2026
Maharashtra,Mumbai,APMC Mumbai ,Vegetables,Tomato,Other,Local,"2,600.00","3,000.00","2,800.00",Rs./Quintal,22-08-2026
Maharashtra,Mumbai,APMC Mumbai ,Vegetables,Tomato,Other,Local,"1,600.00","2,000.00","1,800.00",Rs./Quintal,21-08-2026
Maharashtra,Mumbai,APMC Mumbai ,Vegetables,Tomato,Other,Local,"1,200.00","1,600.00","1,400.00",Rs./Quintal,20-08-2026
Maharashtra,Mumbai,APMC Mumbai ,Vegetables,Tomato,Other,Local,"1,600.00","2,000.00","1,800.00",Rs./Quintal,19-08-2026
Maharashtra,Mumbai,APMC Mumbai ,Vegetables,Tomato,Other,Local,"1,600.00","2,000.00","1,800.00",Rs./Quintal,18-08-2026
Maharashtra,Mumbai,APMC Mumbai ,Vegetables,Tomato,Other,Local,"1,600.00","2,000.00","1,800.00",Rs./Quintal,17-08-2026
Maharashtra,Mumbai,APMC Mumbai ,Vegetables,Tomato,Other,Local,"1,600.00","2,200.00","1,900.00",Rs./Quintal,14-08-2026
Maharashtra,Mumbai,APMC Mumbai ,Vegetables,Tomato,Other,Local,"1,800.00","2,200.00","2,000.00",Rs./Quintal,13-08-2026
Maharashtra,Mumbai,APMC Mumbai ,Vegetables,Tomato,Other,Local,"1,600.00","2,000.00","1,800.00",Rs./Quintal,12-08-2026
Maharashtra,Mumbai,APMC Mumbai ,Vegetables,Tomato,Other,Local,"1,400.00","1,800.00","1,600.00",Rs./Quintal,11-08-2026
Maharashtra,Mumbai,APMC Mumbai ,Vegetables,Tomato,Other,Local,"1,200.00","1,600.00","1,400.00",Rs./Quintal,10-08-2026
Maharashtra,Mumbai,APMC Mumbai ,Vegetables,Tomato,Other,Local,"1,800.00","2,800.00","2,300.00",Rs./Quintal,08-08-2026
Maharashtra,Mumbai,APMC Mumbai ,Vegetables,Tomato,Other,Local,"2,000.00","3,000.00","2,500.00",Rs./Quintal,07-08-2026
Maharashtra,Mumbai,APMC Mumbai ,Vegetables,Tomato,Other,Local,"2,000.00","3,000.00","2,500.00",Rs./Quintal,06-08-2026
Maharashtra,Mumbai,APMC Mumbai ,Vegetables,Tomato,Other,Local,"2,000.00","3,000.00","2,500.00",Rs./Quintal,05-08-2026
Maharashtra,Mumbai,APMC Mumbai ,Vegetables,Tomato,Other,Local,"2,000.00","3,000.00","2,500.00",Rs./Quintal,04-08-2026
Maharashtra,Mumbai,APMC Mumbai ,Vegetables,Tomato,Other,Local,"2,000.00","2,600.00","2,300.00",Rs./Quintal,03-08-2026
Maharashtra,Mumbai,APMC Mumbai ,Vegetables,Tomato,Other,Local,"1,600.00","2,000.00","1,800.00",Rs./Quintal,01-08-2026
Maharashtra,Mumbai,APMC Mumbai ,Vegetables,Tomato,Other,Local,"1,600.00","2,000.00","1,800.00",Rs./Quintal,31-07-2026
Maharashtra,Mumbai,APMC Mumbai ,Vegetables,Tomato,Other,Local,"1,600.00","2,000.00","1,800.00",Rs./Quintal,30-07-2026
Maharashtra,Mumbai,APMC Mumbai ,Vegetables,Tomato,Other,Local,"1,600.00","2,000.00","1,800.00",Rs./Quintal,29-07-2026
Maharashtra,Mumbai,APMC Mumbai ,Vegetables,Tomato,Other,Local,"3,000.00","3,400.00","3,200.00",Rs./Quintal,28-07-2026
Maharashtra,Mumbai,APMC Mumbai ,Vegetables,Tomato,Other,Local,"1,800.00","2,400.00","2,100.00",Rs./Quintal,27-07-2026
Maharashtra,Mumbai,APMC Mumbai ,Vegetables,Tomato,Other,Local,"1,400.00","2,400.00","1,900.00",Rs./Quintal,25-07-2026
Maharashtra,Mumbai,APMC Mumbai ,Vegetables,Tomato,Other,Local,"1,600.00","2,000.00","1,800.00",Rs./Quintal,24-07-2026
Maharashtra,Mumbai,APMC Mumbai ,Vegetables,Tomato,Other,Local,"1,600.00","2,000.00","1,800.00",Rs./Quintal,23-07-2026
Maharashtra,Mumbai,APMC Mumbai ,Vegetables,Tomato,Other,Local,"1,600.00","2,000.00","1,800.00",Rs./Quintal,22-07-2026
Maharashtra,Mumbai,APMC Mumbai ,Vegetables,Tomato,Other,Local,"1,800.00","2,200.00","2,000.00",Rs./Quintal,21-07-2026
Maharashtra,Mumbai,APMC Mumbai ,Vegetables,Tomato,Other,Local,"1,600.00","2,400.00","2,000.00",Rs./Quintal,20-07-2026
Maharashtra,Mumbai,APMC Mumbai ,Vegetables,Tomato,Other,Local,"1,600.00","2,000.00","1,800.00",Rs./Quintal,18-07-2026
Maharashtra,Mumbai,APMC Mumbai ,Vegetables,Tomato,Other,Local,"1,600.00","2,000.00","1,800.00",Rs./Quintal,17-07-2026
Maharashtra,Mumbai,APMC Mumbai ,Vegetables,Tomato,Other,Local,"1,600.00","2,200.00","1,900.00",Rs./Quintal,16-07-2026
Maharashtra,Mumbai,APMC Mumbai ,Vegetables,Tomato,Other,Local,"1,600.00","2,000.00","1,800.00",Rs./Quintal,15-07-2026
Maharashtra,Mumbai,APMC Mumbai ,Vegetables,Tomato,Other,Local,"1,600.00","2,000.00","1,800.00",Rs./Quintal,14-07-2026
Maharashtra,Mumbai,APMC Mumbai ,Vegetables,Tomato,Other,Local,"2,400.00","3,000.00","2,700.00",Rs./Quintal,13-07-2026
Maharashtra,Mumbai,APMC Mumbai ,Vegetables,Tomato,Other,Local,"2,600.00","3,000.00","2,800.00",Rs./Quintal,10-07-2026
Maharashtra,Mumbai,APMC Mumbai ,Vegetables,Tomato,Other,Local,"1,600.00","2,200.00","1,900.00",Rs./Quintal,09-07-2026
Maharashtra,Mumbai,APMC Mumbai ,Vegetables,Tomato,Other,Local,"2,000.00","2,400.00","2,200.00",Rs./Quintal,08-07-2026
Maharashtra,Mumbai,APMC Mumbai ,Vegetables,Tomato,Other,Local,"2,000.00","2,400.00","2,200.00",Rs./Quintal,07-07-2026
Maharashtra,Mumbai,APMC Mumbai ,Vegetables,Tomato,Other,Local,"2,000.00","2,600.00","2,300.00",Rs./Quintal,06-07-2026
Maharashtra,Mumbai,APMC Mumbai ,Vegetables,Tomato,Other,Local,"1,800.00","2,200.00","2,000.00",Rs./Quintal,04-07-2026
Maharashtra,Mumbai,APMC Mumbai ,Vegetables,Tomato,Other,Local,"1,800.00","2,200.00","2,000.00",Rs./Quintal,03-07-2026
Maharashtra,Mumbai,APMC Mumbai ,Vegetables,Tomato,Other,Local,"1,600.00","2,000.00","1,800.00",Rs./Quintal,02-07-2026
Maharashtra,Mumbai,APMC Mumbai ,Vegetables,Tomato,Other,Local,"1,800.00","2,200.00","2,000.00",Rs./Quintal,01-07-2026
Maharashtra,Mumbai,APMC Mumbai ,Vegetables,Tomato,Other,Local,"1,800.00","2,200.00","2,000.00",Rs./Quintal,30-06-2026
Maharashtra,Mumbai,APMC Mumbai ,Vegetables,Tomato,Other,Local,"1,600.00","2,000.00","1,800.00",Rs./Quintal,29-06-2026
Maharashtra,Mumbai,APMC Mumbai ,Vegetables,Tomato,Other,Local,"2,000.00","2,400.00","2,200.00",Rs./Quintal,26-06-2026
Maharashtra,Mumbai,APMC Mumbai ,Vegetables,Tomato,Other,Local,"2,600.00","3,000.00","2,800.00",Rs./Quintal,25-06-2026
Maharashtra,Mumbai,APMC Mumbai ,Vegetables,Tomato,Other,Local,"2,600.00","3,000.00","2,800.00",Rs./Quintal,24-06-2026
Maharashtra,Mumbai,APMC Mumbai ,Vegetables,Tomato,Other,Local,"2,800.00","3,400.00","3,100.00",Rs./Quintal,23-06-2026
Maharashtra,Mumbai,APMC Mumbai ,Vegetables,Tomato,Other,Local,"3,000.00","3,500.00","3,250.00",Rs./Quintal,22-06-2026
Maharashtra,Mumbai,APMC Mumbai ,Vegetables,Tomato,Other,Local,"3,000.00","3,500.00","3,250.00",Rs./Quintal,19-06-2026
Maharashtra,Mumbai,APMC Mumbai ,Vegetables,Tomato,Other,Local,"3,400.00","4,000.00","3,700.00",Rs./Quintal,18-06-2026
Maharashtra,Mumbai,APMC Mumbai ,Vegetables,Tomato,Other,Local,"3,000.00","4,000.00","3,500.00",Rs./Quintal,17-06-2026
Maharashtra,Mumbai,APMC Mumbai ,Vegetables,Tomato,Other,Local,"2,800.00","3,400.00","3,100.00",Rs./Quintal,16-06-2026
Maharashtra,Mumbai,APMC Mumbai ,Vegetables,Tomato,Other,Local,"2,600.00","3,000.00","2,800.00",Rs./Quintal,15-06-2026
Maharashtra,Mumbai,APMC Mumbai ,Vegetables,Tomato,Other,Local,"3,000.00","3,600.00","3,300.00",Rs./Quintal,13-06-2026
Maharashtra,Mumbai,APMC Mumbai ,Vegetables,Tomato,Other,Local,"3,600.00","4,000.00","3,800.00",Rs./Quintal,12-06-2026
Maharashtra,Mumbai,APMC Mumbai ,Vegetables,Tomato,Other,Local,"3,600.00","4,000.00","3,800.00",Rs./Quintal,11-06-2026
Maharashtra,Mumbai,APMC Mumbai ,Vegetables,Tomato,Other,Local,"4,400.00","5,000.00","4,700.00",Rs./Quintal,10-06-2026
Maharashtra,Mumbai,APMC Mumbai ,Vegetables,Tomato,Other,Local,"3,000.00","3,500.00","3,250.00",Rs./Quintal,09-06-2026
Maharashtra,Mumbai,APMC Mumbai ,Vegetables,Tomato,Other,Local,"2,600.00","3,000.00","2,800.00",Rs./Quintal,08-06-2026
Maharashtra,Mumbai,APMC Mumbai ,Vegetables,Tomato,Other,Local,"2,000.00","2,600.00","2,300.00",Rs./Quintal,06-06-2026
Maharashtra,Mumbai,APMC Mumbai ,Vegetables,Tomato,Other,Local,"2,600.00","4,000.00","2,800.00",Rs./Quintal,05-06-2026
Maharashtra,Mumbai,APMC Mumbai ,Vegetables,Tomato,Other,Local,"2,600.00","3,000.00","2,800.00",Rs./Quintal,04-06-2026
Maharashtra,Mumbai,APMC Mumbai ,Vegetables,Tomato,Other,Local,"2,400.00","3,000.00","2,699.00",Rs./Quintal,03-06-2026
Maharashtra,Mumbai,APMC Mumbai ,Vegetables,Tomato,Other,Local,"2,600.00","3,200.00","2,900.00",Rs./Quintal,02-06-2026
Maharashtra,Mumbai,APMC Mumbai ,Vegetables,Tomato,Other,Local,"2,600.00","3,000.00","2,800.00",Rs./Quintal,01-06-2026
Maharashtra,Mumbai,APMC Mumbai ,Vegetables,Tomato,Other,Local,"2,000.00","2,600.00","2,300.00",Rs./Quintal,30-05-2026
Maharashtra,Mumbai,APMC Mumbai ,Vegetables,Tomato,Other,Local,"2,000.00","2,500.00","2,250.00",Rs./Quintal,29-05-2026
Maharashtra,Mumbai,APMC Mumbai ,Vegetables,Tomato,Other,Local,"2,000.00","2,400.00","2,200.00",Rs./Quintal,28-05-2026
Maharashtra,Mumbai,APMC Mumbai ,Vegetables,Tomato,Other,Local,"1,400.00","2,400.00","1,900.00",Rs./Quintal,27-05-2026
Maharashtra,Mumbai,APMC Mumbai ,Vegetables,Tomato,Other,Local,"2,000.00","2,400.00","2,200.00",Rs./Quintal,26-05-2026
Maharashtra,Mumbai,APMC Mumbai ,Vegetables,Tomato,Other,Local,"2,000.00","2,400.00","2,200.00",Rs./Quintal,25-05-2026
Maharashtra,Mumbai,APMC Mumbai ,Vegetables,Tomato,Other,Local,"2,000.00","2,400.00","2,200.00",Rs./Quintal,23-05-2026
Maharashtra,Mumbai,APMC Mumbai ,Vegetables,Tomato,Other,Local,"2,000.00","2,400.00","2,200.00",Rs./Quintal,22-05-2026
Maharashtra,Mumbai,APMC Mumbai ,Vegetables,Tomato,Other,Local,"2,000.00","2,500.00","2,250.00",Rs./Quintal,21-05-2026
Maharashtra,Mumbai,APMC Mumbai ,Vegetables,Tomato,Other,Local,"2,000.00","2,400.00","2,200.00",Rs./Quintal,20-05-2026
Maharashtra,Mumbai,APMC Mumbai ,Vegetables,Tomato,Other,Local,"2,000.00","2,400.00","2,200.00",Rs./Quintal,19-05-2026
Maharashtra,Mumbai,APMC Mumbai ,Vegetables,Tomato,Other,Local,"2,000.00","2,400.00","2,200.00",Rs./Quintal,18-05-2026
Maharashtra,Mumbai,APMC Mumbai ,Vegetables,Tomato,Other,Local,"1,400.00","2,500.00","1,950.00",Rs./Quintal,16-05-2026
Maharashtra,Mumbai,APMC Mumbai ,Vegetables,Tomato,Other,Local,"2,000.00","2,600.00","2,300.00",Rs./Quintal,15-05-2026
Maharashtra,Mumbai,APMC Mumbai ,Vegetables,Tomato,Other,Local,"2,000.00","2,600.00","2,300.00",Rs./Quintal,14-05-2026
Maharashtra,Mumbai,APMC Mumbai ,Vegetables,Tomato,Other,Local,"1,800.00","2,400.00","2,100.00",Rs./Quintal,13-05-2026
Maharashtra,Mumbai,APMC Mumbai ,Vegetables,Tomato,Other,Local,"2,000.00","2,400.00","2,200.00",Rs./Quintal,12-05-2026
Maharashtra,Mumbai,APMC Mumbai ,Vegetables,Tomato,Other,Local,"1,800.00","2,400.00","2,100.00",Rs./Quintal,11-05-2026
Maharashtra,Mumbai,APMC Mumbai ,Vegetables,Tomato,Other,Local,"1,600.00","2,200.00","1,900.00",Rs./Quintal,08-05-2026
Maharashtra,Mumbai,APMC Mumbai ,Vegetables,Tomato,Other,Local,"1,000.00","2,000.00","1,500.00",Rs./Quintal,07-05-2026
Maharashtra,Mumbai,APMC Mumbai ,Vegetables,Tomato,Other,Local,"1,600.00","2,600.00","2,100.00",Rs./Quintal,06-05-2026
Maharashtra,Mumbai,APMC Mumbai ,Vegetables,Tomato,Other,Local,"1,800.00","2,800.00","2,300.00",Rs./Quintal,05-05-2026
Maharashtra,Mumbai,APMC Mumbai ,Vegetables,Tomato,Other,Local,"1,600.00","2,400.00","2,000.00",Rs./Quintal,04-05-2026
Maharashtra,Mumbai,APMC Mumbai ,Vegetables,Tomato,Other,Local,"1,400.00","2,200.00","1,800.00",Rs./Quintal,02-05-2026
Maharashtra,Mumbai,APMC Mumbai ,Vegetables,Tomato,Other,Local,"1,600.00","2,400.00","2,000.00",Rs./Quintal,01-05-2026
Maharashtra,Mumbai,APMC Mumbai ,Vegetables,Tomato,Other,Local,"1,800.00","2,600.00","2,200.00",Rs./Quintal,30-04-2026
Maharashtra,Mumbai,APMC Mumbai ,Vegetables,Tomato,Other,Local,"1,800.00","2,400.00","2,100.00",Rs./Quintal,29-04-2026
Maharashtra,Mumbai,APMC Mumbai ,Vegetables,Tomato,Other,Local,"2,000.00","2,600.00","2,300.00",Rs./Quintal,28-04-2026
Maharashtra,Mumbai,APMC Mumbai ,Vegetables,Tomato,Other,Local,"1,600.00","2,000.00","1,800.00",Rs./Quintal,27-04-2026
Maharashtra,Mumbai,APMC Mumbai ,Vegetables,Tomato,Other,Local,"1,400.00","2,000.00","1,700.00",Rs./Quintal,25-04-2026
Maharashtra,Mumbai,APMC Mumbai ,Vegetables,Tomato,Other,Local,"1,200.00","1,600.00","1,400.00",Rs./Quintal,24-04-2026
Maharashtra,Mumbai,APMC Mumbai ,Vegetables,Tomato,Other,Local,"1,000.00","2,000.00","1,500.00",Rs./Quintal,23-04-2026
Maharashtra,Mumbai,APMC Mumbai ,Vegetables,Tomato,Other,Local,"2,000.00","2,500.00","2,250.00",Rs./Quintal,22-04-2026
Maharashtra,Mumbai,APMC Mumbai ,Vegetables,Tomato,Other,Local,"2,000.00","2,400.00","2,200.00",Rs./Quintal,21-04-2026
Maharashtra,Mumbai,APMC Mumbai ,Vegetables,Tomato,Other,Local,"2,000.00","2,500.00","2,250.00",Rs./Quintal,20-04-2026
Maharashtra,Mumbai,APMC Mumbai ,Vegetables,Tomato,Other,Local,"2,000.00","2,500.00","2,250.00",Rs./Quintal,18-04-2026
Maharashtra,Mumbai,APMC Mumbai ,Vegetables,Tomato,Other,Local,"1,600.00","2,000.00","1,800.00",Rs./Quintal,17-04-2026
Maharashtra,Mumbai,APMC Mumbai ,Vegetables,Tomato,Other,Local,"1,600.00","2,000.00","1,800.00",Rs./Quintal,16-04-2026
Maharashtra,Mumbai,APMC Mumbai ,Vegetables,Tomato,Other,Local,"1,600.00","2,000.00","1,800.00",Rs./Quintal,15-04-2026
Maharashtra,Mumbai,APMC Mumbai ,Vegetables,Tomato,Other,Local,"1,600.00","2,000.00","1,800.00",Rs./Quintal,14-04-2026
Maharashtra,Mumbai,APMC Mumbai ,Vegetables,Tomato,Other,Local,"1,400.00","1,800.00","1,600.00",Rs./Quintal,13-04-2026
Maharashtra,Mumbai,APMC Mumbai ,Vegetables,Tomato,Other,Local,"1,000.00","1,500.00","1,250.00",Rs./Quintal,11-04-2026
Maharashtra,Mumbai,APMC Mumbai ,Vegetables,Tomato,Other,Local,"1,000.00","1,400.00","1,200.00",Rs./Quintal,10-04-2026
Maharashtra,Mumbai,APMC Mumbai ,Vegetables,Tomato,Other,Local,"1,000.00","1,400.00","1,200.00",Rs./Quintal,09-04-2026
Maharashtra,Mumbai,APMC Mumbai ,Vegetables,Tomato,Other,Local,"1,000.00","1,400.00","1,200.00",Rs./Quintal,08-04-2026
Maharashtra,Mumbai,APMC Mumbai ,Vegetables,Tomato,Other,Local,"1,000.00","1,200.00","1,100.00",Rs./Quintal,07-04-2026
Maharashtra,Mumbai,APMC Mumbai ,Vegetables,Tomato,Other,Local,"1,200.00","1,600.00","1,400.00",Rs./Quintal,06-04-2026
Maharashtra,Mumbai,APMC Mumbai ,Vegetables,Tomato,Other,Local,"1,000.00","1,500.00","1,250.00",Rs./Quintal,04-04-2026
Maharashtra,Mumbai,APMC Mumbai ,Vegetables,Tomato,Other,Local,"1,000.00","1,500.00","1,250.00",Rs./Quintal,03-04-2026
Maharashtra,Mumbai,APMC Mumbai ,Vegetables,Tomato,Other,Local,700.00,"1,500.00","1,100.00",Rs./Quintal,02-04-2026
Maharashtra,Mumbai,APMC Mumbai ,Vegetables,Tomato,Other,Local,800.00,"1,600.00","1,200.00",Rs./Quintal,01-04-2026
Maharashtra,Mumbai,APMC Mumbai ,Vegetables,Tomato,Other,Local,"1,200.00","1,600.00","1,400.00",Rs./Quintal,31-03-2026
Maharashtra,Mumbai,APMC Mumbai ,Vegetables,Tomato,Other,Local,"1,200.00","1,600.00","1,400.00",Rs./Quintal,30-03-2026
Maharashtra,Mumbai,APMC Mumbai ,Vegetables,Tomato,Other,Local,"1,200.00","1,600.00","1,400.00",Rs./Quintal,28-03-2026
Maharashtra,Mumbai,APMC Mumbai ,Vegetables,Tomato,Other,Local,"1,000.00","1,500.00","1,250.00",Rs./Quintal,27-03-2026
Maharashtra,Mumbai,APMC Mumbai ,Vegetables,Tomato,Other,Local,"1,200.00","1,600.00","1,400.00",Rs./Quintal,26-03-2026
Maharashtra,Mumbai,APMC Mumbai ,Vegetables,Tomato,Other,Local,"1,600.00","2,000.00","1,800.00",Rs./Quintal,25-03-2026
Maharashtra,Mumbai,APMC Mumbai ,Vegetables,Tomato,Other,Local,700.00,"1,500.00","1,100.00",Rs./Quintal,24-03-2026
Maharashtra,Mumbai,APMC Mumbai ,Vegetables,Tomato,Other,Local,"1,200.00","1,600.00","1,400.00",Rs./Quintal,23-03-2026
Maharashtra,Mumbai,APMC Mumbai ,Vegetables,Tomato,Other,Local,"1,200.00","1,600.00","1,400.00",Rs./Quintal,21-03-2026
Maharashtra,Mumbai,APMC Mumbai ,Vegetables,Tomato,Other,Local,"1,600.00","2,000.00","1,800.00",Rs./Quintal,20-03-2026
Maharashtra,Mumbai,APMC Mumbai ,Vegetables,Tomato,Other,Local,"1,600.00","2,000.00","1,800.00",Rs./Quintal,19-03-2026
Maharashtra,Mumbai,APMC Mumbai ,Vegetables,Tomato,Other,Local,"1,600.00","2,000.00","1,800.00",Rs./Quintal,18-03-2026
Maharashtra,Mumbai,APMC Mumbai ,Vegetables,Tomato,Other,Local,"1,600.00","2,000.00","1,800.00",Rs./Quintal,17-03-2026
Maharashtra,Mumbai,APMC Mumbai ,Vegetables,Tomato,Other,Local,"1,600.00","2,000.00","1,800.00",Rs./Quintal,16-03-2026
Maharashtra,Mumbai,APMC Mumbai ,Vegetables,Tomato,Other,Local,"1,600.00","2,000.00","1,800.00",Rs./Quintal,13-03-2026
Maharashtra,Mumbai,APMC Mumbai ,Vegetables,Tomato,Other,Local,"1,600.00","2,200.00","1,900.00",Rs./Quintal,12-03-2026
Maharashtra,Mumbai,APMC Mumbai ,Vegetables,Tomato,Other,Local,"1,600.00","2,000.00","1,800.00",Rs./Quintal,11-03-2026
Maharashtra,Mumbai,APMC Mumbai ,Vegetables,Tomato,Other,Local,"1,800.00","2,400.00","2,100.00",Rs./Quintal,10-03-2026
Maharashtra,Mumbai,APMC Mumbai ,Vegetables,Tomato,Other,Local,"1,600.00","2,400.00","2,000.00",Rs./Quintal,09-03-2026
Maharashtra,Mumbai,APMC Mumbai ,Vegetables,Tomato,Other,Local,"1,600.00","2,000.00","1,800.00",Rs./Quintal,06-03-2026
Maharashtra,Mumbai,APMC Mumbai ,Vegetables,Tomato,Other,Local,"1,600.00","2,000.00","1,800.00",Rs./Quintal,05-03-2026
Maharashtra,Mumbai,APMC Mumbai ,Vegetables,Tomato,Other,Local,"1,600.00","2,000.00","1,800.00",Rs./Quintal,04-03-2026
Maharashtra,Mumbai,APMC Mumbai ,Vegetables,Tomato,Other,Local,"1,100.00","1,500.00","1,300.00",Rs./Quintal,02-03-2026
Maharashtra,Mumbai,APMC Mumbai ,Vegetables,Tomato,Other,Local,"1,100.00","1,500.00","1,300.00",Rs./Quintal,27-02-2026
Maharashtra,Mumbai,APMC Mumbai ,Vegetables,Tomato,Other,Local,"1,100.00","1,500.00","1,300.00",Rs./Quintal,26-02-2026
Maharashtra,Mumbai,APMC Mumbai ,Vegetables,Tomato,Other,Local,"1,200.00","1,500.00","1,350.00",Rs./Quintal,25-02-2026
Maharashtra,Mumbai,APMC Mumbai ,Vegetables,Tomato,Other,Local,"1,200.00","1,500.00","1,350.00",Rs./Quintal,24-02-2026
Maharashtra,Mumbai,APMC Mumbai ,Vegetables,Tomato,Other,Local,"1,200.00","1,600.00","1,400.00",Rs./Quintal,23-02-2026
Maharashtra,Mumbai,APMC Mumbai ,Vegetables,Tomato,Other,Local,"1,600.00","2,000.00","1,800.00",Rs./Quintal,20-02-2026
Maharashtra,Mumbai,APMC Mumbai ,Vegetables,Tomato,Other,Local,"1,600.00","2,200.00","1,900.00",Rs./Quintal,19-02-2026
Maharashtra,Mumbai,APMC Mumbai ,Vegetables,Tomato,Other,Local,"2,000.00","2,400.00","2,200.00",Rs./Quintal,18-02-2026
Maharashtra,Mumbai,APMC Mumbai ,Vegetables,Tomato,Other,Local,"1,600.00","2,000.00","1,800.00",Rs./Quintal,17-02-2026
Maharashtra,Mumbai,APMC Mumbai ,Vegetables,Tomato,Other,Local,"1,000.00","2,000.00","1,500.00",Rs./Quintal,16-02-2026
Maharashtra,Mumbai,APMC Mumbai ,Vegetables,Tomato,Other,Local,"1,600.00","2,000.00","1,800.00",Rs./Quintal,13-02-2026
Maharashtra,Mumbai,APMC Mumbai ,Vegetables,Tomato,Other,Local,"1,000.00","2,000.00","1,500.00",Rs./Quintal,12-02-2026
Maharashtra,Mumbai,APMC Mumbai ,Vegetables,Tomato,Other,Local,"1,400.00","1,600.00","1,500.00",Rs./Quintal,11-02-2026
Maharashtra,Mumbai,APMC Mumbai ,Vegetables,Tomato,Other,Local,"1,600.00","2,000.00","1,800.00",Rs./Quintal,10-02-2026
Maharashtra,Mumbai,APMC Mumbai ,Vegetables,Tomato,Other,Local,"1,500.00","1,800.00","1,650.00",Rs./Quintal,09-02-2026
Maharashtra,Mumbai,APMC Mumbai ,Vegetables,Tomato,Other,Local,"1,600.00","2,000.00","1,800.00",Rs./Quintal,06-02-2026
Maharashtra,Mumbai,APMC Mumbai ,Vegetables,Tomato,Other,Local,"1,000.00","2,000.00","1,500.00",Rs./Quintal,05-02-2026
Maharashtra,Mumbai,APMC Mumbai ,Vegetables,Tomato,Other,Local,"1,600.00","2,200.00","1,900.00",Rs./Quintal,04-02-2026
Maharashtra,Mumbai,APMC Mumbai ,Vegetables,Tomato,Other,Local,"1,600.00","2,000.00","1,800.00",Rs./Quintal,03-02-2026
Maharashtra,Mumbai,APMC Mumbai ,Vegetables,Tomato,Other,Local,"1,200.00","1,600.00","1,400.00",Rs./Quintal,02-02-2026
Maharashtra,Mumbai,APMC Mumbai ,Vegetables,Tomato,Other,Local,"1,200.00","1,600.00","1,400.00",Rs./Quintal,30-01-2026
Maharashtra,Mumbai,APMC Mumbai ,Vegetables,Tomato,Other,Local,"1,600.00","2,000.00","1,800.00",Rs./Quintal,29-01-2026
Maharashtra,Mumbai,APMC Mumbai ,Vegetables,Tomato,Other,Local,"2,000.00","2,400.00","2,200.00",Rs./Quintal,28-01-2026
Maharashtra,Mumbai,APMC Mumbai ,Vegetables,Tomato,Other,Local,"2,000.00","2,400.00","2,200.00",Rs./Quintal,27-01-2026
Maharashtra,Mumbai,APMC Mumbai ,Vegetables,Tomato,Other,Local,"1,600.00","2,000.00","1,800.00",Rs./Quintal,23-01-2026
Maharashtra,Mumbai,APMC Mumbai ,Vegetables,Tomato,Other,Local,"1,600.00","2,000.00","1,800.00",Rs./Quintal,22-01-2026
Maharashtra,Mumbai,APMC Mumbai ,Vegetables,Tomato,Other,Local,"2,000.00","2,400.00","2,200.00",Rs./Quintal,21-01-2026
Maharashtra,Mumbai,APMC Mumbai ,Vegetables,Tomato,Other,Local,"2,000.00","2,400.00","2,200.00",Rs./Quintal,20-01-2026
Maharashtra,Mumbai,APMC Mumbai ,Vegetables,Tomato,Other,Local,"2,400.00","3,000.00","2,700.00",Rs./Quintal,19-01-2026
Maharashtra,Mumbai,APMC Mumbai ,Vegetables,Tomato,Other,Local,"3,000.00","3,600.00","3,300.00",Rs./Quintal,16-01-2026
Maharashtra,Mumbai,APMC Mumbai ,Vegetables,Tomato,Other,Local,"2,200.00","2,800.00","2,500.00",Rs./Quintal,15-01-2026
Maharashtra,Mumbai,APMC Mumbai ,Vegetables,Tomato,Other,Local,"2,400.00","3,000.00","2,700.00",Rs./Quintal,14-01-2026
Maharashtra,Mumbai,APMC Mumbai ,Vegetables,Tomato,Other,Local,"2,600.00","3,000.00","2,800.00",Rs./Quintal,13-01-2026
Maharashtra,Mumbai,APMC Mumbai ,Vegetables,Tomato,Other,Local,"2,600.00","3,000.00","2,800.00",Rs./Quintal,12-01-2026
Maharashtra,Mumbai,APMC Mumbai ,Vegetables,Tomato,Other,Local,"2,600.00","3,000.00","2,800.00",Rs./Quintal,09-01-2026
Maharashtra,Mumbai,APMC Mumbai ,Vegetables,Tomato,Other,Local,"2,600.00","3,200.00","2,900.00",Rs./Quintal,08-01-2026
Maharashtra,Mumbai,APMC Mumbai ,Vegetables,Tomato,Other,Local,"3,600.00","4,000.00","3,800.00",Rs./Quintal,07-01-2026
Maharashtra,Mumbai,APMC Mumbai ,Vegetables,Tomato,Other,Local,"3,600.00","4,000.00","3,800.00",Rs./Quintal,06-01-2026
Maharashtra,Mumbai,APMC Mumbai ,Vegetables,Tomato,Other,Local,"4,500.00","5,500.00","5,000.00",Rs./Quintal,05-01-2026
Maharashtra,Mumbai,APMC Mumbai ,Vegetables,Tomato,Other,Local,"4,000.00","4,500.00","4,250.00",Rs./Quintal,02-01-2026
Maharashtra,Mumbai,APMC Mumbai ,Vegetables,Tomato,Other,Local,"3,800.00","4,600.00","4,200.00",Rs./Quintal,01-01-2026
Maharashtra,Nagpur,APMC Hingna,Vegetables,Tomato,Local,Local,"2,000.00","2,500.00","2,166.00",Rs./Quintal,03-09-2026
Maharashtra,Nagpur,APMC Hingna,Vegetables,Tomato,Local,Local,"2,000.00","3,250.00","2,585.00",Rs./Quintal,02-09-2026
Maharashtra,Nagpur,APMC Hingna,Vegetables,Tomato,Local,Local,"1,500.00","3,250.00","2,308.00",Rs./Quintal,01-09-2026
Maharashtra,Nagpur,APMC Hingna,Vegetables,Tomato,Local,Local,"1,500.00","3,000.00","2,387.00",Rs./Quintal,31-08-2026
Maharashtra,Nagpur,APMC Hingna,Vegetables,Tomato,Local,Local,"1,500.00","2,250.00","1,833.00",Rs./Quintal,29-08-2026
Maharashtra,Nagpur,APMC Hingna,Vegetables,Tomato,Local,Local,"1,000.00","2,250.00","1,687.00",Rs./Quintal,28-08-2026
Maharashtra,Nagpur,APMC Hingna,Vegetables,Tomato,Local,Local,"1,500.00","2,250.00","1,833.00",Rs./Quintal,27-08-2026
Maharashtra,Nagpur,APMC Hingna,Vegetables,Tomato,Local,Local,"2,000.00","2,500.00","2,333.00",Rs./Quintal,26-08-2026
Maharashtra,Nagpur,APMC Hingna,Vegetables,Tomato,Local,Local,"2,000.00","2,500.00","2,141.00",Rs./Quintal,25-08-2026
Maharashtra,Nagpur,APMC Hingna,Vegetables,Tomato,Local,Local,"1,500.00","2,500.00","2,062.00",Rs./Quintal,24-08-2026
Maharashtra,Nagpur,APMC Hingna,Vegetables,Tomato,Local,Local,"1,500.00","3,700.00","2,160.00",Rs./Quintal,22-08-2026
Maharashtra,Nagpur,APMC Hingna,Vegetables,Tomato,Local,Local,"1,500.00","2,000.00","1,750.00",Rs./Quintal,21-08-2026
Maharashtra,Nagpur,APMC Hingna,Vegetables,Tomato,Local,Local,"1,500.00","1,750.00","1,625.00",Rs./Quintal,20-08-2026
Maharashtra,Nagpur,APMC Hingna,Vegetables,Tomato,Local,Local,"2,000.00","2,250.00","2,083.00",Rs./Quintal,19-08-2026
Maharashtra,Nagpur,APMC Hingna,Vegetables,Tomato,Local,Local,"1,800.00","2,250.00","1,962.00",Rs./Quintal,18-08-2026
Maharashtra,Nagpur,APMC Hingna,Vegetables,Tomato,Local,Local,"1,500.00","2,500.00","2,050.00",Rs./Quintal,17-08-2026
Maharashtra,Nagpur,APMC Hingna,Vegetables,Tomato,Local,Local,"2,500.00","2,500.00","2,500.00",Rs./Quintal,14-08-2026
Maharashtra,Nagpur,APMC Hingna,Vegetables,Tomato,Local,Local,"2,500.00","3,000.00","2,600.00",Rs./Quintal,13-08-2026
Maharashtra,Nagpur,APMC Hingna,Vegetables,Tomato,Local,Local,"1,800.00","3,000.00","2,450.00",Rs./Quintal,12-08-2026
Maharashtra,Nagpur,APMC Hingna,Vegetables,Tomato,Local,Local,"2,000.00","2,750.00","2,300.00",Rs./Quintal,11-08-2026
Maharashtra,Nagpur,APMC Hingna,Vegetables,Tomato,Local,Local,"1,250.00","2,500.00","2,104.00",Rs./Quintal,10-08-2026
Maharashtra,Nagpur,APMC Hingna,Vegetables,Tomato,Local,Local,"1,250.00","2,350.00","1,864.00",Rs./Quintal,08-08-2026
Maharashtra,Nagpur,APMC Hingna,Vegetables,Tomato,Local,Local,"2,000.00","2,000.00","2,000.00",Rs./Quintal,07-08-2026
Maharashtra,Nagpur,APMC Hingna,Vegetables,Tomato,Local,Local,"2,000.00","2,250.00","2,050.00",Rs./Quintal,06-08-2026
Maharashtra,Nagpur,APMC Hingna,Vegetables,Tomato,Local,Local,"2,000.00","2,500.00","2,166.00",Rs./Quintal,05-08-2026
Maharashtra,Nagpur,APMC Hingna,Vegetables,Tomato,Local,Local,"1,500.00","2,500.00","2,000.00",Rs./Quintal,04-08-2026
Maharashtra,Nagpur,APMC Hingna,Vegetables,Tomato,Local,Local,"1,800.00","2,500.00","2,061.00",Rs./Quintal,03-08-2026
Maharashtra,Nagpur,APMC Hingna,Vegetables,Tomato,Local,Local,"1,500.00","2,000.00","1,812.00",Rs./Quintal,01-08-2026
Maharashtra,Nagpur,APMC Hingna,Vegetables,Tomato,Local,Local,"1,000.00","2,000.00","1,800.00",Rs./Quintal,31-07-2026
Maharashtra,Nagpur,APMC Hingna,Vegetables,Tomato,Local,Local,"1,500.00","2,000.00","1,812.00",Rs./Quintal,30-07-2026
Maharashtra,Nagpur,APMC Hingna,Vegetables,Tomato,Local,Local,"2,000.00","2,250.00","2,062.00",Rs./Quintal,29-07-2026
Maharashtra,Nagpur,APMC Hingna,Vegetables,Tomato,Local,Local,"2,000.00","2,500.00","2,250.00",Rs./Quintal,28-07-2026
Maharashtra,Nagpur,APMC Hingna,Vegetables,Tomato,Local,Local,"2,000.00","2,500.00","2,250.00",Rs./Quintal,27-07-2026
Maharashtra,Nagpur,APMC Hingna,Vegetables,Tomato,Local,Local,"1,500.00","2,000.00","1,833.00",Rs./Quintal,25-07-2026
Maharashtra,Nagpur,APMC Hingna,Vegetables,Tomato,Local,Local,"1,500.00","2,000.00","1,766.00",Rs./Quintal,24-07-2026
Maharashtra,Nagpur,APMC Hingna,Vegetables,Tomato,Local,Local,"1,750.00","1,750.00","1,750.00",Rs./Quintal,23-07-2026
Maharashtra,Nagpur,APMC Hingna,Vegetables,Tomato,Local,Local,"1,700.00","2,000.00","1,816.00",Rs./Quintal,22-07-2026
Maharashtra,Nagpur,APMC Hingna,Vegetables,Tomato,Local,Local,"2,000.00","2,250.00","2,041.00",Rs./Quintal,21-07-2026
Maharashtra,Nagpur,APMC Hingna,Vegetables,Tomato,Local,Local,"1,500.00","3,000.00","2,222.00",Rs./Quintal,20-07-2026
Maharashtra,Nagpur,APMC Hingna,Vegetables,Tomato,Local,Local,"1,500.00","3,000.00","2,208.00",Rs./Quintal,18-07-2026
Maharashtra,Nagpur,APMC Hingna,Vegetables,Tomato,Local,Local,"1,700.00","2,500.00","2,180.00",Rs./Quintal,17-07-2026
Maharashtra,Nagpur,APMC Hingna,Vegetables,Tomato,Local,Local,"2,000.00","3,000.00","2,500.00",Rs./Quintal,16-07-2026
Maharashtra,Nagpur,APMC Hingna,Vegetables,Tomato,Local,Local,"2,500.00","4,000.00","2,958.00",Rs./Quintal,15-07-2026
Maharashtra,Nagpur,APMC Hingna,Vegetables,Tomato,Local,Local,"2,000.00","3,000.00","2,400.00",Rs./Quintal,14-07-2026
Maharashtra,Nagpur,APMC Hingna,Vegetables,Tomato,Local,Local,"2,000.00","3,000.00","2,464.00",Rs./Quintal,13-07-2026
Maharashtra,Nagpur,APMC Hingna,Vegetables,Tomato,Local,Local,"1,800.00","2,750.00","2,175.00",Rs./Quintal,11-07-2026
Maharashtra,Nagpur,APMC Hingna,Vegetables,Tomato,Local,Local,"2,500.00","2,750.00","2,625.00",Rs./Quintal,10-07-2026
Maharashtra,Nagpur,APMC Hingna,Vegetables,Tomato,Local,Local,"1,800.00","2,500.00","2,091.00",Rs./Quintal,09-07-2026
Maharashtra,Nagpur,APMC Hingna,Vegetables,Tomato,Local,Local,"2,000.00","2,500.00","2,200.00",Rs./Quintal,08-07-2026
Maharashtra,Nagpur,APMC Hingna,Vegetables,Tomato,Local,Local,"2,000.00","2,500.00","2,125.00",Rs./Quintal,07-07-2026
Maharashtra,Nagpur,APMC Hingna,Vegetables,Tomato,Local,Local,"1,800.00","3,000.00","2,265.00",Rs./Quintal,06-07-2026
Maharashtra,Nagpur,APMC Hingna,Vegetables,Tomato,Local,Local,"2,000.00","2,250.00","2,100.00",Rs./Quintal,04-07-2026
Maharashtra,Nagpur,APMC Hingna,Vegetables,Tomato,Local,Local,"2,500.00","3,000.00","2,833.00",Rs./Quintal,03-07-2026
Maharashtra,Nagpur,APMC Hingna,Vegetables,Tomato,Local,Local,"3,000.00","3,250.00","3,083.00",Rs./Quintal,02-07-2026
Maharashtra,Nagpur,APMC Hingna,Vegetables,Tomato,Local,Local,"2,000.00","3,500.00","2,870.00",Rs./Quintal,01-07-2026
Maharashtra,Nagpur,APMC Hingna,Vegetables,Tomato,Local,Local,"1,250.00","2,750.00","2,175.00",Rs./Quintal,30-06-2026
Maharashtra,Nagpur,APMC Hingna,Vegetables,Tomato,Local,Local,"2,000.00","2,600.00","2,331.00",Rs./Quintal,29-06-2026
Maharashtra,Nagpur,APMC Hingna,Vegetables,Tomato,Local,Local,"1,000.00","3,000.00","2,406.00",Rs./Quintal,27-06-2026
Maharashtra,Nagpur,APMC Hingna,Vegetables,Tomato,Local,Local,"2,000.00","3,000.00","2,475.00",Rs./Quintal,26-06-2026
Maharashtra,Nagpur,APMC Hingna,Vegetables,Tomato,Local,Local,"2,500.00","2,500.00","2,500.00",Rs./Quintal,25-06-2026
Maharashtra,Nagpur,APMC Hingna,Vegetables,Tomato,Local,Local,"1,000.00","4,000.00","2,906.00",Rs./Quintal,24-06-2026
Maharashtra,Nagpur,APMC Hingna,Vegetables,Tomato,Local,Local,"3,500.00","4,000.00","3,750.00",Rs./Quintal,23-06-2026
Maharashtra,Nagpur,APMC Hingna,Vegetables,Tomato,Local,Local,"2,000.00","4,250.00","3,500.00",Rs./Quintal,22-06-2026
Maharashtra,Nagpur,APMC Hingna,Vegetables,Tomato,Local,Local,"1,000.00","4,000.00","2,975.00",Rs./Quintal,20-06-2026
Maharashtra,Nagpur,APMC Hingna,Vegetables,Tomato,Local,Local,"1,250.00","3,260.00","2,503.00",Rs./Quintal,19-06-2026
Maharashtra,Nagpur,APMC Hingna,Vegetables,Tomato,Local,Local,"1,500.00","3,000.00","2,500.00",Rs./Quintal,18-06-2026
Maharashtra,Nagpur,APMC Hingna,Vegetables,Tomato,Local,Local,"1,000.00","4,000.00","3,083.00",Rs./Quintal,17-06-2026
Maharashtra,Nagpur,APMC Hingna,Vegetables,Tomato,Local,Local,"1,500.00","5,000.00","3,704.00",Rs./Quintal,16-06-2026
Maharashtra,Nagpur,APMC Hingna,Vegetables,Tomato,Local,Local,"1,500.00","5,000.00","3,566.00",Rs./Quintal,15-06-2026
Maharashtra,Nagpur,APMC Hingna,Vegetables,Tomato,Local,Local,"1,250.00","5,000.00","3,436.00",Rs./Quintal,13-06-2026
Maharashtra,Nagpur,APMC Hingna,Vegetables,Tomato,Local,Local,"1,500.00","5,500.00","3,458.00",Rs./Quintal,12-06-2026
Maharashtra,Nagpur,APMC Hingna,Vegetables,Tomato,Local,Local,"2,000.00","5,100.00","4,033.00",Rs./Quintal,11-06-2026
Maharashtra,Nagpur,APMC Hingna,Vegetables,Tomato,Local,Local,"5,000.00","5,750.00","5,416.00",Rs./Quintal,10-06-2026
Maharashtra,Nagpur,APMC Hingna,Vegetables,Tomato,Local,Local,"2,000.00","5,600.00","4,525.00",Rs./Quintal,09-06-2026
Maharashtra,Nagpur,APMC Hingna,Vegetables,Tomato,Local,Local,"1,500.00","5,500.00","4,021.00",Rs./Quintal,08-06-2026
Maharashtra,Nagpur,APMC Hingna,Vegetables,Tomato,Local,Local,"1,000.00","4,500.00","3,107.00",Rs./Quintal,06-06-2026
Maharashtra,Nagpur,APMC Hingna,Vegetables,Tomato,Local,Local,"2,000.00","3,000.00","2,600.00",Rs./Quintal,05-06-2026
Maharashtra,Nagpur,APMC Hingna,Vegetables,Tomato,Local,Local,500.00,"5,000.00","2,683.00",Rs./Quintal,04-06-2026
Maharashtra,Nagpur,APMC Hingna,Vegetables,Tomato,Local,Local,500.00,"3,250.00","2,293.00",Rs./Quintal,03-06-2026
Maharashtra,Nagpur,APMC Hingna,Vegetables,Tomato,Local,Local,"2,500.00","3,250.00","2,812.00",Rs./Quintal,02-06-2026
Maharashtra,Nagpur,APMC Hingna,Vegetables,Tomato,Local,Local,"1,000.00","3,500.00","2,680.00",Rs./Quintal,01-06-2026
Maharashtra,Nagpur,APMC Hingna,Vegetables,Tomato,Local,Local,"2,500.00","3,000.00","2,625.00",Rs./Quintal,30-05-2026
Maharashtra,Nagpur,APMC Hingna,Vegetables,Tomato,Local,Local,"2,500.00","3,000.00","2,714.00",Rs./Quintal,29-05-2026
Maharashtra,Nagpur,APMC Hingna,Vegetables,Tomato,Local,Local,"1,250.00","4,000.00","2,979.00",Rs./Quintal,27-05-2026
Maharashtra,Nagpur,APMC Hingna,Vegetables,Tomato,Local,Local,"1,250.00","3,500.00","2,625.00",Rs./Quintal,26-05-2026
Maharashtra,Nagpur,APMC Hingna,Vegetables,Tomato,Local,Local,"1,000.00","3,250.00","2,426.00",Rs./Quintal,25-05-2026
Maharashtra,Nagpur,APMC Hingna,Vegetables,Tomato,Local,Local,"1,000.00","2,250.00","1,783.00",Rs./Quintal,23-05-2026
Maharashtra,Nagpur,APMC Hingna,Vegetables,Tomato,Local,Local,500.00,"2,500.00","1,590.00",Rs./Quintal,22-05-2026
Maharashtra,Nagpur,APMC Hingna,Vegetables,Tomato,Local,Local,500.00,"3,000.00","2,000.00",Rs./Quintal,21-05-2026
Maharashtra,Nagpur,APMC Hingna,Vegetables,Tomato,Local,Local,600.00,"3,000.00","2,041.00",Rs./Quintal,20-05-2026
Maharashtra,Nagpur,APMC Hingna,Vegetables,Tomato,Other,Local,500.00,"3,000.00","2,050.00",Rs./Quintal,19-05-2026
Maharashtra,Nagpur,APMC Hingna,Vegetables,Tomato,Local,Local,500.00,"3,500.00","2,376.00",Rs./Quintal,18-05-2026
Maharashtra,Nagpur,APMC Hingna,Vegetables,Tomato,Local,Local,750.00,"3,500.00","2,141.00",Rs./Quintal,16-05-2026
Maharashtra,Nagpur,APMC Hingna,Vegetables,Tomato,Local,Local,500.00,"3,500.00","2,194.00",Rs./Quintal,15-05-2026
Maharashtra,Nagpur,APMC Hingna,Vegetables,Tomato,Local,Local,500.00,"3,500.00","2,106.00",Rs./Quintal,14-05-2026
Maharashtra,Nagpur,APMC Hingna,Vegetables,Tomato,Local,Local,"1,250.00","3,500.00","2,735.00",Rs./Quintal,13-05-2026
Maharashtra,Nagpur,APMC Hingna,Vegetables,Tomato,Local,Local,"1,000.00","3,000.00","2,080.00",Rs./Quintal,12-05-2026
Maharashtra,Nagpur,APMC Hingna,Vegetables,Tomato,Local,Local,750.00,"3,000.00","1,990.00",Rs./Quintal,11-05-2026
Maharashtra,Nagpur,APMC Hingna,Vegetables,Tomato,Local,Local,500.00,"2,250.00","1,512.00",Rs./Quintal,09-05-2026
Maharashtra,Nagpur,APMC Hingna,Vegetables,Tomato,Local,Local,700.00,"2,250.00","1,589.00",Rs./Quintal,08-05-2026
Maharashtra,Nagpur,APMC Hingna,Vegetables,Tomato,Local,Local,750.00,"3,000.00","1,835.00",Rs./Quintal,07-05-2026
Maharashtra,Nagpur,APMC Hingna,Vegetables,Tomato,Local,Local,"1,000.00","3,600.00","1,802.00",Rs./Quintal,06-05-2026
Maharashtra,Nagpur,APMC Hingna,Vegetables,Tomato,Local,Local,500.00,"2,000.00","1,585.00",Rs./Quintal,05-05-2026
Maharashtra,Nagpur,APMC Hingna,Vegetables,Tomato,Local,Local,500.00,"2,500.00","1,567.00",Rs./Quintal,04-05-2026
Maharashtra,Nagpur,APMC Hingna,Vegetables,Tomato,Local,Local,575.00,"2,500.00","1,805.00",Rs./Quintal,02-05-2026
Maharashtra,Nagpur,APMC Hingna,Vegetables,Tomato,Local,Local,750.00,"2,500.00","1,589.00",Rs./Quintal,30-04-2026
Maharashtra,Nagpur,APMC Hingna,Vegetables,Tomato,Local,Local,400.00,"3,000.00","1,650.00",Rs./Quintal,29-04-2026
Maharashtra,Nagpur,APMC Hingna,Vegetables,Tomato,Local,Local,500.00,"3,000.00","1,870.00",Rs./Quintal,28-04-2026
Maharashtra,Nagpur,APMC Hingna,Vegetables,Tomato,Local,Local,400.00,"3,000.00","1,752.00",Rs./Quintal,27-04-2026
Maharashtra,Nagpur,APMC Hingna,Vegetables,Tomato,Local,Local,500.00,"2,500.00","1,115.00",Rs./Quintal,25-04-2026
Maharashtra,Nagpur,APMC Hingna,Vegetables,Tomato,Local,Local,500.00,"2,000.00","1,274.00",Rs./Quintal,24-04-2026
Maharashtra,Nagpur,APMC Hingna,Vegetables,Tomato,Local,Local,500.00,"2,500.00","1,525.00",Rs./Quintal,23-04-2026
Maharashtra,Nagpur,APMC Hingna,Vegetables,Tomato,Local,Local,250.00,"2,000.00","1,071.00",Rs./Quintal,22-04-2026
Maharashtra,Nagpur,APMC Hingna,Vegetables,Tomato,Local,Local,500.00,"2,500.00","1,393.00",Rs./Quintal,21-04-2026
Maharashtra,Nagpur,APMC Hingna,Vegetables,Tomato,Local,Local,750.00,"2,750.00","1,794.00",Rs./Quintal,20-04-2026
Maharashtra,Nagpur,APMC Hingna,Vegetables,Tomato,Local,Local,350.00,"3,150.00","1,408.00",Rs./Quintal,18-04-2026
Maharashtra,Nagpur,APMC Hingna,Vegetables,Tomato,Local,Local,500.00,"2,250.00","1,447.00",Rs./Quintal,17-04-2026
Maharashtra,Nagpur,APMC Hingna,Vegetables,Tomato,Local,Local,500.00,"2,000.00","1,167.00",Rs./Quintal,16-04-2026
Maharashtra,Nagpur,APMC Hingna,Vegetables,Tomato,Local,Local,600.00,"2,250.00","1,307.00",Rs./Quintal,15-04-2026
Maharashtra,Nagpur,APMC Hingna,Vegetables,Tomato,Local,Local,500.00,"2,000.00","1,224.00",Rs./Quintal,14-04-2026
Maharashtra,Nagpur,APMC Hingna,Vegetables,Tomato,Local,Local,400.00,"1,900.00","1,194.00",Rs./Quintal,13-04-2026
Maharashtra,Nagpur,APMC Hingna,Vegetables,Tomato,Local,Local,350.00,"2,000.00",994.00,Rs./Quintal,11-04-2026
Maharashtra,Nagpur,APMC Hingna,Vegetables,Tomato,Local,Local,250.00,"1,500.00",717.00,Rs./Quintal,10-04-2026
Maharashtra,Nagpur,APMC Hingna,Vegetables,Tomato,Local,Local,250.00,"1,250.00",740.00,Rs./Quintal,09-04-2026
Maharashtra,Nagpur,APMC Hingna,Vegetables,Tomato,Local,Local,400.00,"1,100.00",806.00,Rs./Quintal,08-04-2026
Maharashtra,Nagpur,APMC Hingna,Vegetables,Tomato,Local,Local,100.00,"1,500.00",909.00,Rs./Quintal,07-04-2026
Maharashtra,Nagpur,APMC Hingna,Vegetables,Tomato,Local,Local,400.00,"2,000.00",960.00,Rs./Quintal,06-04-2026
Maharashtra,Nagpur,APMC Hingna,Vegetables,Tomato,Local,Local,266.00,"1,000.00",676.00,Rs./Quintal,04-04-2026
Maharashtra,Nagpur,APMC Hingna,Vegetables,Tomato,Local,Local,250.00,"1,000.00",673.00,Rs./Quintal,02-04-2026
Maharashtra,Nagpur,APMC Hingna,Vegetables,Tomato,Local,Local,250.00,"1,350.00",808.00,Rs./Quintal,01-04-2026
Maharashtra,Nagpur,APMC Hingna,Vegetables,Tomato,Local,Local,250.00,"1,000.00",766.00,Rs./Quintal,31-03-2026
Maharashtra,Nagpur,APMC Hingna,Vegetables,Tomato,Local,Local,200.00,"1,400.00",672.00,Rs./Quintal,30-03-2026
Maharashtra,Nagpur,APMC Hingna,Vegetables,Tomato,Local,Local,400.00,"2,000.00",853.00,Rs./Quintal,27-03-2026
Maharashtra,Nagpur,APMC Hingna,Vegetables,Tomato,Local,Local,280.00,"2,000.00",651.00,Rs./Quintal,25-03-2026
Maharashtra,Nagpur,APMC Hingna,Vegetables,Tomato,Local,Local,250.00,800.00,567.00,Rs./Quintal,24-03-2026
Maharashtra,Nagpur,APMC Hingna,Vegetables,Tomato,Local,Local,220.00,"1,250.00",551.00,Rs./Quintal,23-03-2026
Maharashtra,Nagpur,APMC Hingna,Vegetables,Tomato,Local,Local,240.00,"2,500.00",644.00,Rs./Quintal,20-03-2026
Maharashtra,Nagpur,APMC Hingna,Vegetables,Tomato,Local,Local,375.00,"1,000.00",659.00,Rs./Quintal,18-03-2026
Maharashtra,Nagpur,APMC Hingna,Vegetables,Tomato,Local,Local,250.00,"2,000.00",854.00,Rs./Quintal,17-03-2026
Maharashtra,Nagpur,APMC Hingna,Vegetables,Tomato,Local,Local,400.00,"2,000.00",833.00,Rs./Quintal,16-03-2026
Maharashtra,Nagpur,APMC Hingna,Vegetables,Tomato,Local,Local,500.00,"1,148.00",786.00,Rs./Quintal,14-03-2026
Maharashtra,Nagpur,APMC Hingna,Vegetables,Tomato,Local,Local,400.00,"2,000.00",946.00,Rs./Quintal,13-03-2026
Maharashtra,Nagpur,APMC Hingna,Vegetables,Tomato,Local,Local,400.00,"2,000.00","1,244.00",Rs./Quintal,09-03-2026
Maharashtra,Nagpur,APMC Hingna,Vegetables,Tomato,Local,Local,250.00,"2,000.00",876.00,Rs./Quintal,07-03-2026
Maharashtra,Nagpur,APMC Hingna,Vegetables,Tomato,Local,Local,400.00,"2,000.00",842.00,Rs./Quintal,06-03-2026
Maharashtra,Nagpur,APMC Hingna,Vegetables,Tomato,Local,Local,500.00,"1,000.00",840.00,Rs./Quintal,05-03-2026
Maharashtra,Nagpur,APMC Hingna,Vegetables,Tomato,Local,Local,250.00,"1,000.00",711.00,Rs./Quintal,04-03-2026
Maharashtra,Nagpur,APMC Hingna,Vegetables,Tomato,Local,Local,250.00,"1,000.00",643.00,Rs./Quintal,27-02-2026
Maharashtra,Nagpur,APMC Hingna,Vegetables,Tomato,Local,Local,400.00,"1,250.00",798.00,Rs./Quintal,26-02-2026
Maharashtra,Nagpur,APMC Hingna,Vegetables,Tomato,Local,Local,350.00,"2,000.00",788.00,Rs./Quintal,25-02-2026
Maharashtra,Nagpur,APMC Hingna,Vegetables,Tomato,Local,Local,280.00,"2,000.00",710.00,Rs./Quintal,24-02-2026
Maharashtra,Nagpur,APMC Hingna,Vegetables,Tomato,Local,Local,250.00,"2,000.00",706.00,Rs./Quintal,23-02-2026
Maharashtra,Nagpur,APMC Hingna,Vegetables,Tomato,Local,Local,250.00,"1,500.00",678.00,Rs./Quintal,21-02-2026
Maharashtra,Nagpur,APMC Hingna,Vegetables,Tomato,Local,Local,400.00,"1,000.00",660.00,Rs./Quintal,20-02-2026
Maharashtra,Nagpur,APMC Hingna,Vegetables,Tomato,Local,Local,280.00,"1,500.00",810.00,Rs./Quintal,19-02-2026
Maharashtra,Nagpur,APMC Hingna,Vegetables,Tomato,Local,Local,518.00,"2,000.00","1,322.00",Rs./Quintal,17-02-2026
Maharashtra,Nagpur,APMC Hingna,Vegetables,Tomato,Local,Local,250.00,"2,000.00",715.00,Rs./Quintal,16-02-2026
Maharashtra,Nagpur,APMC Hingna,Vegetables,Tomato,Local,Local,200.00,"2,000.00",712.00,Rs./Quintal,13-02-2026
Maharashtra,Nagpur,APMC Hingna,Vegetables,Tomato,Local,Local,150.00,"1,000.00",610.00,Rs./Quintal,12-02-2026
Maharashtra,Nagpur,APMC Hingna,Vegetables,Tomato,Local,Local,350.00,"2,000.00",734.00,Rs./Quintal,11-02-2026
Maharashtra,Nagpur,APMC Hingna,Vegetables,Tomato,Local,Local,350.00,"1,250.00",904.00,Rs./Quintal,10-02-2026
Maharashtra,Nagpur,APMC Hingna,Vegetables,Tomato,Local,Local,250.00,"2,000.00",737.00,Rs./Quintal,09-02-2026
Maharashtra,Nagpur,APMC Hingna,Vegetables,Tomato,Local,Local,350.00,"1,200.00",801.00,Rs./Quintal,07-02-2026
Maharashtra,Nagpur,APMC Hingna,Vegetables,Tomato,Local,Local,400.00,"1,500.00",982.00,Rs./Quintal,06-02-2026
Maharashtra,Nagpur,APMC Hingna,Vegetables,Tomato,Local,Local,500.00,"1,750.00",943.00,Rs./Quintal,05-02-2026
Maharashtra,Nagpur,APMC Hingna,Vegetables,Tomato,Local,Local,300.00,"2,000.00",781.00,Rs./Quintal,04-02-2026
Maharashtra,Nagpur,APMC Hingna,Vegetables,Tomato,Local,Local,400.00,"1,500.00",731.00,Rs./Quintal,03-02-2026
Maharashtra,Nagpur,APMC Hingna,Vegetables,Tomato,Local,Local,150.00,"2,000.00",816.00,Rs./Quintal,02-02-2026
Maharashtra,Nagpur,APMC Hingna,Vegetables,Tomato,Local,Local,500.00,"1,250.00",965.00,Rs./Quintal,30-01-2026
Maharashtra,Nagpur,APMC Hingna,Vegetables,Tomato,Local,Local,400.00,"2,000.00","1,061.00",Rs./Quintal,29-01-2026
Maharashtra,Nagpur,APMC Hingna,Vegetables,Tomato,Local,Local,400.00,"2,500.00","1,138.00",Rs./Quintal,28-01-2026
Maharashtra,Nagpur,APMC Hingna,Vegetables,Tomato,Local,Local,500.00,"3,000.00","1,361.00",Rs./Quintal,27-01-2026
Maharashtra,Nagpur,APMC Hingna,Vegetables,Tomato,Local,Local,500.00,"3,500.00","2,315.00",Rs./Quintal,23-01-2026
Maharashtra,Nagpur,APMC Hingna,Vegetables,Tomato,Local,Local,"1,000.00","3,000.00","2,226.00",Rs./Quintal,22-01-2026
Maharashtra,Nagpur,APMC Hingna,Vegetables,Tomato,Local,Local,800.00,"4,250.00","1,771.00",Rs./Quintal,21-01-2026
Maharashtra,Nagpur,APMC Hingna,Vegetables,Tomato,Local,Local,350.00,"4,000.00","2,236.00",Rs./Quintal,19-01-2026
Maharashtra,Nagpur,APMC Hingna,Vegetables,Tomato,Local,Local,"1,250.00","4,500.00","2,804.00",Rs./Quintal,17-01-2026
Maharashtra,Nagpur,APMC Hingna,Vegetables,Tomato,Local,Local,"1,500.00","3,250.00","2,423.00",Rs./Quintal,16-01-2026
Maharashtra,Nagpur,APMC Hingna,Vegetables,Tomato,Local,Local,250.00,"3,500.00","2,462.00",Rs./Quintal,15-01-2026
Maharashtra,Nagpur,APMC Hingna,Vegetables,Tomato,Local,Local,"1,250.00","3,500.00","2,745.00",Rs./Quintal,14-01-2026
Maharashtra,Nagpur,APMC Hingna,Vegetables,Tomato,Local,Local,750.00,"4,250.00","2,647.00",Rs./Quintal,13-01-2026
Maharashtra,Nagpur,APMC Hingna,Vegetables,Tomato,Local,Local,"1,000.00","4,000.00","2,106.00",Rs./Quintal,12-01-2026
Maharashtra,Nagpur,APMC Hingna,Vegetables,Tomato,Local,Local,"1,000.00","3,500.00","1,964.00",Rs./Quintal,10-01-2026
Maharashtra,Nagpur,APMC Hingna,Vegetables,Tomato,Local,Local,500.00,"4,250.00","2,185.00",Rs./Quintal,09-01-2026
Maharashtra,Nagpur,APMC Hingna,Vegetables,Tomato,Local,Local,"1,000.00","3,500.00","2,100.00",Rs./Quintal,08-01-2026
Maharashtra,Nagpur,APMC Hingna,Vegetables,Tomato,Local,Local,"1,000.00","4,000.00","2,683.00",Rs./Quintal,07-01-2026
Maharashtra,Nagpur,APMC Hingna,Vegetables,Tomato,Local,Local,750.00,"4,750.00","3,145.00",Rs./Quintal,05-01-2026
Maharashtra,Nagpur,APMC Hingna,Vegetables,Tomato,Local,Local,"1,250.00","5,000.00","3,692.00",Rs./Quintal,02-01-2026
Maharashtra,Nagpur,APMC Hingna,Vegetables,Tomato,Local,Local,"1,750.00","5,000.00","3,322.00",Rs./Quintal,01-01-2026
Maharashtra,Nagpur,APMC Kalmeshwar ,Vegetables,Tomato,Other,Local,"2,025.00","2,500.00","2,315.00",Rs./Quintal,03-09-2026
Maharashtra,Nagpur,APMC Kalmeshwar ,Vegetables,Tomato,Other,Local,"2,010.00","2,500.00","2,320.00",Rs./Quintal,02-09-2026
Maharashtra,Nagpur,APMC Kalmeshwar ,Vegetables,Tomato,Other,Local,"2,015.00","2,500.00","2,305.00",Rs./Quintal,01-09-2026
Maharashtra,Nagpur,APMC Kalmeshwar ,Vegetables,Tomato,Other,Local,"1,020.00","1,500.00","1,310.00",Rs./Quintal,30-08-2026
Maharashtra,Nagpur,APMC Kalmeshwar ,Vegetables,Tomato,Other,Local,"1,030.00","1,500.00","1,350.00",Rs./Quintal,29-08-2026
Maharashtra,Nagpur,APMC Kalmeshwar ,Vegetables,Tomato,Other,Local,"1,015.00","1,500.00","1,305.00",Rs./Quintal,28-08-2026
Maharashtra,Nagpur,APMC Kalmeshwar ,Vegetables,Tomato,Other,Local,"1,020.00","1,500.00","1,310.00",Rs./Quintal,27-08-2026
Maharashtra,Nagpur,APMC Kalmeshwar ,Vegetables,Tomato,Other,Local,"1,020.00","1,500.00","1,310.00",Rs./Quintal,26-08-2026
Maharashtra,Nagpur,APMC Kalmeshwar ,Vegetables,Tomato,Other,Local,"1,460.00","1,800.00","1,640.00",Rs./Quintal,25-08-2026
Maharashtra,Nagpur,APMC Kalmeshwar ,Vegetables,Tomato,Other,Local,"1,030.00","1,500.00","1,350.00",Rs./Quintal,23-08-2026
Maharashtra,Nagpur,APMC Kalmeshwar ,Vegetables,Tomato,Other,Local,"1,020.00","1,500.00","1,310.00",Rs./Quintal,22-08-2026
Maharashtra,Nagpur,APMC Kalmeshwar ,Vegetables,Tomato,Other,Local,"1,015.00","1,500.00","1,305.00",Rs./Quintal,21-08-2026
Maharashtra,Nagpur,APMC Kalmeshwar ,Vegetables,Tomato,Other,Local,"1,025.00","1,500.00","1,345.00",Rs./Quintal,20-08-2026
Maharashtra,Nagpur,APMC Kalmeshwar ,Vegetables,Tomato,Other,Local,"1,020.00","1,500.00","1,330.00",Rs./Quintal,19-08-2026
Maharashtra,Nagpur,APMC Kalmeshwar ,Vegetables,Tomato,Other,Local,"1,420.00","1,800.00","1,640.00",Rs./Quintal,18-08-2026
Maharashtra,Nagpur,APMC Kalmeshwar ,Vegetables,Tomato,Other,Local,"1,010.00","1,500.00","1,320.00",Rs./Quintal,16-08-2026
Maharashtra,Nagpur,APMC Kalmeshwar ,Vegetables,Tomato,Other,Local,"1,525.00","2,000.00","1,845.00",Rs./Quintal,15-08-2026
Maharashtra,Nagpur,APMC Kalmeshwar ,Vegetables,Tomato,Other,Local,"1,520.00","2,000.00","1,810.00",Rs./Quintal,14-08-2026
Maharashtra,Nagpur,APMC Kalmeshwar ,Vegetables,Tomato,Other,Local,"1,430.00","1,800.00","1,650.00",Rs./Quintal,13-08-2026
Maharashtra,Nagpur,APMC Kalmeshwar ,Vegetables,Tomato,Other,Local,"1,510.00","2,000.00","1,820.00",Rs./Quintal,12-08-2026
Maharashtra,Nagpur,APMC Kalmeshwar ,Vegetables,Tomato,Other,Local,"1,525.00","2,000.00","1,815.00",Rs./Quintal,11-08-2026
Maharashtra,Nagpur,APMC Kalmeshwar ,Vegetables,Tomato,Other,Local,"1,510.00","2,000.00","1,820.00",Rs./Quintal,09-08-2026
Maharashtra,Nagpur,APMC Kalmeshwar ,Vegetables,Tomato,Other,Local,"1,530.00","2,000.00","1,850.00",Rs./Quintal,08-08-2026
Maharashtra,Nagpur,APMC Kalmeshwar ,Vegetables,Tomato,Other,Local,"1,510.00","2,000.00","1,830.00",Rs./Quintal,07-08-2026
Maharashtra,Nagpur,APMC Kalmeshwar ,Vegetables,Tomato,Other,Local,"1,510.00","2,000.00","1,820.00",Rs./Quintal,06-08-2026
Maharashtra,Nagpur,APMC Kalmeshwar ,Vegetables,Tomato,Other,Local,"1,505.00","2,000.00","1,815.00",Rs./Quintal,05-08-2026
Maharashtra,Nagpur,APMC Kalmeshwar ,Vegetables,Tomato,Other,Local,"1,460.00","1,800.00","1,640.00",Rs./Quintal,04-08-2026
Maharashtra,Nagpur,APMC Kalmeshwar ,Vegetables,Tomato,Other,Local,"1,020.00","1,500.00","1,310.00",Rs./Quintal,03-08-2026
Maharashtra,Nagpur,APMC Kalmeshwar ,Vegetables,Tomato,Other,Local,815.00,"1,200.00","1,025.00",Rs./Quintal,01-08-2026
Maharashtra,Nagpur,APMC Kalmeshwar ,Vegetables,Tomato,Other,Local,"1,020.00","1,500.00","1,310.00",Rs./Quintal,31-07-2026
Maharashtra,Nagpur,APMC Kalmeshwar ,Vegetables,Tomato,Other,Local,"1,415.00","1,800.00","1,625.00",Rs./Quintal,30-07-2026
Maharashtra,Nagpur,APMC Kalmeshwar ,Vegetables,Tomato,Other,Local,"1,410.00","1,800.00","1,620.00",Rs./Quintal,29-07-2026
Maharashtra,Nagpur,APMC Kalmeshwar ,Vegetables,Tomato,Other,Local,"1,450.00","1,800.00","1,630.00",Rs./Quintal,28-07-2026
Maharashtra,Nagpur,APMC Kalmeshwar ,Vegetables,Tomato,Other,Local,"1,415.00","1,800.00","1,605.00",Rs./Quintal,26-07-2026
Maharashtra,Nagpur,APMC Kalmeshwar ,Vegetables,Tomato,Other,Local,"1,415.00","1,800.00","1,625.00",Rs./Quintal,25-07-2026
Maharashtra,Nagpur,APMC Kalmeshwar ,Vegetables,Tomato,Other,Local,"1,410.00","1,800.00","1,620.00",Rs./Quintal,24-07-2026
Maharashtra,Nagpur,APMC Kalmeshwar ,Vegetables,Tomato,Other,Local,"1,520.00","2,000.00","1,840.00",Rs./Quintal,23-07-2026
Maharashtra,Nagpur,APMC Kalmeshwar ,Vegetables,Tomato,Other,Local,"1,415.00","1,800.00","1,605.00",Rs./Quintal,22-07-2026
Maharashtra,Nagpur,APMC Kalmeshwar ,Vegetables,Tomato,Other,Local,"1,530.00","2,000.00","1,850.00",Rs./Quintal,21-07-2026
Maharashtra,Nagpur,APMC Kalmeshwar ,Vegetables,Tomato,Other,Local,"1,520.00","2,000.00","1,810.00",Rs./Quintal,19-07-2026
Maharashtra,Nagpur,APMC Kalmeshwar ,Vegetables,Tomato,Other,Local,"2,015.00","2,500.00","2,305.00",Rs./Quintal,18-07-2026
Maharashtra,Nagpur,APMC Kalmeshwar ,Vegetables,Tomato,Other,Local,"2,010.00","2,500.00","2,320.00",Rs./Quintal,17-07-2026
Maharashtra,Nagpur,APMC Kalmeshwar ,Vegetables,Tomato,Other,Local,"2,065.00","2,500.00","2,345.00",Rs./Quintal,16-07-2026
Maharashtra,Nagpur,APMC Kalmeshwar ,Vegetables,Tomato,Other,Local,"1,825.00","2,200.00","2,015.00",Rs./Quintal,15-07-2026
Maharashtra,Nagpur,APMC Kalmeshwar ,Vegetables,Tomato,Other,Local,"2,050.00","2,500.00","2,330.00",Rs./Quintal,14-07-2026
Maharashtra,Nagpur,APMC Kalmeshwar ,Vegetables,Tomato,Other,Local,"1,815.00","2,200.00","2,005.00",Rs./Quintal,12-07-2026
Maharashtra,Nagpur,APMC Kalmeshwar ,Vegetables,Tomato,Other,Local,"1,825.00","2,200.00","2,015.00",Rs./Quintal,11-07-2026
Maharashtra,Nagpur,APMC Kalmeshwar ,Vegetables,Tomato,Other,Local,"1,825.00","2,200.00","2,045.00",Rs./Quintal,10-07-2026
Maharashtra,Nagpur,APMC Kalmeshwar ,Vegetables,Tomato,Other,Local,"2,010.00","2,500.00","2,325.00",Rs./Quintal,09-07-2026
Maharashtra,Nagpur,APMC Kalmeshwar ,Vegetables,Tomato,Other,Local,"2,050.00","3,330.00","2,500.00",Rs./Quintal,08-07-2026
Maharashtra,Nagpur,APMC Kalmeshwar ,Vegetables,Tomato,Other,Local,"2,035.00","2,500.00","2,355.00",Rs./Quintal,07-07-2026
Maharashtra,Nagpur,APMC Kalmeshwar ,Vegetables,Tomato,Other,Local,"2,010.00","2,500.00","2,320.00",Rs./Quintal,05-07-2026
Maharashtra,Nagpur,APMC Kalmeshwar ,Vegetables,Tomato,Other,Local,"2,015.00","2,500.00","2,305.00",Rs./Quintal,04-07-2026
Maharashtra,Nagpur,APMC Kalmeshwar ,Vegetables,Tomato,Other,Local,"1,515.00","2,000.00","1,805.00",Rs./Quintal,03-07-2026
Maharashtra,Nagpur,APMC Kalmeshwar ,Vegetables,Tomato,Other,Local,"2,010.00","2,500.00","2,320.00",Rs./Quintal,02-07-2026
Maharashtra,Nagpur,APMC Kalmeshwar ,Vegetables,Tomato,Other,Local,"2,030.00","2,500.00","2,350.00",Rs./Quintal,01-07-2026
Maharashtra,Nagpur,APMC Kalmeshwar ,Vegetables,Tomato,Other,Local,"2,020.00","2,500.00","2,310.00",Rs./Quintal,30-06-2026
Maharashtra,Nagpur,APMC Kalmeshwar ,Vegetables,Tomato,Other,Local,"2,040.00","2,500.00","2,360.00",Rs./Quintal,28-06-2026
Maharashtra,Nagpur,APMC Kalmeshwar ,Vegetables,Tomato,Other,Local,"2,015.00","2,500.00","2,305.00",Rs./Quintal,27-06-2026
Maharashtra,Nagpur,APMC Kalmeshwar ,Vegetables,Tomato,Other,Local,"2,010.00","2,500.00","2,320.00",Rs./Quintal,26-06-2026
Maharashtra,Nagpur,APMC Kalmeshwar ,Vegetables,Tomato,Other,Local,"2,015.00","2,500.00","2,325.00",Rs./Quintal,25-06-2026
Maharashtra,Nagpur,APMC Kalmeshwar ,Vegetables,Tomato,Other,Local,"2,030.00","2,500.00","2,350.00",Rs./Quintal,24-06-2026
Maharashtra,Nagpur,APMC Kalmeshwar ,Vegetables,Tomato,Other,Local,"2,520.00","3,000.00","2,840.00",Rs./Quintal,23-06-2026
Maharashtra,Nagpur,APMC Kalmeshwar ,Vegetables,Tomato,Other,Local,"3,010.00","3,500.00","3,330.00",Rs./Quintal,21-06-2026
Maharashtra,Nagpur,APMC Kalmeshwar ,Vegetables,Tomato,Other,Local,"2,545.00","3,000.00","2,825.00",Rs./Quintal,20-06-2026
Maharashtra,Nagpur,APMC Kalmeshwar ,Vegetables,Tomato,Other,Local,"3,040.00","3,500.00","3,360.00",Rs./Quintal,19-06-2026
Maharashtra,Nagpur,APMC Kalmeshwar ,Vegetables,Tomato,Other,Local,"2,515.00","3,000.00","2,825.00",Rs./Quintal,18-06-2026
Maharashtra,Nagpur,APMC Kalmeshwar ,Vegetables,Tomato,Other,Local,"2,530.00","3,000.00","2,850.00",Rs./Quintal,17-06-2026
Maharashtra,Nagpur,APMC Kalmeshwar ,Vegetables,Tomato,Other,Local,"3,060.00","3,500.00","3,340.00",Rs./Quintal,16-06-2026
Maharashtra,Nagpur,APMC Kalmeshwar ,Vegetables,Tomato,Other,Local,"2,530.00","3,000.00","2,850.00",Rs./Quintal,14-06-2026
Maharashtra,Nagpur,APMC Kalmeshwar ,Vegetables,Tomato,Other,Local,"3,035.00","3,500.00","3,355.00",Rs./Quintal,13-06-2026
Maharashtra,Nagpur,APMC Kalmeshwar ,Vegetables,Tomato,Other,Local,"3,035.00","3,500.00","3,355.00",Rs./Quintal,12-06-2026
Maharashtra,Nagpur,APMC Kalmeshwar ,Vegetables,Tomato,Other,Local,"2,515.00","3,000.00","2,805.00",Rs./Quintal,11-06-2026
Maharashtra,Nagpur,APMC Kalmeshwar ,Vegetables,Tomato,Other,Local,"2,515.00","3,000.00","2,825.00",Rs./Quintal,10-06-2026
Maharashtra,Nagpur,APMC Kalmeshwar ,Vegetables,Tomato,Other,Local,"2,530.00","3,000.00","2,850.00",Rs./Quintal,09-06-2026
Maharashtra,Nagpur,APMC Kalmeshwar ,Vegetables,Tomato,Other,Local,"2,515.00","3,000.00","2,825.00",Rs./Quintal,07-06-2026
Maharashtra,Nagpur,APMC Kalmeshwar ,Vegetables,Tomato,Other,Local,"2,510.00","3,000.00","2,830.00",Rs./Quintal,06-06-2026
Maharashtra,Nagpur,APMC Kalmeshwar ,Vegetables,Tomato,Other,Local,"2,010.00","2,500.00","2,325.00",Rs./Quintal,05-06-2026
Maharashtra,Nagpur,APMC Kalmeshwar ,Vegetables,Tomato,Other,Local,"2,050.00","2,500.00","2,330.00",Rs./Quintal,04-06-2026
Maharashtra,Nagpur,APMC Kalmeshwar ,Vegetables,Tomato,Other,Local,"2,050.00","2,500.00","2,330.00",Rs./Quintal,03-06-2026
Maharashtra,Nagpur,APMC Kalmeshwar ,Vegetables,Tomato,Other,Local,"2,515.00","3,000.00","2,825.00",Rs./Quintal,02-06-2026
Maharashtra,Nagpur,APMC Kalmeshwar ,Vegetables,Tomato,Other,Local,"2,515.00","3,000.00","2,825.00",Rs./Quintal,31-05-2026
Maharashtra,Nagpur,APMC Kalmeshwar ,Vegetables,Tomato,Other,Local,"2,515.00","3,000.00","2,825.00",Rs./Quintal,30-05-2026
Maharashtra,Nagpur,APMC Kalmeshwar ,Vegetables,Tomato,Other,Local,"2,565.00","3,000.00","2,845.00",Rs./Quintal,29-05-2026
Maharashtra,Nagpur,APMC Kalmeshwar ,Vegetables,Tomato,Other,Local,"2,530.00","3,000.00","2,850.00",Rs./Quintal,28-05-2026
Maharashtra,Nagpur,APMC Kalmeshwar ,Vegetables,Tomato,Other,Local,"2,025.00","2,500.00","2,345.00",Rs./Quintal,27-05-2026
Maharashtra,Nagpur,APMC Kalmeshwar ,Vegetables,Tomato,Other,Local,"2,015.00","2,500.00","2,305.00",Rs./Quintal,26-05-2026
Maharashtra,Nagpur,APMC Kalmeshwar ,Vegetables,Tomato,Other,Local,"2,510.00","3,000.00","2,820.00",Rs./Quintal,24-05-2026
Maharashtra,Nagpur,APMC Kalmeshwar ,Vegetables,Tomato,Other,Local,"2,560.00","3,000.00","2,840.00",Rs./Quintal,23-05-2026
Maharashtra,Nagpur,APMC Kalmeshwar ,Vegetables,Tomato,Other,Local,"2,015.00","2,500.00","2,305.00",Rs./Quintal,22-05-2026
Maharashtra,Nagpur,APMC Kalmeshwar ,Vegetables,Tomato,Other,Local,"2,030.00","2,500.00","2,350.00",Rs./Quintal,21-05-2026
Maharashtra,Nagpur,APMC Kalmeshwar ,Vegetables,Tomato,Other,Local,"2,560.00","3,000.00","2,840.00",Rs./Quintal,20-05-2026
Maharashtra,Nagpur,APMC Kalmeshwar ,Vegetables,Tomato,Other,Local,"2,010.00","2,500.00","2,330.00",Rs./Quintal,17-05-2026
Maharashtra,Nagpur,APMC Kalmeshwar ,Vegetables,Tomato,Other,Local,255.00,"3,000.00","2,865.00",Rs./Quintal,16-05-2026
Maharashtra,Nagpur,APMC Kalmeshwar ,Vegetables,Tomato,Other,Local,"2,020.00","2,500.00","2,340.00",Rs./Quintal,15-05-2026
Maharashtra,Nagpur,APMC Kalmeshwar ,Vegetables,Tomato,Other,Local,"2,015.00","2,500.00","2,305.00",Rs./Quintal,14-05-2026
Maharashtra,Nagpur,APMC Kalmeshwar ,Vegetables,Tomato,Other,Local,"2,010.00","2,500.00","2,320.00",Rs./Quintal,13-05-2026
Maharashtra,Nagpur,APMC Kalmeshwar ,Vegetables,Tomato,Other,Local,"2,015.00","2,500.00","2,325.00",Rs./Quintal,12-05-2026
Maharashtra,Nagpur,APMC Kalmeshwar ,Vegetables,Tomato,Other,Local,"2,025.00","2,500.00","2,315.00",Rs./Quintal,10-05-2026
Maharashtra,Nagpur,APMC Kalmeshwar ,Vegetables,Tomato,Other,Local,"2,015.00","2,500.00","2,305.00",Rs./Quintal,09-05-2026
Maharashtra,Nagpur,APMC Kalmeshwar ,Vegetables,Tomato,Other,Local,"2,055.00","2,500.00","2,335.00",Rs./Quintal,08-05-2026
Maharashtra,Nagpur,APMC Kalmeshwar ,Vegetables,Tomato,Other,Local,"2,030.00","2,500.00","2,350.00",Rs./Quintal,07-05-2026
Maharashtra,Nagpur,APMC Kalmeshwar ,Vegetables,Tomato,Other,Local,"2,015.00","2,500.00","2,305.00",Rs./Quintal,06-05-2026
Maharashtra,Nagpur,APMC Kalmeshwar ,Vegetables,Tomato,Other,Local,"2,020.00","2,500.00","2,340.00",Rs./Quintal,05-05-2026
Maharashtra,Nagpur,APMC Kalmeshwar ,Vegetables,Tomato,Other,Local,"2,010.00","2,500.00","2,320.00",Rs./Quintal,03-05-2026
Maharashtra,Nagpur,APMC Kalmeshwar ,Vegetables,Tomato,Other,Local,"2,030.00","2,500.00","2,350.00",Rs./Quintal,02-05-2026
Maharashtra,Nagpur,APMC Kalmeshwar ,Vegetables,Tomato,Other,Local,"2,015.00","2,500.00","2,305.00",Rs./Quintal,01-05-2026
Maharashtra,Nagpur,APMC Kalmeshwar ,Vegetables,Tomato,Other,Local,"1,515.00","2,000.00","1,805.00",Rs./Quintal,30-04-2026
Maharashtra,Nagpur,APMC Kalmeshwar ,Vegetables,Tomato,Other,Local,"1,510.00","2,000.00","1,820.00",Rs./Quintal,29-04-2026
Maharashtra,Nagpur,APMC Kalmeshwar ,Vegetables,Tomato,Other,Local,"1,505.00","2,000.00","1,815.00",Rs./Quintal,28-04-2026
Maharashtra,Nagpur,APMC Kalmeshwar ,Vegetables,Tomato,Other,Local,"1,010.00","1,500.00","1,310.00",Rs./Quintal,26-04-2026
Maharashtra,Nagpur,APMC Kalmeshwar ,Vegetables,Tomato,Other,Local,"1,015.00","1,500.00","1,305.00",Rs./Quintal,25-04-2026
Maharashtra,Nagpur,APMC Kalmeshwar ,Vegetables,Tomato,Other,Local,"1,015.00","1,500.00","1,305.00",Rs./Quintal,24-04-2026
Maharashtra,Nagpur,APMC Kalmeshwar ,Vegetables,Tomato,Other,Local,"1,015.00","1,500.00","1,305.00",Rs./Quintal,23-04-2026
Maharashtra,Nagpur,APMC Kalmeshwar ,Vegetables,Tomato,Other,Local,"1,010.00","1,500.00","1,320.00",Rs./Quintal,22-04-2026
Maharashtra,Nagpur,APMC Kalmeshwar ,Vegetables,Tomato,Other,Local,"1,015.00","1,500.00","1,305.00",Rs./Quintal,21-04-2026
Maharashtra,Nagpur,APMC Kalmeshwar ,Vegetables,Tomato,Other,Local,"1,020.00","1,500.00","1,310.00",Rs./Quintal,19-04-2026
Maharashtra,Nagpur,APMC Kalmeshwar ,Vegetables,Tomato,Other,Local,"1,010.00","1,500.00","1,320.00",Rs./Quintal,18-04-2026
Maharashtra,Nagpur,APMC Kalmeshwar ,Vegetables,Tomato,Other,Local,"1,015.00","1,500.00","1,305.00",Rs./Quintal,17-04-2026
Maharashtra,Nagpur,APMC Kalmeshwar ,Vegetables,Tomato,Other,Local,"1,020.00","1,500.00","1,340.00",Rs./Quintal,16-04-2026
Maharashtra,Nagpur,APMC Kalmeshwar ,Vegetables,Tomato,Other,Local,810.00,"1,200.00","1,020.00",Rs./Quintal,15-04-2026
Maharashtra,Nagpur,APMC Kalmeshwar ,Vegetables,Tomato,Other,Local,815.00,"1,200.00","1,025.00",Rs./Quintal,14-04-2026
Maharashtra,Nagpur,APMC Kalmeshwar ,Vegetables,Tomato,Other,Local,810.00,"1,200.00","1,030.00",Rs./Quintal,12-04-2026
Maharashtra,Nagpur,APMC Kalmeshwar ,Vegetables,Tomato,Other,Local,815.00,"1,200.00","1,005.00",Rs./Quintal,11-04-2026
Maharashtra,Nagpur,APMC Kalmeshwar ,Vegetables,Tomato,Other,Local,810.00,"1,200.00","1,020.00",Rs./Quintal,10-04-2026
Maharashtra,Nagpur,APMC Kalmeshwar ,Vegetables,Tomato,Other,Local,815.00,"1,200.00","1,005.00",Rs./Quintal,09-04-2026
Maharashtra,Nagpur,APMC Kalmeshwar ,Vegetables,Tomato,Other,Local,610.00,"1,000.00",820.00,Rs./Quintal,08-04-2026
Maharashtra,Nagpur,APMC Kalmeshwar ,Vegetables,Tomato,Other,Local,620.00,"1,000.00",840.00,Rs./Quintal,07-04-2026
Maharashtra,Nagpur,APMC Kalmeshwar ,Vegetables,Tomato,Other,Local,410.00,800.00,620.00,Rs./Quintal,05-04-2026
Maharashtra,Nagpur,APMC Kalmeshwar ,Vegetables,Tomato,Other,Local,415.00,800.00,605.00,Rs./Quintal,04-04-2026
Maharashtra,Nagpur,APMC Kalmeshwar ,Vegetables,Tomato,Other,Local,410.00,800.00,620.00,Rs./Quintal,03-04-2026
Maharashtra,Nagpur,APMC Kalmeshwar ,Vegetables,Tomato,Other,Local,405.00,800.00,615.00,Rs./Quintal,02-04-2026
Maharashtra,Nagpur,APMC Kalmeshwar ,Vegetables,Tomato,Other,Local,615.00,"1,000.00",805.00,Rs./Quintal,01-04-2026
Maharashtra,Nagpur,APMC Kalmeshwar ,Vegetables,Tomato,Other,Local,610.00,"1,000.00",820.00,Rs./Quintal,31-03-2026
Maharashtra,Nagpur,APMC Kalmeshwar ,Vegetables,Tomato,Other,Local,615.00,"1,000.00",825.00,Rs./Quintal,29-03-2026
Maharashtra,Nagpur,APMC Kalmeshwar ,Vegetables,Tomato,Other,Local,610.00,"1,000.00",820.00,Rs./Quintal,28-03-2026
Maharashtra,Nagpur,APMC Kalmeshwar ,Vegetables,Tomato,Other,Local,625.00,"1,000.00",815.00,Rs./Quintal,27-03-2026
Maharashtra,Nagpur,APMC Kalmeshwar ,Vegetables,Tomato,Other,Local,615.00,"1,000.00",805.00,Rs./Quintal,25-03-2026
Maharashtra,Nagpur,APMC Kalmeshwar ,Vegetables,Tomato,Other,Local,610.00,"1,000.00",820.00,Rs./Quintal,24-03-2026
Maharashtra,Nagpur,APMC Kalmeshwar ,Vegetables,Tomato,Other,Local,625.00,"1,000.00",815.00,Rs./Quintal,22-03-2026
Maharashtra,Nagpur,APMC Kalmeshwar ,Vegetables,Tomato,Other,Local,815.00,"1,200.00","1,025.00",Rs./Quintal,20-03-2026
Maharashtra,Nagpur,APMC Kalmeshwar ,Vegetables,Tomato,Other,Local,810.00,"1,200.00","1,020.00",Rs./Quintal,19-03-2026
Maharashtra,Nagpur,APMC Kalmeshwar ,Vegetables,Tomato,Other,Local,815.00,"1,200.00","1,025.00",Rs./Quintal,18-03-2026
Maharashtra,Nagpur,APMC Kalmeshwar ,Vegetables,Tomato,Other,Local,810.00,"1,200.00","1,020.00",Rs./Quintal,17-03-2026
Maharashtra,Nagpur,APMC Kalmeshwar ,Vegetables,Tomato,Other,Local,850.00,"1,200.00","1,030.00",Rs./Quintal,15-03-2026
Maharashtra,Nagpur,APMC Kalmeshwar ,Vegetables,Tomato,Other,Local,815.00,"1,200.00","1,025.00",Rs./Quintal,14-03-2026
Maharashtra,Nagpur,APMC Kalmeshwar ,Vegetables,Tomato,Other,Local,840.00,"1,200.00","1,020.00",Rs./Quintal,13-03-2026
Maharashtra,Nagpur,APMC Kalmeshwar ,Vegetables,Tomato,Other,Local,820.00,"1,200.00","1,010.00",Rs./Quintal,12-03-2026
Maharashtra,Nagpur,APMC Kalmeshwar ,Vegetables,Tomato,Other,Local,615.00,"1,000.00",825.00,Rs./Quintal,11-03-2026
Maharashtra,Nagpur,APMC Kalmeshwar ,Vegetables,Tomato,Other,Local,810.00,"1,200.00","1,020.00",Rs./Quintal,10-03-2026
Maharashtra,Nagpur,APMC Kalmeshwar ,Vegetables,Tomato,Other,Local,615.00,"1,000.00",805.00,Rs./Quintal,08-03-2026
Maharashtra,Nagpur,APMC Kalmeshwar ,Vegetables,Tomato,Other,Local,615.00,"1,000.00",825.00,Rs./Quintal,07-03-2026
Maharashtra,Nagpur,APMC Kalmeshwar ,Vegetables,Tomato,Other,Local,615.00,"1,000.00",825.00,Rs./Quintal,06-03-2026
Maharashtra,Nagpur,APMC Kalmeshwar ,Vegetables,Tomato,Other,Local,615.00,"1,000.00",825.00,Rs./Quintal,05-03-2026
Maharashtra,Nagpur,APMC Kalmeshwar ,Vegetables,Tomato,Other,Local,820.00,"1,200.00","1,010.00",Rs./Quintal,04-03-2026
Maharashtra,Nagpur,APMC Kalmeshwar ,Vegetables,Tomato,Other,Local,815.00,"1,200.00","1,025.00",Rs./Quintal,03-03-2026
Maharashtra,Nagpur,APMC Kalmeshwar ,Vegetables,Tomato,Other,Local,620.00,"1,000.00",810.00,Rs./Quintal,01-03-2026
Maharashtra,Nagpur,APMC Kalmeshwar ,Vegetables,Tomato,Other,Local,815.00,"1,200.00","1,025.00",Rs./Quintal,28-02-2026
Maharashtra,Nagpur,APMC Kalmeshwar ,Vegetables,Tomato,Other,Local,820.00,"1,200.00","1,010.00",Rs./Quintal,27-02-2026
Maharashtra,Nagpur,APMC Kalmeshwar ,Vegetables,Tomato,Other,Local,815.00,"1,200.00","1,005.00",Rs./Quintal,26-02-2026
Maharashtra,Nagpur,APMC Kalmeshwar ,Vegetables,Tomato,Other,Local,620.00,"1,000.00",810.00,Rs./Quintal,25-02-2026
Maharashtra,Nagpur,APMC Kalmeshwar ,Vegetables,Tomato,Other,Local,615.00,"1,000.00",825.00,Rs./Quintal,24-02-2026
Maharashtra,Nagpur,APMC Kalmeshwar ,Vegetables,Tomato,Other,Local,610.00,"1,000.00",820.00,Rs./Quintal,22-02-2026
Maharashtra,Nagpur,APMC Kalmeshwar ,Vegetables,Tomato,Other,Local,605.00,"1,000.00",815.00,Rs./Quintal,21-02-2026
Maharashtra,Nagpur,APMC Kalmeshwar ,Vegetables,Tomato,Other,Local,810.00,"1,200.00","1,020.00",Rs./Quintal,20-02-2026
Maharashtra,Nagpur,APMC Kalmeshwar ,Vegetables,Tomato,Other,Local,815.00,"1,200.00","1,025.00",Rs./Quintal,19-02-2026
Maharashtra,Nagpur,APMC Kalmeshwar ,Vegetables,Tomato,Other,Local,610.00,"1,000.00",820.00,Rs./Quintal,18-02-2026
Maharashtra,Nagpur,APMC Kalmeshwar ,Vegetables,Tomato,Other,Local,610.00,"1,000.00",820.00,Rs./Quintal,17-02-2026
Maharashtra,Nagpur,APMC Kalmeshwar ,Vegetables,Tomato,Other,Local,815.00,"1,200.00","1,025.00",Rs./Quintal,15-02-2026
Maharashtra,Nagpur,APMC Kalmeshwar ,Vegetables,Tomato,Other,Local,815.00,"1,200.00","1,025.00",Rs./Quintal,14-02-2026
Maharashtra,Nagpur,APMC Kalmeshwar ,Vegetables,Tomato,Other,Local,820.00,"1,200.00","1,040.00",Rs./Quintal,13-02-2026
Maharashtra,Nagpur,APMC Kalmeshwar ,Vegetables,Tomato,Other,Local,620.00,"1,000.00",810.00,Rs./Quintal,12-02-2026
Maharashtra,Nagpur,APMC Kalmeshwar ,Vegetables,Tomato,Other,Local,615.00,"1,000.00",825.00,Rs./Quintal,11-02-2026
Maharashtra,Nagpur,APMC Kalmeshwar ,Vegetables,Tomato,Other,Local,820.00,"1,200.00","1,040.00",Rs./Quintal,10-02-2026
Maharashtra,Nagpur,APMC Kalmeshwar ,Vegetables,Tomato,Other,Local,610.00,"1,000.00",820.00,Rs./Quintal,08-02-2026
Maharashtra,Nagpur,APMC Kalmeshwar ,Vegetables,Tomato,Other,Local,815.00,"1,200.00","1,005.00",Rs./Quintal,07-02-2026
Maharashtra,Nagpur,APMC Kalmeshwar ,Vegetables,Tomato,Other,Local,810.00,"1,200.00","1,020.00",Rs./Quintal,06-02-2026
Maharashtra,Nagpur,APMC Kalmeshwar ,Vegetables,Tomato,Other,Local,"1,015.00","1,500.00","1,305.00",Rs./Quintal,05-02-2026
Maharashtra,Nagpur,APMC Kalmeshwar ,Vegetables,Tomato,Other,Local,615.00,"1,000.00",825.00,Rs./Quintal,04-02-2026
Maharashtra,Nagpur,APMC Kalmeshwar ,Vegetables,Tomato,Other,Local,610.00,"1,000.00",820.00,Rs./Quintal,03-02-2026
Maharashtra,Nagpur,APMC Kalmeshwar ,Vegetables,Tomato,Other,Local,615.00,"1,000.00",805.00,Rs./Quintal,01-02-2026
Maharashtra,Nagpur,APMC Kalmeshwar ,Vegetables,Tomato,Other,Local,820.00,"1,200.00","1,010.00",Rs./Quintal,31-01-2026
Maharashtra,Nagpur,APMC Kalmeshwar ,Vegetables,Tomato,Other,Local,810.00,"1,200.00","1,020.00",Rs./Quintal,30-01-2026
Maharashtra,Nagpur,APMC Kalmeshwar ,Vegetables,Tomato,Other,Local,"1,020.00","1,500.00","1,310.00",Rs./Quintal,29-01-2026
Maharashtra,Nagpur,APMC Kalmeshwar ,Vegetables,Tomato,Other,Local,"1,015.00","1,500.00","1,305.00",Rs./Quintal,28-01-2026
Maharashtra,Nagpur,APMC Kalmeshwar ,Vegetables,Tomato,Other,Local,"1,020.00","1,500.00","1,330.00",Rs./Quintal,27-01-2026
Maharashtra,Nagpur,APMC Kalmeshwar ,Vegetables,Tomato,Other,Local,"1,015.00","1,500.00","1,305.00",Rs./Quintal,24-01-2026
Maharashtra,Nagpur,APMC Kalmeshwar ,Vegetables,Tomato,Other,Local,"1,045.00","1,500.00","1,325.00",Rs./Quintal,23-01-2026
Maharashtra,Nagpur,APMC Kalmeshwar ,Vegetables,Tomato,Other,Local,"1,010.00","1,500.00","1,320.00",Rs./Quintal,22-01-2026
Maharashtra,Nagpur,APMC Kalmeshwar ,Vegetables,Tomato,Other,Local,"1,015.00","1,500.00","1,305.00",Rs./Quintal,21-01-2026
Maharashtra,Nagpur,APMC Kalmeshwar ,Vegetables,Tomato,Other,Local,"1,530.00","2,000.00","1,850.00",Rs./Quintal,20-01-2026
Maharashtra,Nagpur,APMC Kalmeshwar ,Vegetables,Tomato,Other,Local,"1,515.00","2,000.00","1,805.00",Rs./Quintal,18-01-2026
Maharashtra,Nagpur,APMC Kalmeshwar ,Vegetables,Tomato,Other,Local,"1,520.00","2,000.00","1,840.00",Rs./Quintal,17-01-2026
Maharashtra,Nagpur,APMC Kalmeshwar ,Vegetables,Tomato,Other,Local,"2,020.00","2,500.00","2,310.00",Rs./Quintal,16-01-2026
Maharashtra,Nagpur,APMC Kalmeshwar ,Vegetables,Tomato,Other,Local,"1,415.00","1,800.00","1,605.00",Rs./Quintal,15-01-2026
Maharashtra,Nagpur,APMC Kalmeshwar ,Vegetables,Tomato,Other,Local,"1,520.00","2,000.00","1,810.00",Rs./Quintal,11-01-2026
Maharashtra,Nagpur,APMC Kalmeshwar ,Vegetables,Tomato,Other,Local,"1,530.00","2,000.00","1,850.00",Rs./Quintal,10-01-2026
Maharashtra,Nagpur,APMC Kalmeshwar ,Vegetables,Tomato,Other,Local,"2,025.00","2,500.00","2,315.00",Rs./Quintal,09-01-2026
Maharashtra,Nagpur,APMC Kalmeshwar ,Vegetables,Tomato,Other,Local,"2,010.00","2,500.00","2,320.00",Rs./Quintal,08-01-2026
Maharashtra,Nagpur,APMC Kalmeshwar ,Vegetables,Tomato,Other,Local,"2,510.00","3,000.00","2,750.00",Rs./Quintal,07-01-2026
Maharashtra,Nagpur,APMC Kalmeshwar ,Vegetables,Tomato,Other,Local,"2,520.00","3,000.00","2,810.00",Rs./Quintal,06-01-2026
Maharashtra,Nagpur,APMC Kalmeshwar ,Vegetables,Tomato,Other,Local,"2,525.00","3,000.00","2,845.00",Rs./Quintal,04-01-2026
Maharashtra,Nagpur,APMC Kalmeshwar ,Vegetables,Tomato,Other,Local,"3,030.00","3,500.00","3,350.00",Rs./Quintal,03-01-2026
Maharashtra,Nagpur,APMC Kalmeshwar ,Vegetables,Tomato,Other,Local,"3,040.00","3,500.00","3,320.00",Rs./Quintal,02-01-2026
Maharashtra,Nagpur,APMC Kalmeshwar ,Vegetables,Tomato,Other,Local,"3,045.00","3,500.00","3,325.00",Rs./Quintal,01-01-2026
Maharashtra,Nagpur,APMC Kamthi ,Vegetables,Tomato,Local,Local,"2,000.00","2,500.00","2,350.00",Rs./Quintal,03-09-2026
Maharashtra,Nagpur,APMC Kamthi ,Vegetables,Tomato,Local,Local,"2,000.00","2,500.00","2,350.00",Rs./Quintal,02-09-2026
Maharashtra,Nagpur,APMC Kamthi ,Vegetables,Tomato,Local,Local,"2,000.00","2,500.00","2,350.00",Rs./Quintal,01-09-2026
Maharashtra,Nagpur,APMC Kamthi ,Vegetables,Tomato,Local,Local,"2,000.00","2,500.00","2,350.00",Rs./Quintal,31-08-2026
Maharashtra,Nagpur,APMC Kamthi ,Vegetables,Tomato,Local,Local,"2,000.00","2,500.00","2,350.00",Rs./Quintal,30-08-2026
Maharashtra,Nagpur,APMC Kamthi ,Vegetables,Tomato,Local,Local,"2,000.00","2,500.00","2,350.00",Rs./Quintal,29-08-2026
Maharashtra,Nagpur,APMC Kamthi ,Vegetables,Tomato,Local,Local,"2,000.00","2,500.00","2,450.00",Rs./Quintal,28-08-2026
Maharashtra,Nagpur,APMC Kamthi ,Vegetables,Tomato,Local,Local,"2,000.00","2,500.00","2,400.00",Rs./Quintal,27-08-2026
Maharashtra,Nagpur,APMC Kamthi ,Vegetables,Tomato,Local,Local,"2,000.00","2,500.00","2,450.00",Rs./Quintal,26-08-2026
Maharashtra,Nagpur,APMC Kamthi ,Vegetables,Tomato,Local,Local,"1,500.00","2,000.00","1,800.00",Rs./Quintal,25-08-2026
Maharashtra,Nagpur,APMC Kamthi ,Vegetables,Tomato,Local,Local,"2,060.00","2,560.00","2,310.00",Rs./Quintal,24-08-2026
Maharashtra,Nagpur,APMC Kamthi ,Vegetables,Tomato,Local,Local,"2,040.00","2,540.00","2,290.00",Rs./Quintal,23-08-2026
Maharashtra,Nagpur,APMC Kamthi ,Vegetables,Tomato,Local,Local,"2,520.00","3,020.00","2,770.00",Rs./Quintal,22-08-2026
Maharashtra,Nagpur,APMC Kamthi ,Vegetables,Tomato,Local,Local,"2,060.00","2,560.00","2,310.00",Rs./Quintal,21-08-2026
Maharashtra,Nagpur,APMC Kamthi ,Vegetables,Tomato,Local,Local,"2,020.00","2,520.00","2,270.00",Rs./Quintal,20-08-2026
Maharashtra,Nagpur,APMC Kamthi ,Vegetables,Tomato,Local,Local,"2,040.00","2,540.00","2,290.00",Rs./Quintal,19-08-2026
Maharashtra,Nagpur,APMC Kamthi ,Vegetables,Tomato,Local,Local,"2,520.00","3,020.00","2,770.00",Rs./Quintal,18-08-2026
Maharashtra,Nagpur,APMC Kamthi ,Vegetables,Tomato,Local,Local,"2,040.00","2,540.00","2,290.00",Rs./Quintal,17-08-2026
Maharashtra,Nagpur,APMC Kamthi ,Vegetables,Tomato,Local,Local,"2,030.00","2,530.00","2,280.00",Rs./Quintal,16-08-2026
Maharashtra,Nagpur,APMC Kamthi ,Vegetables,Tomato,Local,Local,"2,060.00","2,560.00","2,310.00",Rs./Quintal,14-08-2026
Maharashtra,Nagpur,APMC Kamthi ,Vegetables,Tomato,Local,Local,"2,060.00","2,560.00","2,310.00",Rs./Quintal,13-08-2026
Maharashtra,Nagpur,APMC Kamthi ,Vegetables,Tomato,Local,Local,"2,030.00","2,530.00","2,280.00",Rs./Quintal,12-08-2026
Maharashtra,Nagpur,APMC Kamthi ,Vegetables,Tomato,Local,Local,"2,060.00","2,560.00","2,310.00",Rs./Quintal,11-08-2026
Maharashtra,Nagpur,APMC Kamthi ,Vegetables,Tomato,Local,Local,"2,040.00","2,540.00","2,290.00",Rs./Quintal,10-08-2026
Maharashtra,Nagpur,APMC Kamthi ,Vegetables,Tomato,Local,Local,"2,040.00","2,540.00","2,290.00",Rs./Quintal,09-08-2026
Maharashtra,Nagpur,APMC Kamthi ,Vegetables,Tomato,Local,Local,"2,060.00","2,560.00","2,310.00",Rs./Quintal,08-08-2026
Maharashtra,Nagpur,APMC Kamthi ,Vegetables,Tomato,Local,Local,"2,060.00","2,560.00","2,310.00",Rs./Quintal,07-08-2026
Maharashtra,Nagpur,APMC Kamthi ,Vegetables,Tomato,Local,Local,"2,060.00","2,560.00","2,310.00",Rs./Quintal,06-08-2026
Maharashtra,Nagpur,APMC Kamthi ,Vegetables,Tomato,Local,Local,"2,030.00","2,530.00","2,280.00",Rs./Quintal,05-08-2026
Maharashtra,Nagpur,APMC Kamthi ,Vegetables,Tomato,Local,Local,"2,040.00","2,540.00","2,290.00",Rs./Quintal,04-08-2026
Maharashtra,Nagpur,APMC Kamthi ,Vegetables,Tomato,Local,Local,"2,040.00","2,540.00","2,290.00",Rs./Quintal,03-08-2026
Maharashtra,Nagpur,APMC Kamthi ,Vegetables,Tomato,Local,Local,"2,060.00","2,560.00","2,310.00",Rs./Quintal,02-08-2026
Maharashtra,Nagpur,APMC Kamthi ,Vegetables,Tomato,Local,Local,"2,060.00","2,560.00","2,310.00",Rs./Quintal,01-08-2026
Maharashtra,Nagpur,APMC Kamthi ,Vegetables,Tomato,Local,Local,"1,520.00","2,020.00","1,770.00",Rs./Quintal,31-07-2026
Maharashtra,Nagpur,APMC Kamthi ,Vegetables,Tomato,Local,Local,"2,060.00","4,570.00","2,310.00",Rs./Quintal,30-07-2026
Maharashtra,Nagpur,APMC Kamthi ,Vegetables,Tomato,Local,Local,"2,060.00","2,560.00","2,310.00",Rs./Quintal,29-07-2026
Maharashtra,Nagpur,APMC Kamthi ,Vegetables,Tomato,Local,Local,"2,060.00","2,560.00","2,310.00",Rs./Quintal,28-07-2026
Maharashtra,Nagpur,APMC Kamthi ,Vegetables,Tomato,Local,Local,"2,060.00","2,560.00","2,310.00",Rs./Quintal,27-07-2026
Maharashtra,Nagpur,APMC Kamthi ,Vegetables,Tomato,Local,Local,"2,030.00","2,530.00","2,280.00",Rs./Quintal,26-07-2026
Maharashtra,Nagpur,APMC Kamthi ,Vegetables,Tomato,Local,Local,"1,820.00","2,020.00","1,920.00",Rs./Quintal,25-07-2026
Maharashtra,Nagpur,APMC Kamthi ,Vegetables,Tomato,Local,Local,"1,820.00","2,020.00","1,920.00",Rs./Quintal,24-07-2026
Maharashtra,Nagpur,APMC Kamthi ,Vegetables,Tomato,Local,Local,"1,820.00","2,020.00","1,920.00",Rs./Quintal,23-07-2026
Maharashtra,Nagpur,APMC Kamthi ,Vegetables,Tomato,Local,Local,"2,060.00","2,560.00","2,310.00",Rs./Quintal,22-07-2026
Maharashtra,Nagpur,APMC Kamthi ,Vegetables,Tomato,Local,Local,"2,030.00","2,530.00","2,280.00",Rs./Quintal,21-07-2026
Maharashtra,Nagpur,APMC Kamthi ,Vegetables,Tomato,Local,Local,"2,060.00","2,560.00","2,310.00",Rs./Quintal,19-07-2026
Maharashtra,Nagpur,APMC Kamthi ,Vegetables,Tomato,Local,Local,"2,520.00","3,020.00","2,770.00",Rs./Quintal,18-07-2026
Maharashtra,Nagpur,APMC Kamthi ,Vegetables,Tomato,Local,Local,"2,520.00","3,020.00","2,770.00",Rs./Quintal,17-07-2026
Maharashtra,Nagpur,APMC Kamthi ,Vegetables,Tomato,Local,Local,"2,530.00","3,030.00","2,780.00",Rs./Quintal,16-07-2026
Maharashtra,Nagpur,APMC Kamthi ,Vegetables,Tomato,Local,Local,"2,520.00","3,020.00","2,770.00",Rs./Quintal,13-07-2026
Maharashtra,Nagpur,APMC Kamthi ,Vegetables,Tomato,Local,Local,"3,060.00","3,560.00","3,310.00",Rs./Quintal,12-07-2026
Maharashtra,Nagpur,APMC Kamthi ,Vegetables,Tomato,Local,Local,"3,020.00","3,520.00","3,270.00",Rs./Quintal,11-07-2026
Maharashtra,Nagpur,APMC Kamthi ,Vegetables,Tomato,Local,Local,"2,520.00","3,020.00","2,770.00",Rs./Quintal,10-07-2026
Maharashtra,Nagpur,APMC Kamthi ,Vegetables,Tomato,Local,Local,"2,060.00","2,560.00","2,310.00",Rs./Quintal,09-07-2026
Maharashtra,Nagpur,APMC Kamthi ,Vegetables,Tomato,Local,Local,"2,030.00","2,530.00","2,280.00",Rs./Quintal,08-07-2026
Maharashtra,Nagpur,APMC Kamthi ,Vegetables,Tomato,Local,Local,"2,520.00","3,020.00","2,770.00",Rs./Quintal,07-07-2026
Maharashtra,Nagpur,APMC Kamthi ,Vegetables,Tomato,Local,Local,"2,040.00","2,540.00","2,290.00",Rs./Quintal,06-07-2026
Maharashtra,Nagpur,APMC Kamthi ,Vegetables,Tomato,Local,Local,"2,560.00","3,060.00","2,810.00",Rs./Quintal,05-07-2026
Maharashtra,Nagpur,APMC Kamthi ,Vegetables,Tomato,Local,Local,"3,060.00","3,560.00","3,310.00",Rs./Quintal,04-07-2026
Maharashtra,Nagpur,APMC Kamthi ,Vegetables,Tomato,Local,Local,"3,010.00","3,510.00","3,260.00",Rs./Quintal,03-07-2026
Maharashtra,Nagpur,APMC Kamthi ,Vegetables,Tomato,Local,Local,"3,060.00","3,560.00","3,310.00",Rs./Quintal,02-07-2026
Maharashtra,Nagpur,APMC Kamthi ,Vegetables,Tomato,Local,Local,"3,020.00","3,520.00","3,270.00",Rs./Quintal,01-07-2026
Maharashtra,Nagpur,APMC Kamthi ,Vegetables,Tomato,Local,Local,"2,520.00","3,020.00","2,770.00",Rs./Quintal,30-06-2026
Maharashtra,Nagpur,APMC Kamthi ,Vegetables,Tomato,Local,Local,"2,040.00","2,540.00","2,290.00",Rs./Quintal,29-06-2026
Maharashtra,Nagpur,APMC Kamthi ,Vegetables,Tomato,Local,Local,"2,060.00","2,560.00","2,310.00",Rs./Quintal,28-06-2026
Maharashtra,Nagpur,APMC Kamthi ,Vegetables,Tomato,Local,Local,"2,520.00","3,020.00","2,770.00",Rs./Quintal,27-06-2026
Maharashtra,Nagpur,APMC Kamthi ,Vegetables,Tomato,Local,Local,"2,520.00","3,020.00","2,770.00",Rs./Quintal,26-06-2026
Maharashtra,Nagpur,APMC Kamthi ,Vegetables,Tomato,Local,Local,"2,520.00","3,020.00","2,770.00",Rs./Quintal,25-06-2026
Maharashtra,Nagpur,APMC Kamthi ,Vegetables,Tomato,Local,Local,"3,010.00","3,510.00","3,260.00",Rs./Quintal,24-06-2026
Maharashtra,Nagpur,APMC Kamthi ,Vegetables,Tomato,Local,Local,"3,520.00","4,020.00","3,770.00",Rs./Quintal,23-06-2026
Maharashtra,Nagpur,APMC Kamthi ,Vegetables,Tomato,Local,Local,"4,060.00","4,560.00","4,310.00",Rs./Quintal,22-06-2026
Maharashtra,Nagpur,APMC Kamthi ,Vegetables,Tomato,Local,Local,"4,060.00","4,560.00","4,310.00",Rs./Quintal,21-06-2026
Maharashtra,Nagpur,APMC Kamthi ,Vegetables,Tomato,Local,Local,"3,520.00","4,020.00","3,770.00",Rs./Quintal,20-06-2026
Maharashtra,Nagpur,APMC Kamthi ,Vegetables,Tomato,Local,Local,"4,050.00","4,550.00","4,300.00",Rs./Quintal,19-06-2026
Maharashtra,Nagpur,APMC Kamthi ,Vegetables,Tomato,Local,Local,"4,530.00","5,030.00","4,780.00",Rs./Quintal,18-06-2026
Maharashtra,Nagpur,APMC Kamthi ,Vegetables,Tomato,Local,Local,"4,070.00","4,570.00","4,320.00",Rs./Quintal,17-06-2026
Maharashtra,Nagpur,APMC Kamthi ,Vegetables,Tomato,Local,Local,"4,050.00","4,550.00","4,300.00",Rs./Quintal,15-06-2026
Maharashtra,Nagpur,APMC Kamthi ,Vegetables,Tomato,Local,Local,"4,060.00","4,560.00","4,310.00",Rs./Quintal,14-06-2026
Maharashtra,Nagpur,APMC Kamthi ,Vegetables,Tomato,Local,Local,"4,530.00","5,030.00","4,780.00",Rs./Quintal,13-06-2026
Maharashtra,Nagpur,APMC Kamthi ,Vegetables,Tomato,Local,Local,"4,560.00","5,060.00","4,810.00",Rs./Quintal,12-06-2026
Maharashtra,Nagpur,APMC Kamthi ,Vegetables,Tomato,Local,Local,"4,520.00","5,020.00","4,770.00",Rs./Quintal,11-06-2026
Maharashtra,Nagpur,APMC Kamthi ,Vegetables,Tomato,Local,Local,"4,520.00","5,020.00","4,770.00",Rs./Quintal,10-06-2026
Maharashtra,Nagpur,APMC Kamthi ,Vegetables,Tomato,Local,Local,"4,050.00","4,550.00","4,300.00",Rs./Quintal,09-06-2026
Maharashtra,Nagpur,APMC Kamthi ,Vegetables,Tomato,Local,Local,"4,070.00","4,570.00","4,320.00",Rs./Quintal,08-06-2026
Maharashtra,Nagpur,APMC Kamthi ,Vegetables,Tomato,Local,Local,"5,060.00","5,560.00","5,310.00",Rs./Quintal,07-06-2026
Maharashtra,Nagpur,APMC Kamthi ,Vegetables,Tomato,Local,Local,"2,520.00","3,020.00","2,770.00",Rs./Quintal,06-06-2026
Maharashtra,Nagpur,APMC Kamthi ,Vegetables,Tomato,Local,Local,"2,520.00","3,020.00","2,770.00",Rs./Quintal,05-06-2026
Maharashtra,Nagpur,APMC Kamthi ,Vegetables,Tomato,Local,Local,"2,520.00","3,020.00","2,770.00",Rs./Quintal,04-06-2026
Maharashtra,Nagpur,APMC Kamthi ,Vegetables,Tomato,Local,Local,"2,520.00","3,020.00","2,770.00",Rs./Quintal,03-06-2026
Maharashtra,Nagpur,APMC Kamthi ,Vegetables,Tomato,Local,Local,"2,060.00","2,560.00","2,310.00",Rs./Quintal,02-06-2026
Maharashtra,Nagpur,APMC Kamthi ,Vegetables,Tomato,Local,Local,"2,520.00","3,020.00","2,770.00",Rs./Quintal,01-06-2026
Maharashtra,Nagpur,APMC Kamthi ,Vegetables,Tomato,Local,Local,"2,520.00","3,020.00","2,770.00",Rs./Quintal,31-05-2026
Maharashtra,Nagpur,APMC Kamthi ,Vegetables,Tomato,Local,Local,"3,060.00","3,560.00","3,310.00",Rs./Quintal,30-05-2026
Maharashtra,Nagpur,APMC Kamthi ,Vegetables,Tomato,Local,Local,"2,520.00","3,020.00","2,770.00",Rs./Quintal,29-05-2026
Maharashtra,Nagpur,APMC Kamthi ,Vegetables,Tomato,Local,Local,"3,020.00","3,520.00","3,270.00",Rs./Quintal,27-05-2026
Maharashtra,Nagpur,APMC Kamthi ,Vegetables,Tomato,Local,Local,"3,020.00","3,520.00","3,270.00",Rs./Quintal,26-05-2026
Maharashtra,Nagpur,APMC Kamthi ,Vegetables,Tomato,Local,Local,"3,020.00","3,520.00","3,270.00",Rs./Quintal,25-05-2026
Maharashtra,Nagpur,APMC Kamthi ,Vegetables,Tomato,Local,Local,"3,060.00","3,560.00","3,310.00",Rs./Quintal,24-05-2026
Maharashtra,Nagpur,APMC Kamthi ,Vegetables,Tomato,Local,Local,"3,060.00","3,560.00","3,310.00",Rs./Quintal,23-05-2026
Maharashtra,Nagpur,APMC Kamthi ,Vegetables,Tomato,Local,Local,"3,020.00","3,520.00","3,270.00",Rs./Quintal,22-05-2026
Maharashtra,Nagpur,APMC Kamthi ,Vegetables,Tomato,Local,Local,"3,020.00","3,520.00","3,270.00",Rs./Quintal,21-05-2026
Maharashtra,Nagpur,APMC Kamthi ,Vegetables,Tomato,Local,Local,"3,060.00","3,560.00","3,310.00",Rs./Quintal,20-05-2026
Maharashtra,Nagpur,APMC Kamthi ,Vegetables,Tomato,Local,Local,"3,020.00","3,520.00","3,270.00",Rs./Quintal,19-05-2026
Maharashtra,Nagpur,APMC Kamthi ,Vegetables,Tomato,Local,Local,"3,060.00","3,560.00","3,310.00",Rs./Quintal,18-05-2026
Maharashtra,Nagpur,APMC Kamthi ,Vegetables,Tomato,Local,Local,"3,060.00","3,560.00","3,310.00",Rs./Quintal,17-05-2026
Maharashtra,Nagpur,APMC Kamthi ,Vegetables,Tomato,Local,Local,"3,520.00","4,020.00","3,770.00",Rs./Quintal,16-05-2026
Maharashtra,Nagpur,APMC Kamthi ,Vegetables,Tomato,Local,Local,"2,520.00","3,020.00","2,770.00",Rs./Quintal,15-05-2026
Maharashtra,Nagpur,APMC Kamthi ,Vegetables,Tomato,Local,Local,"2,520.00","3,020.00","2,770.00",Rs./Quintal,14-05-2026
Maharashtra,Nagpur,APMC Kamthi ,Vegetables,Tomato,Local,Local,"2,060.00","2,560.00","2,310.00",Rs./Quintal,13-05-2026
Maharashtra,Nagpur,APMC Kamthi ,Vegetables,Tomato,Local,Local,"2,060.00","2,560.00","2,310.00",Rs./Quintal,12-05-2026
Maharashtra,Nagpur,APMC Kamthi ,Vegetables,Tomato,Local,Local,"2,060.00","2,560.00","2,310.00",Rs./Quintal,11-05-2026
Maharashtra,Nagpur,APMC Kamthi ,Vegetables,Tomato,Local,Local,"2,060.00","2,560.00","2,310.00",Rs./Quintal,10-05-2026
Maharashtra,Nagpur,APMC Kamthi ,Vegetables,Tomato,Local,Local,"1,520.00","2,020.00","1,770.00",Rs./Quintal,09-05-2026
Maharashtra,Nagpur,APMC Kamthi ,Vegetables,Tomato,Local,Local,"2,030.00","2,530.00","2,280.00",Rs./Quintal,08-05-2026
Maharashtra,Nagpur,APMC Kamthi ,Vegetables,Tomato,Local,Local,"2,030.00","2,530.00","2,280.00",Rs./Quintal,07-05-2026
Maharashtra,Nagpur,APMC Kamthi ,Vegetables,Tomato,Local,Local,"1,510.00","2,010.00","1,760.00",Rs./Quintal,06-05-2026
Maharashtra,Nagpur,APMC Kamthi ,Vegetables,Tomato,Local,Local,"2,060.00","2,560.00","2,310.00",Rs./Quintal,05-05-2026
Maharashtra,Nagpur,APMC Kamthi ,Vegetables,Tomato,Local,Local,"2,040.00","2,540.00","2,290.00",Rs./Quintal,04-05-2026
Maharashtra,Nagpur,APMC Kamthi ,Vegetables,Tomato,Local,Local,"1,520.00","2,020.00","1,770.00",Rs./Quintal,03-05-2026
Maharashtra,Nagpur,APMC Kamthi ,Vegetables,Tomato,Local,Local,"2,050.00","2,540.00","2,295.00",Rs./Quintal,02-05-2026
Maharashtra,Nagpur,APMC Kamthi ,Vegetables,Tomato,Local,Local,"2,040.00","2,540.00","2,290.00",Rs./Quintal,01-05-2026
Maharashtra,Nagpur,APMC Kamthi ,Vegetables,Tomato,Local,Local,"2,040.00","2,540.00","2,290.00",Rs./Quintal,30-04-2026
Maharashtra,Nagpur,APMC Kamthi ,Vegetables,Tomato,Local,Local,"2,060.00","2,560.00","2,310.00",Rs./Quintal,29-04-2026
Maharashtra,Nagpur,APMC Kamthi ,Vegetables,Tomato,Local,Local,"2,040.00","2,540.00","2,290.00",Rs./Quintal,28-04-2026
Maharashtra,Nagpur,APMC Kamthi ,Vegetables,Tomato,Local,Local,"2,040.00","2,540.00","2,290.00",Rs./Quintal,27-04-2026
Maharashtra,Nagpur,APMC Kamthi ,Vegetables,Tomato,Local,Local,"1,520.00","2,020.00","1,770.00",Rs./Quintal,26-04-2026
Maharashtra,Nagpur,APMC Kamthi ,Vegetables,Tomato,Local,Local,"1,520.00","2,020.00","1,770.00",Rs./Quintal,25-04-2026
Maharashtra,Nagpur,APMC Kamthi ,Vegetables,Tomato,Local,Local,"1,520.00","2,020.00","1,770.00",Rs./Quintal,24-04-2026
Maharashtra,Nagpur,APMC Kamthi ,Vegetables,Tomato,Local,Local,"1,520.00","2,020.00","1,770.00",Rs./Quintal,23-04-2026
Maharashtra,Nagpur,APMC Kamthi ,Vegetables,Tomato,Local,Local,"1,510.00","2,010.00","1,760.00",Rs./Quintal,22-04-2026
Maharashtra,Nagpur,APMC Kamthi ,Vegetables,Tomato,Local,Local,"1,510.00","2,010.00","1,760.00",Rs./Quintal,21-04-2026
Maharashtra,Nagpur,APMC Kamthi ,Vegetables,Tomato,Local,Local,"2,030.00","2,530.00","2,280.00",Rs./Quintal,20-04-2026
Maharashtra,Nagpur,APMC Kamthi ,Vegetables,Tomato,Local,Local,"2,060.00","2,560.00","2,310.00",Rs./Quintal,19-04-2026
Maharashtra,Nagpur,APMC Kamthi ,Vegetables,Tomato,Local,Local,"1,520.00","2,020.00","1,770.00",Rs./Quintal,18-04-2026
Maharashtra,Nagpur,APMC Kamthi ,Vegetables,Tomato,Local,Local,"1,520.00","2,020.00","1,770.00",Rs./Quintal,17-04-2026
Maharashtra,Nagpur,APMC Kamthi ,Vegetables,Tomato,Local,Local,"1,040.00","1,540.00","1,290.00",Rs./Quintal,16-04-2026
Maharashtra,Nagpur,APMC Kamthi ,Vegetables,Tomato,Local,Local,"1,040.00","1,540.00","1,290.00",Rs./Quintal,15-04-2026
Maharashtra,Nagpur,APMC Kamthi ,Vegetables,Tomato,Local,Local,"1,020.00","1,520.00","1,270.00",Rs./Quintal,14-04-2026
Maharashtra,Nagpur,APMC Kamthi ,Vegetables,Tomato,Local,Local,810.00,"1,010.00",910.00,Rs./Quintal,13-04-2026
Maharashtra,Nagpur,APMC Kamthi ,Vegetables,Tomato,Local,Local,810.00,"1,020.00",915.00,Rs./Quintal,12-04-2026
Maharashtra,Nagpur,APMC Kamthi ,Vegetables,Tomato,Local,Local,640.00,840.00,740.00,Rs./Quintal,11-04-2026
Maharashtra,Nagpur,APMC Kamthi ,Vegetables,Tomato,Local,Local,810.00,"1,010.00",910.00,Rs./Quintal,10-04-2026
Maharashtra,Nagpur,APMC Kamthi ,Vegetables,Tomato,Local,Local,810.00,"1,010.00",910.00,Rs./Quintal,09-04-2026
Maharashtra,Nagpur,APMC Kamthi ,Vegetables,Tomato,Local,Local,810.00,"1,010.00",910.00,Rs./Quintal,08-04-2026
Maharashtra,Nagpur,APMC Kamthi ,Vegetables,Tomato,Local,Local,810.00,"1,010.00",910.00,Rs./Quintal,07-04-2026
Maharashtra,Nagpur,APMC Kamthi ,Vegetables,Tomato,Local,Local,810.00,"1,010.00",910.00,Rs./Quintal,06-04-2026
Maharashtra,Nagpur,APMC Kamthi ,Vegetables,Tomato,Local,Local,810.00,"1,010.00",910.00,Rs./Quintal,05-04-2026
Maharashtra,Nagpur,APMC Kamthi ,Vegetables,Tomato,Local,Local,810.00,"1,010.00",910.00,Rs./Quintal,04-04-2026
Maharashtra,Nagpur,APMC Kamthi ,Vegetables,Tomato,Local,Local,620.00,820.00,720.00,Rs./Quintal,03-04-2026
Maharashtra,Nagpur,APMC Kamthi ,Vegetables,Tomato,Local,Local,810.00,"1,010.00",910.00,Rs./Quintal,02-04-2026
Maharashtra,Nagpur,APMC Kamthi ,Vegetables,Tomato,Local,Local,810.00,"1,010.00",910.00,Rs./Quintal,31-03-2026
Maharashtra,Nagpur,APMC Kamthi ,Vegetables,Tomato,Local,Local,810.00,"1,010.00",910.00,Rs./Quintal,30-03-2026
Maharashtra,Nagpur,APMC Kamthi ,Vegetables,Tomato,Local,Local,810.00,"1,010.00",910.00,Rs./Quintal,29-03-2026
Maharashtra,Nagpur,APMC Kamthi ,Vegetables,Tomato,Local,Local,650.00,850.00,750.00,Rs./Quintal,28-03-2026
Maharashtra,Nagpur,APMC Kamthi ,Vegetables,Tomato,Local,Local,660.00,860.00,760.00,Rs./Quintal,27-03-2026
Maharashtra,Nagpur,APMC Kamthi ,Vegetables,Tomato,Local,Local,640.00,840.00,740.00,Rs./Quintal,26-03-2026
Maharashtra,Nagpur,APMC Kamthi ,Vegetables,Tomato,Local,Local,840.00,"1,040.00",940.00,Rs./Quintal,25-03-2026
Maharashtra,Nagpur,APMC Kamthi ,Vegetables,Tomato,Local,Local,660.00,860.00,760.00,Rs./Quintal,24-03-2026
Maharashtra,Nagpur,APMC Kamthi ,Vegetables,Tomato,Local,Local,640.00,840.00,740.00,Rs./Quintal,23-03-2026
Maharashtra,Nagpur,APMC Kamthi ,Vegetables,Tomato,Local,Local,660.00,860.00,760.00,Rs./Quintal,22-03-2026
Maharashtra,Nagpur,APMC Kamthi ,Vegetables,Tomato,Local,Local,620.00,820.00,720.00,Rs./Quintal,20-03-2026
Maharashtra,Nagpur,APMC Kamthi ,Vegetables,Tomato,Local,Local,640.00,840.00,740.00,Rs./Quintal,19-03-2026
Maharashtra,Nagpur,APMC Kamthi ,Vegetables,Tomato,Local,Local,670.00,870.00,770.00,Rs./Quintal,18-03-2026
Maharashtra,Nagpur,APMC Kamthi ,Vegetables,Tomato,Local,Local,620.00,820.00,720.00,Rs./Quintal,17-03-2026
Maharashtra,Nagpur,APMC Kamthi ,Vegetables,Tomato,Local,Local,810.00,"1,010.00",910.00,Rs./Quintal,15-03-2026
Maharashtra,Nagpur,APMC Kamthi ,Vegetables,Tomato,Local,Local,810.00,"1,010.00",910.00,Rs./Quintal,14-03-2026
Maharashtra,Nagpur,APMC Kamthi ,Vegetables,Tomato,Local,Local,620.00,820.00,720.00,Rs./Quintal,13-03-2026
Maharashtra,Nagpur,APMC Kamthi ,Vegetables,Tomato,Local,Local,630.00,830.00,730.00,Rs./Quintal,12-03-2026
Maharashtra,Nagpur,APMC Kamthi ,Vegetables,Tomato,Local,Local,610.00,810.00,710.00,Rs./Quintal,11-03-2026
Maharashtra,Nagpur,APMC Kamthi ,Vegetables,Tomato,Local,Local,630.00,830.00,730.00,Rs./Quintal,10-03-2026
Maharashtra,Nagpur,APMC Kamthi ,Vegetables,Tomato,Local,Local,620.00,820.00,720.00,Rs./Quintal,09-03-2026
Maharashtra,Nagpur,APMC Kamthi ,Vegetables,Tomato,Local,Local,620.00,820.00,720.00,Rs./Quintal,08-03-2026
Maharashtra,Nagpur,APMC Kamthi ,Vegetables,Tomato,Local,Local,640.00,840.00,740.00,Rs./Quintal,05-03-2026
Maharashtra,Nagpur,APMC Kamthi ,Vegetables,Tomato,Local,Local,660.00,860.00,760.00,Rs./Quintal,04-03-2026
Maharashtra,Nagpur,APMC Kamthi ,Vegetables,Tomato,Local,Local,450.00,650.00,550.00,Rs./Quintal,02-03-2026
Maharashtra,Nagpur,APMC Kamthi ,Vegetables,Tomato,Local,Local,520.00,720.00,620.00,Rs./Quintal,01-03-2026
Maharashtra,Nagpur,APMC Kamthi ,Vegetables,Tomato,Local,Local,660.00,860.00,760.00,Rs./Quintal,23-02-2026
Maharashtra,Nagpur,APMC Kamthi ,Vegetables,Tomato,Local,Local,810.00,"1,010.00",910.00,Rs./Quintal,22-02-2026
Maharashtra,Nagpur,APMC Kamthi ,Vegetables,Tomato,Local,Local,610.00,810.00,710.00,Rs./Quintal,21-02-2026
Maharashtra,Nagpur,APMC Kamthi ,Vegetables,Tomato,Local,Local,"1,020.00","1,220.00","1,120.00",Rs./Quintal,20-02-2026
Maharashtra,Nagpur,APMC Kamthi ,Vegetables,Tomato,Local,Local,810.00,"1,010.00",910.00,Rs./Quintal,19-02-2026
Maharashtra,Nagpur,APMC Kamthi ,Vegetables,Tomato,Local,Local,810.00,"1,010.00",910.00,Rs./Quintal,18-02-2026
Maharashtra,Nagpur,APMC Kamthi ,Vegetables,Tomato,Local,Local,760.00,960.00,860.00,Rs./Quintal,17-02-2026
Maharashtra,Nagpur,APMC Kamthi ,Vegetables,Tomato,Local,Local,620.00,820.00,720.00,Rs./Quintal,16-02-2026
Maharashtra,Nagpur,APMC Kamthi ,Vegetables,Tomato,Local,Local,660.00,860.00,760.00,Rs./Quintal,15-02-2026
Maharashtra,Nagpur,APMC Kamthi ,Vegetables,Tomato,Local,Local,670.00,870.00,770.00,Rs./Quintal,13-02-2026
Maharashtra,Nagpur,APMC Kamthi ,Vegetables,Tomato,Local,Local,"1,040.00","1,540.00","1,290.00",Rs./Quintal,08-02-2026
Maharashtra,Nagpur,APMC Kamthi ,Vegetables,Tomato,Local,Local,"1,020.00","1,520.00","1,270.00",Rs./Quintal,07-02-2026
Maharashtra,Nagpur,APMC Kamthi ,Vegetables,Tomato,Local,Local,"1,020.00","1,220.00","1,120.00",Rs./Quintal,29-01-2026
Maharashtra,Nagpur,APMC Kamthi ,Vegetables,Tomato,Local,Local,"1,520.00","2,020.00","1,770.00",Rs./Quintal,28-01-2026
Maharashtra,Nagpur,APMC Kamthi ,Vegetables,Tomato,Local,Local,"2,040.00","2,540.00","2,290.00",Rs./Quintal,27-01-2026
Maharashtra,Nagpur,APMC Kamthi ,Vegetables,Tomato,Local,Local,"2,060.00","2,560.00","2,310.00",Rs./Quintal,26-01-2026
Maharashtra,Nagpur,APMC Kamthi ,Vegetables,Tomato,Local,Local,"1,520.00","2,020.00","1,770.00",Rs./Quintal,24-01-2026
Maharashtra,Nagpur,APMC Kamthi ,Vegetables,Tomato,Local,Local,"1,540.00","2,040.00","1,790.00",Rs./Quintal,23-01-2026
Maharashtra,Nagpur,APMC Kamthi ,Vegetables,Tomato,Local,Local,"2,030.00","2,530.00","2,280.00",Rs./Quintal,22-01-2026
Maharashtra,Nagpur,APMC Kamthi ,Vegetables,Tomato,Local,Local,"2,060.00","2,560.00","2,310.00",Rs./Quintal,21-01-2026
Maharashtra,Nagpur,APMC Kamthi ,Vegetables,Tomato,Local,Local,"2,040.00","2,540.00","2,290.00",Rs./Quintal,19-01-2026
Maharashtra,Nagpur,APMC Kamthi ,Vegetables,Tomato,Local,Local,"2,060.00","2,560.00","2,310.00",Rs./Quintal,18-01-2026
Maharashtra,Nagpur,APMC Kamthi ,Vegetables,Tomato,Local,Local,"2,520.00","3,020.00","2,770.00",Rs./Quintal,17-01-2026
Maharashtra,Nagpur,APMC Kamthi ,Vegetables,Tomato,Local,Local,"2,060.00","2,560.00","2,310.00",Rs./Quintal,16-01-2026
Maharashtra,Nagpur,APMC Kamthi ,Vegetables,Tomato,Local,Local,"2,040.00","2,540.00","2,290.00",Rs./Quintal,15-01-2026
Maharashtra,Nagpur,APMC Kamthi ,Vegetables,Tomato,Local,Local,"2,030.00","2,530.00","2,280.00",Rs./Quintal,14-01-2026
Maharashtra,Nagpur,APMC Kamthi ,Vegetables,Tomato,Local,Local,"2,020.00","2,520.00","2,270.00",Rs./Quintal,13-01-2026
Maharashtra,Nagpur,APMC Kamthi ,Vegetables,Tomato,Local,Local,"2,520.00","3,020.00","2,770.00",Rs./Quintal,12-01-2026
Maharashtra,Nagpur,APMC Kamthi ,Vegetables,Tomato,Local,Local,"2,540.00","3,040.00","2,790.00",Rs./Quintal,11-01-2026
Maharashtra,Nagpur,APMC Kamthi ,Vegetables,Tomato,Local,Local,"2,530.00","3,060.00","2,795.00",Rs./Quintal,10-01-2026
Maharashtra,Nagpur,APMC Kamthi ,Vegetables,Tomato,Local,Local,"2,520.00","3,020.00","2,770.00",Rs./Quintal,09-01-2026
Maharashtra,Nagpur,APMC Kamthi ,Vegetables,Tomato,Local,Local,"2,530.00","3,030.00","2,780.00",Rs./Quintal,08-01-2026
Maharashtra,Nagpur,APMC Kamthi ,Vegetables,Tomato,Local,Local,"2,520.00","3,020.00","2,770.00",Rs./Quintal,07-01-2026
Maharashtra,Nagpur,APMC Kamthi ,Vegetables,Tomato,Local,Local,"2,020.00","2,520.00","2,270.00",Rs./Quintal,06-01-2026
Maharashtra,Nagpur,APMC Kamthi ,Vegetables,Tomato,Local,Local,"2,530.00","3,020.00","2,775.00",Rs./Quintal,05-01-2026
Maharashtra,Nagpur,APMC Kamthi ,Vegetables,Tomato,Local,Local,"3,060.00","3,560.00","3,310.00",Rs./Quintal,04-01-2026
Maharashtra,Nagpur,APMC Kamthi ,Vegetables,Tomato,Local,Local,"3,020.00","3,520.00","3,270.00",Rs./Quintal,03-01-2026
Maharashtra,Nagpur,APMC Kamthi ,Vegetables,Tomato,Local,Local,"3,020.00","3,520.00","3,270.00",Rs./Quintal,02-01-2026
Maharashtra,Nagpur,APMC Kamthi ,Vegetables,Tomato,Local,Local,"3,020.00","3,520.00","3,270.00",Rs./Quintal,01-01-2026
Maharashtra,Nagpur,APMC Nagpur ,Vegetables,Tomato,Local,Local,"1,200.00","2,000.00","1,800.00",Rs./Quintal,02-09-2026
Maharashtra,Nagpur,APMC Nagpur ,Vegetables,Tomato,Other,Local,"2,000.00","2,500.00","2,375.00",Rs./Quintal,02-09-2026
Maharashtra,Nagpur,APMC Nagpur ,Vegetables,Tomato,Local,Local,"2,000.00","2,500.00","2,375.00",Rs./Quintal,01-09-2026
Maharashtra,Nagpur,APMC Nagpur ,Vegetables,Tomato,Other,Local,"1,500.00","3,000.00","2,625.00",Rs./Quintal,01-09-2026
Maharashtra,Nagpur,APMC Nagpur ,Vegetables,Tomato,Local,Local,"1,800.00","2,500.00","2,325.00",Rs./Quintal,31-08-2026
Maharashtra,Nagpur,APMC Nagpur ,Vegetables,Tomato,Other,Local,"1,500.00","2,500.00","2,250.00",Rs./Quintal,31-08-2026
Maharashtra,Nagpur,APMC Nagpur ,Vegetables,Tomato,Local,Local,"1,500.00","2,000.00","1,875.00",Rs./Quintal,29-08-2026
Maharashtra,Nagpur,APMC Nagpur ,Vegetables,Tomato,Other,Local,"1,200.00","1,800.00","1,650.00",Rs./Quintal,29-08-2026
Maharashtra,Nagpur,APMC Nagpur ,Vegetables,Tomato,Local,Local,"1,500.00","2,000.00","1,875.00",Rs./Quintal,27-08-2026
Maharashtra,Nagpur,APMC Nagpur ,Vegetables,Tomato,Other,Local,"1,200.00","1,700.00","1,575.00",Rs./Quintal,27-08-2026
Maharashtra,Nagpur,APMC Nagpur ,Vegetables,Tomato,Local,Local,"1,500.00","2,200.00","2,025.00",Rs./Quintal,25-08-2026
Maharashtra,Nagpur,APMC Nagpur ,Vegetables,Tomato,Other,Local,"1,500.00","1,800.00","1,725.00",Rs./Quintal,25-08-2026
Maharashtra,Nagpur,APMC Nagpur ,Vegetables,Tomato,Local,Local,"1,500.00","1,800.00","1,725.00",Rs./Quintal,24-08-2026
Maharashtra,Nagpur,APMC Nagpur ,Vegetables,Tomato,Other,Local,"1,500.00","2,000.00","1,875.00",Rs./Quintal,24-08-2026
Maharashtra,Nagpur,APMC Nagpur ,Vegetables,Tomato,Local,Local,"1,000.00","1,500.00","1,375.00",Rs./Quintal,22-08-2026
Maharashtra,Nagpur,APMC Nagpur ,Vegetables,Tomato,Other,Local,"2,000.00","2,200.00","2,150.00",Rs./Quintal,22-08-2026
Maharashtra,Nagpur,APMC Nagpur ,Vegetables,Tomato,Local,Local,"1,300.00","1,700.00","1,600.00",Rs./Quintal,20-08-2026
Maharashtra,Nagpur,APMC Nagpur ,Vegetables,Tomato,Other,Local,"2,000.00","2,500.00","2,375.00",Rs./Quintal,20-08-2026
Maharashtra,Nagpur,APMC Nagpur ,Vegetables,Tomato,Local,Local,"1,200.00","1,700.00","1,575.00",Rs./Quintal,19-08-2026
Maharashtra,Nagpur,APMC Nagpur ,Vegetables,Tomato,Other,Local,"2,000.00","2,200.00","2,150.00",Rs./Quintal,19-08-2026
Maharashtra,Nagpur,APMC Nagpur ,Vegetables,Tomato,Local,Local,"1,500.00","2,000.00","1,875.00",Rs./Quintal,18-08-2026
Maharashtra,Nagpur,APMC Nagpur ,Vegetables,Tomato,Other,Local,"1,500.00","2,200.00","2,025.00",Rs./Quintal,18-08-2026
Maharashtra,Nagpur,APMC Nagpur ,Vegetables,Tomato,Local,Local,"1,500.00","2,200.00","2,025.00",Rs./Quintal,17-08-2026
Maharashtra,Nagpur,APMC Nagpur ,Vegetables,Tomato,Other,Local,"2,500.00","3,000.00","2,625.00",Rs./Quintal,17-08-2026
Maharashtra,Nagpur,APMC Nagpur ,Vegetables,Tomato,Local,Local,"2,000.00","2,500.00","2,375.00",Rs./Quintal,13-08-2026
Maharashtra,Nagpur,APMC Nagpur ,Vegetables,Tomato,Other,Local,"3,000.00","3,500.00","3,375.00",Rs./Quintal,13-08-2026
Maharashtra,Nagpur,APMC Nagpur ,Vegetables,Tomato,Local,Local,"2,000.00","2,500.00","2,375.00",Rs./Quintal,12-08-2026
Maharashtra,Nagpur,APMC Nagpur ,Vegetables,Tomato,Other,Local,"2,500.00","3,000.00","2,875.00",Rs./Quintal,12-08-2026
Maharashtra,Nagpur,APMC Nagpur ,Vegetables,Tomato,Local,Local,"1,700.00","2,200.00","2,075.00",Rs./Quintal,11-08-2026
Maharashtra,Nagpur,APMC Nagpur ,Vegetables,Tomato,Other,Local,"3,000.00","3,200.00","3,150.00",Rs./Quintal,11-08-2026
Maharashtra,Nagpur,APMC Nagpur ,Vegetables,Tomato,Local,Local,"1,500.00","2,000.00","1,875.00",Rs./Quintal,10-08-2026
Maharashtra,Nagpur,APMC Nagpur ,Vegetables,Tomato,Other,Local,"2,000.00","2,200.00","2,150.00",Rs./Quintal,10-08-2026
Maharashtra,Nagpur,APMC Nagpur ,Vegetables,Tomato,Local,Local,"1,300.00","1,700.00","1,600.00",Rs./Quintal,08-08-2026
Maharashtra,Nagpur,APMC Nagpur ,Vegetables,Tomato,Other,Local,"2,500.00","3,200.00","3,025.00",Rs./Quintal,08-08-2026
Maharashtra,Nagpur,APMC Nagpur ,Vegetables,Tomato,Other,Local,"2,500.00","3,000.00","2,875.00",Rs./Quintal,06-08-2026
Maharashtra,Nagpur,APMC Nagpur ,Vegetables,Tomato,Local,Local,"1,700.00","2,100.00","2,000.00",Rs./Quintal,03-08-2026
Maharashtra,Nagpur,APMC Nagpur ,Vegetables,Tomato,Other,Local,"2,500.00","3,200.00","3,025.00",Rs./Quintal,03-08-2026
Maharashtra,Nagpur,APMC Nagpur ,Vegetables,Tomato,Local,Local,"1,000.00","1,500.00","1,375.00",Rs./Quintal,01-08-2026
Maharashtra,Nagpur,APMC Nagpur ,Vegetables,Tomato,Other,Local,"1,400.00","2,000.00","1,850.00",Rs./Quintal,01-08-2026
Maharashtra,Nagpur,APMC Nagpur ,Vegetables,Tomato,Local,Local,"1,000.00","1,800.00","1,600.00",Rs./Quintal,30-07-2026
Maharashtra,Nagpur,APMC Nagpur ,Vegetables,Tomato,Other,Local,"2,500.00","3,000.00","2,875.00",Rs./Quintal,30-07-2026
Maharashtra,Nagpur,APMC Nagpur ,Vegetables,Tomato,Local,Local,"1,500.00","2,000.00","1,875.00",Rs./Quintal,29-07-2026
Maharashtra,Nagpur,APMC Nagpur ,Vegetables,Tomato,Other,Local,"2,000.00","3,000.00","2,750.00",Rs./Quintal,29-07-2026
Maharashtra,Nagpur,APMC Nagpur ,Vegetables,Tomato,Local,Local,"1,500.00","2,500.00","2,250.00",Rs./Quintal,28-07-2026
Maharashtra,Nagpur,APMC Nagpur ,Vegetables,Tomato,Other,Local,"2,000.00","3,000.00","2,750.00",Rs./Quintal,28-07-2026
Maharashtra,Nagpur,APMC Nagpur ,Vegetables,Tomato,Local,Local,"1,500.00","2,000.00","1,875.00",Rs./Quintal,27-07-2026
Maharashtra,Nagpur,APMC Nagpur ,Vegetables,Tomato,Other,Local,"2,500.00","2,700.00","2,650.00",Rs./Quintal,27-07-2026
Maharashtra,Nagpur,APMC Nagpur ,Vegetables,Tomato,Local,Local,"2,500.00","3,500.00","3,250.00",Rs./Quintal,25-07-2026
Maharashtra,Nagpur,APMC Nagpur ,Vegetables,Tomato,Other,Local,"3,000.00","3,500.00","3,375.00",Rs./Quintal,25-07-2026
Maharashtra,Nagpur,APMC Nagpur ,Vegetables,Tomato,Local,Local,"1,200.00","1,700.00","1,575.00",Rs./Quintal,23-07-2026
Maharashtra,Nagpur,APMC Nagpur ,Vegetables,Tomato,Other,Local,"2,000.00","2,500.00","2,375.00",Rs./Quintal,23-07-2026
Maharashtra,Nagpur,APMC Nagpur ,Vegetables,Tomato,Local,Local,"1,000.00","1,700.00","1,525.00",Rs./Quintal,22-07-2026
Maharashtra,Nagpur,APMC Nagpur ,Vegetables,Tomato,Other,Local,"2,000.00","2,500.00","2,375.00",Rs./Quintal,22-07-2026
Maharashtra,Nagpur,APMC Nagpur ,Vegetables,Tomato,Local,Local,"1,500.00","2,000.00","1,875.00",Rs./Quintal,21-07-2026
Maharashtra,Nagpur,APMC Nagpur ,Vegetables,Tomato,Other,Local,"2,500.00","2,700.00","2,650.00",Rs./Quintal,21-07-2026
Maharashtra,Nagpur,APMC Nagpur ,Vegetables,Tomato,Local,Local,"1,000.00","2,000.00","1,750.00",Rs./Quintal,20-07-2026
Maharashtra,Nagpur,APMC Nagpur ,Vegetables,Tomato,Other,Local,"1,500.00","2,200.00","2,025.00",Rs./Quintal,20-07-2026
Maharashtra,Nagpur,APMC Nagpur ,Vegetables,Tomato,Local,Local,"1,500.00","2,200.00","2,025.00",Rs./Quintal,18-07-2026
Maharashtra,Nagpur,APMC Nagpur ,Vegetables,Tomato,Other,Local,"2,500.00","3,500.00","3,250.00",Rs./Quintal,18-07-2026
Maharashtra,Nagpur,APMC Nagpur ,Vegetables,Tomato,Local,Local,"1,500.00","2,500.00","2,250.00",Rs./Quintal,16-07-2026
Maharashtra,Nagpur,APMC Nagpur ,Vegetables,Tomato,Other,Local,"2,000.00","3,000.00","2,750.00",Rs./Quintal,16-07-2026
Maharashtra,Nagpur,APMC Nagpur ,Vegetables,Tomato,Local,Local,"2,200.00","2,500.00","2,425.00",Rs./Quintal,15-07-2026
Maharashtra,Nagpur,APMC Nagpur ,Vegetables,Tomato,Other,Local,"3,000.00","3,200.00","3,150.00",Rs./Quintal,15-07-2026
Maharashtra,Nagpur,APMC Nagpur ,Vegetables,Tomato,Local,Local,"2,000.00","2,200.00","2,150.00",Rs./Quintal,14-07-2026
Maharashtra,Nagpur,APMC Nagpur ,Vegetables,Tomato,Other,Local,"2,500.00","3,500.00","3,250.00",Rs./Quintal,14-07-2026
Maharashtra,Nagpur,APMC Nagpur ,Vegetables,Tomato,Local,Local,"1,500.00","2,500.00","2,250.00",Rs./Quintal,13-07-2026
Maharashtra,Nagpur,APMC Nagpur ,Vegetables,Tomato,Other,Local,"2,000.00","3,000.00","2,750.00",Rs./Quintal,13-07-2026
Maharashtra,Nagpur,APMC Nagpur ,Vegetables,Tomato,Local,Local,"1,700.00","2,500.00","2,300.00",Rs./Quintal,11-07-2026
Maharashtra,Nagpur,APMC Nagpur ,Vegetables,Tomato,Other,Local,"4,000.00","4,500.00","4,375.00",Rs./Quintal,11-07-2026
Maharashtra,Nagpur,APMC Nagpur ,Vegetables,Tomato,Local,Local,"1,200.00","2,000.00","1,800.00",Rs./Quintal,09-07-2026
Maharashtra,Nagpur,APMC Nagpur ,Vegetables,Tomato,Other,Local,"2,000.00","3,000.00","2,750.00",Rs./Quintal,09-07-2026
Maharashtra,Nagpur,APMC Nagpur ,Vegetables,Tomato,Local,Local,"1,500.00","2,000.00","1,875.00",Rs./Quintal,08-07-2026
Maharashtra,Nagpur,APMC Nagpur ,Vegetables,Tomato,Other,Local,"2,500.00","3,500.00","3,250.00",Rs./Quintal,08-07-2026
Maharashtra,Nagpur,APMC Nagpur ,Vegetables,Tomato,Local,Local,"1,700.00","2,200.00","2,075.00",Rs./Quintal,07-07-2026
Maharashtra,Nagpur,APMC Nagpur ,Vegetables,Tomato,Other,Local,"2,500.00","4,000.00","3,625.00",Rs./Quintal,07-07-2026
Maharashtra,Nagpur,APMC Nagpur ,Vegetables,Tomato,Local,Local,"1,500.00","2,500.00","2,250.00",Rs./Quintal,06-07-2026
Maharashtra,Nagpur,APMC Nagpur ,Vegetables,Tomato,Local,Local,"1,700.00","2,200.00","2,075.00",Rs./Quintal,04-07-2026
Maharashtra,Nagpur,APMC Nagpur ,Vegetables,Tomato,Other,Local,"3,000.00","3,500.00","3,375.00",Rs./Quintal,04-07-2026
Maharashtra,Nagpur,APMC Nagpur ,Vegetables,Tomato,Local,Local,"1,500.00","3,200.00","2,725.00",Rs./Quintal,02-07-2026
Maharashtra,Nagpur,APMC Nagpur ,Vegetables,Tomato,Other,Local,"3,000.00","3,500.00","3,375.00",Rs./Quintal,02-07-2026
Maharashtra,Nagpur,APMC Nagpur ,Vegetables,Tomato,Local,Local,"2,500.00","3,500.00","3,250.00",Rs./Quintal,01-07-2026
Maharashtra,Nagpur,APMC Nagpur ,Vegetables,Tomato,Other,Local,"3,000.00","3,500.00","3,375.00",Rs./Quintal,01-07-2026
Maharashtra,Nagpur,APMC Nagpur ,Vegetables,Tomato,Local,Local,"2,000.00","2,500.00","2,375.00",Rs./Quintal,30-06-2026
Maharashtra,Nagpur,APMC Nagpur ,Vegetables,Tomato,Other,Local,"3,000.00","3,200.00","3,150.00",Rs./Quintal,30-06-2026
Maharashtra,Nagpur,APMC Nagpur ,Vegetables,Tomato,Other,Local,"3,000.00","4,000.00","3,750.00",Rs./Quintal,29-06-2026
Maharashtra,Nagpur,APMC Nagpur ,Vegetables,Tomato,Local,Local,"2,000.00","2,500.00","2,375.00",Rs./Quintal,27-06-2026
Maharashtra,Nagpur,APMC Nagpur ,Vegetables,Tomato,Other,Local,"2,500.00","3,000.00","2,875.00",Rs./Quintal,27-06-2026
Maharashtra,Nagpur,APMC Nagpur ,Vegetables,Tomato,Local,Local,"1,500.00","2,500.00","2,250.00",Rs./Quintal,25-06-2026
Maharashtra,Nagpur,APMC Nagpur ,Vegetables,Tomato,Other,Local,"2,500.00","3,500.00","3,250.00",Rs./Quintal,25-06-2026
Maharashtra,Nagpur,APMC Nagpur ,Vegetables,Tomato,Other,Local,"3,000.00","4,000.00","3,750.00",Rs./Quintal,24-06-2026
Maharashtra,Nagpur,APMC Nagpur ,Vegetables,Tomato,Local,Local,"2,500.00","3,200.00","3,025.00",Rs./Quintal,23-06-2026
Maharashtra,Nagpur,APMC Nagpur ,Vegetables,Tomato,Other,Local,"3,500.00","4,000.00","3,875.00",Rs./Quintal,23-06-2026
Maharashtra,Nagpur,APMC Nagpur ,Vegetables,Tomato,Local,Local,"3,000.00","3,500.00","3,375.00",Rs./Quintal,22-06-2026
Maharashtra,Nagpur,APMC Nagpur ,Vegetables,Tomato,Other,Local,"4,000.00","4,500.00","4,375.00",Rs./Quintal,22-06-2026
Maharashtra,Nagpur,APMC Nagpur ,Vegetables,Tomato,Local,Local,"2,000.00","3,000.00","2,750.00",Rs./Quintal,20-06-2026
Maharashtra,Nagpur,APMC Nagpur ,Vegetables,Tomato,Other,Local,"3,000.00","4,000.00","3,750.00",Rs./Quintal,20-06-2026
Maharashtra,Nagpur,APMC Nagpur ,Vegetables,Tomato,Local,Local,"2,500.00","4,000.00","3,625.00",Rs./Quintal,18-06-2026
Maharashtra,Nagpur,APMC Nagpur ,Vegetables,Tomato,Other,Local,"4,000.00","5,000.00","4,750.00",Rs./Quintal,18-06-2026
Maharashtra,Nagpur,APMC Nagpur ,Vegetables,Tomato,Local,Local,"2,500.00","3,500.00","3,250.00",Rs./Quintal,17-06-2026
Maharashtra,Nagpur,APMC Nagpur ,Vegetables,Tomato,Other,Local,"2,500.00","4,000.00","3,625.00",Rs./Quintal,17-06-2026
Maharashtra,Nagpur,APMC Nagpur ,Vegetables,Tomato,Local,Local,"2,500.00","3,500.00","3,250.00",Rs./Quintal,16-06-2026
Maharashtra,Nagpur,APMC Nagpur ,Vegetables,Tomato,Other,Local,"2,000.00","3,500.00","3,125.00",Rs./Quintal,16-06-2026
Maharashtra,Nagpur,APMC Nagpur ,Vegetables,Tomato,Local,Local,"3,500.00","4,500.00","4,250.00",Rs./Quintal,15-06-2026
Maharashtra,Nagpur,APMC Nagpur ,Vegetables,Tomato,Other,Local,"4,000.00","5,000.00","4,750.00",Rs./Quintal,15-06-2026
Maharashtra,Nagpur,APMC Nagpur ,Vegetables,Tomato,Local,Local,"2,500.00","4,000.00","3,625.00",Rs./Quintal,14-06-2026
Maharashtra,Nagpur,APMC Nagpur ,Vegetables,Tomato,Other,Local,"2,500.00","4,500.00","4,000.00",Rs./Quintal,14-06-2026
Maharashtra,Nagpur,APMC Nagpur ,Vegetables,Tomato,Local,Local,"2,500.00","4,000.00","3,625.00",Rs./Quintal,13-06-2026
Maharashtra,Nagpur,APMC Nagpur ,Vegetables,Tomato,Other,Local,"3,500.00","4,500.00","4,250.00",Rs./Quintal,13-06-2026
Maharashtra,Nagpur,APMC Nagpur ,Vegetables,Tomato,Local,Local,"4,000.00","5,200.00","4,900.00",Rs./Quintal,11-06-2026
Maharashtra,Nagpur,APMC Nagpur ,Vegetables,Tomato,Other,Local,"3,000.00","5,000.00","4,500.00",Rs./Quintal,11-06-2026
Maharashtra,Nagpur,APMC Nagpur ,Vegetables,Tomato,Local,Local,"2,500.00","5,000.00","4,375.00",Rs./Quintal,10-06-2026
Maharashtra,Nagpur,APMC Nagpur ,Vegetables,Tomato,Other,Local,"3,500.00","4,500.00","4,250.00",Rs./Quintal,10-06-2026
Maharashtra,Nagpur,APMC Nagpur ,Vegetables,Tomato,Local,Local,"3,500.00","5,000.00","4,625.00",Rs./Quintal,09-06-2026
Maharashtra,Nagpur,APMC Nagpur ,Vegetables,Tomato,Other,Local,"3,000.00","4,000.00","3,750.00",Rs./Quintal,09-06-2026
Maharashtra,Nagpur,APMC Nagpur ,Vegetables,Tomato,Local,Local,"3,500.00","4,500.00","4,250.00",Rs./Quintal,08-06-2026
Maharashtra,Nagpur,APMC Nagpur ,Vegetables,Tomato,Other,Local,"3,000.00","4,700.00","4,275.00",Rs./Quintal,08-06-2026
Maharashtra,Nagpur,APMC Nagpur ,Vegetables,Tomato,Local,Local,"2,500.00","3,500.00","3,250.00",Rs./Quintal,06-06-2026
Maharashtra,Nagpur,APMC Nagpur ,Vegetables,Tomato,Other,Local,"3,500.00","4,500.00","4,250.00",Rs./Quintal,06-06-2026
Maharashtra,Nagpur,APMC Nagpur ,Vegetables,Tomato,Local,Local,"1,500.00","3,000.00","2,625.00",Rs./Quintal,04-06-2026
Maharashtra,Nagpur,APMC Nagpur ,Vegetables,Tomato,Other,Local,"2,000.00","2,500.00","2,375.00",Rs./Quintal,04-06-2026
Maharashtra,Nagpur,APMC Nagpur ,Vegetables,Tomato,Local,Local,"1,700.00","2,700.00","2,450.00",Rs./Quintal,03-06-2026
Maharashtra,Nagpur,APMC Nagpur ,Vegetables,Tomato,Other,Local,"1,500.00","2,500.00","2,250.00",Rs./Quintal,03-06-2026
Maharashtra,Nagpur,APMC Nagpur ,Vegetables,Tomato,Local,Local,"1,500.00","2,700.00","2,400.00",Rs./Quintal,02-06-2026
Maharashtra,Nagpur,APMC Nagpur ,Vegetables,Tomato,Other,Local,"1,500.00","2,500.00","2,250.00",Rs./Quintal,02-06-2026
Maharashtra,Nagpur,APMC Nagpur ,Vegetables,Tomato,Local,Local,"1,000.00","1,700.00","1,525.00",Rs./Quintal,01-06-2026
Maharashtra,Nagpur,APMC Nagpur ,Vegetables,Tomato,Other,Local,"2,000.00","2,700.00","2,525.00",Rs./Quintal,01-06-2026
Maharashtra,Nagpur,APMC Nagpur ,Vegetables,Tomato,Local,Local,"2,300.00","3,000.00","2,825.00",Rs./Quintal,30-05-2026
Maharashtra,Nagpur,APMC Nagpur ,Vegetables,Tomato,Other,Local,"2,000.00","3,000.00","2,750.00",Rs./Quintal,30-05-2026
Maharashtra,Nagpur,APMC Nagpur ,Vegetables,Tomato,Local,Local,"2,000.00","3,200.00","2,900.00",Rs./Quintal,27-05-2026
Maharashtra,Nagpur,APMC Nagpur ,Vegetables,Tomato,Local,Local,"2,000.00","3,500.00","3,125.00",Rs./Quintal,26-05-2026
Maharashtra,Nagpur,APMC Nagpur ,Vegetables,Tomato,Other,Local,"2,000.00","3,200.00","2,900.00",Rs./Quintal,26-05-2026
Maharashtra,Nagpur,APMC Nagpur ,Vegetables,Tomato,Local,Local,"2,000.00","3,200.00","2,900.00",Rs./Quintal,25-05-2026
Maharashtra,Nagpur,APMC Nagpur ,Vegetables,Tomato,Other,Local,"2,000.00","3,500.00","3,150.00",Rs./Quintal,25-05-2026
Maharashtra,Nagpur,APMC Nagpur ,Vegetables,Tomato,Local,Local,"1,500.00","2,200.00","2,025.00",Rs./Quintal,23-05-2026
Maharashtra,Nagpur,APMC Nagpur ,Vegetables,Tomato,Other,Local,"2,000.00","3,000.00","2,750.00",Rs./Quintal,23-05-2026
Maharashtra,Nagpur,APMC Nagpur ,Vegetables,Tomato,Local,Local,"2,000.00","3,500.00","3,125.00",Rs./Quintal,21-05-2026
Maharashtra,Nagpur,APMC Nagpur ,Vegetables,Tomato,Other,Local,"2,000.00","3,500.00","3,125.00",Rs./Quintal,21-05-2026
Maharashtra,Nagpur,APMC Nagpur ,Vegetables,Tomato,Local,Local,"2,000.00","3,000.00","2,500.00",Rs./Quintal,20-05-2026
Maharashtra,Nagpur,APMC Nagpur ,Vegetables,Tomato,Other,Local,"2,500.00","5,000.00","4,375.00",Rs./Quintal,20-05-2026
Maharashtra,Nagpur,APMC Nagpur ,Vegetables,Tomato,Local,Local,"2,000.00","3,000.00","2,750.00",Rs./Quintal,14-05-2026
Maharashtra,Nagpur,APMC Nagpur ,Vegetables,Tomato,Other,Local,"2,000.00","3,200.00","2,900.00",Rs./Quintal,14-05-2026
Maharashtra,Nagpur,APMC Nagpur ,Vegetables,Tomato,Local,Local,"2,000.00","3,500.00","3,125.00",Rs./Quintal,13-05-2026
Maharashtra,Nagpur,APMC Nagpur ,Vegetables,Tomato,Other,Local,"2,000.00","3,500.00","3,125.00",Rs./Quintal,13-05-2026
Maharashtra,Nagpur,APMC Nagpur ,Vegetables,Tomato,Local,Local,"1,700.00","2,500.00","2,300.00",Rs./Quintal,12-05-2026
Maharashtra,Nagpur,APMC Nagpur ,Vegetables,Tomato,Other,Local,"2,000.00","3,500.00","3,125.00",Rs./Quintal,12-05-2026
Maharashtra,Nagpur,APMC Nagpur ,Vegetables,Tomato,Local,Local,"1,700.00","2,500.00","2,300.00",Rs./Quintal,11-05-2026
Maharashtra,Nagpur,APMC Nagpur ,Vegetables,Tomato,Local,Local,"1,500.00","2,200.00","2,025.00",Rs./Quintal,09-05-2026
Maharashtra,Nagpur,APMC Nagpur ,Vegetables,Tomato,Other,Local,"2,500.00","3,000.00","2,875.00",Rs./Quintal,09-05-2026
Maharashtra,Nagpur,APMC Nagpur ,Vegetables,Tomato,Local,Local,"1,000.00","2,200.00","1,900.00",Rs./Quintal,07-05-2026
Maharashtra,Nagpur,APMC Nagpur ,Vegetables,Tomato,Other,Local,"2,000.00","2,500.00","2,375.00",Rs./Quintal,07-05-2026
Maharashtra,Nagpur,APMC Nagpur ,Vegetables,Tomato,Local,Local,"1,500.00","2,000.00","1,875.00",Rs./Quintal,06-05-2026
Maharashtra,Nagpur,APMC Nagpur ,Vegetables,Tomato,Other,Local,"1,500.00","2,500.00","2,250.00",Rs./Quintal,06-05-2026
Maharashtra,Nagpur,APMC Nagpur ,Vegetables,Tomato,Local,Local,"2,000.00","2,500.00","2,375.00",Rs./Quintal,05-05-2026
Maharashtra,Nagpur,APMC Nagpur ,Vegetables,Tomato,Other,Local,"2,000.00","2,500.00","2,375.00",Rs./Quintal,05-05-2026
Maharashtra,Nagpur,APMC Nagpur ,Vegetables,Tomato,Local,Local,"1,500.00","2,000.00","1,875.00",Rs./Quintal,04-05-2026
Maharashtra,Nagpur,APMC Nagpur ,Vegetables,Tomato,Other,Local,"1,500.00","2,200.00","2,025.00",Rs./Quintal,04-05-2026
Maharashtra,Nagpur,APMC Nagpur ,Vegetables,Tomato,Local,Local,"1,500.00","2,500.00","2,250.00",Rs./Quintal,02-05-2026
Maharashtra,Nagpur,APMC Nagpur ,Vegetables,Tomato,Other,Local,"1,500.00","2,500.00","2,250.00",Rs./Quintal,02-05-2026
Maharashtra,Nagpur,APMC Nagpur ,Vegetables,Tomato,Local,Local,"2,000.00","3,200.00","2,900.00",Rs./Quintal,30-04-2026
Maharashtra,Nagpur,APMC Nagpur ,Vegetables,Tomato,Local,Local,"1,500.00","3,000.00","2,625.00",Rs./Quintal,29-04-2026
Maharashtra,Nagpur,APMC Nagpur ,Vegetables,Tomato,Other,Local,"1,500.00","2,000.00","1,875.00",Rs./Quintal,29-04-2026
Maharashtra,Nagpur,APMC Nagpur ,Vegetables,Tomato,Local,Local,"2,000.00","3,000.00","2,750.00",Rs./Quintal,28-04-2026
Maharashtra,Nagpur,APMC Nagpur ,Vegetables,Tomato,Other,Local,"2,000.00","2,500.00","2,375.00",Rs./Quintal,28-04-2026
Maharashtra,Nagpur,APMC Nagpur ,Vegetables,Tomato,Local,Local,"1,500.00","2,500.00","2,250.00",Rs./Quintal,27-04-2026
Maharashtra,Nagpur,APMC Nagpur ,Vegetables,Tomato,Other,Local,"1,500.00","2,200.00","2,025.00",Rs./Quintal,27-04-2026
Maharashtra,Nagpur,APMC Nagpur ,Vegetables,Tomato,Local,Local,"1,500.00","2,000.00","1,875.00",Rs./Quintal,25-04-2026
Maharashtra,Nagpur,APMC Nagpur ,Vegetables,Tomato,Other,Local,"1,500.00","2,000.00","1,875.00",Rs./Quintal,25-04-2026
Maharashtra,Nagpur,APMC Nagpur ,Vegetables,Tomato,Local,Local,"1,200.00","2,000.00","1,800.00",Rs./Quintal,23-04-2026
Maharashtra,Nagpur,APMC Nagpur ,Vegetables,Tomato,Other,Local,"1,500.00","2,000.00","1,875.00",Rs./Quintal,23-04-2026
Maharashtra,Nagpur,APMC Nagpur ,Vegetables,Tomato,Local,Local,"1,200.00","2,000.00","1,800.00",Rs./Quintal,22-04-2026
Maharashtra,Nagpur,APMC Nagpur ,Vegetables,Tomato,Other,Local,"1,500.00","2,000.00","1,875.00",Rs./Quintal,22-04-2026
Maharashtra,Nagpur,APMC Nagpur ,Vegetables,Tomato,Local,Local,"1,000.00","2,000.00","1,750.00",Rs./Quintal,21-04-2026
Maharashtra,Nagpur,APMC Nagpur ,Vegetables,Tomato,Other,Local,"1,500.00","2,200.00","2,025.00",Rs./Quintal,21-04-2026
Maharashtra,Nagpur,APMC Nagpur ,Vegetables,Tomato,Other,Local,"1,500.00","2,000.00","1,875.00",Rs./Quintal,18-04-2026
Maharashtra,Nagpur,APMC Nagpur ,Vegetables,Tomato,Local,Local,"1,500.00","2,200.00","2,025.00",Rs./Quintal,16-04-2026
Maharashtra,Nagpur,APMC Nagpur ,Vegetables,Tomato,Other,Local,"1,500.00","2,000.00","1,875.00",Rs./Quintal,16-04-2026
Maharashtra,Nagpur,APMC Nagpur ,Vegetables,Tomato,Local,Local,"1,000.00","1,500.00","1,325.00",Rs./Quintal,15-04-2026
Maharashtra,Nagpur,APMC Nagpur ,Vegetables,Tomato,Other,Local,"1,000.00","2,000.00","1,875.00",Rs./Quintal,15-04-2026
Maharashtra,Nagpur,APMC Nagpur ,Vegetables,Tomato,Local,Local,"1,000.00","1,700.00","1,550.00",Rs./Quintal,14-04-2026
Maharashtra,Nagpur,APMC Nagpur ,Vegetables,Tomato,Other,Local,"1,000.00","1,500.00","1,325.00",Rs./Quintal,14-04-2026
Maharashtra,Nagpur,APMC Nagpur ,Vegetables,Tomato,Local,Local,500.00,"2,000.00","1,875.00",Rs./Quintal,13-04-2026
Maharashtra,Nagpur,APMC Nagpur ,Vegetables,Tomato,Local,Local,"1,200.00","2,000.00","1,800.00",Rs./Quintal,12-04-2026
Maharashtra,Nagpur,APMC Nagpur ,Vegetables,Tomato,Local,Local,800.00,"1,700.00","1,475.00",Rs./Quintal,11-04-2026
Maharashtra,Nagpur,APMC Nagpur ,Vegetables,Tomato,Other,Local,"1,000.00","1,500.00","1,325.00",Rs./Quintal,11-04-2026
Maharashtra,Nagpur,APMC Nagpur ,Vegetables,Tomato,Local,Local,600.00,"1,300.00","1,125.00",Rs./Quintal,09-04-2026
Maharashtra,Nagpur,APMC Nagpur ,Vegetables,Tomato,Other,Local,"1,000.00","1,300.00","1,225.00",Rs./Quintal,09-04-2026
Maharashtra,Nagpur,APMC Nagpur ,Vegetables,Tomato,Local,Local,500.00,"1,000.00",950.00,Rs./Quintal,08-04-2026
Maharashtra,Nagpur,APMC Nagpur ,Vegetables,Tomato,Other,Local,700.00,"1,000.00",925.00,Rs./Quintal,08-04-2026
Maharashtra,Nagpur,APMC Nagpur ,Vegetables,Tomato,Local,Local,500.00,900.00,825.00,Rs./Quintal,07-04-2026
Maharashtra,Nagpur,APMC Nagpur ,Vegetables,Tomato,Other,Local,"1,000.00","1,300.00","1,225.00",Rs./Quintal,07-04-2026
Maharashtra,Nagpur,APMC Nagpur ,Vegetables,Tomato,Local,Local,500.00,"1,000.00",825.00,Rs./Quintal,06-04-2026
Maharashtra,Nagpur,APMC Nagpur ,Vegetables,Tomato,Other,Local,"1,000.00","1,500.00","1,325.00",Rs./Quintal,06-04-2026
Maharashtra,Nagpur,APMC Nagpur ,Vegetables,Tomato,Local,Local,500.00,"1,200.00","1,025.00",Rs./Quintal,05-04-2026
Maharashtra,Nagpur,APMC Nagpur ,Vegetables,Tomato,Other,Local,"1,200.00","1,700.00","1,625.00",Rs./Quintal,05-04-2026
Maharashtra,Nagpur,APMC Nagpur ,Vegetables,Tomato,Local,Local,700.00,"1,200.00","1,025.00",Rs./Quintal,04-04-2026
Maharashtra,Nagpur,APMC Nagpur ,Vegetables,Tomato,Other,Local,"1,000.00","1,500.00","1,325.00",Rs./Quintal,04-04-2026
Maharashtra,Nagpur,APMC Nagpur ,Vegetables,Tomato,Local,Local,600.00,"1,000.00",900.00,Rs./Quintal,02-04-2026
Maharashtra,Nagpur,APMC Nagpur ,Vegetables,Tomato,Other,Local,"1,000.00","1,500.00","1,325.00",Rs./Quintal,02-04-2026
Maharashtra,Nagpur,APMC Nagpur ,Vegetables,Tomato,Local,Local,500.00,"1,000.00",825.00,Rs./Quintal,01-04-2026
Maharashtra,Nagpur,APMC Nagpur ,Vegetables,Tomato,Other,Local,"1,000.00","1,200.00","1,150.00",Rs./Quintal,01-04-2026
Maharashtra,Nagpur,APMC Nagpur ,Vegetables,Tomato,Local,Local,700.00,"1,000.00",925.00,Rs./Quintal,31-03-2026
Maharashtra,Nagpur,APMC Nagpur ,Vegetables,Tomato,Local,Local,700.00,"1,000.00",925.00,Rs./Quintal,30-03-2026
Maharashtra,Nagpur,APMC Nagpur ,Vegetables,Tomato,Other,Local,"1,000.00","1,200.00","1,150.00",Rs./Quintal,30-03-2026
Maharashtra,Nagpur,APMC Nagpur ,Vegetables,Tomato,Local,Local,500.00,"1,000.00",875.00,Rs./Quintal,28-03-2026
Maharashtra,Nagpur,APMC Nagpur ,Vegetables,Tomato,Other,Local,"1,200.00","1,700.00","1,575.00",Rs./Quintal,28-03-2026
Maharashtra,Nagpur,APMC Nagpur ,Vegetables,Tomato,Local,Local,400.00,800.00,700.00,Rs./Quintal,25-03-2026
Maharashtra,Nagpur,APMC Nagpur ,Vegetables,Tomato,Other,Local,500.00,"1,000.00",825.00,Rs./Quintal,25-03-2026
Maharashtra,Nagpur,APMC Nagpur ,Vegetables,Tomato,Local,Local,300.00,700.00,600.00,Rs./Quintal,24-03-2026
Maharashtra,Nagpur,APMC Nagpur ,Vegetables,Tomato,Other,Local,500.00,"1,000.00",825.00,Rs./Quintal,24-03-2026
Maharashtra,Nagpur,APMC Nagpur ,Vegetables,Tomato,Local,Local,500.00,900.00,825.00,Rs./Quintal,23-03-2026
Maharashtra,Nagpur,APMC Nagpur ,Vegetables,Tomato,Other,Local,"1,500.00","2,000.00","1,875.00",Rs./Quintal,23-03-2026
Maharashtra,Nagpur,APMC Nagpur ,Vegetables,Tomato,Local,Local,300.00,700.00,625.00,Rs./Quintal,22-03-2026
Maharashtra,Nagpur,APMC Nagpur ,Vegetables,Tomato,Other,Local,"1,000.00","1,500.00","1,325.00",Rs./Quintal,22-03-2026
Maharashtra,Nagpur,APMC Nagpur ,Vegetables,Tomato,Local,Local,400.00,700.00,625.00,Rs./Quintal,17-03-2026
Maharashtra,Nagpur,APMC Nagpur ,Vegetables,Tomato,Other,Local,"1,000.00","1,700.00","1,550.00",Rs./Quintal,17-03-2026
Maharashtra,Nagpur,APMC Nagpur ,Vegetables,Tomato,Local,Local,500.00,900.00,725.00,Rs./Quintal,16-03-2026
Maharashtra,Nagpur,APMC Nagpur ,Vegetables,Tomato,Other,Local,"1,000.00","1,700.00","1,525.00",Rs./Quintal,16-03-2026
Maharashtra,Nagpur,APMC Nagpur ,Vegetables,Tomato,Local,Local,500.00,800.00,725.00,Rs./Quintal,14-03-2026
Maharashtra,Nagpur,APMC Nagpur ,Vegetables,Tomato,Other,Local,"1,200.00","1,500.00","1,425.00",Rs./Quintal,14-03-2026
Maharashtra,Nagpur,APMC Nagpur ,Vegetables,Tomato,Local,Local,500.00,"1,000.00",825.00,Rs./Quintal,12-03-2026
Maharashtra,Nagpur,APMC Nagpur ,Vegetables,Tomato,Other,Local,"1,500.00","2,000.00","1,875.00",Rs./Quintal,12-03-2026
Maharashtra,Nagpur,APMC Nagpur ,Vegetables,Tomato,Local,Local,600.00,800.00,750.00,Rs./Quintal,11-03-2026
Maharashtra,Nagpur,APMC Nagpur ,Vegetables,Tomato,Other,Local,"1,500.00","1,700.00","1,650.00",Rs./Quintal,11-03-2026
Maharashtra,Nagpur,APMC Nagpur ,Vegetables,Tomato,Local,Local,500.00,"1,000.00",825.00,Rs./Quintal,10-03-2026
Maharashtra,Nagpur,APMC Nagpur ,Vegetables,Tomato,Other,Local,"1,000.00","1,500.00","1,325.00",Rs./Quintal,10-03-2026
Maharashtra,Nagpur,APMC Nagpur ,Vegetables,Tomato,Local,Local,700.00,"1,000.00",825.00,Rs./Quintal,09-03-2026
Maharashtra,Nagpur,APMC Nagpur ,Vegetables,Tomato,Other,Local,"1,000.00","2,000.00","1,875.00",Rs./Quintal,09-03-2026
Maharashtra,Nagpur,APMC Nagpur ,Vegetables,Tomato,Local,Local,600.00,"1,200.00","1,100.00",Rs./Quintal,08-03-2026
Maharashtra,Nagpur,APMC Nagpur ,Vegetables,Tomato,Other,Local,"1,700.00","2,000.00","1,925.00",Rs./Quintal,08-03-2026
Maharashtra,Nagpur,APMC Nagpur ,Vegetables,Tomato,Local,Local,600.00,"1,200.00","1,050.00",Rs./Quintal,07-03-2026
Maharashtra,Nagpur,APMC Nagpur ,Vegetables,Tomato,Other,Local,"1,500.00","1,700.00","1,650.00",Rs./Quintal,07-03-2026
Maharashtra,Nagpur,APMC Nagpur ,Vegetables,Tomato,Local,Local,500.00,"1,000.00",825.00,Rs./Quintal,05-03-2026
Maharashtra,Nagpur,APMC Nagpur ,Vegetables,Tomato,Other,Local,"1,200.00","1,500.00","1,425.00",Rs./Quintal,05-03-2026
Maharashtra,Nagpur,APMC Nagpur ,Vegetables,Tomato,Local,Local,500.00,700.00,650.00,Rs./Quintal,04-03-2026
Maharashtra,Nagpur,APMC Nagpur ,Vegetables,Tomato,Other,Local,"1,000.00","1,200.00","1,150.00",Rs./Quintal,04-03-2026
Maharashtra,Nagpur,APMC Nagpur ,Vegetables,Tomato,Local,Local,500.00,900.00,800.00,Rs./Quintal,26-02-2026
Maharashtra,Nagpur,APMC Nagpur ,Vegetables,Tomato,Other,Local,"1,000.00","1,500.00","1,325.00",Rs./Quintal,26-02-2026
Maharashtra,Nagpur,APMC Nagpur ,Vegetables,Tomato,Local,Local,500.00,800.00,725.00,Rs./Quintal,25-02-2026
Maharashtra,Nagpur,APMC Nagpur ,Vegetables,Tomato,Other,Local,800.00,"1,000.00",950.00,Rs./Quintal,25-02-2026
Maharashtra,Nagpur,APMC Nagpur ,Vegetables,Tomato,Local,Local,400.00,700.00,625.00,Rs./Quintal,24-02-2026
Maharashtra,Nagpur,APMC Nagpur ,Vegetables,Tomato,Other,Local,"1,200.00","1,500.00","1,425.00",Rs./Quintal,24-02-2026
Maharashtra,Nagpur,APMC Nagpur ,Vegetables,Tomato,Local,Local,500.00,700.00,650.00,Rs./Quintal,23-02-2026
Maharashtra,Nagpur,APMC Nagpur ,Vegetables,Tomato,Other,Local,"1,500.00","1,700.00","1,650.00",Rs./Quintal,23-02-2026
Maharashtra,Nagpur,APMC Nagpur ,Vegetables,Tomato,Local,Local,400.00,700.00,625.00,Rs./Quintal,21-02-2026
Maharashtra,Nagpur,APMC Nagpur ,Vegetables,Tomato,Other,Local,"1,000.00","1,500.00","1,325.00",Rs./Quintal,21-02-2026
Maharashtra,Nagpur,APMC Nagpur ,Vegetables,Tomato,Local,Local,700.00,"1,200.00","1,050.00",Rs./Quintal,18-02-2026
Maharashtra,Nagpur,APMC Nagpur ,Vegetables,Tomato,Other,Local,"1,000.00","1,500.00","1,325.00",Rs./Quintal,18-02-2026
Maharashtra,Nagpur,APMC Nagpur ,Vegetables,Tomato,Local,Local,500.00,"1,500.00","1,225.00",Rs./Quintal,17-02-2026
Maharashtra,Nagpur,APMC Nagpur ,Vegetables,Tomato,Other,Local,"1,200.00","1,500.00","1,425.00",Rs./Quintal,17-02-2026
Maharashtra,Nagpur,APMC Nagpur ,Vegetables,Tomato,Local,Local,700.00,"1,000.00",925.00,Rs./Quintal,16-02-2026
Maharashtra,Nagpur,APMC Nagpur ,Vegetables,Tomato,Other,Local,"1,000.00","1,500.00","1,425.00",Rs./Quintal,16-02-2026
Maharashtra,Nagpur,APMC Nagpur ,Vegetables,Tomato,Local,Local,700.00,"1,200.00","1,025.00",Rs./Quintal,14-02-2026
Maharashtra,Nagpur,APMC Nagpur ,Vegetables,Tomato,Other,Local,"1,000.00","1,200.00","1,150.00",Rs./Quintal,14-02-2026
Maharashtra,Nagpur,APMC Nagpur ,Vegetables,Tomato,Local,Local,500.00,"1,000.00",825.00,Rs./Quintal,12-02-2026
Maharashtra,Nagpur,APMC Nagpur ,Vegetables,Tomato,Other,Local,700.00,"1,200.00","1,025.00",Rs./Quintal,12-02-2026
Maharashtra,Nagpur,APMC Nagpur ,Vegetables,Tomato,Local,Local,500.00,900.00,725.00,Rs./Quintal,11-02-2026
Maharashtra,Nagpur,APMC Nagpur ,Vegetables,Tomato,Other,Local,"1,000.00","1,200.00","1,150.00",Rs./Quintal,11-02-2026
Maharashtra,Nagpur,APMC Nagpur ,Vegetables,Tomato,Other,Local,"1,000.00","1,500.00","1,325.00",Rs./Quintal,10-02-2026
Maharashtra,Nagpur,APMC Nagpur ,Vegetables,Tomato,Local,Local,500.00,"1,000.00",825.00,Rs./Quintal,09-02-2026
Maharashtra,Nagpur,APMC Nagpur ,Vegetables,Tomato,Other,Local,"1,000.00","1,200.00","1,150.00",Rs./Quintal,09-02-2026
Maharashtra,Nagpur,APMC Nagpur ,Vegetables,Tomato,Local,Local,"1,000.00","1,500.00","1,325.00",Rs./Quintal,07-02-2026
Maharashtra,Nagpur,APMC Nagpur ,Vegetables,Tomato,Other,Local,"1,000.00","1,700.00","1,525.00",Rs./Quintal,07-02-2026
Maharashtra,Nagpur,APMC Nagpur ,Vegetables,Tomato,Local,Local,"1,500.00","2,000.00","1,875.00",Rs./Quintal,05-02-2026
Maharashtra,Nagpur,APMC Nagpur ,Vegetables,Tomato,Other,Local,"1,000.00","1,500.00","1,325.00",Rs./Quintal,04-02-2026
Maharashtra,Nagpur,APMC Nagpur ,Vegetables,Tomato,Local,Local,500.00,"1,500.00","1,250.00",Rs./Quintal,03-02-2026
Maharashtra,Nagpur,APMC Nagpur ,Vegetables,Tomato,Other,Local,"1,000.00","1,500.00","1,375.00",Rs./Quintal,03-02-2026
Maharashtra,Nagpur,APMC Nagpur ,Vegetables,Tomato,Other,Local,"1,000.00","1,200.00","1,150.00",Rs./Quintal,02-02-2026
Maharashtra,Nagpur,APMC Nagpur ,Vegetables,Tomato,Local,Local,700.00,"1,200.00","1,100.00",Rs./Quintal,31-01-2026
Maharashtra,Nagpur,APMC Nagpur ,Vegetables,Tomato,Local,Local,"1,000.00","1,800.00","1,600.00",Rs./Quintal,27-01-2026
Maharashtra,Nagpur,APMC Nagpur ,Vegetables,Tomato,Other,Local,"1,500.00","2,000.00","1,875.00",Rs./Quintal,27-01-2026
Maharashtra,Nagpur,APMC Nagpur ,Vegetables,Tomato,Local,Local,"1,500.00","2,000.00","1,875.00",Rs./Quintal,24-01-2026
Maharashtra,Nagpur,APMC Nagpur ,Vegetables,Tomato,Other,Local,"1,500.00","2,000.00","1,875.00",Rs./Quintal,24-01-2026
Maharashtra,Nagpur,APMC Nagpur ,Vegetables,Tomato,Local,Local,"1,500.00","2,800.00","2,475.00",Rs./Quintal,21-01-2026
Maharashtra,Nagpur,APMC Nagpur ,Vegetables,Tomato,Other,Local,"2,500.00","3,000.00","2,875.00",Rs./Quintal,21-01-2026
Maharashtra,Nagpur,APMC Nagpur ,Vegetables,Tomato,Local,Local,"1,500.00","2,500.00","2,250.00",Rs./Quintal,20-01-2026
Maharashtra,Nagpur,APMC Nagpur ,Vegetables,Tomato,Other,Local,"2,000.00","2,500.00","2,325.00",Rs./Quintal,20-01-2026
Maharashtra,Nagpur,APMC Nagpur ,Vegetables,Tomato,Local,Local,"1,000.00","2,500.00","2,250.00",Rs./Quintal,19-01-2026
Maharashtra,Nagpur,APMC Nagpur ,Vegetables,Tomato,Other,Local,"2,000.00","2,500.00","2,325.00",Rs./Quintal,19-01-2026
Maharashtra,Nagpur,APMC Nagpur ,Vegetables,Tomato,Local,Local,"1,500.00","2,500.00","2,250.00",Rs./Quintal,17-01-2026
Maharashtra,Nagpur,APMC Nagpur ,Vegetables,Tomato,Other,Local,"2,000.00","3,000.00","2,750.00",Rs./Quintal,17-01-2026
Maharashtra,Nagpur,APMC Nagpur ,Vegetables,Tomato,Local,Local,"1,500.00","3,000.00","2,625.00",Rs./Quintal,14-01-2026
Maharashtra,Nagpur,APMC Nagpur ,Vegetables,Tomato,Other,Local,"2,000.00","3,000.00","2,750.00",Rs./Quintal,14-01-2026
Maharashtra,Nagpur,APMC Nagpur ,Vegetables,Tomato,Local,Local,"1,500.00","3,500.00","3,250.00",Rs./Quintal,13-01-2026
Maharashtra,Nagpur,APMC Nagpur ,Vegetables,Tomato,Other,Local,"2,500.00","3,500.00","3,250.00",Rs./Quintal,13-01-2026
Maharashtra,Nagpur,APMC Nagpur ,Vegetables,Tomato,Local,Local,"1,000.00","2,000.00","1,875.00",Rs./Quintal,12-01-2026
Maharashtra,Nagpur,APMC Nagpur ,Vegetables,Tomato,Other,Local,"1,500.00","2,200.00","2,025.00",Rs./Quintal,12-01-2026
Maharashtra,Nagpur,APMC Nagpur ,Vegetables,Tomato,Local,Local,"1,500.00","2,500.00","2,250.00",Rs./Quintal,11-01-2026
Maharashtra,Nagpur,APMC Nagpur ,Vegetables,Tomato,Other,Local,"2,000.00","2,500.00","2,325.00",Rs./Quintal,11-01-2026
Maharashtra,Nagpur,APMC Nagpur ,Vegetables,Tomato,Local,Local,"1,500.00","3,000.00","2,625.00",Rs./Quintal,10-01-2026
Maharashtra,Nagpur,APMC Nagpur ,Vegetables,Tomato,Other,Local,"2,500.00","3,000.00","2,750.00",Rs./Quintal,10-01-2026
Maharashtra,Nagpur,APMC Nagpur ,Vegetables,Tomato,Local,Local,"1,500.00","3,000.00","2,625.00",Rs./Quintal,07-01-2026
Maharashtra,Nagpur,APMC Nagpur ,Vegetables,Tomato,Other,Local,"2,500.00","3,500.00","3,250.00",Rs./Quintal,07-01-2026
Maharashtra,Nagpur,APMC Nagpur ,Vegetables,Tomato,Local,Local,"1,500.00","3,000.00","2,625.00",Rs./Quintal,06-01-2026
Maharashtra,Nagpur,APMC Nagpur ,Vegetables,Tomato,Other,Local,"2,500.00","3,500.00","3,250.00",Rs./Quintal,06-01-2026
Maharashtra,Nagpur,APMC Nagpur ,Vegetables,Tomato,Local,Local,"1,500.00","3,500.00","3,350.00",Rs./Quintal,05-01-2026
Maharashtra,Nagpur,APMC Nagpur ,Vegetables,Tomato,Other,Local,"3,000.00","4,000.00","3,750.00",Rs./Quintal,05-01-2026
Maharashtra,Nagpur,APMC Nagpur ,Vegetables,Tomato,Local,Local,"3,000.00","4,000.00","3,750.00",Rs./Quintal,03-01-2026
Maharashtra,Nagpur,APMC Nagpur ,Vegetables,Tomato,Other,Local,"3,500.00","4,200.00","4,050.00",Rs./Quintal,03-01-2026
Maharashtra,Nagpur,APMC Nagpur ,Vegetables,Tomato,Local,Local,"3,500.00","5,000.00","4,625.00",Rs./Quintal,01-01-2026
Maharashtra,Nagpur,APMC Nagpur ,Vegetables,Tomato,Other,Local,"4,000.00","5,000.00","4,725.00",Rs./Quintal,01-01-2026
Maharashtra,Nagpur,APMC Ramtek ,Vegetables,Tomato,Other,Local,"1,500.00","2,500.00","2,000.00",Rs./Quintal,03-09-2026
Maharashtra,Nagpur,APMC Ramtek ,Vegetables,Tomato,Other,Local,"1,500.00","2,500.00","2,000.00",Rs./Quintal,02-09-2026
Maharashtra,Nagpur,APMC Ramtek ,Vegetables,Tomato,Other,Local,"1,000.00","2,000.00","1,500.00",Rs./Quintal,01-09-2026
Maharashtra,Nagpur,APMC Ramtek ,Vegetables,Tomato,Other,Local,"1,000.00","2,000.00","1,500.00",Rs./Quintal,30-08-2026
Maharashtra,Nagpur,APMC Ramtek ,Vegetables,Tomato,Other,Local,"1,000.00","2,000.00","1,500.00",Rs./Quintal,29-08-2026
Maharashtra,Nagpur,APMC Ramtek ,Vegetables,Tomato,Other,Local,"1,000.00","2,000.00","1,500.00",Rs./Quintal,27-08-2026
Maharashtra,Nagpur,APMC Ramtek ,Vegetables,Tomato,Other,Local,"1,000.00","2,000.00","1,500.00",Rs./Quintal,26-08-2026
Maharashtra,Nagpur,APMC Ramtek ,Vegetables,Tomato,Other,Local,"1,000.00","2,000.00","1,500.00",Rs./Quintal,25-08-2026
Maharashtra,Nagpur,APMC Ramtek ,Vegetables,Tomato,Other,Local,"1,000.00","2,000.00","1,500.00",Rs./Quintal,23-08-2026
Maharashtra,Nagpur,APMC Ramtek ,Vegetables,Tomato,Other,Local,"1,000.00","2,000.00","1,500.00",Rs./Quintal,22-08-2026
Maharashtra,Nagpur,APMC Ramtek ,Vegetables,Tomato,Other,Local,"1,000.00","2,000.00","1,500.00",Rs./Quintal,20-08-2026
Maharashtra,Nagpur,APMC Ramtek ,Vegetables,Tomato,Other,Local,"1,000.00","2,000.00","1,000.00",Rs./Quintal,19-08-2026
Maharashtra,Nagpur,APMC Ramtek ,Vegetables,Tomato,Other,Local,"1,500.00","3,000.00","2,000.00",Rs./Quintal,18-08-2026
Maharashtra,Nagpur,APMC Ramtek ,Vegetables,Tomato,Other,Local,"1,000.00","2,000.00","1,500.00",Rs./Quintal,16-08-2026
Maharashtra,Nagpur,APMC Ramtek ,Vegetables,Tomato,Other,Local,"1,000.00","2,000.00","1,500.00",Rs./Quintal,13-08-2026
Maharashtra,Nagpur,APMC Ramtek ,Vegetables,Tomato,Other,Local,"1,000.00","2,000.00","1,500.00",Rs./Quintal,12-08-2026
Maharashtra,Nagpur,APMC Ramtek ,Vegetables,Tomato,Other,Local,"1,500.00","2,500.00","2,000.00",Rs./Quintal,11-08-2026
Maharashtra,Nagpur,APMC Ramtek ,Vegetables,Tomato,Other,Local,"1,000.00","2,000.00","1,500.00",Rs./Quintal,09-08-2026
Maharashtra,Nagpur,APMC Ramtek ,Vegetables,Tomato,Other,Local,"1,000.00","2,000.00","1,500.00",Rs./Quintal,08-08-2026
Maharashtra,Nagpur,APMC Ramtek ,Vegetables,Tomato,Other,Local,"1,000.00","2,000.00","1,500.00",Rs./Quintal,06-08-2026
Maharashtra,Nagpur,APMC Ramtek ,Vegetables,Tomato,Other,Local,"1,000.00","2,000.00","1,500.00",Rs./Quintal,05-08-2026
Maharashtra,Nagpur,APMC Ramtek ,Vegetables,Tomato,Other,Local,"1,000.00","2,000.00","1,500.00",Rs./Quintal,04-08-2026
Maharashtra,Nagpur,APMC Ramtek ,Vegetables,Tomato,Other,Local,"1,000.00","2,000.00","1,500.00",Rs./Quintal,02-08-2026
Maharashtra,Nagpur,APMC Ramtek ,Vegetables,Tomato,Other,Local,"1,000.00","2,000.00","1,500.00",Rs./Quintal,01-08-2026
Maharashtra,Nagpur,APMC Ramtek ,Vegetables,Tomato,Other,Local,"1,000.00","2,000.00","1,500.00",Rs./Quintal,29-07-2026
Maharashtra,Nagpur,APMC Ramtek ,Vegetables,Tomato,Other,Local,"1,000.00","2,000.00","1,500.00",Rs./Quintal,28-07-2026
Maharashtra,Nagpur,APMC Ramtek ,Vegetables,Tomato,Other,Local,"1,500.00","2,500.00","2,000.00",Rs./Quintal,26-07-2026
Maharashtra,Nagpur,APMC Ramtek ,Vegetables,Tomato,Other,Local,"1,000.00","2,000.00","1,500.00",Rs./Quintal,25-07-2026
Maharashtra,Nagpur,APMC Ramtek ,Vegetables,Tomato,Other,Local,"1,000.00","2,000.00","1,500.00",Rs./Quintal,23-07-2026
Maharashtra,Nagpur,APMC Ramtek ,Vegetables,Tomato,Other,Local,"1,000.00","2,000.00","1,500.00",Rs./Quintal,22-07-2026
Maharashtra,Nagpur,APMC Ramtek ,Vegetables,Tomato,Other,Local,"1,000.00","2,000.00","1,500.00",Rs./Quintal,21-07-2026
Maharashtra,Nagpur,APMC Ramtek ,Vegetables,Tomato,Other,Local,"1,000.00","2,000.00","1,500.00",Rs./Quintal,19-07-2026
Maharashtra,Nagpur,APMC Ramtek ,Vegetables,Tomato,Other,Local,"1,000.00","2,000.00","1,500.00",Rs./Quintal,18-07-2026
Maharashtra,Nagpur,APMC Ramtek ,Vegetables,Tomato,Other,Local,"2,000.00","3,000.00","2,500.00",Rs./Quintal,16-07-2026
Maharashtra,Nagpur,APMC Ramtek ,Vegetables,Tomato,Other,Local,"1,000.00","2,000.00","1,500.00",Rs./Quintal,15-07-2026
Maharashtra,Nagpur,APMC Ramtek ,Vegetables,Tomato,Other,Local,"2,000.00","3,000.00","2,500.00",Rs./Quintal,14-07-2026
Maharashtra,Nagpur,APMC Ramtek ,Vegetables,Tomato,Other,Local,"1,500.00","2,500.00","2,000.00",Rs./Quintal,12-07-2026
Maharashtra,Nagpur,APMC Ramtek ,Vegetables,Tomato,Other,Local,"1,000.00","2,000.00","1,500.00",Rs./Quintal,11-07-2026
Maharashtra,Nagpur,APMC Ramtek ,Vegetables,Tomato,Other,Local,"1,000.00","2,000.00","1,500.00",Rs./Quintal,09-07-2026
Maharashtra,Nagpur,APMC Ramtek ,Vegetables,Tomato,Other,Local,"1,000.00","2,000.00","1,500.00",Rs./Quintal,08-07-2026
Maharashtra,Nagpur,APMC Ramtek ,Vegetables,Tomato,Other,Local,"1,500.00","2,500.00","2,000.00",Rs./Quintal,07-07-2026
Maharashtra,Nagpur,APMC Ramtek ,Vegetables,Tomato,Other,Local,"1,500.00","2,500.00","2,000.00",Rs./Quintal,05-07-2026
Maharashtra,Nagpur,APMC Ramtek ,Vegetables,Tomato,Other,Local,"1,500.00","3,000.00","2,500.00",Rs./Quintal,04-07-2026
Maharashtra,Nagpur,APMC Ramtek ,Vegetables,Tomato,Other,Local,"2,000.00","3,000.00","2,500.00",Rs./Quintal,02-07-2026
Maharashtra,Nagpur,APMC Ramtek ,Vegetables,Tomato,Other,Local,"2,000.00","3,000.00","2,500.00",Rs./Quintal,01-07-2026
Maharashtra,Nagpur,APMC Ramtek ,Vegetables,Tomato,Other,Local,"1,500.00","2,500.00","2,000.00",Rs./Quintal,30-06-2026
Maharashtra,Nagpur,APMC Ramtek ,Vegetables,Tomato,Other,Local,"1,000.00","2,000.00","1,500.00",Rs./Quintal,28-06-2026
Maharashtra,Nagpur,APMC Ramtek ,Vegetables,Tomato,Other,Local,"1,500.00","2,500.00","2,000.00",Rs./Quintal,27-06-2026
Maharashtra,Nagpur,APMC Ramtek ,Vegetables,Tomato,Other,Local,"1,500.00","2,500.00","2,000.00",Rs./Quintal,24-06-2026
Maharashtra,Nagpur,APMC Ramtek ,Vegetables,Tomato,Other,Local,"2,000.00","3,000.00","2,500.00",Rs./Quintal,23-06-2026
Maharashtra,Nagpur,APMC Ramtek ,Vegetables,Tomato,Other,Local,"2,000.00","3,000.00","2,500.00",Rs./Quintal,21-06-2026
Maharashtra,Nagpur,APMC Ramtek ,Vegetables,Tomato,Other,Local,"1,500.00","2,500.00","2,000.00",Rs./Quintal,20-06-2026
Maharashtra,Nagpur,APMC Ramtek ,Vegetables,Tomato,Other,Local,"2,000.00","3,000.00","2,500.00",Rs./Quintal,17-06-2026
Maharashtra,Nagpur,APMC Ramtek ,Vegetables,Tomato,Other,Local,"2,000.00","4,000.00","3,000.00",Rs./Quintal,16-06-2026
Maharashtra,Nagpur,APMC Ramtek ,Vegetables,Tomato,Other,Local,"2,000.00","4,000.00","3,000.00",Rs./Quintal,14-06-2026
Maharashtra,Nagpur,APMC Ramtek ,Vegetables,Tomato,Other,Local,"3,000.00","5,000.00","4,000.00",Rs./Quintal,13-06-2026
Maharashtra,Nagpur,APMC Ramtek ,Vegetables,Tomato,Other,Local,"3,000.00","4,000.00","3,500.00",Rs./Quintal,11-06-2026
Maharashtra,Nagpur,APMC Ramtek ,Vegetables,Tomato,Other,Local,"3,000.00","5,000.00","4,000.00",Rs./Quintal,10-06-2026
Maharashtra,Nagpur,APMC Ramtek ,Vegetables,Tomato,Other,Local,"3,000.00","4,000.00","3,500.00",Rs./Quintal,09-06-2026
Maharashtra,Nagpur,APMC Ramtek ,Vegetables,Tomato,Other,Local,"3,000.00","5,000.00","4,000.00",Rs./Quintal,07-06-2026
Maharashtra,Nagpur,APMC Ramtek ,Vegetables,Tomato,Other,Local,"2,000.00","4,000.00","3,000.00",Rs./Quintal,06-06-2026
Maharashtra,Nagpur,APMC Ramtek ,Vegetables,Tomato,Other,Local,"1,500.00","2,500.00","2,000.00",Rs./Quintal,04-06-2026
Maharashtra,Nagpur,APMC Ramtek ,Vegetables,Tomato,Other,Local,"1,000.00","2,000.00","1,500.00",Rs./Quintal,03-06-2026
Maharashtra,Nagpur,APMC Ramtek ,Vegetables,Tomato,Other,Local,"2,000.00","3,000.00","2,500.00",Rs./Quintal,02-06-2026
Maharashtra,Nagpur,APMC Ramtek ,Vegetables,Tomato,Other,Local,"1,000.00","3,000.00","2,000.00",Rs./Quintal,31-05-2026
Maharashtra,Nagpur,APMC Ramtek ,Vegetables,Tomato,Other,Local,"1,500.00","2,500.00","2,000.00",Rs./Quintal,30-05-2026
Maharashtra,Nagpur,APMC Ramtek ,Vegetables,Tomato,Other,Local,"1,000.00","2,000.00","1,500.00",Rs./Quintal,26-05-2026
Maharashtra,Nagpur,APMC Ramtek ,Vegetables,Tomato,Other,Local,"1,000.00","2,000.00","1,500.00",Rs./Quintal,24-05-2026
Maharashtra,Nagpur,APMC Ramtek ,Vegetables,Tomato,Other,Local,"1,000.00","2,000.00","1,500.00",Rs./Quintal,23-05-2026
Maharashtra,Nagpur,APMC Ramtek ,Vegetables,Tomato,Other,Local,"1,000.00","2,000.00","1,500.00",Rs./Quintal,21-05-2026
Maharashtra,Nagpur,APMC Ramtek ,Vegetables,Tomato,Other,Local,"1,000.00","2,000.00","1,500.00",Rs./Quintal,20-05-2026
Maharashtra,Nagpur,APMC Ramtek ,Vegetables,Tomato,Other,Local,"1,500.00","2,500.00","2,000.00",Rs./Quintal,19-05-2026
Maharashtra,Nagpur,APMC Ramtek ,Vegetables,Tomato,Other,Local,"1,500.00","2,500.00","2,000.00",Rs./Quintal,17-05-2026
Maharashtra,Nagpur,APMC Ramtek ,Vegetables,Tomato,Other,Local,"1,500.00","2,500.00","2,000.00",Rs./Quintal,16-05-2026
Maharashtra,Nagpur,APMC Ramtek ,Vegetables,Tomato,Other,Local,"2,000.00","3,000.00","2,500.00",Rs./Quintal,14-05-2026
Maharashtra,Nagpur,APMC Ramtek ,Vegetables,Tomato,Other,Local,"1,000.00","2,000.00","1,500.00",Rs./Quintal,13-05-2026
Maharashtra,Nagpur,APMC Ramtek ,Vegetables,Tomato,Other,Local,"1,000.00","2,000.00","1,500.00",Rs./Quintal,12-05-2026
Maharashtra,Nagpur,APMC Ramtek ,Vegetables,Tomato,Other,Local,"1,000.00","2,000.00","1,500.00",Rs./Quintal,10-05-2026
Maharashtra,Nagpur,APMC Ramtek ,Vegetables,Tomato,Other,Local,"1,000.00","2,000.00","1,500.00",Rs./Quintal,09-05-2026
Maharashtra,Nagpur,APMC Ramtek ,Vegetables,Tomato,Other,Local,"1,000.00","2,000.00","1,500.00",Rs./Quintal,07-05-2026
Maharashtra,Nagpur,APMC Ramtek ,Vegetables,Tomato,Other,Local,"1,000.00","2,000.00","1,500.00",Rs./Quintal,06-05-2026
Maharashtra,Nagpur,APMC Ramtek ,Vegetables,Tomato,Other,Local,"1,000.00","2,000.00","1,500.00",Rs./Quintal,05-05-2026
Maharashtra,Nagpur,APMC Ramtek ,Vegetables,Tomato,Other,Local,"1,000.00","2,000.00","1,500.00",Rs./Quintal,03-05-2026
Maharashtra,Nagpur,APMC Ramtek ,Vegetables,Tomato,Other,Local,"1,000.00","2,000.00","1,500.00",Rs./Quintal,02-05-2026
Maharashtra,Nagpur,APMC Ramtek ,Vegetables,Tomato,Other,Local,"1,000.00","2,000.00","1,500.00",Rs./Quintal,29-04-2026
Maharashtra,Nagpur,APMC Ramtek ,Vegetables,Tomato,Other,Local,"1,000.00","2,000.00","1,500.00",Rs./Quintal,28-04-2026
Maharashtra,Nagpur,APMC Ramtek ,Vegetables,Tomato,Other,Local,"1,000.00","2,000.00","1,500.00",Rs./Quintal,26-04-2026
Maharashtra,Nagpur,APMC Ramtek ,Vegetables,Tomato,Other,Local,800.00,"1,000.00",900.00,Rs./Quintal,25-04-2026
Maharashtra,Nagpur,APMC Ramtek ,Vegetables,Tomato,Other,Local,800.00,"1,500.00","1,100.00",Rs./Quintal,23-04-2026
Maharashtra,Nagpur,APMC Ramtek ,Vegetables,Tomato,Other,Local,800.00,"1,500.00","1,200.00",Rs./Quintal,22-04-2026
Maharashtra,Nagpur,APMC Ramtek ,Vegetables,Tomato,Other,Local,800.00,"1,000.00",900.00,Rs./Quintal,15-04-2026
Maharashtra,Nagpur,APMC Ramtek ,Vegetables,Tomato,Other,Local,800.00,"1,000.00",900.00,Rs./Quintal,14-04-2026
Maharashtra,Nagpur,APMC Ramtek ,Vegetables,Tomato,Other,Local,800.00,"1,000.00",900.00,Rs./Quintal,12-04-2026
Maharashtra,Nagpur,APMC Ramtek ,Vegetables,Tomato,Other,Local,600.00,"1,000.00",800.00,Rs./Quintal,11-04-2026
Maharashtra,Nagpur,APMC Ramtek ,Vegetables,Tomato,Other,Local,600.00,800.00,700.00,Rs./Quintal,09-04-2026
Maharashtra,Nagpur,APMC Ramtek ,Vegetables,Tomato,Other,Local,800.00,"1,000.00",900.00,Rs./Quintal,04-04-2026
Maharashtra,Nagpur,APMC Ramtek ,Vegetables,Tomato,Other,Local,800.00,"1,000.00",900.00,Rs./Quintal,17-03-2026
Maharashtra,Nagpur,APMC Ramtek ,Vegetables,Tomato,Other,Local,800.00,"1,000.00",900.00,Rs./Quintal,17-02-2026
Maharashtra,Nagpur,APMC Ramtek ,Vegetables,Tomato,Other,Local,300.00,500.00,400.00,Rs./Quintal,15-02-2026
Maharashtra,Nagpur,APMC Ramtek ,Vegetables,Tomato,Other,Local,300.00,500.00,400.00,Rs./Quintal,11-02-2026
Maharashtra,Nagpur,APMC Ramtek ,Vegetables,Tomato,Other,Local,600.00,800.00,700.00,Rs./Quintal,08-02-2026
Maharashtra,Nagpur,APMC Ramtek ,Vegetables,Tomato,Other,Local,600.00,800.00,700.00,Rs./Quintal,07-02-2026
Maharashtra,Nagpur,APMC Ramtek ,Vegetables,Tomato,Other,Local,600.00,800.00,700.00,Rs./Quintal,03-02-2026
Maharashtra,Nagpur,APMC Ramtek ,Vegetables,Tomato,Other,Local,800.00,"1,000.00",900.00,Rs./Quintal,01-02-2026
Maharashtra,Nagpur,APMC Ramtek ,Vegetables,Tomato,Other,Local,800.00,"1,000.00",900.00,Rs./Quintal,31-01-2026
Maharashtra,Nagpur,APMC Ramtek ,Vegetables,Tomato,Other,Local,800.00,"1,000.00",900.00,Rs./Quintal,27-01-2026
Maharashtra,Nagpur,APMC Ramtek ,Vegetables,Tomato,Other,Local,"1,000.00","1,500.00","1,300.00",Rs./Quintal,24-01-2026
Maharashtra,Nagpur,APMC Ramtek ,Vegetables,Tomato,Other,Local,"1,100.00","1,500.00","1,300.00",Rs./Quintal,21-01-2026
Maharashtra,Nagpur,APMC Ramtek ,Vegetables,Tomato,Other,Local,"1,500.00","2,000.00","1,800.00",Rs./Quintal,18-01-2026
Maharashtra,Nagpur,APMC Ramtek ,Vegetables,Tomato,Other,Local,"1,000.00","2,000.00","1,500.00",Rs./Quintal,17-01-2026
Maharashtra,Nagpur,APMC Ramtek ,Vegetables,Tomato,Other,Local,"1,500.00","2,000.00","1,800.00",Rs./Quintal,14-01-2026
Maharashtra,Nagpur,APMC Ramtek ,Vegetables,Tomato,Other,Local,"1,800.00","2,000.00","1,900.00",Rs./Quintal,13-01-2026
Maharashtra,Nagpur,APMC Ramtek ,Vegetables,Tomato,Other,Local,"1,000.00","1,500.00","1,300.00",Rs./Quintal,11-01-2026
Maharashtra,Nagpur,APMC Ramtek ,Vegetables,Tomato,Other,Local,"1,800.00","2,000.00","1,900.00",Rs./Quintal,07-01-2026
Maharashtra,Nagpur,APMC Ramtek ,Vegetables,Tomato,Other,Local,"1,800.00","2,000.00","1,900.00",Rs./Quintal,06-01-2026
Maharashtra,Nagpur,APMC Ramtek ,Vegetables,Tomato,Other,Local,"1,800.00","2,000.00","1,900.00",Rs./Quintal,04-01-2026
Maharashtra,Nagpur,APMC Ramtek ,Vegetables,Tomato,Other,Local,"1,800.00","2,000.00","1,900.00",Rs./Quintal,03-01-2026
Maharashtra,Nandurbar,APMC Navapur ,Vegetables,Tomato,Other,Local,900.00,"2,000.00","1,308.00",Rs./Quintal,22-07-2026
Maharashtra,Nandurbar,APMC Navapur ,Vegetables,Tomato,Other,Local,"1,000.00","2,500.00","1,526.00",Rs./Quintal,20-07-2026
Maharashtra,Nandurbar,APMC Navapur ,Vegetables,Tomato,Other,Local,"1,000.00","2,500.00","1,618.00",Rs./Quintal,19-07-2026
Maharashtra,Nandurbar,APMC Navapur ,Vegetables,Tomato,Other,Local,"1,000.00","2,000.00","1,292.00",Rs./Quintal,13-07-2026
Maharashtra,Nandurbar,APMC Navapur ,Vegetables,Tomato,Other,Local,"1,000.00","2,500.00","1,600.00",Rs./Quintal,08-07-2026
Maharashtra,Nandurbar,APMC Navapur ,Vegetables,Tomato,Other,Local,"1,200.00","3,000.00","1,971.00",Rs./Quintal,05-07-2026
Maharashtra,Nandurbar,APMC Navapur ,Vegetables,Tomato,Other,Local,"1,000.00","3,000.00","1,893.00",Rs./Quintal,01-07-2026
Maharashtra,Nandurbar,APMC Navapur ,Vegetables,Tomato,Other,Local,"1,000.00","3,000.00","1,609.00",Rs./Quintal,30-06-2026
Maharashtra,Nandurbar,APMC Navapur ,Vegetables,Tomato,Other,Local,"1,000.00","2,500.00","1,588.00",Rs./Quintal,29-06-2026
Maharashtra,Nandurbar,APMC Navapur ,Vegetables,Tomato,Other,Local,900.00,"2,500.00","1,489.00",Rs./Quintal,28-06-2026
Maharashtra,Nandurbar,APMC Navapur ,Vegetables,Tomato,Other,Local,"1,000.00","3,000.00","1,760.00",Rs./Quintal,27-06-2026
Maharashtra,Nandurbar,APMC Navapur ,Vegetables,Tomato,Other,Local,"1,500.00","4,000.00","2,575.00",Rs./Quintal,26-06-2026
Maharashtra,Nandurbar,APMC Navapur ,Vegetables,Tomato,Other,Local,"1,500.00","3,500.00","2,364.00",Rs./Quintal,24-06-2026
Maharashtra,Nandurbar,APMC Navapur ,Vegetables,Tomato,Other,Local,"1,000.00","3,000.00","1,925.00",Rs./Quintal,22-06-2026
Maharashtra,Nandurbar,APMC Navapur ,Vegetables,Tomato,Other,Local,"1,500.00","4,500.00","3,000.00",Rs./Quintal,21-06-2026
Maharashtra,Nandurbar,APMC Navapur ,Vegetables,Tomato,Other,Local,"1,000.00","4,000.00","2,115.00",Rs./Quintal,19-06-2026
Maharashtra,Nandurbar,APMC Navapur ,Vegetables,Tomato,Other,Local,"1,000.00","4,000.00","2,261.00",Rs./Quintal,17-06-2026
Maharashtra,Nandurbar,APMC Navapur ,Vegetables,Tomato,Other,Local,"1,000.00","3,500.00","1,946.00",Rs./Quintal,16-06-2026
Maharashtra,Nandurbar,APMC Navapur ,Vegetables,Tomato,Other,Local,"1,000.00","2,000.00","1,477.00",Rs./Quintal,24-05-2026
Maharashtra,Nandurbar,APMC Navapur ,Vegetables,Tomato,Other,Local,"1,000.00","2,500.00","1,750.00",Rs./Quintal,17-05-2026
Maharashtra,Nandurbar,APMC Navapur ,Vegetables,Tomato,Other,Local,"1,250.00","3,000.00","2,042.00",Rs./Quintal,15-05-2026
Maharashtra,Nandurbar,APMC Navapur ,Vegetables,Tomato,Other,Local,"1,800.00","1,900.00","1,835.00",Rs./Quintal,12-05-2026
Maharashtra,Nandurbar,APMC Navapur ,Vegetables,Tomato,Other,Local,900.00,"2,500.00","1,348.00",Rs./Quintal,05-05-2026
Maharashtra,Nandurbar,APMC Navapur ,Vegetables,Tomato,Other,Local,900.00,"2,000.00","1,292.00",Rs./Quintal,03-05-2026
Maharashtra,Nandurbar,APMC Navapur ,Vegetables,Tomato,Other,Local,900.00,"2,000.00","1,510.00",Rs./Quintal,01-05-2026
Maharashtra,Nashik,APMC Chandwad ,Vegetables,Tomato,Local,Local,"1,000.00","2,005.00","1,605.00",Rs./Quintal,31-08-2026
Maharashtra,Nashik,APMC Chandwad ,Vegetables,Tomato,Local,Local,750.00,"1,650.00","1,250.00",Rs./Quintal,29-08-2026
Maharashtra,Nashik,APMC Chandwad ,Vegetables,Tomato,Local,Local,250.00,"1,275.00",750.00,Rs./Quintal,28-08-2026
Maharashtra,Nashik,APMC Chandwad ,Vegetables,Tomato,Local,Local,250.00,"1,075.00",800.00,Rs./Quintal,27-08-2026
Maharashtra,Nashik,APMC Chandwad ,Vegetables,Tomato,Local,Local,300.00,"1,125.00",750.00,Rs./Quintal,26-08-2026
Maharashtra,Nashik,APMC Chandwad ,Vegetables,Tomato,Local,Local,500.00,"2,245.00","1,625.00",Rs./Quintal,19-08-2026
Maharashtra,Nashik,APMC Chandwad ,Vegetables,Tomato,Local,Local,500.00,"2,000.00","1,350.00",Rs./Quintal,17-08-2026
Maharashtra,Nashik,APMC Chandwad ,Vegetables,Tomato,Local,Local,500.00,"1,925.00","1,500.00",Rs./Quintal,14-08-2026
Maharashtra,Nashik,APMC Chandwad ,Vegetables,Tomato,Local,Local,750.00,"2,225.00","1,575.00",Rs./Quintal,13-08-2026
Maharashtra,Nashik,APMC Chandwad ,Vegetables,Tomato,Local,Local,500.00,"2,500.00","1,300.00",Rs./Quintal,12-08-2026
Maharashtra,Nashik,APMC Chandwad ,Vegetables,Tomato,Local,Local,750.00,"2,050.00","1,250.00",Rs./Quintal,08-08-2026
Maharashtra,Nashik,APMC Chandwad ,Vegetables,Tomato,Local,Local,750.00,"2,255.00","1,625.00",Rs./Quintal,07-08-2026
Maharashtra,Nashik,APMC Chandwad ,Vegetables,Tomato,Local,Local,750.00,"2,500.00","1,500.00",Rs./Quintal,06-08-2026
Maharashtra,Nashik,APMC Chandwad ,Vegetables,Tomato,Local,Local,750.00,"2,000.00","1,625.00",Rs./Quintal,05-08-2026
Maharashtra,Nashik,APMC Chandwad ,Vegetables,Tomato,Local,Local,500.00,"2,150.00","1,625.00",Rs./Quintal,31-07-2026
Maharashtra,Nashik,APMC Chandwad ,Vegetables,Tomato,Local,Local,500.00,"2,900.00","2,000.00",Rs./Quintal,30-07-2026
Maharashtra,Nashik,APMC Chandwad ,Vegetables,Tomato,Local,Local,"1,000.00","2,850.00","2,125.00",Rs./Quintal,24-07-2026
Maharashtra,Nashik,APMC Chandwad ,Vegetables,Tomato,Local,Local,500.00,"2,500.00","1,500.00",Rs./Quintal,23-07-2026
Maharashtra,Nashik,APMC Chandwad ,Vegetables,Tomato,Local,Local,750.00,"2,255.00","1,625.00",Rs./Quintal,22-07-2026
Maharashtra,Nashik,APMC Chandwad ,Vegetables,Tomato,Local,Local,500.00,"2,500.00","1,750.00",Rs./Quintal,16-07-2026
Maharashtra,Nashik,APMC Chandwad ,Vegetables,Tomato,Local,Local,750.00,"4,000.00","2,750.00",Rs./Quintal,11-07-2026
Maharashtra,Nashik,APMC Chandwad ,Vegetables,Tomato,Local,Local,750.00,"3,850.00","2,750.00",Rs./Quintal,10-07-2026
Maharashtra,Nashik,APMC Chandwad ,Vegetables,Tomato,Local,Local,"1,000.00","5,105.00","3,250.00",Rs./Quintal,09-07-2026
Maharashtra,Nashik,APMC Chandwad ,Vegetables,Tomato,Local,Local,750.00,"3,500.00","2,625.00",Rs./Quintal,08-07-2026
Maharashtra,Nashik,APMC Chandwad ,Vegetables,Tomato,Local,Local,500.00,"3,755.00","1,750.00",Rs./Quintal,06-07-2026
Maharashtra,Nashik,APMC Chandwad ,Vegetables,Tomato,Local,Local,555.00,"3,500.00","1,750.00",Rs./Quintal,05-07-2026
Maharashtra,Nashik,APMC Chandwad ,Vegetables,Tomato,Local,Local,"1,600.00","4,300.00","3,500.00",Rs./Quintal,04-07-2026
Maharashtra,Nashik,APMC Chandwad ,Vegetables,Tomato,Local,Local,750.00,"2,800.00","2,125.00",Rs./Quintal,03-07-2026
Maharashtra,Nashik,APMC Chandwad ,Vegetables,Tomato,Local,Local,750.00,"2,500.00","1,500.00",Rs./Quintal,02-07-2026
Maharashtra,Nashik,APMC Chandwad ,Vegetables,Tomato,Local,Local,750.00,"2,555.00","1,750.00",Rs./Quintal,01-07-2026
Maharashtra,Nashik,APMC Chandwad ,Vegetables,Tomato,Local,Local,750.00,"3,055.00","1,750.00",Rs./Quintal,27-06-2026
Maharashtra,Nashik,APMC Chandwad ,Vegetables,Tomato,Local,Local,750.00,"3,055.00","2,250.00",Rs./Quintal,26-06-2026
Maharashtra,Nashik,APMC Chandwad ,Vegetables,Tomato,Local,Local,750.00,"3,055.00","1,750.00",Rs./Quintal,25-06-2026
Maharashtra,Nashik,APMC Chandwad ,Vegetables,Tomato,Local,Local,750.00,"4,100.00","2,750.00",Rs./Quintal,24-06-2026
Maharashtra,Nashik,APMC Chandwad ,Vegetables,Tomato,Local,Local,"1,000.00","3,125.00","2,250.00",Rs./Quintal,19-06-2026
Maharashtra,Nashik,APMC Chandwad ,Vegetables,Tomato,Local,Local,750.00,"3,400.00","2,000.00",Rs./Quintal,18-06-2026
Maharashtra,Nashik,APMC Chandwad ,Vegetables,Tomato,Local,Local,"1,000.00","3,200.00","2,575.00",Rs./Quintal,17-06-2026
Maharashtra,Nashik,APMC Chandwad ,Vegetables,Tomato,Local,Local,"1,400.00","3,055.00","2,250.00",Rs./Quintal,11-06-2026
Maharashtra,Nashik,APMC Chandwad ,Vegetables,Tomato,Local,Local,"1,000.00","3,000.00","2,625.00",Rs./Quintal,10-06-2026
Maharashtra,Nashik,APMC Chandwad ,Vegetables,Tomato,Local,Local,875.00,"2,555.00","2,000.00",Rs./Quintal,05-06-2026
Maharashtra,Nashik,APMC Chandwad ,Vegetables,Tomato,Local,Local,500.00,"2,500.00","1,750.00",Rs./Quintal,04-06-2026
Maharashtra,Nashik,APMC Chandwad ,Vegetables,Tomato,Local,Local,500.00,"2,055.00","1,500.00",Rs./Quintal,29-05-2026
Maharashtra,Nashik,APMC Chandwad ,Vegetables,Tomato,Local,Local,500.00,"2,055.00","1,500.00",Rs./Quintal,28-05-2026
Maharashtra,Nashik,APMC Chandwad ,Vegetables,Tomato,Local,Local,750.00,"2,300.00","1,625.00",Rs./Quintal,21-05-2026
Maharashtra,Nashik,APMC Chandwad ,Vegetables,Tomato,Local,Local,500.00,"2,000.00","1,500.00",Rs./Quintal,20-05-2026
Maharashtra,Nashik,APMC Chandwad ,Vegetables,Tomato,Local,Local,550.00,"2,250.00","1,500.00",Rs./Quintal,18-05-2026
Maharashtra,Nashik,APMC Chandwad ,Vegetables,Tomato,Local,Local,750.00,"2,600.00","1,750.00",Rs./Quintal,17-05-2026
Maharashtra,Nashik,APMC Chandwad ,Vegetables,Tomato,Local,Local,575.00,"2,600.00","1,855.00",Rs./Quintal,16-05-2026
Maharashtra,Nashik,APMC Chandwad ,Vegetables,Tomato,Local,Local,"1,100.00","2,425.00","1,750.00",Rs./Quintal,15-05-2026
Maharashtra,Nashik,APMC Chandwad ,Vegetables,Tomato,Local,Local,500.00,"1,755.00","1,375.00",Rs./Quintal,14-05-2026
Maharashtra,Nashik,APMC Chandwad ,Vegetables,Tomato,Local,Local,500.00,"1,755.00","1,000.00",Rs./Quintal,09-05-2026
Maharashtra,Nashik,APMC Chandwad ,Vegetables,Tomato,Local,Local,500.00,"1,600.00","1,000.00",Rs./Quintal,08-05-2026
Maharashtra,Nashik,APMC Chandwad ,Vegetables,Tomato,Local,Local,500.00,"1,755.00","1,125.00",Rs./Quintal,06-05-2026
Maharashtra,Nashik,APMC Chandwad ,Vegetables,Tomato,Local,Local,500.00,"2,000.00","1,400.00",Rs./Quintal,22-04-2026
Maharashtra,Nashik,APMC Chandwad ,Vegetables,Tomato,Local,Local,500.00,"1,200.00",750.00,Rs./Quintal,16-04-2026
Maharashtra,Nashik,APMC Chandwad ,Vegetables,Tomato,Local,Local,250.00,"1,255.00",850.00,Rs./Quintal,15-04-2026
Maharashtra,Nashik,APMC Chandwad ,Vegetables,Tomato,Local,Local,150.00,"1,000.00",625.00,Rs./Quintal,09-04-2026
Maharashtra,Nashik,APMC Chandwad ,Vegetables,Tomato,Local,Local,250.00,"1,125.00",800.00,Rs./Quintal,20-03-2026
Maharashtra,Nashik,APMC Chandwad ,Vegetables,Tomato,Local,Local,250.00,"1,100.00",750.00,Rs./Quintal,19-03-2026
Maharashtra,Nashik,APMC Chandwad ,Vegetables,Tomato,Local,Local,250.00,850.00,500.00,Rs./Quintal,18-03-2026
Maharashtra,Nashik,APMC Chandwad ,Vegetables,Tomato,Local,Local,450.00,"1,500.00","1,075.00",Rs./Quintal,12-03-2026
Maharashtra,Nashik,APMC Chandwad ,Vegetables,Tomato,Local,Local,250.00,"1,450.00",900.00,Rs./Quintal,11-03-2026
Maharashtra,Nashik,APMC Chandwad ,Vegetables,Tomato,Local,Local,750.00,"1,800.00","1,125.00",Rs./Quintal,09-03-2026
Maharashtra,Nashik,APMC Chandwad ,Vegetables,Tomato,Local,Local,450.00,"1,150.00",750.00,Rs./Quintal,08-03-2026
Maharashtra,Nashik,APMC Chandwad ,Vegetables,Tomato,Local,Local,500.00,"1,000.00",600.00,Rs./Quintal,04-03-2026
Maharashtra,Nashik,APMC Chandwad ,Vegetables,Tomato,Local,Local,400.00,800.00,650.00,Rs./Quintal,20-02-2026
Maharashtra,Nashik,APMC Chandwad ,Vegetables,Tomato,Local,Local,650.00,"1,250.00",850.00,Rs./Quintal,06-02-2026
Maharashtra,Nashik,APMC Chandwad ,Vegetables,Tomato,Local,Local,500.00,"1,250.00","1,075.00",Rs./Quintal,05-02-2026
Maharashtra,Nashik,APMC Chandwad ,Vegetables,Tomato,Local,Local,500.00,"1,675.00","1,250.00",Rs./Quintal,04-02-2026
Maharashtra,Nashik,APMC Chandwad ,Vegetables,Tomato,Local,Local,500.00,"1,625.00","1,250.00",Rs./Quintal,02-02-2026
Maharashtra,Nashik,APMC Chandwad ,Vegetables,Tomato,Local,Local,350.00,"1,575.00","1,125.00",Rs./Quintal,01-02-2026
Maharashtra,Nashik,APMC Chandwad ,Vegetables,Tomato,Local,Local,500.00,"1,775.00","1,250.00",Rs./Quintal,30-01-2026
Maharashtra,Nashik,APMC Chandwad ,Vegetables,Tomato,Local,Local,350.00,"1,500.00","1,075.00",Rs./Quintal,28-01-2026
Maharashtra,Nashik,APMC Chandwad ,Vegetables,Tomato,Local,Local,500.00,"1,650.00","1,125.00",Rs./Quintal,24-01-2026
Maharashtra,Nashik,APMC Chandwad ,Vegetables,Tomato,Local,Local,750.00,"1,750.00","1,125.00",Rs./Quintal,23-01-2026
Maharashtra,Nashik,APMC Chandwad ,Vegetables,Tomato,Local,Local,"1,000.00","2,125.00","1,250.00",Rs./Quintal,22-01-2026
Maharashtra,Nashik,APMC Chandwad ,Vegetables,Tomato,Local,Local,500.00,"2,800.00","2,000.00",Rs./Quintal,10-01-2026
Maharashtra,Nashik,APMC Chandwad ,Vegetables,Tomato,Local,Local,750.00,"3,000.00","2,000.00",Rs./Quintal,08-01-2026
Maharashtra,Nashik,APMC Chandwad ,Vegetables,Tomato,Local,Local,750.00,"3,500.00","2,750.00",Rs./Quintal,03-01-2026
Maharashtra,Nashik,APMC Chandwad ,Vegetables,Tomato,Local,Local,750.00,"4,000.00","3,250.00",Rs./Quintal,02-01-2026
Maharashtra,Nashik,APMC Ghoti ,Vegetables,Tomato,Other,Local,"2,000.00","2,000.00","2,000.00",Rs./Quintal,19-08-2026
Maharashtra,Nashik,APMC Ghoti ,Vegetables,Tomato,Other,Local,"1,800.00","2,000.00","1,900.00",Rs./Quintal,18-08-2026
Maharashtra,Nashik,APMC Ghoti ,Vegetables,Tomato,Other,Local,"2,000.00","2,000.00","2,000.00",Rs./Quintal,08-08-2026
Maharashtra,Nashik,APMC Ghoti ,Vegetables,Tomato,Other,Local,"2,000.00","2,000.00","2,000.00",Rs./Quintal,07-08-2026
Maharashtra,Nashik,APMC Ghoti ,Vegetables,Tomato,Other,Local,"1,900.00","2,000.00","1,950.00",Rs./Quintal,06-08-2026
Maharashtra,Nashik,APMC Ghoti ,Vegetables,Tomato,Other,Local,"1,900.00","1,900.00","1,900.00",Rs./Quintal,05-08-2026
Maharashtra,Nashik,APMC Ghoti ,Vegetables,Tomato,Other,Local,"1,900.00","1,900.00","1,900.00",Rs./Quintal,04-08-2026
Maharashtra,Nashik,APMC Ghoti ,Vegetables,Tomato,Other,Local,"1,900.00","2,000.00","1,950.00",Rs./Quintal,16-07-2026
Maharashtra,Nashik,APMC Ghoti ,Vegetables,Tomato,Other,Local,"2,000.00","2,200.00","2,100.00",Rs./Quintal,15-07-2026
Maharashtra,Nashik,APMC Ghoti ,Vegetables,Tomato,Other,Local,"2,000.00","2,000.00","2,000.00",Rs./Quintal,14-07-2026
Maharashtra,Nashik,APMC Ghoti ,Vegetables,Tomato,Other,Local,"1,800.00","1,900.00","1,850.00",Rs./Quintal,13-07-2026
Maharashtra,Nashik,APMC Ghoti ,Vegetables,Tomato,Other,Local,"2,000.00","2,000.00","2,000.00",Rs./Quintal,11-07-2026
Maharashtra,Nashik,APMC Ghoti ,Vegetables,Tomato,Other,Local,"1,200.00","3,000.00","1,800.00",Rs./Quintal,02-07-2026
Maharashtra,Nashik,APMC Ghoti ,Vegetables,Tomato,Other,Local,"1,250.00","3,400.00","2,000.00",Rs./Quintal,01-07-2026
Maharashtra,Nashik,APMC Ghoti ,Vegetables,Tomato,Other,Local,"2,000.00","4,350.00","3,500.00",Rs./Quintal,24-06-2026
Maharashtra,Nashik,APMC Ghoti ,Vegetables,Tomato,Other,Local,"2,000.00","4,450.00","3,500.00",Rs./Quintal,23-06-2026
Maharashtra,Nashik,APMC Ghoti ,Vegetables,Tomato,Other,Local,"2,000.00","4,400.00","3,500.00",Rs./Quintal,18-06-2026
Maharashtra,Nashik,APMC Ghoti ,Vegetables,Tomato,Other,Local,"2,000.00","4,450.00","3,500.00",Rs./Quintal,17-06-2026
Maharashtra,Nashik,APMC Ghoti ,Vegetables,Tomato,Other,Local,"2,000.00","3,100.00","2,500.00",Rs./Quintal,04-06-2026
Maharashtra,Nashik,APMC Ghoti ,Vegetables,Tomato,Other,Local,"1,800.00","3,300.00","2,200.00",Rs./Quintal,14-05-2026
Maharashtra,Nashik,APMC Ghoti ,Vegetables,Tomato,Other,Local,"1,500.00","2,800.00","1,800.00",Rs./Quintal,06-05-2026
Maharashtra,Nashik,APMC Ghoti ,Vegetables,Tomato,Other,Local,"2,000.00","3,050.00","2,600.00",Rs./Quintal,30-04-2026
Maharashtra,Nashik,APMC Ghoti ,Vegetables,Tomato,Other,Local,"1,500.00","2,500.00","1,800.00",Rs./Quintal,16-04-2026
Maharashtra,Nashik,APMC Ghoti ,Vegetables,Tomato,Other,Local,"1,600.00","2,500.00","1,700.00",Rs./Quintal,11-03-2026
Maharashtra,Nashik,APMC Ghoti ,Vegetables,Tomato,Other,Local,"1,800.00","2,000.00","1,900.00",Rs./Quintal,12-02-2026
Maharashtra,Nashik,APMC Ghoti ,Vegetables,Tomato,Other,Local,"1,800.00","2,000.00","1,900.00",Rs./Quintal,09-02-2026
Maharashtra,Nashik,APMC Ghoti ,Vegetables,Tomato,Other,Local,"1,400.00","1,600.00","1,500.00",Rs./Quintal,06-02-2026
Maharashtra,Nashik,APMC Ghoti ,Vegetables,Tomato,Other,Local,"1,800.00","2,000.00","1,900.00",Rs./Quintal,05-02-2026
Maharashtra,Nashik,APMC Ghoti ,Vegetables,Tomato,Other,Local,"1,800.00","2,000.00","1,900.00",Rs./Quintal,29-01-2026
Maharashtra,Nashik,APMC Ghoti ,Vegetables,Tomato,Other,Local,"1,900.00","2,000.00","1,950.00",Rs./Quintal,28-01-2026
Maharashtra,Nashik,APMC Ghoti ,Vegetables,Tomato,Other,Local,"1,800.00","2,000.00","1,900.00",Rs./Quintal,22-01-2026
Maharashtra,Nashik,APMC Ghoti ,Vegetables,Tomato,Other,Local,"1,800.00","2,700.00","2,000.00",Rs./Quintal,21-01-2026
Maharashtra,Nashik,APMC Ghoti ,Vegetables,Tomato,Other,Local,"2,000.00","2,200.00","2,100.00",Rs./Quintal,07-01-2026
Maharashtra,Nashik,APMC Ghoti ,Vegetables,Tomato,Other,Local,"1,400.00","1,900.00","1,650.00",Rs./Quintal,06-01-2026
Maharashtra,Nashik,APMC Nasik ,Vegetables,Tomato,Other,Local,250.00,"2,000.00","1,400.00",Rs./Quintal,02-09-2026
Maharashtra,Nashik,APMC Nasik ,Vegetables,Tomato,Other,Local,400.00,"2,350.00","1,450.00",Rs./Quintal,01-09-2026
Maharashtra,Nashik,APMC Nasik ,Vegetables,Tomato,Other,Local,250.00,"2,155.00","1,250.00",Rs./Quintal,31-08-2026
Maharashtra,Nashik,APMC Nasik ,Vegetables,Tomato,Other,Local,250.00,"1,875.00","1,105.00",Rs./Quintal,30-08-2026
Maharashtra,Nashik,APMC Nasik ,Vegetables,Tomato,Other,Local,250.00,"1,500.00",900.00,Rs./Quintal,28-08-2026
Maharashtra,Nashik,APMC Nasik ,Vegetables,Tomato,Other,Local,200.00,"1,250.00",600.00,Rs./Quintal,26-08-2026
Maharashtra,Nashik,APMC Nasik ,Vegetables,Tomato,Other,Local,200.00,"1,500.00",800.00,Rs./Quintal,24-08-2026
Maharashtra,Nashik,APMC Nasik ,Vegetables,Tomato,Other,Local,200.00,"1,125.00",625.00,Rs./Quintal,23-08-2026
Maharashtra,Nashik,APMC Nasik ,Vegetables,Tomato,Other,Local,250.00,"1,500.00",900.00,Rs./Quintal,19-08-2026
Maharashtra,Nashik,APMC Nasik ,Vegetables,Tomato,Other,Local,300.00,"1,625.00","1,000.00",Rs./Quintal,18-08-2026
Maharashtra,Nashik,APMC Nasik ,Vegetables,Tomato,Other,Local,300.00,"2,375.00","1,375.00",Rs./Quintal,17-08-2026
Maharashtra,Nashik,APMC Nasik ,Vegetables,Tomato,Other,Local,250.00,"2,000.00","1,250.00",Rs./Quintal,16-08-2026
Maharashtra,Nashik,APMC Nasik ,Vegetables,Tomato,Other,Local,100.00,"2,000.00","1,300.00",Rs./Quintal,13-08-2026
Maharashtra,Nashik,APMC Nasik ,Vegetables,Tomato,Other,Local,250.00,"2,150.00","1,150.00",Rs./Quintal,12-08-2026
Maharashtra,Nashik,APMC Nasik ,Vegetables,Tomato,Other,Local,250.00,"2,500.00","1,500.00",Rs./Quintal,11-08-2026
Maharashtra,Nashik,APMC Nasik ,Vegetables,Tomato,Other,Local,300.00,"2,125.00","1,250.00",Rs./Quintal,10-08-2026
Maharashtra,Nashik,APMC Nasik ,Vegetables,Tomato,Other,Local,250.00,"1,500.00","1,055.00",Rs./Quintal,09-08-2026
Maharashtra,Nashik,APMC Nasik ,Vegetables,Tomato,Other,Local,300.00,"2,500.00","1,250.00",Rs./Quintal,05-08-2026
Maharashtra,Nashik,APMC Nasik ,Vegetables,Tomato,Other,Local,300.00,"2,750.00","1,500.00",Rs./Quintal,04-08-2026
Maharashtra,Nashik,APMC Nasik ,Vegetables,Tomato,Other,Local,300.00,"2,750.00","1,500.00",Rs./Quintal,03-08-2026
Maharashtra,Nashik,APMC Nasik ,Vegetables,Tomato,Other,Local,350.00,"2,700.00","1,550.00",Rs./Quintal,02-08-2026
Maharashtra,Nashik,APMC Nasik ,Vegetables,Tomato,Other,Local,300.00,"2,750.00","1,400.00",Rs./Quintal,31-07-2026
Maharashtra,Nashik,APMC Nasik ,Vegetables,Tomato,Other,Local,300.00,"2,500.00","1,375.00",Rs./Quintal,30-07-2026
Maharashtra,Nashik,APMC Nasik ,Vegetables,Tomato,Other,Local,300.00,"2,855.00","1,400.00",Rs./Quintal,29-07-2026
Maharashtra,Nashik,APMC Nasik ,Vegetables,Tomato,Other,Local,300.00,"2,750.00","1,375.00",Rs./Quintal,28-07-2026
Maharashtra,Nashik,APMC Nasik ,Vegetables,Tomato,Other,Local,300.00,"2,875.00","1,500.00",Rs./Quintal,27-07-2026
Maharashtra,Nashik,APMC Nasik ,Vegetables,Tomato,Other,Local,300.00,"3,500.00","1,875.00",Rs./Quintal,26-07-2026
Maharashtra,Nashik,APMC Nasik ,Vegetables,Tomato,Other,Local,300.00,"2,250.00","1,125.00",Rs./Quintal,24-07-2026
Maharashtra,Nashik,APMC Nasik ,Vegetables,Tomato,Other,Local,300.00,"2,050.00","1,050.00",Rs./Quintal,22-07-2026
Maharashtra,Nashik,APMC Nasik ,Vegetables,Tomato,Other,Local,300.00,"2,250.00","1,125.00",Rs./Quintal,21-07-2026
Maharashtra,Nashik,APMC Nasik ,Vegetables,Tomato,Other,Local,250.00,"2,050.00","1,050.00",Rs./Quintal,19-07-2026
Maharashtra,Nashik,APMC Nasik ,Vegetables,Tomato,Other,Local,250.00,"1,875.00","1,125.00",Rs./Quintal,17-07-2026
Maharashtra,Nashik,APMC Nasik ,Vegetables,Tomato,Other,Local,250.00,"1,755.00","1,055.00",Rs./Quintal,16-07-2026
Maharashtra,Nashik,APMC Nasik ,Vegetables,Tomato,Other,Local,350.00,"2,050.00","1,250.00",Rs./Quintal,15-07-2026
Maharashtra,Nashik,APMC Nasik ,Vegetables,Tomato,Other,Local,350.00,"2,150.00","1,325.00",Rs./Quintal,14-07-2026
Maharashtra,Nashik,APMC Nasik ,Vegetables,Tomato,Other,Local,350.00,"2,250.00","1,350.00",Rs./Quintal,13-07-2026
Maharashtra,Nashik,APMC Nasik ,Vegetables,Tomato,Other,Local,350.00,"2,625.00","1,375.00",Rs./Quintal,10-07-2026
Maharashtra,Nashik,APMC Nasik ,Vegetables,Tomato,Other,Local,400.00,"2,605.00","1,350.00",Rs./Quintal,09-07-2026
Maharashtra,Nashik,APMC Nasik ,Vegetables,Tomato,Other,Local,400.00,"3,125.00","1,550.00",Rs./Quintal,08-07-2026
Maharashtra,Nashik,APMC Nasik ,Vegetables,Tomato,Other,Local,350.00,"2,750.00","1,250.00",Rs./Quintal,07-07-2026
Maharashtra,Nashik,APMC Nasik ,Vegetables,Tomato,Other,Local,400.00,"3,055.00","1,500.00",Rs./Quintal,06-07-2026
Maharashtra,Nashik,APMC Nasik ,Vegetables,Tomato,Other,Local,350.00,"2,555.00","1,250.00",Rs./Quintal,05-07-2026
Maharashtra,Nashik,APMC Nasik ,Vegetables,Tomato,Other,Local,350.00,"2,605.00","1,375.00",Rs./Quintal,03-07-2026
Maharashtra,Nashik,APMC Nasik ,Vegetables,Tomato,Other,Local,350.00,"2,500.00","1,250.00",Rs./Quintal,02-07-2026
Maharashtra,Nashik,APMC Nasik ,Vegetables,Tomato,Other,Local,350.00,"2,555.00","1,200.00",Rs./Quintal,01-07-2026
Maharashtra,Nashik,APMC Nasik ,Vegetables,Tomato,Other,Local,350.00,"2,575.00","1,250.00",Rs./Quintal,30-06-2026
Maharashtra,Nashik,APMC Nasik ,Vegetables,Tomato,Other,Local,350.00,"2,500.00","1,150.00",Rs./Quintal,29-06-2026
Maharashtra,Nashik,APMC Nasik ,Vegetables,Tomato,Other,Local,350.00,"2,555.00","1,250.00",Rs./Quintal,28-06-2026
Maharashtra,Nashik,APMC Nasik ,Vegetables,Tomato,Other,Local,350.00,"2,255.00","1,125.00",Rs./Quintal,26-06-2026
Maharashtra,Nashik,APMC Nasik ,Vegetables,Tomato,Other,Local,400.00,"3,000.00","1,550.00",Rs./Quintal,25-06-2026
Maharashtra,Nashik,APMC Nasik ,Vegetables,Tomato,Other,Local,400.00,"3,250.00","1,875.00",Rs./Quintal,24-06-2026
Maharashtra,Nashik,APMC Nasik ,Vegetables,Tomato,Other,Local,400.00,"3,555.00","1,950.00",Rs./Quintal,23-06-2026
Maharashtra,Nashik,APMC Nasik ,Vegetables,Tomato,Other,Local,400.00,"3,625.00","2,000.00",Rs./Quintal,22-06-2026
Maharashtra,Nashik,APMC Nasik ,Vegetables,Tomato,Other,Local,400.00,"3,555.00","1,925.00",Rs./Quintal,21-06-2026
Maharashtra,Nashik,APMC Nasik ,Vegetables,Tomato,Other,Local,450.00,"3,555.00","2,000.00",Rs./Quintal,19-06-2026
Maharashtra,Nashik,APMC Nasik ,Vegetables,Tomato,Other,Local,450.00,"3,250.00","1,900.00",Rs./Quintal,18-06-2026
Maharashtra,Nashik,APMC Nasik ,Vegetables,Tomato,Other,Local,450.00,"3,555.00","2,150.00",Rs./Quintal,17-06-2026
Maharashtra,Nashik,APMC Nasik ,Vegetables,Tomato,Other,Local,400.00,"3,375.00","1,875.00",Rs./Quintal,16-06-2026
Maharashtra,Nashik,APMC Nasik ,Vegetables,Tomato,Other,Local,450.00,"3,500.00","1,975.00",Rs./Quintal,15-06-2026
Maharashtra,Nashik,APMC Nasik ,Vegetables,Tomato,Other,Local,450.00,"3,250.00","1,850.00",Rs./Quintal,14-06-2026
Maharashtra,Nashik,APMC Nasik ,Vegetables,Tomato,Other,Local,450.00,"3,375.00","1,975.00",Rs./Quintal,12-06-2026
Maharashtra,Nashik,APMC Nasik ,Vegetables,Tomato,Other,Local,300.00,"3,500.00","2,125.00",Rs./Quintal,11-06-2026
Maharashtra,Nashik,APMC Nasik ,Vegetables,Tomato,Other,Local,300.00,"3,555.00","2,050.00",Rs./Quintal,10-06-2026
Maharashtra,Nashik,APMC Nasik ,Vegetables,Tomato,Other,Local,300.00,"3,250.00","1,950.00",Rs./Quintal,09-06-2026
Maharashtra,Nashik,APMC Nasik ,Vegetables,Tomato,Other,Local,300.00,"3,000.00","1,875.00",Rs./Quintal,08-06-2026
Maharashtra,Nashik,APMC Nasik ,Vegetables,Tomato,Other,Local,300.00,"2,750.00","1,700.00",Rs./Quintal,07-06-2026
Maharashtra,Nashik,APMC Nasik ,Vegetables,Tomato,Other,Local,225.00,"2,500.00","1,550.00",Rs./Quintal,05-06-2026
Maharashtra,Nashik,APMC Nasik ,Vegetables,Tomato,Other,Local,300.00,"2,555.00","1,600.00",Rs./Quintal,04-06-2026
Maharashtra,Nashik,APMC Nasik ,Vegetables,Tomato,Other,Local,300.00,"2,750.00","2,000.00",Rs./Quintal,03-06-2026
Maharashtra,Nashik,APMC Nasik ,Vegetables,Tomato,Other,Local,250.00,"2,500.00","1,575.00",Rs./Quintal,02-06-2026
Maharashtra,Nashik,APMC Nasik ,Vegetables,Tomato,Other,Local,250.00,"2,250.00","1,625.00",Rs./Quintal,01-06-2026
Maharashtra,Nashik,APMC Nasik ,Vegetables,Tomato,Other,Local,300.00,"2,800.00","1,850.00",Rs./Quintal,31-05-2026
Maharashtra,Nashik,APMC Nasik ,Vegetables,Tomato,Other,Local,300.00,"2,455.00","1,600.00",Rs./Quintal,29-05-2026
Maharashtra,Nashik,APMC Nasik ,Vegetables,Tomato,Other,Local,250.00,"2,325.00","1,500.00",Rs./Quintal,28-05-2026
Maharashtra,Nashik,APMC Nasik ,Vegetables,Tomato,Other,Local,300.00,"2,055.00","1,200.00",Rs./Quintal,24-05-2026
Maharashtra,Nashik,APMC Nasik ,Vegetables,Tomato,Other,Local,300.00,"2,055.00","1,150.00",Rs./Quintal,22-05-2026
Maharashtra,Nashik,APMC Nasik ,Vegetables,Tomato,Other,Local,300.00,"2,375.00","1,250.00",Rs./Quintal,21-05-2026
Maharashtra,Nashik,APMC Nasik ,Vegetables,Tomato,Other,Local,300.00,"2,250.00","1,150.00",Rs./Quintal,20-05-2026
Maharashtra,Nashik,APMC Nasik ,Vegetables,Tomato,Other,Local,300.00,"2,375.00","1,200.00",Rs./Quintal,19-05-2026
Maharashtra,Nashik,APMC Nasik ,Vegetables,Tomato,Other,Local,300.00,"2,550.00","1,300.00",Rs./Quintal,18-05-2026
Maharashtra,Nashik,APMC Nasik ,Vegetables,Tomato,Other,Local,300.00,"2,375.00","1,250.00",Rs./Quintal,17-05-2026
Maharashtra,Nashik,APMC Nasik ,Vegetables,Tomato,Other,Local,350.00,"3,005.00","1,500.00",Rs./Quintal,15-05-2026
Maharashtra,Nashik,APMC Nasik ,Vegetables,Tomato,Other,Local,300.00,"2,555.00","1,400.00",Rs./Quintal,14-05-2026
Maharashtra,Nashik,APMC Nasik ,Vegetables,Tomato,Other,Local,300.00,"2,375.00","1,300.00",Rs./Quintal,13-05-2026
Maharashtra,Nashik,APMC Nasik ,Vegetables,Tomato,Other,Local,300.00,"2,255.00","1,300.00",Rs./Quintal,12-05-2026
Maharashtra,Nashik,APMC Nasik ,Vegetables,Tomato,Other,Local,300.00,"2,150.00","1,150.00",Rs./Quintal,11-05-2026
Maharashtra,Nashik,APMC Nasik ,Vegetables,Tomato,Other,Local,300.00,"2,125.00","1,050.00",Rs./Quintal,10-05-2026
Maharashtra,Nashik,APMC Nasik ,Vegetables,Tomato,Other,Local,300.00,"1,900.00",950.00,Rs./Quintal,07-05-2026
Maharashtra,Nashik,APMC Nasik ,Vegetables,Tomato,Other,Local,300.00,"1,875.00",900.00,Rs./Quintal,05-05-2026
Maharashtra,Nashik,APMC Nasik ,Vegetables,Tomato,Other,Local,300.00,"2,005.00","1,050.00",Rs./Quintal,04-05-2026
Maharashtra,Nashik,APMC Nasik ,Vegetables,Tomato,Other,Local,250.00,"2,055.00","1,100.00",Rs./Quintal,01-05-2026
Maharashtra,Nashik,APMC Nasik ,Vegetables,Tomato,Other,Local,350.00,"2,355.00","1,150.00",Rs./Quintal,29-04-2026
Maharashtra,Nashik,APMC Nasik ,Vegetables,Tomato,Other,Local,350.00,"2,275.00","1,275.00",Rs./Quintal,28-04-2026
Maharashtra,Nashik,APMC Nasik ,Vegetables,Tomato,Other,Local,350.00,"2,105.00","1,050.00",Rs./Quintal,27-04-2026
Maharashtra,Nashik,APMC Nasik ,Vegetables,Tomato,Other,Local,350.00,"1,605.00",800.00,Rs./Quintal,26-04-2026
Maharashtra,Nashik,APMC Nasik ,Vegetables,Tomato,Other,Local,350.00,"1,750.00",750.00,Rs./Quintal,24-04-2026
Maharashtra,Nashik,APMC Nasik ,Vegetables,Tomato,Other,Local,300.00,"1,375.00",650.00,Rs./Quintal,22-04-2026
Maharashtra,Nashik,APMC Nasik ,Vegetables,Tomato,Other,Local,350.00,"2,250.00","1,250.00",Rs./Quintal,21-04-2026
Maharashtra,Nashik,APMC Nasik ,Vegetables,Tomato,Other,Local,350.00,"2,550.00","1,350.00",Rs./Quintal,20-04-2026
Maharashtra,Nashik,APMC Nasik ,Vegetables,Tomato,Other,Local,300.00,"1,850.00","1,050.00",Rs./Quintal,17-04-2026
Maharashtra,Nashik,APMC Nasik ,Vegetables,Tomato,Other,Local,300.00,"1,755.00","1,000.00",Rs./Quintal,16-04-2026
Maharashtra,Nashik,APMC Nasik ,Vegetables,Tomato,Other,Local,350.00,"2,000.00","1,100.00",Rs./Quintal,15-04-2026
Maharashtra,Nashik,APMC Nasik ,Vegetables,Tomato,Other,Local,350.00,"2,000.00","1,100.00",Rs./Quintal,14-04-2026
Maharashtra,Nashik,APMC Nasik ,Vegetables,Tomato,Other,Local,350.00,"1,750.00",900.00,Rs./Quintal,13-04-2026
Maharashtra,Nashik,APMC Nasik ,Vegetables,Tomato,Other,Local,300.00,"1,255.00",650.00,Rs./Quintal,12-04-2026
Maharashtra,Nashik,APMC Nasik ,Vegetables,Tomato,Other,Local,300.00,"1,025.00",550.00,Rs./Quintal,10-04-2026
Maharashtra,Nashik,APMC Nasik ,Vegetables,Tomato,Other,Local,250.00,"1,055.00",600.00,Rs./Quintal,08-04-2026
Maharashtra,Nashik,APMC Nasik ,Vegetables,Tomato,Other,Local,250.00,"1,000.00",550.00,Rs./Quintal,07-04-2026
Maharashtra,Nashik,APMC Nasik ,Vegetables,Tomato,Other,Local,200.00,650.00,500.00,Rs./Quintal,06-04-2026
Maharashtra,Nashik,APMC Nasik ,Vegetables,Tomato,Other,Local,225.00,925.00,550.00,Rs./Quintal,05-04-2026
Maharashtra,Nashik,APMC Nasik ,Vegetables,Tomato,Other,Local,200.00,900.00,500.00,Rs./Quintal,03-04-2026
Maharashtra,Nashik,APMC Nasik ,Vegetables,Tomato,Other,Local,225.00,950.00,550.00,Rs./Quintal,01-04-2026
Maharashtra,Nashik,APMC Nasik ,Vegetables,Tomato,Other,Local,200.00,900.00,500.00,Rs./Quintal,31-03-2026
Maharashtra,Nashik,APMC Nasik ,Vegetables,Tomato,Other,Local,225.00,"1,005.00",575.00,Rs./Quintal,30-03-2026
Maharashtra,Nashik,APMC Nasik ,Vegetables,Tomato,Other,Local,200.00,900.00,500.00,Rs./Quintal,29-03-2026
Maharashtra,Nashik,APMC Nasik ,Vegetables,Tomato,Other,Local,200.00,900.00,500.00,Rs./Quintal,27-03-2026
Maharashtra,Nashik,APMC Nasik ,Vegetables,Tomato,Other,Local,200.00,"1,050.00",500.00,Rs./Quintal,26-03-2026
Maharashtra,Nashik,APMC Nasik ,Vegetables,Tomato,Other,Local,225.00,"1,050.00",550.00,Rs./Quintal,23-03-2026
Maharashtra,Nashik,APMC Nasik ,Vegetables,Tomato,Other,Local,200.00,925.00,500.00,Rs./Quintal,22-03-2026
Maharashtra,Nashik,APMC Nasik ,Vegetables,Tomato,Other,Local,225.00,"1,000.00",500.00,Rs./Quintal,20-03-2026
Maharashtra,Nashik,APMC Nasik ,Vegetables,Tomato,Other,Local,225.00,"1,050.00",650.00,Rs./Quintal,19-03-2026
Maharashtra,Nashik,APMC Nasik ,Vegetables,Tomato,Other,Local,300.00,"1,400.00",800.00,Rs./Quintal,17-03-2026
Maharashtra,Nashik,APMC Nasik ,Vegetables,Tomato,Other,Local,300.00,"1,500.00",875.00,Rs./Quintal,16-03-2026
Maharashtra,Nashik,APMC Nasik ,Vegetables,Tomato,Other,Local,325.00,"1,500.00",900.00,Rs./Quintal,15-03-2026
Maharashtra,Nashik,APMC Nasik ,Vegetables,Tomato,Other,Local,325.00,"1,555.00",900.00,Rs./Quintal,13-03-2026
Maharashtra,Nashik,APMC Nasik ,Vegetables,Tomato,Other,Local,325.00,"1,625.00",850.00,Rs./Quintal,12-03-2026
Maharashtra,Nashik,APMC Nasik ,Vegetables,Tomato,Other,Local,250.00,"1,500.00",950.00,Rs./Quintal,11-03-2026
Maharashtra,Nashik,APMC Nasik ,Vegetables,Tomato,Other,Local,250.00,"1,400.00",925.00,Rs./Quintal,10-03-2026
Maharashtra,Nashik,APMC Nasik ,Vegetables,Tomato,Other,Local,250.00,"1,350.00",875.00,Rs./Quintal,09-03-2026
Maharashtra,Nashik,APMC Nasik ,Vegetables,Tomato,Other,Local,250.00,"1,375.00",875.00,Rs./Quintal,08-03-2026
Maharashtra,Nashik,APMC Nasik ,Vegetables,Tomato,Other,Local,200.00,"1,150.00",650.00,Rs./Quintal,06-03-2026
Maharashtra,Nashik,APMC Nasik ,Vegetables,Tomato,Other,Local,200.00,"1,300.00",800.00,Rs./Quintal,05-03-2026
Maharashtra,Nashik,APMC Nasik ,Vegetables,Tomato,Other,Local,200.00,"1,200.00",700.00,Rs./Quintal,04-03-2026
Maharashtra,Nashik,APMC Nasik ,Vegetables,Tomato,Other,Local,200.00,"1,250.00",750.00,Rs./Quintal,03-03-2026
Maharashtra,Nashik,APMC Nasik ,Vegetables,Tomato,Other,Local,200.00,"1,300.00",800.00,Rs./Quintal,01-03-2026
Maharashtra,Nashik,APMC Nasik ,Vegetables,Tomato,Other,Local,225.00,"1,425.00",750.00,Rs./Quintal,27-02-2026
Maharashtra,Nashik,APMC Nasik ,Vegetables,Tomato,Other,Local,225.00,"1,350.00",725.00,Rs./Quintal,26-02-2026
Maharashtra,Nashik,APMC Nasik ,Vegetables,Tomato,Other,Local,200.00,"1,150.00",675.00,Rs./Quintal,24-02-2026
Maharashtra,Nashik,APMC Nasik ,Vegetables,Tomato,Other,Local,225.00,"1,205.00",700.00,Rs./Quintal,23-02-2026
Maharashtra,Nashik,APMC Nasik ,Vegetables,Tomato,Other,Local,200.00,"1,250.00",750.00,Rs./Quintal,22-02-2026
Maharashtra,Nashik,APMC Nasik ,Vegetables,Tomato,Other,Local,200.00,"1,200.00",675.00,Rs./Quintal,20-02-2026
Maharashtra,Nashik,APMC Nasik ,Vegetables,Tomato,Other,Local,200.00,"1,250.00",700.00,Rs./Quintal,19-02-2026
Maharashtra,Nashik,APMC Nasik ,Vegetables,Tomato,Other,Local,200.00,"1,150.00",700.00,Rs./Quintal,16-02-2026
Maharashtra,Nashik,APMC Nasik ,Vegetables,Tomato,Other,Local,200.00,"1,125.00",650.00,Rs./Quintal,15-02-2026
Maharashtra,Nashik,APMC Nasik ,Vegetables,Tomato,Other,Local,200.00,"1,155.00",650.00,Rs./Quintal,13-02-2026
Maharashtra,Nashik,APMC Nasik ,Vegetables,Tomato,Other,Local,200.00,"1,055.00",625.00,Rs./Quintal,12-02-2026
Maharashtra,Nashik,APMC Nasik ,Vegetables,Tomato,Other,Local,200.00,"1,055.00",625.00,Rs./Quintal,11-02-2026
Maharashtra,Nashik,APMC Nasik ,Vegetables,Tomato,Other,Local,200.00,"1,100.00",650.00,Rs./Quintal,10-02-2026
Maharashtra,Nashik,APMC Nasik ,Vegetables,Tomato,Other,Local,200.00,"1,200.00",800.00,Rs./Quintal,09-02-2026
Maharashtra,Nashik,APMC Nasik ,Vegetables,Tomato,Other,Local,200.00,"1,100.00",700.00,Rs./Quintal,06-02-2026
Maharashtra,Nashik,APMC Nasik ,Vegetables,Tomato,Other,Local,200.00,"1,000.00",650.00,Rs./Quintal,05-02-2026
Maharashtra,Nashik,APMC Nasik ,Vegetables,Tomato,Other,Local,200.00,"1,100.00",650.00,Rs./Quintal,04-02-2026
Maharashtra,Nashik,APMC Nasik ,Vegetables,Tomato,Other,Local,250.00,"1,350.00",800.00,Rs./Quintal,03-02-2026
Maharashtra,Nashik,APMC Nasik ,Vegetables,Tomato,Other,Local,250.00,"1,100.00",675.00,Rs./Quintal,02-02-2026
Maharashtra,Nashik,APMC Nasik ,Vegetables,Tomato,Other,Local,200.00,"1,250.00",750.00,Rs./Quintal,01-02-2026
Maharashtra,Nashik,APMC Nasik ,Vegetables,Tomato,Other,Local,200.00,"1,700.00","1,100.00",Rs./Quintal,30-01-2026
Maharashtra,Nashik,APMC Nasik ,Vegetables,Tomato,Other,Local,200.00,"1,550.00","1,075.00",Rs./Quintal,28-01-2026
Maharashtra,Nashik,APMC Nasik ,Vegetables,Tomato,Other,Local,200.00,"1,300.00",750.00,Rs./Quintal,27-01-2026
Maharashtra,Nashik,APMC Nasik ,Vegetables,Tomato,Other,Local,200.00,"1,750.00","1,125.00",Rs./Quintal,26-01-2026
Maharashtra,Nashik,APMC Nasik ,Vegetables,Tomato,Other,Local,200.00,"2,005.00","1,250.00",Rs./Quintal,25-01-2026
Maharashtra,Nashik,APMC Nasik ,Vegetables,Tomato,Other,Local,200.00,"2,055.00","1,300.00",Rs./Quintal,23-01-2026
Maharashtra,Nashik,APMC Nasik ,Vegetables,Tomato,Other,Local,200.00,"1,950.00","1,250.00",Rs./Quintal,22-01-2026
Maharashtra,Nashik,APMC Nasik ,Vegetables,Tomato,Other,Local,250.00,"5,000.00","1,550.00",Rs./Quintal,21-01-2026
Maharashtra,Nashik,APMC Nasik ,Vegetables,Tomato,Other,Local,200.00,"2,250.00","1,375.00",Rs./Quintal,18-01-2026
Maharashtra,Nashik,APMC Nasik ,Vegetables,Tomato,Other,Local,250.00,"2,500.00","1,500.00",Rs./Quintal,16-01-2026
Maharashtra,Nashik,APMC Nasik ,Vegetables,Tomato,Other,Local,250.00,"2,500.00","1,375.00",Rs./Quintal,15-01-2026
Maharashtra,Nashik,APMC Nasik ,Vegetables,Tomato,Other,Local,250.00,"2,500.00","1,500.00",Rs./Quintal,13-01-2026
Maharashtra,Nashik,APMC Nasik ,Vegetables,Tomato,Other,Local,250.00,"3,125.00","1,600.00",Rs./Quintal,12-01-2026
Maharashtra,Nashik,APMC Nasik ,Vegetables,Tomato,Other,Local,200.00,"2,555.00","1,300.00",Rs./Quintal,11-01-2026
Maharashtra,Nashik,APMC Nasik ,Vegetables,Tomato,Other,Local,200.00,"2,555.00","1,300.00",Rs./Quintal,09-01-2026
Maharashtra,Nashik,APMC Nasik ,Vegetables,Tomato,Other,Local,250.00,"3,750.00","1,500.00",Rs./Quintal,08-01-2026
Maharashtra,Nashik,APMC Nasik ,Vegetables,Tomato,Other,Local,250.00,"2,855.00","1,500.00",Rs./Quintal,07-01-2026
Maharashtra,Nashik,APMC Nasik ,Vegetables,Tomato,Other,Local,250.00,"3,055.00","1,750.00",Rs./Quintal,06-01-2026
Maharashtra,Nashik,APMC Nasik ,Vegetables,Tomato,Other,Local,300.00,"3,750.00","2,000.00",Rs./Quintal,05-01-2026
Maharashtra,Nashik,APMC Nasik ,Vegetables,Tomato,Other,Local,300.00,"3,625.00","2,055.00",Rs./Quintal,04-01-2026
Maharashtra,Nashik,APMC Nasik ,Vegetables,Tomato,Other,Local,250.00,"3,250.00","1,875.00",Rs./Quintal,02-01-2026
Maharashtra,Nashik,APMC Nasik ,Vegetables,Tomato,Other,Local,275.00,"3,250.00","1,800.00",Rs./Quintal,01-01-2026
Maharashtra,Nashik,APMC Pimpalgaon Baswant ,Vegetables,Tomato,Other,Local,350.00,"2,755.00","2,055.00",Rs./Quintal,02-09-2026
Maharashtra,Nashik,APMC Pimpalgaon Baswant ,Vegetables,Tomato,Other,Local,500.00,"3,255.00","2,505.00",Rs./Quintal,01-09-2026
Maharashtra,Nashik,APMC Pimpalgaon Baswant ,Vegetables,Tomato,Other,Local,250.00,"2,855.00","2,125.00",Rs./Quintal,31-08-2026
Maharashtra,Nashik,APMC Pimpalgaon Baswant ,Vegetables,Tomato,Other,Local,250.00,"2,005.00","1,555.00",Rs./Quintal,30-08-2026
Maharashtra,Nashik,APMC Pimpalgaon Baswant ,Vegetables,Tomato,Other,Local,250.00,"1,805.00","1,405.00",Rs./Quintal,29-08-2026
Maharashtra,Nashik,APMC Pimpalgaon Baswant ,Vegetables,Tomato,Other,Local,250.00,"1,755.00","1,305.00",Rs./Quintal,28-08-2026
Maharashtra,Nashik,APMC Pimpalgaon Baswant ,Vegetables,Tomato,Other,Local,250.00,"1,555.00","1,155.00",Rs./Quintal,27-08-2026
Maharashtra,Nashik,APMC Pimpalgaon Baswant ,Vegetables,Tomato,Other,Local,250.00,"1,705.00","1,255.00",Rs./Quintal,26-08-2026
Maharashtra,Nashik,APMC Pimpalgaon Baswant ,Vegetables,Tomato,Other,Local,250.00,"1,905.00","1,455.00",Rs./Quintal,25-08-2026
Maharashtra,Nashik,APMC Pimpalgaon Baswant ,Vegetables,Tomato,Other,Local,250.00,"1,855.00","1,405.00",Rs./Quintal,24-08-2026
Maharashtra,Nashik,APMC Pimpalgaon Baswant ,Vegetables,Tomato,Other,Local,250.00,"1,605.00","1,150.00",Rs./Quintal,23-08-2026
Maharashtra,Nashik,APMC Pimpalgaon Baswant ,Vegetables,Tomato,Other,Local,150.00,"1,505.00",905.00,Rs./Quintal,21-08-2026
Maharashtra,Nashik,APMC Pimpalgaon Baswant ,Vegetables,Tomato,Other,Local,150.00,"1,755.00","1,055.00",Rs./Quintal,20-08-2026
Maharashtra,Nashik,APMC Pimpalgaon Baswant ,Vegetables,Tomato,Other,Local,250.00,"2,005.00","1,355.00",Rs./Quintal,19-08-2026
Maharashtra,Nashik,APMC Pimpalgaon Baswant ,Vegetables,Tomato,Other,Local,250.00,"2,055.00","1,455.00",Rs./Quintal,18-08-2026
Maharashtra,Nashik,APMC Pimpalgaon Baswant ,Vegetables,Tomato,Other,Local,250.00,"2,255.00","1,705.00",Rs./Quintal,17-08-2026
Maharashtra,Nashik,APMC Pimpalgaon Baswant ,Vegetables,Tomato,Other,Local,250.00,"2,405.00","1,755.00",Rs./Quintal,16-08-2026
Maharashtra,Nashik,APMC Pimpalgaon Baswant ,Vegetables,Tomato,Other,Local,250.00,"2,505.00","1,905.00",Rs./Quintal,15-08-2026
Maharashtra,Nashik,APMC Pimpalgaon Baswant ,Vegetables,Tomato,Other,Local,250.00,"2,405.00","1,855.00",Rs./Quintal,14-08-2026
Maharashtra,Nashik,APMC Pimpalgaon Baswant ,Vegetables,Tomato,Other,Local,250.00,"2,205.00","1,905.00",Rs./Quintal,13-08-2026
Maharashtra,Nashik,APMC Pimpalgaon Baswant ,Vegetables,Tomato,Other,Local,250.00,"2,255.00","1,755.00",Rs./Quintal,12-08-2026
Maharashtra,Nashik,APMC Pimpalgaon Baswant ,Vegetables,Tomato,Other,Local,250.00,"2,755.00","2,375.00",Rs./Quintal,11-08-2026
Maharashtra,Nashik,APMC Pimpalgaon Baswant ,Vegetables,Tomato,Other,Local,250.00,"2,205.00","1,755.00",Rs./Quintal,10-08-2026
Maharashtra,Nashik,APMC Pimpalgaon Baswant ,Vegetables,Tomato,Other,Local,250.00,"1,755.00","1,400.00",Rs./Quintal,09-08-2026
Maharashtra,Nashik,APMC Pimpalgaon Baswant ,Vegetables,Tomato,Other,Local,250.00,"2,105.00","1,555.00",Rs./Quintal,08-08-2026
Maharashtra,Nashik,APMC Pimpalgaon Baswant ,Vegetables,Tomato,Other,Local,250.00,"2,005.00","1,505.00",Rs./Quintal,07-08-2026
Maharashtra,Nashik,APMC Pimpalgaon Baswant ,Vegetables,Tomato,Other,Local,250.00,"2,405.00","1,755.00",Rs./Quintal,06-08-2026
Maharashtra,Nashik,APMC Pimpalgaon Baswant ,Vegetables,Tomato,Other,Local,250.00,"2,505.00","1,905.00",Rs./Quintal,05-08-2026
Maharashtra,Nashik,APMC Pimpalgaon Baswant ,Vegetables,Tomato,Other,Local,250.00,"3,005.00","2,405.00",Rs./Quintal,04-08-2026
Maharashtra,Nashik,APMC Pimpalgaon Baswant ,Vegetables,Tomato,Other,Local,250.00,"3,255.00","2,505.00",Rs./Quintal,03-08-2026
Maharashtra,Nashik,APMC Pimpalgaon Baswant ,Vegetables,Tomato,Other,Local,250.00,"3,005.00","2,405.00",Rs./Quintal,02-08-2026
Maharashtra,Nashik,APMC Pimpalgaon Baswant ,Vegetables,Tomato,Other,Local,250.00,"3,505.00","2,755.00",Rs./Quintal,31-07-2026
Maharashtra,Nashik,APMC Pimpalgaon Baswant ,Vegetables,Tomato,Other,Local,250.00,"2,755.00","2,105.00",Rs./Quintal,30-07-2026
Maharashtra,Nashik,APMC Pimpalgaon Baswant ,Vegetables,Tomato,Other,Local,250.00,"2,755.00","2,005.00",Rs./Quintal,29-07-2026
Maharashtra,Nashik,APMC Pimpalgaon Baswant ,Vegetables,Tomato,Other,Local,250.00,"3,105.00","2,505.00",Rs./Quintal,28-07-2026
Maharashtra,Nashik,APMC Pimpalgaon Baswant ,Vegetables,Tomato,Other,Local,250.00,"3,255.00","2,655.00",Rs./Quintal,27-07-2026
Maharashtra,Nashik,APMC Pimpalgaon Baswant ,Vegetables,Tomato,Other,Local,500.00,"4,005.00","3,005.00",Rs./Quintal,26-07-2026
Maharashtra,Nashik,APMC Pimpalgaon Baswant ,Vegetables,Tomato,Other,Local,300.00,"2,775.00","2,155.00",Rs./Quintal,23-07-2026
Maharashtra,Nashik,APMC Pimpalgaon Baswant ,Vegetables,Tomato,Other,Local,250.00,"3,805.00","3,005.00",Rs./Quintal,22-07-2026
Maharashtra,Nashik,APMC Pimpalgaon Baswant ,Vegetables,Tomato,Other,Local,250.00,"3,505.00","2,755.00",Rs./Quintal,21-07-2026
Maharashtra,Nashik,APMC Pimpalgaon Baswant ,Vegetables,Tomato,Other,Local,250.00,"3,225.00","2,655.00",Rs./Quintal,20-07-2026
Maharashtra,Nashik,APMC Pimpalgaon Baswant ,Vegetables,Tomato,Other,Local,250.00,"3,105.00","2,505.00",Rs./Quintal,19-07-2026
Maharashtra,Nashik,APMC Pimpalgaon Baswant ,Vegetables,Tomato,Other,Local,250.00,"2,255.00","1,655.00",Rs./Quintal,17-07-2026
Maharashtra,Nashik,APMC Pimpalgaon Baswant ,Vegetables,Tomato,Other,Local,250.00,"2,000.00","1,455.00",Rs./Quintal,16-07-2026
Maharashtra,Nashik,APMC Pimpalgaon Baswant ,Vegetables,Tomato,Other,Local,250.00,"2,505.00","1,905.00",Rs./Quintal,15-07-2026
Maharashtra,Nashik,APMC Pimpalgaon Baswant ,Vegetables,Tomato,Other,Local,250.00,"2,775.00","2,105.00",Rs./Quintal,14-07-2026
Maharashtra,Nashik,APMC Pimpalgaon Baswant ,Vegetables,Tomato,Other,Local,250.00,"2,575.00","2,005.00",Rs./Quintal,13-07-2026
Maharashtra,Nashik,APMC Pimpalgaon Baswant ,Vegetables,Tomato,Other,Local,250.00,"3,505.00","2,755.00",Rs./Quintal,12-07-2026
Maharashtra,Nashik,APMC Pimpalgaon Baswant ,Vegetables,Tomato,Other,Local,250.00,"3,975.00","2,755.00",Rs./Quintal,10-07-2026
Maharashtra,Nashik,APMC Pimpalgaon Baswant ,Vegetables,Tomato,Other,Local,250.00,"3,505.00","2,505.00",Rs./Quintal,09-07-2026
Maharashtra,Nashik,APMC Pimpalgaon Baswant ,Vegetables,Tomato,Other,Local,250.00,"2,005.00","1,405.00",Rs./Quintal,06-07-2026
Maharashtra,Nashik,APMC Pimpalgaon Baswant ,Vegetables,Tomato,Other,Local,250.00,"2,055.00","1,505.00",Rs./Quintal,03-07-2026
Maharashtra,Nashik,APMC Pimpalgaon Baswant ,Vegetables,Tomato,Other,Local,250.00,"2,500.00","1,750.00",Rs./Quintal,02-07-2026
Maharashtra,Nashik,APMC Pimpalgaon Baswant ,Vegetables,Tomato,Other,Local,250.00,"2,505.00","1,755.00",Rs./Quintal,01-07-2026
Maharashtra,Nashik,APMC Pimpalgaon Baswant ,Vegetables,Tomato,Other,Local,300.00,"2,505.00","1,905.00",Rs./Quintal,29-06-2026
Maharashtra,Nashik,APMC Pimpalgaon Baswant ,Vegetables,Tomato,Other,Local,505.00,"3,755.00","3,055.00",Rs./Quintal,25-06-2026
Maharashtra,Nashik,APMC Pimpalgaon Baswant ,Vegetables,Tomato,Other,Local,505.00,"4,005.00","3,405.00",Rs./Quintal,24-06-2026
Maharashtra,Nashik,APMC Pimpalgaon Baswant ,Vegetables,Tomato,Other,Local,505.00,"5,005.00","3,755.00",Rs./Quintal,23-06-2026
Maharashtra,Nashik,APMC Pimpalgaon Baswant ,Vegetables,Tomato,Other,Local,505.00,"6,005.00","4,005.00",Rs./Quintal,22-06-2026
Maharashtra,Nashik,APMC Pimpalgaon Baswant ,Vegetables,Tomato,Other,Local,505.00,"4,005.00","3,405.00",Rs./Quintal,21-06-2026
Maharashtra,Nashik,APMC Pimpalgaon Baswant ,Vegetables,Tomato,Other,Local,505.00,"4,025.00","3,255.00",Rs./Quintal,19-06-2026
Maharashtra,Nashik,APMC Pimpalgaon Baswant ,Vegetables,Tomato,Other,Local,505.00,"4,375.00","3,605.00",Rs./Quintal,18-06-2026
Maharashtra,Nashik,APMC Pimpalgaon Baswant ,Vegetables,Tomato,Other,Local,400.00,"3,255.00","2,655.00",Rs./Quintal,17-06-2026
Maharashtra,Nashik,APMC Pimpalgaon Baswant ,Vegetables,Tomato,Other,Local,400.00,"3,555.00","3,005.00",Rs./Quintal,16-06-2026
Maharashtra,Nashik,APMC Pimpalgaon Baswant ,Vegetables,Tomato,Other,Local,400.00,"3,255.00","2,655.00",Rs./Quintal,15-06-2026
Maharashtra,Nashik,APMC Pimpalgaon Baswant ,Vegetables,Tomato,Other,Local,400.00,"3,555.00","3,005.00",Rs./Quintal,14-06-2026
Maharashtra,Nashik,APMC Pimpalgaon Baswant ,Vegetables,Tomato,Other,Local,400.00,"3,755.00","3,105.00",Rs./Quintal,12-06-2026
Maharashtra,Nashik,APMC Pimpalgaon Baswant ,Vegetables,Tomato,Other,Local,400.00,"4,105.00","3,255.00",Rs./Quintal,11-06-2026
Maharashtra,Nashik,APMC Pimpalgaon Baswant ,Vegetables,Tomato,Other,Local,400.00,"4,255.00","3,105.00",Rs./Quintal,10-06-2026
Maharashtra,Nashik,APMC Pimpalgaon Baswant ,Vegetables,Tomato,Other,Local,"1,105.00","5,005.00","3,750.00",Rs./Quintal,09-06-2026
Maharashtra,Nashik,APMC Pimpalgaon Baswant ,Vegetables,Tomato,Other,Local,400.00,"3,755.00","2,705.00",Rs./Quintal,08-06-2026
Maharashtra,Nashik,APMC Pimpalgaon Baswant ,Vegetables,Tomato,Other,Local,400.00,"2,555.00","2,005.00",Rs./Quintal,07-06-2026
Maharashtra,Nashik,APMC Pimpalgaon Baswant ,Vegetables,Tomato,Other,Local,400.00,"2,605.00","2,055.00",Rs./Quintal,05-06-2026
Maharashtra,Nashik,APMC Pimpalgaon Baswant ,Vegetables,Tomato,Other,Local,400.00,"2,505.00","1,955.00",Rs./Quintal,04-06-2026
Maharashtra,Nashik,APMC Pimpalgaon Baswant ,Vegetables,Tomato,Other,Local,400.00,"2,655.00","2,005.00",Rs./Quintal,03-06-2026
Maharashtra,Nashik,APMC Pimpalgaon Baswant ,Vegetables,Tomato,Other,Local,400.00,"2,905.00","2,305.00",Rs./Quintal,02-06-2026
Maharashtra,Nashik,APMC Pimpalgaon Baswant ,Vegetables,Tomato,Other,Local,400.00,"2,755.00","2,155.00",Rs./Quintal,01-06-2026
Maharashtra,Nashik,APMC Pimpalgaon Baswant ,Vegetables,Tomato,Other,Local,400.00,"2,605.00","2,055.00",Rs./Quintal,31-05-2026
Maharashtra,Nashik,APMC Pimpalgaon Baswant ,Vegetables,Tomato,Other,Local,400.00,"2,505.00","1,955.00",Rs./Quintal,29-05-2026
Maharashtra,Nashik,APMC Pimpalgaon Baswant ,Vegetables,Tomato,Other,Local,400.00,"2,555.00","2,005.00",Rs./Quintal,28-05-2026
Maharashtra,Nashik,APMC Pimpalgaon Baswant ,Vegetables,Tomato,Other,Local,400.00,"2,755.00","2,155.00",Rs./Quintal,27-05-2026
Maharashtra,Nashik,APMC Pimpalgaon Baswant ,Vegetables,Tomato,Other,Local,400.00,"2,605.00","2,055.00",Rs./Quintal,26-05-2026
Maharashtra,Nashik,APMC Pimpalgaon Baswant ,Vegetables,Tomato,Other,Local,400.00,"2,505.00","1,905.00",Rs./Quintal,25-05-2026
Maharashtra,Nashik,APMC Pimpalgaon Baswant ,Vegetables,Tomato,Other,Local,300.00,"1,905.00","1,255.00",Rs./Quintal,24-05-2026
Maharashtra,Nashik,APMC Pimpalgaon Baswant ,Vegetables,Tomato,Other,Local,300.00,"2,005.00","1,405.00",Rs./Quintal,22-05-2026
Maharashtra,Nashik,APMC Pimpalgaon Baswant ,Vegetables,Tomato,Other,Local,300.00,"2,105.00","1,505.00",Rs./Quintal,21-05-2026
Maharashtra,Nashik,APMC Pimpalgaon Baswant ,Vegetables,Tomato,Other,Local,400.00,"2,355.00","1,805.00",Rs./Quintal,20-05-2026
Maharashtra,Nashik,APMC Pimpalgaon Baswant ,Vegetables,Tomato,Other,Local,400.00,"2,255.00","1,755.00",Rs./Quintal,19-05-2026
Maharashtra,Nashik,APMC Pimpalgaon Baswant ,Vegetables,Tomato,Other,Local,400.00,"2,405.00","1,855.00",Rs./Quintal,18-05-2026
Maharashtra,Nashik,APMC Pimpalgaon Baswant ,Vegetables,Tomato,Other,Local,500.00,"2,655.00","2,055.00",Rs./Quintal,17-05-2026
Maharashtra,Nashik,APMC Pimpalgaon Baswant ,Vegetables,Tomato,Other,Local,500.00,"3,155.00","2,505.00",Rs./Quintal,15-05-2026
Maharashtra,Nashik,APMC Pimpalgaon Baswant ,Vegetables,Tomato,Other,Local,300.00,"2,655.00","2,055.00",Rs./Quintal,14-05-2026
Maharashtra,Nashik,APMC Pimpalgaon Baswant ,Vegetables,Tomato,Other,Local,300.00,"2,355.00","1,755.00",Rs./Quintal,13-05-2026
Maharashtra,Nashik,APMC Pimpalgaon Baswant ,Vegetables,Tomato,Other,Local,300.00,"2,255.00","1,705.00",Rs./Quintal,12-05-2026
Maharashtra,Nashik,APMC Pimpalgaon Baswant ,Vegetables,Tomato,Other,Local,300.00,"2,105.00","1,655.00",Rs./Quintal,11-05-2026
Maharashtra,Nashik,APMC Pimpalgaon Baswant ,Vegetables,Tomato,Other,Local,300.00,"2,055.00","1,755.00",Rs./Quintal,10-05-2026
Maharashtra,Nashik,APMC Pimpalgaon Baswant ,Vegetables,Tomato,Other,Local,300.00,"1,905.00","1,305.00",Rs./Quintal,08-05-2026
Maharashtra,Nashik,APMC Pimpalgaon Baswant ,Vegetables,Tomato,Other,Local,300.00,"1,855.00","1,255.00",Rs./Quintal,07-05-2026
Maharashtra,Nashik,APMC Pimpalgaon Baswant ,Vegetables,Tomato,Other,Local,300.00,"1,755.00","1,105.00",Rs./Quintal,06-05-2026
Maharashtra,Nashik,APMC Pimpalgaon Baswant ,Vegetables,Tomato,Other,Local,300.00,"1,905.00","1,255.00",Rs./Quintal,05-05-2026
Maharashtra,Nashik,APMC Pimpalgaon Baswant ,Vegetables,Tomato,Other,Local,300.00,"2,005.00","1,405.00",Rs./Quintal,04-05-2026
Maharashtra,Nashik,APMC Pimpalgaon Baswant ,Vegetables,Tomato,Other,Local,300.00,"1,905.00","1,255.00",Rs./Quintal,03-05-2026
Maharashtra,Nashik,APMC Pimpalgaon Baswant ,Vegetables,Tomato,Other,Local,300.00,"2,105.00","1,505.00",Rs./Quintal,01-05-2026
Maharashtra,Nashik,APMC Pimpalgaon Baswant ,Vegetables,Tomato,Other,Local,300.00,"2,405.00","1,755.00",Rs./Quintal,29-04-2026
Maharashtra,Nashik,APMC Pimpalgaon Baswant ,Vegetables,Tomato,Other,Local,300.00,"2,555.00","1,905.00",Rs./Quintal,28-04-2026
Maharashtra,Nashik,APMC Pimpalgaon Baswant ,Vegetables,Tomato,Other,Local,300.00,"2,505.00","1,905.00",Rs./Quintal,27-04-2026
Maharashtra,Nashik,APMC Pimpalgaon Baswant ,Vegetables,Tomato,Other,Local,300.00,"2,405.00","1,755.00",Rs./Quintal,26-04-2026
Maharashtra,Nashik,APMC Pimpalgaon Baswant ,Vegetables,Tomato,Other,Local,300.00,"2,255.00","1,505.00",Rs./Quintal,24-04-2026
Maharashtra,Nashik,APMC Pimpalgaon Baswant ,Vegetables,Tomato,Other,Local,300.00,"2,405.00","1,755.00",Rs./Quintal,23-04-2026
Maharashtra,Nashik,APMC Pimpalgaon Baswant ,Vegetables,Tomato,Other,Local,300.00,"2,305.00","1,705.00",Rs./Quintal,22-04-2026
Maharashtra,Nashik,APMC Pimpalgaon Baswant ,Vegetables,Tomato,Other,Local,300.00,"2,355.00","1,755.00",Rs./Quintal,21-04-2026
Maharashtra,Nashik,APMC Pimpalgaon Baswant ,Vegetables,Tomato,Other,Local,300.00,"2,405.00","1,805.00",Rs./Quintal,20-04-2026
Maharashtra,Nashik,APMC Pimpalgaon Baswant ,Vegetables,Tomato,Other,Local,400.00,"2,455.00","1,855.00",Rs./Quintal,19-04-2026
Maharashtra,Nashik,APMC Pimpalgaon Baswant ,Vegetables,Tomato,Other,Local,300.00,"2,455.00","1,855.00",Rs./Quintal,17-04-2026
Maharashtra,Nashik,APMC Pimpalgaon Baswant ,Vegetables,Tomato,Other,Local,300.00,"2,405.00","1,755.00",Rs./Quintal,16-04-2026
Maharashtra,Nashik,APMC Pimpalgaon Baswant ,Vegetables,Tomato,Other,Local,300.00,"2,205.00","1,505.00",Rs./Quintal,15-04-2026
Maharashtra,Nashik,APMC Pimpalgaon Baswant ,Vegetables,Tomato,Other,Local,250.00,"2,255.00","1,605.00",Rs./Quintal,14-04-2026
Maharashtra,Nashik,APMC Pimpalgaon Baswant ,Vegetables,Tomato,Other,Local,250.00,"1,855.00","1,255.00",Rs./Quintal,13-04-2026
Maharashtra,Nashik,APMC Pimpalgaon Baswant ,Vegetables,Tomato,Other,Local,250.00,"1,755.00","1,105.00",Rs./Quintal,12-04-2026
Maharashtra,Nashik,APMC Pimpalgaon Baswant ,Vegetables,Tomato,Other,Local,250.00,"1,255.00",655.00,Rs./Quintal,10-04-2026
Maharashtra,Nashik,APMC Pimpalgaon Baswant ,Vegetables,Tomato,Other,Local,250.00,"1,205.00",605.00,Rs./Quintal,09-04-2026
Maharashtra,Nashik,APMC Pimpalgaon Baswant ,Vegetables,Tomato,Other,Local,250.00,"1,255.00",655.00,Rs./Quintal,08-04-2026
Maharashtra,Nashik,APMC Pimpalgaon Baswant ,Vegetables,Tomato,Other,Local,250.00,"1,355.00",755.00,Rs./Quintal,07-04-2026
Maharashtra,Nashik,APMC Pimpalgaon Baswant ,Vegetables,Tomato,Other,Local,250.00,"1,255.00",655.00,Rs./Quintal,06-04-2026
Maharashtra,Nashik,APMC Pimpalgaon Baswant ,Vegetables,Tomato,Other,Local,250.00,"1,155.00",505.00,Rs./Quintal,05-04-2026
Maharashtra,Nashik,APMC Pimpalgaon Baswant ,Vegetables,Tomato,Other,Local,250.00,"1,255.00",605.00,Rs./Quintal,03-04-2026
Maharashtra,Nashik,APMC Pimpalgaon Baswant ,Vegetables,Tomato,Other,Local,300.00,"1,105.00",555.00,Rs./Quintal,01-04-2026
Maharashtra,Nashik,APMC Pimpalgaon Baswant ,Vegetables,Tomato,Other,Local,300.00,"1,255.00",605.00,Rs./Quintal,31-03-2026
Maharashtra,Nashik,APMC Pimpalgaon Baswant ,Vegetables,Tomato,Other,Local,300.00,"2,105.00","1,505.00",Rs./Quintal,29-03-2026
Maharashtra,Nashik,APMC Pimpalgaon Baswant ,Vegetables,Tomato,Other,Local,300.00,"1,905.00","1,305.00",Rs./Quintal,27-03-2026
Maharashtra,Nashik,APMC Pimpalgaon Baswant ,Vegetables,Tomato,Other,Local,250.00,"1,855.00","1,255.00",Rs./Quintal,26-03-2026
Maharashtra,Nashik,APMC Pimpalgaon Baswant ,Vegetables,Tomato,Other,Local,250.00,"1,555.00","1,005.00",Rs./Quintal,24-03-2026
Maharashtra,Nashik,APMC Pimpalgaon Baswant ,Vegetables,Tomato,Other,Local,250.00,"1,505.00",905.00,Rs./Quintal,23-03-2026
Maharashtra,Nashik,APMC Pimpalgaon Baswant ,Vegetables,Tomato,Other,Local,250.00,"1,155.00",500.00,Rs./Quintal,22-03-2026
Maharashtra,Nashik,APMC Pimpalgaon Baswant ,Vegetables,Tomato,Other,Local,250.00,"1,225.00",555.00,Rs./Quintal,20-03-2026
Maharashtra,Nashik,APMC Pimpalgaon Baswant ,Vegetables,Tomato,Other,Local,250.00,"1,255.00",605.00,Rs./Quintal,19-03-2026
Maharashtra,Nashik,APMC Pimpalgaon Baswant ,Vegetables,Tomato,Other,Local,250.00,"1,305.00",705.00,Rs./Quintal,18-03-2026
Maharashtra,Nashik,APMC Pimpalgaon Baswant ,Vegetables,Tomato,Other,Local,250.00,"1,405.00",755.00,Rs./Quintal,17-03-2026
Maharashtra,Nashik,APMC Pimpalgaon Baswant ,Vegetables,Tomato,Other,Local,250.00,"1,555.00","1,005.00",Rs./Quintal,16-03-2026
Maharashtra,Nashik,APMC Pimpalgaon Baswant ,Vegetables,Tomato,Other,Local,250.00,"1,505.00",905.00,Rs./Quintal,15-03-2026
Maharashtra,Nashik,APMC Pimpalgaon Baswant ,Vegetables,Tomato,Other,Local,250.00,"1,405.00",755.00,Rs./Quintal,13-03-2026
Maharashtra,Nashik,APMC Pimpalgaon Baswant ,Vegetables,Tomato,Other,Local,250.00,"1,505.00",905.00,Rs./Quintal,12-03-2026
Maharashtra,Nashik,APMC Pimpalgaon Baswant ,Vegetables,Tomato,Other,Local,250.00,"1,555.00",955.00,Rs./Quintal,11-03-2026
Maharashtra,Nashik,APMC Pimpalgaon Baswant ,Vegetables,Tomato,Other,Local,250.00,"1,605.00","1,005.00",Rs./Quintal,10-03-2026
Maharashtra,Nashik,APMC Pimpalgaon Baswant ,Vegetables,Tomato,Other,Local,300.00,"1,755.00","1,155.00",Rs./Quintal,09-03-2026
Maharashtra,Nashik,APMC Pimpalgaon Baswant ,Vegetables,Tomato,Other,Local,250.00,"1,505.00",855.00,Rs./Quintal,08-03-2026
Maharashtra,Nashik,APMC Pimpalgaon Baswant ,Vegetables,Tomato,Other,Local,255.00,"1,505.00",905.00,Rs./Quintal,06-03-2026
Maharashtra,Nashik,APMC Pimpalgaon Baswant ,Vegetables,Tomato,Other,Local,255.00,"1,255.00",755.00,Rs./Quintal,05-03-2026
Maharashtra,Nashik,APMC Pimpalgaon Baswant ,Vegetables,Tomato,Other,Local,255.00,"1,405.00",805.00,Rs./Quintal,04-03-2026
Maharashtra,Nashik,APMC Pimpalgaon Baswant ,Vegetables,Tomato,Other,Local,255.00,"1,355.00",755.00,Rs./Quintal,03-03-2026
Maharashtra,Nashik,APMC Pimpalgaon Baswant ,Vegetables,Tomato,Other,Local,255.00,"1,405.00",755.00,Rs./Quintal,01-03-2026
Maharashtra,Nashik,APMC Pimpalgaon Baswant ,Vegetables,Tomato,Other,Local,255.00,"1,505.00",905.00,Rs./Quintal,27-02-2026
Maharashtra,Nashik,APMC Pimpalgaon Baswant ,Vegetables,Tomato,Other,Local,255.00,"1,405.00",805.00,Rs./Quintal,26-02-2026
Maharashtra,Nashik,APMC Pimpalgaon Baswant ,Vegetables,Tomato,Other,Local,255.00,"1,355.00",755.00,Rs./Quintal,25-02-2026
Maharashtra,Nashik,APMC Pimpalgaon Baswant ,Vegetables,Tomato,Other,Local,255.00,"1,255.00",705.00,Rs./Quintal,24-02-2026
Maharashtra,Nashik,APMC Pimpalgaon Baswant ,Vegetables,Tomato,Other,Local,255.00,"1,355.00",755.00,Rs./Quintal,23-02-2026
Maharashtra,Nashik,APMC Pimpalgaon Baswant ,Vegetables,Tomato,Other,Local,255.00,905.00,755.00,Rs./Quintal,22-02-2026
Maharashtra,Nashik,APMC Pimpalgaon Baswant ,Vegetables,Tomato,Other,Local,255.00,"1,575.00",905.00,Rs./Quintal,20-02-2026
Maharashtra,Nashik,APMC Pimpalgaon Baswant ,Vegetables,Tomato,Other,Local,255.00,"1,505.00",855.00,Rs./Quintal,19-02-2026
Maharashtra,Nashik,APMC Pimpalgaon Baswant ,Vegetables,Tomato,Other,Local,255.00,"1,505.00",855.00,Rs./Quintal,17-02-2026
Maharashtra,Nashik,APMC Pimpalgaon Baswant ,Vegetables,Tomato,Other,Local,255.00,"1,405.00",605.00,Rs./Quintal,16-02-2026
Maharashtra,Nashik,APMC Pimpalgaon Baswant ,Vegetables,Tomato,Other,Local,250.00,"1,105.00",555.00,Rs./Quintal,15-02-2026
Maharashtra,Nashik,APMC Pimpalgaon Baswant ,Vegetables,Tomato,Other,Local,255.00,"1,255.00",605.00,Rs./Quintal,13-02-2026
Maharashtra,Nashik,APMC Pimpalgaon Baswant ,Vegetables,Tomato,Other,Local,255.00,"1,405.00",805.00,Rs./Quintal,12-02-2026
Maharashtra,Nashik,APMC Pimpalgaon Baswant ,Vegetables,Tomato,Other,Local,255.00,"1,355.00",755.00,Rs./Quintal,11-02-2026
Maharashtra,Nashik,APMC Pimpalgaon Baswant ,Vegetables,Tomato,Other,Local,255.00,"1,255.00",605.00,Rs./Quintal,10-02-2026
Maharashtra,Nashik,APMC Pimpalgaon Baswant ,Vegetables,Tomato,Other,Local,255.00,"1,255.00",555.00,Rs./Quintal,09-02-2026
Maharashtra,Nashik,APMC Pimpalgaon Baswant ,Vegetables,Tomato,Other,Local,255.00,"1,005.00",500.00,Rs./Quintal,08-02-2026
Maharashtra,Nashik,APMC Pimpalgaon Baswant ,Vegetables,Tomato,Other,Local,255.00,"1,055.00",505.00,Rs./Quintal,06-02-2026
Maharashtra,Nashik,APMC Pimpalgaon Baswant ,Vegetables,Tomato,Other,Local,255.00,"1,105.00",705.00,Rs./Quintal,05-02-2026
Maharashtra,Nashik,APMC Pimpalgaon Baswant ,Vegetables,Tomato,Other,Local,255.00,"1,255.00",855.00,Rs./Quintal,04-02-2026
Maharashtra,Nashik,APMC Pimpalgaon Baswant ,Vegetables,Tomato,Other,Local,255.00,"1,255.00",755.00,Rs./Quintal,03-02-2026
Maharashtra,Nashik,APMC Pimpalgaon Baswant ,Vegetables,Tomato,Other,Local,255.00,"1,505.00",905.00,Rs./Quintal,02-02-2026
Maharashtra,Nashik,APMC Pimpalgaon Baswant ,Vegetables,Tomato,Other,Local,250.00,"1,355.00",755.00,Rs./Quintal,01-02-2026
Maharashtra,Nashik,APMC Pimpalgaon Baswant ,Vegetables,Tomato,Other,Local,255.00,"1,505.00",905.00,Rs./Quintal,28-01-2026
Maharashtra,Nashik,APMC Pimpalgaon Baswant ,Vegetables,Tomato,Other,Local,300.00,"2,005.00","1,405.00",Rs./Quintal,23-01-2026
Maharashtra,Nashik,APMC Pimpalgaon Baswant ,Vegetables,Tomato,Other,Local,300.00,"2,155.00","1,505.00",Rs./Quintal,22-01-2026
Maharashtra,Nashik,APMC Pimpalgaon Baswant ,Vegetables,Tomato,Other,Local,300.00,"2,255.00","1,605.00",Rs./Quintal,21-01-2026
Maharashtra,Nashik,APMC Pimpalgaon Baswant ,Vegetables,Tomato,Other,Local,300.00,"2,105.00","1,505.00",Rs./Quintal,18-01-2026
Maharashtra,Nashik,APMC Pimpalgaon Baswant ,Vegetables,Tomato,Other,Local,300.00,"2,855.00","2,255.00",Rs./Quintal,16-01-2026
Maharashtra,Nashik,APMC Pimpalgaon Baswant ,Vegetables,Tomato,Other,Local,300.00,"2,005.00","1,405.00",Rs./Quintal,15-01-2026
Maharashtra,Nashik,APMC Pimpalgaon Baswant ,Vegetables,Tomato,Other,Local,300.00,"2,255.00","1,605.00",Rs./Quintal,13-01-2026
Maharashtra,Nashik,APMC Pimpalgaon Baswant ,Vegetables,Tomato,Other,Local,250.00,"1,855.00","1,255.00",Rs./Quintal,12-01-2026
Maharashtra,Nashik,APMC Pimpalgaon Baswant ,Vegetables,Tomato,Other,Local,250.00,"2,005.00","1,405.00",Rs./Quintal,11-01-2026
Maharashtra,Nashik,APMC Pimpalgaon Baswant ,Vegetables,Tomato,Other,Local,250.00,"2,105.00","1,405.00",Rs./Quintal,09-01-2026
Maharashtra,Nashik,APMC Pimpalgaon Baswant ,Vegetables,Tomato,Other,Local,250.00,"2,155.00","1,505.00",Rs./Quintal,08-01-2026
Maharashtra,Nashik,APMC Pimpalgaon Baswant ,Vegetables,Tomato,Other,Local,250.00,"2,255.00","1,605.00",Rs./Quintal,07-01-2026
Maharashtra,Nashik,APMC Pimpalgaon Baswant ,Vegetables,Tomato,Other,Local,300.00,"3,105.00","2,405.00",Rs./Quintal,06-01-2026
Maharashtra,Nashik,APMC Pimpalgaon Baswant ,Vegetables,Tomato,Other,Local,500.00,"3,255.00","2,605.00",Rs./Quintal,05-01-2026
Maharashtra,Nashik,APMC Pimpalgaon Baswant ,Vegetables,Tomato,Other,Local,500.00,"3,755.00","3,105.00",Rs./Quintal,04-01-2026
Maharashtra,Nashik,APMC Pimpalgaon Baswant ,Vegetables,Tomato,Other,Local,"1,250.00","3,250.00","2,950.00",Rs./Quintal,02-01-2026
Maharashtra,Nashik,APMC Pimpalgaon Baswant ,Vegetables,Tomato,Other,Local,350.00,"3,500.00","3,100.00",Rs./Quintal,01-01-2026
Maharashtra,Pune,APMC Khed ,Vegetables,Tomato,Local,Local,400.00,"1,500.00","1,000.00",Rs./Quintal,03-09-2026
Maharashtra,Pune,APMC Khed ,Vegetables,Tomato,Local,Local,400.00,"1,800.00","1,000.00",Rs./Quintal,02-09-2026
Maharashtra,Pune,APMC Khed ,Vegetables,Tomato,Local,Local,500.00,"1,800.00","1,000.00",Rs./Quintal,31-08-2026
Maharashtra,Pune,APMC Khed ,Vegetables,Tomato,Local,Local,500.00,"1,800.00","1,000.00",Rs./Quintal,30-08-2026
Maharashtra,Pune,APMC Khed ,Vegetables,Tomato,Local,Local,400.00,"1,200.00",800.00,Rs./Quintal,27-08-2026
Maharashtra,Pune,APMC Khed ,Vegetables,Tomato,Local,Local,400.00,"1,000.00",700.00,Rs./Quintal,26-08-2026
Maharashtra,Pune,APMC Khed ,Vegetables,Tomato,Local,Local,400.00,"1,500.00","1,000.00",Rs./Quintal,25-08-2026
Maharashtra,Pune,APMC Khed ,Vegetables,Tomato,Local,Local,400.00,"1,800.00","1,000.00",Rs./Quintal,24-08-2026
Maharashtra,Pune,APMC Khed ,Vegetables,Tomato,Local,Local,400.00,"1,500.00",900.00,Rs./Quintal,23-08-2026
Maharashtra,Pune,APMC Khed ,Vegetables,Tomato,Local,Local,400.00,"1,500.00",900.00,Rs./Quintal,21-08-2026
Maharashtra,Pune,APMC Khed ,Vegetables,Tomato,Local,Local,500.00,"1,800.00","1,000.00",Rs./Quintal,20-08-2026
Maharashtra,Pune,APMC Khed ,Vegetables,Tomato,Local,Local,500.00,"2,000.00","1,100.00",Rs./Quintal,19-08-2026
Maharashtra,Pune,APMC Khed ,Vegetables,Tomato,Local,Local,500.00,"2,200.00","1,500.00",Rs./Quintal,18-08-2026
Maharashtra,Pune,APMC Khed ,Vegetables,Tomato,Local,Local,500.00,"2,000.00","1,000.00",Rs./Quintal,17-08-2026
Maharashtra,Pune,APMC Khed ,Vegetables,Tomato,Local,Local,500.00,"2,500.00","1,500.00",Rs./Quintal,16-08-2026
Maharashtra,Pune,APMC Khed ,Vegetables,Tomato,Local,Local,700.00,"2,300.00","1,500.00",Rs./Quintal,14-08-2026
Maharashtra,Pune,APMC Khed ,Vegetables,Tomato,Local,Local,500.00,"2,000.00","1,000.00",Rs./Quintal,13-08-2026
Maharashtra,Pune,APMC Khed ,Vegetables,Tomato,Local,Local,400.00,"2,000.00","1,000.00",Rs./Quintal,12-08-2026
Maharashtra,Pune,APMC Khed ,Vegetables,Tomato,Local,Local,500.00,"2,300.00","1,500.00",Rs./Quintal,11-08-2026
Maharashtra,Pune,APMC Khed ,Vegetables,Tomato,Local,Local,500.00,"2,500.00","1,500.00",Rs./Quintal,10-08-2026
Maharashtra,Pune,APMC Khed ,Vegetables,Tomato,Local,Local,500.00,"2,500.00","1,500.00",Rs./Quintal,09-08-2026
Maharashtra,Pune,APMC Khed ,Vegetables,Tomato,Local,Local,500.00,"3,000.00","2,000.00",Rs./Quintal,07-08-2026
Maharashtra,Pune,APMC Khed ,Vegetables,Tomato,Local,Local,500.00,"2,000.00","1,000.00",Rs./Quintal,06-08-2026
Maharashtra,Pune,APMC Khed ,Vegetables,Tomato,Local,Local,500.00,"2,500.00","1,500.00",Rs./Quintal,05-08-2026
Maharashtra,Pune,APMC Khed ,Vegetables,Tomato,Local,Local,700.00,"3,000.00","1,500.00",Rs./Quintal,04-08-2026
Maharashtra,Pune,APMC Khed ,Vegetables,Tomato,Local,Local,"1,000.00","3,000.00","2,000.00",Rs./Quintal,03-08-2026
Maharashtra,Pune,APMC Khed ,Vegetables,Tomato,Local,Local,500.00,"2,500.00","1,500.00",Rs./Quintal,02-08-2026
Maharashtra,Pune,APMC Khed ,Vegetables,Tomato,Local,Local,700.00,"2,500.00","1,500.00",Rs./Quintal,31-07-2026
Maharashtra,Pune,APMC Khed ,Vegetables,Tomato,Local,Local,500.00,"2,500.00","1,500.00",Rs./Quintal,30-07-2026
Maharashtra,Pune,APMC Khed ,Vegetables,Tomato,Local,Local,800.00,"2,500.00","1,800.00",Rs./Quintal,29-07-2026
Maharashtra,Pune,APMC Khed ,Vegetables,Tomato,Local,Local,500.00,"3,000.00","2,000.00",Rs./Quintal,28-07-2026
Maharashtra,Pune,APMC Khed ,Vegetables,Tomato,Local,Local,500.00,"2,500.00","1,500.00",Rs./Quintal,27-07-2026
Maharashtra,Pune,APMC Khed ,Vegetables,Tomato,Local,Local,500.00,"2,500.00","1,500.00",Rs./Quintal,26-07-2026
Maharashtra,Pune,APMC Khed ,Vegetables,Tomato,Local,Local,500.00,"2,000.00","1,000.00",Rs./Quintal,24-07-2026
Maharashtra,Pune,APMC Khed ,Vegetables,Tomato,Local,Local,500.00,"3,000.00","2,000.00",Rs./Quintal,23-07-2026
Maharashtra,Pune,APMC Khed ,Vegetables,Tomato,Local,Local,500.00,"2,300.00","1,000.00",Rs./Quintal,22-07-2026
Maharashtra,Pune,APMC Khed ,Vegetables,Tomato,Local,Local,600.00,"2,500.00","1,500.00",Rs./Quintal,21-07-2026
Maharashtra,Pune,APMC Khed ,Vegetables,Tomato,Local,Local,500.00,"3,000.00","1,500.00",Rs./Quintal,20-07-2026
Maharashtra,Pune,APMC Khed ,Vegetables,Tomato,Local,Local,600.00,"3,500.00","2,000.00",Rs./Quintal,19-07-2026
Maharashtra,Pune,APMC Khed ,Vegetables,Tomato,Local,Local,500.00,"3,500.00","2,500.00",Rs./Quintal,16-07-2026
Maharashtra,Pune,APMC Khed ,Vegetables,Tomato,Local,Local,500.00,"2,200.00","1,500.00",Rs./Quintal,15-07-2026
Maharashtra,Pune,APMC Khed ,Vegetables,Tomato,Local,Local,500.00,"3,000.00","2,000.00",Rs./Quintal,14-07-2026
Maharashtra,Pune,APMC Khed ,Vegetables,Tomato,Local,Local,800.00,"3,500.00","2,000.00",Rs./Quintal,13-07-2026
Maharashtra,Pune,APMC Khed ,Vegetables,Tomato,Local,Local,"1,000.00","4,000.00","2,500.00",Rs./Quintal,10-07-2026
Maharashtra,Pune,APMC Khed ,Vegetables,Tomato,Local,Local,800.00,"4,000.00","2,500.00",Rs./Quintal,09-07-2026
Maharashtra,Pune,APMC Khed ,Vegetables,Tomato,Local,Local,"1,000.00","4,000.00","3,000.00",Rs./Quintal,08-07-2026
Maharashtra,Pune,APMC Khed ,Vegetables,Tomato,Local,Local,700.00,"4,000.00","3,000.00",Rs./Quintal,07-07-2026
Maharashtra,Pune,APMC Khed ,Vegetables,Tomato,Local,Local,"1,000.00","3,000.00","2,000.00",Rs./Quintal,06-07-2026
Maharashtra,Pune,APMC Khed ,Vegetables,Tomato,Local,Local,700.00,"3,500.00","2,000.00",Rs./Quintal,05-07-2026
Maharashtra,Pune,APMC Khed ,Vegetables,Tomato,Local,Local,500.00,"3,000.00","2,000.00",Rs./Quintal,03-07-2026
Maharashtra,Pune,APMC Khed ,Vegetables,Tomato,Local,Local,700.00,"3,500.00","2,000.00",Rs./Quintal,02-07-2026
Maharashtra,Pune,APMC Khed ,Vegetables,Tomato,Local,Local,"1,000.00","2,500.00","1,800.00",Rs./Quintal,01-07-2026
Maharashtra,Pune,APMC Khed ,Vegetables,Tomato,Local,Local,800.00,"2,800.00","1,700.00",Rs./Quintal,30-06-2026
Maharashtra,Pune,APMC Manchar ,Vegetables,Tomato,Other,Local,"1,000.00","2,250.00","1,625.00",Rs./Quintal,27-08-2026
Maharashtra,Pune,APMC Manchar ,Vegetables,Tomato,Other,Local,"1,000.00","3,250.00","2,125.00",Rs./Quintal,20-08-2026
Maharashtra,Pune,APMC Manchar ,Vegetables,Tomato,Other,Local,"1,000.00","3,500.00","2,250.00",Rs./Quintal,19-08-2026
Maharashtra,Pune,APMC Manchar ,Vegetables,Tomato,Other,Local,"2,000.00","4,000.00","3,000.00",Rs./Quintal,18-08-2026
Maharashtra,Pune,APMC Manchar ,Vegetables,Tomato,Other,Local,"1,500.00","3,500.00","2,500.00",Rs./Quintal,17-08-2026
Maharashtra,Pune,APMC Manchar ,Vegetables,Tomato,Other,Local,900.00,"2,300.00","1,550.00",Rs./Quintal,11-08-2026
Maharashtra,Pune,APMC Manchar ,Vegetables,Tomato,Other,Local,"2,500.00","5,500.00","4,000.00",Rs./Quintal,13-07-2026
Maharashtra,Pune,APMC Manchar ,Vegetables,Tomato,Other,Local,800.00,"3,650.00","2,260.00",Rs./Quintal,01-07-2026
Maharashtra,Pune,APMC Manchar ,Vegetables,Tomato,Other,Local,"1,000.00","3,200.00","2,100.00",Rs./Quintal,28-06-2026
Maharashtra,Pune,APMC Manchar ,Vegetables,Tomato,Other,Local,"1,800.00","5,000.00","3,495.00",Rs./Quintal,17-06-2026
Maharashtra,Pune,APMC Manchar ,Vegetables,Tomato,Other,Local,"1,800.00","2,000.00","1,900.00",Rs./Quintal,08-06-2026
Maharashtra,Pune,APMC Manchar ,Vegetables,Tomato,Other,Local,"2,000.00","4,600.00","3,300.00",Rs./Quintal,07-06-2026
Maharashtra,Pune,APMC Manchar ,Vegetables,Tomato,Other,Local,"2,000.00","4,100.00","3,050.00",Rs./Quintal,04-06-2026
Maharashtra,Pune,APMC Manchar ,Vegetables,Tomato,Other,Local,"1,200.00","2,500.00","1,900.00",Rs./Quintal,03-06-2026
Maharashtra,Pune,APMC Manchar ,Vegetables,Tomato,Other,Local,500.00,"4,500.00","3,560.00",Rs./Quintal,31-05-2026
Maharashtra,Pune,APMC Manchar ,Vegetables,Tomato,Other,Local,"1,500.00","4,100.00","2,850.00",Rs./Quintal,28-05-2026
Maharashtra,Pune,APMC Manchar ,Vegetables,Tomato,Other,Local,"3,210.00","3,210.00","3,210.00",Rs./Quintal,26-05-2026
Maharashtra,Pune,APMC Manchar ,Vegetables,Tomato,Other,Local,700.00,"2,200.00","1,450.00",Rs./Quintal,25-05-2026
Maharashtra,Pune,APMC Manchar ,Vegetables,Tomato,Other,Local,"1,000.00","4,600.00","2,850.00",Rs./Quintal,24-05-2026
Maharashtra,Pune,APMC Manchar ,Vegetables,Tomato,Other,Local,"1,000.00","3,000.00","2,500.00",Rs./Quintal,21-05-2026
Maharashtra,Pune,APMC Manchar ,Vegetables,Tomato,Other,Local,"1,000.00","4,260.00","2,635.00",Rs./Quintal,20-05-2026
Maharashtra,Pune,APMC Manchar ,Vegetables,Tomato,Other,Local,"1,000.00","4,550.00","2,780.00",Rs./Quintal,19-05-2026
Maharashtra,Pune,APMC Manchar ,Vegetables,Tomato,Other,Local,"1,000.00","4,600.00","2,850.00",Rs./Quintal,17-05-2026
Maharashtra,Pune,APMC Manchar ,Vegetables,Tomato,Other,Local,"1,000.00","4,600.00","2,850.00",Rs./Quintal,14-05-2026
Maharashtra,Pune,APMC Manchar ,Vegetables,Tomato,Other,Local,"1,300.00","4,500.00","2,860.00",Rs./Quintal,13-05-2026
Maharashtra,Pune,APMC Manchar ,Vegetables,Tomato,Other,Local,"1,000.00","4,560.00","2,790.00",Rs./Quintal,11-05-2026
Maharashtra,Pune,APMC Manchar ,Vegetables,Tomato,Other,Local,"2,000.00","5,000.00","3,550.00",Rs./Quintal,10-05-2026
Maharashtra,Pune,APMC Manchar ,Vegetables,Tomato,Other,Local,700.00,"2,250.00","1,480.00",Rs./Quintal,06-05-2026
Maharashtra,Pune,APMC Manchar ,Vegetables,Tomato,Other,Local,"1,000.00","5,000.00","3,500.00",Rs./Quintal,03-05-2026
Maharashtra,Pune,APMC Manchar ,Vegetables,Tomato,Other,Local,"1,000.00","3,690.00","2,995.00",Rs./Quintal,28-04-2026
Maharashtra,Pune,APMC Manchar ,Vegetables,Tomato,Other,Local,"1,000.00","3,690.00","2,350.00",Rs./Quintal,26-04-2026
Maharashtra,Pune,APMC Manchar ,Vegetables,Tomato,Other,Local,"1,000.00","4,100.00","3,055.00",Rs./Quintal,23-04-2026
Maharashtra,Pune,APMC Manchar ,Vegetables,Tomato,Other,Local,"1,000.00","4,100.00","2,550.00",Rs./Quintal,22-04-2026
Maharashtra,Pune,APMC Manchar ,Vegetables,Tomato,Other,Local,"1,300.00","4,050.00","2,680.00",Rs./Quintal,21-04-2026
Maharashtra,Pune,APMC Manchar ,Vegetables,Tomato,Other,Local,"1,100.00","4,050.00","2,580.00",Rs./Quintal,20-04-2026
Maharashtra,Pune,APMC Manchar ,Vegetables,Tomato,Other,Local,"1,500.00","3,700.00","2,575.00",Rs./Quintal,19-04-2026
Maharashtra,Pune,APMC Manchar ,Vegetables,Tomato,Other,Local,"1,200.00","2,750.00","1,975.00",Rs./Quintal,16-04-2026
Maharashtra,Pune,APMC Manchar ,Vegetables,Tomato,Other,Local,"1,000.00","3,200.00","2,120.00",Rs./Quintal,15-04-2026
Maharashtra,Pune,APMC Manchar ,Vegetables,Tomato,Other,Local,"1,150.00","2,500.00","1,830.00",Rs./Quintal,09-04-2026
Maharashtra,Pune,APMC Manchar ,Vegetables,Tomato,Other,Local,"2,000.00","2,500.00","2,250.00",Rs./Quintal,06-04-2026
Maharashtra,Pune,APMC Manchar ,Vegetables,Tomato,Other,Local,"1,200.00","2,500.00","1,900.00",Rs./Quintal,05-04-2026
Maharashtra,Pune,APMC Manchar ,Vegetables,Tomato,Other,Local,"1,000.00","2,000.00","1,500.00",Rs./Quintal,24-03-2026
Maharashtra,Pune,APMC Manchar ,Vegetables,Tomato,Other,Local,"1,800.00","3,000.00","2,400.00",Rs./Quintal,15-03-2026
Maharashtra,Pune,APMC Manchar ,Vegetables,Tomato,Other,Local,"1,000.00","2,500.00","1,750.00",Rs./Quintal,22-02-2026
Maharashtra,Pune,APMC Manchar ,Vegetables,Tomato,Other,Local,"1,500.00","3,000.00","2,300.00",Rs./Quintal,04-02-2026
Maharashtra,Pune,APMC Manchar ,Vegetables,Tomato,Other,Local,"1,000.00","2,700.00","1,850.00",Rs./Quintal,03-02-2026
Maharashtra,Pune,APMC Manchar ,Vegetables,Tomato,Other,Local,"1,800.00","3,600.00","2,700.00",Rs./Quintal,01-02-2026
Maharashtra,Pune,APMC Manchar ,Vegetables,Tomato,Other,Local,"2,500.00","4,500.00","3,500.00",Rs./Quintal,27-01-2026
Maharashtra,Pune,APMC Manchar ,Vegetables,Tomato,Other,Local,"2,000.00","4,500.00","3,300.00",Rs./Quintal,26-01-2026
Maharashtra,Pune,APMC Manchar ,Vegetables,Tomato,Other,Local,"2,000.00","4,000.00","3,000.00",Rs./Quintal,22-01-2026
Maharashtra,Pune,APMC Manchar ,Vegetables,Tomato,Other,Local,"3,200.00","4,500.00","3,900.00",Rs./Quintal,14-01-2026
Maharashtra,Pune,APMC Manchar ,Vegetables,Tomato,Other,Local,"4,500.00","4,500.00","4,500.00",Rs./Quintal,11-01-2026
Maharashtra,Pune,APMC Manchar ,Vegetables,Tomato,Other,Local,"3,000.00","6,000.00","4,500.00",Rs./Quintal,04-01-2026
Maharashtra,Pune,APMC Pune ,Vegetables,Tomato,Local,Local,600.00,"1,600.00","1,100.00",Rs./Quintal,03-09-2026
Maharashtra,Pune,APMC Pune ,Vegetables,Tomato,Local,Local,600.00,"1,600.00","1,100.00",Rs./Quintal,01-09-2026
Maharashtra,Pune,APMC Pune ,Vegetables,Tomato,Local,Local,"1,000.00","2,000.00","1,500.00",Rs./Quintal,31-08-2026
Maharashtra,Pune,APMC Pune ,Vegetables,Tomato,Local,Local,800.00,"1,600.00","1,200.00",Rs./Quintal,30-08-2026
Maharashtra,Pune,APMC Pune ,Vegetables,Tomato,Local,Local,400.00,"1,600.00","1,000.00",Rs./Quintal,28-08-2026
Maharashtra,Pune,APMC Pune ,Vegetables,Tomato,Local,Local,400.00,"1,600.00","1,000.00",Rs./Quintal,27-08-2026
Maharashtra,Pune,APMC Pune ,Vegetables,Tomato,Local,Local,500.00,"1,600.00","1,050.00",Rs./Quintal,26-08-2026
Maharashtra,Pune,APMC Pune ,Vegetables,Tomato,Local,Local,400.00,"1,600.00","1,000.00",Rs./Quintal,25-08-2026
Maharashtra,Pune,APMC Pune ,Vegetables,Tomato,Local,Local,400.00,"1,000.00",700.00,Rs./Quintal,24-08-2026
Maharashtra,Pune,APMC Pune ,Vegetables,Tomato,Local,Local,500.00,"1,000.00",750.00,Rs./Quintal,23-08-2026
Maharashtra,Pune,APMC Pune ,Vegetables,Tomato,Local,Local,600.00,"1,800.00","1,200.00",Rs./Quintal,21-08-2026
Maharashtra,Pune,APMC Pune ,Vegetables,Tomato,Local,Local,600.00,"1,200.00",900.00,Rs./Quintal,20-08-2026
Maharashtra,Pune,APMC Pune ,Vegetables,Tomato,Local,Local,600.00,"2,000.00","1,300.00",Rs./Quintal,17-08-2026
Maharashtra,Pune,APMC Pune ,Vegetables,Tomato,Local,Local,"1,000.00","2,000.00","1,500.00",Rs./Quintal,16-08-2026
Maharashtra,Pune,APMC Pune ,Vegetables,Tomato,Local,Local,800.00,"1,600.00","1,200.00",Rs./Quintal,14-08-2026
Maharashtra,Pune,APMC Pune ,Vegetables,Tomato,Local,Local,600.00,"1,600.00","1,100.00",Rs./Quintal,13-08-2026
Maharashtra,Pune,APMC Pune ,Vegetables,Tomato,Local,Local,400.00,"1,600.00","1,000.00",Rs./Quintal,12-08-2026
Maharashtra,Pune,APMC Pune ,Vegetables,Tomato,Local,Local,400.00,"2,000.00","1,200.00",Rs./Quintal,11-08-2026
Maharashtra,Pune,APMC Pune ,Vegetables,Tomato,Local,Local,800.00,"1,600.00","1,200.00",Rs./Quintal,10-08-2026
Maharashtra,Pune,APMC Pune ,Vegetables,Tomato,Local,Local,500.00,"1,600.00","1,050.00",Rs./Quintal,07-08-2026
Maharashtra,Pune,APMC Pune ,Vegetables,Tomato,Local,Local,500.00,"2,500.00","1,500.00",Rs./Quintal,06-08-2026
Maharashtra,Pune,APMC Pune ,Vegetables,Tomato,Local,Local,800.00,"2,500.00","1,650.00",Rs./Quintal,05-08-2026
Maharashtra,Pune,APMC Pune ,Vegetables,Tomato,Local,Local,"1,000.00","2,200.00","1,600.00",Rs./Quintal,04-08-2026
Maharashtra,Pune,APMC Pune ,Vegetables,Tomato,Local,Local,"1,000.00","2,500.00","1,750.00",Rs./Quintal,03-08-2026
Maharashtra,Pune,APMC Pune ,Vegetables,Tomato,Local,Local,"1,000.00","2,500.00","1,750.00",Rs./Quintal,02-08-2026
Maharashtra,Pune,APMC Pune ,Vegetables,Tomato,Local,Local,800.00,"2,000.00","1,400.00",Rs./Quintal,30-07-2026
Maharashtra,Pune,APMC Pune ,Vegetables,Tomato,Local,Local,"1,000.00","1,600.00","1,300.00",Rs./Quintal,29-07-2026
Maharashtra,Pune,APMC Pune ,Vegetables,Tomato,Local,Local,"1,000.00","2,000.00","1,500.00",Rs./Quintal,28-07-2026
Maharashtra,Pune,APMC Pune ,Vegetables,Tomato,Local,Local,"1,000.00","2,200.00","1,600.00",Rs./Quintal,27-07-2026
Maharashtra,Pune,APMC Pune ,Vegetables,Tomato,Local,Local,"1,000.00","2,500.00","1,750.00",Rs./Quintal,26-07-2026
Maharashtra,Pune,APMC Pune ,Vegetables,Tomato,Local,Local,"1,000.00","2,000.00","1,500.00",Rs./Quintal,23-07-2026
Maharashtra,Pune,APMC Pune ,Vegetables,Tomato,Local,Local,800.00,"2,000.00","1,400.00",Rs./Quintal,22-07-2026
Maharashtra,Pune,APMC Pune ,Vegetables,Tomato,Local,Local,"1,000.00","1,800.00","1,400.00",Rs./Quintal,21-07-2026
Maharashtra,Pune,APMC Pune ,Vegetables,Tomato,Local,Local,"1,000.00","2,000.00","1,500.00",Rs./Quintal,20-07-2026
Maharashtra,Pune,APMC Pune ,Vegetables,Tomato,Local,Local,"1,000.00","2,000.00","1,500.00",Rs./Quintal,19-07-2026
Maharashtra,Pune,APMC Pune ,Vegetables,Tomato,Local,Local,"1,000.00","2,500.00","1,750.00",Rs./Quintal,17-07-2026
Maharashtra,Pune,APMC Pune ,Vegetables,Tomato,Local,Local,800.00,"1,500.00","1,150.00",Rs./Quintal,16-07-2026
Maharashtra,Pune,APMC Pune ,Vegetables,Tomato,Local,Local,"1,000.00","1,800.00","1,400.00",Rs./Quintal,15-07-2026
Maharashtra,Pune,APMC Pune ,Vegetables,Tomato,Local,Local,"1,000.00","2,000.00","1,500.00",Rs./Quintal,14-07-2026
Maharashtra,Pune,APMC Pune ,Vegetables,Tomato,Local,Local,"1,000.00","2,000.00","1,500.00",Rs./Quintal,13-07-2026
Maharashtra,Pune,APMC Pune ,Vegetables,Tomato,Local,Local,"1,000.00","2,000.00","1,500.00",Rs./Quintal,12-07-2026
Maharashtra,Pune,APMC Pune ,Vegetables,Tomato,Local,Local,"1,000.00","2,200.00","1,600.00",Rs./Quintal,10-07-2026
Maharashtra,Pune,APMC Pune ,Vegetables,Tomato,Local,Local,"1,000.00","2,500.00","1,750.00",Rs./Quintal,09-07-2026
Maharashtra,Pune,APMC Pune ,Vegetables,Tomato,Local,Local,"1,000.00","2,000.00","1,500.00",Rs./Quintal,07-07-2026
Maharashtra,Pune,APMC Pune ,Vegetables,Tomato,Local,Local,"1,000.00","2,500.00","1,750.00",Rs./Quintal,06-07-2026
Maharashtra,Pune,APMC Pune ,Vegetables,Tomato,Local,Local,"1,000.00","3,000.00","2,000.00",Rs./Quintal,05-07-2026
Maharashtra,Pune,APMC Pune ,Vegetables,Tomato,Local,Local,"1,000.00","2,200.00","1,600.00",Rs./Quintal,02-07-2026
Maharashtra,Pune,APMC Pune ,Vegetables,Tomato,Local,Local,800.00,"1,000.00",900.00,Rs./Quintal,01-07-2026
Maharashtra,Pune,APMC Pune ,Vegetables,Tomato,Local,Local,600.00,"1,600.00","1,100.00",Rs./Quintal,30-06-2026
Maharashtra,Pune,APMC Pune ,Vegetables,Tomato,Local,Local,600.00,"1,600.00","1,100.00",Rs./Quintal,29-06-2026
Maharashtra,Pune,APMC Pune ,Vegetables,Tomato,Local,Local,400.00,"1,600.00","1,000.00",Rs./Quintal,28-06-2026
Maharashtra,Pune,APMC Pune ,Vegetables,Tomato,Local,Local,"1,000.00","2,200.00","1,600.00",Rs./Quintal,26-06-2026
Maharashtra,Pune,APMC Pune ,Vegetables,Tomato,Local,Local,"1,000.00","2,200.00","1,600.00",Rs./Quintal,25-06-2026
Maharashtra,Pune,APMC Pune ,Vegetables,Tomato,Local,Local,"1,000.00","2,500.00","1,750.00",Rs./Quintal,24-06-2026
Maharashtra,Pune,APMC Pune ,Vegetables,Tomato,Local,Local,"1,000.00","2,500.00","1,750.00",Rs./Quintal,23-06-2026
Maharashtra,Pune,APMC Pune ,Vegetables,Tomato,Local,Local,"1,000.00","2,500.00","1,750.00",Rs./Quintal,22-06-2026
Maharashtra,Pune,APMC Pune ,Vegetables,Tomato,Local,Local,"1,000.00","3,500.00","2,250.00",Rs./Quintal,21-06-2026
Maharashtra,Pune,APMC Pune ,Vegetables,Tomato,Local,Local,"1,000.00","2,500.00","1,750.00",Rs./Quintal,19-06-2026
Maharashtra,Pune,APMC Pune ,Vegetables,Tomato,Local,Local,"1,000.00","2,800.00","1,900.00",Rs./Quintal,18-06-2026
Maharashtra,Pune,APMC Pune ,Vegetables,Tomato,Local,Local,"1,000.00","3,500.00","2,250.00",Rs./Quintal,17-06-2026
Maharashtra,Pune,APMC Pune ,Vegetables,Tomato,Local,Local,"1,000.00","3,000.00","2,000.00",Rs./Quintal,16-06-2026
Maharashtra,Pune,APMC Pune ,Vegetables,Tomato,Local,Local,"1,600.00","3,000.00","2,250.00",Rs./Quintal,15-06-2026
Maharashtra,Pune,APMC Pune ,Vegetables,Tomato,Local,Local,"1,000.00","3,000.00","2,000.00",Rs./Quintal,12-06-2026
Maharashtra,Pune,APMC Pune ,Vegetables,Tomato,Local,Local,"1,000.00","3,600.00","2,300.00",Rs./Quintal,11-06-2026
Maharashtra,Pune,APMC Pune ,Vegetables,Tomato,Local,Local,"1,000.00","4,000.00","2,500.00",Rs./Quintal,10-06-2026
Maharashtra,Pune,APMC Pune ,Vegetables,Tomato,Local,Local,"1,000.00","3,000.00","2,000.00",Rs./Quintal,09-06-2026
Maharashtra,Pune,APMC Pune ,Vegetables,Tomato,Local,Local,"1,000.00","2,600.00","1,800.00",Rs./Quintal,08-06-2026
Maharashtra,Pune,APMC Pune ,Vegetables,Tomato,Local,Local,"1,000.00","2,500.00","1,750.00",Rs./Quintal,07-06-2026
Maharashtra,Pune,APMC Pune ,Vegetables,Tomato,Local,Local,"1,000.00","3,000.00","2,000.00",Rs./Quintal,05-06-2026
Maharashtra,Pune,APMC Pune ,Vegetables,Tomato,Local,Local,"1,000.00","2,600.00","1,800.00",Rs./Quintal,04-06-2026
Maharashtra,Pune,APMC Pune ,Vegetables,Tomato,Local,Local,"1,000.00","3,000.00","2,000.00",Rs./Quintal,03-06-2026
Maharashtra,Pune,APMC Pune ,Vegetables,Tomato,Local,Local,"1,000.00","3,000.00","2,000.00",Rs./Quintal,02-06-2026
Maharashtra,Pune,APMC Pune ,Vegetables,Tomato,Local,Local,"1,000.00","3,000.00","2,000.00",Rs./Quintal,01-06-2026
Maharashtra,Pune,APMC Pune ,Vegetables,Tomato,Local,Local,"1,000.00","3,000.00","2,000.00",Rs./Quintal,31-05-2026
Maharashtra,Pune,APMC Pune ,Vegetables,Tomato,Local,Local,"1,000.00","3,000.00","2,000.00",Rs./Quintal,29-05-2026
Maharashtra,Pune,APMC Pune ,Vegetables,Tomato,Local,Local,"1,000.00","2,500.00","1,750.00",Rs./Quintal,28-05-2026
Maharashtra,Pune,APMC Pune ,Vegetables,Tomato,Local,Local,"1,000.00","2,700.00","1,850.00",Rs./Quintal,27-05-2026
Maharashtra,Pune,APMC Pune ,Vegetables,Tomato,Local,Local,"1,000.00","2,500.00","1,750.00",Rs./Quintal,26-05-2026
Maharashtra,Pune,APMC Pune ,Vegetables,Tomato,Local,Local,"1,000.00","2,500.00","1,750.00",Rs./Quintal,25-05-2026
Maharashtra,Pune,APMC Pune ,Vegetables,Tomato,Local,Local,"1,000.00","2,500.00","1,750.00",Rs./Quintal,24-05-2026
Maharashtra,Pune,APMC Pune ,Vegetables,Tomato,Local,Local,"1,000.00","3,000.00","2,000.00",Rs./Quintal,22-05-2026
Maharashtra,Pune,APMC Pune ,Vegetables,Tomato,Local,Local,"1,000.00","2,200.00","1,600.00",Rs./Quintal,21-05-2026
Maharashtra,Pune,APMC Pune ,Vegetables,Tomato,Local,Local,"1,000.00","2,500.00","1,750.00",Rs./Quintal,20-05-2026
Maharashtra,Pune,APMC Pune ,Vegetables,Tomato,Local,Local,"1,000.00","2,600.00","1,800.00",Rs./Quintal,19-05-2026
Maharashtra,Pune,APMC Pune ,Vegetables,Tomato,Local,Local,"1,000.00","3,000.00","2,000.00",Rs./Quintal,18-05-2026
Maharashtra,Pune,APMC Pune ,Vegetables,Tomato,Local,Local,"1,000.00","3,000.00","2,000.00",Rs./Quintal,17-05-2026
Maharashtra,Pune,APMC Pune ,Vegetables,Tomato,Local,Local,"1,000.00","3,000.00","2,000.00",Rs./Quintal,15-05-2026
Maharashtra,Pune,APMC Pune ,Vegetables,Tomato,Local,Local,"1,000.00","3,000.00","2,000.00",Rs./Quintal,14-05-2026
Maharashtra,Pune,APMC Pune ,Vegetables,Tomato,Local,Local,"1,000.00","3,000.00","2,000.00",Rs./Quintal,13-05-2026
Maharashtra,Pune,APMC Pune ,Vegetables,Tomato,Local,Local,"1,000.00","3,000.00","2,000.00",Rs./Quintal,12-05-2026
Maharashtra,Pune,APMC Pune ,Vegetables,Tomato,Local,Local,400.00,"2,700.00","1,550.00",Rs./Quintal,11-05-2026
Maharashtra,Pune,APMC Pune ,Vegetables,Tomato,Local,Local,"1,000.00","2,500.00","1,750.00",Rs./Quintal,10-05-2026
Maharashtra,Pune,APMC Pune ,Vegetables,Tomato,Local,Local,"1,000.00","1,800.00","1,400.00",Rs./Quintal,05-05-2026
Maharashtra,Pune,APMC Pune ,Vegetables,Tomato,Local,Local,"1,000.00","2,000.00","1,500.00",Rs./Quintal,04-05-2026
Maharashtra,Pune,APMC Pune ,Vegetables,Tomato,Local,Local,"1,000.00","3,000.00","2,000.00",Rs./Quintal,03-05-2026
Maharashtra,Pune,APMC Pune ,Vegetables,Tomato,Local,Local,800.00,"3,000.00","1,900.00",Rs./Quintal,30-04-2026
Maharashtra,Pune,APMC Pune ,Vegetables,Tomato,Local,Local,800.00,"2,000.00","1,400.00",Rs./Quintal,29-04-2026
Maharashtra,Pune,APMC Pune ,Vegetables,Tomato,Local,Local,800.00,"1,600.00","1,200.00",Rs./Quintal,28-04-2026
Maharashtra,Pune,APMC Pune ,Vegetables,Tomato,Local,Local,"1,000.00","1,600.00","1,300.00",Rs./Quintal,27-04-2026
Maharashtra,Pune,APMC Pune ,Vegetables,Tomato,Local,Local,500.00,"1,500.00","1,000.00",Rs./Quintal,23-04-2026
Maharashtra,Pune,APMC Pune ,Vegetables,Tomato,Local,Local,600.00,"1,600.00","1,100.00",Rs./Quintal,22-04-2026
Maharashtra,Pune,APMC Pune ,Vegetables,Tomato,Local,Local,800.00,"1,800.00","1,300.00",Rs./Quintal,21-04-2026
Maharashtra,Pune,APMC Pune ,Vegetables,Tomato,Local,Local,800.00,"2,000.00","1,400.00",Rs./Quintal,20-04-2026
Maharashtra,Pune,APMC Pune ,Vegetables,Tomato,Local,Local,600.00,"2,000.00","1,300.00",Rs./Quintal,19-04-2026
Maharashtra,Pune,APMC Pune ,Vegetables,Tomato,Local,Local,600.00,"2,000.00","1,300.00",Rs./Quintal,17-04-2026
Maharashtra,Pune,APMC Pune ,Vegetables,Tomato,Local,Local,800.00,"1,600.00","1,200.00",Rs./Quintal,16-04-2026
Maharashtra,Pune,APMC Pune ,Vegetables,Tomato,Local,Local,800.00,"1,600.00","1,200.00",Rs./Quintal,15-04-2026
Maharashtra,Pune,APMC Pune ,Vegetables,Tomato,Local,Local,800.00,"1,800.00","1,100.00",Rs./Quintal,14-04-2026
Maharashtra,Pune,APMC Pune ,Vegetables,Tomato,Local,Local,600.00,"2,000.00","1,300.00",Rs./Quintal,13-04-2026
Maharashtra,Pune,APMC Pune ,Vegetables,Tomato,Local,Local,600.00,"1,800.00","1,200.00",Rs./Quintal,12-04-2026
Maharashtra,Pune,APMC Pune ,Vegetables,Tomato,Local,Local,600.00,"1,400.00","1,000.00",Rs./Quintal,10-04-2026
Maharashtra,Pune,APMC Pune ,Vegetables,Tomato,Local,Local,600.00,"1,500.00","1,050.00",Rs./Quintal,09-04-2026
Maharashtra,Pune,APMC Pune ,Vegetables,Tomato,Local,Local,600.00,"1,300.00",950.00,Rs./Quintal,08-04-2026
Maharashtra,Pune,APMC Pune ,Vegetables,Tomato,Local,Local,600.00,"1,400.00","1,000.00",Rs./Quintal,07-04-2026
Maharashtra,Pune,APMC Pune ,Vegetables,Tomato,Local,Local,600.00,"1,500.00","1,050.00",Rs./Quintal,06-04-2026
Maharashtra,Pune,APMC Pune ,Vegetables,Tomato,Local,Local,600.00,"1,200.00",900.00,Rs./Quintal,05-04-2026
Maharashtra,Pune,APMC Pune ,Vegetables,Tomato,Local,Local,600.00,"1,600.00","1,100.00",Rs./Quintal,03-04-2026
Maharashtra,Pune,APMC Pune ,Vegetables,Tomato,Local,Local,600.00,"1,200.00",900.00,Rs./Quintal,02-04-2026
Maharashtra,Pune,APMC Pune ,Vegetables,Tomato,Local,Local,600.00,"1,400.00","1,000.00",Rs./Quintal,01-04-2026
Maharashtra,Pune,APMC Pune ,Vegetables,Tomato,Local,Local,600.00,"1,600.00","1,100.00",Rs./Quintal,31-03-2026
Maharashtra,Pune,APMC Pune ,Vegetables,Tomato,Local,Local,600.00,"1,400.00","1,000.00",Rs./Quintal,30-03-2026
Maharashtra,Pune,APMC Pune ,Vegetables,Tomato,Local,Local,600.00,"1,400.00","1,000.00",Rs./Quintal,29-03-2026
Maharashtra,Pune,APMC Pune ,Vegetables,Tomato,Local,Local,600.00,"1,600.00","1,100.00",Rs./Quintal,27-03-2026
Maharashtra,Pune,APMC Pune ,Vegetables,Tomato,Local,Local,600.00,"1,400.00","1,000.00",Rs./Quintal,26-03-2026
Maharashtra,Pune,APMC Pune ,Vegetables,Tomato,Local,Local,600.00,"1,400.00","1,000.00",Rs./Quintal,25-03-2026
Maharashtra,Pune,APMC Pune ,Vegetables,Tomato,Local,Local,500.00,"1,400.00",950.00,Rs./Quintal,24-03-2026
Maharashtra,Pune,APMC Pune ,Vegetables,Tomato,Local,Local,600.00,"1,400.00","1,000.00",Rs./Quintal,23-03-2026
Maharashtra,Pune,APMC Pune ,Vegetables,Tomato,Local,Local,600.00,"1,600.00","1,100.00",Rs./Quintal,22-03-2026
Maharashtra,Pune,APMC Pune ,Vegetables,Tomato,Local,Local,800.00,"1,800.00","1,300.00",Rs./Quintal,20-03-2026
Maharashtra,Pune,APMC Pune ,Vegetables,Tomato,Local,Local,600.00,"1,600.00","1,100.00",Rs./Quintal,19-03-2026
Maharashtra,Pune,APMC Pune ,Vegetables,Tomato,Local,Local,600.00,"1,400.00","1,000.00",Rs./Quintal,18-03-2026
Maharashtra,Pune,APMC Pune ,Vegetables,Tomato,Local,Local,600.00,"1,500.00","1,050.00",Rs./Quintal,17-03-2026
Maharashtra,Pune,APMC Pune ,Vegetables,Tomato,Local,Local,600.00,"1,500.00","1,050.00",Rs./Quintal,16-03-2026
Maharashtra,Pune,APMC Pune ,Vegetables,Tomato,Local,Local,600.00,"1,500.00","1,050.00",Rs./Quintal,15-03-2026
Maharashtra,Pune,APMC Pune ,Vegetables,Tomato,Local,Local,600.00,"1,500.00","1,050.00",Rs./Quintal,13-03-2026
Maharashtra,Pune,APMC Pune ,Vegetables,Tomato,Local,Local,600.00,"1,500.00","1,050.00",Rs./Quintal,12-03-2026
Maharashtra,Pune,APMC Pune ,Vegetables,Tomato,Local,Local,600.00,"2,000.00","1,300.00",Rs./Quintal,11-03-2026
Maharashtra,Pune,APMC Pune ,Vegetables,Tomato,Local,Local,600.00,"1,500.00","1,050.00",Rs./Quintal,10-03-2026
Maharashtra,Pune,APMC Pune ,Vegetables,Tomato,Local,Local,800.00,"1,600.00","1,200.00",Rs./Quintal,09-03-2026
Maharashtra,Pune,APMC Pune ,Vegetables,Tomato,Local,Local,600.00,"1,500.00","1,150.00",Rs./Quintal,08-03-2026
Maharashtra,Pune,APMC Pune ,Vegetables,Tomato,Local,Local,600.00,"1,500.00","1,050.00",Rs./Quintal,06-03-2026
Maharashtra,Pune,APMC Pune ,Vegetables,Tomato,Local,Local,600.00,"1,400.00","1,000.00",Rs./Quintal,05-03-2026
Maharashtra,Pune,APMC Pune ,Vegetables,Tomato,Local,Local,600.00,"1,600.00","1,100.00",Rs./Quintal,04-03-2026
Maharashtra,Pune,APMC Pune ,Vegetables,Tomato,Local,Local,600.00,"1,600.00","1,100.00",Rs./Quintal,01-03-2026
Maharashtra,Pune,APMC Pune ,Vegetables,Tomato,Local,Local,600.00,"1,400.00","1,000.00",Rs./Quintal,27-02-2026
Maharashtra,Pune,APMC Pune ,Vegetables,Tomato,Local,Local,600.00,"1,400.00","1,000.00",Rs./Quintal,26-02-2026
Maharashtra,Pune,APMC Pune ,Vegetables,Tomato,Local,Local,700.00,"1,500.00","1,100.00",Rs./Quintal,25-02-2026
Maharashtra,Pune,APMC Pune ,Vegetables,Tomato,Local,Local,600.00,"1,500.00","1,050.00",Rs./Quintal,24-02-2026
Maharashtra,Pune,APMC Pune ,Vegetables,Tomato,Local,Local,600.00,"1,600.00","1,100.00",Rs./Quintal,22-02-2026
Maharashtra,Pune,APMC Pune ,Vegetables,Tomato,Local,Local,600.00,"1,400.00","1,000.00",Rs./Quintal,20-02-2026
Maharashtra,Pune,APMC Pune ,Vegetables,Tomato,Local,Local,600.00,"1,600.00","1,100.00",Rs./Quintal,19-02-2026
Maharashtra,Pune,APMC Pune ,Vegetables,Tomato,Local,Local,600.00,"1,600.00","1,100.00",Rs./Quintal,18-02-2026
Maharashtra,Pune,APMC Pune ,Vegetables,Tomato,Local,Local,600.00,"1,500.00","1,050.00",Rs./Quintal,17-02-2026
Maharashtra,Pune,APMC Pune ,Vegetables,Tomato,Local,Local,"1,000.00","3,000.00","2,000.00",Rs./Quintal,16-02-2026
Maharashtra,Pune,APMC Pune ,Vegetables,Tomato,Local,Local,600.00,"2,000.00","1,300.00",Rs./Quintal,15-02-2026
Maharashtra,Pune,APMC Pune ,Vegetables,Tomato,Local,Local,600.00,"1,600.00","1,100.00",Rs./Quintal,13-02-2026
Maharashtra,Pune,APMC Pune ,Vegetables,Tomato,Local,Local,600.00,"1,600.00","1,100.00",Rs./Quintal,12-02-2026
Maharashtra,Pune,APMC Pune ,Vegetables,Tomato,Local,Local,600.00,"1,600.00","1,100.00",Rs./Quintal,11-02-2026
Maharashtra,Pune,APMC Pune ,Vegetables,Tomato,Local,Local,600.00,"1,800.00","1,200.00",Rs./Quintal,10-02-2026
Maharashtra,Pune,APMC Pune ,Vegetables,Tomato,Local,Local,600.00,"2,000.00","1,300.00",Rs./Quintal,09-02-2026
Maharashtra,Pune,APMC Pune ,Vegetables,Tomato,Local,Local,600.00,"2,000.00","1,300.00",Rs./Quintal,08-02-2026
Maharashtra,Pune,APMC Pune ,Vegetables,Tomato,Local,Local,600.00,"1,400.00","1,000.00",Rs./Quintal,06-02-2026
Maharashtra,Pune,APMC Pune ,Vegetables,Tomato,Local,Local,600.00,"1,300.00",950.00,Rs./Quintal,05-02-2026
Maharashtra,Pune,APMC Pune ,Vegetables,Tomato,Local,Local,800.00,"1,600.00","1,200.00",Rs./Quintal,04-02-2026
Maharashtra,Pune,APMC Pune ,Vegetables,Tomato,Local,Local,600.00,"1,500.00","1,050.00",Rs./Quintal,03-02-2026
Maharashtra,Pune,APMC Pune ,Vegetables,Tomato,Local,Local,800.00,"1,600.00","1,200.00",Rs./Quintal,02-02-2026
Maharashtra,Pune,APMC Pune ,Vegetables,Tomato,Local,Local,600.00,"1,600.00","1,100.00",Rs./Quintal,01-02-2026
Maharashtra,Pune,APMC Pune ,Vegetables,Tomato,Local,Local,600.00,"1,600.00","1,100.00",Rs./Quintal,30-01-2026
Maharashtra,Pune,APMC Pune ,Vegetables,Tomato,Local,Local,600.00,"1,600.00","1,100.00",Rs./Quintal,28-01-2026
Maharashtra,Pune,APMC Pune ,Vegetables,Tomato,Local,Local,600.00,"2,000.00","1,300.00",Rs./Quintal,27-01-2026
Maharashtra,Pune,APMC Pune ,Vegetables,Tomato,Local,Local,600.00,"2,000.00","1,300.00",Rs./Quintal,25-01-2026
Maharashtra,Pune,APMC Pune ,Vegetables,Tomato,Local,Local,800.00,"2,000.00","1,400.00",Rs./Quintal,23-01-2026
Maharashtra,Pune,APMC Pune ,Vegetables,Tomato,Local,Local,800.00,"2,300.00","1,150.00",Rs./Quintal,22-01-2026
Maharashtra,Pune,APMC Pune ,Vegetables,Tomato,Local,Local,700.00,"2,000.00","1,350.00",Rs./Quintal,21-01-2026
Maharashtra,Pune,APMC Pune ,Vegetables,Tomato,Local,Local,"1,200.00","2,500.00","1,850.00",Rs./Quintal,16-01-2026
Maharashtra,Pune,APMC Pune ,Vegetables,Tomato,Local,Local,"1,000.00","3,000.00","2,000.00",Rs./Quintal,14-01-2026
Maharashtra,Pune,APMC Pune ,Vegetables,Tomato,Local,Local,"1,000.00","3,000.00","2,000.00",Rs./Quintal,13-01-2026
Maharashtra,Pune,APMC Pune ,Vegetables,Tomato,Local,Local,"1,000.00","3,000.00","2,000.00",Rs./Quintal,12-01-2026
Maharashtra,Pune,APMC Pune ,Vegetables,Tomato,Local,Local,"1,000.00","3,000.00","2,000.00",Rs./Quintal,11-01-2026
Maharashtra,Pune,APMC Pune ,Vegetables,Tomato,Local,Local,500.00,"2,500.00","1,500.00",Rs./Quintal,09-01-2026
Maharashtra,Pune,APMC Pune ,Vegetables,Tomato,Local,Local,"1,000.00","3,500.00","2,250.00",Rs./Quintal,08-01-2026
Maharashtra,Pune,APMC Pune ,Vegetables,Tomato,Local,Local,"1,000.00","3,500.00","2,250.00",Rs./Quintal,07-01-2026
Maharashtra,Pune,APMC Pune ,Vegetables,Tomato,Local,Local,"1,000.00","3,500.00","2,250.00",Rs./Quintal,06-01-2026
Maharashtra,Pune,APMC Pune ,Vegetables,Tomato,Local,Local,"1,000.00","4,000.00","2,500.00",Rs./Quintal,05-01-2026
Maharashtra,Pune,APMC Pune ,Vegetables,Tomato,Local,Local,"1,000.00","3,800.00","2,400.00",Rs./Quintal,04-01-2026
Maharashtra,Pune,APMC Pune ,Vegetables,Tomato,Local,Local,"1,000.00","4,000.00","2,500.00",Rs./Quintal,02-01-2026
Maharashtra,Pune,APMC Pune ,Vegetables,Tomato,Local,Local,"1,000.00","4,000.00","2,500.00",Rs./Quintal,01-01-2026
Maharashtra,Pune,Junnar(Narayangaon) ,Vegetables,Tomato,Local,Local,750.00,"1,750.00","1,500.00",Rs./Quintal,31-08-2026
Maharashtra,Pune,Junnar(Narayangaon) ,Vegetables,Tomato,Local,Local,750.00,"1,750.00","1,500.00",Rs./Quintal,30-08-2026
Maharashtra,Pune,Junnar(Narayangaon) ,Vegetables,Tomato,Local,Local,500.00,"1,375.00","1,000.00",Rs./Quintal,29-08-2026
Maharashtra,Pune,Junnar(Narayangaon) ,Vegetables,Tomato,Local,Local,500.00,"1,250.00","1,000.00",Rs./Quintal,28-08-2026
Maharashtra,Pune,Junnar(Narayangaon) ,Vegetables,Tomato,Local,Local,500.00,"1,250.00","1,000.00",Rs./Quintal,27-08-2026
Maharashtra,Pune,Junnar(Narayangaon) ,Vegetables,Tomato,Local,Local,500.00,"1,250.00","1,000.00",Rs./Quintal,24-08-2026
Maharashtra,Pune,Junnar(Narayangaon) ,Vegetables,Tomato,Local,Local,500.00,"1,250.00","1,000.00",Rs./Quintal,23-08-2026
Maharashtra,Pune,Junnar(Narayangaon) ,Vegetables,Tomato,Local,Local,500.00,"1,250.00","1,000.00",Rs./Quintal,22-08-2026
Maharashtra,Pune,Junnar(Narayangaon) ,Vegetables,Tomato,Local,Local,101.00,"1,250.00","1,000.00",Rs./Quintal,21-08-2026
Maharashtra,Pune,Junnar(Narayangaon) ,Vegetables,Tomato,Local,Local,500.00,"1,250.00","1,000.00",Rs./Quintal,20-08-2026
Maharashtra,Pune,Junnar(Narayangaon) ,Vegetables,Tomato,Local,Local,500.00,"1,500.00","1,000.00",Rs./Quintal,19-08-2026
Maharashtra,Pune,Junnar(Narayangaon) ,Vegetables,Tomato,Local,Local,500.00,"2,000.00","1,500.00",Rs./Quintal,17-08-2026
Maharashtra,Pune,Junnar(Narayangaon) ,Vegetables,Tomato,Local,Local,500.00,"2,000.00","1,500.00",Rs./Quintal,16-08-2026
Maharashtra,Pune,Junnar(Narayangaon) ,Vegetables,Tomato,Local,Local,500.00,"2,000.00","1,500.00",Rs./Quintal,15-08-2026
Maharashtra,Pune,Junnar(Narayangaon) ,Vegetables,Tomato,Local,Local,500.00,"2,000.00","1,500.00",Rs./Quintal,14-08-2026
Maharashtra,Pune,Junnar(Narayangaon) ,Vegetables,Tomato,Local,Local,500.00,"2,250.00","1,500.00",Rs./Quintal,13-08-2026
Maharashtra,Pune,Junnar(Narayangaon) ,Vegetables,Tomato,Local,Local,500.00,"2,250.00","1,500.00",Rs./Quintal,12-08-2026
Maharashtra,Pune,Junnar(Narayangaon) ,Vegetables,Tomato,Local,Local,500.00,"2,000.00","1,500.00",Rs./Quintal,07-08-2026
Maharashtra,Pune,Junnar(Narayangaon) ,Vegetables,Tomato,Local,Local,500.00,"2,000.00","1,500.00",Rs./Quintal,06-08-2026
Maharashtra,Pune,Junnar(Narayangaon) ,Vegetables,Tomato,Local,Local,500.00,"2,000.00","1,500.00",Rs./Quintal,05-08-2026
Maharashtra,Pune,Junnar(Narayangaon) ,Vegetables,Tomato,Local,Local,500.00,"2,000.00","1,500.00",Rs./Quintal,03-08-2026
Maharashtra,Pune,Junnar(Narayangaon) ,Vegetables,Tomato,Local,Local,751.00,"2,250.00","1,500.00",Rs./Quintal,02-08-2026
Maharashtra,Pune,Junnar(Narayangaon) ,Vegetables,Tomato,Local,Local,751.00,"2,250.00","1,500.00",Rs./Quintal,01-08-2026
Maharashtra,Pune,Junnar(Narayangaon) ,Vegetables,Tomato,Local,Local,751.00,"2,500.00","1,750.00",Rs./Quintal,31-07-2026
Maharashtra,Pune,Junnar(Narayangaon) ,Vegetables,Tomato,Local,Local,751.00,"2,501.00","1,751.00",Rs./Quintal,29-07-2026
Maharashtra,Pune,Junnar(Narayangaon) ,Vegetables,Tomato,Local,Local,751.00,"2,250.00","1,750.00",Rs./Quintal,26-07-2026
Maharashtra,Pune,Junnar(Narayangaon) ,Vegetables,Tomato,Local,Local,751.00,"2,501.00","2,001.00",Rs./Quintal,25-07-2026
Maharashtra,Pune,Junnar(Narayangaon) ,Vegetables,Tomato,Local,Local,500.00,"2,250.00","1,500.00",Rs./Quintal,24-07-2026
Maharashtra,Pune,Junnar(Narayangaon) ,Vegetables,Tomato,Local,Local,500.00,"2,000.00","1,500.00",Rs./Quintal,23-07-2026
Maharashtra,Pune,Junnar(Narayangaon) ,Vegetables,Tomato,Local,Local,500.00,"2,250.00","1,500.00",Rs./Quintal,22-07-2026
Maharashtra,Pune,Junnar(Narayangaon) ,Vegetables,Tomato,Local,Local,"1,000.00","2,501.00","2,001.00",Rs./Quintal,20-07-2026
Maharashtra,Pune,Junnar(Narayangaon) ,Vegetables,Tomato,Local,Local,"1,000.00","2,750.00","2,000.00",Rs./Quintal,19-07-2026
Maharashtra,Pune,Junnar(Narayangaon) ,Vegetables,Tomato,Local,Local,"1,000.00","2,750.00","2,000.00",Rs./Quintal,18-07-2026
Maharashtra,Pune,Junnar(Narayangaon) ,Vegetables,Tomato,Local,Local,"1,000.00","2,750.00","2,000.00",Rs./Quintal,17-07-2026
Maharashtra,Pune,Junnar(Narayangaon) ,Vegetables,Tomato,Local,Local,750.00,"2,500.00","2,000.00",Rs./Quintal,16-07-2026
Maharashtra,Pune,Junnar(Narayangaon) ,Vegetables,Tomato,Local,Local,"1,000.00","3,000.00","2,000.00",Rs./Quintal,15-07-2026
Maharashtra,Pune,Junnar(Narayangaon) ,Vegetables,Tomato,Local,Local,500.00,"2,250.00","1,750.00",Rs./Quintal,13-07-2026
Maharashtra,Pune,Junnar(Narayangaon) ,Vegetables,Tomato,Local,Local,500.00,"2,250.00","1,750.00",Rs./Quintal,12-07-2026
Maharashtra,Pune,Junnar(Narayangaon) ,Vegetables,Tomato,Local,Local,500.00,"2,000.00","1,500.00",Rs./Quintal,11-07-2026
Maharashtra,Pune,Junnar(Narayangaon) ,Vegetables,Tomato,Local,Local,"1,000.00","2,500.00","2,000.00",Rs./Quintal,10-07-2026
Maharashtra,Pune,Junnar(Narayangaon) ,Vegetables,Tomato,Local,Local,"1,000.00","2,750.00","2,000.00",Rs./Quintal,09-07-2026
Maharashtra,Pune,Junnar(Narayangaon) ,Vegetables,Tomato,Local,Local,"1,000.00","2,750.00","2,000.00",Rs./Quintal,08-07-2026
Maharashtra,Pune,Junnar(Narayangaon) ,Vegetables,Tomato,Local,Local,"1,000.00","2,750.00","2,000.00",Rs./Quintal,06-07-2026
Maharashtra,Pune,Junnar(Narayangaon) ,Vegetables,Tomato,Local,Local,"1,000.00","2,500.00","2,000.00",Rs./Quintal,05-07-2026
Maharashtra,Pune,Junnar(Narayangaon) ,Vegetables,Tomato,Local,Local,"1,500.00","3,000.00","2,500.00",Rs./Quintal,04-07-2026
Maharashtra,Pune,Junnar(Narayangaon) ,Vegetables,Tomato,Local,Local,"1,000.00","2,500.00","2,000.00",Rs./Quintal,03-07-2026
Maharashtra,Pune,Junnar(Narayangaon) ,Vegetables,Tomato,Local,Local,750.00,"2,250.00","1,500.00",Rs./Quintal,02-07-2026
Maharashtra,Pune,Junnar(Narayangaon) ,Vegetables,Tomato,Local,Local,"1,000.00","2,750.00","2,000.00",Rs./Quintal,01-07-2026
Maharashtra,Pune,Junnar(Narayangaon) ,Vegetables,Tomato,Local,Local,"1,500.00","3,000.00","2,000.00",Rs./Quintal,30-06-2026
Maharashtra,Pune,Junnar(Narayangaon) ,Vegetables,Tomato,Local,Local,"1,000.00","2,500.00","2,000.00",Rs./Quintal,29-06-2026
Maharashtra,Pune,Junnar(Narayangaon) ,Vegetables,Tomato,Local,Local,500.00,"2,000.00","1,500.00",Rs./Quintal,28-06-2026
Maharashtra,Pune,Junnar(Narayangaon) ,Vegetables,Tomato,Local,Local,500.00,"2,250.00","1,500.00",Rs./Quintal,27-06-2026
Maharashtra,Pune,Junnar(Narayangaon) ,Vegetables,Tomato,Local,Local,500.00,"2,000.00","1,500.00",Rs./Quintal,26-06-2026
Maharashtra,Pune,Junnar(Narayangaon) ,Vegetables,Tomato,Local,Local,500.00,"2,250.00","1,500.00",Rs./Quintal,25-06-2026
Maharashtra,Pune,Junnar(Narayangaon) ,Vegetables,Tomato,Local,Local,500.00,"2,250.00","1,500.00",Rs./Quintal,24-06-2026
Maharashtra,Pune,Junnar(Narayangaon) ,Vegetables,Tomato,Local,Local,"1,000.00","2,750.00","2,000.00",Rs./Quintal,22-06-2026
Maharashtra,Pune,Junnar(Narayangaon) ,Vegetables,Tomato,Local,Local,"1,000.00","3,000.00","2,000.00",Rs./Quintal,21-06-2026
Maharashtra,Pune,Junnar(Narayangaon) ,Vegetables,Tomato,Local,Local,"1,000.00","3,000.00","2,000.00",Rs./Quintal,20-06-2026
Maharashtra,Pune,Junnar(Narayangaon) ,Vegetables,Tomato,Local,Local,"1,000.00","2,750.00","2,000.00",Rs./Quintal,19-06-2026
Maharashtra,Pune,Junnar(Narayangaon) ,Vegetables,Tomato,Local,Local,"1,000.00","2,750.00","2,000.00",Rs./Quintal,18-06-2026
Maharashtra,Pune,Junnar(Narayangaon) ,Vegetables,Tomato,Local,Local,"1,000.00","2,750.00","2,000.00",Rs./Quintal,15-06-2026
Maharashtra,Pune,Junnar(Narayangaon) ,Vegetables,Tomato,Local,Local,"1,500.00","3,000.00","2,000.00",Rs./Quintal,14-06-2026
Maharashtra,Pune,Junnar(Narayangaon) ,Vegetables,Tomato,Local,Local,"1,000.00","2,500.00","2,000.00",Rs./Quintal,13-06-2026
Maharashtra,Pune,Junnar(Narayangaon) ,Vegetables,Tomato,Local,Local,"1,000.00","2,500.00","2,000.00",Rs./Quintal,12-06-2026
Maharashtra,Pune,Junnar(Narayangaon) ,Vegetables,Tomato,Local,Local,"1,500.00","3,500.00","3,000.00",Rs./Quintal,08-06-2026
Maharashtra,Pune,Junnar(Narayangaon) ,Vegetables,Tomato,Local,Local,"1,500.00","3,000.00","2,500.00",Rs./Quintal,07-06-2026
Maharashtra,Pune,Junnar(Narayangaon) ,Vegetables,Tomato,Local,Local,"1,000.00","2,750.00","2,000.00",Rs./Quintal,06-06-2026
Maharashtra,Pune,Junnar(Narayangaon) ,Vegetables,Tomato,Local,Local,"1,000.00","2,750.00","2,000.00",Rs./Quintal,05-06-2026
Maharashtra,Pune,Junnar(Narayangaon) ,Vegetables,Tomato,Local,Local,"1,000.00","2,500.00","2,000.00",Rs./Quintal,04-06-2026
Maharashtra,Pune,Junnar(Narayangaon) ,Vegetables,Tomato,Local,Local,"1,000.00","2,500.00","2,000.00",Rs./Quintal,03-06-2026
Maharashtra,Pune,Junnar(Narayangaon) ,Vegetables,Tomato,Local,Local,"1,000.00","2,750.00","1,750.00",Rs./Quintal,02-06-2026
Maharashtra,Pune,Junnar(Narayangaon) ,Vegetables,Tomato,Local,Local,"1,000.00","2,750.00","1,750.00",Rs./Quintal,01-06-2026
Maharashtra,Pune,Junnar(Narayangaon) ,Vegetables,Tomato,Local,Local,"1,000.00","2,750.00","1,750.00",Rs./Quintal,31-05-2026
Maharashtra,Pune,Junnar(Narayangaon) ,Vegetables,Tomato,Local,Local,"1,000.00","2,750.00","1,750.00",Rs./Quintal,29-05-2026
Maharashtra,Pune,Junnar(Narayangaon) ,Vegetables,Tomato,Local,Local,"1,000.00","2,750.00","1,750.00",Rs./Quintal,28-05-2026
Maharashtra,Pune,Junnar(Narayangaon) ,Vegetables,Tomato,Local,Local,"1,000.00","2,750.00","1,750.00",Rs./Quintal,24-05-2026
Maharashtra,Pune,Junnar(Narayangaon) ,Vegetables,Tomato,Local,Local,"1,000.00","2,750.00","1,750.00",Rs./Quintal,23-05-2026
Maharashtra,Pune,Junnar(Narayangaon) ,Vegetables,Tomato,Local,Local,"1,000.00","2,750.00","1,750.00",Rs./Quintal,22-05-2026
Maharashtra,Pune,Junnar(Narayangaon) ,Vegetables,Tomato,Local,Local,"1,000.00","2,750.00","1,750.00",Rs./Quintal,21-05-2026
Maharashtra,Pune,Junnar(Narayangaon) ,Vegetables,Tomato,Local,Local,"1,000.00","2,750.00","1,750.00",Rs./Quintal,20-05-2026
Maharashtra,Pune,Junnar(Narayangaon) ,Vegetables,Tomato,Local,Local,"1,000.00","2,750.00","1,750.00",Rs./Quintal,18-05-2026
Maharashtra,Pune,Junnar(Narayangaon) ,Vegetables,Tomato,Local,Local,"1,000.00","2,750.00","1,750.00",Rs./Quintal,17-05-2026
Maharashtra,Pune,Junnar(Narayangaon) ,Vegetables,Tomato,Local,Local,"1,500.00","3,000.00","2,500.00",Rs./Quintal,15-05-2026
Maharashtra,Pune,Junnar(Narayangaon) ,Vegetables,Tomato,Local,Local,"1,500.00","3,000.00","2,500.00",Rs./Quintal,14-05-2026
Maharashtra,Pune,Junnar(Narayangaon) ,Vegetables,Tomato,Local,Local,"1,000.00","2,500.00","2,000.00",Rs./Quintal,13-05-2026
Maharashtra,Pune,Junnar(Narayangaon) ,Vegetables,Tomato,Local,Local,"1,000.00","2,500.00","2,000.00",Rs./Quintal,12-05-2026
Maharashtra,Pune,Junnar(Narayangaon) ,Vegetables,Tomato,Local,Local,"1,000.00","2,750.00","2,250.00",Rs./Quintal,11-05-2026
Maharashtra,Pune,Junnar(Narayangaon) ,Vegetables,Tomato,Local,Local,"1,000.00","2,750.00","2,250.00",Rs./Quintal,10-05-2026
Maharashtra,Pune,Junnar(Narayangaon) ,Vegetables,Tomato,Local,Local,"1,000.00","2,500.00","2,000.00",Rs./Quintal,08-05-2026
Maharashtra,Pune,Junnar(Narayangaon) ,Vegetables,Tomato,Local,Local,"1,000.00","2,500.00","2,000.00",Rs./Quintal,07-05-2026
Maharashtra,Pune,Junnar(Narayangaon) ,Vegetables,Tomato,Local,Local,"1,000.00","2,250.00","1,750.00",Rs./Quintal,06-05-2026
Maharashtra,Pune,Junnar(Narayangaon) ,Vegetables,Tomato,Local,Local,"1,000.00","2,375.00","2,000.00",Rs./Quintal,05-05-2026
Maharashtra,Pune,Junnar(Narayangaon) ,Vegetables,Tomato,Local,Local,"1,000.00","2,500.00","2,000.00",Rs./Quintal,02-05-2026
Maharashtra,Pune,Junnar(Narayangaon) ,Vegetables,Tomato,Local,Local,"1,250.00","2,750.00","2,250.00",Rs./Quintal,01-05-2026
Maharashtra,Pune,Junnar(Narayangaon) ,Vegetables,Tomato,Local,Local,"1,250.00","2,750.00","2,250.00",Rs./Quintal,30-04-2026
Maharashtra,Pune,Junnar(Narayangaon) ,Vegetables,Tomato,Local,Local,"1,000.00","2,500.00","2,000.00",Rs./Quintal,29-04-2026
Maharashtra,Pune,Junnar(Narayangaon) ,Vegetables,Tomato,Local,Local,"1,000.00","2,000.00","1,500.00",Rs./Quintal,25-04-2026
Maharashtra,Pune,Junnar(Narayangaon) ,Vegetables,Tomato,Local,Local,750.00,"1,750.00","1,250.00",Rs./Quintal,24-04-2026
Maharashtra,Pune,Junnar(Narayangaon) ,Vegetables,Tomato,Local,Local,"1,000.00","2,000.00","1,500.00",Rs./Quintal,23-04-2026
Maharashtra,Pune,Junnar(Narayangaon) ,Vegetables,Tomato,Local,Local,"1,000.00","2,000.00","1,500.00",Rs./Quintal,21-04-2026
Maharashtra,Pune,Junnar(Narayangaon) ,Vegetables,Tomato,Local,Local,"1,000.00","2,000.00","1,500.00",Rs./Quintal,20-04-2026
Maharashtra,Pune,Junnar(Narayangaon) ,Vegetables,Tomato,Local,Local,"1,250.00","2,750.00","2,000.00",Rs./Quintal,18-04-2026
Maharashtra,Pune,Junnar(Narayangaon) ,Vegetables,Tomato,Local,Local,"1,250.00","2,750.00","2,000.00",Rs./Quintal,17-04-2026
Maharashtra,Pune,Junnar(Narayangaon) ,Vegetables,Tomato,Local,Local,"1,000.00","2,000.00","1,500.00",Rs./Quintal,15-04-2026
Maharashtra,Pune,Junnar(Narayangaon) ,Vegetables,Tomato,Local,Local,500.00,"1,250.00","1,000.00",Rs./Quintal,14-04-2026
Maharashtra,Pune,Junnar(Narayangaon) ,Vegetables,Tomato,Local,Local,750.00,"1,500.00","1,000.00",Rs./Quintal,13-04-2026
Maharashtra,Pune,Junnar(Narayangaon) ,Vegetables,Tomato,Local,Local,750.00,"1,500.00","1,000.00",Rs./Quintal,12-04-2026
Maharashtra,Pune,Junnar(Narayangaon) ,Vegetables,Tomato,Local,Local,750.00,"1,500.00","1,000.00",Rs./Quintal,11-04-2026
Maharashtra,Pune,Junnar(Narayangaon) ,Vegetables,Tomato,Local,Local,500.00,"1,250.00","1,000.00",Rs./Quintal,10-04-2026
Maharashtra,Pune,Junnar(Narayangaon) ,Vegetables,Tomato,Local,Local,500.00,"1,250.00","1,000.00",Rs./Quintal,09-04-2026
Maharashtra,Pune,Junnar(Narayangaon) ,Vegetables,Tomato,Local,Local,500.00,"1,250.00","1,000.00",Rs./Quintal,08-04-2026
Maharashtra,Pune,Junnar(Narayangaon) ,Vegetables,Tomato,Local,Local,750.00,"1,500.00","1,000.00",Rs./Quintal,06-04-2026
Maharashtra,Pune,Junnar(Narayangaon) ,Vegetables,Tomato,Local,Local,500.00,"1,250.00","1,000.00",Rs./Quintal,04-04-2026
Maharashtra,Pune,Junnar(Narayangaon) ,Vegetables,Tomato,Local,Local,500.00,"1,250.00","1,000.00",Rs./Quintal,03-04-2026
Maharashtra,Pune,Junnar(Narayangaon) ,Vegetables,Tomato,Local,Local,500.00,"1,250.00","1,000.00",Rs./Quintal,01-04-2026
Maharashtra,Pune,Junnar(Narayangaon) ,Vegetables,Tomato,Local,Local,500.00,"1,250.00","1,000.00",Rs./Quintal,31-03-2026
Maharashtra,Pune,Junnar(Narayangaon) ,Vegetables,Tomato,Local,Local,500.00,"1,250.00","1,000.00",Rs./Quintal,27-03-2026
Maharashtra,Pune,Junnar(Narayangaon) ,Vegetables,Tomato,Local,Local,500.00,"1,250.00","1,000.00",Rs./Quintal,26-03-2026
Maharashtra,Pune,Junnar(Narayangaon) ,Vegetables,Tomato,Local,Local,500.00,"1,250.00","1,000.00",Rs./Quintal,23-03-2026
Maharashtra,Pune,Junnar(Narayangaon) ,Vegetables,Tomato,Local,Local,500.00,"1,250.00","1,000.00",Rs./Quintal,20-03-2026
Maharashtra,Pune,Junnar(Narayangaon) ,Vegetables,Tomato,Local,Local,500.00,"1,500.00","1,000.00",Rs./Quintal,19-03-2026
Maharashtra,Pune,Junnar(Narayangaon) ,Vegetables,Tomato,Local,Local,500.00,"1,250.00","1,000.00",Rs./Quintal,17-03-2026
Maharashtra,Pune,Junnar(Narayangaon) ,Vegetables,Tomato,Local,Local,500.00,"1,500.00","1,000.00",Rs./Quintal,16-03-2026
Maharashtra,Pune,Junnar(Narayangaon) ,Vegetables,Tomato,Local,Local,500.00,"1,500.00","1,000.00",Rs./Quintal,15-03-2026
Maharashtra,Pune,Junnar(Narayangaon) ,Vegetables,Tomato,Local,Local,500.00,"1,500.00","1,000.00",Rs./Quintal,14-03-2026
Maharashtra,Pune,Junnar(Narayangaon) ,Vegetables,Tomato,Local,Local,500.00,"1,500.00","1,000.00",Rs./Quintal,13-03-2026
Maharashtra,Pune,Junnar(Narayangaon) ,Vegetables,Tomato,Local,Local,"1,000.00","2,000.00","1,500.00",Rs./Quintal,11-03-2026
Maharashtra,Pune,Junnar(Narayangaon) ,Vegetables,Tomato,Local,Local,"1,000.00","2,250.00","2,000.00",Rs./Quintal,09-03-2026
Maharashtra,Pune,Junnar(Narayangaon) ,Vegetables,Tomato,Local,Local,"1,250.00","2,500.00","2,000.00",Rs./Quintal,08-03-2026
Maharashtra,Pune,Junnar(Narayangaon) ,Vegetables,Tomato,Local,Local,"1,000.00","2,000.00","1,500.00",Rs./Quintal,07-03-2026
Maharashtra,Pune,Junnar(Narayangaon) ,Vegetables,Tomato,Local,Local,"1,000.00","2,250.00","1,750.00",Rs./Quintal,06-03-2026
Maharashtra,Pune,Junnar(Narayangaon) ,Vegetables,Tomato,Local,Local,750.00,"1,501.00","1,001.00",Rs./Quintal,05-03-2026
Maharashtra,Pune,Junnar(Narayangaon) ,Vegetables,Tomato,Local,Local,750.00,"1,501.00","1,001.00",Rs./Quintal,04-03-2026
Maharashtra,Pune,Junnar(Narayangaon) ,Vegetables,Tomato,Local,Local,750.00,"1,625.00","1,250.00",Rs./Quintal,28-02-2026
Maharashtra,Pune,Junnar(Narayangaon) ,Vegetables,Tomato,Local,Local,500.00,"1,750.00","1,500.00",Rs./Quintal,27-02-2026
Maharashtra,Pune,Junnar(Narayangaon) ,Vegetables,Tomato,Local,Local,500.00,"1,750.00","1,500.00",Rs./Quintal,26-02-2026
Maharashtra,Pune,Junnar(Narayangaon) ,Vegetables,Tomato,Local,Local,500.00,"1,750.00","1,500.00",Rs./Quintal,25-02-2026
Maharashtra,Pune,Junnar(Narayangaon) ,Vegetables,Tomato,Local,Local,500.00,"1,250.00","1,000.00",Rs./Quintal,24-02-2026
Maharashtra,Pune,Junnar(Narayangaon) ,Vegetables,Tomato,Local,Local,500.00,"1,500.00","1,000.00",Rs./Quintal,23-02-2026
Maharashtra,Pune,Junnar(Narayangaon) ,Vegetables,Tomato,Local,Local,500.00,"1,250.00","1,000.00",Rs./Quintal,22-02-2026
Maharashtra,Pune,Junnar(Narayangaon) ,Vegetables,Tomato,Local,Local,500.00,"1,250.00","1,000.00",Rs./Quintal,19-02-2026
Maharashtra,Pune,Junnar(Narayangaon) ,Vegetables,Tomato,Local,Local,500.00,"1,250.00","1,000.00",Rs./Quintal,18-02-2026
Maharashtra,Pune,Junnar(Narayangaon) ,Vegetables,Tomato,Local,Local,750.00,"1,500.00","1,000.00",Rs./Quintal,17-02-2026
Maharashtra,Pune,Junnar(Narayangaon) ,Vegetables,Tomato,Local,Local,750.00,"1,750.00","1,250.00",Rs./Quintal,16-02-2026
Maharashtra,Pune,Junnar(Narayangaon) ,Vegetables,Tomato,Local,Local,750.00,"1,750.00","1,250.00",Rs./Quintal,15-02-2026
Maharashtra,Pune,Junnar(Narayangaon) ,Vegetables,Tomato,Local,Local,750.00,"1,750.00","1,250.00",Rs./Quintal,13-02-2026
Maharashtra,Pune,Junnar(Narayangaon) ,Vegetables,Tomato,Local,Local,500.00,"1,500.00","1,000.00",Rs./Quintal,12-02-2026
Maharashtra,Pune,Junnar(Narayangaon) ,Vegetables,Tomato,Local,Local,500.00,"1,250.00","1,000.00",Rs./Quintal,11-02-2026
Maharashtra,Pune,Junnar(Narayangaon) ,Vegetables,Tomato,Local,Local,750.00,"1,750.00","1,250.00",Rs./Quintal,09-02-2026
Maharashtra,Pune,Junnar(Narayangaon) ,Vegetables,Tomato,Local,Local,750.00,"1,750.00","1,250.00",Rs./Quintal,08-02-2026
Maharashtra,Pune,Junnar(Narayangaon) ,Vegetables,Tomato,Local,Local,250.00,"1,250.00",750.00,Rs./Quintal,07-02-2026
Maharashtra,Pune,Junnar(Narayangaon) ,Vegetables,Tomato,Local,Local,250.00,"1,250.00",750.00,Rs./Quintal,06-02-2026
Maharashtra,Pune,Junnar(Narayangaon) ,Vegetables,Tomato,Local,Local,250.00,"1,250.00",750.00,Rs./Quintal,05-02-2026
Maharashtra,Pune,Junnar(Narayangaon) ,Vegetables,Tomato,Local,Local,250.00,"1,250.00",750.00,Rs./Quintal,02-02-2026
Maharashtra,Pune,Junnar(Narayangaon) ,Vegetables,Tomato,Local,Local,250.00,"1,250.00",750.00,Rs./Quintal,01-02-2026
Maharashtra,Pune,Junnar(Narayangaon) ,Vegetables,Tomato,Local,Local,500.00,"1,250.00",750.00,Rs./Quintal,31-01-2026
Maharashtra,Pune,Junnar(Narayangaon) ,Vegetables,Tomato,Local,Local,500.00,"1,500.00","1,000.00",Rs./Quintal,30-01-2026
Maharashtra,Pune,Junnar(Narayangaon) ,Vegetables,Tomato,Local,Local,500.00,"1,750.00","1,500.00",Rs./Quintal,28-01-2026
Maharashtra,Pune,Junnar(Narayangaon) ,Vegetables,Tomato,Local,Local,500.00,"1,750.00","1,500.00",Rs./Quintal,26-01-2026
Maharashtra,Pune,Junnar(Narayangaon) ,Vegetables,Tomato,Local,Local,500.00,"1,750.00","1,500.00",Rs./Quintal,25-01-2026
Maharashtra,Pune,Junnar(Narayangaon) ,Vegetables,Tomato,Local,Local,750.00,"2,000.00","1,500.00",Rs./Quintal,24-01-2026
Maharashtra,Pune,Junnar(Narayangaon) ,Vegetables,Tomato,Local,Local,750.00,"2,250.00","1,500.00",Rs./Quintal,23-01-2026
Maharashtra,Pune,Junnar(Narayangaon) ,Vegetables,Tomato,Local,Local,500.00,"2,000.00","1,500.00",Rs./Quintal,22-01-2026
Maharashtra,Pune,Junnar(Narayangaon) ,Vegetables,Tomato,Local,Local,500.00,"1,750.00","1,250.00",Rs./Quintal,21-01-2026
Maharashtra,Pune,Junnar(Narayangaon) ,Vegetables,Tomato,Local,Local,"1,000.00","2,750.00","2,000.00",Rs./Quintal,18-01-2026
Maharashtra,Pune,Junnar(Narayangaon) ,Vegetables,Tomato,Local,Local,"1,000.00","2,500.00","2,000.00",Rs./Quintal,16-01-2026
Maharashtra,Pune,Junnar(Narayangaon) ,Vegetables,Tomato,Local,Local,"1,500.00","3,000.00","2,500.00",Rs./Quintal,15-01-2026
Maharashtra,Pune,Junnar(Narayangaon) ,Vegetables,Tomato,Local,Local,"1,000.00","2,500.00","2,000.00",Rs./Quintal,14-01-2026
Maharashtra,Pune,Junnar(Narayangaon) ,Vegetables,Tomato,Local,Local,"1,000.00","2,500.00","2,000.00",Rs./Quintal,13-01-2026
Maharashtra,Pune,Junnar(Narayangaon) ,Vegetables,Tomato,Local,Local,"1,000.00","2,500.00","2,000.00",Rs./Quintal,12-01-2026
Maharashtra,Pune,Junnar(Narayangaon) ,Vegetables,Tomato,Local,Local,"1,000.00","2,500.00","2,000.00",Rs./Quintal,11-01-2026
Maharashtra,Pune,Junnar(Narayangaon) ,Vegetables,Tomato,Local,Local,750.00,"2,000.00","1,500.00",Rs./Quintal,09-01-2026
Maharashtra,Pune,Junnar(Narayangaon) ,Vegetables,Tomato,Local,Local,750.00,"2,000.00","1,500.00",Rs./Quintal,08-01-2026
Maharashtra,Pune,Junnar(Narayangaon) ,Vegetables,Tomato,Local,Local,"2,000.00","3,500.00","3,000.00",Rs./Quintal,06-01-2026
Maharashtra,Pune,Junnar(Narayangaon) ,Vegetables,Tomato,Local,Local,"2,000.00","3,500.00","3,000.00",Rs./Quintal,04-01-2026
Maharashtra,Pune,Junnar(Narayangaon) ,Vegetables,Tomato,Local,Local,"2,000.00","3,500.00","3,000.00",Rs./Quintal,02-01-2026
Maharashtra,Pune,Junnar(Narayangaon) ,Vegetables,Tomato,Local,Local,"2,000.00","3,500.00","3,000.00",Rs./Quintal,01-01-2026
Maharashtra,Pune,Khed(Chakan) ,Vegetables,Tomato,Other,Local,"1,000.00","1,800.00","1,400.00",Rs./Quintal,03-09-2026
Maharashtra,Pune,Khed(Chakan) ,Vegetables,Tomato,Other,Local,"1,000.00","2,000.00","1,500.00",Rs./Quintal,02-09-2026
Maharashtra,Pune,Khed(Chakan) ,Vegetables,Tomato,Other,Local,800.00,"1,800.00","1,300.00",Rs./Quintal,01-09-2026
Maharashtra,Pune,Khed(Chakan) ,Vegetables,Tomato,Other,Local,600.00,"1,300.00","1,000.00",Rs./Quintal,29-08-2026
Maharashtra,Pune,Khed(Chakan) ,Vegetables,Tomato,Other,Local,600.00,"1,200.00",800.00,Rs./Quintal,28-08-2026
Maharashtra,Pune,Khed(Chakan) ,Vegetables,Tomato,Other,Local,500.00,"1,300.00","1,000.00",Rs./Quintal,27-08-2026
Maharashtra,Pune,Khed(Chakan) ,Vegetables,Tomato,Other,Local,500.00,"1,500.00","1,000.00",Rs./Quintal,26-08-2026
Maharashtra,Pune,Khed(Chakan) ,Vegetables,Tomato,Other,Local,700.00,"1,500.00","1,000.00",Rs./Quintal,25-08-2026
Maharashtra,Pune,Khed(Chakan) ,Vegetables,Tomato,Other,Local,500.00,"1,500.00","1,000.00",Rs./Quintal,23-08-2026
Maharashtra,Pune,Khed(Chakan) ,Vegetables,Tomato,Other,Local,500.00,"1,500.00","1,000.00",Rs./Quintal,22-08-2026
Maharashtra,Pune,Khed(Chakan) ,Vegetables,Tomato,Other,Local,500.00,"1,500.00","1,000.00",Rs./Quintal,21-08-2026
Maharashtra,Pune,Khed(Chakan) ,Vegetables,Tomato,Other,Local,500.00,"1,500.00","1,000.00",Rs./Quintal,20-08-2026
Maharashtra,Pune,Khed(Chakan) ,Vegetables,Tomato,Other,Local,800.00,"2,000.00","1,500.00",Rs./Quintal,19-08-2026
Maharashtra,Pune,Khed(Chakan) ,Vegetables,Tomato,Other,Local,"1,000.00","2,000.00","1,500.00",Rs./Quintal,18-08-2026
Maharashtra,Pune,Khed(Chakan) ,Vegetables,Tomato,Other,Local,700.00,"2,000.00","1,400.00",Rs./Quintal,14-08-2026
Maharashtra,Pune,Khed(Chakan) ,Vegetables,Tomato,Other,Local,"1,000.00","2,200.00","1,500.00",Rs./Quintal,13-08-2026
Maharashtra,Pune,Khed(Chakan) ,Vegetables,Tomato,Other,Local,700.00,"2,000.00","1,500.00",Rs./Quintal,12-08-2026
Maharashtra,Pune,Khed(Chakan) ,Vegetables,Tomato,Other,Local,800.00,"2,000.00","1,500.00",Rs./Quintal,11-08-2026
Maharashtra,Pune,Khed(Chakan) ,Vegetables,Tomato,Other,Local,"1,000.00","2,000.00","1,500.00",Rs./Quintal,09-08-2026
Maharashtra,Pune,Khed(Chakan) ,Vegetables,Tomato,Other,Local,"1,000.00","2,000.00","1,500.00",Rs./Quintal,08-08-2026
Maharashtra,Pune,Khed(Chakan) ,Vegetables,Tomato,Other,Local,"1,000.00","2,000.00","1,500.00",Rs./Quintal,07-08-2026
Maharashtra,Pune,Khed(Chakan) ,Vegetables,Tomato,Other,Local,"1,000.00","2,500.00","1,600.00",Rs./Quintal,06-08-2026
Maharashtra,Pune,Khed(Chakan) ,Vegetables,Tomato,Other,Local,"1,000.00","2,300.00","1,500.00",Rs./Quintal,05-08-2026
Maharashtra,Pune,Khed(Chakan) ,Vegetables,Tomato,Other,Local,"1,000.00","2,000.00","1,500.00",Rs./Quintal,04-08-2026
Maharashtra,Pune,Khed(Chakan) ,Vegetables,Tomato,Other,Local,"1,000.00","2,000.00","1,500.00",Rs./Quintal,31-07-2026
Maharashtra,Pune,Khed(Chakan) ,Vegetables,Tomato,Other,Local,"1,000.00","2,000.00","1,500.00",Rs./Quintal,30-07-2026
Maharashtra,Pune,Khed(Chakan) ,Vegetables,Tomato,Other,Local,"1,000.00","2,200.00","1,500.00",Rs./Quintal,29-07-2026
Maharashtra,Pune,Khed(Chakan) ,Vegetables,Tomato,Other,Local,"1,500.00","2,500.00","2,000.00",Rs./Quintal,28-07-2026
Maharashtra,Pune,Khed(Chakan) ,Vegetables,Tomato,Other,Local,"1,500.00","2,500.00","2,000.00",Rs./Quintal,26-07-2026
Maharashtra,Pune,Khed(Chakan) ,Vegetables,Tomato,Other,Local,"1,000.00","1,800.00","1,400.00",Rs./Quintal,24-07-2026
Maharashtra,Pune,Khed(Chakan) ,Vegetables,Tomato,Other,Local,"1,000.00","1,500.00","1,200.00",Rs./Quintal,23-07-2026
Maharashtra,Pune,Khed(Chakan) ,Vegetables,Tomato,Other,Local,"1,000.00","2,000.00","1,500.00",Rs./Quintal,22-07-2026
Maharashtra,Pune,Khed(Chakan) ,Vegetables,Tomato,Other,Local,"1,000.00","2,000.00","1,500.00",Rs./Quintal,21-07-2026
Maharashtra,Pune,Khed(Chakan) ,Vegetables,Tomato,Other,Local,"1,500.00","2,500.00","2,000.00",Rs./Quintal,19-07-2026
Maharashtra,Pune,Khed(Chakan) ,Vegetables,Tomato,Other,Local,"1,000.00","2,000.00","1,500.00",Rs./Quintal,17-07-2026
Maharashtra,Pune,Khed(Chakan) ,Vegetables,Tomato,Other,Local,"1,500.00","2,500.00","2,000.00",Rs./Quintal,16-07-2026
Maharashtra,Pune,Khed(Chakan) ,Vegetables,Tomato,Other,Local,"1,000.00","2,000.00","1,500.00",Rs./Quintal,15-07-2026
Maharashtra,Pune,Khed(Chakan) ,Vegetables,Tomato,Other,Local,"1,000.00","3,000.00","2,000.00",Rs./Quintal,14-07-2026
Maharashtra,Pune,Khed(Chakan) ,Vegetables,Tomato,Other,Local,"2,000.00","3,000.00","2,500.00",Rs./Quintal,12-07-2026
Maharashtra,Pune,Khed(Chakan) ,Vegetables,Tomato,Other,Local,"1,000.00","2,500.00","1,500.00",Rs./Quintal,11-07-2026
Maharashtra,Pune,Khed(Chakan) ,Vegetables,Tomato,Other,Local,"2,000.00","2,500.00","2,500.00",Rs./Quintal,10-07-2026
Maharashtra,Pune,Khed(Chakan) ,Vegetables,Tomato,Other,Local,"2,000.00","4,000.00","3,000.00",Rs./Quintal,09-07-2026
Maharashtra,Pune,Khed(Chakan) ,Vegetables,Tomato,Other,Local,"1,000.00","2,000.00","1,500.00",Rs./Quintal,08-07-2026
Maharashtra,Pune,Khed(Chakan) ,Vegetables,Tomato,Other,Local,"1,000.00","2,200.00","1,600.00",Rs./Quintal,07-07-2026
Maharashtra,Pune,Khed(Chakan) ,Vegetables,Tomato,Other,Local,"2,000.00","3,500.00","2,700.00",Rs./Quintal,05-07-2026
Maharashtra,Pune,Khed(Chakan) ,Vegetables,Tomato,Other,Local,"1,500.00","2,500.00","2,000.00",Rs./Quintal,04-07-2026
Maharashtra,Pune,Khed(Chakan) ,Vegetables,Tomato,Other,Local,"1,500.00","2,300.00","1,800.00",Rs./Quintal,03-07-2026
Maharashtra,Pune,Khed(Chakan) ,Vegetables,Tomato,Other,Local,"1,500.00","2,500.00","2,000.00",Rs./Quintal,02-07-2026
Maharashtra,Pune,Khed(Chakan) ,Vegetables,Tomato,Other,Local,"1,000.00","2,500.00","1,500.00",Rs./Quintal,01-07-2026
Maharashtra,Pune,Khed(Chakan) ,Vegetables,Tomato,Other,Local,"1,500.00","2,500.00","2,000.00",Rs./Quintal,30-06-2026
Maharashtra,Pune,Khed(Chakan) ,Vegetables,Tomato,Other,Local,"1,000.00","2,500.00","1,500.00",Rs./Quintal,28-06-2026
Maharashtra,Pune,Khed(Chakan) ,Vegetables,Tomato,Other,Local,"1,000.00","2,500.00","2,000.00",Rs./Quintal,27-06-2026
Maharashtra,Pune,Khed(Chakan) ,Vegetables,Tomato,Other,Local,"1,500.00","3,000.00","2,200.00",Rs./Quintal,26-06-2026
Maharashtra,Pune,Khed(Chakan) ,Vegetables,Tomato,Other,Local,"1,000.00","2,500.00","1,800.00",Rs./Quintal,25-06-2026
Maharashtra,Pune,Khed(Chakan) ,Vegetables,Tomato,Other,Local,"2,000.00","3,000.00","2,500.00",Rs./Quintal,24-06-2026
Maharashtra,Pune,Khed(Chakan) ,Vegetables,Tomato,Other,Local,"1,500.00","2,500.00","2,000.00",Rs./Quintal,23-06-2026
Maharashtra,Pune,Khed(Chakan) ,Vegetables,Tomato,Other,Local,"2,000.00","3,000.00","2,500.00",Rs./Quintal,19-06-2026
Maharashtra,Pune,Khed(Chakan) ,Vegetables,Tomato,Other,Local,"1,500.00","3,000.00","2,200.00",Rs./Quintal,18-06-2026
Maharashtra,Pune,Khed(Chakan) ,Vegetables,Tomato,Other,Local,"1,500.00","3,000.00","2,200.00",Rs./Quintal,17-06-2026
Maharashtra,Pune,Khed(Chakan) ,Vegetables,Tomato,Other,Local,"2,000.00","3,500.00","2,500.00",Rs./Quintal,16-06-2026
Maharashtra,Pune,Khed(Chakan) ,Vegetables,Tomato,Other,Local,"1,500.00","3,000.00","2,200.00",Rs./Quintal,14-06-2026
Maharashtra,Pune,Khed(Chakan) ,Vegetables,Tomato,Other,Local,"2,000.00","3,000.00","2,500.00",Rs./Quintal,13-06-2026
Maharashtra,Pune,Khed(Chakan) ,Vegetables,Tomato,Other,Local,"3,000.00","4,000.00","3,500.00",Rs./Quintal,12-06-2026
Maharashtra,Pune,Khed(Chakan) ,Vegetables,Tomato,Other,Local,"3,000.00","4,000.00","3,500.00",Rs./Quintal,11-06-2026
Maharashtra,Pune,Khed(Chakan) ,Vegetables,Tomato,Other,Local,"2,500.00","4,000.00","3,500.00",Rs./Quintal,10-06-2026
Maharashtra,Pune,Khed(Chakan) ,Vegetables,Tomato,Other,Local,"2,000.00","3,000.00","2,500.00",Rs./Quintal,09-06-2026
Maharashtra,Pune,Khed(Chakan) ,Vegetables,Tomato,Other,Local,"2,000.00","3,000.00","2,500.00",Rs./Quintal,07-06-2026
Maharashtra,Pune,Khed(Chakan) ,Vegetables,Tomato,Other,Local,"1,500.00","2,500.00","2,000.00",Rs./Quintal,06-06-2026
Maharashtra,Pune,Khed(Chakan) ,Vegetables,Tomato,Other,Local,"1,500.00","3,000.00","2,200.00",Rs./Quintal,05-06-2026
Maharashtra,Pune,Khed(Chakan) ,Vegetables,Tomato,Other,Local,"2,000.00","3,000.00","2,500.00",Rs./Quintal,04-06-2026
Maharashtra,Pune,Khed(Chakan) ,Vegetables,Tomato,Other,Local,"2,000.00","3,000.00","2,500.00",Rs./Quintal,03-06-2026
Maharashtra,Pune,Khed(Chakan) ,Vegetables,Tomato,Other,Local,"2,000.00","3,000.00","2,500.00",Rs./Quintal,02-06-2026
Maharashtra,Pune,Khed(Chakan) ,Vegetables,Tomato,Other,Local,"2,000.00","3,000.00","2,500.00",Rs./Quintal,31-05-2026
Maharashtra,Pune,Khed(Chakan) ,Vegetables,Tomato,Other,Local,"2,000.00","2,500.00","2,200.00",Rs./Quintal,29-05-2026
Maharashtra,Pune,Khed(Chakan) ,Vegetables,Tomato,Other,Local,"1,800.00","2,800.00","2,300.00",Rs./Quintal,28-05-2026
Maharashtra,Pune,Khed(Chakan) ,Vegetables,Tomato,Other,Local,"1,800.00","2,800.00","2,300.00",Rs./Quintal,27-05-2026
Maharashtra,Pune,Khed(Chakan) ,Vegetables,Tomato,Other,Local,"1,000.00","2,000.00","1,500.00",Rs./Quintal,26-05-2026
Maharashtra,Pune,Khed(Chakan) ,Vegetables,Tomato,Other,Local,"1,500.00","2,500.00","2,000.00",Rs./Quintal,24-05-2026
Maharashtra,Pune,Khed(Chakan) ,Vegetables,Tomato,Other,Local,"1,400.00","2,000.00","1,700.00",Rs./Quintal,23-05-2026
Maharashtra,Pune,Khed(Chakan) ,Vegetables,Tomato,Other,Local,"1,000.00","2,200.00","1,700.00",Rs./Quintal,22-05-2026
Maharashtra,Pune,Khed(Chakan) ,Vegetables,Tomato,Other,Local,"1,500.00","2,500.00","2,000.00",Rs./Quintal,21-05-2026
Maharashtra,Pune,Khed(Chakan) ,Vegetables,Tomato,Other,Local,"1,500.00","2,500.00","2,000.00",Rs./Quintal,16-05-2026
Maharashtra,Pune,Khed(Chakan) ,Vegetables,Tomato,Other,Local,"1,500.00","2,200.00","1,800.00",Rs./Quintal,15-05-2026
Maharashtra,Pune,Khed(Chakan) ,Vegetables,Tomato,Other,Local,"1,500.00","2,200.00","1,800.00",Rs./Quintal,14-05-2026
Maharashtra,Pune,Khed(Chakan) ,Vegetables,Tomato,Other,Local,"1,000.00","2,500.00","1,500.00",Rs./Quintal,13-05-2026
Maharashtra,Pune,Khed(Chakan) ,Vegetables,Tomato,Other,Local,"1,500.00","2,500.00","2,000.00",Rs./Quintal,12-05-2026
Maharashtra,Pune,Khed(Chakan) ,Vegetables,Tomato,Other,Local,"1,500.00","2,500.00","2,000.00",Rs./Quintal,10-05-2026
Maharashtra,Pune,Khed(Chakan) ,Vegetables,Tomato,Other,Local,"1,500.00","2,000.00","1,800.00",Rs./Quintal,09-05-2026
Maharashtra,Pune,Khed(Chakan) ,Vegetables,Tomato,Other,Local,"1,500.00","2,500.00","2,000.00",Rs./Quintal,08-05-2026
Maharashtra,Pune,Khed(Chakan) ,Vegetables,Tomato,Other,Local,"1,500.00","2,200.00","1,800.00",Rs./Quintal,07-05-2026
Maharashtra,Pune,Khed(Chakan) ,Vegetables,Tomato,Other,Local,"1,000.00","1,500.00","1,200.00",Rs./Quintal,06-05-2026
Maharashtra,Pune,Khed(Chakan) ,Vegetables,Tomato,Other,Local,"1,500.00","2,500.00","2,000.00",Rs./Quintal,05-05-2026
Maharashtra,Pune,Khed(Chakan) ,Vegetables,Tomato,Other,Local,"2,000.00","3,000.00","2,500.00",Rs./Quintal,03-05-2026
Maharashtra,Pune,Khed(Chakan) ,Vegetables,Tomato,Other,Local,"1,500.00","3,000.00","2,200.00",Rs./Quintal,30-04-2026
Maharashtra,Pune,Khed(Chakan) ,Vegetables,Tomato,Other,Local,"1,000.00","1,800.00","1,400.00",Rs./Quintal,29-04-2026
Maharashtra,Pune,Khed(Chakan) ,Vegetables,Tomato,Other,Local,"1,000.00","2,000.00","1,500.00",Rs./Quintal,28-04-2026
Maharashtra,Pune,Khed(Chakan) ,Vegetables,Tomato,Other,Local,"1,000.00","1,800.00","1,400.00",Rs./Quintal,26-04-2026
Maharashtra,Pune,Khed(Chakan) ,Vegetables,Tomato,Other,Local,"1,000.00","1,800.00","1,400.00",Rs./Quintal,25-04-2026
Maharashtra,Pune,Khed(Chakan) ,Vegetables,Tomato,Other,Local,"1,000.00","1,500.00","1,200.00",Rs./Quintal,24-04-2026
Maharashtra,Pune,Khed(Chakan) ,Vegetables,Tomato,Other,Local,"1,000.00","1,500.00","1,200.00",Rs./Quintal,23-04-2026
Maharashtra,Pune,Khed(Chakan) ,Vegetables,Tomato,Other,Local,"1,000.00","1,800.00","1,400.00",Rs./Quintal,22-04-2026
Maharashtra,Pune,Khed(Chakan) ,Vegetables,Tomato,Other,Local,"1,000.00","2,000.00","1,500.00",Rs./Quintal,21-04-2026
Maharashtra,Pune,Khed(Chakan) ,Vegetables,Tomato,Other,Local,"1,000.00","2,000.00","1,500.00",Rs./Quintal,19-04-2026
Maharashtra,Pune,Khed(Chakan) ,Vegetables,Tomato,Other,Local,"1,000.00","1,600.00","1,200.00",Rs./Quintal,18-04-2026
Maharashtra,Pune,Khed(Chakan) ,Vegetables,Tomato,Other,Local,"1,000.00","1,500.00","1,200.00",Rs./Quintal,17-04-2026
Maharashtra,Pune,Khed(Chakan) ,Vegetables,Tomato,Other,Local,800.00,"1,400.00","1,200.00",Rs./Quintal,16-04-2026
Maharashtra,Pune,Khed(Chakan) ,Vegetables,Tomato,Other,Local,"1,000.00","1,500.00","1,200.00",Rs./Quintal,15-04-2026
Maharashtra,Pune,Khed(Chakan) ,Vegetables,Tomato,Other,Local,"1,000.00","1,500.00","1,200.00",Rs./Quintal,14-04-2026
Maharashtra,Pune,Khed(Chakan) ,Vegetables,Tomato,Other,Local,"1,000.00","1,500.00","1,200.00",Rs./Quintal,12-04-2026
Maharashtra,Pune,Khed(Chakan) ,Vegetables,Tomato,Other,Local,800.00,"1,300.00","1,000.00",Rs./Quintal,11-04-2026
Maharashtra,Pune,Khed(Chakan) ,Vegetables,Tomato,Other,Local,800.00,"1,400.00","1,200.00",Rs./Quintal,10-04-2026
Maharashtra,Pune,Khed(Chakan) ,Vegetables,Tomato,Other,Local,"1,000.00","1,500.00","1,200.00",Rs./Quintal,09-04-2026
Maharashtra,Pune,Khed(Chakan) ,Vegetables,Tomato,Other,Local,800.00,"1,200.00","1,000.00",Rs./Quintal,08-04-2026
Maharashtra,Pune,Khed(Chakan) ,Vegetables,Tomato,Other,Local,800.00,"1,200.00","1,000.00",Rs./Quintal,07-04-2026
Maharashtra,Pune,Khed(Chakan) ,Vegetables,Tomato,Other,Local,800.00,"1,200.00","1,000.00",Rs./Quintal,05-04-2026
Maharashtra,Pune,Khed(Chakan) ,Vegetables,Tomato,Other,Local,800.00,"1,200.00","1,000.00",Rs./Quintal,03-04-2026
Maharashtra,Pune,Khed(Chakan) ,Vegetables,Tomato,Other,Local,"1,000.00","1,500.00","1,200.00",Rs./Quintal,02-04-2026
Maharashtra,Pune,Khed(Chakan) ,Vegetables,Tomato,Other,Local,"1,000.00","1,500.00","1,200.00",Rs./Quintal,01-04-2026
Maharashtra,Pune,Khed(Chakan) ,Vegetables,Tomato,Other,Local,"1,000.00","1,500.00","1,200.00",Rs./Quintal,31-03-2026
Maharashtra,Pune,Khed(Chakan) ,Vegetables,Tomato,Other,Local,"1,000.00","1,500.00","1,300.00",Rs./Quintal,29-03-2026
Maharashtra,Pune,Khed(Chakan) ,Vegetables,Tomato,Other,Local,"1,000.00","1,500.00","1,200.00",Rs./Quintal,28-03-2026
Maharashtra,Pune,Khed(Chakan) ,Vegetables,Tomato,Other,Local,"1,000.00","1,500.00","1,200.00",Rs./Quintal,27-03-2026
Maharashtra,Pune,Khed(Chakan) ,Vegetables,Tomato,Other,Local,"1,000.00","1,500.00","1,200.00",Rs./Quintal,26-03-2026
Maharashtra,Pune,Khed(Chakan) ,Vegetables,Tomato,Other,Local,800.00,"1,300.00","1,000.00",Rs./Quintal,25-03-2026
Maharashtra,Pune,Khed(Chakan) ,Vegetables,Tomato,Other,Local,800.00,"1,400.00","1,100.00",Rs./Quintal,24-03-2026
Maharashtra,Pune,Khed(Chakan) ,Vegetables,Tomato,Other,Local,700.00,"1,200.00","1,000.00",Rs./Quintal,22-03-2026
Maharashtra,Pune,Khed(Chakan) ,Vegetables,Tomato,Other,Local,800.00,"1,400.00","1,000.00",Rs./Quintal,18-03-2026
Maharashtra,Pune,Khed(Chakan) ,Vegetables,Tomato,Other,Local,"1,000.00","1,500.00","1,200.00",Rs./Quintal,17-03-2026
Maharashtra,Pune,Khed(Chakan) ,Vegetables,Tomato,Other,Local,800.00,"1,200.00","1,000.00",Rs./Quintal,15-03-2026
Maharashtra,Pune,Khed(Chakan) ,Vegetables,Tomato,Other,Local,"1,000.00","1,600.00","1,300.00",Rs./Quintal,13-03-2026
Maharashtra,Pune,Khed(Chakan) ,Vegetables,Tomato,Other,Local,"1,000.00","1,500.00","1,200.00",Rs./Quintal,12-03-2026
Maharashtra,Pune,Khed(Chakan) ,Vegetables,Tomato,Other,Local,"1,000.00","1,600.00","1,200.00",Rs./Quintal,11-03-2026
Maharashtra,Pune,Khed(Chakan) ,Vegetables,Tomato,Other,Local,"1,000.00","1,500.00","1,200.00",Rs./Quintal,10-03-2026
Maharashtra,Pune,Khed(Chakan) ,Vegetables,Tomato,Other,Local,"1,000.00","1,500.00","1,200.00",Rs./Quintal,08-03-2026
Maharashtra,Pune,Khed(Chakan) ,Vegetables,Tomato,Other,Local,700.00,"1,300.00","1,000.00",Rs./Quintal,06-03-2026
Maharashtra,Pune,Khed(Chakan) ,Vegetables,Tomato,Other,Local,800.00,"1,200.00","1,000.00",Rs./Quintal,05-03-2026
Maharashtra,Pune,Khed(Chakan) ,Vegetables,Tomato,Other,Local,"1,000.00","1,500.00","1,200.00",Rs./Quintal,04-03-2026
Maharashtra,Pune,Khed(Chakan) ,Vegetables,Tomato,Other,Local,"1,500.00","2,000.00","1,700.00",Rs./Quintal,03-03-2026
Maharashtra,Pune,Khed(Chakan) ,Vegetables,Tomato,Other,Local,800.00,"1,400.00","1,100.00",Rs./Quintal,01-03-2026
Maharashtra,Pune,Khed(Chakan) ,Vegetables,Tomato,Other,Local,700.00,"1,200.00","1,000.00",Rs./Quintal,27-02-2026
Maharashtra,Pune,Khed(Chakan) ,Vegetables,Tomato,Other,Local,700.00,"1,200.00","1,000.00",Rs./Quintal,26-02-2026
Maharashtra,Pune,Khed(Chakan) ,Vegetables,Tomato,Other,Local,700.00,"1,200.00","1,000.00",Rs./Quintal,25-02-2026
Maharashtra,Pune,Khed(Chakan) ,Vegetables,Tomato,Other,Local,800.00,"1,200.00","1,000.00",Rs./Quintal,24-02-2026
Maharashtra,Pune,Khed(Chakan) ,Vegetables,Tomato,Other,Local,800.00,"1,200.00","1,000.00",Rs./Quintal,22-02-2026
Maharashtra,Pune,Khed(Chakan) ,Vegetables,Tomato,Other,Local,800.00,"1,200.00","1,000.00",Rs./Quintal,21-02-2026
Maharashtra,Pune,Khed(Chakan) ,Vegetables,Tomato,Other,Local,800.00,"1,200.00","1,000.00",Rs./Quintal,20-02-2026
Maharashtra,Pune,Khed(Chakan) ,Vegetables,Tomato,Other,Local,600.00,"1,200.00",900.00,Rs./Quintal,19-02-2026
Maharashtra,Pune,Khed(Chakan) ,Vegetables,Tomato,Other,Local,700.00,"1,200.00",900.00,Rs./Quintal,18-02-2026
Maharashtra,Pune,Khed(Chakan) ,Vegetables,Tomato,Other,Local,700.00,"1,300.00","1,000.00",Rs./Quintal,17-02-2026
Maharashtra,Pune,Khed(Chakan) ,Vegetables,Tomato,Other,Local,800.00,"1,200.00","1,000.00",Rs./Quintal,15-02-2026
Maharashtra,Pune,Khed(Chakan) ,Vegetables,Tomato,Other,Local,800.00,"1,400.00","1,100.00",Rs./Quintal,13-02-2026
Maharashtra,Pune,Khed(Chakan) ,Vegetables,Tomato,Other,Local,800.00,"1,500.00","1,100.00",Rs./Quintal,12-02-2026
Maharashtra,Pune,Khed(Chakan) ,Vegetables,Tomato,Other,Local,700.00,"1,300.00","1,000.00",Rs./Quintal,11-02-2026
Maharashtra,Pune,Khed(Chakan) ,Vegetables,Tomato,Other,Local,800.00,"1,400.00","1,100.00",Rs./Quintal,10-02-2026
Maharashtra,Pune,Khed(Chakan) ,Vegetables,Tomato,Other,Local,"1,000.00","2,000.00","1,500.00",Rs./Quintal,08-02-2026
Maharashtra,Pune,Khed(Chakan) ,Vegetables,Tomato,Other,Local,700.00,"1,300.00","1,000.00",Rs./Quintal,06-02-2026
Maharashtra,Pune,Khed(Chakan) ,Vegetables,Tomato,Other,Local,800.00,"1,200.00","1,000.00",Rs./Quintal,05-02-2026
Maharashtra,Pune,Khed(Chakan) ,Vegetables,Tomato,Other,Local,800.00,"1,400.00","1,000.00",Rs./Quintal,04-02-2026
Maharashtra,Pune,Khed(Chakan) ,Vegetables,Tomato,Other,Local,700.00,"1,500.00","1,000.00",Rs./Quintal,03-02-2026
Maharashtra,Pune,Khed(Chakan) ,Vegetables,Tomato,Other,Local,800.00,"1,500.00","1,200.00",Rs./Quintal,31-01-2026
Maharashtra,Pune,Khed(Chakan) ,Vegetables,Tomato,Other,Local,"1,000.00","1,600.00","1,300.00",Rs./Quintal,30-01-2026
Maharashtra,Pune,Khed(Chakan) ,Vegetables,Tomato,Other,Local,"1,000.00","1,800.00","1,400.00",Rs./Quintal,28-01-2026
Maharashtra,Pune,Khed(Chakan) ,Vegetables,Tomato,Other,Local,800.00,"1,400.00","1,200.00",Rs./Quintal,27-01-2026
Maharashtra,Pune,Khed(Chakan) ,Vegetables,Tomato,Other,Local,800.00,"1,500.00","1,200.00",Rs./Quintal,23-01-2026
Maharashtra,Pune,Khed(Chakan) ,Vegetables,Tomato,Other,Local,"1,000.00","2,000.00","1,500.00",Rs./Quintal,22-01-2026
Maharashtra,Pune,Khed(Chakan) ,Vegetables,Tomato,Other,Local,"1,000.00","1,500.00","1,200.00",Rs./Quintal,21-01-2026
Maharashtra,Pune,Khed(Chakan) ,Vegetables,Tomato,Other,Local,"1,000.00","2,000.00","1,500.00",Rs./Quintal,20-01-2026
Maharashtra,Pune,Khed(Chakan) ,Vegetables,Tomato,Other,Local,"1,000.00","2,000.00","1,600.00",Rs./Quintal,18-01-2026
Maharashtra,Pune,Khed(Chakan) ,Vegetables,Tomato,Other,Local,"1,500.00","2,500.00","2,000.00",Rs./Quintal,16-01-2026
Maharashtra,Pune,Khed(Chakan) ,Vegetables,Tomato,Other,Local,"1,500.00","3,000.00","2,200.00",Rs./Quintal,15-01-2026
Maharashtra,Pune,Khed(Chakan) ,Vegetables,Tomato,Other,Local,"2,000.00","3,000.00","2,500.00",Rs./Quintal,14-01-2026
Maharashtra,Pune,Khed(Chakan) ,Vegetables,Tomato,Other,Local,"1,500.00","2,500.00","2,000.00",Rs./Quintal,13-01-2026
Maharashtra,Pune,Khed(Chakan) ,Vegetables,Tomato,Other,Local,"1,500.00","2,500.00","2,000.00",Rs./Quintal,12-01-2026
Maharashtra,Pune,Khed(Chakan) ,Vegetables,Tomato,Other,Local,"1,500.00","2,500.00","2,000.00",Rs./Quintal,11-01-2026
Maharashtra,Pune,Khed(Chakan) ,Vegetables,Tomato,Other,Local,"1,500.00","2,500.00","2,000.00",Rs./Quintal,10-01-2026
Maharashtra,Pune,Khed(Chakan) ,Vegetables,Tomato,Other,Local,"1,500.00","2,500.00","2,000.00",Rs./Quintal,09-01-2026
Maharashtra,Pune,Khed(Chakan) ,Vegetables,Tomato,Other,Local,"2,000.00","3,000.00","2,500.00",Rs./Quintal,08-01-2026
Maharashtra,Pune,Khed(Chakan) ,Vegetables,Tomato,Other,Local,"2,000.00","3,000.00","2,500.00",Rs./Quintal,07-01-2026
Maharashtra,Pune,Khed(Chakan) ,Vegetables,Tomato,Other,Local,"2,000.00","3,000.00","2,500.00",Rs./Quintal,06-01-2026
Maharashtra,Pune,Khed(Chakan) ,Vegetables,Tomato,Other,Local,"2,500.00","3,500.00","3,000.00",Rs./Quintal,04-01-2026
Maharashtra,Pune,Khed(Chakan) ,Vegetables,Tomato,Other,Local,"2,500.00","3,500.00","3,000.00",Rs./Quintal,02-01-2026
Maharashtra,Pune,Khed(Chakan) ,Vegetables,Tomato,Other,Local,"2,500.00","3,500.00","3,000.00",Rs./Quintal,01-01-2026
Maharashtra,Pune,Pune(Khadiki) ,Vegetables,Tomato,Local,Local,800.00,"1,400.00","1,100.00",Rs./Quintal,03-09-2026
Maharashtra,Pune,Pune(Khadiki) ,Vegetables,Tomato,Local,Local,800.00,"1,300.00","1,050.00",Rs./Quintal,02-09-2026
Maharashtra,Pune,Pune(Khadiki) ,Vegetables,Tomato,Local,Local,"1,000.00","1,300.00","1,150.00",Rs./Quintal,01-09-2026
Maharashtra,Pune,Pune(Khadiki) ,Vegetables,Tomato,Local,Local,800.00,"1,300.00","1,050.00",Rs./Quintal,31-08-2026
Maharashtra,Pune,Pune(Khadiki) ,Vegetables,Tomato,Local,Local,800.00,"1,400.00","1,100.00",Rs./Quintal,30-08-2026
Maharashtra,Pune,Pune(Khadiki) ,Vegetables,Tomato,Local,Local,800.00,"1,400.00","1,100.00",Rs./Quintal,29-08-2026
Maharashtra,Pune,Pune(Khadiki) ,Vegetables,Tomato,Local,Local,700.00,"1,300.00","1,000.00",Rs./Quintal,28-08-2026
Maharashtra,Pune,Pune(Khadiki) ,Vegetables,Tomato,Local,Local,800.00,"1,300.00","1,050.00",Rs./Quintal,27-08-2026
Maharashtra,Pune,Pune(Khadiki) ,Vegetables,Tomato,Local,Local,800.00,"1,300.00","1,050.00",Rs./Quintal,26-08-2026
Maharashtra,Pune,Pune(Khadiki) ,Vegetables,Tomato,Local,Local,800.00,"1,300.00","1,050.00",Rs./Quintal,25-08-2026
Maharashtra,Pune,Pune(Khadiki) ,Vegetables,Tomato,Local,Local,700.00,"1,300.00","1,000.00",Rs./Quintal,24-08-2026
Maharashtra,Pune,Pune(Khadiki) ,Vegetables,Tomato,Local,Local,900.00,"1,300.00","1,100.00",Rs./Quintal,23-08-2026
Maharashtra,Pune,Pune(Khadiki) ,Vegetables,Tomato,Local,Local,800.00,"1,400.00","1,100.00",Rs./Quintal,22-08-2026
Maharashtra,Pune,Pune(Khadiki) ,Vegetables,Tomato,Local,Local,900.00,"1,400.00","1,150.00",Rs./Quintal,21-08-2026
Maharashtra,Pune,Pune(Khadiki) ,Vegetables,Tomato,Local,Local,700.00,"1,300.00","1,000.00",Rs./Quintal,20-08-2026
Maharashtra,Pune,Pune(Khadiki) ,Vegetables,Tomato,Local,Local,800.00,"1,300.00","1,050.00",Rs./Quintal,19-08-2026
Maharashtra,Pune,Pune(Khadiki) ,Vegetables,Tomato,Local,Local,800.00,"1,400.00","1,100.00",Rs./Quintal,18-08-2026
Maharashtra,Pune,Pune(Khadiki) ,Vegetables,Tomato,Local,Local,600.00,"1,400.00","1,000.00",Rs./Quintal,17-08-2026
Maharashtra,Pune,Pune(Khadiki) ,Vegetables,Tomato,Local,Local,900.00,"1,300.00","1,050.00",Rs./Quintal,16-08-2026
Maharashtra,Pune,Pune(Khadiki) ,Vegetables,Tomato,Local,Local,800.00,"1,400.00","1,100.00",Rs./Quintal,14-08-2026
Maharashtra,Pune,Pune(Khadiki) ,Vegetables,Tomato,Local,Local,800.00,"1,300.00","1,050.00",Rs./Quintal,13-08-2026
Maharashtra,Pune,Pune(Khadiki) ,Vegetables,Tomato,Local,Local,800.00,"1,400.00","1,100.00",Rs./Quintal,12-08-2026
Maharashtra,Pune,Pune(Khadiki) ,Vegetables,Tomato,Local,Local,800.00,"1,300.00","1,050.00",Rs./Quintal,11-08-2026
Maharashtra,Pune,Pune(Khadiki) ,Vegetables,Tomato,Local,Local,900.00,"1,400.00","1,150.00",Rs./Quintal,10-08-2026
Maharashtra,Pune,Pune(Khadiki) ,Vegetables,Tomato,Local,Local,800.00,"1,300.00","1,050.00",Rs./Quintal,09-08-2026
Maharashtra,Pune,Pune(Khadiki) ,Vegetables,Tomato,Local,Local,700.00,"1,300.00","1,000.00",Rs./Quintal,08-08-2026
Maharashtra,Pune,Pune(Khadiki) ,Vegetables,Tomato,Local,Local,700.00,"1,300.00","1,000.00",Rs./Quintal,07-08-2026
Maharashtra,Pune,Pune(Khadiki) ,Vegetables,Tomato,Local,Local,800.00,"1,300.00","1,050.00",Rs./Quintal,06-08-2026
Maharashtra,Pune,Pune(Khadiki) ,Vegetables,Tomato,Local,Local,900.00,"1,300.00","1,100.00",Rs./Quintal,05-08-2026
Maharashtra,Pune,Pune(Khadiki) ,Vegetables,Tomato,Local,Local,800.00,"1,300.00","1,050.00",Rs./Quintal,04-08-2026
Maharashtra,Pune,Pune(Khadiki) ,Vegetables,Tomato,Local,Local,700.00,"1,300.00","1,000.00",Rs./Quintal,03-08-2026
Maharashtra,Pune,Pune(Khadiki) ,Vegetables,Tomato,Local,Local,900.00,"1,300.00","1,150.00",Rs./Quintal,02-08-2026
Maharashtra,Pune,Pune(Khadiki) ,Vegetables,Tomato,Local,Local,800.00,"1,300.00","1,050.00",Rs./Quintal,01-08-2026
Maharashtra,Pune,Pune(Khadiki) ,Vegetables,Tomato,Local,Local,700.00,"1,400.00","1,050.00",Rs./Quintal,31-07-2026
Maharashtra,Pune,Pune(Khadiki) ,Vegetables,Tomato,Local,Local,800.00,"1,300.00","1,050.00",Rs./Quintal,30-07-2026
Maharashtra,Pune,Pune(Khadiki) ,Vegetables,Tomato,Local,Local,"1,000.00","1,400.00","1,200.00",Rs./Quintal,29-07-2026
Maharashtra,Pune,Pune(Khadiki) ,Vegetables,Tomato,Local,Local,700.00,"1,300.00","1,000.00",Rs./Quintal,28-07-2026
Maharashtra,Pune,Pune(Khadiki) ,Vegetables,Tomato,Local,Local,800.00,"1,300.00","1,050.00",Rs./Quintal,27-07-2026
Maharashtra,Pune,Pune(Khadiki) ,Vegetables,Tomato,Local,Local,700.00,"1,300.00","1,000.00",Rs./Quintal,26-07-2026
Maharashtra,Pune,Pune(Khadiki) ,Vegetables,Tomato,Local,Local,800.00,"1,300.00","1,050.00",Rs./Quintal,25-07-2026
Maharashtra,Pune,Pune(Khadiki) ,Vegetables,Tomato,Local,Local,"1,000.00","1,300.00","1,150.00",Rs./Quintal,24-07-2026
Maharashtra,Pune,Pune(Khadiki) ,Vegetables,Tomato,Local,Local,700.00,"1,300.00","1,000.00",Rs./Quintal,23-07-2026
Maharashtra,Pune,Pune(Khadiki) ,Vegetables,Tomato,Local,Local,700.00,"1,300.00","1,000.00",Rs./Quintal,22-07-2026
Maharashtra,Pune,Pune(Khadiki) ,Vegetables,Tomato,Local,Local,900.00,"1,400.00","1,150.00",Rs./Quintal,21-07-2026
Maharashtra,Pune,Pune(Khadiki) ,Vegetables,Tomato,Local,Local,800.00,"1,200.00","1,000.00",Rs./Quintal,20-07-2026
Maharashtra,Pune,Pune(Khadiki) ,Vegetables,Tomato,Local,Local,700.00,"1,300.00","1,000.00",Rs./Quintal,19-07-2026
Maharashtra,Pune,Pune(Khadiki) ,Vegetables,Tomato,Local,Local,700.00,"1,300.00","1,000.00",Rs./Quintal,18-07-2026
Maharashtra,Pune,Pune(Khadiki) ,Vegetables,Tomato,Local,Local,900.00,"1,400.00","1,150.00",Rs./Quintal,17-07-2026
Maharashtra,Pune,Pune(Khadiki) ,Vegetables,Tomato,Local,Local,800.00,"1,400.00","1,100.00",Rs./Quintal,16-07-2026
Maharashtra,Pune,Pune(Khadiki) ,Vegetables,Tomato,Local,Local,900.00,"1,400.00","1,150.00",Rs./Quintal,15-07-2026
Maharashtra,Pune,Pune(Khadiki) ,Vegetables,Tomato,Local,Local,700.00,"1,300.00","1,000.00",Rs./Quintal,14-07-2026
Maharashtra,Pune,Pune(Khadiki) ,Vegetables,Tomato,Local,Local,700.00,"1,300.00","1,000.00",Rs./Quintal,13-07-2026
Maharashtra,Pune,Pune(Khadiki) ,Vegetables,Tomato,Local,Local,800.00,"1,300.00","1,050.00",Rs./Quintal,12-07-2026
Maharashtra,Pune,Pune(Khadiki) ,Vegetables,Tomato,Local,Local,700.00,"1,300.00","1,000.00",Rs./Quintal,11-07-2026
Maharashtra,Pune,Pune(Khadiki) ,Vegetables,Tomato,Local,Local,800.00,"1,200.00","1,000.00",Rs./Quintal,10-07-2026
Maharashtra,Pune,Pune(Khadiki) ,Vegetables,Tomato,Local,Local,800.00,"1,300.00","1,050.00",Rs./Quintal,09-07-2026
Maharashtra,Pune,Pune(Khadiki) ,Vegetables,Tomato,Local,Local,800.00,"1,300.00","1,050.00",Rs./Quintal,08-07-2026
Maharashtra,Pune,Pune(Khadiki) ,Vegetables,Tomato,Local,Local,700.00,"1,300.00","1,000.00",Rs./Quintal,07-07-2026
Maharashtra,Pune,Pune(Khadiki) ,Vegetables,Tomato,Local,Local,700.00,"1,300.00","1,000.00",Rs./Quintal,06-07-2026
Maharashtra,Pune,Pune(Khadiki) ,Vegetables,Tomato,Local,Local,700.00,"1,200.00",950.00,Rs./Quintal,05-07-2026
Maharashtra,Pune,Pune(Khadiki) ,Vegetables,Tomato,Local,Local,600.00,"1,200.00",900.00,Rs./Quintal,04-07-2026
Maharashtra,Pune,Pune(Khadiki) ,Vegetables,Tomato,Local,Local,700.00,"1,300.00","1,000.00",Rs./Quintal,03-07-2026
Maharashtra,Pune,Pune(Khadiki) ,Vegetables,Tomato,Local,Local,700.00,"1,200.00",950.00,Rs./Quintal,02-07-2026
Maharashtra,Pune,Pune(Khadiki) ,Vegetables,Tomato,Local,Local,900.00,"1,300.00","1,100.00",Rs./Quintal,01-07-2026
Maharashtra,Pune,Pune(Khadiki) ,Vegetables,Tomato,Local,Local,700.00,"1,300.00","1,000.00",Rs./Quintal,30-06-2026
Maharashtra,Pune,Pune(Khadiki) ,Vegetables,Tomato,Local,Local,700.00,"1,300.00","1,000.00",Rs./Quintal,28-06-2026
Maharashtra,Pune,Pune(Khadiki) ,Vegetables,Tomato,Local,Local,800.00,"1,300.00","1,050.00",Rs./Quintal,26-06-2026
Maharashtra,Pune,Pune(Khadiki) ,Vegetables,Tomato,Local,Local,700.00,"1,200.00",950.00,Rs./Quintal,25-06-2026
Maharashtra,Pune,Pune(Khadiki) ,Vegetables,Tomato,Local,Local,700.00,"1,300.00","1,000.00",Rs./Quintal,24-06-2026
Maharashtra,Pune,Pune(Khadiki) ,Vegetables,Tomato,Local,Local,700.00,"1,300.00","1,000.00",Rs./Quintal,23-06-2026
Maharashtra,Pune,Pune(Khadiki) ,Vegetables,Tomato,Local,Local,700.00,"1,300.00","1,000.00",Rs./Quintal,22-06-2026
Maharashtra,Pune,Pune(Khadiki) ,Vegetables,Tomato,Local,Local,800.00,"1,300.00","1,050.00",Rs./Quintal,18-06-2026
Maharashtra,Pune,Pune(Khadiki) ,Vegetables,Tomato,Local,Local,800.00,"1,300.00","1,050.00",Rs./Quintal,17-06-2026
Maharashtra,Pune,Pune(Khadiki) ,Vegetables,Tomato,Local,Local,900.00,"1,200.00","1,050.00",Rs./Quintal,16-06-2026
Maharashtra,Pune,Pune(Khadiki) ,Vegetables,Tomato,Local,Local,800.00,"1,200.00","1,000.00",Rs./Quintal,15-06-2026
Maharashtra,Pune,Pune(Khadiki) ,Vegetables,Tomato,Local,Local,800.00,"1,200.00","1,000.00",Rs./Quintal,14-06-2026
Maharashtra,Pune,Pune(Khadiki) ,Vegetables,Tomato,Local,Local,700.00,"1,200.00",950.00,Rs./Quintal,12-06-2026
Maharashtra,Pune,Pune(Khadiki) ,Vegetables,Tomato,Local,Local,900.00,"1,200.00","1,050.00",Rs./Quintal,11-06-2026
Maharashtra,Pune,Pune(Khadiki) ,Vegetables,Tomato,Local,Local,700.00,"1,300.00","1,000.00",Rs./Quintal,10-06-2026
Maharashtra,Pune,Pune(Khadiki) ,Vegetables,Tomato,Local,Local,700.00,"1,200.00",950.00,Rs./Quintal,09-06-2026
Maharashtra,Pune,Pune(Khadiki) ,Vegetables,Tomato,Local,Local,700.00,"1,300.00","1,000.00",Rs./Quintal,07-06-2026
Maharashtra,Pune,Pune(Khadiki) ,Vegetables,Tomato,Local,Local,700.00,"1,200.00",950.00,Rs./Quintal,04-06-2026
Maharashtra,Pune,Pune(Khadiki) ,Vegetables,Tomato,Local,Local,700.00,"1,200.00",950.00,Rs./Quintal,02-06-2026
Maharashtra,Pune,Pune(Khadiki) ,Vegetables,Tomato,Local,Local,800.00,"1,100.00",950.00,Rs./Quintal,01-06-2026
Maharashtra,Pune,Pune(Khadiki) ,Vegetables,Tomato,Local,Local,700.00,"1,200.00",950.00,Rs./Quintal,31-05-2026
Maharashtra,Pune,Pune(Khadiki) ,Vegetables,Tomato,Local,Local,800.00,"1,300.00","1,050.00",Rs./Quintal,30-05-2026
Maharashtra,Pune,Pune(Khadiki) ,Vegetables,Tomato,Local,Local,700.00,"1,200.00",950.00,Rs./Quintal,28-05-2026
Maharashtra,Pune,Pune(Khadiki) ,Vegetables,Tomato,Local,Local,700.00,"1,200.00",950.00,Rs./Quintal,25-05-2026
Maharashtra,Pune,Pune(Khadiki) ,Vegetables,Tomato,Local,Local,700.00,"1,200.00",950.00,Rs./Quintal,24-05-2026
Maharashtra,Pune,Pune(Khadiki) ,Vegetables,Tomato,Local,Local,700.00,"1,200.00",950.00,Rs./Quintal,23-05-2026
Maharashtra,Pune,Pune(Khadiki) ,Vegetables,Tomato,Local,Local,700.00,"1,100.00",900.00,Rs./Quintal,18-05-2026
Maharashtra,Pune,Pune(Khadiki) ,Vegetables,Tomato,Local,Local,700.00,"1,200.00",950.00,Rs./Quintal,17-05-2026
Maharashtra,Pune,Pune(Khadiki) ,Vegetables,Tomato,Local,Local,700.00,"1,100.00",900.00,Rs./Quintal,16-05-2026
Maharashtra,Pune,Pune(Khadiki) ,Vegetables,Tomato,Local,Local,800.00,"1,200.00","1,000.00",Rs./Quintal,14-05-2026
Maharashtra,Pune,Pune(Khadiki) ,Vegetables,Tomato,Local,Local,700.00,"1,200.00",950.00,Rs./Quintal,13-05-2026
Maharashtra,Pune,Pune(Khadiki) ,Vegetables,Tomato,Local,Local,700.00,"1,200.00",950.00,Rs./Quintal,08-05-2026
Maharashtra,Pune,Pune(Khadiki) ,Vegetables,Tomato,Local,Local,800.00,"1,300.00","1,050.00",Rs./Quintal,07-05-2026
Maharashtra,Pune,Pune(Khadiki) ,Vegetables,Tomato,Local,Local,700.00,"1,300.00","1,000.00",Rs./Quintal,03-05-2026
Maharashtra,Pune,Pune(Khadiki) ,Vegetables,Tomato,Local,Local,800.00,"1,200.00","1,000.00",Rs./Quintal,29-04-2026
Maharashtra,Pune,Pune(Khadiki) ,Vegetables,Tomato,Local,Local,800.00,"1,300.00",950.00,Rs./Quintal,28-04-2026
Maharashtra,Pune,Pune(Khadiki) ,Vegetables,Tomato,Local,Local,700.00,"1,200.00",950.00,Rs./Quintal,27-04-2026
Maharashtra,Pune,Pune(Khadiki) ,Vegetables,Tomato,Local,Local,700.00,"1,000.00",850.00,Rs./Quintal,26-04-2026
Maharashtra,Pune,Pune(Khadiki) ,Vegetables,Tomato,Local,Local,700.00,"1,200.00",950.00,Rs./Quintal,25-04-2026
Maharashtra,Pune,Pune(Khadiki) ,Vegetables,Tomato,Local,Local,700.00,"1,200.00",950.00,Rs./Quintal,23-04-2026
Maharashtra,Pune,Pune(Khadiki) ,Vegetables,Tomato,Local,Local,700.00,"1,200.00",950.00,Rs./Quintal,22-04-2026
Maharashtra,Pune,Pune(Khadiki) ,Vegetables,Tomato,Local,Local,700.00,"1,200.00",950.00,Rs./Quintal,20-04-2026
Maharashtra,Pune,Pune(Khadiki) ,Vegetables,Tomato,Local,Local,700.00,"1,200.00",950.00,Rs./Quintal,19-04-2026
Maharashtra,Pune,Pune(Khadiki) ,Vegetables,Tomato,Local,Local,700.00,"1,200.00",950.00,Rs./Quintal,18-04-2026
Maharashtra,Pune,Pune(Khadiki) ,Vegetables,Tomato,Local,Local,700.00,"1,300.00","1,000.00",Rs./Quintal,17-04-2026
Maharashtra,Pune,Pune(Khadiki) ,Vegetables,Tomato,Local,Local,700.00,"1,200.00",950.00,Rs./Quintal,16-04-2026
Maharashtra,Pune,Pune(Khadiki) ,Vegetables,Tomato,Local,Local,700.00,"1,200.00",950.00,Rs./Quintal,14-04-2026
Maharashtra,Pune,Pune(Khadiki) ,Vegetables,Tomato,Local,Local,700.00,"1,100.00",900.00,Rs./Quintal,13-04-2026
Maharashtra,Pune,Pune(Khadiki) ,Vegetables,Tomato,Local,Local,700.00,"1,200.00",950.00,Rs./Quintal,11-04-2026
Maharashtra,Pune,Pune(Khadiki) ,Vegetables,Tomato,Local,Local,700.00,"1,100.00",900.00,Rs./Quintal,10-04-2026
Maharashtra,Pune,Pune(Khadiki) ,Vegetables,Tomato,Local,Local,700.00,"1,200.00",950.00,Rs./Quintal,09-04-2026
Maharashtra,Pune,Pune(Khadiki) ,Vegetables,Tomato,Local,Local,700.00,"1,200.00",950.00,Rs./Quintal,08-04-2026
Maharashtra,Pune,Pune(Khadiki) ,Vegetables,Tomato,Local,Local,700.00,"1,200.00",950.00,Rs./Quintal,07-04-2026
Maharashtra,Pune,Pune(Khadiki) ,Vegetables,Tomato,Local,Local,700.00,"1,200.00",950.00,Rs./Quintal,06-04-2026
Maharashtra,Pune,Pune(Khadiki) ,Vegetables,Tomato,Local,Local,700.00,"1,200.00",950.00,Rs./Quintal,05-04-2026
Maharashtra,Pune,Pune(Khadiki) ,Vegetables,Tomato,Local,Local,700.00,"1,200.00",950.00,Rs./Quintal,03-04-2026
Maharashtra,Pune,Pune(Khadiki) ,Vegetables,Tomato,Local,Local,700.00,"1,200.00",950.00,Rs./Quintal,02-04-2026
Maharashtra,Pune,Pune(Khadiki) ,Vegetables,Tomato,Local,Local,700.00,"1,200.00",950.00,Rs./Quintal,31-03-2026
Maharashtra,Pune,Pune(Khadiki) ,Vegetables,Tomato,Local,Local,700.00,"1,200.00",950.00,Rs./Quintal,30-03-2026
Maharashtra,Pune,Pune(Khadiki) ,Vegetables,Tomato,Local,Local,700.00,"1,200.00",950.00,Rs./Quintal,29-03-2026
Maharashtra,Pune,Pune(Khadiki) ,Vegetables,Tomato,Local,Local,700.00,"1,200.00",950.00,Rs./Quintal,28-03-2026
Maharashtra,Pune,Pune(Khadiki) ,Vegetables,Tomato,Local,Local,700.00,"1,200.00",950.00,Rs./Quintal,26-03-2026
Maharashtra,Pune,Pune(Khadiki) ,Vegetables,Tomato,Local,Local,700.00,"1,200.00",950.00,Rs./Quintal,25-03-2026
Maharashtra,Pune,Pune(Khadiki) ,Vegetables,Tomato,Local,Local,700.00,"1,200.00",950.00,Rs./Quintal,23-03-2026
Maharashtra,Pune,Pune(Khadiki) ,Vegetables,Tomato,Local,Local,700.00,"1,200.00",950.00,Rs./Quintal,22-03-2026
Maharashtra,Pune,Pune(Khadiki) ,Vegetables,Tomato,Local,Local,700.00,"1,200.00",950.00,Rs./Quintal,21-03-2026
Maharashtra,Pune,Pune(Khadiki) ,Vegetables,Tomato,Local,Local,700.00,"1,200.00",950.00,Rs./Quintal,20-03-2026
Maharashtra,Pune,Pune(Khadiki) ,Vegetables,Tomato,Local,Local,700.00,"1,200.00",950.00,Rs./Quintal,19-03-2026
Maharashtra,Pune,Pune(Khadiki) ,Vegetables,Tomato,Local,Local,900.00,"1,200.00","1,050.00",Rs./Quintal,18-03-2026
Maharashtra,Pune,Pune(Khadiki) ,Vegetables,Tomato,Local,Local,700.00,"1,200.00",950.00,Rs./Quintal,17-03-2026
Maharashtra,Pune,Pune(Khadiki) ,Vegetables,Tomato,Local,Local,700.00,"1,200.00",950.00,Rs./Quintal,16-03-2026
Maharashtra,Pune,Pune(Khadiki) ,Vegetables,Tomato,Local,Local,700.00,"1,200.00",950.00,Rs./Quintal,15-03-2026
Maharashtra,Pune,Pune(Khadiki) ,Vegetables,Tomato,Local,Local,700.00,"1,200.00",950.00,Rs./Quintal,14-03-2026
Maharashtra,Pune,Pune(Khadiki) ,Vegetables,Tomato,Local,Local,700.00,"1,200.00",950.00,Rs./Quintal,11-03-2026
Maharashtra,Pune,Pune(Khadiki) ,Vegetables,Tomato,Local,Local,700.00,"1,200.00",950.00,Rs./Quintal,09-03-2026
Maharashtra,Pune,Pune(Khadiki) ,Vegetables,Tomato,Local,Local,600.00,"1,200.00",900.00,Rs./Quintal,08-03-2026
Maharashtra,Pune,Pune(Khadiki) ,Vegetables,Tomato,Local,Local,700.00,"1,200.00",950.00,Rs./Quintal,07-03-2026
Maharashtra,Pune,Pune(Khadiki) ,Vegetables,Tomato,Local,Local,600.00,"1,300.00",950.00,Rs./Quintal,05-03-2026
Maharashtra,Pune,Pune(Khadiki) ,Vegetables,Tomato,Local,Local,700.00,"1,300.00","1,000.00",Rs./Quintal,02-03-2026
Maharashtra,Pune,Pune(Khadiki) ,Vegetables,Tomato,Local,Local,700.00,"1,200.00",950.00,Rs./Quintal,01-03-2026
Maharashtra,Pune,Pune(Khadiki) ,Vegetables,Tomato,Local,Local,600.00,"1,200.00",900.00,Rs./Quintal,27-02-2026
Maharashtra,Pune,Pune(Khadiki) ,Vegetables,Tomato,Local,Local,700.00,"1,300.00","1,000.00",Rs./Quintal,26-02-2026
Maharashtra,Pune,Pune(Khadiki) ,Vegetables,Tomato,Local,Local,700.00,"1,200.00",950.00,Rs./Quintal,24-02-2026
Maharashtra,Pune,Pune(Khadiki) ,Vegetables,Tomato,Local,Local,700.00,"1,300.00","1,000.00",Rs./Quintal,23-02-2026
Maharashtra,Pune,Pune(Khadiki) ,Vegetables,Tomato,Local,Local,700.00,"1,300.00","1,000.00",Rs./Quintal,22-02-2026
Maharashtra,Pune,Pune(Khadiki) ,Vegetables,Tomato,Local,Local,900.00,"1,300.00","1,100.00",Rs./Quintal,21-02-2026
Maharashtra,Pune,Pune(Khadiki) ,Vegetables,Tomato,Local,Local,800.00,"1,300.00","1,050.00",Rs./Quintal,17-02-2026
Maharashtra,Pune,Pune(Khadiki) ,Vegetables,Tomato,Local,Local,800.00,"1,300.00","1,050.00",Rs./Quintal,13-02-2026
Maharashtra,Pune,Pune(Khadiki) ,Vegetables,Tomato,Local,Local,700.00,"1,300.00","1,000.00",Rs./Quintal,12-02-2026
Maharashtra,Pune,Pune(Khadiki) ,Vegetables,Tomato,Local,Local,800.00,"1,300.00","1,050.00",Rs./Quintal,11-02-2026
Maharashtra,Pune,Pune(Khadiki) ,Vegetables,Tomato,Local,Local,700.00,"1,300.00","1,000.00",Rs./Quintal,10-02-2026
Maharashtra,Pune,Pune(Khadiki) ,Vegetables,Tomato,Local,Local,700.00,"1,300.00","1,000.00",Rs./Quintal,09-02-2026
Maharashtra,Pune,Pune(Khadiki) ,Vegetables,Tomato,Local,Local,800.00,"1,300.00","1,050.00",Rs./Quintal,08-02-2026
Maharashtra,Pune,Pune(Khadiki) ,Vegetables,Tomato,Local,Local,800.00,"1,200.00","1,000.00",Rs./Quintal,07-02-2026
Maharashtra,Pune,Pune(Khadiki) ,Vegetables,Tomato,Local,Local,800.00,"1,300.00","1,050.00",Rs./Quintal,06-02-2026
Maharashtra,Pune,Pune(Khadiki) ,Vegetables,Tomato,Local,Local,900.00,"1,300.00","1,050.00",Rs./Quintal,05-02-2026
Maharashtra,Pune,Pune(Khadiki) ,Vegetables,Tomato,Local,Local,700.00,"1,300.00","1,000.00",Rs./Quintal,04-02-2026
Maharashtra,Pune,Pune(Khadiki) ,Vegetables,Tomato,Local,Local,800.00,"1,300.00","1,050.00",Rs./Quintal,02-02-2026
Maharashtra,Pune,Pune(Khadiki) ,Vegetables,Tomato,Local,Local,900.00,"1,300.00","1,100.00",Rs./Quintal,01-02-2026
Maharashtra,Pune,Pune(Khadiki) ,Vegetables,Tomato,Local,Local,700.00,"1,300.00","1,000.00",Rs./Quintal,31-01-2026
Maharashtra,Pune,Pune(Khadiki) ,Vegetables,Tomato,Local,Local,700.00,"1,300.00","1,000.00",Rs./Quintal,30-01-2026
Maharashtra,Pune,Pune(Khadiki) ,Vegetables,Tomato,Local,Local,700.00,"1,200.00",950.00,Rs./Quintal,28-01-2026
Maharashtra,Pune,Pune(Khadiki) ,Vegetables,Tomato,Local,Local,800.00,"1,300.00","1,050.00",Rs./Quintal,27-01-2026
Maharashtra,Pune,Pune(Khadiki) ,Vegetables,Tomato,Local,Local,700.00,"1,300.00","1,000.00",Rs./Quintal,25-01-2026
Maharashtra,Pune,Pune(Khadiki) ,Vegetables,Tomato,Local,Local,700.00,"1,300.00","1,000.00",Rs./Quintal,24-01-2026
Maharashtra,Pune,Pune(Khadiki) ,Vegetables,Tomato,Local,Local,700.00,"1,200.00",950.00,Rs./Quintal,17-01-2026
Maharashtra,Pune,Pune(Khadiki) ,Vegetables,Tomato,Local,Local,700.00,"1,300.00","1,000.00",Rs./Quintal,13-01-2026
Maharashtra,Pune,Pune(Khadiki) ,Vegetables,Tomato,Local,Local,800.00,"1,300.00","1,050.00",Rs./Quintal,10-01-2026
Maharashtra,Pune,Pune(Khadiki) ,Vegetables,Tomato,Local,Local,700.00,"1,300.00","1,000.00",Rs./Quintal,06-01-2026
Maharashtra,Pune,Pune(Khadiki) ,Vegetables,Tomato,Local,Local,700.00,"1,200.00",950.00,Rs./Quintal,03-01-2026
Maharashtra,Pune,Pune(Manjri) ,Vegetables,Tomato,Other,Local,500.00,"2,000.00","1,500.00",Rs./Quintal,02-09-2026
Maharashtra,Pune,Pune(Manjri) ,Vegetables,Tomato,Other,Local,"1,000.00","2,000.00","1,500.00",Rs./Quintal,01-09-2026
Maharashtra,Pune,Pune(Manjri) ,Vegetables,Tomato,Other,Local,500.00,"1,500.00","1,000.00",Rs./Quintal,31-08-2026
Maharashtra,Pune,Pune(Manjri) ,Vegetables,Tomato,Other,Local,"1,000.00","2,000.00","1,500.00",Rs./Quintal,30-08-2026
Maharashtra,Pune,Pune(Manjri) ,Vegetables,Tomato,Other,Local,"1,000.00","2,000.00","1,500.00",Rs./Quintal,29-08-2026
Maharashtra,Pune,Pune(Manjri) ,Vegetables,Tomato,Other,Local,500.00,"1,500.00","1,000.00",Rs./Quintal,28-08-2026
Maharashtra,Pune,Pune(Manjri) ,Vegetables,Tomato,Other,Local,500.00,"1,500.00","1,000.00",Rs./Quintal,27-08-2026
Maharashtra,Pune,Pune(Manjri) ,Vegetables,Tomato,Other,Local,500.00,"1,200.00","1,000.00",Rs./Quintal,26-08-2026
Maharashtra,Pune,Pune(Manjri) ,Vegetables,Tomato,Other,Local,500.00,"1,500.00","1,000.00",Rs./Quintal,25-08-2026
Maharashtra,Pune,Pune(Manjri) ,Vegetables,Tomato,Other,Local,500.00,"1,500.00","1,000.00",Rs./Quintal,24-08-2026
Maharashtra,Pune,Pune(Manjri) ,Vegetables,Tomato,Other,Local,500.00,"1,500.00","1,000.00",Rs./Quintal,23-08-2026
Maharashtra,Pune,Pune(Manjri) ,Vegetables,Tomato,Other,Local,500.00,"1,500.00","1,000.00",Rs./Quintal,22-08-2026
Maharashtra,Pune,Pune(Manjri) ,Vegetables,Tomato,Other,Local,500.00,"1,500.00","1,000.00",Rs./Quintal,21-08-2026
Maharashtra,Pune,Pune(Manjri) ,Vegetables,Tomato,Other,Local,500.00,"1,500.00","1,000.00",Rs./Quintal,20-08-2026
Maharashtra,Pune,Pune(Manjri) ,Vegetables,Tomato,Other,Local,"1,000.00","2,000.00","1,500.00",Rs./Quintal,19-08-2026
Maharashtra,Pune,Pune(Manjri) ,Vegetables,Tomato,Other,Local,"1,000.00","2,000.00","1,500.00",Rs./Quintal,18-08-2026
Maharashtra,Pune,Pune(Manjri) ,Vegetables,Tomato,Other,Local,"1,000.00","2,500.00","2,000.00",Rs./Quintal,17-08-2026
Maharashtra,Pune,Pune(Manjri) ,Vegetables,Tomato,Other,Local,"1,000.00","3,000.00","2,000.00",Rs./Quintal,16-08-2026
Maharashtra,Pune,Pune(Manjri) ,Vegetables,Tomato,Other,Local,500.00,"2,000.00","1,500.00",Rs./Quintal,14-08-2026
Maharashtra,Pune,Pune(Manjri) ,Vegetables,Tomato,Other,Local,"1,000.00","2,000.00","1,500.00",Rs./Quintal,13-08-2026
Maharashtra,Pune,Pune(Manjri) ,Vegetables,Tomato,Other,Local,"1,000.00","2,000.00","1,500.00",Rs./Quintal,12-08-2026
Maharashtra,Pune,Pune(Manjri) ,Vegetables,Tomato,Other,Local,"1,000.00","2,500.00","1,500.00",Rs./Quintal,11-08-2026
Maharashtra,Pune,Pune(Manjri) ,Vegetables,Tomato,Other,Local,500.00,"2,000.00","1,200.00",Rs./Quintal,10-08-2026
Maharashtra,Pune,Pune(Manjri) ,Vegetables,Tomato,Other,Local,"1,000.00","2,000.00","1,500.00",Rs./Quintal,09-08-2026
Maharashtra,Pune,Pune(Manjri) ,Vegetables,Tomato,Other,Local,800.00,"2,000.00","1,500.00",Rs./Quintal,08-08-2026
Maharashtra,Pune,Pune(Manjri) ,Vegetables,Tomato,Other,Local,500.00,"2,000.00","1,200.00",Rs./Quintal,07-08-2026
Maharashtra,Pune,Pune(Manjri) ,Vegetables,Tomato,Other,Local,500.00,"1,500.00","1,000.00",Rs./Quintal,06-08-2026
Maharashtra,Pune,Pune(Manjri) ,Vegetables,Tomato,Other,Local,"1,000.00","2,500.00","1,500.00",Rs./Quintal,05-08-2026
Maharashtra,Pune,Pune(Manjri) ,Vegetables,Tomato,Other,Local,"1,000.00","3,000.00","2,000.00",Rs./Quintal,04-08-2026
Maharashtra,Pune,Pune(Manjri) ,Vegetables,Tomato,Other,Local,"1,500.00","3,000.00","2,000.00",Rs./Quintal,03-08-2026
Maharashtra,Pune,Pune(Manjri) ,Vegetables,Tomato,Other,Local,"1,500.00","2,500.00","2,000.00",Rs./Quintal,02-08-2026
Maharashtra,Pune,Pune(Manjri) ,Vegetables,Tomato,Other,Local,"1,500.00","2,500.00","2,000.00",Rs./Quintal,01-08-2026
Maharashtra,Pune,Pune(Manjri) ,Vegetables,Tomato,Other,Local,750.00,"2,000.00","1,200.00",Rs./Quintal,31-07-2026
Maharashtra,Pune,Pune(Manjri) ,Vegetables,Tomato,Other,Local,"1,000.00","2,000.00","1,800.00",Rs./Quintal,30-07-2026
Maharashtra,Pune,Pune(Manjri) ,Vegetables,Tomato,Other,Local,"1,000.00","2,500.00","1,800.00",Rs./Quintal,29-07-2026
Maharashtra,Pune,Pune(Manjri) ,Vegetables,Tomato,Other,Local,"1,000.00","2,000.00","1,500.00",Rs./Quintal,28-07-2026
Maharashtra,Pune,Pune(Manjri) ,Vegetables,Tomato,Other,Local,"1,000.00","2,000.00","1,500.00",Rs./Quintal,27-07-2026
Maharashtra,Pune,Pune(Manjri) ,Vegetables,Tomato,Other,Local,"1,000.00","3,000.00","2,000.00",Rs./Quintal,26-07-2026
Maharashtra,Pune,Pune(Manjri) ,Vegetables,Tomato,Other,Local,"1,000.00","2,500.00","1,500.00",Rs./Quintal,25-07-2026
Maharashtra,Pune,Pune(Manjri) ,Vegetables,Tomato,Other,Local,400.00,"2,000.00","1,500.00",Rs./Quintal,24-07-2026
Maharashtra,Pune,Pune(Manjri) ,Vegetables,Tomato,Other,Local,"1,000.00","2,500.00","1,500.00",Rs./Quintal,23-07-2026
Maharashtra,Pune,Pune(Manjri) ,Vegetables,Tomato,Other,Local,"1,000.00","2,000.00","1,500.00",Rs./Quintal,22-07-2026
Maharashtra,Pune,Pune(Manjri) ,Vegetables,Tomato,Other,Local,"1,000.00","2,500.00","1,500.00",Rs./Quintal,21-07-2026
Maharashtra,Pune,Pune(Manjri) ,Vegetables,Tomato,Other,Local,"1,500.00","3,000.00","2,000.00",Rs./Quintal,20-07-2026
Maharashtra,Pune,Pune(Manjri) ,Vegetables,Tomato,Other,Local,"1,000.00","2,000.00","1,500.00",Rs./Quintal,19-07-2026
Maharashtra,Pune,Pune(Manjri) ,Vegetables,Tomato,Other,Local,"1,500.00","3,000.00","2,500.00",Rs./Quintal,18-07-2026
Maharashtra,Pune,Pune(Manjri) ,Vegetables,Tomato,Other,Local,"1,500.00","3,000.00","2,500.00",Rs./Quintal,17-07-2026
Maharashtra,Pune,Pune(Manjri) ,Vegetables,Tomato,Other,Local,"1,500.00","2,500.00","2,000.00",Rs./Quintal,16-07-2026
Maharashtra,Pune,Pune(Manjri) ,Vegetables,Tomato,Other,Local,"1,000.00","2,000.00","1,500.00",Rs./Quintal,15-07-2026
Maharashtra,Pune,Pune(Manjri) ,Vegetables,Tomato,Other,Local,"1,000.00","2,000.00","1,500.00",Rs./Quintal,14-07-2026
Maharashtra,Pune,Pune(Manjri) ,Vegetables,Tomato,Other,Local,"1,000.00","3,000.00","2,000.00",Rs./Quintal,13-07-2026
Maharashtra,Pune,Pune(Manjri) ,Vegetables,Tomato,Other,Local,"1,500.00","3,000.00","2,000.00",Rs./Quintal,12-07-2026
Maharashtra,Pune,Pune(Manjri) ,Vegetables,Tomato,Other,Local,"1,500.00","2,500.00","2,000.00",Rs./Quintal,11-07-2026
Maharashtra,Pune,Pune(Manjri) ,Vegetables,Tomato,Other,Local,"1,500.00","4,000.00","3,000.00",Rs./Quintal,10-07-2026
Maharashtra,Pune,Pune(Manjri) ,Vegetables,Tomato,Other,Local,"1,500.00","4,000.00","3,000.00",Rs./Quintal,09-07-2026
Maharashtra,Pune,Pune(Manjri) ,Vegetables,Tomato,Other,Local,"1,500.00","5,000.00","3,500.00",Rs./Quintal,08-07-2026
Maharashtra,Pune,Pune(Manjri) ,Vegetables,Tomato,Other,Local,"1,500.00","3,500.00","2,500.00",Rs./Quintal,07-07-2026
Maharashtra,Pune,Pune(Manjri) ,Vegetables,Tomato,Other,Local,"2,000.00","4,000.00","3,000.00",Rs./Quintal,06-07-2026
Maharashtra,Pune,Pune(Manjri) ,Vegetables,Tomato,Other,Local,"2,500.00","5,000.00","3,500.00",Rs./Quintal,05-07-2026
Maharashtra,Pune,Pune(Manjri) ,Vegetables,Tomato,Other,Local,"1,500.00","2,500.00","2,000.00",Rs./Quintal,04-07-2026
Maharashtra,Pune,Pune(Manjri) ,Vegetables,Tomato,Other,Local,"1,500.00","2,500.00","2,000.00",Rs./Quintal,03-07-2026
Maharashtra,Pune,Pune(Manjri) ,Vegetables,Tomato,Other,Local,"1,500.00","2,500.00","2,000.00",Rs./Quintal,02-07-2026
Maharashtra,Pune,Pune(Manjri) ,Vegetables,Tomato,Other,Local,"2,000.00","3,500.00","2,500.00",Rs./Quintal,01-07-2026
Maharashtra,Pune,Pune(Manjri) ,Vegetables,Tomato,Other,Local,"2,000.00","4,000.00","3,000.00",Rs./Quintal,30-06-2026
Maharashtra,Pune,Pune(Manjri) ,Vegetables,Tomato,Other,Local,"1,500.00","3,500.00","2,500.00",Rs./Quintal,29-06-2026
Maharashtra,Pune,Pune(Manjri) ,Vegetables,Tomato,Other,Local,"1,000.00","2,500.00","1,500.00",Rs./Quintal,28-06-2026
Maharashtra,Pune,Pune(Manjri) ,Vegetables,Tomato,Other,Local,500.00,"2,500.00","1,500.00",Rs./Quintal,27-06-2026
Maharashtra,Pune,Pune(Manjri) ,Vegetables,Tomato,Other,Local,500.00,"2,500.00","1,500.00",Rs./Quintal,26-06-2026
Maharashtra,Pune,Pune(Manjri) ,Vegetables,Tomato,Other,Local,"1,500.00","3,000.00","2,000.00",Rs./Quintal,25-06-2026
Maharashtra,Pune,Pune(Manjri) ,Vegetables,Tomato,Other,Local,"1,500.00","3,000.00","2,000.00",Rs./Quintal,24-06-2026
Maharashtra,Pune,Pune(Manjri) ,Vegetables,Tomato,Other,Local,"1,500.00","3,000.00","2,500.00",Rs./Quintal,23-06-2026
Maharashtra,Pune,Pune(Manjri) ,Vegetables,Tomato,Other,Local,"1,500.00","3,500.00","2,500.00",Rs./Quintal,22-06-2026
Maharashtra,Pune,Pune(Manjri) ,Vegetables,Tomato,Other,Local,"1,500.00","3,500.00","2,500.00",Rs./Quintal,21-06-2026
Maharashtra,Pune,Pune(Manjri) ,Vegetables,Tomato,Other,Local,"2,500.00","4,000.00","3,000.00",Rs./Quintal,20-06-2026
Maharashtra,Pune,Pune(Manjri) ,Vegetables,Tomato,Other,Local,"2,000.00","4,000.00","3,000.00",Rs./Quintal,19-06-2026
Maharashtra,Pune,Pune(Manjri) ,Vegetables,Tomato,Other,Local,"2,000.00","4,000.00","3,000.00",Rs./Quintal,18-06-2026
Maharashtra,Pune,Pune(Manjri) ,Vegetables,Tomato,Other,Local,"2,000.00","4,000.00","3,000.00",Rs./Quintal,17-06-2026
Maharashtra,Pune,Pune(Manjri) ,Vegetables,Tomato,Other,Local,"2,500.00","5,000.00","3,500.00",Rs./Quintal,16-06-2026
Maharashtra,Pune,Pune(Manjri) ,Vegetables,Tomato,Other,Local,"2,000.00","5,000.00","4,000.00",Rs./Quintal,15-06-2026
Maharashtra,Pune,Pune(Manjri) ,Vegetables,Tomato,Other,Local,"1,500.00","4,000.00","2,500.00",Rs./Quintal,14-06-2026
Maharashtra,Pune,Pune(Manjri) ,Vegetables,Tomato,Other,Local,"1,500.00","4,000.00","2,500.00",Rs./Quintal,13-06-2026
Maharashtra,Pune,Pune(Manjri) ,Vegetables,Tomato,Other,Local,"1,500.00","4,000.00","2,500.00",Rs./Quintal,12-06-2026
Maharashtra,Pune,Pune(Manjri) ,Vegetables,Tomato,Other,Local,"1,500.00","4,000.00","2,500.00",Rs./Quintal,11-06-2026
Maharashtra,Pune,Pune(Manjri) ,Vegetables,Tomato,Other,Local,"2,500.00","6,000.00","4,000.00",Rs./Quintal,10-06-2026
Maharashtra,Pune,Pune(Manjri) ,Vegetables,Tomato,Other,Local,"3,000.00","5,000.00","4,000.00",Rs./Quintal,09-06-2026
Maharashtra,Pune,Pune(Manjri) ,Vegetables,Tomato,Other,Local,"1,500.00","4,000.00","2,500.00",Rs./Quintal,08-06-2026
Maharashtra,Pune,Pune(Manjri) ,Vegetables,Tomato,Other,Local,"1,500.00","3,200.00","2,500.00",Rs./Quintal,07-06-2026
Maharashtra,Pune,Pune(Manjri) ,Vegetables,Tomato,Other,Local,"1,500.00","3,000.00","2,500.00",Rs./Quintal,06-06-2026
Maharashtra,Pune,Pune(Manjri) ,Vegetables,Tomato,Other,Local,"2,000.00","3,000.00","2,500.00",Rs./Quintal,05-06-2026
Maharashtra,Pune,Pune(Manjri) ,Vegetables,Tomato,Other,Local,"1,500.00","3,000.00","2,500.00",Rs./Quintal,04-06-2026
Maharashtra,Pune,Pune(Manjri) ,Vegetables,Tomato,Other,Local,"1,500.00","3,500.00","2,500.00",Rs./Quintal,03-06-2026
Maharashtra,Pune,Pune(Manjri) ,Vegetables,Tomato,Other,Local,"1,500.00","3,500.00","2,500.00",Rs./Quintal,02-06-2026
Maharashtra,Pune,Pune(Manjri) ,Vegetables,Tomato,Other,Local,"2,500.00","4,500.00","3,500.00",Rs./Quintal,01-06-2026
Maharashtra,Pune,Pune(Manjri) ,Vegetables,Tomato,Other,Local,"2,500.00","4,500.00","3,500.00",Rs./Quintal,31-05-2026
Maharashtra,Pune,Pune(Manjri) ,Vegetables,Tomato,Other,Local,"2,000.00","4,500.00","3,000.00",Rs./Quintal,30-05-2026
Maharashtra,Pune,Pune(Manjri) ,Vegetables,Tomato,Other,Local,"2,000.00","4,000.00","3,000.00",Rs./Quintal,29-05-2026
Maharashtra,Pune,Pune(Manjri) ,Vegetables,Tomato,Other,Local,"2,500.00","4,500.00","3,500.00",Rs./Quintal,28-05-2026
Maharashtra,Pune,Pune(Manjri) ,Vegetables,Tomato,Other,Local,"2,500.00","5,000.00","3,500.00",Rs./Quintal,27-05-2026
Maharashtra,Pune,Pune(Manjri) ,Vegetables,Tomato,Other,Local,"1,500.00","3,500.00","2,500.00",Rs./Quintal,26-05-2026
Maharashtra,Pune,Pune(Manjri) ,Vegetables,Tomato,Other,Local,"2,000.00","4,000.00","3,000.00",Rs./Quintal,25-05-2026
Maharashtra,Pune,Pune(Manjri) ,Vegetables,Tomato,Other,Local,"2,000.00","4,000.00","3,000.00",Rs./Quintal,24-05-2026
Maharashtra,Pune,Pune(Manjri) ,Vegetables,Tomato,Other,Local,"1,500.00","3,500.00","2,500.00",Rs./Quintal,23-05-2026
Maharashtra,Pune,Pune(Manjri) ,Vegetables,Tomato,Other,Local,"1,000.00","3,000.00","2,500.00",Rs./Quintal,22-05-2026
Maharashtra,Pune,Pune(Manjri) ,Vegetables,Tomato,Other,Local,"1,500.00","3,500.00","2,500.00",Rs./Quintal,21-05-2026
Maharashtra,Pune,Pune(Manjri) ,Vegetables,Tomato,Other,Local,"2,000.00","4,000.00","3,000.00",Rs./Quintal,20-05-2026
Maharashtra,Pune,Pune(Manjri) ,Vegetables,Tomato,Other,Local,"2,500.00","4,200.00","3,500.00",Rs./Quintal,19-05-2026
Maharashtra,Pune,Pune(Manjri) ,Vegetables,Tomato,Other,Local,"2,000.00","4,000.00","2,800.00",Rs./Quintal,18-05-2026
Maharashtra,Pune,Pune(Manjri) ,Vegetables,Tomato,Other,Local,"1,500.00","4,000.00","2,500.00",Rs./Quintal,16-05-2026
Maharashtra,Pune,Pune(Manjri) ,Vegetables,Tomato,Other,Local,"1,500.00","3,500.00","2,500.00",Rs./Quintal,15-05-2026
Maharashtra,Pune,Pune(Manjri) ,Vegetables,Tomato,Other,Local,"2,500.00","5,000.00","3,500.00",Rs./Quintal,14-05-2026
Maharashtra,Pune,Pune(Manjri) ,Vegetables,Tomato,Other,Local,"2,000.00","4,500.00","3,000.00",Rs./Quintal,13-05-2026
Maharashtra,Pune,Pune(Manjri) ,Vegetables,Tomato,Other,Local,"1,500.00","3,500.00","2,000.00",Rs./Quintal,12-05-2026
Maharashtra,Pune,Pune(Manjri) ,Vegetables,Tomato,Other,Local,"1,500.00","3,500.00","2,500.00",Rs./Quintal,11-05-2026
Maharashtra,Pune,Pune(Manjri) ,Vegetables,Tomato,Other,Local,"1,700.00","3,500.00","2,500.00",Rs./Quintal,10-05-2026
Maharashtra,Pune,Pune(Manjri) ,Vegetables,Tomato,Other,Local,"2,000.00","4,500.00","3,000.00",Rs./Quintal,09-05-2026
Maharashtra,Pune,Pune(Manjri) ,Vegetables,Tomato,Other,Local,"2,000.00","3,500.00","2,500.00",Rs./Quintal,08-05-2026
Maharashtra,Pune,Pune(Manjri) ,Vegetables,Tomato,Other,Local,"1,500.00","3,000.00","2,000.00",Rs./Quintal,07-05-2026
Maharashtra,Pune,Pune(Manjri) ,Vegetables,Tomato,Other,Local,"1,000.00","3,000.00","2,000.00",Rs./Quintal,06-05-2026
Maharashtra,Pune,Pune(Manjri) ,Vegetables,Tomato,Other,Local,"1,000.00","3,000.00","2,000.00",Rs./Quintal,05-05-2026
Maharashtra,Pune,Pune(Manjri) ,Vegetables,Tomato,Other,Local,"1,500.00","2,500.00","2,000.00",Rs./Quintal,04-05-2026
Maharashtra,Pune,Pune(Manjri) ,Vegetables,Tomato,Other,Local,"1,000.00","2,500.00","2,000.00",Rs./Quintal,03-05-2026
Maharashtra,Pune,Pune(Manjri) ,Vegetables,Tomato,Other,Local,"2,000.00","3,500.00","3,000.00",Rs./Quintal,02-05-2026
Maharashtra,Pune,Pune(Manjri) ,Vegetables,Tomato,Other,Local,"2,000.00","4,000.00","3,000.00",Rs./Quintal,30-04-2026
Maharashtra,Pune,Pune(Manjri) ,Vegetables,Tomato,Other,Local,"1,500.00","3,500.00","2,500.00",Rs./Quintal,29-04-2026
Maharashtra,Pune,Pune(Manjri) ,Vegetables,Tomato,Other,Local,"1,500.00","3,000.00","2,000.00",Rs./Quintal,28-04-2026
Maharashtra,Pune,Pune(Manjri) ,Vegetables,Tomato,Other,Local,"1,500.00","3,000.00","2,000.00",Rs./Quintal,27-04-2026
Maharashtra,Pune,Pune(Manjri) ,Vegetables,Tomato,Other,Local,"1,000.00","2,000.00","1,500.00",Rs./Quintal,26-04-2026
Maharashtra,Pune,Pune(Manjri) ,Vegetables,Tomato,Other,Local,"1,000.00","2,200.00","1,500.00",Rs./Quintal,25-04-2026
Maharashtra,Pune,Pune(Manjri) ,Vegetables,Tomato,Other,Local,700.00,"2,000.00","1,500.00",Rs./Quintal,24-04-2026
Maharashtra,Pune,Pune(Manjri) ,Vegetables,Tomato,Other,Local,"1,000.00","2,500.00","1,800.00",Rs./Quintal,23-04-2026
Maharashtra,Pune,Pune(Manjri) ,Vegetables,Tomato,Other,Local,"1,000.00","2,000.00","1,500.00",Rs./Quintal,22-04-2026
Maharashtra,Pune,Pune(Manjri) ,Vegetables,Tomato,Other,Local,800.00,"1,700.00","1,200.00",Rs./Quintal,21-04-2026
Maharashtra,Pune,Pune(Manjri) ,Vegetables,Tomato,Other,Local,"1,200.00","2,500.00","1,700.00",Rs./Quintal,20-04-2026
Maharashtra,Pune,Pune(Manjri) ,Vegetables,Tomato,Other,Local,"1,500.00","3,000.00","2,000.00",Rs./Quintal,19-04-2026
Maharashtra,Pune,Pune(Manjri) ,Vegetables,Tomato,Other,Local,"1,500.00","2,200.00","1,800.00",Rs./Quintal,18-04-2026
Maharashtra,Pune,Pune(Manjri) ,Vegetables,Tomato,Other,Local,"1,500.00","3,000.00","2,000.00",Rs./Quintal,17-04-2026
Maharashtra,Pune,Pune(Manjri) ,Vegetables,Tomato,Other,Local,700.00,"2,000.00","1,500.00",Rs./Quintal,15-04-2026
Maharashtra,Pune,Pune(Manjri) ,Vegetables,Tomato,Other,Local,"1,000.00","3,000.00","1,800.00",Rs./Quintal,14-04-2026
Maharashtra,Pune,Pune(Manjri) ,Vegetables,Tomato,Other,Local,"1,500.00","3,500.00","2,500.00",Rs./Quintal,13-04-2026
Maharashtra,Pune,Pune(Manjri) ,Vegetables,Tomato,Other,Local,"1,500.00","2,500.00","2,000.00",Rs./Quintal,12-04-2026
Maharashtra,Pune,Pune(Manjri) ,Vegetables,Tomato,Other,Local,"1,000.00","2,000.00","1,500.00",Rs./Quintal,11-04-2026
Maharashtra,Pune,Pune(Manjri) ,Vegetables,Tomato,Other,Local,"1,000.00","2,200.00","1,500.00",Rs./Quintal,10-04-2026
Maharashtra,Pune,Pune(Manjri) ,Vegetables,Tomato,Other,Local,"1,000.00","2,000.00","1,500.00",Rs./Quintal,09-04-2026
Maharashtra,Pune,Pune(Manjri) ,Vegetables,Tomato,Other,Local,"1,000.00","2,500.00","1,500.00",Rs./Quintal,08-04-2026
Maharashtra,Pune,Pune(Manjri) ,Vegetables,Tomato,Other,Local,700.00,"2,000.00","1,500.00",Rs./Quintal,07-04-2026
Maharashtra,Pune,Pune(Manjri) ,Vegetables,Tomato,Other,Local,"1,000.00","2,500.00","1,500.00",Rs./Quintal,06-04-2026
Maharashtra,Pune,Pune(Manjri) ,Vegetables,Tomato,Other,Local,"1,000.00","2,500.00","1,500.00",Rs./Quintal,05-04-2026
Maharashtra,Pune,Pune(Manjri) ,Vegetables,Tomato,Other,Local,"1,000.00","2,500.00","2,000.00",Rs./Quintal,04-04-2026
Maharashtra,Pune,Pune(Manjri) ,Vegetables,Tomato,Other,Local,"1,000.00","2,000.00","1,500.00",Rs./Quintal,03-04-2026
Maharashtra,Pune,Pune(Manjri) ,Vegetables,Tomato,Other,Local,500.00,"2,000.00","1,500.00",Rs./Quintal,02-04-2026
Maharashtra,Pune,Pune(Manjri) ,Vegetables,Tomato,Other,Local,"1,000.00","2,000.00","1,500.00",Rs./Quintal,01-04-2026
Maharashtra,Pune,Pune(Manjri) ,Vegetables,Tomato,Other,Local,"1,000.00","2,000.00","1,500.00",Rs./Quintal,31-03-2026
Maharashtra,Pune,Pune(Manjri) ,Vegetables,Tomato,Other,Local,"1,000.00","2,200.00","1,500.00",Rs./Quintal,30-03-2026
Maharashtra,Pune,Pune(Manjri) ,Vegetables,Tomato,Other,Local,"1,000.00","2,700.00","1,500.00",Rs./Quintal,29-03-2026
Maharashtra,Pune,Pune(Manjri) ,Vegetables,Tomato,Other,Local,"1,000.00","2,700.00","2,000.00",Rs./Quintal,28-03-2026
Maharashtra,Pune,Pune(Manjri) ,Vegetables,Tomato,Other,Local,"1,000.00","2,000.00","1,500.00",Rs./Quintal,25-03-2026
Maharashtra,Pune,Pune(Manjri) ,Vegetables,Tomato,Other,Local,"1,000.00","2,000.00","1,500.00",Rs./Quintal,24-03-2026
Maharashtra,Pune,Pune(Manjri) ,Vegetables,Tomato,Other,Local,500.00,"1,500.00","1,200.00",Rs./Quintal,23-03-2026
Maharashtra,Pune,Pune(Manjri) ,Vegetables,Tomato,Other,Local,500.00,"1,500.00","1,000.00",Rs./Quintal,22-03-2026
Maharashtra,Pune,Pune(Manjri) ,Vegetables,Tomato,Other,Local,"1,200.00","3,000.00","2,000.00",Rs./Quintal,21-03-2026
Maharashtra,Pune,Pune(Manjri) ,Vegetables,Tomato,Other,Local,"1,500.00","3,500.00","2,500.00",Rs./Quintal,20-03-2026
Maharashtra,Pune,Pune(Manjri) ,Vegetables,Tomato,Other,Local,"1,000.00","2,500.00","2,000.00",Rs./Quintal,19-03-2026
Maharashtra,Pune,Pune(Manjri) ,Vegetables,Tomato,Other,Local,"1,000.00","2,000.00","1,500.00",Rs./Quintal,18-03-2026
Maharashtra,Pune,Pune(Manjri) ,Vegetables,Tomato,Other,Local,"1,000.00","2,000.00","1,500.00",Rs./Quintal,16-03-2026
Maharashtra,Pune,Pune(Manjri) ,Vegetables,Tomato,Other,Local,"1,000.00","2,500.00","1,500.00",Rs./Quintal,15-03-2026
Maharashtra,Pune,Pune(Manjri) ,Vegetables,Tomato,Other,Local,"1,000.00","2,500.00","1,500.00",Rs./Quintal,14-03-2026
Maharashtra,Pune,Pune(Manjri) ,Vegetables,Tomato,Other,Local,"1,000.00","2,500.00","1,500.00",Rs./Quintal,13-03-2026
Maharashtra,Pune,Pune(Manjri) ,Vegetables,Tomato,Other,Local,"1,000.00","2,500.00","2,000.00",Rs./Quintal,12-03-2026
Maharashtra,Pune,Pune(Manjri) ,Vegetables,Tomato,Other,Local,"1,000.00","3,000.00","2,000.00",Rs./Quintal,11-03-2026
Maharashtra,Pune,Pune(Manjri) ,Vegetables,Tomato,Other,Local,"1,500.00","2,500.00","2,000.00",Rs./Quintal,10-03-2026
Maharashtra,Pune,Pune(Manjri) ,Vegetables,Tomato,Other,Local,"1,500.00","2,500.00","2,000.00",Rs./Quintal,09-03-2026
Maharashtra,Pune,Pune(Manjri) ,Vegetables,Tomato,Other,Local,"1,000.00","2,200.00","1,500.00",Rs./Quintal,08-03-2026
Maharashtra,Pune,Pune(Manjri) ,Vegetables,Tomato,Other,Local,"1,000.00","2,000.00","1,500.00",Rs./Quintal,07-03-2026
Maharashtra,Pune,Pune(Manjri) ,Vegetables,Tomato,Other,Local,"1,000.00","2,000.00","1,500.00",Rs./Quintal,06-03-2026
Maharashtra,Pune,Pune(Manjri) ,Vegetables,Tomato,Other,Local,"1,000.00","2,000.00","1,500.00",Rs./Quintal,05-03-2026
Maharashtra,Pune,Pune(Manjri) ,Vegetables,Tomato,Other,Local,"1,000.00","2,000.00","1,500.00",Rs./Quintal,04-03-2026
Maharashtra,Pune,Pune(Manjri) ,Vegetables,Tomato,Other,Local,"1,000.00","2,000.00","1,500.00",Rs./Quintal,03-03-2026
Maharashtra,Pune,Pune(Manjri) ,Vegetables,Tomato,Other,Local,"1,000.00","2,200.00","1,500.00",Rs./Quintal,02-03-2026
Maharashtra,Pune,Pune(Manjri) ,Vegetables,Tomato,Other,Local,"1,000.00","2,500.00","1,500.00",Rs./Quintal,01-03-2026
Maharashtra,Pune,Pune(Manjri) ,Vegetables,Tomato,Other,Local,"1,000.00","2,000.00","1,500.00",Rs./Quintal,28-02-2026
Maharashtra,Pune,Pune(Manjri) ,Vegetables,Tomato,Other,Local,"1,000.00","2,000.00","1,500.00",Rs./Quintal,27-02-2026
Maharashtra,Pune,Pune(Manjri) ,Vegetables,Tomato,Other,Local,"1,500.00","2,500.00","2,000.00",Rs./Quintal,26-02-2026
Maharashtra,Pune,Pune(Manjri) ,Vegetables,Tomato,Other,Local,"1,000.00","1,500.00","1,200.00",Rs./Quintal,25-02-2026
Maharashtra,Pune,Pune(Manjri) ,Vegetables,Tomato,Other,Local,800.00,"2,000.00","1,500.00",Rs./Quintal,24-02-2026
Maharashtra,Pune,Pune(Manjri) ,Vegetables,Tomato,Other,Local,"1,000.00","2,000.00","1,500.00",Rs./Quintal,23-02-2026
Maharashtra,Pune,Pune(Manjri) ,Vegetables,Tomato,Other,Local,800.00,"1,500.00","1,000.00",Rs./Quintal,22-02-2026
Maharashtra,Pune,Pune(Manjri) ,Vegetables,Tomato,Other,Local,700.00,"2,000.00","1,600.00",Rs./Quintal,21-02-2026
Maharashtra,Pune,Pune(Manjri) ,Vegetables,Tomato,Other,Local,800.00,"1,700.00","1,200.00",Rs./Quintal,20-02-2026
Maharashtra,Pune,Pune(Manjri) ,Vegetables,Tomato,Other,Local,"1,000.00","1,700.00","1,200.00",Rs./Quintal,19-02-2026
Maharashtra,Pune,Pune(Manjri) ,Vegetables,Tomato,Other,Local,500.00,"2,000.00","1,500.00",Rs./Quintal,18-02-2026
Maharashtra,Pune,Pune(Manjri) ,Vegetables,Tomato,Other,Local,"1,000.00","2,200.00","1,800.00",Rs./Quintal,17-02-2026
Maharashtra,Pune,Pune(Manjri) ,Vegetables,Tomato,Other,Local,"1,200.00","2,500.00","2,000.00",Rs./Quintal,16-02-2026
Maharashtra,Pune,Pune(Manjri) ,Vegetables,Tomato,Other,Local,"1,000.00","2,500.00","1,600.00",Rs./Quintal,15-02-2026
Maharashtra,Pune,Pune(Manjri) ,Vegetables,Tomato,Other,Local,"1,000.00","2,500.00","1,500.00",Rs./Quintal,14-02-2026
Maharashtra,Pune,Pune(Manjri) ,Vegetables,Tomato,Other,Local,"1,000.00","2,000.00","1,500.00",Rs./Quintal,13-02-2026
Maharashtra,Pune,Pune(Manjri) ,Vegetables,Tomato,Other,Local,"1,000.00","2,800.00","2,000.00",Rs./Quintal,12-02-2026
Maharashtra,Pune,Pune(Manjri) ,Vegetables,Tomato,Other,Local,"1,000.00","2,500.00","2,000.00",Rs./Quintal,11-02-2026
Maharashtra,Pune,Pune(Manjri) ,Vegetables,Tomato,Other,Local,"1,000.00","3,000.00","2,200.00",Rs./Quintal,10-02-2026
Maharashtra,Pune,Pune(Manjri) ,Vegetables,Tomato,Other,Local,"1,500.00","2,500.00","2,000.00",Rs./Quintal,09-02-2026
Maharashtra,Pune,Pune(Manjri) ,Vegetables,Tomato,Other,Local,"1,500.00","2,500.00","2,000.00",Rs./Quintal,08-02-2026
Maharashtra,Pune,Pune(Manjri) ,Vegetables,Tomato,Other,Local,"1,000.00","2,500.00","1,500.00",Rs./Quintal,07-02-2026
Maharashtra,Pune,Pune(Manjri) ,Vegetables,Tomato,Other,Local,"1,000.00","2,000.00","1,500.00",Rs./Quintal,06-02-2026
Maharashtra,Pune,Pune(Manjri) ,Vegetables,Tomato,Other,Local,600.00,"1,500.00","1,000.00",Rs./Quintal,05-02-2026
Maharashtra,Pune,Pune(Manjri) ,Vegetables,Tomato,Other,Local,500.00,"1,500.00","1,000.00",Rs./Quintal,04-02-2026
Maharashtra,Pune,Pune(Manjri) ,Vegetables,Tomato,Other,Local,800.00,"2,500.00","1,500.00",Rs./Quintal,03-02-2026
Maharashtra,Pune,Pune(Manjri) ,Vegetables,Tomato,Other,Local,"1,000.00","2,500.00","1,500.00",Rs./Quintal,02-02-2026
Maharashtra,Pune,Pune(Manjri) ,Vegetables,Tomato,Other,Local,"1,000.00","2,000.00","1,500.00",Rs./Quintal,01-02-2026
Maharashtra,Pune,Pune(Manjri) ,Vegetables,Tomato,Other,Local,"1,000.00","3,000.00","2,000.00",Rs./Quintal,31-01-2026
Maharashtra,Pune,Pune(Manjri) ,Vegetables,Tomato,Other,Local,"1,500.00","3,000.00","2,000.00",Rs./Quintal,30-01-2026
Maharashtra,Pune,Pune(Manjri) ,Vegetables,Tomato,Other,Local,"1,500.00","3,500.00","2,500.00",Rs./Quintal,28-01-2026
Maharashtra,Pune,Pune(Manjri) ,Vegetables,Tomato,Other,Local,"1,000.00","2,500.00","2,000.00",Rs./Quintal,27-01-2026
Maharashtra,Pune,Pune(Manjri) ,Vegetables,Tomato,Other,Local,700.00,"2,000.00","1,500.00",Rs./Quintal,25-01-2026
Maharashtra,Pune,Pune(Manjri) ,Vegetables,Tomato,Other,Local,"1,000.00","2,500.00","1,500.00",Rs./Quintal,24-01-2026
Maharashtra,Pune,Pune(Manjri) ,Vegetables,Tomato,Other,Local,"1,500.00","2,500.00","2,000.00",Rs./Quintal,23-01-2026
Maharashtra,Pune,Pune(Manjri) ,Vegetables,Tomato,Other,Local,"1,000.00","3,000.00","2,000.00",Rs./Quintal,22-01-2026
Maharashtra,Pune,Pune(Manjri) ,Vegetables,Tomato,Other,Local,"1,000.00","3,000.00","1,500.00",Rs./Quintal,21-01-2026
Maharashtra,Pune,Pune(Manjri) ,Vegetables,Tomato,Other,Local,"1,500.00","2,500.00","2,000.00",Rs./Quintal,20-01-2026
Maharashtra,Pune,Pune(Manjri) ,Vegetables,Tomato,Other,Local,"1,000.00","3,000.00","2,200.00",Rs./Quintal,19-01-2026
Maharashtra,Pune,Pune(Manjri) ,Vegetables,Tomato,Other,Local,800.00,"3,000.00","2,000.00",Rs./Quintal,18-01-2026
Maharashtra,Pune,Pune(Manjri) ,Vegetables,Tomato,Other,Local,"1,000.00","3,000.00","2,000.00",Rs./Quintal,17-01-2026
Maharashtra,Pune,Pune(Manjri) ,Vegetables,Tomato,Other,Local,"2,000.00","3,000.00","2,500.00",Rs./Quintal,16-01-2026
Maharashtra,Pune,Pune(Manjri) ,Vegetables,Tomato,Other,Local,"2,000.00","3,500.00","2,500.00",Rs./Quintal,14-01-2026
Maharashtra,Pune,Pune(Manjri) ,Vegetables,Tomato,Other,Local,"2,000.00","4,000.00","3,000.00",Rs./Quintal,13-01-2026
Maharashtra,Pune,Pune(Manjri) ,Vegetables,Tomato,Other,Local,"1,500.00","2,500.00","2,000.00",Rs./Quintal,12-01-2026
Maharashtra,Pune,Pune(Manjri) ,Vegetables,Tomato,Other,Local,"1,500.00","3,000.00","2,000.00",Rs./Quintal,11-01-2026
Maharashtra,Pune,Pune(Manjri) ,Vegetables,Tomato,Other,Local,"1,500.00","3,000.00","2,500.00",Rs./Quintal,10-01-2026
Maharashtra,Pune,Pune(Manjri) ,Vegetables,Tomato,Other,Local,"1,500.00","2,500.00","2,000.00",Rs./Quintal,09-01-2026
Maharashtra,Pune,Pune(Manjri) ,Vegetables,Tomato,Other,Local,"2,000.00","3,500.00","3,000.00",Rs./Quintal,08-01-2026
Maharashtra,Pune,Pune(Manjri) ,Vegetables,Tomato,Other,Local,"1,500.00","3,000.00","2,500.00",Rs./Quintal,07-01-2026
Maharashtra,Pune,Pune(Manjri) ,Vegetables,Tomato,Other,Local,"2,500.00","3,500.00","3,000.00",Rs./Quintal,06-01-2026
Maharashtra,Pune,Pune(Manjri) ,Vegetables,Tomato,Other,Local,"2,000.00","3,500.00","3,000.00",Rs./Quintal,05-01-2026
Maharashtra,Pune,Pune(Manjri) ,Vegetables,Tomato,Other,Local,"2,500.00","4,000.00","3,000.00",Rs./Quintal,04-01-2026
Maharashtra,Pune,Pune(Manjri) ,Vegetables,Tomato,Other,Local,"2,500.00","4,000.00","3,000.00",Rs./Quintal,03-01-2026
Maharashtra,Pune,Pune(Manjri) ,Vegetables,Tomato,Other,Local,"3,000.00","5,000.00","4,000.00",Rs./Quintal,02-01-2026
Maharashtra,Pune,Pune(Manjri) ,Vegetables,Tomato,Other,Local,"2,000.00","5,000.00","4,000.00",Rs./Quintal,01-01-2026
Maharashtra,Pune,Pune(Moshi) ,Vegetables,Tomato,Local,Local,"1,000.00","1,000.00","1,000.00",Rs./Quintal,03-09-2026
Maharashtra,Pune,Pune(Moshi) ,Vegetables,Tomato,Local,Local,"1,000.00","1,200.00","1,100.00",Rs./Quintal,01-09-2026
Maharashtra,Pune,Pune(Moshi) ,Vegetables,Tomato,Local,Local,"1,000.00","2,000.00","1,500.00",Rs./Quintal,31-08-2026
Maharashtra,Pune,Pune(Moshi) ,Vegetables,Tomato,Local,Local,900.00,"1,500.00","1,200.00",Rs./Quintal,30-08-2026
Maharashtra,Pune,Pune(Moshi) ,Vegetables,Tomato,Local,Local,500.00,"1,500.00","1,000.00",Rs./Quintal,29-08-2026
Maharashtra,Pune,Pune(Moshi) ,Vegetables,Tomato,Local,Local,800.00,"1,000.00",900.00,Rs./Quintal,28-08-2026
Maharashtra,Pune,Pune(Moshi) ,Vegetables,Tomato,Local,Local,700.00,800.00,750.00,Rs./Quintal,27-08-2026
Maharashtra,Pune,Pune(Moshi) ,Vegetables,Tomato,Local,Local,800.00,"1,000.00",900.00,Rs./Quintal,25-08-2026
Maharashtra,Pune,Pune(Moshi) ,Vegetables,Tomato,Local,Local,800.00,"1,000.00",900.00,Rs./Quintal,23-08-2026
Maharashtra,Pune,Pune(Moshi) ,Vegetables,Tomato,Local,Local,800.00,900.00,850.00,Rs./Quintal,22-08-2026
Maharashtra,Pune,Pune(Moshi) ,Vegetables,Tomato,Local,Local,"1,000.00","1,000.00","1,000.00",Rs./Quintal,21-08-2026
Maharashtra,Pune,Pune(Moshi) ,Vegetables,Tomato,Local,Local,"1,000.00","1,300.00","1,150.00",Rs./Quintal,20-08-2026
Maharashtra,Pune,Pune(Moshi) ,Vegetables,Tomato,Local,Local,"1,000.00","1,500.00","1,250.00",Rs./Quintal,18-08-2026
Maharashtra,Pune,Pune(Moshi) ,Vegetables,Tomato,Local,Local,"1,000.00","1,200.00","1,100.00",Rs./Quintal,17-08-2026
Maharashtra,Pune,Pune(Moshi) ,Vegetables,Tomato,Local,Local,"1,000.00","1,000.00","1,000.00",Rs./Quintal,16-08-2026
Maharashtra,Pune,Pune(Moshi) ,Vegetables,Tomato,Local,Local,800.00,"1,000.00",900.00,Rs./Quintal,14-08-2026
Maharashtra,Pune,Pune(Moshi) ,Vegetables,Tomato,Local,Local,"1,000.00","1,500.00","1,250.00",Rs./Quintal,13-08-2026
Maharashtra,Pune,Pune(Moshi) ,Vegetables,Tomato,Local,Local,800.00,"1,200.00","1,000.00",Rs./Quintal,11-08-2026
Maharashtra,Pune,Pune(Moshi) ,Vegetables,Tomato,Local,Local,"1,000.00","1,500.00","1,250.00",Rs./Quintal,10-08-2026
Maharashtra,Pune,Pune(Moshi) ,Vegetables,Tomato,Local,Local,"1,000.00","2,000.00","1,500.00",Rs./Quintal,09-08-2026
Maharashtra,Pune,Pune(Moshi) ,Vegetables,Tomato,Local,Local,"1,000.00","2,000.00","1,500.00",Rs./Quintal,08-08-2026
Maharashtra,Pune,Pune(Moshi) ,Vegetables,Tomato,Local,Local,"1,000.00","1,500.00","1,250.00",Rs./Quintal,07-08-2026
Maharashtra,Pune,Pune(Moshi) ,Vegetables,Tomato,Local,Local,"1,000.00","1,500.00","1,250.00",Rs./Quintal,06-08-2026
Maharashtra,Pune,Pune(Moshi) ,Vegetables,Tomato,Local,Local,"1,000.00","1,500.00","1,250.00",Rs./Quintal,04-08-2026
Maharashtra,Pune,Pune(Moshi) ,Vegetables,Tomato,Local,Local,"1,000.00","1,200.00","1,100.00",Rs./Quintal,03-08-2026
Maharashtra,Pune,Pune(Moshi) ,Vegetables,Tomato,Local,Local,"1,000.00","2,000.00","1,500.00",Rs./Quintal,02-08-2026
Maharashtra,Pune,Pune(Moshi) ,Vegetables,Tomato,Local,Local,800.00,"1,500.00","1,150.00",Rs./Quintal,01-08-2026
Maharashtra,Pune,Pune(Moshi) ,Vegetables,Tomato,Local,Local,500.00,"1,000.00",750.00,Rs./Quintal,31-07-2026
Maharashtra,Pune,Pune(Moshi) ,Vegetables,Tomato,Local,Local,500.00,"2,000.00","1,250.00",Rs./Quintal,30-07-2026
Maharashtra,Pune,Pune(Moshi) ,Vegetables,Tomato,Local,Local,"1,000.00","1,500.00","1,250.00",Rs./Quintal,28-07-2026
Maharashtra,Pune,Pune(Moshi) ,Vegetables,Tomato,Local,Local,"1,000.00","2,000.00","1,500.00",Rs./Quintal,27-07-2026
Maharashtra,Pune,Pune(Moshi) ,Vegetables,Tomato,Local,Local,"1,500.00","2,000.00","1,750.00",Rs./Quintal,26-07-2026
Maharashtra,Pune,Pune(Moshi) ,Vegetables,Tomato,Local,Local,"1,000.00","1,500.00","1,250.00",Rs./Quintal,25-07-2026
Maharashtra,Pune,Pune(Moshi) ,Vegetables,Tomato,Local,Local,"1,000.00","1,500.00","1,250.00",Rs./Quintal,24-07-2026
Maharashtra,Pune,Pune(Moshi) ,Vegetables,Tomato,Local,Local,"1,000.00","1,500.00","1,250.00",Rs./Quintal,23-07-2026
Maharashtra,Pune,Pune(Moshi) ,Vegetables,Tomato,Local,Local,"1,500.00","2,500.00","2,000.00",Rs./Quintal,21-07-2026
Maharashtra,Pune,Pune(Moshi) ,Vegetables,Tomato,Local,Local,"1,000.00","2,000.00","1,500.00",Rs./Quintal,20-07-2026
Maharashtra,Pune,Pune(Moshi) ,Vegetables,Tomato,Local,Local,"1,000.00","2,000.00","1,500.00",Rs./Quintal,19-07-2026
Maharashtra,Pune,Pune(Moshi) ,Vegetables,Tomato,Local,Local,"1,000.00","3,000.00","2,000.00",Rs./Quintal,18-07-2026
Maharashtra,Pune,Pune(Moshi) ,Vegetables,Tomato,Local,Local,"1,000.00","3,000.00","2,000.00",Rs./Quintal,17-07-2026
Maharashtra,Pune,Pune(Moshi) ,Vegetables,Tomato,Local,Local,"2,000.00","3,000.00","2,500.00",Rs./Quintal,16-07-2026
Maharashtra,Pune,Pune(Moshi) ,Vegetables,Tomato,Local,Local,"1,500.00","2,000.00","1,750.00",Rs./Quintal,14-07-2026
Maharashtra,Pune,Pune(Moshi) ,Vegetables,Tomato,Local,Local,"1,500.00","2,000.00","1,750.00",Rs./Quintal,13-07-2026
Maharashtra,Pune,Pune(Moshi) ,Vegetables,Tomato,Local,Local,"2,000.00","3,000.00","2,500.00",Rs./Quintal,12-07-2026
Maharashtra,Pune,Pune(Moshi) ,Vegetables,Tomato,Local,Local,"2,000.00","3,000.00","2,500.00",Rs./Quintal,11-07-2026
Maharashtra,Pune,Pune(Moshi) ,Vegetables,Tomato,Local,Local,"1,500.00","2,500.00","2,000.00",Rs./Quintal,10-07-2026
Maharashtra,Pune,Pune(Moshi) ,Vegetables,Tomato,Local,Local,"2,000.00","3,000.00","2,500.00",Rs./Quintal,07-07-2026
Maharashtra,Pune,Pune(Moshi) ,Vegetables,Tomato,Local,Local,"1,000.00","2,000.00","1,500.00",Rs./Quintal,06-07-2026
Maharashtra,Pune,Pune(Moshi) ,Vegetables,Tomato,Local,Local,"1,000.00","2,000.00","1,500.00",Rs./Quintal,05-07-2026
Maharashtra,Pune,Pune(Moshi) ,Vegetables,Tomato,Local,Local,"1,800.00","2,000.00","1,900.00",Rs./Quintal,04-07-2026
Maharashtra,Pune,Pune(Moshi) ,Vegetables,Tomato,Local,Local,"1,500.00","2,000.00","1,750.00",Rs./Quintal,03-07-2026
Maharashtra,Pune,Pune(Moshi) ,Vegetables,Tomato,Local,Local,"1,000.00","2,000.00","1,500.00",Rs./Quintal,02-07-2026
Maharashtra,Pune,Pune(Moshi) ,Vegetables,Tomato,Local,Local,"1,000.00","2,000.00","1,500.00",Rs./Quintal,30-06-2026
Maharashtra,Pune,Pune(Moshi) ,Vegetables,Tomato,Local,Local,"2,000.00","3,000.00","2,500.00",Rs./Quintal,29-06-2026
Maharashtra,Pune,Pune(Moshi) ,Vegetables,Tomato,Local,Local,"2,000.00","3,000.00","2,500.00",Rs./Quintal,28-06-2026
Maharashtra,Pune,Pune(Moshi) ,Vegetables,Tomato,Local,Local,"2,000.00","3,000.00","2,500.00",Rs./Quintal,27-06-2026
Maharashtra,Pune,Pune(Moshi) ,Vegetables,Tomato,Local,Local,"2,500.00","3,000.00","2,750.00",Rs./Quintal,26-06-2026
Maharashtra,Pune,Pune(Moshi) ,Vegetables,Tomato,Local,Local,"2,500.00","3,000.00","2,750.00",Rs./Quintal,25-06-2026
Maharashtra,Pune,Pune(Moshi) ,Vegetables,Tomato,Local,Local,"2,000.00","2,000.00","2,000.00",Rs./Quintal,23-06-2026
Maharashtra,Pune,Pune(Moshi) ,Vegetables,Tomato,Local,Local,"1,500.00","2,000.00","1,750.00",Rs./Quintal,22-06-2026
Maharashtra,Pune,Pune(Moshi) ,Vegetables,Tomato,Local,Local,"2,000.00","3,000.00","2,500.00",Rs./Quintal,21-06-2026
Maharashtra,Pune,Pune(Moshi) ,Vegetables,Tomato,Local,Local,"2,000.00","2,500.00","2,250.00",Rs./Quintal,20-06-2026
Maharashtra,Pune,Pune(Moshi) ,Vegetables,Tomato,Local,Local,"2,000.00","3,500.00","2,750.00",Rs./Quintal,19-06-2026
Maharashtra,Pune,Pune(Moshi) ,Vegetables,Tomato,Local,Local,"2,000.00","2,500.00","2,250.00",Rs./Quintal,18-06-2026
Maharashtra,Pune,Pune(Moshi) ,Vegetables,Tomato,Local,Local,"2,000.00","3,000.00","2,500.00",Rs./Quintal,16-06-2026
Maharashtra,Pune,Pune(Moshi) ,Vegetables,Tomato,Local,Local,"1,000.00","4,000.00","2,500.00",Rs./Quintal,15-06-2026
Maharashtra,Pune,Pune(Moshi) ,Vegetables,Tomato,Local,Local,"2,000.00","3,000.00","2,500.00",Rs./Quintal,14-06-2026
Maharashtra,Pune,Pune(Moshi) ,Vegetables,Tomato,Local,Local,"2,500.00","3,000.00","2,750.00",Rs./Quintal,13-06-2026
Maharashtra,Pune,Pune(Moshi) ,Vegetables,Tomato,Local,Local,"3,000.00","4,500.00","3,750.00",Rs./Quintal,12-06-2026
Maharashtra,Pune,Pune(Moshi) ,Vegetables,Tomato,Local,Local,"2,500.00","3,000.00","2,750.00",Rs./Quintal,11-06-2026
Maharashtra,Pune,Pune(Moshi) ,Vegetables,Tomato,Local,Local,"2,500.00","3,000.00","2,750.00",Rs./Quintal,09-06-2026
Maharashtra,Pune,Pune(Moshi) ,Vegetables,Tomato,Local,Local,"2,000.00","2,500.00","2,250.00",Rs./Quintal,08-06-2026
Maharashtra,Pune,Pune(Moshi) ,Vegetables,Tomato,Local,Local,"2,000.00","2,500.00","2,250.00",Rs./Quintal,07-06-2026
Maharashtra,Pune,Pune(Moshi) ,Vegetables,Tomato,Local,Local,"2,500.00","3,000.00","2,750.00",Rs./Quintal,06-06-2026
Maharashtra,Pune,Pune(Moshi) ,Vegetables,Tomato,Local,Local,"2,500.00","3,000.00","2,750.00",Rs./Quintal,05-06-2026
Maharashtra,Pune,Pune(Moshi) ,Vegetables,Tomato,Local,Local,"2,000.00","2,500.00","2,250.00",Rs./Quintal,04-06-2026
Maharashtra,Pune,Pune(Moshi) ,Vegetables,Tomato,Local,Local,"2,000.00","3,000.00","2,500.00",Rs./Quintal,02-06-2026
Maharashtra,Pune,Pune(Moshi) ,Vegetables,Tomato,Local,Local,"2,000.00","3,000.00","2,500.00",Rs./Quintal,01-06-2026
Maharashtra,Pune,Pune(Moshi) ,Vegetables,Tomato,Local,Local,"2,000.00","3,000.00","2,500.00",Rs./Quintal,31-05-2026
Maharashtra,Pune,Pune(Moshi) ,Vegetables,Tomato,Local,Local,"2,000.00","3,000.00","2,500.00",Rs./Quintal,30-05-2026
Maharashtra,Pune,Pune(Moshi) ,Vegetables,Tomato,Local,Local,"2,000.00","3,000.00","2,500.00",Rs./Quintal,29-05-2026
Maharashtra,Pune,Pune(Moshi) ,Vegetables,Tomato,Local,Local,"2,000.00","2,500.00","2,250.00",Rs./Quintal,28-05-2026
Maharashtra,Pune,Pune(Moshi) ,Vegetables,Tomato,Local,Local,"2,000.00","3,000.00","2,500.00",Rs./Quintal,26-05-2026
Maharashtra,Pune,Pune(Moshi) ,Vegetables,Tomato,Local,Local,"1,500.00","2,500.00","2,000.00",Rs./Quintal,25-05-2026
Maharashtra,Pune,Pune(Moshi) ,Vegetables,Tomato,Local,Local,"2,000.00","3,000.00","2,500.00",Rs./Quintal,24-05-2026
Maharashtra,Pune,Pune(Moshi) ,Vegetables,Tomato,Local,Local,"2,000.00","3,000.00","2,500.00",Rs./Quintal,23-05-2026
Maharashtra,Pune,Pune(Moshi) ,Vegetables,Tomato,Local,Local,"1,000.00","2,500.00","1,750.00",Rs./Quintal,22-05-2026
Maharashtra,Pune,Pune(Moshi) ,Vegetables,Tomato,Local,Local,"2,000.00","2,500.00","2,250.00",Rs./Quintal,21-05-2026
Maharashtra,Pune,Pune(Moshi) ,Vegetables,Tomato,Local,Local,"2,000.00","3,000.00","2,500.00",Rs./Quintal,19-05-2026
Maharashtra,Pune,Pune(Moshi) ,Vegetables,Tomato,Local,Local,"1,000.00","2,000.00","1,500.00",Rs./Quintal,18-05-2026
Maharashtra,Pune,Pune(Moshi) ,Vegetables,Tomato,Local,Local,"2,000.00","3,000.00","2,500.00",Rs./Quintal,17-05-2026
Maharashtra,Pune,Pune(Moshi) ,Vegetables,Tomato,Local,Local,"2,000.00","2,500.00","2,250.00",Rs./Quintal,16-05-2026
Maharashtra,Pune,Pune(Moshi) ,Vegetables,Tomato,Local,Local,"1,500.00","2,000.00","1,750.00",Rs./Quintal,12-05-2026
Maharashtra,Pune,Pune(Moshi) ,Vegetables,Tomato,Local,Local,"1,000.00","1,500.00","1,250.00",Rs./Quintal,11-05-2026
Maharashtra,Pune,Pune(Moshi) ,Vegetables,Tomato,Local,Local,900.00,"1,500.00","1,200.00",Rs./Quintal,10-05-2026
Maharashtra,Pune,Pune(Moshi) ,Vegetables,Tomato,Local,Local,"1,000.00","1,500.00","1,250.00",Rs./Quintal,09-05-2026
Maharashtra,Pune,Pune(Moshi) ,Vegetables,Tomato,Local,Local,800.00,"1,000.00",900.00,Rs./Quintal,08-05-2026
Maharashtra,Pune,Pune(Moshi) ,Vegetables,Tomato,Local,Local,"1,000.00","1,500.00","1,250.00",Rs./Quintal,07-05-2026
Maharashtra,Pune,Pune(Moshi) ,Vegetables,Tomato,Local,Local,900.00,"1,000.00",950.00,Rs./Quintal,05-05-2026
Maharashtra,Pune,Pune(Moshi) ,Vegetables,Tomato,Local,Local,"1,000.00","1,500.00","1,250.00",Rs./Quintal,04-05-2026
Maharashtra,Pune,Pune(Moshi) ,Vegetables,Tomato,Local,Local,800.00,"1,000.00",900.00,Rs./Quintal,03-05-2026
Maharashtra,Pune,Pune(Moshi) ,Vegetables,Tomato,Local,Local,800.00,"2,500.00","1,650.00",Rs./Quintal,02-05-2026
Maharashtra,Pune,Pune(Moshi) ,Vegetables,Tomato,Local,Local,"1,000.00","2,000.00","1,500.00",Rs./Quintal,30-04-2026
Maharashtra,Pune,Pune(Moshi) ,Vegetables,Tomato,Local,Local,"1,000.00","1,500.00","1,250.00",Rs./Quintal,28-04-2026
Maharashtra,Pune,Pune(Moshi) ,Vegetables,Tomato,Local,Local,800.00,"1,000.00",900.00,Rs./Quintal,27-04-2026
Maharashtra,Pune,Pune(Moshi) ,Vegetables,Tomato,Local,Local,900.00,"1,000.00",950.00,Rs./Quintal,26-04-2026
Maharashtra,Pune,Pune(Moshi) ,Vegetables,Tomato,Local,Local,"1,000.00","1,200.00","1,100.00",Rs./Quintal,25-04-2026
Maharashtra,Pune,Pune(Moshi) ,Vegetables,Tomato,Local,Local,800.00,"1,000.00",900.00,Rs./Quintal,24-04-2026
Maharashtra,Pune,Pune(Moshi) ,Vegetables,Tomato,Local,Local,"1,000.00","1,000.00","1,000.00",Rs./Quintal,23-04-2026
Maharashtra,Pune,Pune(Moshi) ,Vegetables,Tomato,Local,Local,800.00,"1,000.00",900.00,Rs./Quintal,21-04-2026
Maharashtra,Pune,Pune(Moshi) ,Vegetables,Tomato,Local,Local,700.00,"1,000.00",850.00,Rs./Quintal,20-04-2026
Maharashtra,Pune,Pune(Moshi) ,Vegetables,Tomato,Local,Local,700.00,"1,000.00",850.00,Rs./Quintal,19-04-2026
Maharashtra,Pune,Pune(Moshi) ,Vegetables,Tomato,Local,Local,800.00,"1,000.00",900.00,Rs./Quintal,18-04-2026
Maharashtra,Pune,Pune(Moshi) ,Vegetables,Tomato,Local,Local,500.00,"1,000.00",750.00,Rs./Quintal,17-04-2026
Maharashtra,Pune,Pune(Moshi) ,Vegetables,Tomato,Local,Local,800.00,"1,000.00",900.00,Rs./Quintal,16-04-2026
Maharashtra,Pune,Pune(Moshi) ,Vegetables,Tomato,Local,Local,700.00,"1,000.00",850.00,Rs./Quintal,13-04-2026
Maharashtra,Pune,Pune(Moshi) ,Vegetables,Tomato,Local,Local,500.00,"1,000.00",750.00,Rs./Quintal,12-04-2026
Maharashtra,Pune,Pune(Moshi) ,Vegetables,Tomato,Local,Local,800.00,"1,000.00",900.00,Rs./Quintal,11-04-2026
Maharashtra,Pune,Pune(Moshi) ,Vegetables,Tomato,Local,Local,500.00,"1,000.00",750.00,Rs./Quintal,09-04-2026
Maharashtra,Pune,Pune(Moshi) ,Vegetables,Tomato,Local,Local,700.00,"1,000.00",850.00,Rs./Quintal,07-04-2026
Maharashtra,Pune,Pune(Moshi) ,Vegetables,Tomato,Local,Local,700.00,"1,000.00",850.00,Rs./Quintal,06-04-2026
Maharashtra,Pune,Pune(Moshi) ,Vegetables,Tomato,Local,Local,700.00,"1,000.00",850.00,Rs./Quintal,05-04-2026
Maharashtra,Pune,Pune(Moshi) ,Vegetables,Tomato,Local,Local,700.00,"1,000.00",850.00,Rs./Quintal,04-04-2026
Maharashtra,Pune,Pune(Moshi) ,Vegetables,Tomato,Local,Local,700.00,"1,000.00",850.00,Rs./Quintal,03-04-2026
Maharashtra,Pune,Pune(Moshi) ,Vegetables,Tomato,Local,Local,700.00,"1,000.00",850.00,Rs./Quintal,02-04-2026
Maharashtra,Pune,Pune(Moshi) ,Vegetables,Tomato,Local,Local,700.00,"1,000.00",850.00,Rs./Quintal,31-03-2026
Maharashtra,Pune,Pune(Moshi) ,Vegetables,Tomato,Local,Local,800.00,"1,000.00",900.00,Rs./Quintal,30-03-2026
Maharashtra,Pune,Pune(Moshi) ,Vegetables,Tomato,Local,Local,700.00,"10,000.00",850.00,Rs./Quintal,29-03-2026
Maharashtra,Pune,Pune(Moshi) ,Vegetables,Tomato,Local,Local,500.00,"1,000.00",750.00,Rs./Quintal,28-03-2026
Maharashtra,Pune,Pune(Moshi) ,Vegetables,Tomato,Local,Local,"1,000.00","1,000.00","1,000.00",Rs./Quintal,27-03-2026
Maharashtra,Pune,Pune(Moshi) ,Vegetables,Tomato,Local,Local,700.00,"1,000.00",850.00,Rs./Quintal,24-03-2026
Maharashtra,Pune,Pune(Moshi) ,Vegetables,Tomato,Local,Local,500.00,800.00,650.00,Rs./Quintal,23-03-2026
Maharashtra,Pune,Pune(Moshi) ,Vegetables,Tomato,Local,Local,500.00,"1,000.00",750.00,Rs./Quintal,22-03-2026
Maharashtra,Pune,Pune(Moshi) ,Vegetables,Tomato,Local,Local,500.00,"1,000.00",750.00,Rs./Quintal,21-03-2026
Maharashtra,Pune,Pune(Moshi) ,Vegetables,Tomato,Local,Local,"1,000.00","1,500.00","1,250.00",Rs./Quintal,20-03-2026
Maharashtra,Pune,Pune(Moshi) ,Vegetables,Tomato,Local,Local,"1,000.00","1,500.00","1,250.00",Rs./Quintal,19-03-2026
Maharashtra,Pune,Pune(Moshi) ,Vegetables,Tomato,Local,Local,800.00,"1,000.00",900.00,Rs./Quintal,17-03-2026
Maharashtra,Pune,Pune(Moshi) ,Vegetables,Tomato,Local,Local,"1,000.00","1,000.00","1,000.00",Rs./Quintal,16-03-2026
Maharashtra,Pune,Pune(Moshi) ,Vegetables,Tomato,Local,Local,800.00,"1,000.00",900.00,Rs./Quintal,15-03-2026
Maharashtra,Pune,Pune(Moshi) ,Vegetables,Tomato,Local,Local,800.00,"1,000.00",900.00,Rs./Quintal,14-03-2026
Maharashtra,Pune,Pune(Moshi) ,Vegetables,Tomato,Local,Local,800.00,"1,000.00",900.00,Rs./Quintal,13-03-2026
Maharashtra,Pune,Pune(Moshi) ,Vegetables,Tomato,Local,Local,700.00,"1,000.00",850.00,Rs./Quintal,12-03-2026
Maharashtra,Pune,Pune(Moshi) ,Vegetables,Tomato,Local,Local,"1,000.00","1,500.00","1,250.00",Rs./Quintal,10-03-2026
Maharashtra,Pune,Pune(Moshi) ,Vegetables,Tomato,Local,Local,"1,000.00","1,500.00","1,250.00",Rs./Quintal,09-03-2026
Maharashtra,Pune,Pune(Moshi) ,Vegetables,Tomato,Local,Local,800.00,"1,000.00",900.00,Rs./Quintal,08-03-2026
Maharashtra,Pune,Pune(Moshi) ,Vegetables,Tomato,Local,Local,"1,000.00","1,200.00","1,100.00",Rs./Quintal,07-03-2026
Maharashtra,Pune,Pune(Moshi) ,Vegetables,Tomato,Local,Local,"1,000.00","1,200.00","1,100.00",Rs./Quintal,06-03-2026
Maharashtra,Pune,Pune(Moshi) ,Vegetables,Tomato,Local,Local,800.00,"1,000.00",900.00,Rs./Quintal,05-03-2026
Maharashtra,Pune,Pune(Moshi) ,Vegetables,Tomato,Local,Local,800.00,"1,000.00",900.00,Rs./Quintal,01-03-2026
Maharashtra,Pune,Pune(Moshi) ,Vegetables,Tomato,Local,Local,800.00,"1,000.00",900.00,Rs./Quintal,28-02-2026
Maharashtra,Pune,Pune(Moshi) ,Vegetables,Tomato,Local,Local,"1,000.00","1,500.00","1,250.00",Rs./Quintal,27-02-2026
Maharashtra,Pune,Pune(Moshi) ,Vegetables,Tomato,Local,Local,"1,000.00","1,500.00","1,250.00",Rs./Quintal,26-02-2026
Maharashtra,Pune,Pune(Moshi) ,Vegetables,Tomato,Local,Local,"1,000.00","1,200.00","1,100.00",Rs./Quintal,23-02-2026
Maharashtra,Pune,Pune(Moshi) ,Vegetables,Tomato,Local,Local,"1,000.00","1,500.00","1,250.00",Rs./Quintal,22-02-2026
Maharashtra,Pune,Pune(Moshi) ,Vegetables,Tomato,Local,Local,800.00,"1,000.00",900.00,Rs./Quintal,21-02-2026
Maharashtra,Pune,Pune(Moshi) ,Vegetables,Tomato,Local,Local,"1,500.00","2,000.00","1,750.00",Rs./Quintal,20-02-2026
Maharashtra,Pune,Pune(Moshi) ,Vegetables,Tomato,Local,Local,"1,000.00","1,500.00","1,250.00",Rs./Quintal,19-02-2026
Maharashtra,Pune,Pune(Moshi) ,Vegetables,Tomato,Local,Local,600.00,"1,500.00","1,050.00",Rs./Quintal,17-02-2026
Maharashtra,Pune,Pune(Moshi) ,Vegetables,Tomato,Local,Local,"1,000.00","1,500.00","1,250.00",Rs./Quintal,16-02-2026
Maharashtra,Pune,Pune(Moshi) ,Vegetables,Tomato,Local,Local,"1,000.00","1,500.00","1,250.00",Rs./Quintal,15-02-2026
Maharashtra,Pune,Pune(Moshi) ,Vegetables,Tomato,Local,Local,"1,000.00","1,500.00","1,250.00",Rs./Quintal,14-02-2026
Maharashtra,Pune,Pune(Moshi) ,Vegetables,Tomato,Local,Local,"1,000.00","2,000.00","1,500.00",Rs./Quintal,13-02-2026
Maharashtra,Pune,Pune(Moshi) ,Vegetables,Tomato,Local,Local,"1,000.00","1,500.00","1,250.00",Rs./Quintal,12-02-2026
Maharashtra,Pune,Pune(Moshi) ,Vegetables,Tomato,Local,Local,"1,500.00","2,000.00","1,750.00",Rs./Quintal,10-02-2026
Maharashtra,Pune,Pune(Moshi) ,Vegetables,Tomato,Local,Local,"1,000.00","2,000.00","1,500.00",Rs./Quintal,09-02-2026
Maharashtra,Pune,Pune(Moshi) ,Vegetables,Tomato,Local,Local,900.00,"1,800.00","1,350.00",Rs./Quintal,08-02-2026
Maharashtra,Pune,Pune(Moshi) ,Vegetables,Tomato,Local,Local,"1,000.00","1,500.00","1,250.00",Rs./Quintal,07-02-2026
Maharashtra,Pune,Pune(Moshi) ,Vegetables,Tomato,Local,Local,"1,000.00","2,000.00","1,500.00",Rs./Quintal,06-02-2026
Maharashtra,Pune,Pune(Moshi) ,Vegetables,Tomato,Local,Local,800.00,"1,500.00","1,150.00",Rs./Quintal,05-02-2026
Maharashtra,Pune,Pune(Moshi) ,Vegetables,Tomato,Local,Local,"1,000.00","2,000.00","1,500.00",Rs./Quintal,03-02-2026
Maharashtra,Pune,Pune(Moshi) ,Vegetables,Tomato,Local,Local,"1,000.00","2,000.00","1,500.00",Rs./Quintal,02-02-2026
Maharashtra,Pune,Pune(Moshi) ,Vegetables,Tomato,Local,Local,"1,000.00","1,500.00","1,250.00",Rs./Quintal,01-02-2026
Maharashtra,Pune,Pune(Moshi) ,Vegetables,Tomato,Local,Local,"1,000.00","2,000.00","1,500.00",Rs./Quintal,31-01-2026
Maharashtra,Pune,Pune(Moshi) ,Vegetables,Tomato,Local,Local,"1,000.00","2,000.00","1,500.00",Rs./Quintal,30-01-2026
Maharashtra,Pune,Pune(Moshi) ,Vegetables,Tomato,Local,Local,"1,400.00","1,400.00","1,400.00",Rs./Quintal,27-01-2026
Maharashtra,Pune,Pune(Moshi) ,Vegetables,Tomato,Local,Local,"1,000.00","1,500.00","1,250.00",Rs./Quintal,25-01-2026
Maharashtra,Pune,Pune(Moshi) ,Vegetables,Tomato,Local,Local,"1,000.00","3,000.00","2,000.00",Rs./Quintal,24-01-2026
Maharashtra,Pune,Pune(Moshi) ,Vegetables,Tomato,Local,Local,"1,500.00","1,800.00","1,650.00",Rs./Quintal,23-01-2026
Maharashtra,Pune,Pune(Moshi) ,Vegetables,Tomato,Local,Local,"1,000.00","2,000.00","1,500.00",Rs./Quintal,22-01-2026
Maharashtra,Pune,Pune(Moshi) ,Vegetables,Tomato,Local,Local,"1,000.00","3,000.00","2,000.00",Rs./Quintal,20-01-2026
Maharashtra,Pune,Pune(Moshi) ,Vegetables,Tomato,Local,Local,"1,500.00","2,000.00","1,750.00",Rs./Quintal,19-01-2026
Maharashtra,Pune,Pune(Moshi) ,Vegetables,Tomato,Local,Local,"1,500.00","2,000.00","1,750.00",Rs./Quintal,18-01-2026
Maharashtra,Pune,Pune(Moshi) ,Vegetables,Tomato,Local,Local,"2,000.00","3,000.00","2,500.00",Rs./Quintal,17-01-2026
Maharashtra,Pune,Pune(Moshi) ,Vegetables,Tomato,Local,Local,"2,500.00","3,000.00","2,750.00",Rs./Quintal,16-01-2026
Maharashtra,Pune,Pune(Moshi) ,Vegetables,Tomato,Local,Local,"2,500.00","3,000.00","2,750.00",Rs./Quintal,13-01-2026
Maharashtra,Pune,Pune(Moshi) ,Vegetables,Tomato,Local,Local,"2,000.00","3,000.00","2,500.00",Rs./Quintal,12-01-2026
Maharashtra,Pune,Pune(Moshi) ,Vegetables,Tomato,Local,Local,"2,500.00","3,000.00","2,750.00",Rs./Quintal,11-01-2026
Maharashtra,Pune,Pune(Moshi) ,Vegetables,Tomato,Local,Local,"2,500.00","3,000.00","2,750.00",Rs./Quintal,10-01-2026
Maharashtra,Pune,Pune(Moshi) ,Vegetables,Tomato,Local,Local,"3,000.00","3,000.00","3,000.00",Rs./Quintal,09-01-2026
Maharashtra,Pune,Pune(Moshi) ,Vegetables,Tomato,Local,Local,"2,500.00","3,000.00","2,750.00",Rs./Quintal,08-01-2026
Maharashtra,Pune,Pune(Moshi) ,Vegetables,Tomato,Local,Local,"2,500.00","4,000.00","3,250.00",Rs./Quintal,06-01-2026
Maharashtra,Pune,Pune(Moshi) ,Vegetables,Tomato,Local,Local,"2,000.00","3,000.00","2,500.00",Rs./Quintal,05-01-2026
Maharashtra,Pune,Pune(Moshi) ,Vegetables,Tomato,Local,Local,"2,000.00","3,500.00","2,750.00",Rs./Quintal,04-01-2026
Maharashtra,Pune,Pune(Moshi) ,Vegetables,Tomato,Local,Local,"2,500.00","3,500.00","3,000.00",Rs./Quintal,03-01-2026
Maharashtra,Pune,Pune(Moshi) ,Vegetables,Tomato,Local,Local,"2,000.00","3,000.00","2,500.00",Rs./Quintal,02-01-2026
Maharashtra,Pune,Pune(Moshi) ,Vegetables,Tomato,Local,Local,"2,000.00","3,000.00","2,500.00",Rs./Quintal,01-01-2026
Maharashtra,Pune,Pune(Pimpri) ,Vegetables,Tomato,Local,Local,"1,200.00","1,600.00","1,400.00",Rs./Quintal,03-09-2026
Maharashtra,Pune,Pune(Pimpri) ,Vegetables,Tomato,Local,Local,"1,000.00","1,200.00","1,100.00",Rs./Quintal,02-09-2026
Maharashtra,Pune,Pune(Pimpri) ,Vegetables,Tomato,Local,Local,"1,000.00","1,200.00","1,100.00",Rs./Quintal,01-09-2026
Maharashtra,Pune,Pune(Pimpri) ,Vegetables,Tomato,Local,Local,"1,200.00","1,500.00","1,350.00",Rs./Quintal,31-08-2026
Maharashtra,Pune,Pune(Pimpri) ,Vegetables,Tomato,Local,Local,"1,200.00","1,400.00","1,300.00",Rs./Quintal,30-08-2026
Maharashtra,Pune,Pune(Pimpri) ,Vegetables,Tomato,Local,Local,"1,000.00","1,200.00","1,100.00",Rs./Quintal,29-08-2026
Maharashtra,Pune,Pune(Pimpri) ,Vegetables,Tomato,Local,Local,"1,000.00","1,200.00","1,100.00",Rs./Quintal,28-08-2026
Maharashtra,Pune,Pune(Pimpri) ,Vegetables,Tomato,Local,Local,"1,000.00","1,400.00","1,200.00",Rs./Quintal,27-08-2026
Maharashtra,Pune,Pune(Pimpri) ,Vegetables,Tomato,Local,Local,"1,200.00","1,200.00","1,200.00",Rs./Quintal,26-08-2026
Maharashtra,Pune,Pune(Pimpri) ,Vegetables,Tomato,Local,Local,"1,000.00","1,400.00","1,200.00",Rs./Quintal,24-08-2026
Maharashtra,Pune,Pune(Pimpri) ,Vegetables,Tomato,Local,Local,"1,200.00","1,800.00","1,500.00",Rs./Quintal,23-08-2026
Maharashtra,Pune,Pune(Pimpri) ,Vegetables,Tomato,Local,Local,"1,200.00","1,500.00","1,350.00",Rs./Quintal,22-08-2026
Maharashtra,Pune,Pune(Pimpri) ,Vegetables,Tomato,Local,Local,"1,200.00","1,500.00","1,350.00",Rs./Quintal,21-08-2026
Maharashtra,Pune,Pune(Pimpri) ,Vegetables,Tomato,Local,Local,"1,000.00","1,000.00","1,000.00",Rs./Quintal,20-08-2026
Maharashtra,Pune,Pune(Pimpri) ,Vegetables,Tomato,Local,Local,"1,000.00","1,400.00","1,200.00",Rs./Quintal,19-08-2026
Maharashtra,Pune,Pune(Pimpri) ,Vegetables,Tomato,Local,Local,"1,400.00","1,500.00","1,450.00",Rs./Quintal,18-08-2026
Maharashtra,Pune,Pune(Pimpri) ,Vegetables,Tomato,Local,Local,"1,800.00","1,800.00","1,800.00",Rs./Quintal,17-08-2026
Maharashtra,Pune,Pune(Pimpri) ,Vegetables,Tomato,Local,Local,"1,200.00","1,500.00","1,350.00",Rs./Quintal,16-08-2026
Maharashtra,Pune,Pune(Pimpri) ,Vegetables,Tomato,Local,Local,"1,200.00","1,500.00","1,350.00",Rs./Quintal,15-08-2026
Maharashtra,Pune,Pune(Pimpri) ,Vegetables,Tomato,Local,Local,"1,000.00","1,500.00","1,250.00",Rs./Quintal,14-08-2026
Maharashtra,Pune,Pune(Pimpri) ,Vegetables,Tomato,Local,Local,"1,200.00","1,500.00","1,350.00",Rs./Quintal,13-08-2026
Maharashtra,Pune,Pune(Pimpri) ,Vegetables,Tomato,Local,Local,"1,500.00","1,500.00","1,500.00",Rs./Quintal,12-08-2026
Maharashtra,Pune,Pune(Pimpri) ,Vegetables,Tomato,Local,Local,"1,500.00","1,500.00","1,500.00",Rs./Quintal,10-08-2026
Maharashtra,Pune,Pune(Pimpri) ,Vegetables,Tomato,Local,Local,"1,000.00","2,000.00","1,500.00",Rs./Quintal,09-08-2026
Maharashtra,Pune,Pune(Pimpri) ,Vegetables,Tomato,Local,Local,"1,500.00","1,500.00","1,500.00",Rs./Quintal,07-08-2026
Maharashtra,Pune,Pune(Pimpri) ,Vegetables,Tomato,Local,Local,"1,500.00","1,500.00","1,500.00",Rs./Quintal,06-08-2026
Maharashtra,Pune,Pune(Pimpri) ,Vegetables,Tomato,Local,Local,"1,500.00","2,000.00","1,750.00",Rs./Quintal,05-08-2026
Maharashtra,Pune,Pune(Pimpri) ,Vegetables,Tomato,Local,Local,"2,000.00","2,200.00","2,100.00",Rs./Quintal,02-08-2026
Maharashtra,Pune,Pune(Pimpri) ,Vegetables,Tomato,Local,Local,"2,000.00","2,000.00","2,000.00",Rs./Quintal,01-08-2026
Maharashtra,Pune,Pune(Pimpri) ,Vegetables,Tomato,Local,Local,"2,000.00","2,000.00","2,000.00",Rs./Quintal,30-07-2026
Maharashtra,Pune,Pune(Pimpri) ,Vegetables,Tomato,Local,Local,"2,000.00","2,000.00","2,000.00",Rs./Quintal,29-07-2026
Maharashtra,Pune,Pune(Pimpri) ,Vegetables,Tomato,Local,Local,"2,000.00","2,000.00","2,000.00",Rs./Quintal,28-07-2026
Maharashtra,Pune,Pune(Pimpri) ,Vegetables,Tomato,Local,Local,"2,000.00","2,000.00","2,000.00",Rs./Quintal,26-07-2026
Maharashtra,Pune,Pune(Pimpri) ,Vegetables,Tomato,Local,Local,"2,000.00","2,000.00","2,000.00",Rs./Quintal,25-07-2026
Maharashtra,Pune,Pune(Pimpri) ,Vegetables,Tomato,Local,Local,"2,000.00","2,300.00","2,150.00",Rs./Quintal,23-07-2026
Maharashtra,Pune,Pune(Pimpri) ,Vegetables,Tomato,Local,Local,"2,000.00","2,000.00","2,000.00",Rs./Quintal,22-07-2026
Maharashtra,Pune,Pune(Pimpri) ,Vegetables,Tomato,Local,Local,"2,000.00","2,000.00","2,000.00",Rs./Quintal,21-07-2026
Maharashtra,Pune,Pune(Pimpri) ,Vegetables,Tomato,Local,Local,"2,000.00","2,400.00","2,200.00",Rs./Quintal,20-07-2026
Maharashtra,Pune,Pune(Pimpri) ,Vegetables,Tomato,Local,Local,"2,000.00","2,000.00","2,000.00",Rs./Quintal,19-07-2026
Maharashtra,Pune,Pune(Pimpri) ,Vegetables,Tomato,Local,Local,"2,000.00","2,000.00","2,000.00",Rs./Quintal,18-07-2026
Maharashtra,Pune,Pune(Pimpri) ,Vegetables,Tomato,Local,Local,"1,800.00","2,300.00","2,050.00",Rs./Quintal,17-07-2026
Maharashtra,Pune,Pune(Pimpri) ,Vegetables,Tomato,Local,Local,"2,000.00","2,000.00","2,000.00",Rs./Quintal,16-07-2026
Maharashtra,Pune,Pune(Pimpri) ,Vegetables,Tomato,Local,Local,"2,000.00","2,000.00","2,000.00",Rs./Quintal,15-07-2026
Maharashtra,Pune,Pune(Pimpri) ,Vegetables,Tomato,Local,Local,"2,000.00","2,200.00","2,100.00",Rs./Quintal,12-07-2026
Maharashtra,Pune,Pune(Pimpri) ,Vegetables,Tomato,Local,Local,"2,000.00","2,200.00","2,100.00",Rs./Quintal,11-07-2026
Maharashtra,Pune,Pune(Pimpri) ,Vegetables,Tomato,Local,Local,"2,000.00","2,000.00","2,000.00",Rs./Quintal,09-07-2026
Maharashtra,Pune,Pune(Pimpri) ,Vegetables,Tomato,Local,Local,"1,800.00","2,000.00","1,900.00",Rs./Quintal,08-07-2026
Maharashtra,Pune,Pune(Pimpri) ,Vegetables,Tomato,Local,Local,"2,000.00","2,000.00","2,000.00",Rs./Quintal,05-07-2026
Maharashtra,Pune,Pune(Pimpri) ,Vegetables,Tomato,Local,Local,"2,000.00","2,500.00","2,250.00",Rs./Quintal,04-07-2026
Maharashtra,Pune,Pune(Pimpri) ,Vegetables,Tomato,Local,Local,"2,500.00","2,500.00","2,500.00",Rs./Quintal,03-07-2026
Maharashtra,Pune,Pune(Pimpri) ,Vegetables,Tomato,Local,Local,"2,000.00","2,500.00","2,250.00",Rs./Quintal,02-07-2026
Maharashtra,Pune,Pune(Pimpri) ,Vegetables,Tomato,Local,Local,"2,000.00","2,000.00","2,000.00",Rs./Quintal,01-07-2026
Maharashtra,Pune,Pune(Pimpri) ,Vegetables,Tomato,Local,Local,"2,000.00","2,500.00","2,250.00",Rs./Quintal,30-06-2026
Maharashtra,Pune,Pune(Pimpri) ,Vegetables,Tomato,Local,Local,"2,000.00","2,000.00","2,000.00",Rs./Quintal,28-06-2026
Maharashtra,Pune,Pune(Pimpri) ,Vegetables,Tomato,Local,Local,"2,000.00","2,000.00","2,000.00",Rs./Quintal,27-06-2026
Maharashtra,Pune,Pune(Pimpri) ,Vegetables,Tomato,Local,Local,"3,000.00","3,000.00","3,000.00",Rs./Quintal,26-06-2026
Maharashtra,Pune,Pune(Pimpri) ,Vegetables,Tomato,Local,Local,"3,000.00","3,000.00","3,000.00",Rs./Quintal,24-06-2026
Maharashtra,Pune,Pune(Pimpri) ,Vegetables,Tomato,Local,Local,"1,800.00","3,000.00","2,400.00",Rs./Quintal,23-06-2026
Maharashtra,Pune,Pune(Pimpri) ,Vegetables,Tomato,Local,Local,"2,000.00","3,000.00","2,500.00",Rs./Quintal,22-06-2026
Maharashtra,Pune,Pune(Pimpri) ,Vegetables,Tomato,Local,Local,"1,200.00","2,000.00","1,600.00",Rs./Quintal,21-06-2026
Maharashtra,Pune,Pune(Pimpri) ,Vegetables,Tomato,Local,Local,"2,000.00","3,000.00","2,500.00",Rs./Quintal,20-06-2026
Maharashtra,Pune,Pune(Pimpri) ,Vegetables,Tomato,Local,Local,"2,500.00","3,200.00","2,850.00",Rs./Quintal,19-06-2026
Maharashtra,Pune,Pune(Pimpri) ,Vegetables,Tomato,Local,Local,"2,000.00","2,000.00","2,000.00",Rs./Quintal,18-06-2026
Maharashtra,Pune,Pune(Pimpri) ,Vegetables,Tomato,Local,Local,"2,000.00","3,000.00","2,500.00",Rs./Quintal,17-06-2026
Maharashtra,Pune,Pune(Pimpri) ,Vegetables,Tomato,Local,Local,"2,000.00","2,600.00","2,300.00",Rs./Quintal,16-06-2026
Maharashtra,Pune,Pune(Pimpri) ,Vegetables,Tomato,Local,Local,"2,500.00","2,500.00","2,500.00",Rs./Quintal,15-06-2026
Maharashtra,Pune,Pune(Pimpri) ,Vegetables,Tomato,Local,Local,"2,500.00","2,700.00","2,600.00",Rs./Quintal,14-06-2026
Maharashtra,Pune,Pune(Pimpri) ,Vegetables,Tomato,Local,Local,"2,000.00","3,000.00","2,500.00",Rs./Quintal,13-06-2026
Maharashtra,Pune,Pune(Pimpri) ,Vegetables,Tomato,Local,Local,"3,000.00","3,500.00","3,250.00",Rs./Quintal,12-06-2026
Maharashtra,Pune,Pune(Pimpri) ,Vegetables,Tomato,Local,Local,"3,500.00","3,500.00","3,500.00",Rs./Quintal,11-06-2026
Maharashtra,Pune,Pune(Pimpri) ,Vegetables,Tomato,Local,Local,"1,800.00","3,000.00","2,400.00",Rs./Quintal,10-06-2026
Maharashtra,Pune,Pune(Pimpri) ,Vegetables,Tomato,Local,Local,"2,500.00","2,600.00","2,550.00",Rs./Quintal,09-06-2026
Maharashtra,Pune,Pune(Pimpri) ,Vegetables,Tomato,Local,Local,"1,200.00","2,000.00","1,600.00",Rs./Quintal,08-06-2026
Maharashtra,Pune,Pune(Pimpri) ,Vegetables,Tomato,Local,Local,"2,000.00","2,000.00","2,000.00",Rs./Quintal,07-06-2026
Maharashtra,Pune,Pune(Pimpri) ,Vegetables,Tomato,Local,Local,"2,000.00","2,700.00","2,350.00",Rs./Quintal,06-06-2026
Maharashtra,Pune,Pune(Pimpri) ,Vegetables,Tomato,Local,Local,"2,000.00","2,600.00","2,300.00",Rs./Quintal,05-06-2026
Maharashtra,Pune,Pune(Pimpri) ,Vegetables,Tomato,Local,Local,"2,100.00","2,100.00","2,100.00",Rs./Quintal,04-06-2026
Maharashtra,Pune,Pune(Pimpri) ,Vegetables,Tomato,Local,Local,"2,000.00","2,800.00","2,400.00",Rs./Quintal,03-06-2026
Maharashtra,Pune,Pune(Pimpri) ,Vegetables,Tomato,Local,Local,"2,600.00","2,600.00","2,600.00",Rs./Quintal,02-06-2026
Maharashtra,Pune,Pune(Pimpri) ,Vegetables,Tomato,Local,Local,"2,000.00","2,500.00","2,250.00",Rs./Quintal,31-05-2026
Maharashtra,Pune,Pune(Pimpri) ,Vegetables,Tomato,Local,Local,"1,800.00","2,000.00","1,900.00",Rs./Quintal,30-05-2026
Maharashtra,Pune,Pune(Pimpri) ,Vegetables,Tomato,Local,Local,"2,000.00","2,600.00","2,300.00",Rs./Quintal,29-05-2026
Maharashtra,Pune,Pune(Pimpri) ,Vegetables,Tomato,Local,Local,"2,000.00","2,000.00","2,000.00",Rs./Quintal,28-05-2026
Maharashtra,Pune,Pune(Pimpri) ,Vegetables,Tomato,Local,Local,"2,000.00","2,200.00","2,100.00",Rs./Quintal,27-05-2026
Maharashtra,Pune,Pune(Pimpri) ,Vegetables,Tomato,Local,Local,"2,000.00","2,400.00","2,200.00",Rs./Quintal,26-05-2026
Maharashtra,Pune,Pune(Pimpri) ,Vegetables,Tomato,Local,Local,"2,000.00","2,500.00","2,250.00",Rs./Quintal,25-05-2026
Maharashtra,Pune,Pune(Pimpri) ,Vegetables,Tomato,Local,Local,"2,000.00","2,600.00","2,300.00",Rs./Quintal,24-05-2026
Maharashtra,Pune,Pune(Pimpri) ,Vegetables,Tomato,Local,Local,"2,000.00","2,700.00","2,350.00",Rs./Quintal,23-05-2026
Maharashtra,Pune,Pune(Pimpri) ,Vegetables,Tomato,Local,Local,"2,000.00","2,600.00","2,300.00",Rs./Quintal,22-05-2026
Maharashtra,Pune,Pune(Pimpri) ,Vegetables,Tomato,Local,Local,"2,300.00","2,400.00","2,350.00",Rs./Quintal,21-05-2026
Maharashtra,Pune,Pune(Pimpri) ,Vegetables,Tomato,Local,Local,"2,000.00","2,600.00","2,300.00",Rs./Quintal,20-05-2026
Maharashtra,Pune,Pune(Pimpri) ,Vegetables,Tomato,Local,Local,"2,700.00","2,700.00","2,700.00",Rs./Quintal,19-05-2026
Maharashtra,Pune,Pune(Pimpri) ,Vegetables,Tomato,Local,Local,"2,600.00","2,800.00","2,700.00",Rs./Quintal,18-05-2026
Maharashtra,Pune,Pune(Pimpri) ,Vegetables,Tomato,Local,Local,"2,000.00","2,000.00","2,000.00",Rs./Quintal,17-05-2026
Maharashtra,Pune,Pune(Pimpri) ,Vegetables,Tomato,Local,Local,"2,000.00","2,100.00","2,050.00",Rs./Quintal,16-05-2026
Maharashtra,Pune,Pune(Pimpri) ,Vegetables,Tomato,Local,Local,"2,000.00","2,000.00","2,000.00",Rs./Quintal,15-05-2026
Maharashtra,Pune,Pune(Pimpri) ,Vegetables,Tomato,Local,Local,"1,200.00","2,500.00","1,850.00",Rs./Quintal,14-05-2026
Maharashtra,Pune,Pune(Pimpri) ,Vegetables,Tomato,Local,Local,"2,000.00","2,400.00","2,200.00",Rs./Quintal,13-05-2026
Maharashtra,Pune,Pune(Pimpri) ,Vegetables,Tomato,Local,Local,"2,300.00","2,300.00","2,300.00",Rs./Quintal,12-05-2026
Maharashtra,Pune,Pune(Pimpri) ,Vegetables,Tomato,Local,Local,"2,000.00","2,100.00","2,050.00",Rs./Quintal,11-05-2026
Maharashtra,Pune,Pune(Pimpri) ,Vegetables,Tomato,Local,Local,"1,500.00","2,100.00","1,800.00",Rs./Quintal,10-05-2026
Maharashtra,Pune,Pune(Pimpri) ,Vegetables,Tomato,Local,Local,"2,000.00","2,200.00","2,100.00",Rs./Quintal,09-05-2026
Maharashtra,Pune,Pune(Pimpri) ,Vegetables,Tomato,Local,Local,"1,000.00","2,200.00","1,600.00",Rs./Quintal,08-05-2026
Maharashtra,Pune,Pune(Pimpri) ,Vegetables,Tomato,Local,Local,"2,000.00","2,200.00","2,100.00",Rs./Quintal,07-05-2026
Maharashtra,Pune,Pune(Pimpri) ,Vegetables,Tomato,Local,Local,"2,000.00","2,000.00","2,000.00",Rs./Quintal,06-05-2026
Maharashtra,Pune,Pune(Pimpri) ,Vegetables,Tomato,Local,Local,"1,400.00","2,500.00","1,950.00",Rs./Quintal,05-05-2026
Maharashtra,Pune,Pune(Pimpri) ,Vegetables,Tomato,Local,Local,"2,000.00","2,000.00","2,000.00",Rs./Quintal,04-05-2026
Maharashtra,Pune,Pune(Pimpri) ,Vegetables,Tomato,Local,Local,"2,000.00","3,000.00","2,500.00",Rs./Quintal,03-05-2026
Maharashtra,Pune,Pune(Pimpri) ,Vegetables,Tomato,Local,Local,"2,000.00","2,500.00","2,250.00",Rs./Quintal,02-05-2026
Maharashtra,Pune,Pune(Pimpri) ,Vegetables,Tomato,Local,Local,"1,400.00","2,000.00","1,700.00",Rs./Quintal,01-05-2026
Maharashtra,Pune,Pune(Pimpri) ,Vegetables,Tomato,Local,Local,"2,000.00","2,200.00","2,100.00",Rs./Quintal,30-04-2026
Maharashtra,Pune,Pune(Pimpri) ,Vegetables,Tomato,Local,Local,"1,400.00","2,000.00","1,700.00",Rs./Quintal,29-04-2026
Maharashtra,Pune,Pune(Pimpri) ,Vegetables,Tomato,Local,Local,"1,200.00","1,200.00","1,200.00",Rs./Quintal,28-04-2026
Maharashtra,Pune,Pune(Pimpri) ,Vegetables,Tomato,Local,Local,"1,000.00","1,400.00","1,200.00",Rs./Quintal,27-04-2026
Maharashtra,Pune,Pune(Pimpri) ,Vegetables,Tomato,Local,Local,"1,200.00","1,500.00","1,350.00",Rs./Quintal,26-04-2026
Maharashtra,Pune,Pune(Pimpri) ,Vegetables,Tomato,Local,Local,"1,200.00","1,500.00","1,350.00",Rs./Quintal,25-04-2026
Maharashtra,Pune,Pune(Pimpri) ,Vegetables,Tomato,Local,Local,"1,000.00","1,500.00","1,250.00",Rs./Quintal,24-04-2026
Maharashtra,Pune,Pune(Pimpri) ,Vegetables,Tomato,Local,Local,"1,500.00","1,500.00","1,500.00",Rs./Quintal,23-04-2026
Maharashtra,Pune,Pune(Pimpri) ,Vegetables,Tomato,Local,Local,"1,200.00","1,700.00","1,450.00",Rs./Quintal,22-04-2026
Maharashtra,Pune,Pune(Pimpri) ,Vegetables,Tomato,Local,Local,"1,400.00","2,000.00","1,700.00",Rs./Quintal,21-04-2026
Maharashtra,Pune,Pune(Pimpri) ,Vegetables,Tomato,Local,Local,"1,400.00","2,000.00","1,700.00",Rs./Quintal,20-04-2026
Maharashtra,Pune,Pune(Pimpri) ,Vegetables,Tomato,Local,Local,"1,200.00","1,900.00","1,550.00",Rs./Quintal,19-04-2026
Maharashtra,Pune,Pune(Pimpri) ,Vegetables,Tomato,Local,Local,"1,200.00","1,400.00","1,300.00",Rs./Quintal,18-04-2026
Maharashtra,Pune,Pune(Pimpri) ,Vegetables,Tomato,Local,Local,"1,400.00","1,600.00","1,500.00",Rs./Quintal,17-04-2026
Maharashtra,Pune,Pune(Pimpri) ,Vegetables,Tomato,Local,Local,"1,400.00","1,700.00","1,550.00",Rs./Quintal,16-04-2026
Maharashtra,Pune,Pune(Pimpri) ,Vegetables,Tomato,Local,Local,"1,300.00","1,300.00","1,300.00",Rs./Quintal,15-04-2026
Maharashtra,Pune,Pune(Pimpri) ,Vegetables,Tomato,Local,Local,"1,200.00","1,300.00","1,250.00",Rs./Quintal,14-04-2026
Maharashtra,Pune,Pune(Pimpri) ,Vegetables,Tomato,Local,Local,"1,200.00","1,200.00","1,200.00",Rs./Quintal,13-04-2026
Maharashtra,Pune,Pune(Pimpri) ,Vegetables,Tomato,Local,Local,"1,200.00","1,400.00","1,300.00",Rs./Quintal,12-04-2026
Maharashtra,Pune,Pune(Pimpri) ,Vegetables,Tomato,Local,Local,"1,200.00","1,400.00","1,300.00",Rs./Quintal,11-04-2026
Maharashtra,Pune,Pune(Pimpri) ,Vegetables,Tomato,Local,Local,800.00,"1,400.00","1,100.00",Rs./Quintal,10-04-2026
Maharashtra,Pune,Pune(Pimpri) ,Vegetables,Tomato,Local,Local,"1,200.00","1,400.00","1,300.00",Rs./Quintal,09-04-2026
Maharashtra,Pune,Pune(Pimpri) ,Vegetables,Tomato,Local,Local,"1,300.00","1,400.00","1,350.00",Rs./Quintal,08-04-2026
Maharashtra,Pune,Pune(Pimpri) ,Vegetables,Tomato,Local,Local,"1,300.00","1,400.00","1,350.00",Rs./Quintal,07-04-2026
Maharashtra,Pune,Pune(Pimpri) ,Vegetables,Tomato,Local,Local,"1,400.00","1,500.00","1,450.00",Rs./Quintal,06-04-2026
Maharashtra,Pune,Pune(Pimpri) ,Vegetables,Tomato,Local,Local,"1,200.00","1,500.00","1,350.00",Rs./Quintal,05-04-2026
Maharashtra,Pune,Pune(Pimpri) ,Vegetables,Tomato,Local,Local,"1,200.00","1,400.00","1,300.00",Rs./Quintal,04-04-2026
Maharashtra,Pune,Pune(Pimpri) ,Vegetables,Tomato,Local,Local,"1,200.00","1,400.00","1,300.00",Rs./Quintal,03-04-2026
Maharashtra,Pune,Pune(Pimpri) ,Vegetables,Tomato,Local,Local,"1,200.00","1,500.00","1,350.00",Rs./Quintal,02-04-2026
Maharashtra,Pune,Pune(Pimpri) ,Vegetables,Tomato,Local,Local,"1,200.00","1,500.00","1,350.00",Rs./Quintal,01-04-2026
Maharashtra,Pune,Pune(Pimpri) ,Vegetables,Tomato,Local,Local,"1,200.00","1,400.00","1,300.00",Rs./Quintal,31-03-2026
Maharashtra,Pune,Pune(Pimpri) ,Vegetables,Tomato,Local,Local,"1,400.00","1,600.00","1,500.00",Rs./Quintal,30-03-2026
Maharashtra,Pune,Pune(Pimpri) ,Vegetables,Tomato,Local,Local,"1,200.00","1,500.00","1,350.00",Rs./Quintal,29-03-2026
Maharashtra,Pune,Pune(Pimpri) ,Vegetables,Tomato,Local,Local,"1,200.00","1,600.00","1,400.00",Rs./Quintal,28-03-2026
Maharashtra,Pune,Pune(Pimpri) ,Vegetables,Tomato,Local,Local,"1,400.00","1,700.00","1,550.00",Rs./Quintal,27-03-2026
Maharashtra,Pune,Pune(Pimpri) ,Vegetables,Tomato,Local,Local,"1,300.00","1,400.00","1,350.00",Rs./Quintal,26-03-2026
Maharashtra,Pune,Pune(Pimpri) ,Vegetables,Tomato,Local,Local,"1,400.00","1,400.00","1,400.00",Rs./Quintal,25-03-2026
Maharashtra,Pune,Pune(Pimpri) ,Vegetables,Tomato,Local,Local,"1,300.00","1,400.00","1,350.00",Rs./Quintal,24-03-2026
Maharashtra,Pune,Pune(Pimpri) ,Vegetables,Tomato,Local,Local,"1,400.00","1,400.00","1,400.00",Rs./Quintal,23-03-2026
Maharashtra,Pune,Pune(Pimpri) ,Vegetables,Tomato,Local,Local,"1,200.00","1,400.00","1,300.00",Rs./Quintal,21-03-2026
Maharashtra,Pune,Pune(Pimpri) ,Vegetables,Tomato,Local,Local,"1,400.00","1,500.00","1,450.00",Rs./Quintal,20-03-2026
Maharashtra,Pune,Pune(Pimpri) ,Vegetables,Tomato,Local,Local,"1,400.00","1,500.00","1,450.00",Rs./Quintal,19-03-2026
Maharashtra,Pune,Pune(Pimpri) ,Vegetables,Tomato,Local,Local,"1,000.00","1,700.00","1,350.00",Rs./Quintal,18-03-2026
Maharashtra,Pune,Pune(Pimpri) ,Vegetables,Tomato,Local,Local,"1,500.00","1,600.00","1,550.00",Rs./Quintal,17-03-2026
Maharashtra,Pune,Pune(Pimpri) ,Vegetables,Tomato,Local,Local,"1,500.00","1,500.00","1,500.00",Rs./Quintal,16-03-2026
Maharashtra,Pune,Pune(Pimpri) ,Vegetables,Tomato,Local,Local,700.00,"1,600.00","1,150.00",Rs./Quintal,15-03-2026
Maharashtra,Pune,Pune(Pimpri) ,Vegetables,Tomato,Local,Local,"1,200.00","1,500.00","1,350.00",Rs./Quintal,14-03-2026
Maharashtra,Pune,Pune(Pimpri) ,Vegetables,Tomato,Local,Local,"1,500.00","1,600.00","1,550.00",Rs./Quintal,13-03-2026
Maharashtra,Pune,Pune(Pimpri) ,Vegetables,Tomato,Local,Local,"1,200.00","1,800.00","1,500.00",Rs./Quintal,12-03-2026
Maharashtra,Pune,Pune(Pimpri) ,Vegetables,Tomato,Local,Local,700.00,"1,500.00","1,100.00",Rs./Quintal,11-03-2026
Maharashtra,Pune,Pune(Pimpri) ,Vegetables,Tomato,Local,Local,"1,500.00","1,700.00","1,600.00",Rs./Quintal,10-03-2026
Maharashtra,Pune,Pune(Pimpri) ,Vegetables,Tomato,Local,Local,"1,300.00","1,600.00","1,450.00",Rs./Quintal,09-03-2026
Maharashtra,Pune,Pune(Pimpri) ,Vegetables,Tomato,Local,Local,"1,400.00","1,500.00","1,450.00",Rs./Quintal,08-03-2026
Maharashtra,Pune,Pune(Pimpri) ,Vegetables,Tomato,Local,Local,"1,200.00","1,500.00","1,350.00",Rs./Quintal,07-03-2026
Maharashtra,Pune,Pune(Pimpri) ,Vegetables,Tomato,Local,Local,"1,400.00","1,500.00","1,450.00",Rs./Quintal,06-03-2026
Maharashtra,Pune,Pune(Pimpri) ,Vegetables,Tomato,Local,Local,"1,500.00","1,500.00","1,500.00",Rs./Quintal,05-03-2026
Maharashtra,Pune,Pune(Pimpri) ,Vegetables,Tomato,Local,Local,"1,400.00","1,500.00","1,450.00",Rs./Quintal,04-03-2026
Maharashtra,Pune,Pune(Pimpri) ,Vegetables,Tomato,Local,Local,"1,200.00","1,400.00","1,300.00",Rs./Quintal,03-03-2026
Maharashtra,Pune,Pune(Pimpri) ,Vegetables,Tomato,Local,Local,"1,300.00","1,400.00","1,350.00",Rs./Quintal,02-03-2026
Maharashtra,Pune,Pune(Pimpri) ,Vegetables,Tomato,Local,Local,"1,200.00","1,500.00","1,350.00",Rs./Quintal,01-03-2026
Maharashtra,Pune,Pune(Pimpri) ,Vegetables,Tomato,Local,Local,"1,200.00","1,500.00","1,350.00",Rs./Quintal,28-02-2026
Maharashtra,Pune,Pune(Pimpri) ,Vegetables,Tomato,Local,Local,"1,200.00","1,500.00","1,350.00",Rs./Quintal,27-02-2026
Maharashtra,Pune,Pune(Pimpri) ,Vegetables,Tomato,Local,Local,"1,400.00","1,500.00","1,450.00",Rs./Quintal,26-02-2026
Maharashtra,Pune,Pune(Pimpri) ,Vegetables,Tomato,Local,Local,"1,000.00","1,500.00","1,250.00",Rs./Quintal,25-02-2026
Maharashtra,Pune,Pune(Pimpri) ,Vegetables,Tomato,Local,Local,"1,300.00","1,500.00","1,400.00",Rs./Quintal,24-02-2026
Maharashtra,Pune,Pune(Pimpri) ,Vegetables,Tomato,Local,Local,"1,400.00","1,500.00","1,450.00",Rs./Quintal,23-02-2026
Maharashtra,Pune,Pune(Pimpri) ,Vegetables,Tomato,Local,Local,"1,400.00","1,500.00","1,450.00",Rs./Quintal,22-02-2026
Maharashtra,Pune,Pune(Pimpri) ,Vegetables,Tomato,Local,Local,"1,000.00","1,400.00","1,200.00",Rs./Quintal,21-02-2026
Maharashtra,Pune,Pune(Pimpri) ,Vegetables,Tomato,Local,Local,"1,400.00","1,400.00","1,400.00",Rs./Quintal,20-02-2026
Maharashtra,Pune,Pune(Pimpri) ,Vegetables,Tomato,Local,Local,"1,400.00","1,500.00","1,450.00",Rs./Quintal,19-02-2026
Maharashtra,Pune,Pune(Pimpri) ,Vegetables,Tomato,Local,Local,"1,400.00","1,700.00","1,550.00",Rs./Quintal,18-02-2026
Maharashtra,Pune,Pune(Pimpri) ,Vegetables,Tomato,Local,Local,"1,300.00","1,600.00","1,450.00",Rs./Quintal,17-02-2026
Maharashtra,Pune,Pune(Pimpri) ,Vegetables,Tomato,Local,Local,"1,500.00","1,500.00","1,500.00",Rs./Quintal,16-02-2026
Maharashtra,Pune,Pune(Pimpri) ,Vegetables,Tomato,Local,Local,800.00,"1,700.00","1,250.00",Rs./Quintal,15-02-2026
Maharashtra,Pune,Pune(Pimpri) ,Vegetables,Tomato,Local,Local,"1,200.00","1,600.00","1,400.00",Rs./Quintal,14-02-2026
Maharashtra,Pune,Pune(Pimpri) ,Vegetables,Tomato,Local,Local,"1,500.00","1,600.00","1,550.00",Rs./Quintal,13-02-2026
Maharashtra,Pune,Pune(Pimpri) ,Vegetables,Tomato,Local,Local,"1,300.00","1,600.00","1,450.00",Rs./Quintal,12-02-2026
Maharashtra,Pune,Pune(Pimpri) ,Vegetables,Tomato,Local,Local,"1,400.00","1,700.00","1,550.00",Rs./Quintal,11-02-2026
Maharashtra,Pune,Pune(Pimpri) ,Vegetables,Tomato,Local,Local,"1,500.00","1,500.00","1,500.00",Rs./Quintal,10-02-2026
Maharashtra,Pune,Pune(Pimpri) ,Vegetables,Tomato,Local,Local,"1,000.00","1,650.00","1,325.00",Rs./Quintal,09-02-2026
Maharashtra,Pune,Pune(Pimpri) ,Vegetables,Tomato,Local,Local,"1,500.00","2,200.00","1,850.00",Rs./Quintal,08-02-2026
Maharashtra,Pune,Pune(Pimpri) ,Vegetables,Tomato,Local,Local,600.00,"1,400.00","1,000.00",Rs./Quintal,07-02-2026
Maharashtra,Pune,Pune(Pimpri) ,Vegetables,Tomato,Local,Local,800.00,"1,550.00","1,170.00",Rs./Quintal,06-02-2026
Maharashtra,Pune,Pune(Pimpri) ,Vegetables,Tomato,Local,Local,"1,400.00","1,500.00","1,450.00",Rs./Quintal,05-02-2026
Maharashtra,Pune,Pune(Pimpri) ,Vegetables,Tomato,Local,Local,"1,400.00","1,500.00","1,450.00",Rs./Quintal,04-02-2026
Maharashtra,Pune,Pune(Pimpri) ,Vegetables,Tomato,Local,Local,"2,000.00","2,000.00","2,000.00",Rs./Quintal,03-02-2026
Maharashtra,Pune,Pune(Pimpri) ,Vegetables,Tomato,Local,Local,"1,400.00","1,500.00","1,450.00",Rs./Quintal,02-02-2026
Maharashtra,Pune,Pune(Pimpri) ,Vegetables,Tomato,Local,Local,900.00,"1,600.00","1,250.00",Rs./Quintal,01-02-2026
Maharashtra,Pune,Pune(Pimpri) ,Vegetables,Tomato,Local,Local,"1,000.00","1,600.00","1,300.00",Rs./Quintal,31-01-2026
Maharashtra,Pune,Pune(Pimpri) ,Vegetables,Tomato,Local,Local,"1,200.00","2,000.00","1,600.00",Rs./Quintal,30-01-2026
Maharashtra,Pune,Pune(Pimpri) ,Vegetables,Tomato,Local,Local,"1,400.00","2,000.00","1,700.00",Rs./Quintal,28-01-2026
Maharashtra,Pune,Pune(Pimpri) ,Vegetables,Tomato,Local,Local,"1,600.00","1,600.00","1,600.00",Rs./Quintal,27-01-2026
Maharashtra,Pune,Pune(Pimpri) ,Vegetables,Tomato,Local,Local,"1,200.00","2,000.00","1,600.00",Rs./Quintal,26-01-2026
Maharashtra,Pune,Pune(Pimpri) ,Vegetables,Tomato,Local,Local,"1,300.00","2,000.00","1,650.00",Rs./Quintal,25-01-2026
Maharashtra,Pune,Pune(Pimpri) ,Vegetables,Tomato,Local,Local,"1,600.00","2,000.00","1,800.00",Rs./Quintal,24-01-2026
Maharashtra,Pune,Pune(Pimpri) ,Vegetables,Tomato,Local,Local,"1,400.00","2,000.00","1,700.00",Rs./Quintal,23-01-2026
Maharashtra,Pune,Pune(Pimpri) ,Vegetables,Tomato,Local,Local,"1,500.00","1,700.00","1,600.00",Rs./Quintal,22-01-2026
Maharashtra,Pune,Pune(Pimpri) ,Vegetables,Tomato,Local,Local,"1,800.00","2,500.00","2,150.00",Rs./Quintal,21-01-2026
Maharashtra,Pune,Pune(Pimpri) ,Vegetables,Tomato,Local,Local,"1,400.00","2,500.00","1,950.00",Rs./Quintal,20-01-2026
Maharashtra,Pune,Pune(Pimpri) ,Vegetables,Tomato,Local,Local,900.00,"2,000.00","1,450.00",Rs./Quintal,19-01-2026
Maharashtra,Pune,Pune(Pimpri) ,Vegetables,Tomato,Local,Local,"1,400.00","2,700.00","2,050.00",Rs./Quintal,18-01-2026
Maharashtra,Pune,Pune(Pimpri) ,Vegetables,Tomato,Local,Local,"2,000.00","3,000.00","2,500.00",Rs./Quintal,17-01-2026
Maharashtra,Pune,Pune(Pimpri) ,Vegetables,Tomato,Local,Local,"1,800.00","2,400.00","2,100.00",Rs./Quintal,16-01-2026
Maharashtra,Pune,Pune(Pimpri) ,Vegetables,Tomato,Local,Local,"1,000.00","1,900.00","1,450.00",Rs./Quintal,14-01-2026
Maharashtra,Pune,Pune(Pimpri) ,Vegetables,Tomato,Local,Local,"1,200.00","2,200.00","1,700.00",Rs./Quintal,13-01-2026
Maharashtra,Pune,Pune(Pimpri) ,Vegetables,Tomato,Local,Local,"2,000.00","2,500.00","2,250.00",Rs./Quintal,12-01-2026
Maharashtra,Pune,Pune(Pimpri) ,Vegetables,Tomato,Local,Local,"1,500.00","2,000.00","1,750.00",Rs./Quintal,11-01-2026
Maharashtra,Pune,Pune(Pimpri) ,Vegetables,Tomato,Local,Local,"1,000.00","2,500.00","1,750.00",Rs./Quintal,10-01-2026
Maharashtra,Pune,Pune(Pimpri) ,Vegetables,Tomato,Local,Local,"1,200.00","2,900.00","2,050.00",Rs./Quintal,09-01-2026
Maharashtra,Pune,Pune(Pimpri) ,Vegetables,Tomato,Local,Local,"2,000.00","3,400.00","2,700.00",Rs./Quintal,08-01-2026
Maharashtra,Pune,Pune(Pimpri) ,Vegetables,Tomato,Local,Local,"2,500.00","3,800.00","3,150.00",Rs./Quintal,07-01-2026
Maharashtra,Pune,Pune(Pimpri) ,Vegetables,Tomato,Local,Local,"3,800.00","3,800.00","3,800.00",Rs./Quintal,06-01-2026
Maharashtra,Pune,Pune(Pimpri) ,Vegetables,Tomato,Local,Local,"1,200.00","3,800.00","2,550.00",Rs./Quintal,05-01-2026
Maharashtra,Pune,Pune(Pimpri) ,Vegetables,Tomato,Local,Local,"3,000.00","4,000.00","3,500.00",Rs./Quintal,04-01-2026
Maharashtra,Pune,Pune(Pimpri) ,Vegetables,Tomato,Local,Local,"3,000.00","3,600.00","3,300.00",Rs./Quintal,03-01-2026
Maharashtra,Pune,Pune(Pimpri) ,Vegetables,Tomato,Local,Local,"2,500.00","3,600.00","3,050.00",Rs./Quintal,02-01-2026
Maharashtra,Pune,Pune(Pimpri) ,Vegetables,Tomato,Local,Local,"3,000.00","3,600.00","3,300.00",Rs./Quintal,01-01-2026
Maharashtra,Raigad,APMC Panvel ,Vegetables,Tomato,Other,Local,"3,000.00","4,000.00","3,500.00",Rs./Quintal,03-09-2026
Maharashtra,Raigad,APMC Panvel ,Vegetables,Tomato,Other,Local,"2,500.00","3,000.00","2,750.00",Rs./Quintal,02-09-2026
Maharashtra,Raigad,APMC Panvel ,Vegetables,Tomato,Other,Local,"3,000.00","3,500.00","3,250.00",Rs./Quintal,01-09-2026
Maharashtra,Raigad,APMC Panvel ,Vegetables,Tomato,Other,Local,"2,500.00","3,000.00","2,750.00",Rs./Quintal,31-08-2026
Maharashtra,Raigad,APMC Panvel ,Vegetables,Tomato,Other,Local,"2,000.00","3,000.00","2,500.00",Rs./Quintal,30-08-2026
Maharashtra,Raigad,APMC Panvel ,Vegetables,Tomato,Other,Local,"3,000.00","4,000.00","3,500.00",Rs./Quintal,29-08-2026
Maharashtra,Raigad,APMC Panvel ,Vegetables,Tomato,Other,Local,"2,500.00","3,000.00","2,750.00",Rs./Quintal,28-08-2026
Maharashtra,Raigad,APMC Panvel ,Vegetables,Tomato,Other,Local,"2,500.00","3,000.00","2,750.00",Rs./Quintal,27-08-2026
Maharashtra,Raigad,APMC Panvel ,Vegetables,Tomato,Other,Local,"2,000.00","2,500.00","2,250.00",Rs./Quintal,26-08-2026
Maharashtra,Raigad,APMC Panvel ,Vegetables,Tomato,Other,Local,"2,500.00","3,000.00","2,750.00",Rs./Quintal,25-08-2026
Maharashtra,Raigad,APMC Panvel ,Vegetables,Tomato,Other,Local,"2,500.00","3,000.00","2,750.00",Rs./Quintal,24-08-2026
Maharashtra,Raigad,APMC Panvel ,Vegetables,Tomato,Other,Local,"2,500.00","3,000.00","2,750.00",Rs./Quintal,22-08-2026
Maharashtra,Raigad,APMC Panvel ,Vegetables,Tomato,Other,Local,"1,500.00","2,000.00","1,750.00",Rs./Quintal,21-08-2026
Maharashtra,Raigad,APMC Panvel ,Vegetables,Tomato,Other,Local,"3,000.00","4,000.00","3,500.00",Rs./Quintal,20-08-2026
Maharashtra,Raigad,APMC Panvel ,Vegetables,Tomato,Other,Local,"3,000.00","4,000.00","3,500.00",Rs./Quintal,19-08-2026
Maharashtra,Raigad,APMC Panvel ,Vegetables,Tomato,Other,Local,"3,000.00","4,000.00","3,500.00",Rs./Quintal,18-08-2026
Maharashtra,Raigad,APMC Panvel ,Vegetables,Tomato,Other,Local,"2,000.00","3,000.00","2,750.00",Rs./Quintal,17-08-2026
Maharashtra,Raigad,APMC Panvel ,Vegetables,Tomato,Other,Local,"3,000.00","4,000.00","3,500.00",Rs./Quintal,16-08-2026
Maharashtra,Raigad,APMC Panvel ,Vegetables,Tomato,Other,Local,"2,500.00","3,000.00","2,750.00",Rs./Quintal,14-08-2026
Maharashtra,Raigad,APMC Panvel ,Vegetables,Tomato,Other,Local,"2,500.00","3,000.00","2,750.00",Rs./Quintal,13-08-2026
Maharashtra,Raigad,APMC Panvel ,Vegetables,Tomato,Other,Local,"3,000.00","4,000.00","3,500.00",Rs./Quintal,12-08-2026
Maharashtra,Raigad,APMC Panvel ,Vegetables,Tomato,Other,Local,"2,500.00","3,000.00","2,750.00",Rs./Quintal,11-08-2026
Maharashtra,Raigad,APMC Panvel ,Vegetables,Tomato,Other,Local,"3,000.00","4,000.00","3,500.00",Rs./Quintal,10-08-2026
Maharashtra,Raigad,APMC Panvel ,Vegetables,Tomato,Other,Local,"3,500.00","4,000.00","3,750.00",Rs./Quintal,09-08-2026
Maharashtra,Raigad,APMC Panvel ,Vegetables,Tomato,Other,Local,"3,000.00","3,500.00","3,250.00",Rs./Quintal,08-08-2026
Maharashtra,Raigad,APMC Panvel ,Vegetables,Tomato,Other,Local,"2,500.00","3,000.00","2,750.00",Rs./Quintal,07-08-2026
Maharashtra,Raigad,APMC Panvel ,Vegetables,Tomato,Other,Local,"4,000.00","5,000.00","4,500.00",Rs./Quintal,06-08-2026
Maharashtra,Raigad,APMC Panvel ,Vegetables,Tomato,Other,Local,"3,000.00","4,000.00","3,500.00",Rs./Quintal,05-08-2026
Maharashtra,Raigad,APMC Panvel ,Vegetables,Tomato,Other,Local,"2,500.00","3,000.00","2,750.00",Rs./Quintal,04-08-2026
Maharashtra,Raigad,APMC Panvel ,Vegetables,Tomato,Other,Local,"3,000.00","4,000.00","3,500.00",Rs./Quintal,03-08-2026
Maharashtra,Raigad,APMC Panvel ,Vegetables,Tomato,Other,Local,"2,500.00","3,000.00","2,750.00",Rs./Quintal,02-08-2026
Maharashtra,Raigad,APMC Panvel ,Vegetables,Tomato,Other,Local,"2,500.00","3,000.00","2,750.00",Rs./Quintal,01-08-2026
Maharashtra,Raigad,APMC Panvel ,Vegetables,Tomato,Other,Local,"2,000.00","3,000.00","2,500.00",Rs./Quintal,31-07-2026
Maharashtra,Raigad,APMC Panvel ,Vegetables,Tomato,Other,Local,"2,500.00","3,000.00","2,750.00",Rs./Quintal,30-07-2026
Maharashtra,Raigad,APMC Panvel ,Vegetables,Tomato,Other,Local,"3,000.00","3,200.00","3,100.00",Rs./Quintal,29-07-2026
Maharashtra,Raigad,APMC Panvel ,Vegetables,Tomato,Other,Local,"3,500.00","4,000.00","3,750.00",Rs./Quintal,28-07-2026
Maharashtra,Raigad,APMC Panvel ,Vegetables,Tomato,Other,Local,"2,500.00","3,000.00","2,750.00",Rs./Quintal,27-07-2026
Maharashtra,Raigad,APMC Panvel ,Vegetables,Tomato,Other,Local,"2,500.00","3,000.00","2,750.00",Rs./Quintal,26-07-2026
Maharashtra,Raigad,APMC Panvel ,Vegetables,Tomato,Other,Local,"2,500.00","3,000.00","2,750.00",Rs./Quintal,25-07-2026
Maharashtra,Raigad,APMC Panvel ,Vegetables,Tomato,Other,Local,"2,500.00","3,000.00","2,750.00",Rs./Quintal,24-07-2026
Maharashtra,Raigad,APMC Panvel ,Vegetables,Tomato,Other,Local,"3,000.00","4,000.00","3,500.00",Rs./Quintal,23-07-2026
Maharashtra,Raigad,APMC Panvel ,Vegetables,Tomato,Other,Local,"3,000.00","3,500.00","3,250.00",Rs./Quintal,22-07-2026
Maharashtra,Raigad,APMC Panvel ,Vegetables,Tomato,Other,Local,"2,500.00","3,000.00","2,750.00",Rs./Quintal,21-07-2026
Maharashtra,Raigad,APMC Panvel ,Vegetables,Tomato,Other,Local,"3,000.00","4,000.00","3,500.00",Rs./Quintal,20-07-2026
Maharashtra,Raigad,APMC Panvel ,Vegetables,Tomato,Other,Local,"3,500.00","4,000.00","3,750.00",Rs./Quintal,19-07-2026
Maharashtra,Raigad,APMC Panvel ,Vegetables,Tomato,Other,Local,"3,000.00","3,500.00","3,250.00",Rs./Quintal,18-07-2026
Maharashtra,Raigad,APMC Panvel ,Vegetables,Tomato,Other,Local,"3,000.00","4,000.00","3,500.00",Rs./Quintal,17-07-2026
Maharashtra,Raigad,APMC Panvel ,Vegetables,Tomato,Other,Local,"2,500.00","3,000.00","2,750.00",Rs./Quintal,16-07-2026
Maharashtra,Raigad,APMC Panvel ,Vegetables,Tomato,Other,Local,"3,000.00","4,000.00","3,500.00",Rs./Quintal,15-07-2026
Maharashtra,Raigad,APMC Panvel ,Vegetables,Tomato,Other,Local,"2,500.00","3,000.00","2,750.00",Rs./Quintal,14-07-2026
Maharashtra,Raigad,APMC Panvel ,Vegetables,Tomato,Other,Local,"3,000.00","4,000.00","3,500.00",Rs./Quintal,13-07-2026
Maharashtra,Raigad,APMC Panvel ,Vegetables,Tomato,Other,Local,"3,000.00","4,000.00","3,500.00",Rs./Quintal,12-07-2026
Maharashtra,Raigad,APMC Panvel ,Vegetables,Tomato,Other,Local,"3,000.00","3,500.00","3,250.00",Rs./Quintal,11-07-2026
Maharashtra,Raigad,APMC Panvel ,Vegetables,Tomato,Other,Local,"3,000.00","4,000.00","3,500.00",Rs./Quintal,10-07-2026
Maharashtra,Raigad,APMC Panvel ,Vegetables,Tomato,Other,Local,"3,000.00","4,000.00","3,500.00",Rs./Quintal,09-07-2026
Maharashtra,Raigad,APMC Panvel ,Vegetables,Tomato,Other,Local,"3,000.00","4,000.00","3,500.00",Rs./Quintal,08-07-2026
Maharashtra,Raigad,APMC Panvel ,Vegetables,Tomato,Other,Local,"2,500.00","3,000.00","2,750.00",Rs./Quintal,07-07-2026
Maharashtra,Raigad,APMC Panvel ,Vegetables,Tomato,Other,Local,"3,000.00","4,000.00","3,500.00",Rs./Quintal,06-07-2026
Maharashtra,Raigad,APMC Panvel ,Vegetables,Tomato,Other,Local,"4,000.00","4,500.00","4,250.00",Rs./Quintal,05-07-2026
Maharashtra,Raigad,APMC Panvel ,Vegetables,Tomato,Other,Local,"4,000.00","5,000.00","4,500.00",Rs./Quintal,04-07-2026
Maharashtra,Raigad,APMC Panvel ,Vegetables,Tomato,Other,Local,"2,500.00","2,800.00","2,650.00",Rs./Quintal,03-07-2026
Maharashtra,Raigad,APMC Panvel ,Vegetables,Tomato,Other,Local,"2,500.00","3,000.00","2,750.00",Rs./Quintal,02-07-2026
Maharashtra,Raigad,APMC Panvel ,Vegetables,Tomato,Other,Local,"2,500.00","3,000.00","2,750.00",Rs./Quintal,01-07-2026
Maharashtra,Raigad,APMC Panvel ,Vegetables,Tomato,Other,Local,"2,500.00","3,000.00","2,750.00",Rs./Quintal,30-06-2026
Maharashtra,Raigad,APMC Panvel ,Vegetables,Tomato,Other,Local,"3,000.00","4,000.00","3,500.00",Rs./Quintal,29-06-2026
Maharashtra,Raigad,APMC Panvel ,Vegetables,Tomato,Other,Local,"3,000.00","4,000.00","3,500.00",Rs./Quintal,28-06-2026
Maharashtra,Raigad,APMC Panvel ,Vegetables,Tomato,Other,Local,"2,500.00","3,000.00","2,750.00",Rs./Quintal,27-06-2026
Maharashtra,Raigad,APMC Panvel ,Vegetables,Tomato,Other,Local,"3,500.00","4,000.00","3,750.00",Rs./Quintal,26-06-2026
Maharashtra,Raigad,APMC Panvel ,Vegetables,Tomato,Other,Local,"3,000.00","4,000.00","3,500.00",Rs./Quintal,25-06-2026
Maharashtra,Raigad,APMC Panvel ,Vegetables,Tomato,Other,Local,"3,000.00","4,000.00","3,500.00",Rs./Quintal,24-06-2026
Maharashtra,Raigad,APMC Panvel ,Vegetables,Tomato,Other,Local,"4,000.00","5,000.00","4,500.00",Rs./Quintal,23-06-2026
Maharashtra,Raigad,APMC Panvel ,Vegetables,Tomato,Other,Local,"4,000.00","5,000.00","4,500.00",Rs./Quintal,22-06-2026
Maharashtra,Raigad,APMC Panvel ,Vegetables,Tomato,Other,Local,"3,500.00","4,000.00","3,750.00",Rs./Quintal,21-06-2026
Maharashtra,Raigad,APMC Panvel ,Vegetables,Tomato,Other,Local,"3,000.00","4,000.00","3,500.00",Rs./Quintal,20-06-2026
Maharashtra,Raigad,APMC Panvel ,Vegetables,Tomato,Other,Local,"4,000.00","5,000.00","4,500.00",Rs./Quintal,19-06-2026
Maharashtra,Raigad,APMC Panvel ,Vegetables,Tomato,Other,Local,"4,000.00","5,000.00","4,500.00",Rs./Quintal,18-06-2026
Maharashtra,Raigad,APMC Panvel ,Vegetables,Tomato,Other,Local,"4,000.00","5,000.00","4,500.00",Rs./Quintal,17-06-2026
Maharashtra,Raigad,APMC Panvel ,Vegetables,Tomato,Other,Local,"4,000.00","5,000.00","4,500.00",Rs./Quintal,16-06-2026
Maharashtra,Raigad,APMC Panvel ,Vegetables,Tomato,Other,Local,"4,000.00","5,000.00","4,500.00",Rs./Quintal,15-06-2026
Maharashtra,Raigad,APMC Panvel ,Vegetables,Tomato,Other,Local,"4,000.00","5,000.00","4,500.00",Rs./Quintal,14-06-2026
Maharashtra,Raigad,APMC Panvel ,Vegetables,Tomato,Other,Local,"3,000.00","3,500.00","3,250.00",Rs./Quintal,13-06-2026
Maharashtra,Raigad,APMC Panvel ,Vegetables,Tomato,Other,Local,"4,000.00","5,000.00","4,500.00",Rs./Quintal,12-06-2026
Maharashtra,Raigad,APMC Panvel ,Vegetables,Tomato,Other,Local,"5,000.00","6,000.00","5,500.00",Rs./Quintal,11-06-2026
Maharashtra,Raigad,APMC Panvel ,Vegetables,Tomato,Other,Local,"5,000.00","6,000.00","5,500.00",Rs./Quintal,10-06-2026
Maharashtra,Raigad,APMC Panvel ,Vegetables,Tomato,Other,Local,"4,000.00","5,000.00","4,500.00",Rs./Quintal,09-06-2026
Maharashtra,Raigad,APMC Panvel ,Vegetables,Tomato,Other,Local,"4,000.00","5,000.00","4,500.00",Rs./Quintal,08-06-2026
Maharashtra,Raigad,APMC Panvel ,Vegetables,Tomato,Other,Local,"4,000.00","5,000.00","4,500.00",Rs./Quintal,07-06-2026
Maharashtra,Raigad,APMC Panvel ,Vegetables,Tomato,Other,Local,"3,000.00","4,000.00","3,500.00",Rs./Quintal,06-06-2026
Maharashtra,Raigad,APMC Panvel ,Vegetables,Tomato,Other,Local,"4,000.00","5,000.00","4,500.00",Rs./Quintal,05-06-2026
Maharashtra,Raigad,APMC Panvel ,Vegetables,Tomato,Other,Local,"4,000.00","5,000.00","4,500.00",Rs./Quintal,04-06-2026
Maharashtra,Raigad,APMC Panvel ,Vegetables,Tomato,Other,Local,"4,000.00","5,000.00","4,500.00",Rs./Quintal,03-06-2026
Maharashtra,Raigad,APMC Panvel ,Vegetables,Tomato,Other,Local,"4,000.00","5,000.00","4,500.00",Rs./Quintal,02-06-2026
Maharashtra,Raigad,APMC Panvel ,Vegetables,Tomato,Other,Local,"4,000.00","5,000.00","4,500.00",Rs./Quintal,01-06-2026
Maharashtra,Raigad,APMC Panvel ,Vegetables,Tomato,Other,Local,"4,000.00","5,000.00","4,500.00",Rs./Quintal,30-05-2026
Maharashtra,Raigad,APMC Panvel ,Vegetables,Tomato,Other,Local,"3,000.00","4,000.00","3,500.00",Rs./Quintal,29-05-2026
Maharashtra,Raigad,APMC Panvel ,Vegetables,Tomato,Other,Local,"3,000.00","4,000.00","3,500.00",Rs./Quintal,28-05-2026
Maharashtra,Raigad,APMC Panvel ,Vegetables,Tomato,Other,Local,"3,000.00","4,000.00","3,500.00",Rs./Quintal,27-05-2026
Maharashtra,Raigad,APMC Panvel ,Vegetables,Tomato,Other,Local,"3,000.00","4,000.00","3,500.00",Rs./Quintal,26-05-2026
Maharashtra,Raigad,APMC Panvel ,Vegetables,Tomato,Other,Local,"4,000.00","5,000.00","4,500.00",Rs./Quintal,25-05-2026
Maharashtra,Raigad,APMC Panvel ,Vegetables,Tomato,Other,Local,"4,500.00","5,000.00","4,780.00",Rs./Quintal,24-05-2026
Maharashtra,Raigad,APMC Panvel ,Vegetables,Tomato,Other,Local,"4,000.00","5,000.00","4,500.00",Rs./Quintal,23-05-2026
Maharashtra,Raigad,APMC Panvel ,Vegetables,Tomato,Other,Local,"4,000.00","5,000.00","4,500.00",Rs./Quintal,22-05-2026
Maharashtra,Raigad,APMC Panvel ,Vegetables,Tomato,Other,Local,"4,000.00","5,000.00","4,500.00",Rs./Quintal,21-05-2026
Maharashtra,Raigad,APMC Panvel ,Vegetables,Tomato,Other,Local,"4,000.00","5,000.00","4,500.00",Rs./Quintal,20-05-2026
Maharashtra,Raigad,APMC Panvel ,Vegetables,Tomato,Other,Local,"4,000.00","5,000.00","4,500.00",Rs./Quintal,19-05-2026
Maharashtra,Raigad,APMC Panvel ,Vegetables,Tomato,Other,Local,"4,000.00","5,000.00","4,500.00",Rs./Quintal,18-05-2026
Maharashtra,Raigad,APMC Panvel ,Vegetables,Tomato,Other,Local,"4,000.00","5,000.00","4,500.00",Rs./Quintal,16-05-2026
Maharashtra,Raigad,APMC Panvel ,Vegetables,Tomato,Other,Local,"4,000.00","5,000.00","4,500.00",Rs./Quintal,15-05-2026
Maharashtra,Raigad,APMC Panvel ,Vegetables,Tomato,Other,Local,"4,000.00","5,000.00","4,500.00",Rs./Quintal,14-05-2026
Maharashtra,Raigad,APMC Panvel ,Vegetables,Tomato,Other,Local,"3,000.00","4,000.00","3,500.00",Rs./Quintal,13-05-2026
Maharashtra,Raigad,APMC Panvel ,Vegetables,Tomato,Other,Local,"3,000.00","4,000.00","3,500.00",Rs./Quintal,12-05-2026
Maharashtra,Raigad,APMC Panvel ,Vegetables,Tomato,Other,Local,"4,000.00","5,000.00","4,500.00",Rs./Quintal,11-05-2026
Maharashtra,Raigad,APMC Panvel ,Vegetables,Tomato,Other,Local,"3,500.00","4,000.00","3,750.00",Rs./Quintal,10-05-2026
Maharashtra,Raigad,APMC Panvel ,Vegetables,Tomato,Other,Local,"3,000.00","4,000.00","3,500.00",Rs./Quintal,09-05-2026
Maharashtra,Raigad,APMC Panvel ,Vegetables,Tomato,Other,Local,"3,000.00","4,000.00","3,500.00",Rs./Quintal,08-05-2026
Maharashtra,Raigad,APMC Panvel ,Vegetables,Tomato,Other,Local,"3,000.00","4,000.00","3,500.00",Rs./Quintal,07-05-2026
Maharashtra,Raigad,APMC Panvel ,Vegetables,Tomato,Other,Local,"3,000.00","4,000.00","3,500.00",Rs./Quintal,06-05-2026
Maharashtra,Raigad,APMC Panvel ,Vegetables,Tomato,Other,Local,"3,000.00","4,000.00","3,500.00",Rs./Quintal,05-05-2026
Maharashtra,Raigad,APMC Panvel ,Vegetables,Tomato,Other,Local,"3,500.00","4,000.00","3,750.00",Rs./Quintal,04-05-2026
Maharashtra,Raigad,APMC Panvel ,Vegetables,Tomato,Other,Local,"3,500.00","4,000.00","3,750.00",Rs./Quintal,03-05-2026
Maharashtra,Raigad,APMC Panvel ,Vegetables,Tomato,Other,Local,"3,000.00","4,000.00","3,500.00",Rs./Quintal,02-05-2026
Maharashtra,Raigad,APMC Panvel ,Vegetables,Tomato,Other,Local,"3,000.00","3,500.00","3,250.00",Rs./Quintal,01-05-2026
Maharashtra,Raigad,APMC Panvel ,Vegetables,Tomato,Other,Local,"3,000.00","4,000.00","3,500.00",Rs./Quintal,30-04-2026
Maharashtra,Raigad,APMC Panvel ,Vegetables,Tomato,Other,Local,"3,000.00","3,500.00","3,250.00",Rs./Quintal,29-04-2026
Maharashtra,Raigad,APMC Panvel ,Vegetables,Tomato,Other,Local,"4,000.00","4,500.00","4,250.00",Rs./Quintal,28-04-2026
Maharashtra,Raigad,APMC Panvel ,Vegetables,Tomato,Other,Local,"3,000.00","4,000.00","3,500.00",Rs./Quintal,27-04-2026
Maharashtra,Raigad,APMC Panvel ,Vegetables,Tomato,Other,Local,"3,000.00","3,500.00","3,250.00",Rs./Quintal,26-04-2026
Maharashtra,Raigad,APMC Panvel ,Vegetables,Tomato,Other,Local,"2,500.00","3,000.00","2,750.00",Rs./Quintal,25-04-2026
Maharashtra,Raigad,APMC Panvel ,Vegetables,Tomato,Other,Local,"2,500.00","3,000.00","2,750.00",Rs./Quintal,24-04-2026
Maharashtra,Raigad,APMC Panvel ,Vegetables,Tomato,Other,Local,"3,000.00","3,500.00","3,250.00",Rs./Quintal,23-04-2026
Maharashtra,Raigad,APMC Panvel ,Vegetables,Tomato,Other,Local,"3,000.00","4,000.00","3,550.00",Rs./Quintal,22-04-2026
Maharashtra,Raigad,APMC Panvel ,Vegetables,Tomato,Other,Local,"3,000.00","4,000.00","3,500.00",Rs./Quintal,21-04-2026
Maharashtra,Raigad,APMC Panvel ,Vegetables,Tomato,Other,Local,"3,000.00","4,000.00","3,500.00",Rs./Quintal,20-04-2026
Maharashtra,Raigad,APMC Panvel ,Vegetables,Tomato,Other,Local,"3,500.00","4,000.00","3,750.00",Rs./Quintal,19-04-2026
Maharashtra,Raigad,APMC Panvel ,Vegetables,Tomato,Other,Local,"3,000.00","3,500.00","3,250.00",Rs./Quintal,18-04-2026
Maharashtra,Raigad,APMC Panvel ,Vegetables,Tomato,Other,Local,"3,000.00","3,500.00","3,250.00",Rs./Quintal,17-04-2026
Maharashtra,Raigad,APMC Panvel ,Vegetables,Tomato,Other,Local,"2,500.00","3,000.00","2,750.00",Rs./Quintal,16-04-2026
Maharashtra,Raigad,APMC Panvel ,Vegetables,Tomato,Other,Local,"2,500.00","3,000.00","2,750.00",Rs./Quintal,14-04-2026
Maharashtra,Raigad,APMC Panvel ,Vegetables,Tomato,Other,Local,"2,000.00","2,500.00","2,250.00",Rs./Quintal,13-04-2026
Maharashtra,Raigad,APMC Panvel ,Vegetables,Tomato,Other,Local,"2,000.00","25,000.00","2,250.00",Rs./Quintal,12-04-2026
Maharashtra,Raigad,APMC Panvel ,Vegetables,Tomato,Other,Local,"1,500.00","2,000.00","1,750.00",Rs./Quintal,11-04-2026
Maharashtra,Raigad,APMC Panvel ,Vegetables,Tomato,Other,Local,"1,500.00","2,000.00","1,750.00",Rs./Quintal,10-04-2026
Maharashtra,Raigad,APMC Panvel ,Vegetables,Tomato,Other,Local,"1,500.00","2,000.00","1,750.00",Rs./Quintal,09-04-2026
Maharashtra,Raigad,APMC Panvel ,Vegetables,Tomato,Other,Local,"1,500.00","2,000.00","1,750.00",Rs./Quintal,08-04-2026
Maharashtra,Raigad,APMC Panvel ,Vegetables,Tomato,Other,Local,"1,500.00","2,000.00","1,750.00",Rs./Quintal,07-04-2026
Maharashtra,Raigad,APMC Panvel ,Vegetables,Tomato,Other,Local,"1,500.00","2,000.00","1,750.00",Rs./Quintal,06-04-2026
Maharashtra,Raigad,APMC Panvel ,Vegetables,Tomato,Other,Local,"2,000.00","3,000.00","2,500.00",Rs./Quintal,05-04-2026
Maharashtra,Raigad,APMC Panvel ,Vegetables,Tomato,Other,Local,"1,500.00","2,000.00","1,750.00",Rs./Quintal,04-04-2026
Maharashtra,Raigad,APMC Panvel ,Vegetables,Tomato,Other,Local,"1,500.00","2,000.00","1,750.00",Rs./Quintal,02-04-2026
Maharashtra,Raigad,APMC Panvel ,Vegetables,Tomato,Other,Local,"1,500.00","2,000.00","1,750.00",Rs./Quintal,31-03-2026
Maharashtra,Raigad,APMC Panvel ,Vegetables,Tomato,Other,Local,"1,500.00","2,000.00","1,750.00",Rs./Quintal,30-03-2026
Maharashtra,Raigad,APMC Panvel ,Vegetables,Tomato,Other,Local,"3,000.00","3,500.00","3,250.00",Rs./Quintal,29-03-2026
Maharashtra,Raigad,APMC Panvel ,Vegetables,Tomato,Other,Local,"1,500.00","2,000.00","1,750.00",Rs./Quintal,28-03-2026
Maharashtra,Raigad,APMC Panvel ,Vegetables,Tomato,Other,Local,"1,800.00","2,000.00","1,900.00",Rs./Quintal,27-03-2026
Maharashtra,Raigad,APMC Panvel ,Vegetables,Tomato,Other,Local,"1,500.00","2,000.00","1,750.00",Rs./Quintal,26-03-2026
Maharashtra,Raigad,APMC Panvel ,Vegetables,Tomato,Other,Local,"1,500.00","2,000.00","1,750.00",Rs./Quintal,25-03-2026
Maharashtra,Raigad,APMC Panvel ,Vegetables,Tomato,Other,Local,"1,500.00","2,000.00","1,750.00",Rs./Quintal,24-03-2026
Maharashtra,Raigad,APMC Panvel ,Vegetables,Tomato,Other,Local,"2,000.00","2,500.00","2,250.00",Rs./Quintal,23-03-2026
Maharashtra,Raigad,APMC Panvel ,Vegetables,Tomato,Other,Local,"2,500.00","3,000.00","2,750.00",Rs./Quintal,22-03-2026
Maharashtra,Raigad,APMC Panvel ,Vegetables,Tomato,Other,Local,"2,000.00","2,500.00","2,250.00",Rs./Quintal,21-03-2026
Maharashtra,Raigad,APMC Panvel ,Vegetables,Tomato,Other,Local,"1,500.00","2,500.00","2,000.00",Rs./Quintal,20-03-2026
Maharashtra,Raigad,APMC Panvel ,Vegetables,Tomato,Other,Local,"2,500.00","3,000.00","2,750.00",Rs./Quintal,18-03-2026
Maharashtra,Raigad,APMC Panvel ,Vegetables,Tomato,Other,Local,"2,000.00","2,500.00","2,250.00",Rs./Quintal,17-03-2026
Maharashtra,Raigad,APMC Panvel ,Vegetables,Tomato,Other,Local,"2,000.00","2,500.00","2,250.00",Rs./Quintal,16-03-2026
Maharashtra,Raigad,APMC Panvel ,Vegetables,Tomato,Other,Local,"2,500.00","3,000.00","2,750.00",Rs./Quintal,15-03-2026
Maharashtra,Raigad,APMC Panvel ,Vegetables,Tomato,Other,Local,"2,000.00","2,500.00","2,250.00",Rs./Quintal,14-03-2026
Maharashtra,Raigad,APMC Panvel ,Vegetables,Tomato,Other,Local,"2,000.00","2,500.00","2,250.00",Rs./Quintal,13-03-2026
Maharashtra,Raigad,APMC Panvel ,Vegetables,Tomato,Other,Local,"2,000.00","3,000.00","2,750.00",Rs./Quintal,12-03-2026
Maharashtra,Raigad,APMC Panvel ,Vegetables,Tomato,Other,Local,"2,000.00","3,000.00","2,500.00",Rs./Quintal,11-03-2026
Maharashtra,Raigad,APMC Panvel ,Vegetables,Tomato,Other,Local,"2,000.00","2,500.00","2,250.00",Rs./Quintal,10-03-2026
Maharashtra,Raigad,APMC Panvel ,Vegetables,Tomato,Other,Local,"2,000.00","2,500.00","2,250.00",Rs./Quintal,09-03-2026
Maharashtra,Raigad,APMC Panvel ,Vegetables,Tomato,Other,Local,"2,500.00","3,000.00","2,750.00",Rs./Quintal,07-03-2026
Maharashtra,Raigad,APMC Panvel ,Vegetables,Tomato,Other,Local,"2,000.00","2,500.00","2,250.00",Rs./Quintal,06-03-2026
Maharashtra,Raigad,APMC Panvel ,Vegetables,Tomato,Other,Local,"2,000.00","2,500.00","2,250.00",Rs./Quintal,05-03-2026
Maharashtra,Raigad,APMC Panvel ,Vegetables,Tomato,Other,Local,"2,000.00","3,000.00","2,650.00",Rs./Quintal,04-03-2026
Maharashtra,Raigad,APMC Panvel ,Vegetables,Tomato,Other,Local,"2,500.00","3,000.00","2,750.00",Rs./Quintal,03-03-2026
Maharashtra,Raigad,APMC Panvel ,Vegetables,Tomato,Other,Local,"2,500.00","3,000.00","2,750.00",Rs./Quintal,02-03-2026
Maharashtra,Raigad,APMC Panvel ,Vegetables,Tomato,Other,Local,"3,000.00","3,500.00","3,250.00",Rs./Quintal,01-03-2026
Maharashtra,Raigad,APMC Panvel ,Vegetables,Tomato,Other,Local,"2,000.00","2,500.00","2,250.00",Rs./Quintal,28-02-2026
Maharashtra,Raigad,APMC Panvel ,Vegetables,Tomato,Other,Local,"2,500.00","3,000.00","2,750.00",Rs./Quintal,27-02-2026
Maharashtra,Raigad,APMC Panvel ,Vegetables,Tomato,Other,Local,"1,500.00","2,000.00","1,750.00",Rs./Quintal,26-02-2026
Maharashtra,Raigad,APMC Panvel ,Vegetables,Tomato,Other,Local,"1,500.00","2,000.00","1,750.00",Rs./Quintal,25-02-2026
Maharashtra,Raigad,APMC Panvel ,Vegetables,Tomato,Other,Local,"2,500.00","3,000.00","2,750.00",Rs./Quintal,24-02-2026
Maharashtra,Raigad,APMC Panvel ,Vegetables,Tomato,Other,Local,"2,500.00","2,800.00","2,600.00",Rs./Quintal,23-02-2026
Maharashtra,Raigad,APMC Panvel ,Vegetables,Tomato,Other,Local,"3,000.00","3,500.00","3,250.00",Rs./Quintal,22-02-2026
Maharashtra,Raigad,APMC Panvel ,Vegetables,Tomato,Other,Local,"3,000.00","4,000.00","3,500.00",Rs./Quintal,20-02-2026
Maharashtra,Raigad,APMC Panvel ,Vegetables,Tomato,Other,Local,"3,000.00","3,500.00","3,250.00",Rs./Quintal,19-02-2026
Maharashtra,Raigad,APMC Panvel ,Vegetables,Tomato,Other,Local,"2,500.00","3,000.00","2,750.00",Rs./Quintal,18-02-2026
Maharashtra,Raigad,APMC Panvel ,Vegetables,Tomato,Other,Local,"3,000.00","4,000.00","3,500.00",Rs./Quintal,17-02-2026
Maharashtra,Raigad,APMC Panvel ,Vegetables,Tomato,Other,Local,"3,000.00","4,000.00","3,500.00",Rs./Quintal,16-02-2026
Maharashtra,Raigad,APMC Panvel ,Vegetables,Tomato,Other,Local,"3,000.00","3,500.00","3,250.00",Rs./Quintal,15-02-2026
Maharashtra,Raigad,APMC Panvel ,Vegetables,Tomato,Other,Local,"3,000.00","3,500.00","3,250.00",Rs./Quintal,14-02-2026
Maharashtra,Raigad,APMC Panvel ,Vegetables,Tomato,Other,Local,"2,500.00","3,000.00","2,750.00",Rs./Quintal,13-02-2026
Maharashtra,Raigad,APMC Panvel ,Vegetables,Tomato,Other,Local,"3,000.00","4,000.00","3,500.00",Rs./Quintal,12-02-2026
Maharashtra,Raigad,APMC Panvel ,Vegetables,Tomato,Other,Local,"2,500.00","3,000.00","2,750.00",Rs./Quintal,11-02-2026
Maharashtra,Raigad,APMC Panvel ,Vegetables,Tomato,Other,Local,"2,500.00","3,000.00","2,750.00",Rs./Quintal,10-02-2026
Maharashtra,Raigad,APMC Panvel ,Vegetables,Tomato,Other,Local,"3,000.00","3,500.00","3,250.00",Rs./Quintal,09-02-2026
Maharashtra,Raigad,APMC Panvel ,Vegetables,Tomato,Other,Local,"2,500.00","3,000.00","2,750.00",Rs./Quintal,06-02-2026
Maharashtra,Raigad,APMC Panvel ,Vegetables,Tomato,Other,Local,"3,000.00","4,000.00","3,500.00",Rs./Quintal,05-02-2026
Maharashtra,Raigad,APMC Panvel ,Vegetables,Tomato,Other,Local,"3,000.00","3,500.00","3,250.00",Rs./Quintal,04-02-2026
Maharashtra,Raigad,APMC Panvel ,Vegetables,Tomato,Other,Local,"2,500.00","3,000.00","2,750.00",Rs./Quintal,03-02-2026
Maharashtra,Raigad,APMC Panvel ,Vegetables,Tomato,Other,Local,"2,500.00","3,000.00","2,750.00",Rs./Quintal,02-02-2026
Maharashtra,Raigad,APMC Panvel ,Vegetables,Tomato,Other,Local,"3,500.00","4,000.00","3,750.00",Rs./Quintal,01-02-2026
Maharashtra,Raigad,APMC Panvel ,Vegetables,Tomato,Other,Local,"2,500.00","3,000.00","2,750.00",Rs./Quintal,31-01-2026
Maharashtra,Raigad,APMC Panvel ,Vegetables,Tomato,Other,Local,"2,500.00","3,000.00","2,750.00",Rs./Quintal,30-01-2026
Maharashtra,Raigad,APMC Panvel ,Vegetables,Tomato,Other,Local,"2,500.00","3,000.00","2,750.00",Rs./Quintal,29-01-2026
Maharashtra,Raigad,APMC Panvel ,Vegetables,Tomato,Other,Local,"2,500.00","3,000.00","2,750.00",Rs./Quintal,28-01-2026
Maharashtra,Raigad,APMC Panvel ,Vegetables,Tomato,Other,Local,"3,000.00","4,000.00","3,500.00",Rs./Quintal,27-01-2026
Maharashtra,Raigad,APMC Panvel ,Vegetables,Tomato,Other,Local,"3,000.00","4,000.00","3,500.00",Rs./Quintal,26-01-2026
Maharashtra,Raigad,APMC Panvel ,Vegetables,Tomato,Other,Local,"4,000.00","4,500.00","4,250.00",Rs./Quintal,25-01-2026
Maharashtra,Raigad,APMC Panvel ,Vegetables,Tomato,Other,Local,"2,000.00","2,500.00","2,250.00",Rs./Quintal,24-01-2026
Maharashtra,Raigad,APMC Panvel ,Vegetables,Tomato,Other,Local,"2,000.00","2,500.00","2,250.00",Rs./Quintal,23-01-2026
Maharashtra,Raigad,APMC Panvel ,Vegetables,Tomato,Other,Local,"2,000.00","2,500.00","2,250.00",Rs./Quintal,22-01-2026
Maharashtra,Raigad,APMC Panvel ,Vegetables,Tomato,Other,Local,"2,000.00","2,500.00","2,250.00",Rs./Quintal,21-01-2026
Maharashtra,Raigad,APMC Panvel ,Vegetables,Tomato,Other,Local,"3,000.00","4,000.00","3,750.00",Rs./Quintal,20-01-2026
Maharashtra,Raigad,APMC Panvel ,Vegetables,Tomato,Other,Local,"2,000.00","3,000.00","2,500.00",Rs./Quintal,19-01-2026
Maharashtra,Raigad,APMC Panvel ,Vegetables,Tomato,Other,Local,"2,500.00","3,000.00","2,750.00",Rs./Quintal,18-01-2026
Maharashtra,Raigad,APMC Panvel ,Vegetables,Tomato,Other,Local,"3,000.00","4,000.00","3,500.00",Rs./Quintal,17-01-2026
Maharashtra,Raigad,APMC Panvel ,Vegetables,Tomato,Other,Local,"4,000.00","5,000.00","4,500.00",Rs./Quintal,16-01-2026
Maharashtra,Raigad,APMC Panvel ,Vegetables,Tomato,Other,Local,"4,000.00","5,000.00","4,500.00",Rs./Quintal,13-01-2026
Maharashtra,Raigad,APMC Panvel ,Vegetables,Tomato,Other,Local,"4,000.00","4,500.00","4,250.00",Rs./Quintal,12-01-2026
Maharashtra,Raigad,APMC Panvel ,Vegetables,Tomato,Other,Local,"3,500.00","4,000.00","3,750.00",Rs./Quintal,11-01-2026
Maharashtra,Raigad,APMC Panvel ,Vegetables,Tomato,Other,Local,"3,000.00","3,500.00","3,250.00",Rs./Quintal,10-01-2026
Maharashtra,Raigad,APMC Panvel ,Vegetables,Tomato,Other,Local,"2,500.00","3,000.00","2,750.00",Rs./Quintal,09-01-2026
Maharashtra,Raigad,APMC Panvel ,Vegetables,Tomato,Other,Local,"3,000.00","3,500.00","3,250.00",Rs./Quintal,08-01-2026
Maharashtra,Raigad,APMC Panvel ,Vegetables,Tomato,Other,Local,"4,000.00","5,000.00","4,500.00",Rs./Quintal,07-01-2026
Maharashtra,Raigad,APMC Panvel ,Vegetables,Tomato,Other,Local,"5,000.00","6,000.00","5,500.00",Rs./Quintal,06-01-2026
Maharashtra,Raigad,APMC Panvel ,Vegetables,Tomato,Other,Local,"4,000.00","5,000.00","4,500.00",Rs./Quintal,05-01-2026
Maharashtra,Raigad,APMC Panvel ,Vegetables,Tomato,Other,Local,"5,000.00","6,000.00","5,500.00",Rs./Quintal,04-01-2026
Maharashtra,Raigad,APMC Panvel ,Vegetables,Tomato,Other,Local,"4,000.00","5,000.00","4,500.00",Rs./Quintal,03-01-2026
Maharashtra,Raigad,APMC Panvel ,Vegetables,Tomato,Other,Local,"4,000.00","5,000.00","4,500.00",Rs./Quintal,02-01-2026
Maharashtra,Raigad,APMC Panvel ,Vegetables,Tomato,Other,Local,"4,000.00","5,000.00","4,500.00",Rs./Quintal,01-01-2026
Maharashtra,Ratnagiri,APMC Ratnagiri (Nachane) ,Vegetables,Tomato,Other,Local,"1,000.00","1,400.00","1,200.00",Rs./Quintal,03-09-2026
Maharashtra,Ratnagiri,APMC Ratnagiri (Nachane) ,Vegetables,Tomato,Other,Local,500.00,"1,400.00",800.00,Rs./Quintal,02-09-2026
Maharashtra,Ratnagiri,APMC Ratnagiri (Nachane) ,Vegetables,Tomato,Other,Local,500.00,"1,400.00","1,000.00",Rs./Quintal,01-09-2026
Maharashtra,Ratnagiri,APMC Ratnagiri (Nachane) ,Vegetables,Tomato,Other,Local,"1,000.00","1,300.00","1,100.00",Rs./Quintal,31-08-2026
Maharashtra,Ratnagiri,APMC Ratnagiri (Nachane) ,Vegetables,Tomato,Other,Local,500.00,"1,200.00","1,000.00",Rs./Quintal,28-08-2026
Maharashtra,Ratnagiri,APMC Ratnagiri (Nachane) ,Vegetables,Tomato,Other,Local,"1,000.00","1,200.00","1,100.00",Rs./Quintal,27-08-2026
Maharashtra,Ratnagiri,APMC Ratnagiri (Nachane) ,Vegetables,Tomato,Other,Local,500.00,"1,200.00","1,000.00",Rs./Quintal,26-08-2026
Maharashtra,Ratnagiri,APMC Ratnagiri (Nachane) ,Vegetables,Tomato,Other,Local,500.00,"1,200.00","1,000.00",Rs./Quintal,25-08-2026
Maharashtra,Ratnagiri,APMC Ratnagiri (Nachane) ,Vegetables,Tomato,Other,Local,"1,000.00","1,500.00","1,100.00",Rs./Quintal,24-08-2026
Maharashtra,Ratnagiri,APMC Ratnagiri (Nachane) ,Vegetables,Tomato,Other,Local,"1,000.00","1,500.00","1,200.00",Rs./Quintal,20-08-2026
Maharashtra,Ratnagiri,APMC Ratnagiri (Nachane) ,Vegetables,Tomato,Other,Local,"1,000.00","1,500.00","1,200.00",Rs./Quintal,19-08-2026
Maharashtra,Ratnagiri,APMC Ratnagiri (Nachane) ,Vegetables,Tomato,Other,Local,800.00,"1,100.00","1,000.00",Rs./Quintal,18-08-2026
Maharashtra,Ratnagiri,APMC Ratnagiri (Nachane) ,Vegetables,Tomato,Other,Local,500.00,"1,500.00","1,000.00",Rs./Quintal,17-08-2026
Maharashtra,Ratnagiri,APMC Ratnagiri (Nachane) ,Vegetables,Tomato,Other,Local,500.00,"1,500.00","1,000.00",Rs./Quintal,14-08-2026
Maharashtra,Ratnagiri,APMC Ratnagiri (Nachane) ,Vegetables,Tomato,Other,Local,800.00,"1,200.00","1,000.00",Rs./Quintal,13-08-2026
Maharashtra,Ratnagiri,APMC Ratnagiri (Nachane) ,Vegetables,Tomato,Other,Local,600.00,"1,100.00","1,000.00",Rs./Quintal,12-08-2026
Maharashtra,Ratnagiri,APMC Ratnagiri (Nachane) ,Vegetables,Tomato,Other,Local,500.00,"1,400.00","1,000.00",Rs./Quintal,11-08-2026
Maharashtra,Ratnagiri,APMC Ratnagiri (Nachane) ,Vegetables,Tomato,Other,Local,"1,000.00","1,400.00","1,200.00",Rs./Quintal,10-08-2026
Maharashtra,Ratnagiri,APMC Ratnagiri (Nachane) ,Vegetables,Tomato,Other,Local,"1,000.00","1,200.00","1,100.00",Rs./Quintal,07-08-2026
Maharashtra,Ratnagiri,APMC Ratnagiri (Nachane) ,Vegetables,Tomato,Other,Local,500.00,"1,400.00","1,000.00",Rs./Quintal,06-08-2026
Maharashtra,Ratnagiri,APMC Ratnagiri (Nachane) ,Vegetables,Tomato,Other,Local,"1,000.00","1,300.00","1,200.00",Rs./Quintal,05-08-2026
Maharashtra,Ratnagiri,APMC Ratnagiri (Nachane) ,Vegetables,Tomato,Other,Local,500.00,"1,300.00","1,000.00",Rs./Quintal,04-08-2026
Maharashtra,Ratnagiri,APMC Ratnagiri (Nachane) ,Vegetables,Tomato,Other,Local,800.00,"1,400.00","1,000.00",Rs./Quintal,03-08-2026
Maharashtra,Ratnagiri,APMC Ratnagiri (Nachane) ,Vegetables,Tomato,Other,Local,"1,000.00","1,300.00","1,200.00",Rs./Quintal,31-07-2026
Maharashtra,Ratnagiri,APMC Ratnagiri (Nachane) ,Vegetables,Tomato,Other,Local,500.00,"1,200.00",800.00,Rs./Quintal,29-07-2026
Maharashtra,Ratnagiri,APMC Ratnagiri (Nachane) ,Vegetables,Tomato,Other,Local,"1,000.00","2,000.00","1,500.00",Rs./Quintal,28-07-2026
Maharashtra,Ratnagiri,APMC Ratnagiri (Nachane) ,Vegetables,Tomato,Other,Local,"1,000.00","1,500.00","1,200.00",Rs./Quintal,27-07-2026
Maharashtra,Ratnagiri,APMC Ratnagiri (Nachane) ,Vegetables,Tomato,Other,Local,800.00,"1,500.00","1,000.00",Rs./Quintal,24-07-2026
Maharashtra,Ratnagiri,APMC Ratnagiri (Nachane) ,Vegetables,Tomato,Other,Local,"1,000.00","1,300.00","1,200.00",Rs./Quintal,23-07-2026
Maharashtra,Ratnagiri,APMC Ratnagiri (Nachane) ,Vegetables,Tomato,Other,Local,"1,000.00","1,500.00","1,200.00",Rs./Quintal,22-07-2026
Maharashtra,Ratnagiri,APMC Ratnagiri (Nachane) ,Vegetables,Tomato,Other,Local,"1,000.00","1,700.00","1,500.00",Rs./Quintal,21-07-2026
Maharashtra,Ratnagiri,APMC Ratnagiri (Nachane) ,Vegetables,Tomato,Other,Local,"1,000.00","1,500.00","1,400.00",Rs./Quintal,20-07-2026
Maharashtra,Ratnagiri,APMC Ratnagiri (Nachane) ,Vegetables,Tomato,Other,Local,"1,500.00","2,500.00","2,000.00",Rs./Quintal,17-07-2026
Maharashtra,Ratnagiri,APMC Ratnagiri (Nachane) ,Vegetables,Tomato,Other,Local,"2,000.00","2,500.00","2,300.00",Rs./Quintal,16-07-2026
Maharashtra,Ratnagiri,APMC Ratnagiri (Nachane) ,Vegetables,Tomato,Other,Local,"1,500.00","2,500.00","2,000.00",Rs./Quintal,15-07-2026
Maharashtra,Ratnagiri,APMC Ratnagiri (Nachane) ,Vegetables,Tomato,Other,Local,"1,500.00","2,500.00","2,000.00",Rs./Quintal,14-07-2026
Maharashtra,Ratnagiri,APMC Ratnagiri (Nachane) ,Vegetables,Tomato,Other,Local,"1,500.00","2,500.00","2,000.00",Rs./Quintal,13-07-2026
Maharashtra,Ratnagiri,APMC Ratnagiri (Nachane) ,Vegetables,Tomato,Other,Local,"1,500.00","2,000.00","1,600.00",Rs./Quintal,10-07-2026
Maharashtra,Ratnagiri,APMC Ratnagiri (Nachane) ,Vegetables,Tomato,Other,Local,"1,000.00","2,500.00","2,000.00",Rs./Quintal,09-07-2026
Maharashtra,Ratnagiri,APMC Ratnagiri (Nachane) ,Vegetables,Tomato,Other,Local,"1,000.00","2,500.00","2,000.00",Rs./Quintal,08-07-2026
Maharashtra,Ratnagiri,APMC Ratnagiri (Nachane) ,Vegetables,Tomato,Other,Local,"1,000.00","2,200.00","1,700.00",Rs./Quintal,07-07-2026
Maharashtra,Ratnagiri,APMC Ratnagiri (Nachane) ,Vegetables,Tomato,Other,Local,"1,000.00","2,500.00","2,000.00",Rs./Quintal,06-07-2026
Maharashtra,Ratnagiri,APMC Ratnagiri (Nachane) ,Vegetables,Tomato,Other,Local,"2,600.00","3,000.00","2,800.00",Rs./Quintal,26-06-2026
Maharashtra,Ratnagiri,APMC Ratnagiri (Nachane) ,Vegetables,Tomato,Other,Local,"3,000.00","3,500.00","3,300.00",Rs./Quintal,25-06-2026
Maharashtra,Ratnagiri,APMC Ratnagiri (Nachane) ,Vegetables,Tomato,Other,Local,"2,500.00","3,000.00","2,600.00",Rs./Quintal,24-06-2026
Maharashtra,Ratnagiri,APMC Ratnagiri (Nachane) ,Vegetables,Tomato,Other,Local,"3,000.00","3,200.00","3,100.00",Rs./Quintal,22-06-2026
Maharashtra,Ratnagiri,APMC Ratnagiri (Nachane) ,Vegetables,Tomato,Other,Local,"3,000.00","3,200.00","3,100.00",Rs./Quintal,19-06-2026
Maharashtra,Ratnagiri,APMC Ratnagiri (Nachane) ,Vegetables,Tomato,Other,Local,"3,000.00","3,200.00","3,100.00",Rs./Quintal,17-06-2026
Maharashtra,Ratnagiri,APMC Ratnagiri (Nachane) ,Vegetables,Tomato,Other,Local,"1,500.00","3,500.00","3,000.00",Rs./Quintal,15-06-2026
Maharashtra,Ratnagiri,APMC Ratnagiri (Nachane) ,Vegetables,Tomato,Other,Local,"1,500.00","3,500.00","2,500.00",Rs./Quintal,12-06-2026
Maharashtra,Ratnagiri,APMC Ratnagiri (Nachane) ,Vegetables,Tomato,Other,Local,"1,000.00","2,200.00","2,000.00",Rs./Quintal,11-06-2026
Maharashtra,Ratnagiri,APMC Ratnagiri (Nachane) ,Vegetables,Tomato,Other,Local,"3,700.00","4,100.00","4,000.00",Rs./Quintal,04-06-2026
Maharashtra,Ratnagiri,APMC Ratnagiri (Nachane) ,Vegetables,Tomato,Other,Local,"3,500.00","4,000.00","3,600.00",Rs./Quintal,03-06-2026
Maharashtra,Ratnagiri,APMC Ratnagiri (Nachane) ,Vegetables,Tomato,Other,Local,"3,000.00","4,000.00","3,500.00",Rs./Quintal,01-06-2026
Maharashtra,Ratnagiri,APMC Ratnagiri (Nachane) ,Vegetables,Tomato,Other,Local,"3,000.00","4,000.00","3,500.00",Rs./Quintal,29-05-2026
Maharashtra,Ratnagiri,APMC Ratnagiri (Nachane) ,Vegetables,Tomato,Other,Local,"2,800.00","3,200.00","3,000.00",Rs./Quintal,27-05-2026
Maharashtra,Ratnagiri,APMC Ratnagiri (Nachane) ,Vegetables,Tomato,Other,Local,"1,500.00","2,700.00","2,500.00",Rs./Quintal,25-05-2026
Maharashtra,Ratnagiri,APMC Ratnagiri (Nachane) ,Vegetables,Tomato,Other,Local,"2,300.00","2,800.00","2,500.00",Rs./Quintal,15-05-2026
Maharashtra,Ratnagiri,APMC Ratnagiri (Nachane) ,Vegetables,Tomato,Other,Local,"1,500.00","2,800.00","2,500.00",Rs./Quintal,11-05-2026
Maharashtra,Ratnagiri,APMC Ratnagiri (Nachane) ,Vegetables,Tomato,Other,Local,"1,200.00","2,800.00","2,500.00",Rs./Quintal,08-05-2026
Maharashtra,Ratnagiri,APMC Ratnagiri (Nachane) ,Vegetables,Tomato,Other,Local,"1,000.00","2,600.00","2,000.00",Rs./Quintal,07-05-2026
Maharashtra,Ratnagiri,APMC Ratnagiri (Nachane) ,Vegetables,Tomato,Other,Local,"1,000.00","2,600.00","2,000.00",Rs./Quintal,06-05-2026
Maharashtra,Ratnagiri,APMC Ratnagiri (Nachane) ,Vegetables,Tomato,Other,Local,"1,800.00","2,000.00","1,900.00",Rs./Quintal,30-04-2026
Maharashtra,Ratnagiri,APMC Ratnagiri (Nachane) ,Vegetables,Tomato,Other,Local,"1,500.00","1,800.00","1,600.00",Rs./Quintal,29-04-2026
Maharashtra,Ratnagiri,APMC Ratnagiri (Nachane) ,Vegetables,Tomato,Other,Local,"1,700.00","1,900.00","1,800.00",Rs./Quintal,27-04-2026
Maharashtra,Ratnagiri,APMC Ratnagiri (Nachane) ,Vegetables,Tomato,Other,Local,"1,600.00","1,800.00","1,700.00",Rs./Quintal,24-04-2026
Maharashtra,Ratnagiri,APMC Ratnagiri (Nachane) ,Vegetables,Tomato,Other,Local,"1,500.00","1,800.00","1,700.00",Rs./Quintal,23-04-2026
Maharashtra,Ratnagiri,APMC Ratnagiri (Nachane) ,Vegetables,Tomato,Other,Local,"1,600.00","2,000.00","1,800.00",Rs./Quintal,22-04-2026
Maharashtra,Ratnagiri,APMC Ratnagiri (Nachane) ,Vegetables,Tomato,Other,Local,"1,500.00","1,800.00","1,600.00",Rs./Quintal,20-04-2026
Maharashtra,Ratnagiri,APMC Ratnagiri (Nachane) ,Vegetables,Tomato,Other,Local,"1,500.00","1,800.00","1,600.00",Rs./Quintal,17-04-2026
Maharashtra,Ratnagiri,APMC Ratnagiri (Nachane) ,Vegetables,Tomato,Other,Local,"1,400.00","1,600.00","1,500.00",Rs./Quintal,16-04-2026
Maharashtra,Ratnagiri,APMC Ratnagiri (Nachane) ,Vegetables,Tomato,Other,Local,"1,400.00","1,600.00","1,500.00",Rs./Quintal,15-04-2026
Maharashtra,Ratnagiri,APMC Ratnagiri (Nachane) ,Vegetables,Tomato,Other,Local,"1,500.00","1,700.00","1,600.00",Rs./Quintal,13-04-2026
Maharashtra,Ratnagiri,APMC Ratnagiri (Nachane) ,Vegetables,Tomato,Other,Local,"1,400.00","1,600.00","1,500.00",Rs./Quintal,10-04-2026
Maharashtra,Ratnagiri,APMC Ratnagiri (Nachane) ,Vegetables,Tomato,Other,Local,"1,400.00","1,600.00","1,500.00",Rs./Quintal,09-04-2026
Maharashtra,Ratnagiri,APMC Ratnagiri (Nachane) ,Vegetables,Tomato,Other,Local,"1,200.00","1,500.00","1,300.00",Rs./Quintal,08-04-2026
Maharashtra,Ratnagiri,APMC Ratnagiri (Nachane) ,Vegetables,Tomato,Other,Local,"1,500.00","2,000.00","1,800.00",Rs./Quintal,06-04-2026
Maharashtra,Ratnagiri,APMC Ratnagiri (Nachane) ,Vegetables,Tomato,Other,Local,"1,500.00","1,800.00","1,700.00",Rs./Quintal,02-04-2026
Maharashtra,Ratnagiri,APMC Ratnagiri (Nachane) ,Vegetables,Tomato,Other,Local,"1,500.00","2,000.00","1,800.00",Rs./Quintal,01-04-2026
Maharashtra,Ratnagiri,APMC Ratnagiri (Nachane) ,Vegetables,Tomato,Other,Local,"1,000.00","2,000.00","1,500.00",Rs./Quintal,30-03-2026
Maharashtra,Ratnagiri,APMC Ratnagiri (Nachane) ,Vegetables,Tomato,Other,Local,"1,500.00","2,000.00","1,800.00",Rs./Quintal,27-03-2026
Maharashtra,Ratnagiri,APMC Ratnagiri (Nachane) ,Vegetables,Tomato,Other,Local,"1,600.00","1,800.00","1,700.00",Rs./Quintal,24-03-2026
Maharashtra,Ratnagiri,APMC Ratnagiri (Nachane) ,Vegetables,Tomato,Other,Local,"1,000.00","1,500.00","1,400.00",Rs./Quintal,23-03-2026
Maharashtra,Ratnagiri,APMC Ratnagiri (Nachane) ,Vegetables,Tomato,Other,Local,"1,000.00","1,500.00","1,200.00",Rs./Quintal,20-03-2026
Maharashtra,Ratnagiri,APMC Ratnagiri (Nachane) ,Vegetables,Tomato,Other,Local,"1,000.00","1,500.00","1,300.00",Rs./Quintal,19-03-2026
Maharashtra,Ratnagiri,APMC Ratnagiri (Nachane) ,Vegetables,Tomato,Other,Local,"1,800.00","2,000.00","1,900.00",Rs./Quintal,18-03-2026
Maharashtra,Ratnagiri,APMC Ratnagiri (Nachane) ,Vegetables,Tomato,Other,Local,"2,000.00","2,200.00","2,100.00",Rs./Quintal,16-03-2026
Maharashtra,Ratnagiri,APMC Ratnagiri (Nachane) ,Vegetables,Tomato,Other,Local,"2,000.00","2,300.00","2,100.00",Rs./Quintal,13-03-2026
Maharashtra,Ratnagiri,APMC Ratnagiri (Nachane) ,Vegetables,Tomato,Other,Local,"1,000.00","2,000.00","1,500.00",Rs./Quintal,12-03-2026
Maharashtra,Ratnagiri,APMC Ratnagiri (Nachane) ,Vegetables,Tomato,Other,Local,"1,000.00","1,500.00","1,300.00",Rs./Quintal,11-03-2026
Maharashtra,Ratnagiri,APMC Ratnagiri (Nachane) ,Vegetables,Tomato,Other,Local,"1,000.00","1,500.00","1,400.00",Rs./Quintal,09-03-2026
Maharashtra,Ratnagiri,APMC Ratnagiri (Nachane) ,Vegetables,Tomato,Other,Local,"1,000.00","1,500.00","1,300.00",Rs./Quintal,06-03-2026
Maharashtra,Ratnagiri,APMC Ratnagiri (Nachane) ,Vegetables,Tomato,Other,Local,"1,000.00","1,500.00","1,300.00",Rs./Quintal,05-03-2026
Maharashtra,Ratnagiri,APMC Ratnagiri (Nachane) ,Vegetables,Tomato,Other,Local,"1,000.00","1,200.00","1,100.00",Rs./Quintal,04-03-2026
Maharashtra,Ratnagiri,APMC Ratnagiri (Nachane) ,Vegetables,Tomato,Other,Local,"1,000.00","1,200.00","1,100.00",Rs./Quintal,27-02-2026
Maharashtra,Ratnagiri,APMC Ratnagiri (Nachane) ,Vegetables,Tomato,Other,Local,"1,000.00","1,200.00","1,100.00",Rs./Quintal,26-02-2026
Maharashtra,Ratnagiri,APMC Ratnagiri (Nachane) ,Vegetables,Tomato,Other,Local,"1,000.00","1,200.00","1,100.00",Rs./Quintal,25-02-2026
Maharashtra,Ratnagiri,APMC Ratnagiri (Nachane) ,Vegetables,Tomato,Other,Local,"1,200.00","1,500.00","1,400.00",Rs./Quintal,23-02-2026
Maharashtra,Ratnagiri,APMC Ratnagiri (Nachane) ,Vegetables,Tomato,Other,Local,"1,200.00","1,500.00","1,400.00",Rs./Quintal,19-02-2026
Maharashtra,Ratnagiri,APMC Ratnagiri (Nachane) ,Vegetables,Tomato,Other,Local,"2,000.00","2,500.00","2,300.00",Rs./Quintal,16-02-2026
Maharashtra,Ratnagiri,APMC Ratnagiri (Nachane) ,Vegetables,Tomato,Other,Local,"1,000.00","1,200.00","1,100.00",Rs./Quintal,12-02-2026
Maharashtra,Ratnagiri,APMC Ratnagiri (Nachane) ,Vegetables,Tomato,Other,Local,"1,500.00","2,000.00","1,800.00",Rs./Quintal,11-02-2026
Maharashtra,Ratnagiri,APMC Ratnagiri (Nachane) ,Vegetables,Tomato,Other,Local,700.00,"1,300.00","1,000.00",Rs./Quintal,09-02-2026
Maharashtra,Ratnagiri,APMC Ratnagiri (Nachane) ,Vegetables,Tomato,Other,Local,"2,000.00","2,500.00","2,200.00",Rs./Quintal,06-02-2026
Maharashtra,Ratnagiri,APMC Ratnagiri (Nachane) ,Vegetables,Tomato,Other,Local,"1,500.00","2,000.00","1,700.00",Rs./Quintal,05-02-2026
Maharashtra,Ratnagiri,APMC Ratnagiri (Nachane) ,Vegetables,Tomato,Other,Local,"1,600.00","2,500.00","2,000.00",Rs./Quintal,02-02-2026
Maharashtra,Ratnagiri,APMC Ratnagiri (Nachane) ,Vegetables,Tomato,Other,Local,"1,400.00","1,600.00","1,500.00",Rs./Quintal,30-01-2026
Maharashtra,Ratnagiri,APMC Ratnagiri (Nachane) ,Vegetables,Tomato,Other,Local,"1,400.00","1,600.00","1,500.00",Rs./Quintal,29-01-2026
Maharashtra,Ratnagiri,APMC Ratnagiri (Nachane) ,Vegetables,Tomato,Other,Local,"1,400.00","1,600.00","1,500.00",Rs./Quintal,28-01-2026
Maharashtra,Ratnagiri,APMC Ratnagiri (Nachane) ,Vegetables,Tomato,Other,Local,"3,500.00","4,000.00","3,600.00",Rs./Quintal,26-01-2026
Maharashtra,Ratnagiri,APMC Ratnagiri (Nachane) ,Vegetables,Tomato,Other,Local,"1,500.00","2,000.00","1,800.00",Rs./Quintal,23-01-2026
Maharashtra,Ratnagiri,APMC Ratnagiri (Nachane) ,Vegetables,Tomato,Other,Local,"1,000.00","1,800.00","1,500.00",Rs./Quintal,22-01-2026
Maharashtra,Ratnagiri,APMC Ratnagiri (Nachane) ,Vegetables,Tomato,Other,Local,"2,000.00","2,200.00","2,100.00",Rs./Quintal,21-01-2026
Maharashtra,Ratnagiri,APMC Ratnagiri (Nachane) ,Vegetables,Tomato,Other,Local,"2,000.00","2,800.00","2,500.00",Rs./Quintal,19-01-2026
Maharashtra,Ratnagiri,APMC Ratnagiri (Nachane) ,Vegetables,Tomato,Other,Local,"2,000.00","2,500.00","2,400.00",Rs./Quintal,16-01-2026
Maharashtra,Ratnagiri,APMC Ratnagiri (Nachane) ,Vegetables,Tomato,Other,Local,"2,000.00","2,500.00","2,400.00",Rs./Quintal,15-01-2026
Maharashtra,Ratnagiri,APMC Ratnagiri (Nachane) ,Vegetables,Tomato,Other,Local,"1,000.00","2,300.00","2,000.00",Rs./Quintal,12-01-2026
Maharashtra,Ratnagiri,APMC Ratnagiri (Nachane) ,Vegetables,Tomato,Other,Local,"2,000.00","2,800.00","2,500.00",Rs./Quintal,09-01-2026
Maharashtra,Ratnagiri,APMC Ratnagiri (Nachane) ,Vegetables,Tomato,Other,Local,"2,000.00","2,800.00","2,500.00",Rs./Quintal,08-01-2026
Maharashtra,Ratnagiri,APMC Ratnagiri (Nachane) ,Vegetables,Tomato,Other,Local,"3,000.00","4,000.00","3,500.00",Rs./Quintal,07-01-2026
Maharashtra,Ratnagiri,APMC Ratnagiri (Nachane) ,Vegetables,Tomato,Other,Local,"3,000.00","4,200.00","3,500.00",Rs./Quintal,05-01-2026
Maharashtra,Ratnagiri,APMC Ratnagiri (Nachane) ,Vegetables,Tomato,Other,Local,"3,000.00","4,200.00","4,000.00",Rs./Quintal,01-01-2026
Maharashtra,Sangli,APMC Islampur ,Vegetables,Tomato,Other,Local,"1,000.00","1,200.00","1,100.00",Rs./Quintal,30-08-2026
Maharashtra,Sangli,APMC Islampur ,Vegetables,Tomato,Other,Local,"1,000.00","1,200.00","1,100.00",Rs./Quintal,28-08-2026
Maharashtra,Sangli,APMC Islampur ,Vegetables,Tomato,Other,Local,"1,000.00","2,000.00","1,550.00",Rs./Quintal,27-08-2026
Maharashtra,Sangli,APMC Islampur ,Vegetables,Tomato,Other,Local,500.00,"1,000.00",750.00,Rs./Quintal,25-08-2026
Maharashtra,Sangli,APMC Islampur ,Vegetables,Tomato,Other,Local,"1,000.00","1,200.00","1,100.00",Rs./Quintal,23-08-2026
Maharashtra,Sangli,APMC Islampur ,Vegetables,Tomato,Other,Local,"1,000.00","1,500.00","1,250.00",Rs./Quintal,20-08-2026
Maharashtra,Sangli,APMC Islampur ,Vegetables,Tomato,Other,Local,"1,000.00","1,500.00","1,250.00",Rs./Quintal,18-08-2026
Maharashtra,Sangli,APMC Islampur ,Vegetables,Tomato,Other,Local,"1,000.00","2,000.00","1,500.00",Rs./Quintal,16-08-2026
Maharashtra,Sangli,APMC Islampur ,Vegetables,Tomato,Other,Local,"1,000.00","1,200.00","1,100.00",Rs./Quintal,13-08-2026
Maharashtra,Sangli,APMC Islampur ,Vegetables,Tomato,Other,Local,"1,000.00","2,000.00","1,550.00",Rs./Quintal,11-08-2026
Maharashtra,Sangli,APMC Islampur ,Vegetables,Tomato,Other,Local,"1,000.00","2,000.00","1,550.00",Rs./Quintal,09-08-2026
Maharashtra,Sangli,APMC Islampur ,Vegetables,Tomato,Other,Local,"1,000.00","1,500.00","1,250.00",Rs./Quintal,07-08-2026
Maharashtra,Sangli,APMC Islampur ,Vegetables,Tomato,Other,Local,"1,000.00","1,500.00","1,250.00",Rs./Quintal,06-08-2026
Maharashtra,Sangli,APMC Islampur ,Vegetables,Tomato,Other,Local,"1,000.00","1,500.00","1,250.00",Rs./Quintal,04-08-2026
Maharashtra,Sangli,APMC Islampur ,Vegetables,Tomato,Other,Local,"1,000.00","1,200.00","1,100.00",Rs./Quintal,02-08-2026
Maharashtra,Sangli,APMC Islampur ,Vegetables,Tomato,Other,Local,"1,000.00","2,000.00","1,550.00",Rs./Quintal,30-07-2026
Maharashtra,Sangli,APMC Islampur ,Vegetables,Tomato,Other,Local,"1,000.00","1,200.00","1,150.00",Rs./Quintal,28-07-2026
Maharashtra,Sangli,APMC Islampur ,Vegetables,Tomato,Other,Local,"1,000.00","1,500.00","1,250.00",Rs./Quintal,24-07-2026
Maharashtra,Sangli,APMC Islampur ,Vegetables,Tomato,Other,Local,"1,000.00","2,000.00","1,550.00",Rs./Quintal,21-07-2026
Maharashtra,Sangli,APMC Islampur ,Vegetables,Tomato,Other,Local,"1,500.00","2,000.00","1,750.00",Rs./Quintal,17-07-2026
Maharashtra,Sangli,APMC Islampur ,Vegetables,Tomato,Other,Local,"1,000.00","1,500.00","1,250.00",Rs./Quintal,16-07-2026
Maharashtra,Sangli,APMC Islampur ,Vegetables,Tomato,Other,Local,"1,500.00","2,000.00","1,750.00",Rs./Quintal,14-07-2026
Maharashtra,Sangli,APMC Islampur ,Vegetables,Tomato,Other,Local,"1,500.00","2,000.00","1,750.00",Rs./Quintal,12-07-2026
Maharashtra,Sangli,APMC Islampur ,Vegetables,Tomato,Other,Local,"1,000.00","2,000.00","1,550.00",Rs./Quintal,10-07-2026
Maharashtra,Sangli,APMC Islampur ,Vegetables,Tomato,Other,Local,"1,000.00","2,000.00","1,550.00",Rs./Quintal,09-07-2026
Maharashtra,Sangli,APMC Islampur ,Vegetables,Tomato,Other,Local,"1,000.00","1,500.00","1,250.00",Rs./Quintal,07-07-2026
Maharashtra,Sangli,APMC Islampur ,Vegetables,Tomato,Other,Local,"1,500.00","2,500.00","2,000.00",Rs./Quintal,05-07-2026
Maharashtra,Sangli,APMC Islampur ,Vegetables,Tomato,Other,Local,"1,000.00","1,500.00","1,250.00",Rs./Quintal,03-07-2026
Maharashtra,Sangli,APMC Islampur ,Vegetables,Tomato,Other,Local,"1,000.00","1,500.00","1,250.00",Rs./Quintal,02-07-2026
Maharashtra,Sangli,APMC Islampur ,Vegetables,Tomato,Other,Local,"1,000.00","2,000.00","1,550.00",Rs./Quintal,28-06-2026
Maharashtra,Sangli,APMC Islampur ,Vegetables,Tomato,Other,Local,"2,000.00","2,500.00","2,250.00",Rs./Quintal,25-06-2026
Maharashtra,Sangli,APMC Islampur ,Vegetables,Tomato,Other,Local,"2,000.00","2,500.00","2,250.00",Rs./Quintal,23-06-2026
Maharashtra,Sangli,APMC Islampur ,Vegetables,Tomato,Other,Local,"1,500.00","2,500.00","2,000.00",Rs./Quintal,21-06-2026
Maharashtra,Sangli,APMC Islampur ,Vegetables,Tomato,Other,Local,"2,000.00","3,000.00","2,550.00",Rs./Quintal,18-06-2026
Maharashtra,Sangli,APMC Islampur ,Vegetables,Tomato,Other,Local,"3,000.00","4,000.00","3,550.00",Rs./Quintal,14-06-2026
Maharashtra,Sangli,APMC Islampur ,Vegetables,Tomato,Other,Local,"3,000.00","4,000.00","3,550.00",Rs./Quintal,12-06-2026
Maharashtra,Sangli,APMC Islampur ,Vegetables,Tomato,Other,Local,"2,000.00","2,500.00","2,250.00",Rs./Quintal,11-06-2026
Maharashtra,Sangli,APMC Islampur ,Vegetables,Tomato,Other,Local,"2,000.00","2,500.00","2,200.00",Rs./Quintal,09-06-2026
Maharashtra,Sangli,APMC Islampur ,Vegetables,Tomato,Other,Local,"2,000.00","3,000.00","2,550.00",Rs./Quintal,07-06-2026
Maharashtra,Sangli,APMC Islampur ,Vegetables,Tomato,Other,Local,"2,500.00","3,000.00","2,750.00",Rs./Quintal,05-06-2026
Maharashtra,Sangli,APMC Islampur ,Vegetables,Tomato,Other,Local,"3,000.00","4,000.00","3,550.00",Rs./Quintal,04-06-2026
Maharashtra,Sangli,APMC Islampur ,Vegetables,Tomato,Other,Local,"3,000.00","4,000.00","3,550.00",Rs./Quintal,02-06-2026
Maharashtra,Sangli,APMC Islampur ,Vegetables,Tomato,Other,Local,"2,500.00","3,500.00","3,000.00",Rs./Quintal,29-05-2026
Maharashtra,Sangli,APMC Islampur ,Vegetables,Tomato,Other,Local,"3,000.00","4,000.00","3,550.00",Rs./Quintal,28-05-2026
Maharashtra,Sangli,APMC Islampur ,Vegetables,Tomato,Other,Local,"3,000.00","3,500.00","3,250.00",Rs./Quintal,26-05-2026
Maharashtra,Sangli,APMC Islampur ,Vegetables,Tomato,Other,Local,"1,500.00","2,000.00","1,700.00",Rs./Quintal,24-05-2026
Maharashtra,Sangli,APMC Islampur ,Vegetables,Tomato,Other,Local,"2,000.00","2,500.00","2,250.00",Rs./Quintal,21-05-2026
Maharashtra,Sangli,APMC Islampur ,Vegetables,Tomato,Other,Local,"1,000.00","1,500.00","1,250.00",Rs./Quintal,19-05-2026
Maharashtra,Sangli,APMC Islampur ,Vegetables,Tomato,Other,Local,"1,000.00","2,000.00","1,550.00",Rs./Quintal,17-05-2026
Maharashtra,Sangli,APMC Islampur ,Vegetables,Tomato,Other,Local,"1,500.00","2,000.00","1,700.00",Rs./Quintal,15-05-2026
Maharashtra,Sangli,APMC Islampur ,Vegetables,Tomato,Other,Local,"2,000.00","2,500.00","2,250.00",Rs./Quintal,12-05-2026
Maharashtra,Sangli,APMC Islampur ,Vegetables,Tomato,Other,Local,"1,400.00","2,500.00","2,000.00",Rs./Quintal,10-05-2026
Maharashtra,Sangli,APMC Islampur ,Vegetables,Tomato,Other,Local,"1,000.00","2,000.00","1,550.00",Rs./Quintal,08-05-2026
Maharashtra,Sangli,APMC Islampur ,Vegetables,Tomato,Other,Local,"1,000.00","2,000.00","1,550.00",Rs./Quintal,07-05-2026
Maharashtra,Sangli,APMC Islampur ,Vegetables,Tomato,Other,Local,"1,500.00","2,500.00","2,000.00",Rs./Quintal,05-05-2026
Maharashtra,Sangli,APMC Islampur ,Vegetables,Tomato,Other,Local,"1,000.00","2,000.00","1,550.00",Rs./Quintal,03-05-2026
Maharashtra,Sangli,APMC Islampur ,Vegetables,Tomato,Other,Local,"2,000.00","2,500.00","2,250.00",Rs./Quintal,01-05-2026
Maharashtra,Sangli,APMC Islampur ,Vegetables,Tomato,Other,Local,"1,000.00","2,000.00","1,550.00",Rs./Quintal,26-04-2026
Maharashtra,Sangli,APMC Islampur ,Vegetables,Tomato,Other,Local,"1,000.00","1,500.00","1,250.00",Rs./Quintal,23-04-2026
Maharashtra,Sangli,APMC Islampur ,Vegetables,Tomato,Other,Local,"1,000.00","2,000.00","1,550.00",Rs./Quintal,21-04-2026
Maharashtra,Sangli,APMC Islampur ,Vegetables,Tomato,Other,Local,"1,000.00","1,500.00","1,250.00",Rs./Quintal,19-04-2026
Maharashtra,Sangli,APMC Islampur ,Vegetables,Tomato,Other,Local,"1,000.00","2,000.00","1,500.00",Rs./Quintal,17-04-2026
Maharashtra,Sangli,APMC Islampur ,Vegetables,Tomato,Other,Local,"1,000.00","2,000.00","1,550.00",Rs./Quintal,16-04-2026
Maharashtra,Sangli,APMC Islampur ,Vegetables,Tomato,Other,Local,"1,000.00","2,500.00","1,750.00",Rs./Quintal,14-04-2026
Maharashtra,Sangli,APMC Islampur ,Vegetables,Tomato,Other,Local,"1,000.00","1,500.00","1,250.00",Rs./Quintal,12-04-2026
Maharashtra,Sangli,APMC Islampur ,Vegetables,Tomato,Other,Local,"1,000.00","1,500.00","1,250.00",Rs./Quintal,10-04-2026
Maharashtra,Sangli,APMC Islampur ,Vegetables,Tomato,Other,Local,"1,000.00","1,500.00","1,250.00",Rs./Quintal,09-04-2026
Maharashtra,Sangli,APMC Islampur ,Vegetables,Tomato,Other,Local,"1,000.00","1,500.00","1,250.00",Rs./Quintal,07-04-2026
Maharashtra,Sangli,APMC Islampur ,Vegetables,Tomato,Other,Local,"1,000.00","1,500.00","1,250.00",Rs./Quintal,05-04-2026
Maharashtra,Sangli,APMC Islampur ,Vegetables,Tomato,Other,Local,"1,000.00","1,500.00","1,200.00",Rs./Quintal,03-04-2026
Maharashtra,Sangli,APMC Islampur ,Vegetables,Tomato,Other,Local,"1,000.00","1,800.00","1,450.00",Rs./Quintal,31-03-2026
Maharashtra,Sangli,APMC Islampur ,Vegetables,Tomato,Other,Local,"1,000.00","1,500.00","1,250.00",Rs./Quintal,29-03-2026
Maharashtra,Sangli,APMC Islampur ,Vegetables,Tomato,Other,Local,"1,500.00","2,000.00","1,750.00",Rs./Quintal,27-03-2026
Maharashtra,Sangli,APMC Islampur ,Vegetables,Tomato,Other,Local,"1,500.00","2,000.00","1,750.00",Rs./Quintal,26-03-2026
Maharashtra,Sangli,APMC Islampur ,Vegetables,Tomato,Other,Local,"1,000.00","1,500.00","1,200.00",Rs./Quintal,24-03-2026
Maharashtra,Sangli,APMC Islampur ,Vegetables,Tomato,Other,Local,"1,000.00","1,500.00","1,350.00",Rs./Quintal,19-03-2026
Maharashtra,Sangli,APMC Islampur ,Vegetables,Tomato,Other,Local,"1,000.00","2,000.00","1,550.00",Rs./Quintal,17-03-2026
Maharashtra,Sangli,APMC Islampur ,Vegetables,Tomato,Other,Local,"1,000.00","2,000.00","1,550.00",Rs./Quintal,15-03-2026
Maharashtra,Sangli,APMC Islampur ,Vegetables,Tomato,Other,Local,"1,000.00","2,000.00","1,550.00",Rs./Quintal,13-03-2026
Maharashtra,Sangli,APMC Islampur ,Vegetables,Tomato,Other,Local,"1,000.00","2,000.00","1,450.00",Rs./Quintal,12-03-2026
Maharashtra,Sangli,APMC Islampur ,Vegetables,Tomato,Other,Local,"1,000.00","2,000.00","1,550.00",Rs./Quintal,06-03-2026
Maharashtra,Sangli,APMC Islampur ,Vegetables,Tomato,Other,Local,"1,500.00","2,000.00","1,750.00",Rs./Quintal,05-03-2026
Maharashtra,Sangli,APMC Islampur ,Vegetables,Tomato,Other,Local,"1,000.00","1,500.00","1,250.00",Rs./Quintal,03-03-2026
Maharashtra,Sangli,APMC Islampur ,Vegetables,Tomato,Other,Local,"1,000.00","1,500.00","1,250.00",Rs./Quintal,24-02-2026
Maharashtra,Sangli,APMC Islampur ,Vegetables,Tomato,Other,Local,"1,000.00","1,500.00","1,250.00",Rs./Quintal,22-02-2026
Maharashtra,Sangli,APMC Islampur ,Vegetables,Tomato,Other,Local,"1,000.00","1,500.00","1,250.00",Rs./Quintal,20-02-2026
Maharashtra,Sangli,APMC Islampur ,Vegetables,Tomato,Other,Local,"1,000.00","1,500.00","1,250.00",Rs./Quintal,19-02-2026
Maharashtra,Sangli,APMC Islampur ,Vegetables,Tomato,Other,Local,"1,000.00","1,500.00","1,250.00",Rs./Quintal,17-02-2026
Maharashtra,Sangli,APMC Islampur ,Vegetables,Tomato,Other,Local,"1,000.00","1,500.00","1,250.00",Rs./Quintal,12-02-2026
Maharashtra,Sangli,APMC Islampur ,Vegetables,Tomato,Other,Local,"1,000.00","1,500.00","1,250.00",Rs./Quintal,10-02-2026
Maharashtra,Sangli,APMC Islampur ,Vegetables,Tomato,Other,Local,500.00,"1,000.00",750.00,Rs./Quintal,03-02-2026
Maharashtra,Sangli,APMC Islampur ,Vegetables,Tomato,Other,Local,"1,000.00","1,500.00","1,250.00",Rs./Quintal,30-01-2026
Maharashtra,Sangli,APMC Islampur ,Vegetables,Tomato,Other,Local,"1,000.00","1,500.00","1,250.00",Rs./Quintal,27-01-2026
Maharashtra,Sangli,APMC Islampur ,Vegetables,Tomato,Other,Local,"1,500.00","1,800.00","1,650.00",Rs./Quintal,23-01-2026
Maharashtra,Sangli,APMC Islampur ,Vegetables,Tomato,Other,Local,"1,500.00","2,000.00","1,700.00",Rs./Quintal,22-01-2026
Maharashtra,Sangli,APMC Islampur ,Vegetables,Tomato,Other,Local,"1,500.00","2,000.00","1,750.00",Rs./Quintal,18-01-2026
Maharashtra,Sangli,APMC Islampur ,Vegetables,Tomato,Other,Local,"2,000.00","2,500.00","2,250.00",Rs./Quintal,09-01-2026
Maharashtra,Sangli,APMC Islampur ,Vegetables,Tomato,Other,Local,"1,500.00","2,500.00","2,000.00",Rs./Quintal,08-01-2026
Maharashtra,Sangli,APMC Islampur ,Vegetables,Tomato,Other,Local,"1,500.00","2,500.00","2,000.00",Rs./Quintal,06-01-2026
Maharashtra,Sangli,APMC Islampur ,Vegetables,Tomato,Other,Local,"2,000.00","3,500.00","2,750.00",Rs./Quintal,02-01-2026
Maharashtra,Sangli,APMC Palus ,Vegetables,Tomato,Other,Local,700.00,"1,200.00","1,000.00",Rs./Quintal,01-09-2026
Maharashtra,Sangli,APMC Palus ,Vegetables,Tomato,Other,Local,700.00,"1,500.00",900.00,Rs./Quintal,28-08-2026
Maharashtra,Sangli,APMC Palus ,Vegetables,Tomato,Other,Local,800.00,"1,500.00","1,200.00",Rs./Quintal,25-08-2026
Maharashtra,Sangli,APMC Palus ,Vegetables,Tomato,Other,Local,800.00,"1,500.00","1,200.00",Rs./Quintal,23-08-2026
Maharashtra,Sangli,APMC Palus ,Vegetables,Tomato,Other,Local,800.00,"1,500.00","1,000.00",Rs./Quintal,21-08-2026
Maharashtra,Sangli,APMC Palus ,Vegetables,Tomato,Other,Local,800.00,"1,500.00","1,000.00",Rs./Quintal,18-08-2026
Maharashtra,Sangli,APMC Palus ,Vegetables,Tomato,Other,Local,800.00,"1,500.00","1,200.00",Rs./Quintal,16-08-2026
Maharashtra,Sangli,APMC Palus ,Vegetables,Tomato,Other,Local,"1,000.00","1,200.00","1,100.00",Rs./Quintal,14-08-2026
Maharashtra,Sangli,APMC Palus ,Vegetables,Tomato,Other,Local,"1,000.00","1,500.00","1,200.00",Rs./Quintal,11-08-2026
Maharashtra,Sangli,APMC Palus ,Vegetables,Tomato,Other,Local,"1,000.00","1,500.00","1,200.00",Rs./Quintal,09-08-2026
Maharashtra,Sangli,APMC Palus ,Vegetables,Tomato,Other,Local,800.00,"1,200.00","1,000.00",Rs./Quintal,07-08-2026
Maharashtra,Sangli,APMC Palus ,Vegetables,Tomato,Other,Local,700.00,"1,000.00",800.00,Rs./Quintal,04-08-2026
Maharashtra,Sangli,APMC Palus ,Vegetables,Tomato,Other,Local,"1,000.00","1,500.00","1,200.00",Rs./Quintal,02-08-2026
Maharashtra,Sangli,APMC Palus ,Vegetables,Tomato,Other,Local,"1,000.00","1,500.00","1,200.00",Rs./Quintal,31-07-2026
Maharashtra,Sangli,APMC Palus ,Vegetables,Tomato,Other,Local,"1,000.00","1,800.00","1,500.00",Rs./Quintal,28-07-2026
Maharashtra,Sangli,APMC Palus ,Vegetables,Tomato,Other,Local,"1,000.00","1,500.00","1,200.00",Rs./Quintal,26-07-2026
Maharashtra,Sangli,APMC Palus ,Vegetables,Tomato,Other,Local,"1,000.00","1,500.00","1,200.00",Rs./Quintal,21-07-2026
Maharashtra,Sangli,APMC Palus ,Vegetables,Tomato,Other,Local,"1,200.00","1,500.00","1,400.00",Rs./Quintal,19-07-2026
Maharashtra,Sangli,APMC Palus ,Vegetables,Tomato,Other,Local,"1,200.00","1,500.00","1,400.00",Rs./Quintal,17-07-2026
Maharashtra,Sangli,APMC Palus ,Vegetables,Tomato,Other,Local,"1,500.00","1,800.00","1,600.00",Rs./Quintal,14-07-2026
Maharashtra,Sangli,APMC Palus ,Vegetables,Tomato,Other,Local,"1,000.00","1,500.00","1,200.00",Rs./Quintal,12-07-2026
Maharashtra,Sangli,APMC Palus ,Vegetables,Tomato,Other,Local,"1,000.00","1,800.00","1,500.00",Rs./Quintal,10-07-2026
Maharashtra,Sangli,APMC Palus ,Vegetables,Tomato,Other,Local,"1,200.00","2,000.00","1,500.00",Rs./Quintal,07-07-2026
Maharashtra,Sangli,APMC Palus ,Vegetables,Tomato,Other,Local,"1,000.00","1,500.00","1,200.00",Rs./Quintal,05-07-2026
Maharashtra,Sangli,APMC Palus ,Vegetables,Tomato,Other,Local,"1,000.00","1,500.00","1,200.00",Rs./Quintal,30-06-2026
Maharashtra,Sangli,APMC Palus ,Vegetables,Tomato,Other,Local,"1,800.00","2,000.00","1,900.00",Rs./Quintal,23-06-2026
Maharashtra,Sangli,APMC Palus ,Vegetables,Tomato,Other,Local,"2,500.00","3,000.00","2,700.00",Rs./Quintal,16-06-2026
Maharashtra,Sangli,APMC Palus ,Vegetables,Tomato,Other,Local,"2,500.00","3,500.00","3,000.00",Rs./Quintal,14-06-2026
Maharashtra,Sangli,APMC Palus ,Vegetables,Tomato,Other,Local,"2,500.00","3,000.00","2,700.00",Rs./Quintal,24-05-2026
Maharashtra,Sangli,APMC Palus ,Vegetables,Tomato,Other,Local,"2,200.00","3,000.00","2,500.00",Rs./Quintal,22-05-2026
Maharashtra,Sangli,APMC Palus ,Vegetables,Tomato,Other,Local,"2,500.00","3,000.00","2,800.00",Rs./Quintal,19-05-2026
Maharashtra,Sangli,APMC Palus ,Vegetables,Tomato,Other,Local,"1,500.00","2,200.00","1,800.00",Rs./Quintal,12-05-2026
Maharashtra,Sangli,APMC Palus ,Vegetables,Tomato,Other,Local,"1,500.00","2,200.00","1,800.00",Rs./Quintal,08-05-2026
Maharashtra,Sangli,APMC Palus ,Vegetables,Tomato,Other,Local,"1,200.00","1,500.00","1,400.00",Rs./Quintal,05-05-2026
Maharashtra,Sangli,APMC Palus ,Vegetables,Tomato,Other,Local,"1,200.00","1,500.00","1,400.00",Rs./Quintal,01-05-2026
Maharashtra,Sangli,APMC Palus ,Vegetables,Tomato,Other,Local,"1,200.00","1,500.00","1,300.00",Rs./Quintal,28-04-2026
Maharashtra,Sangli,APMC Palus ,Vegetables,Tomato,Other,Local,"1,000.00","1,500.00","1,200.00",Rs./Quintal,24-04-2026
Maharashtra,Sangli,APMC Palus ,Vegetables,Tomato,Other,Local,"1,000.00","1,500.00","1,200.00",Rs./Quintal,19-04-2026
Maharashtra,Sangli,APMC Palus ,Vegetables,Tomato,Other,Local,"1,200.00","1,500.00","1,300.00",Rs./Quintal,16-04-2026
Maharashtra,Sangli,APMC Palus ,Vegetables,Tomato,Other,Local,"1,000.00","1,200.00","1,100.00",Rs./Quintal,14-04-2026
Maharashtra,Sangli,APMC Palus ,Vegetables,Tomato,Other,Local,"1,000.00","1,400.00","1,200.00",Rs./Quintal,12-04-2026
Maharashtra,Sangli,APMC Palus ,Vegetables,Tomato,Other,Local,"1,000.00","1,400.00","1,200.00",Rs./Quintal,10-04-2026
Maharashtra,Sangli,APMC Palus ,Vegetables,Tomato,Other,Local,"1,000.00","1,200.00","1,100.00",Rs./Quintal,07-04-2026
Maharashtra,Sangli,APMC Palus ,Vegetables,Tomato,Other,Local,"1,000.00","1,500.00","1,300.00",Rs./Quintal,05-04-2026
Maharashtra,Sangli,APMC Palus ,Vegetables,Tomato,Other,Local,900.00,"1,200.00","1,000.00",Rs./Quintal,03-03-2026
Maharashtra,Sangli,APMC Palus ,Vegetables,Tomato,Other,Local,"1,000.00","1,200.00","1,100.00",Rs./Quintal,24-02-2026
Maharashtra,Sangli,APMC Palus ,Vegetables,Tomato,Other,Local,800.00,"1,500.00","1,200.00",Rs./Quintal,20-02-2026
Maharashtra,Sangli,APMC Palus ,Vegetables,Tomato,Other,Local,900.00,"1,400.00","1,200.00",Rs./Quintal,17-02-2026
Maharashtra,Sangli,APMC Palus ,Vegetables,Tomato,Other,Local,"1,000.00","1,500.00","1,200.00",Rs./Quintal,13-02-2026
Maharashtra,Sangli,APMC Palus ,Vegetables,Tomato,Other,Local,900.00,"1,200.00","1,000.00",Rs./Quintal,10-02-2026
Maharashtra,Sangli,APMC Palus ,Vegetables,Tomato,Other,Local,900.00,"1,200.00","1,000.00",Rs./Quintal,08-02-2026
Maharashtra,Sangli,APMC Palus ,Vegetables,Tomato,Other,Local,"1,000.00","1,200.00","1,100.00",Rs./Quintal,03-02-2026
Maharashtra,Sangli,APMC Palus ,Vegetables,Tomato,Other,Local,"1,500.00","2,500.00","2,000.00",Rs./Quintal,20-01-2026
Maharashtra,Sangli,APMC Palus ,Vegetables,Tomato,Other,Local,"2,000.00","3,000.00","2,500.00",Rs./Quintal,16-01-2026
Maharashtra,Sangli,APMC Vita ,Vegetables,Tomato,Other,Local,"1,000.00","2,000.00","1,500.00",Rs./Quintal,03-09-2026
Maharashtra,Sangli,APMC Vita ,Vegetables,Tomato,Other,Local,"1,000.00","1,500.00","1,200.00",Rs./Quintal,01-09-2026
Maharashtra,Sangli,APMC Vita ,Vegetables,Tomato,Other,Local,"1,000.00","1,500.00","1,300.00",Rs./Quintal,31-08-2026
Maharashtra,Sangli,APMC Vita ,Vegetables,Tomato,Other,Local,"1,000.00","1,500.00","1,200.00",Rs./Quintal,30-08-2026
Maharashtra,Sangli,APMC Vita ,Vegetables,Tomato,Other,Local,"1,000.00","1,500.00","1,200.00",Rs./Quintal,29-08-2026
Maharashtra,Sangli,APMC Vita ,Vegetables,Tomato,Other,Local,"1,000.00","1,500.00","1,200.00",Rs./Quintal,28-08-2026
Maharashtra,Sangli,APMC Vita ,Vegetables,Tomato,Other,Local,"1,000.00","1,500.00","1,200.00",Rs./Quintal,27-08-2026
Maharashtra,Sangli,APMC Vita ,Vegetables,Tomato,Other,Local,"1,000.00","1,500.00","1,200.00",Rs./Quintal,25-08-2026
Maharashtra,Sangli,APMC Vita ,Vegetables,Tomato,Other,Local,"1,000.00","1,500.00","1,200.00",Rs./Quintal,24-08-2026
Maharashtra,Sangli,APMC Vita ,Vegetables,Tomato,Other,Local,"1,500.00","2,000.00","1,500.00",Rs./Quintal,23-08-2026
Maharashtra,Sangli,APMC Vita ,Vegetables,Tomato,Other,Local,"1,500.00","2,000.00","1,500.00",Rs./Quintal,22-08-2026
Maharashtra,Sangli,APMC Vita ,Vegetables,Tomato,Other,Local,"1,500.00","2,000.00","1,600.00",Rs./Quintal,21-08-2026
Maharashtra,Sangli,APMC Vita ,Vegetables,Tomato,Other,Local,"1,500.00","2,000.00","1,600.00",Rs./Quintal,20-08-2026
Maharashtra,Sangli,APMC Vita ,Vegetables,Tomato,Other,Local,"1,000.00","1,500.00","1,200.00",Rs./Quintal,18-08-2026
Maharashtra,Sangli,APMC Vita ,Vegetables,Tomato,Other,Local,"1,000.00","1,500.00","1,200.00",Rs./Quintal,17-08-2026
Maharashtra,Sangli,APMC Vita ,Vegetables,Tomato,Other,Local,"1,000.00","1,500.00","1,000.00",Rs./Quintal,16-08-2026
Maharashtra,Sangli,APMC Vita ,Vegetables,Tomato,Other,Local,"1,000.00","1,500.00","1,200.00",Rs./Quintal,15-08-2026
Maharashtra,Sangli,APMC Vita ,Vegetables,Tomato,Other,Local,"1,000.00","1,500.00","1,200.00",Rs./Quintal,14-08-2026
Maharashtra,Sangli,APMC Vita ,Vegetables,Tomato,Other,Local,"1,000.00","1,500.00","1,200.00",Rs./Quintal,13-08-2026
Maharashtra,Sangli,APMC Vita ,Vegetables,Tomato,Other,Local,"1,000.00","1,500.00","1,200.00",Rs./Quintal,11-08-2026
Maharashtra,Sangli,APMC Vita ,Vegetables,Tomato,Other,Local,"1,000.00","1,500.00","1,200.00",Rs./Quintal,10-08-2026
Maharashtra,Sangli,APMC Vita ,Vegetables,Tomato,Other,Local,"1,000.00","2,000.00","1,200.00",Rs./Quintal,09-08-2026
Maharashtra,Sangli,APMC Vita ,Vegetables,Tomato,Other,Local,"1,000.00","2,000.00","1,200.00",Rs./Quintal,08-08-2026
Maharashtra,Sangli,APMC Vita ,Vegetables,Tomato,Other,Local,"1,000.00","1,500.00","1,200.00",Rs./Quintal,07-08-2026
Maharashtra,Sangli,APMC Vita ,Vegetables,Tomato,Other,Local,"1,000.00","1,500.00","1,200.00",Rs./Quintal,06-08-2026
Maharashtra,Sangli,APMC Vita ,Vegetables,Tomato,Other,Local,"1,000.00","1,500.00","1,200.00",Rs./Quintal,04-08-2026
Maharashtra,Sangli,APMC Vita ,Vegetables,Tomato,Other,Local,"1,000.00","1,500.00","1,200.00",Rs./Quintal,03-08-2026
Maharashtra,Sangli,APMC Vita ,Vegetables,Tomato,Other,Local,"1,000.00","1,500.00","1,200.00",Rs./Quintal,02-08-2026
Maharashtra,Sangli,APMC Vita ,Vegetables,Tomato,Other,Local,"1,000.00","1,500.00","1,200.00",Rs./Quintal,01-08-2026
Maharashtra,Sangli,APMC Vita ,Vegetables,Tomato,Other,Local,"1,000.00","1,200.00","1,000.00",Rs./Quintal,31-07-2026
Maharashtra,Sangli,APMC Vita ,Vegetables,Tomato,Other,Local,"1,000.00","1,200.00","1,000.00",Rs./Quintal,30-07-2026
Maharashtra,Sangli,APMC Vita ,Vegetables,Tomato,Other,Local,"1,000.00","1,200.00","1,000.00",Rs./Quintal,28-07-2026
Maharashtra,Sangli,APMC Vita ,Vegetables,Tomato,Other,Local,"1,000.00","1,500.00","1,200.00",Rs./Quintal,27-07-2026
Maharashtra,Sangli,APMC Vita ,Vegetables,Tomato,Other,Local,"1,000.00","1,200.00","1,000.00",Rs./Quintal,26-07-2026
Maharashtra,Sangli,APMC Vita ,Vegetables,Tomato,Other,Local,"1,000.00","1,200.00","1,000.00",Rs./Quintal,25-07-2026
Maharashtra,Sangli,APMC Vita ,Vegetables,Tomato,Other,Local,"1,000.00","1,200.00","1,000.00",Rs./Quintal,24-07-2026
Maharashtra,Sangli,APMC Vita ,Vegetables,Tomato,Other,Local,"1,000.00","1,200.00","1,000.00",Rs./Quintal,23-07-2026
Maharashtra,Sangli,APMC Vita ,Vegetables,Tomato,Other,Local,"1,000.00","1,200.00","1,000.00",Rs./Quintal,21-07-2026
Maharashtra,Sangli,APMC Vita ,Vegetables,Tomato,Other,Local,"1,000.00","1,200.00","1,000.00",Rs./Quintal,20-07-2026
Maharashtra,Sangli,APMC Vita ,Vegetables,Tomato,Other,Local,"1,000.00","1,200.00","1,000.00",Rs./Quintal,19-07-2026
Maharashtra,Sangli,APMC Vita ,Vegetables,Tomato,Other,Local,"1,000.00","1,500.00","1,200.00",Rs./Quintal,18-07-2026
Maharashtra,Sangli,APMC Vita ,Vegetables,Tomato,Other,Local,"1,000.00","1,500.00","1,000.00",Rs./Quintal,17-07-2026
Maharashtra,Sangli,APMC Vita ,Vegetables,Tomato,Other,Local,"1,500.00","2,000.00","1,800.00",Rs./Quintal,16-07-2026
Maharashtra,Sangli,APMC Vita ,Vegetables,Tomato,Other,Local,"1,500.00","2,000.00","1,800.00",Rs./Quintal,14-07-2026
Maharashtra,Sangli,APMC Vita ,Vegetables,Tomato,Other,Local,"1,500.00","2,000.00","1,800.00",Rs./Quintal,13-07-2026
Maharashtra,Sangli,APMC Vita ,Vegetables,Tomato,Other,Local,"1,500.00","2,000.00","1,700.00",Rs./Quintal,12-07-2026
Maharashtra,Sangli,APMC Vita ,Vegetables,Tomato,Other,Local,"1,500.00","2,000.00","1,800.00",Rs./Quintal,11-07-2026
Maharashtra,Sangli,APMC Vita ,Vegetables,Tomato,Other,Local,"1,500.00","2,000.00","1,800.00",Rs./Quintal,10-07-2026
Maharashtra,Sangli,APMC Vita ,Vegetables,Tomato,Other,Local,"1,500.00","2,000.00","1,800.00",Rs./Quintal,09-07-2026
Maharashtra,Sangli,APMC Vita ,Vegetables,Tomato,Other,Local,"1,500.00","2,000.00","1,700.00",Rs./Quintal,07-07-2026
Maharashtra,Sangli,APMC Vita ,Vegetables,Tomato,Other,Local,"1,500.00","2,500.00","2,000.00",Rs./Quintal,06-07-2026
Maharashtra,Sangli,APMC Vita ,Vegetables,Tomato,Other,Local,"1,500.00","2,000.00","1,800.00",Rs./Quintal,05-07-2026
Maharashtra,Sangli,APMC Vita ,Vegetables,Tomato,Other,Local,"1,500.00","2,000.00","1,800.00",Rs./Quintal,04-07-2026
Maharashtra,Sangli,APMC Vita ,Vegetables,Tomato,Other,Local,"1,500.00","2,000.00","1,800.00",Rs./Quintal,03-07-2026
Maharashtra,Sangli,APMC Vita ,Vegetables,Tomato,Other,Local,"1,800.00","2,000.00","1,800.00",Rs./Quintal,02-07-2026
Maharashtra,Sangli,APMC Vita ,Vegetables,Tomato,Other,Local,"1,500.00","2,000.00","1,800.00",Rs./Quintal,29-06-2026
Maharashtra,Sangli,APMC Vita ,Vegetables,Tomato,Other,Local,"1,500.00","2,000.00","1,800.00",Rs./Quintal,28-06-2026
Maharashtra,Sangli,APMC Vita ,Vegetables,Tomato,Other,Local,"2,500.00","3,000.00","2,750.00",Rs./Quintal,25-06-2026
Maharashtra,Sangli,APMC Vita ,Vegetables,Tomato,Other,Local,"3,000.00","3,500.00","3,200.00",Rs./Quintal,23-06-2026
Maharashtra,Sangli,APMC Vita ,Vegetables,Tomato,Other,Local,"2,500.00","3,000.00","2,800.00",Rs./Quintal,22-06-2026
Maharashtra,Sangli,APMC Vita ,Vegetables,Tomato,Other,Local,"2,500.00","3,000.00","2,700.00",Rs./Quintal,21-06-2026
Maharashtra,Sangli,APMC Vita ,Vegetables,Tomato,Other,Local,"3,500.00","4,000.00","3,800.00",Rs./Quintal,20-06-2026
Maharashtra,Sangli,APMC Vita ,Vegetables,Tomato,Other,Local,"3,500.00","4,000.00","3,800.00",Rs./Quintal,19-06-2026
Maharashtra,Sangli,APMC Vita ,Vegetables,Tomato,Other,Local,"3,500.00","4,000.00","3,800.00",Rs./Quintal,18-06-2026
Maharashtra,Sangli,APMC Vita ,Vegetables,Tomato,Other,Local,"3,500.00","4,000.00","3,700.00",Rs./Quintal,15-06-2026
Maharashtra,Sangli,APMC Vita ,Vegetables,Tomato,Other,Local,"3,500.00","4,000.00","3,500.00",Rs./Quintal,14-06-2026
Maharashtra,Sangli,APMC Vita ,Vegetables,Tomato,Other,Local,"3,500.00","4,000.00","3,700.00",Rs./Quintal,12-06-2026
Maharashtra,Sangli,APMC Vita ,Vegetables,Tomato,Other,Local,"3,500.00","4,000.00","3,800.00",Rs./Quintal,11-06-2026
Maharashtra,Sangli,APMC Vita ,Vegetables,Tomato,Other,Local,"2,500.00","3,000.00","2,750.00",Rs./Quintal,09-06-2026
Maharashtra,Sangli,APMC Vita ,Vegetables,Tomato,Other,Local,"2,500.00","3,000.00","2,750.00",Rs./Quintal,08-06-2026
Maharashtra,Sangli,APMC Vita ,Vegetables,Tomato,Other,Local,"2,000.00","2,500.00","2,200.00",Rs./Quintal,06-06-2026
Maharashtra,Sangli,APMC Vita ,Vegetables,Tomato,Other,Local,"3,500.00","4,000.00","3,800.00",Rs./Quintal,05-06-2026
Maharashtra,Sangli,APMC Vita ,Vegetables,Tomato,Other,Local,"3,500.00","4,000.00","3,800.00",Rs./Quintal,04-06-2026
Maharashtra,Sangli,APMC Vita ,Vegetables,Tomato,Other,Local,"3,500.00","4,000.00","3,800.00",Rs./Quintal,02-06-2026
Maharashtra,Sangli,APMC Vita ,Vegetables,Tomato,Other,Local,"3,500.00","4,000.00","3,800.00",Rs./Quintal,01-06-2026
Maharashtra,Sangli,APMC Vita ,Vegetables,Tomato,Other,Local,"3,500.00","4,000.00","3,800.00",Rs./Quintal,31-05-2026
Maharashtra,Sangli,APMC Vita ,Vegetables,Tomato,Other,Local,"3,500.00","4,000.00","3,800.00",Rs./Quintal,30-05-2026
Maharashtra,Sangli,APMC Vita ,Vegetables,Tomato,Other,Local,"3,000.00","3,500.00","3,200.00",Rs./Quintal,29-05-2026
Maharashtra,Sangli,APMC Vita ,Vegetables,Tomato,Other,Local,"3,000.00","3,500.00","3,200.00",Rs./Quintal,28-05-2026
Maharashtra,Sangli,APMC Vita ,Vegetables,Tomato,Other,Local,"3,000.00","3,500.00","3,200.00",Rs./Quintal,26-05-2026
Maharashtra,Sangli,APMC Vita ,Vegetables,Tomato,Other,Local,"3,000.00","3,500.00","3,200.00",Rs./Quintal,25-05-2026
Maharashtra,Sangli,APMC Vita ,Vegetables,Tomato,Other,Local,"3,000.00","3,500.00","3,200.00",Rs./Quintal,24-05-2026
Maharashtra,Sangli,APMC Vita ,Vegetables,Tomato,Other,Local,"3,000.00","3,500.00","3,200.00",Rs./Quintal,22-05-2026
Maharashtra,Sangli,APMC Vita ,Vegetables,Tomato,Other,Local,"3,000.00","3,500.00","3,300.00",Rs./Quintal,21-05-2026
Maharashtra,Sangli,APMC Vita ,Vegetables,Tomato,Other,Local,"3,000.00","3,500.00","3,200.00",Rs./Quintal,19-05-2026
Maharashtra,Sangli,APMC Vita ,Vegetables,Tomato,Other,Local,"2,500.00","3,000.00","2,800.00",Rs./Quintal,18-05-2026
Maharashtra,Sangli,APMC Vita ,Vegetables,Tomato,Other,Local,"2,500.00","3,000.00","2,800.00",Rs./Quintal,17-05-2026
Maharashtra,Sangli,APMC Vita ,Vegetables,Tomato,Other,Local,"3,500.00","4,000.00","3,750.00",Rs./Quintal,16-05-2026
Maharashtra,Sangli,APMC Vita ,Vegetables,Tomato,Other,Local,"3,500.00","4,000.00","3,850.00",Rs./Quintal,15-05-2026
Maharashtra,Sangli,APMC Vita ,Vegetables,Tomato,Other,Local,"3,500.00","4,000.00","3,750.00",Rs./Quintal,14-05-2026
Maharashtra,Sangli,APMC Vita ,Vegetables,Tomato,Other,Local,"2,500.00","3,000.00","2,800.00",Rs./Quintal,12-05-2026
Maharashtra,Sangli,APMC Vita ,Vegetables,Tomato,Other,Local,"2,000.00","3,000.00","2,500.00",Rs./Quintal,11-05-2026
Maharashtra,Sangli,APMC Vita ,Vegetables,Tomato,Other,Local,"3,000.00","3,500.00","3,200.00",Rs./Quintal,08-05-2026
Maharashtra,Sangli,APMC Vita ,Vegetables,Tomato,Other,Local,"2,500.00","3,000.00","2,500.00",Rs./Quintal,07-05-2026
Maharashtra,Sangli,APMC Vita ,Vegetables,Tomato,Other,Local,"1,000.00","2,000.00","1,500.00",Rs./Quintal,04-05-2026
Maharashtra,Sangli,APMC Vita ,Vegetables,Tomato,Other,Local,"2,000.00","2,500.00","2,350.00",Rs./Quintal,02-05-2026
Maharashtra,Sangli,APMC Vita ,Vegetables,Tomato,Other,Local,"2,000.00","2,500.00","2,350.00",Rs./Quintal,01-05-2026
Maharashtra,Sangli,APMC Vita ,Vegetables,Tomato,Other,Local,"1,500.00","2,000.00","1,800.00",Rs./Quintal,28-04-2026
Maharashtra,Sangli,APMC Vita ,Vegetables,Tomato,Other,Local,"1,000.00","1,500.00","1,350.00",Rs./Quintal,27-04-2026
Maharashtra,Sangli,APMC Vita ,Vegetables,Tomato,Other,Local,"1,000.00","1,500.00","1,350.00",Rs./Quintal,26-04-2026
Maharashtra,Sangli,APMC Vita ,Vegetables,Tomato,Other,Local,"1,000.00","1,500.00","1,250.00",Rs./Quintal,24-04-2026
Maharashtra,Sangli,APMC Vita ,Vegetables,Tomato,Other,Local,"1,000.00","1,500.00","1,350.00",Rs./Quintal,23-04-2026
Maharashtra,Sangli,APMC Vita ,Vegetables,Tomato,Other,Local,"1,500.00","2,000.00","1,750.00",Rs./Quintal,21-04-2026
Maharashtra,Sangli,APMC Vita ,Vegetables,Tomato,Other,Local,"1,000.00","1,500.00","1,250.00",Rs./Quintal,20-04-2026
Maharashtra,Sangli,APMC Vita ,Vegetables,Tomato,Other,Local,"1,000.00","1,500.00","1,350.00",Rs./Quintal,19-04-2026
Maharashtra,Sangli,APMC Vita ,Vegetables,Tomato,Other,Local,"1,000.00","1,500.00","1,250.00",Rs./Quintal,18-04-2026
Maharashtra,Sangli,APMC Vita ,Vegetables,Tomato,Other,Local,"1,200.00","1,700.00","1,500.00",Rs./Quintal,17-04-2026
Maharashtra,Sangli,APMC Vita ,Vegetables,Tomato,Other,Local,"1,000.00","1,500.00","1,200.00",Rs./Quintal,16-04-2026
Maharashtra,Sangli,APMC Vita ,Vegetables,Tomato,Other,Local,800.00,"1,500.00","1,300.00",Rs./Quintal,14-04-2026
Maharashtra,Sangli,APMC Vita ,Vegetables,Tomato,Other,Local,"1,000.00","1,500.00","1,350.00",Rs./Quintal,13-04-2026
Maharashtra,Sangli,APMC Vita ,Vegetables,Tomato,Other,Local,500.00,"1,000.00",850.00,Rs./Quintal,12-04-2026
Maharashtra,Sangli,APMC Vita ,Vegetables,Tomato,Other,Local,500.00,"1,300.00","1,000.00",Rs./Quintal,11-04-2026
Maharashtra,Sangli,APMC Vita ,Vegetables,Tomato,Other,Local,700.00,"1,200.00",950.00,Rs./Quintal,10-04-2026
Maharashtra,Sangli,APMC Vita ,Vegetables,Tomato,Other,Local,"1,000.00","1,200.00","1,150.00",Rs./Quintal,09-04-2026
Maharashtra,Sangli,APMC Vita ,Vegetables,Tomato,Other,Local,500.00,"1,000.00",750.00,Rs./Quintal,06-04-2026
Maharashtra,Sangli,APMC Vita ,Vegetables,Tomato,Other,Local,"2,000.00","2,500.00","2,200.00",Rs./Quintal,31-03-2026
Maharashtra,Sangli,APMC Vita ,Vegetables,Tomato,Other,Local,500.00,"1,000.00",950.00,Rs./Quintal,12-02-2026
Maharashtra,Sangli,APMC Vita ,Vegetables,Tomato,Other,Local,500.00,"1,200.00",950.00,Rs./Quintal,09-02-2026
Maharashtra,Sangli,APMC Vita ,Vegetables,Tomato,Other,Local,500.00,"1,300.00",850.00,Rs./Quintal,08-02-2026
Maharashtra,Sangli,APMC Vita ,Vegetables,Tomato,Other,Local,500.00,"1,000.00",850.00,Rs./Quintal,02-02-2026
Maharashtra,Sangli,APMC Vita ,Vegetables,Tomato,Other,Local,"1,000.00","1,700.00","1,450.00",Rs./Quintal,20-01-2026
Maharashtra,Sangli,APMC Vita ,Vegetables,Tomato,Other,Local,"1,000.00","1,500.00","1,350.00",Rs./Quintal,19-01-2026
Maharashtra,Sangli,APMC Vita ,Vegetables,Tomato,Other,Local,"1,500.00","2,000.00","1,750.00",Rs./Quintal,18-01-2026
Maharashtra,Sangli,APMC Vita ,Vegetables,Tomato,Other,Local,"1,500.00","2,500.00","2,000.00",Rs./Quintal,13-01-2026
Maharashtra,Sangli,APMC Vita ,Vegetables,Tomato,Other,Local,"1,000.00","1,500.00","1,350.00",Rs./Quintal,12-01-2026
Maharashtra,Sangli,APMC Vita ,Vegetables,Tomato,Other,Local,"1,000.00","1,500.00","1,350.00",Rs./Quintal,11-01-2026
Maharashtra,Sangli,APMC Vita ,Vegetables,Tomato,Other,Local,"2,500.00","3,500.00","3,000.00",Rs./Quintal,05-01-2026
Maharashtra,Sangli,APMC Vita ,Vegetables,Tomato,Other,Local,"2,500.00","3,500.00","3,000.00",Rs./Quintal,04-01-2026
Maharashtra,Satara,APMC Karad ,Vegetables,Tomato,Other,Local,"1,000.00","1,500.00","1,500.00",Rs./Quintal,02-09-2026
Maharashtra,Satara,APMC Karad ,Vegetables,Tomato,Other,Local,"1,000.00","1,200.00","1,200.00",Rs./Quintal,01-09-2026
Maharashtra,Satara,APMC Karad ,Vegetables,Tomato,Other,Local,"1,000.00","1,200.00","1,200.00",Rs./Quintal,31-08-2026
Maharashtra,Satara,APMC Karad ,Vegetables,Tomato,Other,Local,800.00,"1,000.00","1,000.00",Rs./Quintal,30-08-2026
Maharashtra,Satara,APMC Karad ,Vegetables,Tomato,Other,Local,800.00,"1,200.00","1,200.00",Rs./Quintal,29-08-2026
Maharashtra,Satara,APMC Karad ,Vegetables,Tomato,Other,Local,500.00,"1,500.00","1,500.00",Rs./Quintal,25-08-2026
Maharashtra,Satara,APMC Karad ,Vegetables,Tomato,Other,Local,"1,000.00","1,200.00","1,200.00",Rs./Quintal,24-08-2026
Maharashtra,Satara,APMC Karad ,Vegetables,Tomato,Other,Local,"1,000.00","1,500.00","1,500.00",Rs./Quintal,23-08-2026
Maharashtra,Satara,APMC Karad ,Vegetables,Tomato,Other,Local,"1,000.00","1,500.00","1,500.00",Rs./Quintal,22-08-2026
Maharashtra,Satara,APMC Karad ,Vegetables,Tomato,Other,Local,800.00,"1,500.00","1,500.00",Rs./Quintal,20-08-2026
Maharashtra,Satara,APMC Karad ,Vegetables,Tomato,Other,Local,"1,000.00","1,500.00","1,500.00",Rs./Quintal,19-08-2026
Maharashtra,Satara,APMC Karad ,Vegetables,Tomato,Other,Local,800.00,"1,200.00","1,200.00",Rs./Quintal,18-08-2026
Maharashtra,Satara,APMC Karad ,Vegetables,Tomato,Other,Local,"1,000.00","1,500.00","1,500.00",Rs./Quintal,17-08-2026
Maharashtra,Satara,APMC Karad ,Vegetables,Tomato,Other,Local,"1,000.00","1,500.00","1,500.00",Rs./Quintal,16-08-2026
Maharashtra,Satara,APMC Karad ,Vegetables,Tomato,Other,Local,800.00,"1,200.00","1,200.00",Rs./Quintal,13-08-2026
Maharashtra,Satara,APMC Karad ,Vegetables,Tomato,Other,Local,"1,000.00","1,200.00","1,200.00",Rs./Quintal,12-08-2026
Maharashtra,Satara,APMC Karad ,Vegetables,Tomato,Other,Local,800.00,"1,200.00","1,200.00",Rs./Quintal,11-08-2026
Maharashtra,Satara,APMC Karad ,Vegetables,Tomato,Other,Local,"1,000.00","1,500.00","1,500.00",Rs./Quintal,10-08-2026
Maharashtra,Satara,APMC Karad ,Vegetables,Tomato,Other,Local,800.00,"1,500.00","1,500.00",Rs./Quintal,09-08-2026
Maharashtra,Satara,APMC Karad ,Vegetables,Tomato,Other,Local,"1,000.00","1,500.00","1,500.00",Rs./Quintal,08-08-2026
Maharashtra,Satara,APMC Karad ,Vegetables,Tomato,Other,Local,800.00,"1,200.00","1,200.00",Rs./Quintal,05-08-2026
Maharashtra,Satara,APMC Karad ,Vegetables,Tomato,Other,Local,"1,000.00","1,500.00","1,500.00",Rs./Quintal,04-08-2026
Maharashtra,Satara,APMC Karad ,Vegetables,Tomato,Other,Local,"1,500.00","1,700.00","1,700.00",Rs./Quintal,03-08-2026
Maharashtra,Satara,APMC Karad ,Vegetables,Tomato,Other,Local,"1,000.00","1,500.00","1,500.00",Rs./Quintal,02-08-2026
Maharashtra,Satara,APMC Karad ,Vegetables,Tomato,Other,Local,"1,500.00","2,000.00","2,000.00",Rs./Quintal,01-08-2026
Maharashtra,Satara,APMC Karad ,Vegetables,Tomato,Other,Local,"1,000.00","1,200.00","1,200.00",Rs./Quintal,30-07-2026
Maharashtra,Satara,APMC Karad ,Vegetables,Tomato,Other,Local,800.00,"1,200.00","1,200.00",Rs./Quintal,29-07-2026
Maharashtra,Satara,APMC Karad ,Vegetables,Tomato,Other,Local,"1,000.00","1,500.00","1,500.00",Rs./Quintal,28-07-2026
Maharashtra,Satara,APMC Karad ,Vegetables,Tomato,Other,Local,800.00,"1,200.00","1,200.00",Rs./Quintal,27-07-2026
Maharashtra,Satara,APMC Karad ,Vegetables,Tomato,Other,Local,"1,000.00","2,000.00","2,000.00",Rs./Quintal,23-07-2026
Maharashtra,Satara,APMC Karad ,Vegetables,Tomato,Other,Local,"1,000.00","2,000.00","2,000.00",Rs./Quintal,22-07-2026
Maharashtra,Satara,APMC Karad ,Vegetables,Tomato,Other,Local,"1,000.00","1,500.00","1,500.00",Rs./Quintal,21-07-2026
Maharashtra,Satara,APMC Karad ,Vegetables,Tomato,Other,Local,"1,000.00","1,500.00","1,500.00",Rs./Quintal,20-07-2026
Maharashtra,Satara,APMC Karad ,Vegetables,Tomato,Other,Local,800.00,"1,000.00","1,000.00",Rs./Quintal,19-07-2026
Maharashtra,Satara,APMC Karad ,Vegetables,Tomato,Other,Local,"1,000.00","1,200.00","1,200.00",Rs./Quintal,18-07-2026
Maharashtra,Satara,APMC Karad ,Vegetables,Tomato,Other,Local,"1,000.00","1,200.00","1,200.00",Rs./Quintal,15-07-2026
Maharashtra,Satara,APMC Karad ,Vegetables,Tomato,Other,Local,"1,000.00","1,200.00","1,200.00",Rs./Quintal,14-07-2026
Maharashtra,Satara,APMC Karad ,Vegetables,Tomato,Other,Local,"2,000.00","2,200.00","2,200.00",Rs./Quintal,13-07-2026
Maharashtra,Satara,APMC Karad ,Vegetables,Tomato,Other,Local,"1,000.00","1,500.00","1,500.00",Rs./Quintal,11-07-2026
Maharashtra,Satara,APMC Karad ,Vegetables,Tomato,Other,Local,"1,000.00","1,500.00","1,500.00",Rs./Quintal,09-07-2026
Maharashtra,Satara,APMC Karad ,Vegetables,Tomato,Other,Local,"2,000.00","2,500.00","2,500.00",Rs./Quintal,08-07-2026
Maharashtra,Satara,APMC Karad ,Vegetables,Tomato,Other,Local,"1,000.00","1,500.00","1,500.00",Rs./Quintal,07-07-2026
Maharashtra,Satara,APMC Karad ,Vegetables,Tomato,Other,Local,"1,500.00","2,000.00","2,000.00",Rs./Quintal,06-07-2026
Maharashtra,Satara,APMC Karad ,Vegetables,Tomato,Other,Local,"1,000.00","1,500.00","1,500.00",Rs./Quintal,05-07-2026
Maharashtra,Satara,APMC Karad ,Vegetables,Tomato,Other,Local,"1,000.00","1,500.00","1,500.00",Rs./Quintal,04-07-2026
Maharashtra,Satara,APMC Karad ,Vegetables,Tomato,Other,Local,"2,000.00","2,500.00","2,500.00",Rs./Quintal,02-07-2026
Maharashtra,Satara,APMC Karad ,Vegetables,Tomato,Other,Local,"1,500.00","2,000.00","2,000.00",Rs./Quintal,01-07-2026
Maharashtra,Satara,APMC Karad ,Vegetables,Tomato,Other,Local,"1,500.00","2,500.00","2,500.00",Rs./Quintal,30-06-2026
Maharashtra,Satara,APMC Karad ,Vegetables,Tomato,Other,Local,"1,500.00","2,000.00","2,000.00",Rs./Quintal,29-06-2026
Maharashtra,Satara,APMC Karad ,Vegetables,Tomato,Other,Local,"1,500.00","2,500.00","2,500.00",Rs./Quintal,28-06-2026
Maharashtra,Satara,APMC Karad ,Vegetables,Tomato,Other,Local,"1,000.00","2,000.00","2,000.00",Rs./Quintal,27-06-2026
Maharashtra,Satara,APMC Karad ,Vegetables,Tomato,Other,Local,"1,000.00","2,000.00","2,000.00",Rs./Quintal,25-06-2026
Maharashtra,Satara,APMC Karad ,Vegetables,Tomato,Other,Local,"1,500.00","2,000.00","2,000.00",Rs./Quintal,24-06-2026
Maharashtra,Satara,APMC Karad ,Vegetables,Tomato,Other,Local,"1,800.00","2,500.00","2,500.00",Rs./Quintal,23-06-2026
Maharashtra,Satara,APMC Karad ,Vegetables,Tomato,Other,Local,"2,000.00","2,500.00","2,500.00",Rs./Quintal,22-06-2026
Maharashtra,Satara,APMC Karad ,Vegetables,Tomato,Other,Local,"1,500.00","2,500.00","2,500.00",Rs./Quintal,21-06-2026
Maharashtra,Satara,APMC Karad ,Vegetables,Tomato,Other,Local,"1,000.00","2,500.00","2,500.00",Rs./Quintal,20-06-2026
Maharashtra,Satara,APMC Karad ,Vegetables,Tomato,Other,Local,"3,000.00","3,500.00","3,500.00",Rs./Quintal,18-06-2026
Maharashtra,Satara,APMC Karad ,Vegetables,Tomato,Other,Local,"1,500.00","2,300.00","2,300.00",Rs./Quintal,17-06-2026
Maharashtra,Satara,APMC Karad ,Vegetables,Tomato,Other,Local,"1,500.00","2,200.00","2,200.00",Rs./Quintal,16-06-2026
Maharashtra,Satara,APMC Karad ,Vegetables,Tomato,Other,Local,"2,000.00","2,300.00","2,300.00",Rs./Quintal,15-06-2026
Maharashtra,Satara,APMC Karad ,Vegetables,Tomato,Other,Local,"1,500.00","2,500.00","2,500.00",Rs./Quintal,13-06-2026
Maharashtra,Satara,APMC Karad ,Vegetables,Tomato,Other,Local,"3,000.00","3,500.00","3,500.00",Rs./Quintal,11-06-2026
Maharashtra,Satara,APMC Karad ,Vegetables,Tomato,Other,Local,"1,000.00","2,000.00","2,000.00",Rs./Quintal,10-06-2026
Maharashtra,Satara,APMC Karad ,Vegetables,Tomato,Other,Local,"1,500.00","2,000.00","2,000.00",Rs./Quintal,09-06-2026
Maharashtra,Satara,APMC Karad ,Vegetables,Tomato,Other,Local,"1,500.00","2,000.00","2,000.00",Rs./Quintal,08-06-2026
Maharashtra,Satara,APMC Karad ,Vegetables,Tomato,Other,Local,"1,000.00","1,800.00","1,800.00",Rs./Quintal,06-06-2026
Maharashtra,Satara,APMC Karad ,Vegetables,Tomato,Other,Local,"2,000.00","2,500.00","2,500.00",Rs./Quintal,04-06-2026
Maharashtra,Satara,APMC Karad ,Vegetables,Tomato,Other,Local,"1,500.00","2,500.00","2,500.00",Rs./Quintal,03-06-2026
Maharashtra,Satara,APMC Karad ,Vegetables,Tomato,Other,Local,"2,000.00","3,500.00","3,500.00",Rs./Quintal,02-06-2026
Maharashtra,Satara,APMC Karad ,Vegetables,Tomato,Other,Local,"2,500.00","3,000.00","3,000.00",Rs./Quintal,01-06-2026
Maharashtra,Satara,APMC Karad ,Vegetables,Tomato,Other,Local,"1,500.00","2,500.00","2,500.00",Rs./Quintal,31-05-2026
Maharashtra,Satara,APMC Karad ,Vegetables,Tomato,Other,Local,"1,000.00","1,500.00","1,500.00",Rs./Quintal,26-05-2026
Maharashtra,Satara,APMC Karad ,Vegetables,Tomato,Other,Local,"1,000.00","2,500.00","2,500.00",Rs./Quintal,23-05-2026
Maharashtra,Satara,APMC Karad ,Vegetables,Tomato,Other,Local,"1,500.00","2,000.00","2,000.00",Rs./Quintal,21-05-2026
Maharashtra,Satara,APMC Karad ,Vegetables,Tomato,Other,Local,"1,500.00","2,200.00","2,200.00",Rs./Quintal,20-05-2026
Maharashtra,Satara,APMC Karad ,Vegetables,Tomato,Other,Local,"1,000.00","2,500.00","2,500.00",Rs./Quintal,19-05-2026
Maharashtra,Satara,APMC Karad ,Vegetables,Tomato,Other,Local,"2,000.00","2,500.00","2,500.00",Rs./Quintal,18-05-2026
Maharashtra,Satara,APMC Karad ,Vegetables,Tomato,Other,Local,"2,500.00","2,800.00","2,800.00",Rs./Quintal,17-05-2026
Maharashtra,Satara,APMC Karad ,Vegetables,Tomato,Other,Local,"2,500.00","3,000.00","3,000.00",Rs./Quintal,16-05-2026
Maharashtra,Satara,APMC Karad ,Vegetables,Tomato,Other,Local,"1,000.00","2,000.00","2,000.00",Rs./Quintal,14-05-2026
Maharashtra,Satara,APMC Karad ,Vegetables,Tomato,Other,Local,"2,700.00","3,000.00","3,000.00",Rs./Quintal,13-05-2026
Maharashtra,Satara,APMC Karad ,Vegetables,Tomato,Other,Local,"1,500.00","2,300.00","2,300.00",Rs./Quintal,12-05-2026
Maharashtra,Satara,APMC Karad ,Vegetables,Tomato,Other,Local,"1,500.00","2,500.00","2,500.00",Rs./Quintal,11-05-2026
Maharashtra,Satara,APMC Karad ,Vegetables,Tomato,Other,Local,"1,000.00","1,500.00","1,500.00",Rs./Quintal,10-05-2026
Maharashtra,Satara,APMC Karad ,Vegetables,Tomato,Other,Local,"1,000.00","2,500.00","2,500.00",Rs./Quintal,09-05-2026
Maharashtra,Satara,APMC Karad ,Vegetables,Tomato,Other,Local,"2,000.00","2,500.00","2,500.00",Rs./Quintal,07-05-2026
Maharashtra,Satara,APMC Karad ,Vegetables,Tomato,Other,Local,"1,000.00","2,000.00","2,000.00",Rs./Quintal,06-05-2026
Maharashtra,Satara,APMC Karad ,Vegetables,Tomato,Other,Local,"1,500.00","2,500.00","2,500.00",Rs./Quintal,05-05-2026
Maharashtra,Satara,APMC Karad ,Vegetables,Tomato,Other,Local,"1,500.00","2,000.00","2,000.00",Rs./Quintal,04-05-2026
Maharashtra,Satara,APMC Karad ,Vegetables,Tomato,Other,Local,"2,000.00","2,200.00","2,200.00",Rs./Quintal,03-05-2026
Maharashtra,Satara,APMC Karad ,Vegetables,Tomato,Other,Local,"1,500.00","2,500.00","2,500.00",Rs./Quintal,02-05-2026
Maharashtra,Satara,APMC Karad ,Vegetables,Tomato,Other,Local,"1,800.00","2,000.00","2,000.00",Rs./Quintal,29-04-2026
Maharashtra,Satara,APMC Karad ,Vegetables,Tomato,Other,Local,"1,000.00","1,500.00","1,500.00",Rs./Quintal,28-04-2026
Maharashtra,Satara,APMC Karad ,Vegetables,Tomato,Other,Local,800.00,"1,200.00","1,200.00",Rs./Quintal,27-04-2026
Maharashtra,Satara,APMC Karad ,Vegetables,Tomato,Other,Local,"1,000.00","1,400.00","1,400.00",Rs./Quintal,26-04-2026
Maharashtra,Satara,APMC Karad ,Vegetables,Tomato,Other,Local,"1,000.00","1,200.00","1,200.00",Rs./Quintal,25-04-2026
Maharashtra,Satara,APMC Karad ,Vegetables,Tomato,Other,Local,"1,000.00","1,800.00","1,800.00",Rs./Quintal,23-04-2026
Maharashtra,Satara,APMC Karad ,Vegetables,Tomato,Other,Local,800.00,"1,500.00","1,500.00",Rs./Quintal,22-04-2026
Maharashtra,Satara,APMC Karad ,Vegetables,Tomato,Other,Local,"1,200.00","1,800.00","1,800.00",Rs./Quintal,21-04-2026
Maharashtra,Satara,APMC Karad ,Vegetables,Tomato,Other,Local,"1,000.00","1,500.00","1,500.00",Rs./Quintal,20-04-2026
Maharashtra,Satara,APMC Karad ,Vegetables,Tomato,Other,Local,"1,000.00","1,500.00","1,500.00",Rs./Quintal,19-04-2026
Maharashtra,Satara,APMC Karad ,Vegetables,Tomato,Other,Local,"1,000.00","1,200.00","1,200.00",Rs./Quintal,16-04-2026
Maharashtra,Satara,APMC Karad ,Vegetables,Tomato,Other,Local,"1,000.00","1,500.00","1,500.00",Rs./Quintal,15-04-2026
Maharashtra,Satara,APMC Karad ,Vegetables,Tomato,Other,Local,"1,000.00","1,500.00","1,500.00",Rs./Quintal,14-04-2026
Maharashtra,Satara,APMC Karad ,Vegetables,Tomato,Other,Local,"1,000.00","1,200.00","1,200.00",Rs./Quintal,13-04-2026
Maharashtra,Satara,APMC Karad ,Vegetables,Tomato,Other,Local,"1,000.00","1,500.00","1,500.00",Rs./Quintal,12-04-2026
Maharashtra,Satara,APMC Karad ,Vegetables,Tomato,Other,Local,"1,000.00","1,300.00","1,300.00",Rs./Quintal,11-04-2026
Maharashtra,Satara,APMC Karad ,Vegetables,Tomato,Other,Local,"1,000.00","1,500.00","1,500.00",Rs./Quintal,09-04-2026
Maharashtra,Satara,APMC Karad ,Vegetables,Tomato,Other,Local,"1,500.00","2,000.00","2,000.00",Rs./Quintal,08-04-2026
Maharashtra,Satara,APMC Karad ,Vegetables,Tomato,Other,Local,"1,000.00","1,500.00","1,500.00",Rs./Quintal,07-04-2026
Maharashtra,Satara,APMC Karad ,Vegetables,Tomato,Other,Local,"1,000.00","1,500.00","1,500.00",Rs./Quintal,06-04-2026
Maharashtra,Satara,APMC Karad ,Vegetables,Tomato,Other,Local,"1,000.00","1,200.00","1,200.00",Rs./Quintal,05-04-2026
Maharashtra,Satara,APMC Karad ,Vegetables,Tomato,Other,Local,"1,500.00","1,700.00","1,700.00",Rs./Quintal,04-04-2026
Maharashtra,Satara,APMC Karad ,Vegetables,Tomato,Other,Local,"1,000.00","1,500.00","1,500.00",Rs./Quintal,01-04-2026
Maharashtra,Satara,APMC Karad ,Vegetables,Tomato,Other,Local,"1,000.00","1,200.00","1,200.00",Rs./Quintal,31-03-2026
Maharashtra,Satara,APMC Karad ,Vegetables,Tomato,Other,Local,800.00,"1,500.00","1,500.00",Rs./Quintal,30-03-2026
Maharashtra,Satara,APMC Karad ,Vegetables,Tomato,Other,Local,"1,000.00","1,500.00","1,500.00",Rs./Quintal,29-03-2026
Maharashtra,Satara,APMC Karad ,Vegetables,Tomato,Other,Local,"1,200.00","1,500.00","1,500.00",Rs./Quintal,28-03-2026
Maharashtra,Satara,APMC Karad ,Vegetables,Tomato,Other,Local,"1,000.00","1,200.00","1,200.00",Rs./Quintal,24-03-2026
Maharashtra,Satara,APMC Karad ,Vegetables,Tomato,Other,Local,"1,000.00","1,500.00","1,500.00",Rs./Quintal,23-03-2026
Maharashtra,Satara,APMC Karad ,Vegetables,Tomato,Other,Local,"1,000.00","1,200.00","1,200.00",Rs./Quintal,22-03-2026
Maharashtra,Satara,APMC Karad ,Vegetables,Tomato,Other,Local,800.00,"1,000.00","1,000.00",Rs./Quintal,20-03-2026
Maharashtra,Satara,APMC Karad ,Vegetables,Tomato,Other,Local,800.00,"1,500.00","1,500.00",Rs./Quintal,18-03-2026
Maharashtra,Satara,APMC Karad ,Vegetables,Tomato,Other,Local,"1,000.00","1,200.00","1,200.00",Rs./Quintal,17-03-2026
Maharashtra,Satara,APMC Karad ,Vegetables,Tomato,Other,Local,"1,000.00","2,000.00","2,000.00",Rs./Quintal,15-03-2026
Maharashtra,Satara,APMC Karad ,Vegetables,Tomato,Other,Local,"1,000.00","1,500.00","1,500.00",Rs./Quintal,14-03-2026
Maharashtra,Satara,APMC Karad ,Vegetables,Tomato,Other,Local,"2,000.00","2,500.00","2,500.00",Rs./Quintal,11-03-2026
Maharashtra,Satara,APMC Karad ,Vegetables,Tomato,Other,Local,700.00,"1,300.00","1,300.00",Rs./Quintal,10-03-2026
Maharashtra,Satara,APMC Karad ,Vegetables,Tomato,Other,Local,700.00,"1,200.00","1,200.00",Rs./Quintal,09-03-2026
Maharashtra,Satara,APMC Karad ,Vegetables,Tomato,Other,Local,800.00,"1,200.00","1,200.00",Rs./Quintal,07-03-2026
Maharashtra,Satara,APMC Karad ,Vegetables,Tomato,Other,Local,"1,000.00","1,200.00","1,200.00",Rs./Quintal,04-03-2026
Maharashtra,Satara,APMC Karad ,Vegetables,Tomato,Other,Local,800.00,"1,200.00","1,200.00",Rs./Quintal,03-03-2026
Maharashtra,Satara,APMC Karad ,Vegetables,Tomato,Other,Local,"1,000.00","1,500.00","1,500.00",Rs./Quintal,02-03-2026
Maharashtra,Satara,APMC Karad ,Vegetables,Tomato,Other,Local,800.00,"1,200.00","1,200.00",Rs./Quintal,01-03-2026
Maharashtra,Satara,APMC Karad ,Vegetables,Tomato,Other,Local,"1,000.00","1,500.00","1,500.00",Rs./Quintal,28-02-2026
Maharashtra,Satara,APMC Karad ,Vegetables,Tomato,Other,Local,"1,000.00","1,200.00","1,200.00",Rs./Quintal,26-02-2026
Maharashtra,Satara,APMC Karad ,Vegetables,Tomato,Other,Local,800.00,"1,500.00","1,500.00",Rs./Quintal,25-02-2026
Maharashtra,Satara,APMC Karad ,Vegetables,Tomato,Other,Local,800.00,"1,200.00","1,200.00",Rs./Quintal,24-02-2026
Maharashtra,Satara,APMC Karad ,Vegetables,Tomato,Other,Local,"1,000.00","1,200.00","1,200.00",Rs./Quintal,23-02-2026
Maharashtra,Satara,APMC Karad ,Vegetables,Tomato,Other,Local,"1,000.00","1,500.00","1,500.00",Rs./Quintal,21-02-2026
Maharashtra,Satara,APMC Karad ,Vegetables,Tomato,Other,Local,"1,000.00","1,500.00","1,500.00",Rs./Quintal,17-02-2026
Maharashtra,Satara,APMC Karad ,Vegetables,Tomato,Other,Local,800.00,"1,200.00","1,200.00",Rs./Quintal,16-02-2026
Maharashtra,Satara,APMC Karad ,Vegetables,Tomato,Other,Local,"1,000.00","1,200.00","1,200.00",Rs./Quintal,15-02-2026
Maharashtra,Satara,APMC Karad ,Vegetables,Tomato,Other,Local,"1,500.00","1,700.00","1,700.00",Rs./Quintal,14-02-2026
Maharashtra,Satara,APMC Karad ,Vegetables,Tomato,Other,Local,"1,000.00","1,200.00","1,200.00",Rs./Quintal,12-02-2026
Maharashtra,Satara,APMC Karad ,Vegetables,Tomato,Other,Local,"1,000.00","1,500.00","1,500.00",Rs./Quintal,11-02-2026
Maharashtra,Satara,APMC Karad ,Vegetables,Tomato,Other,Local,"1,000.00","1,500.00","1,500.00",Rs./Quintal,10-02-2026
Maharashtra,Satara,APMC Karad ,Vegetables,Tomato,Other,Local,800.00,"1,000.00","1,000.00",Rs./Quintal,09-02-2026
Maharashtra,Satara,APMC Karad ,Vegetables,Tomato,Other,Local,"1,200.00","1,300.00","1,300.00",Rs./Quintal,05-02-2026
Maharashtra,Satara,APMC Karad ,Vegetables,Tomato,Other,Local,"1,000.00","1,200.00","1,200.00",Rs./Quintal,04-02-2026
Maharashtra,Satara,APMC Karad ,Vegetables,Tomato,Other,Local,"1,000.00","1,500.00","1,500.00",Rs./Quintal,03-02-2026
Maharashtra,Satara,APMC Karad ,Vegetables,Tomato,Other,Local,800.00,"1,500.00","1,500.00",Rs./Quintal,02-02-2026
Maharashtra,Satara,APMC Karad ,Vegetables,Tomato,Other,Local,"1,000.00","1,200.00","1,200.00",Rs./Quintal,31-01-2026
Maharashtra,Satara,APMC Karad ,Vegetables,Tomato,Other,Local,"1,000.00","1,500.00","1,500.00",Rs./Quintal,27-01-2026
Maharashtra,Satara,APMC Karad ,Vegetables,Tomato,Other,Local,"1,000.00","2,200.00","2,200.00",Rs./Quintal,24-01-2026
Maharashtra,Satara,APMC Karad ,Vegetables,Tomato,Other,Local,"1,000.00","1,500.00","1,500.00",Rs./Quintal,21-01-2026
Maharashtra,Satara,APMC Karad ,Vegetables,Tomato,Other,Local,"1,500.00","2,000.00","2,000.00",Rs./Quintal,20-01-2026
Maharashtra,Satara,APMC Karad ,Vegetables,Tomato,Other,Local,"1,000.00","1,300.00","1,300.00",Rs./Quintal,19-01-2026
Maharashtra,Satara,APMC Karad ,Vegetables,Tomato,Other,Local,"1,000.00","1,500.00","1,500.00",Rs./Quintal,18-01-2026
Maharashtra,Satara,APMC Karad ,Vegetables,Tomato,Other,Local,"1,000.00","1,500.00","1,500.00",Rs./Quintal,17-01-2026
Maharashtra,Satara,APMC Karad ,Vegetables,Tomato,Other,Local,"1,000.00","2,500.00","2,500.00",Rs./Quintal,15-01-2026
Maharashtra,Satara,APMC Karad ,Vegetables,Tomato,Other,Local,"2,000.00","2,500.00","2,500.00",Rs./Quintal,13-01-2026
Maharashtra,Satara,APMC Karad ,Vegetables,Tomato,Other,Local,"1,500.00","2,000.00","2,000.00",Rs./Quintal,12-01-2026
Maharashtra,Satara,APMC Karad ,Vegetables,Tomato,Other,Local,"2,000.00","2,200.00","2,200.00",Rs./Quintal,11-01-2026
Maharashtra,Satara,APMC Karad ,Vegetables,Tomato,Other,Local,"1,500.00","2,000.00","2,000.00",Rs./Quintal,10-01-2026
Maharashtra,Satara,APMC Karad ,Vegetables,Tomato,Other,Local,"2,000.00","2,200.00","2,200.00",Rs./Quintal,08-01-2026
Maharashtra,Satara,APMC Karad ,Vegetables,Tomato,Other,Local,"2,000.00","2,500.00","2,500.00",Rs./Quintal,07-01-2026
Maharashtra,Satara,APMC Karad ,Vegetables,Tomato,Other,Local,"2,000.00","2,500.00","2,500.00",Rs./Quintal,06-01-2026
Maharashtra,Satara,APMC Karad ,Vegetables,Tomato,Other,Local,"2,000.00","3,200.00","3,200.00",Rs./Quintal,05-01-2026
Maharashtra,Satara,APMC Karad ,Vegetables,Tomato,Other,Local,"3,000.00","3,500.00","3,500.00",Rs./Quintal,04-01-2026
Maharashtra,Satara,APMC Karad ,Vegetables,Tomato,Other,Local,"3,000.00","3,500.00","3,500.00",Rs./Quintal,03-01-2026
Maharashtra,Satara,APMC Karad ,Vegetables,Tomato,Other,Local,"2,000.00","4,000.00","4,000.00",Rs./Quintal,01-01-2026
Maharashtra,Satara,APMC Patan ,Vegetables,Tomato,Other,Local,"1,150.00","1,350.00","1,250.00",Rs./Quintal,02-09-2026
Maharashtra,Satara,APMC Patan ,Vegetables,Tomato,Other,Local,"1,500.00","2,000.00","1,750.00",Rs./Quintal,31-08-2026
Maharashtra,Satara,APMC Patan ,Vegetables,Tomato,Other,Local,"1,250.00","1,450.00","1,350.00",Rs./Quintal,29-08-2026
Maharashtra,Satara,APMC Patan ,Vegetables,Tomato,Other,Local,"1,500.00","2,000.00","1,750.00",Rs./Quintal,26-08-2026
Maharashtra,Satara,APMC Patan ,Vegetables,Tomato,Other,Local,"1,000.00","1,200.00","1,100.00",Rs./Quintal,25-08-2026
Maharashtra,Satara,APMC Patan ,Vegetables,Tomato,Other,Local,"1,250.00","1,450.00","1,350.00",Rs./Quintal,21-08-2026
Maharashtra,Satara,APMC Patan ,Vegetables,Tomato,Other,Local,"1,500.00","1,700.00","1,600.00",Rs./Quintal,19-08-2026
Maharashtra,Satara,APMC Patan ,Vegetables,Tomato,Other,Local,"1,250.00","1,450.00","1,350.00",Rs./Quintal,18-08-2026
Maharashtra,Satara,APMC Patan ,Vegetables,Tomato,Other,Local,"1,500.00","2,000.00","1,750.00",Rs./Quintal,17-08-2026
Maharashtra,Satara,APMC Patan ,Vegetables,Tomato,Other,Local,"1,500.00","2,000.00","1,750.00",Rs./Quintal,15-08-2026
Maharashtra,Satara,APMC Patan ,Vegetables,Tomato,Other,Local,"1,500.00","2,000.00","1,750.00",Rs./Quintal,14-08-2026
Maharashtra,Satara,APMC Patan ,Vegetables,Tomato,Other,Local,"1,350.00","1,550.00","1,450.00",Rs./Quintal,11-08-2026
Maharashtra,Satara,APMC Patan ,Vegetables,Tomato,Other,Local,"1,500.00","2,000.00","1,750.00",Rs./Quintal,10-08-2026
Maharashtra,Satara,APMC Patan ,Vegetables,Tomato,Other,Local,"1,500.00","2,000.00","1,750.00",Rs./Quintal,07-08-2026
Maharashtra,Satara,APMC Patan ,Vegetables,Tomato,Other,Local,"1,500.00","2,000.00","1,750.00",Rs./Quintal,05-08-2026
Maharashtra,Satara,APMC Patan ,Vegetables,Tomato,Other,Local,"1,500.00","2,000.00","1,750.00",Rs./Quintal,04-08-2026
Maharashtra,Satara,APMC Patan ,Vegetables,Tomato,Other,Local,"1,250.00","1,450.00","1,350.00",Rs./Quintal,03-08-2026
Maharashtra,Satara,APMC Patan ,Vegetables,Tomato,Other,Local,"1,500.00","2,000.00","1,750.00",Rs./Quintal,01-08-2026
Maharashtra,Satara,APMC Patan ,Vegetables,Tomato,Other,Local,"1,500.00","2,000.00","1,750.00",Rs./Quintal,31-07-2026
Maharashtra,Satara,APMC Patan ,Vegetables,Tomato,Other,Local,"1,500.00","2,000.00","1,750.00",Rs./Quintal,29-07-2026
Maharashtra,Satara,APMC Patan ,Vegetables,Tomato,Other,Local,"1,500.00","2,000.00","1,750.00",Rs./Quintal,28-07-2026
Maharashtra,Satara,APMC Patan ,Vegetables,Tomato,Other,Local,"1,500.00","2,000.00","1,750.00",Rs./Quintal,27-07-2026
Maharashtra,Satara,APMC Patan ,Vegetables,Tomato,Other,Local,"1,250.00","1,450.00","1,350.00",Rs./Quintal,24-07-2026
Maharashtra,Satara,APMC Patan ,Vegetables,Tomato,Other,Local,"1,450.00","1,850.00","1,650.00",Rs./Quintal,22-07-2026
Maharashtra,Satara,APMC Patan ,Vegetables,Tomato,Other,Local,"1,500.00","2,000.00","1,750.00",Rs./Quintal,21-07-2026
Maharashtra,Satara,APMC Patan ,Vegetables,Tomato,Other,Local,"1,500.00","2,000.00","1,750.00",Rs./Quintal,20-07-2026
Maharashtra,Satara,APMC Patan ,Vegetables,Tomato,Other,Local,"1,500.00","2,000.00","1,750.00",Rs./Quintal,18-07-2026
Maharashtra,Satara,APMC Patan ,Vegetables,Tomato,Other,Local,"1,500.00","2,200.00","1,850.00",Rs./Quintal,15-07-2026
Maharashtra,Satara,APMC Patan ,Vegetables,Tomato,Other,Local,"1,500.00","2,000.00","1,750.00",Rs./Quintal,14-07-2026
Maharashtra,Satara,APMC Patan ,Vegetables,Tomato,Other,Local,"1,500.00","2,000.00","1,750.00",Rs./Quintal,13-07-2026
Maharashtra,Satara,APMC Patan ,Vegetables,Tomato,Other,Local,"2,000.00","3,000.00","2,500.00",Rs./Quintal,10-07-2026
Maharashtra,Satara,APMC Patan ,Vegetables,Tomato,Other,Local,"1,500.00","2,000.00","1,750.00",Rs./Quintal,08-07-2026
Maharashtra,Satara,APMC Patan ,Vegetables,Tomato,Other,Local,"1,500.00","2,000.00","1,750.00",Rs./Quintal,07-07-2026
Maharashtra,Satara,APMC Patan ,Vegetables,Tomato,Other,Local,"1,500.00","2,000.00","1,750.00",Rs./Quintal,06-07-2026
Maharashtra,Satara,APMC Patan ,Vegetables,Tomato,Other,Local,"1,500.00","2,000.00","1,750.00",Rs./Quintal,04-07-2026
Maharashtra,Satara,APMC Patan ,Vegetables,Tomato,Other,Local,"1,450.00","1,650.00","1,550.00",Rs./Quintal,01-07-2026
Maharashtra,Satara,APMC Patan ,Vegetables,Tomato,Other,Local,"1,500.00","2,000.00","1,750.00",Rs./Quintal,30-06-2026
Maharashtra,Satara,APMC Patan ,Vegetables,Tomato,Other,Local,"1,500.00","2,000.00","1,750.00",Rs./Quintal,29-06-2026
Maharashtra,Satara,APMC Patan ,Vegetables,Tomato,Other,Local,"1,500.00","2,000.00","1,750.00",Rs./Quintal,27-06-2026
Maharashtra,Satara,APMC Patan ,Vegetables,Tomato,Other,Local,"1,500.00","2,000.00","1,750.00",Rs./Quintal,25-06-2026
Maharashtra,Satara,APMC Patan ,Vegetables,Tomato,Other,Local,"1,500.00","2,000.00","1,750.00",Rs./Quintal,24-06-2026
Maharashtra,Satara,APMC Patan ,Vegetables,Tomato,Other,Local,"1,500.00","2,000.00","1,750.00",Rs./Quintal,23-06-2026
Maharashtra,Satara,APMC Patan ,Vegetables,Tomato,Other,Local,"1,500.00","2,500.00","2,000.00",Rs./Quintal,22-06-2026
Maharashtra,Satara,APMC Patan ,Vegetables,Tomato,Other,Local,"1,500.00","2,000.00","1,750.00",Rs./Quintal,20-06-2026
Maharashtra,Satara,APMC Patan ,Vegetables,Tomato,Other,Local,"1,500.00","2,000.00","1,750.00",Rs./Quintal,19-06-2026
Maharashtra,Satara,APMC Patan ,Vegetables,Tomato,Other,Local,"1,500.00","2,000.00","1,750.00",Rs./Quintal,16-06-2026
Maharashtra,Satara,APMC Patan ,Vegetables,Tomato,Other,Local,"1,250.00","1,450.00","1,350.00",Rs./Quintal,15-06-2026
Maharashtra,Satara,APMC Patan ,Vegetables,Tomato,Other,Local,"1,500.00","2,000.00","1,750.00",Rs./Quintal,12-06-2026
Maharashtra,Satara,APMC Patan ,Vegetables,Tomato,Other,Local,"1,500.00","2,000.00","1,750.00",Rs./Quintal,10-06-2026
Maharashtra,Satara,APMC Patan ,Vegetables,Tomato,Other,Local,"1,350.00","1,550.00","1,450.00",Rs./Quintal,08-06-2026
Maharashtra,Satara,APMC Patan ,Vegetables,Tomato,Other,Local,"1,500.00","2,000.00","1,750.00",Rs./Quintal,06-06-2026
Maharashtra,Satara,APMC Patan ,Vegetables,Tomato,Other,Local,"1,250.00","1,450.00","1,350.00",Rs./Quintal,05-06-2026
Maharashtra,Satara,APMC Patan ,Vegetables,Tomato,Other,Local,"1,500.00","2,000.00","1,750.00",Rs./Quintal,03-06-2026
Maharashtra,Satara,APMC Patan ,Vegetables,Tomato,Other,Local,"1,500.00","2,000.00","1,750.00",Rs./Quintal,01-06-2026
Maharashtra,Satara,APMC Patan ,Vegetables,Tomato,Other,Local,"1,500.00","2,000.00","1,750.00",Rs./Quintal,29-05-2026
Maharashtra,Satara,APMC Patan ,Vegetables,Tomato,Other,Local,"1,250.00","1,450.00","1,350.00",Rs./Quintal,27-05-2026
Maharashtra,Satara,APMC Patan ,Vegetables,Tomato,Other,Local,"1,500.00","2,000.00","1,750.00",Rs./Quintal,26-05-2026
Maharashtra,Satara,APMC Patan ,Vegetables,Tomato,Other,Local,"1,500.00","2,000.00","1,750.00",Rs./Quintal,25-05-2026
Maharashtra,Satara,APMC Patan ,Vegetables,Tomato,Other,Local,"1,500.00","2,000.00","1,750.00",Rs./Quintal,22-05-2026
Maharashtra,Satara,APMC Patan ,Vegetables,Tomato,Other,Local,"1,500.00","2,000.00","1,750.00",Rs./Quintal,20-05-2026
Maharashtra,Satara,APMC Patan ,Vegetables,Tomato,Other,Local,"1,500.00","2,000.00","1,750.00",Rs./Quintal,19-05-2026
Maharashtra,Satara,APMC Patan ,Vegetables,Tomato,Other,Local,"1,500.00","2,000.00","1,750.00",Rs./Quintal,18-05-2026
Maharashtra,Satara,APMC Patan ,Vegetables,Tomato,Other,Local,"1,500.00","2,000.00","1,750.00",Rs./Quintal,16-05-2026
Maharashtra,Satara,APMC Patan ,Vegetables,Tomato,Other,Local,"1,500.00","2,000.00","1,750.00",Rs./Quintal,15-05-2026
Maharashtra,Satara,APMC Patan ,Vegetables,Tomato,Other,Local,"1,500.00","2,000.00","1,750.00",Rs./Quintal,13-05-2026
Maharashtra,Satara,APMC Patan ,Vegetables,Tomato,Other,Local,"1,500.00","2,000.00","1,750.00",Rs./Quintal,12-05-2026
Maharashtra,Satara,APMC Patan ,Vegetables,Tomato,Other,Local,"1,500.00","2,000.00","1,750.00",Rs./Quintal,11-05-2026
Maharashtra,Satara,APMC Patan ,Vegetables,Tomato,Other,Local,"1,500.00","2,000.00","1,750.00",Rs./Quintal,08-05-2026
Maharashtra,Satara,APMC Patan ,Vegetables,Tomato,Other,Local,"1,500.00","2,000.00","1,750.00",Rs./Quintal,06-05-2026
Maharashtra,Satara,APMC Patan ,Vegetables,Tomato,Other,Local,"1,500.00","2,000.00","1,750.00",Rs./Quintal,05-05-2026
Maharashtra,Satara,APMC Patan ,Vegetables,Tomato,Other,Local,"1,500.00","2,000.00","1,750.00",Rs./Quintal,04-05-2026
Maharashtra,Satara,APMC Patan ,Vegetables,Tomato,Other,Local,"1,500.00","2,000.00","1,750.00",Rs./Quintal,02-05-2026
Maharashtra,Satara,APMC Patan ,Vegetables,Tomato,Other,Local,"1,500.00","2,000.00","1,750.00",Rs./Quintal,01-05-2026
Maharashtra,Satara,APMC Patan ,Vegetables,Tomato,Other,Local,"1,500.00","2,000.00","1,750.00",Rs./Quintal,28-04-2026
Maharashtra,Satara,APMC Patan ,Vegetables,Tomato,Other,Local,"1,500.00","2,000.00","1,750.00",Rs./Quintal,24-04-2026
Maharashtra,Satara,APMC Patan ,Vegetables,Tomato,Other,Local,"1,500.00","2,000.00","1,750.00",Rs./Quintal,22-04-2026
Maharashtra,Satara,APMC Patan ,Vegetables,Tomato,Other,Local,"1,500.00","2,000.00","1,750.00",Rs./Quintal,21-04-2026
Maharashtra,Satara,APMC Patan ,Vegetables,Tomato,Other,Local,"1,500.00","2,000.00","1,750.00",Rs./Quintal,20-04-2026
Maharashtra,Satara,APMC Patan ,Vegetables,Tomato,Other,Local,"1,500.00","2,000.00","1,750.00",Rs./Quintal,18-04-2026
Maharashtra,Satara,APMC Patan ,Vegetables,Tomato,Other,Local,"1,500.00","2,000.00","1,750.00",Rs./Quintal,17-04-2026
Maharashtra,Satara,APMC Patan ,Vegetables,Tomato,Other,Local,"1,500.00","2,000.00","1,750.00",Rs./Quintal,15-04-2026
Maharashtra,Satara,APMC Patan ,Vegetables,Tomato,Other,Local,"1,500.00","2,000.00","1,750.00",Rs./Quintal,14-04-2026
Maharashtra,Satara,APMC Patan ,Vegetables,Tomato,Other,Local,"1,500.00","2,000.00","1,750.00",Rs./Quintal,13-04-2026
Maharashtra,Satara,APMC Patan ,Vegetables,Tomato,Other,Local,"1,500.00","2,000.00","1,750.00",Rs./Quintal,11-04-2026
Maharashtra,Satara,APMC Patan ,Vegetables,Tomato,Other,Local,"1,500.00","2,000.00","1,750.00",Rs./Quintal,10-04-2026
Maharashtra,Satara,APMC Patan ,Vegetables,Tomato,Other,Local,"1,500.00","2,000.00","1,750.00",Rs./Quintal,08-04-2026
Maharashtra,Satara,APMC Patan ,Vegetables,Tomato,Other,Local,"1,500.00","2,000.00","1,750.00",Rs./Quintal,07-04-2026
Maharashtra,Satara,APMC Patan ,Vegetables,Tomato,Other,Local,"1,250.00","1,450.00","1,350.00",Rs./Quintal,06-04-2026
Maharashtra,Satara,APMC Patan ,Vegetables,Tomato,Other,Local,"1,500.00","2,000.00","1,750.00",Rs./Quintal,03-04-2026
Maharashtra,Satara,APMC Patan ,Vegetables,Tomato,Other,Local,"1,500.00","2,000.00","1,750.00",Rs./Quintal,01-04-2026
Maharashtra,Satara,APMC Patan ,Vegetables,Tomato,Other,Local,"1,500.00","2,000.00","1,750.00",Rs./Quintal,30-03-2026
Maharashtra,Satara,APMC Patan ,Vegetables,Tomato,Other,Local,"1,500.00","2,000.00","1,750.00",Rs./Quintal,28-03-2026
Maharashtra,Satara,APMC Patan ,Vegetables,Tomato,Other,Local,"1,500.00","2,000.00","1,750.00",Rs./Quintal,25-03-2026
Maharashtra,Satara,APMC Patan ,Vegetables,Tomato,Other,Local,"1,500.00","2,000.00","1,750.00",Rs./Quintal,24-03-2026
Maharashtra,Satara,APMC Patan ,Vegetables,Tomato,Other,Local,"1,500.00","2,000.00","1,750.00",Rs./Quintal,20-03-2026
Maharashtra,Satara,APMC Patan ,Vegetables,Tomato,Other,Local,"1,500.00","1,700.00","1,600.00",Rs./Quintal,18-03-2026
Maharashtra,Satara,APMC Patan ,Vegetables,Tomato,Other,Local,"1,500.00","2,500.00","2,000.00",Rs./Quintal,16-03-2026
Maharashtra,Satara,APMC Patan ,Vegetables,Tomato,Other,Local,"1,500.00","2,000.00","1,750.00",Rs./Quintal,13-03-2026
Maharashtra,Satara,APMC Patan ,Vegetables,Tomato,Other,Local,"1,500.00","2,000.00","1,750.00",Rs./Quintal,11-03-2026
Maharashtra,Satara,APMC Patan ,Vegetables,Tomato,Other,Local,"1,500.00","2,000.00","1,750.00",Rs./Quintal,10-03-2026
Maharashtra,Satara,APMC Patan ,Vegetables,Tomato,Other,Local,"1,500.00","2,000.00","1,750.00",Rs./Quintal,09-03-2026
Maharashtra,Satara,APMC Patan ,Vegetables,Tomato,Other,Local,"1,000.00","1,200.00","1,100.00",Rs./Quintal,06-03-2026
Maharashtra,Satara,APMC Patan ,Vegetables,Tomato,Other,Local,"1,500.00","2,000.00","1,750.00",Rs./Quintal,04-03-2026
Maharashtra,Satara,APMC Patan ,Vegetables,Tomato,Other,Local,"1,500.00","2,000.00","1,750.00",Rs./Quintal,03-03-2026
Maharashtra,Satara,APMC Patan ,Vegetables,Tomato,Other,Local,"1,500.00","2,000.00","1,750.00",Rs./Quintal,02-03-2026
Maharashtra,Satara,APMC Patan ,Vegetables,Tomato,Other,Local,"1,500.00","2,000.00","1,750.00",Rs./Quintal,27-02-2026
Maharashtra,Satara,APMC Patan ,Vegetables,Tomato,Other,Local,"1,500.00","2,000.00","1,750.00",Rs./Quintal,25-02-2026
Maharashtra,Satara,APMC Patan ,Vegetables,Tomato,Other,Local,"1,250.00","1,450.00","1,350.00",Rs./Quintal,23-02-2026
Maharashtra,Satara,APMC Patan ,Vegetables,Tomato,Other,Local,"1,250.00","1,450.00","1,350.00",Rs./Quintal,20-02-2026
Maharashtra,Satara,APMC Patan ,Vegetables,Tomato,Other,Local,"1,250.00","1,450.00","1,350.00",Rs./Quintal,18-02-2026
Maharashtra,Satara,APMC Patan ,Vegetables,Tomato,Other,Local,"1,250.00","1,450.00","1,350.00",Rs./Quintal,16-02-2026
Maharashtra,Satara,APMC Patan ,Vegetables,Tomato,Other,Local,950.00,"1,150.00","1,050.00",Rs./Quintal,13-02-2026
Maharashtra,Satara,APMC Patan ,Vegetables,Tomato,Other,Local,"1,150.00","1,350.00","1,250.00",Rs./Quintal,11-02-2026
Maharashtra,Satara,APMC Patan ,Vegetables,Tomato,Other,Local,"1,250.00","1,450.00","1,350.00",Rs./Quintal,10-02-2026
Maharashtra,Satara,APMC Patan ,Vegetables,Tomato,Other,Local,"1,250.00","1,450.00","1,350.00",Rs./Quintal,09-02-2026
Maharashtra,Satara,APMC Patan ,Vegetables,Tomato,Other,Local,"1,050.00","1,150.00","1,100.00",Rs./Quintal,06-02-2026
Maharashtra,Satara,APMC Patan ,Vegetables,Tomato,Other,Local,"1,250.00","1,450.00","1,350.00",Rs./Quintal,04-02-2026
Maharashtra,Satara,APMC Patan ,Vegetables,Tomato,Other,Local,850.00,"1,050.00",950.00,Rs./Quintal,03-02-2026
Maharashtra,Satara,APMC Patan ,Vegetables,Tomato,Other,Local,"1,250.00","1,450.00","1,350.00",Rs./Quintal,02-02-2026
Maharashtra,Satara,APMC Patan ,Vegetables,Tomato,Other,Local,"1,150.00","1,350.00","1,250.00",Rs./Quintal,31-01-2026
Maharashtra,Satara,APMC Patan ,Vegetables,Tomato,Other,Local,"1,250.00","1,450.00","1,350.00",Rs./Quintal,30-01-2026
Maharashtra,Satara,APMC Patan ,Vegetables,Tomato,Other,Local,"1,250.00","1,450.00","1,350.00",Rs./Quintal,28-01-2026
Maharashtra,Satara,APMC Patan ,Vegetables,Tomato,Other,Local,950.00,"1,150.00","1,050.00",Rs./Quintal,27-01-2026
Maharashtra,Satara,APMC Patan ,Vegetables,Tomato,Other,Local,"1,250.00","1,450.00","1,350.00",Rs./Quintal,21-01-2026
Maharashtra,Satara,APMC Patan ,Vegetables,Tomato,Other,Local,"1,250.00","1,450.00","1,350.00",Rs./Quintal,19-01-2026
Maharashtra,Satara,APMC Patan ,Vegetables,Tomato,Other,Local,"1,250.00","1,450.00","1,350.00",Rs./Quintal,17-01-2026
Maharashtra,Satara,APMC Patan ,Vegetables,Tomato,Other,Local,"1,250.00","1,450.00","1,350.00",Rs./Quintal,16-01-2026
Maharashtra,Satara,APMC Patan ,Vegetables,Tomato,Other,Local,"1,250.00","1,450.00","1,350.00",Rs./Quintal,14-01-2026
Maharashtra,Satara,APMC Patan ,Vegetables,Tomato,Other,Local,"1,250.00","1,450.00","1,350.00",Rs./Quintal,13-01-2026
Maharashtra,Satara,APMC Patan ,Vegetables,Tomato,Other,Local,"1,250.00","1,450.00","1,350.00",Rs./Quintal,12-01-2026
Maharashtra,Satara,APMC Phaltan ,Vegetables,Tomato,Other,Local,500.00,"1,250.00",800.00,Rs./Quintal,03-09-2026
Maharashtra,Satara,APMC Phaltan ,Vegetables,Tomato,Other,Local,500.00,"1,500.00","1,059.00",Rs./Quintal,02-09-2026
Maharashtra,Satara,APMC Phaltan ,Vegetables,Tomato,Other,Local,500.00,"1,000.00",650.00,Rs./Quintal,26-08-2026
Maharashtra,Satara,APMC Phaltan ,Vegetables,Tomato,Other,Local,500.00,"1,250.00",750.00,Rs./Quintal,22-08-2026
Maharashtra,Satara,APMC Phaltan ,Vegetables,Tomato,Other,Local,500.00,"1,250.00","1,000.00",Rs./Quintal,21-08-2026
Maharashtra,Satara,APMC Phaltan ,Vegetables,Tomato,Other,Local,500.00,"1,500.00","1,087.00",Rs./Quintal,20-08-2026
Maharashtra,Satara,APMC Phaltan ,Vegetables,Tomato,Other,Local,350.00,"1,250.00",830.00,Rs./Quintal,16-08-2026
Maharashtra,Satara,APMC Phaltan ,Vegetables,Tomato,Other,Local,500.00,"1,500.00","1,060.00",Rs./Quintal,08-08-2026
Maharashtra,Satara,APMC Phaltan ,Vegetables,Tomato,Other,Local,500.00,"1,750.00","1,031.00",Rs./Quintal,01-08-2026
Maharashtra,Satara,APMC Phaltan ,Vegetables,Tomato,Other,Local,500.00,"1,500.00","1,000.00",Rs./Quintal,31-07-2026
Maharashtra,Satara,APMC Phaltan ,Vegetables,Tomato,Other,Local,500.00,"2,000.00","1,150.00",Rs./Quintal,30-07-2026
Maharashtra,Satara,APMC Phaltan ,Vegetables,Tomato,Other,Local,500.00,"1,500.00",983.00,Rs./Quintal,26-07-2026
Maharashtra,Satara,APMC Phaltan ,Vegetables,Tomato,Other,Local,500.00,"1,500.00",946.00,Rs./Quintal,25-07-2026
Maharashtra,Satara,APMC Phaltan ,Vegetables,Tomato,Other,Local,500.00,"1,500.00","1,000.00",Rs./Quintal,24-07-2026
Maharashtra,Satara,APMC Phaltan ,Vegetables,Tomato,Other,Local,375.00,"1,500.00","1,058.00",Rs./Quintal,23-07-2026
Maharashtra,Satara,APMC Phaltan ,Vegetables,Tomato,Other,Local,250.00,"1,750.00","1,053.00",Rs./Quintal,22-07-2026
Maharashtra,Satara,APMC Phaltan ,Vegetables,Tomato,Other,Local,500.00,"2,000.00","1,289.00",Rs./Quintal,21-07-2026
Maharashtra,Satara,APMC Phaltan ,Vegetables,Tomato,Other,Local,500.00,"2,500.00","1,400.00",Rs./Quintal,19-07-2026
Maharashtra,Satara,APMC Phaltan ,Vegetables,Tomato,Other,Local,500.00,"2,000.00","1,400.00",Rs./Quintal,18-07-2026
Maharashtra,Satara,APMC Phaltan ,Vegetables,Tomato,Other,Local,500.00,"2,500.00","1,399.00",Rs./Quintal,16-07-2026
Maharashtra,Satara,APMC Phaltan ,Vegetables,Tomato,Other,Local,500.00,"3,000.00","1,800.00",Rs./Quintal,15-07-2026
Maharashtra,Satara,APMC Phaltan ,Vegetables,Tomato,Other,Local,500.00,"2,750.00","1,734.00",Rs./Quintal,14-07-2026
Maharashtra,Satara,APMC Phaltan ,Vegetables,Tomato,Other,Local,500.00,"3,000.00","1,977.00",Rs./Quintal,12-07-2026
Maharashtra,Satara,APMC Phaltan ,Vegetables,Tomato,Other,Local,500.00,"3,000.00","1,953.00",Rs./Quintal,11-07-2026
Maharashtra,Satara,APMC Phaltan ,Vegetables,Tomato,Other,Local,500.00,"3,000.00","1,886.00",Rs./Quintal,10-07-2026
Maharashtra,Satara,APMC Phaltan ,Vegetables,Tomato,Other,Local,"1,000.00","3,000.00","1,800.00",Rs./Quintal,09-07-2026
Maharashtra,Satara,APMC Phaltan ,Vegetables,Tomato,Other,Local,750.00,"3,250.00","1,966.00",Rs./Quintal,08-07-2026
Maharashtra,Satara,APMC Phaltan ,Vegetables,Tomato,Other,Local,500.00,"3,000.00","1,621.00",Rs./Quintal,07-07-2026
Maharashtra,Satara,APMC Phaltan ,Vegetables,Tomato,Other,Local,500.00,"3,000.00","1,828.00",Rs./Quintal,05-07-2026
Maharashtra,Satara,APMC Phaltan ,Vegetables,Tomato,Other,Local,750.00,"2,500.00","1,570.00",Rs./Quintal,03-07-2026
Maharashtra,Satara,APMC Phaltan ,Vegetables,Tomato,Other,Local,750.00,"2,500.00","1,438.00",Rs./Quintal,02-07-2026
Maharashtra,Satara,APMC Phaltan ,Vegetables,Tomato,Other,Local,700.00,"3,000.00","1,900.00",Rs./Quintal,01-07-2026
Maharashtra,Satara,APMC Phaltan ,Vegetables,Tomato,Other,Local,500.00,"2,000.00","1,400.00",Rs./Quintal,28-06-2026
Maharashtra,Satara,APMC Phaltan ,Vegetables,Tomato,Other,Local,"1,500.00","3,500.00","2,644.00",Rs./Quintal,20-06-2026
Maharashtra,Satara,APMC Phaltan ,Vegetables,Tomato,Other,Local,750.00,"4,000.00","2,460.00",Rs./Quintal,14-06-2026
Maharashtra,Satara,APMC Phaltan ,Vegetables,Tomato,Other,Local,"1,550.00","4,000.00","2,900.00",Rs./Quintal,13-06-2026
Maharashtra,Satara,APMC Phaltan ,Vegetables,Tomato,Other,Local,"1,000.00","3,000.00","2,226.00",Rs./Quintal,10-06-2026
Maharashtra,Satara,APMC Phaltan ,Vegetables,Tomato,Other,Local,"1,000.00","3,000.00","2,000.00",Rs./Quintal,09-06-2026
Maharashtra,Satara,APMC Phaltan ,Vegetables,Tomato,Other,Local,500.00,"3,000.00","1,920.00",Rs./Quintal,07-06-2026
Maharashtra,Satara,APMC Phaltan ,Vegetables,Tomato,Other,Local,"1,000.00","3,000.00","2,195.00",Rs./Quintal,06-06-2026
Maharashtra,Satara,APMC Phaltan ,Vegetables,Tomato,Other,Local,"1,000.00","3,500.00","2,456.00",Rs./Quintal,04-06-2026
Maharashtra,Satara,APMC Phaltan ,Vegetables,Tomato,Other,Local,"1,000.00","3,750.00","2,581.00",Rs./Quintal,02-06-2026
Maharashtra,Satara,APMC Phaltan ,Vegetables,Tomato,Other,Local,"1,000.00","4,000.00","2,770.00",Rs./Quintal,31-05-2026
Maharashtra,Satara,APMC Phaltan ,Vegetables,Tomato,Other,Local,750.00,"3,750.00","2,164.00",Rs./Quintal,30-05-2026
Maharashtra,Satara,APMC Phaltan ,Vegetables,Tomato,Other,Local,"1,000.00","3,500.00","2,462.00",Rs./Quintal,29-05-2026
Maharashtra,Satara,APMC Phaltan ,Vegetables,Tomato,Other,Local,750.00,"3,500.00","2,200.00",Rs./Quintal,28-05-2026
Maharashtra,Satara,APMC Phaltan ,Vegetables,Tomato,Other,Local,"1,000.00","3,000.00","2,359.00",Rs./Quintal,27-05-2026
Maharashtra,Satara,APMC Phaltan ,Vegetables,Tomato,Other,Local,500.00,"3,500.00","2,150.00",Rs./Quintal,26-05-2026
Maharashtra,Satara,APMC Phaltan ,Vegetables,Tomato,Other,Local,750.00,"3,000.00","2,398.00",Rs./Quintal,24-05-2026
Maharashtra,Satara,APMC Phaltan ,Vegetables,Tomato,Other,Local,750.00,"3,250.00","2,100.00",Rs./Quintal,23-05-2026
Maharashtra,Satara,APMC Phaltan ,Vegetables,Tomato,Other,Local,750.00,"3,000.00","2,300.00",Rs./Quintal,22-05-2026
Maharashtra,Satara,APMC Phaltan ,Vegetables,Tomato,Other,Local,500.00,"3,500.00","1,935.00",Rs./Quintal,21-05-2026
Maharashtra,Satara,APMC Phaltan ,Vegetables,Tomato,Other,Local,500.00,"4,000.00","2,300.00",Rs./Quintal,19-05-2026
Maharashtra,Satara,APMC Phaltan ,Vegetables,Tomato,Other,Local,750.00,"3,500.00","2,064.00",Rs./Quintal,16-05-2026
Maharashtra,Satara,APMC Phaltan ,Vegetables,Tomato,Other,Local,500.00,"3,000.00","1,825.00",Rs./Quintal,14-05-2026
Maharashtra,Satara,APMC Phaltan ,Vegetables,Tomato,Other,Local,750.00,"3,000.00","1,750.00",Rs./Quintal,13-05-2026
Maharashtra,Satara,APMC Phaltan ,Vegetables,Tomato,Other,Local,750.00,"3,000.00","1,739.00",Rs./Quintal,12-05-2026
Maharashtra,Satara,APMC Phaltan ,Vegetables,Tomato,Other,Local,500.00,"3,000.00","1,536.00",Rs./Quintal,10-05-2026
Maharashtra,Satara,APMC Phaltan ,Vegetables,Tomato,Other,Local,750.00,"2,500.00","1,711.00",Rs./Quintal,06-05-2026
Maharashtra,Satara,APMC Phaltan ,Vegetables,Tomato,Other,Local,750.00,"3,000.00","1,871.00",Rs./Quintal,05-05-2026
Maharashtra,Satara,APMC Phaltan ,Vegetables,Tomato,Other,Local,500.00,"3,000.00","1,536.00",Rs./Quintal,03-05-2026
Maharashtra,Satara,APMC Phaltan ,Vegetables,Tomato,Other,Local,750.00,"2,500.00","1,573.00",Rs./Quintal,02-05-2026
Maharashtra,Satara,APMC Phaltan ,Vegetables,Tomato,Other,Local,500.00,"2,000.00","1,143.00",Rs./Quintal,29-04-2026
Maharashtra,Satara,APMC Phaltan ,Vegetables,Tomato,Other,Local,500.00,"1,250.00","1,000.00",Rs./Quintal,26-04-2026
Maharashtra,Satara,APMC Phaltan ,Vegetables,Tomato,Other,Local,500.00,"2,000.00",950.00,Rs./Quintal,24-04-2026
Maharashtra,Satara,APMC Phaltan ,Vegetables,Tomato,Other,Local,500.00,"1,500.00",980.00,Rs./Quintal,23-04-2026
Maharashtra,Satara,APMC Phaltan ,Vegetables,Tomato,Other,Local,500.00,"1,750.00",981.00,Rs./Quintal,22-04-2026
Maharashtra,Satara,APMC Phaltan ,Vegetables,Tomato,Other,Local,500.00,"1,500.00",970.00,Rs./Quintal,19-04-2026
Maharashtra,Satara,APMC Phaltan ,Vegetables,Tomato,Other,Local,500.00,"1,250.00",800.00,Rs./Quintal,16-04-2026
Maharashtra,Satara,APMC Phaltan ,Vegetables,Tomato,Other,Local,500.00,"1,750.00","1,031.00",Rs./Quintal,15-04-2026
Maharashtra,Satara,APMC Phaltan ,Vegetables,Tomato,Other,Local,500.00,"2,000.00","1,040.00",Rs./Quintal,14-04-2026
Maharashtra,Satara,APMC Phaltan ,Vegetables,Tomato,Other,Local,500.00,"1,750.00","1,092.00",Rs./Quintal,12-04-2026
Maharashtra,Satara,APMC Phaltan ,Vegetables,Tomato,Other,Local,500.00,"1,250.00",890.00,Rs./Quintal,11-04-2026
Maharashtra,Satara,APMC Phaltan ,Vegetables,Tomato,Other,Local,500.00,"1,500.00","1,015.00",Rs./Quintal,10-04-2026
Maharashtra,Satara,APMC Phaltan ,Vegetables,Tomato,Other,Local,500.00,"1,500.00","1,285.00",Rs./Quintal,09-04-2026
Maharashtra,Satara,APMC Phaltan ,Vegetables,Tomato,Other,Local,500.00,"1,500.00","1,200.00",Rs./Quintal,08-04-2026
Maharashtra,Satara,APMC Phaltan ,Vegetables,Tomato,Other,Local,500.00,"1,750.00","1,000.00",Rs./Quintal,07-04-2026
Maharashtra,Satara,APMC Phaltan ,Vegetables,Tomato,Other,Local,500.00,"1,850.00","1,276.00",Rs./Quintal,01-04-2026
Maharashtra,Satara,APMC Phaltan ,Vegetables,Tomato,Other,Local,750.00,"1,750.00","1,219.00",Rs./Quintal,29-03-2026
Maharashtra,Satara,APMC Phaltan ,Vegetables,Tomato,Other,Local,500.00,"1,500.00","1,057.00",Rs./Quintal,21-03-2026
Maharashtra,Satara,APMC Phaltan ,Vegetables,Tomato,Other,Local,500.00,"3,500.00","1,180.00",Rs./Quintal,15-03-2026
Maharashtra,Satara,APMC Phaltan ,Vegetables,Tomato,Other,Local,500.00,"1,500.00","1,059.00",Rs./Quintal,14-03-2026
Maharashtra,Satara,APMC Phaltan ,Vegetables,Tomato,Other,Local,500.00,"1,500.00","1,062.00",Rs./Quintal,12-03-2026
Maharashtra,Satara,APMC Phaltan ,Vegetables,Tomato,Other,Local,500.00,"1,500.00",975.00,Rs./Quintal,10-03-2026
Maharashtra,Satara,APMC Phaltan ,Vegetables,Tomato,Other,Local,750.00,"2,000.00","1,443.00",Rs./Quintal,07-03-2026
Maharashtra,Satara,APMC Phaltan ,Vegetables,Tomato,Other,Local,500.00,"1,750.00","1,029.00",Rs./Quintal,01-03-2026
Maharashtra,Satara,APMC Phaltan ,Vegetables,Tomato,Other,Local,500.00,"1,500.00","1,081.00",Rs./Quintal,26-02-2026
Maharashtra,Satara,APMC Phaltan ,Vegetables,Tomato,Other,Local,520.00,"1,819.00",998.00,Rs./Quintal,22-02-2026
Maharashtra,Satara,APMC Phaltan ,Vegetables,Tomato,Other,Local,500.00,"1,750.00","1,107.00",Rs./Quintal,12-02-2026
Maharashtra,Satara,APMC Phaltan ,Vegetables,Tomato,Other,Local,500.00,"2,000.00","1,207.00",Rs./Quintal,05-02-2026
Maharashtra,Satara,APMC Phaltan ,Vegetables,Tomato,Other,Local,500.00,"1,750.00",997.00,Rs./Quintal,03-02-2026
Maharashtra,Satara,APMC Phaltan ,Vegetables,Tomato,Other,Local,500.00,"2,000.00","1,209.00",Rs./Quintal,25-01-2026
Maharashtra,Satara,APMC Phaltan ,Vegetables,Tomato,Other,Local,500.00,"1,750.00",975.00,Rs./Quintal,24-01-2026
Maharashtra,Satara,APMC Phaltan ,Vegetables,Tomato,Other,Local,500.00,"1,500.00",856.00,Rs./Quintal,22-01-2026
Maharashtra,Satara,APMC Phaltan ,Vegetables,Tomato,Other,Local,750.00,"2,000.00","1,646.00",Rs./Quintal,14-01-2026
Maharashtra,Satara,APMC Satara ,Vegetables,Tomato,Other,Local,"1,000.00","1,500.00","1,250.00",Rs./Quintal,03-09-2026
Maharashtra,Satara,APMC Satara ,Vegetables,Tomato,Other,Local,"1,000.00","1,500.00","1,250.00",Rs./Quintal,02-09-2026
Maharashtra,Satara,APMC Satara ,Vegetables,Tomato,Other,Local,"1,000.00","2,000.00","1,500.00",Rs./Quintal,01-09-2026
Maharashtra,Satara,APMC Satara ,Vegetables,Tomato,Other,Local,"1,000.00","2,000.00","1,500.00",Rs./Quintal,31-08-2026
Maharashtra,Satara,APMC Satara ,Vegetables,Tomato,Other,Local,"1,000.00","1,500.00","1,250.00",Rs./Quintal,30-08-2026
Maharashtra,Satara,APMC Satara ,Vegetables,Tomato,Other,Local,"1,000.00","1,300.00","1,150.00",Rs./Quintal,29-08-2026
Maharashtra,Satara,APMC Satara ,Vegetables,Tomato,Other,Local,"1,000.00","1,500.00","1,250.00",Rs./Quintal,27-08-2026
Maharashtra,Satara,APMC Satara ,Vegetables,Tomato,Other,Local,"1,000.00","1,500.00","1,250.00",Rs./Quintal,26-08-2026
Maharashtra,Satara,APMC Satara ,Vegetables,Tomato,Other,Local,"1,000.00","1,500.00","1,250.00",Rs./Quintal,25-08-2026
Maharashtra,Satara,APMC Satara ,Vegetables,Tomato,Other,Local,"1,000.00","1,500.00","1,250.00",Rs./Quintal,24-08-2026
Maharashtra,Satara,APMC Satara ,Vegetables,Tomato,Other,Local,"1,000.00","1,500.00","1,250.00",Rs./Quintal,23-08-2026
Maharashtra,Satara,APMC Satara ,Vegetables,Tomato,Other,Local,"1,000.00","1,500.00","1,250.00",Rs./Quintal,22-08-2026
Maharashtra,Satara,APMC Satara ,Vegetables,Tomato,Other,Local,"1,000.00","2,000.00","1,500.00",Rs./Quintal,20-08-2026
Maharashtra,Satara,APMC Satara ,Vegetables,Tomato,Other,Local,"1,000.00","2,000.00","1,500.00",Rs./Quintal,19-08-2026
Maharashtra,Satara,APMC Satara ,Vegetables,Tomato,Other,Local,"1,000.00","2,000.00","1,500.00",Rs./Quintal,18-08-2026
Maharashtra,Satara,APMC Satara ,Vegetables,Tomato,Other,Local,"1,000.00","3,000.00","2,000.00",Rs./Quintal,17-08-2026
Maharashtra,Satara,APMC Satara ,Vegetables,Tomato,Other,Local,"1,000.00","2,000.00","1,500.00",Rs./Quintal,16-08-2026
Maharashtra,Satara,APMC Satara ,Vegetables,Tomato,Other,Local,"1,000.00","2,000.00","1,500.00",Rs./Quintal,13-08-2026
Maharashtra,Satara,APMC Satara ,Vegetables,Tomato,Other,Local,"2,000.00","2,500.00","2,250.00",Rs./Quintal,12-08-2026
Maharashtra,Satara,APMC Satara ,Vegetables,Tomato,Other,Local,"1,000.00","2,500.00","1,700.00",Rs./Quintal,11-08-2026
Maharashtra,Satara,APMC Satara ,Vegetables,Tomato,Other,Local,"1,000.00","2,000.00","1,500.00",Rs./Quintal,10-08-2026
Maharashtra,Satara,APMC Satara ,Vegetables,Tomato,Other,Local,"1,000.00","1,800.00","1,400.00",Rs./Quintal,09-08-2026
Maharashtra,Satara,APMC Satara ,Vegetables,Tomato,Other,Local,"1,000.00","2,000.00","1,500.00",Rs./Quintal,08-08-2026
Maharashtra,Satara,APMC Satara ,Vegetables,Tomato,Other,Local,"1,000.00","2,000.00","1,500.00",Rs./Quintal,06-08-2026
Maharashtra,Satara,APMC Satara ,Vegetables,Tomato,Other,Local,"1,000.00","2,000.00","1,500.00",Rs./Quintal,05-08-2026
Maharashtra,Satara,APMC Satara ,Vegetables,Tomato,Other,Local,"1,000.00","2,500.00","1,750.00",Rs./Quintal,04-08-2026
Maharashtra,Satara,APMC Satara ,Vegetables,Tomato,Other,Local,"2,000.00","2,500.00","2,250.00",Rs./Quintal,03-08-2026
Maharashtra,Satara,APMC Satara ,Vegetables,Tomato,Other,Local,"2,000.00","2,500.00","2,200.00",Rs./Quintal,02-08-2026
Maharashtra,Satara,APMC Satara ,Vegetables,Tomato,Other,Local,"2,000.00","2,500.00","2,200.00",Rs./Quintal,01-08-2026
Maharashtra,Satara,APMC Satara ,Vegetables,Tomato,Other,Local,"1,000.00","2,000.00","1,500.00",Rs./Quintal,30-07-2026
Maharashtra,Satara,APMC Satara ,Vegetables,Tomato,Other,Local,"1,000.00","2,000.00","1,500.00",Rs./Quintal,29-07-2026
Maharashtra,Satara,APMC Satara ,Vegetables,Tomato,Other,Local,"1,000.00","1,500.00","1,250.00",Rs./Quintal,28-07-2026
Maharashtra,Satara,APMC Satara ,Vegetables,Tomato,Other,Local,"1,000.00","1,500.00","1,250.00",Rs./Quintal,27-07-2026
Maharashtra,Satara,APMC Satara ,Vegetables,Tomato,Other,Local,"1,000.00","1,500.00","1,250.00",Rs./Quintal,26-07-2026
Maharashtra,Satara,APMC Satara ,Vegetables,Tomato,Other,Local,"1,000.00","1,500.00","1,250.00",Rs./Quintal,25-07-2026
Maharashtra,Satara,APMC Satara ,Vegetables,Tomato,Other,Local,"1,000.00","1,500.00","1,250.00",Rs./Quintal,23-07-2026
Maharashtra,Satara,APMC Satara ,Vegetables,Tomato,Other,Local,"1,000.00","1,500.00","1,250.00",Rs./Quintal,22-07-2026
Maharashtra,Satara,APMC Satara ,Vegetables,Tomato,Other,Local,"1,000.00","2,000.00","1,500.00",Rs./Quintal,21-07-2026
Maharashtra,Satara,APMC Satara ,Vegetables,Tomato,Other,Local,"1,000.00","2,000.00","1,500.00",Rs./Quintal,20-07-2026
Maharashtra,Satara,APMC Satara ,Vegetables,Tomato,Other,Local,"1,000.00","1,500.00","1,200.00",Rs./Quintal,19-07-2026
Maharashtra,Satara,APMC Satara ,Vegetables,Tomato,Other,Local,"1,000.00","1,500.00","1,200.00",Rs./Quintal,18-07-2026
Maharashtra,Satara,APMC Satara ,Vegetables,Tomato,Other,Local,"1,000.00","1,500.00","1,250.00",Rs./Quintal,16-07-2026
Maharashtra,Satara,APMC Satara ,Vegetables,Tomato,Other,Local,"1,000.00","1,500.00","1,250.00",Rs./Quintal,15-07-2026
Maharashtra,Satara,APMC Satara ,Vegetables,Tomato,Other,Local,"1,000.00","1,500.00","1,250.00",Rs./Quintal,14-07-2026
Maharashtra,Satara,APMC Satara ,Vegetables,Tomato,Other,Local,"1,000.00","2,000.00","1,500.00",Rs./Quintal,13-07-2026
Maharashtra,Satara,APMC Satara ,Vegetables,Tomato,Other,Local,"1,000.00","2,000.00","1,500.00",Rs./Quintal,12-07-2026
Maharashtra,Satara,APMC Satara ,Vegetables,Tomato,Other,Local,"1,000.00","2,000.00","1,500.00",Rs./Quintal,11-07-2026
Maharashtra,Satara,APMC Satara ,Vegetables,Tomato,Other,Local,"1,000.00","1,500.00","1,250.00",Rs./Quintal,09-07-2026
Maharashtra,Satara,APMC Satara ,Vegetables,Tomato,Other,Local,"1,000.00","2,000.00","1,500.00",Rs./Quintal,08-07-2026
Maharashtra,Satara,APMC Satara ,Vegetables,Tomato,Other,Local,"1,000.00","2,000.00","1,500.00",Rs./Quintal,07-07-2026
Maharashtra,Satara,APMC Satara ,Vegetables,Tomato,Other,Local,"2,000.00","2,500.00","2,200.00",Rs./Quintal,06-07-2026
Maharashtra,Satara,APMC Satara ,Vegetables,Tomato,Other,Local,"2,000.00","2,500.00","2,200.00",Rs./Quintal,05-07-2026
Maharashtra,Satara,APMC Satara ,Vegetables,Tomato,Other,Local,"2,000.00","2,500.00","2,200.00",Rs./Quintal,04-07-2026
Maharashtra,Satara,APMC Satara ,Vegetables,Tomato,Other,Local,"1,000.00","1,500.00","1,250.00",Rs./Quintal,02-07-2026
Maharashtra,Satara,APMC Satara ,Vegetables,Tomato,Other,Local,"1,000.00","1,500.00","1,250.00",Rs./Quintal,01-07-2026
Maharashtra,Satara,APMC Satara ,Vegetables,Tomato,Other,Local,"1,000.00","1,500.00","1,250.00",Rs./Quintal,30-06-2026
Maharashtra,Satara,APMC Satara ,Vegetables,Tomato,Other,Local,"1,000.00","1,500.00","1,250.00",Rs./Quintal,29-06-2026
Maharashtra,Satara,APMC Satara ,Vegetables,Tomato,Other,Local,"1,000.00","2,000.00","1,500.00",Rs./Quintal,28-06-2026
Maharashtra,Satara,APMC Satara ,Vegetables,Tomato,Other,Local,"1,000.00","1,500.00","1,250.00",Rs./Quintal,27-06-2026
Maharashtra,Satara,APMC Satara ,Vegetables,Tomato,Other,Local,"1,000.00","3,000.00","2,000.00",Rs./Quintal,25-06-2026
Maharashtra,Satara,APMC Satara ,Vegetables,Tomato,Other,Local,"1,000.00","2,000.00","1,500.00",Rs./Quintal,24-06-2026
Maharashtra,Satara,APMC Satara ,Vegetables,Tomato,Other,Local,"2,000.00","2,500.00","2,200.00",Rs./Quintal,23-06-2026
Maharashtra,Satara,APMC Satara ,Vegetables,Tomato,Other,Local,"2,000.00","2,500.00","2,250.00",Rs./Quintal,22-06-2026
Maharashtra,Satara,APMC Satara ,Vegetables,Tomato,Other,Local,"2,000.00","3,000.00","2,500.00",Rs./Quintal,21-06-2026
Maharashtra,Satara,APMC Satara ,Vegetables,Tomato,Other,Local,"2,000.00","2,500.00","2,200.00",Rs./Quintal,20-06-2026
Maharashtra,Satara,APMC Satara ,Vegetables,Tomato,Other,Local,"2,000.00","2,500.00","2,200.00",Rs./Quintal,18-06-2026
Maharashtra,Satara,APMC Satara ,Vegetables,Tomato,Other,Local,"2,000.00","3,000.00","2,500.00",Rs./Quintal,17-06-2026
Maharashtra,Satara,APMC Satara ,Vegetables,Tomato,Other,Local,"2,000.00","3,000.00","2,500.00",Rs./Quintal,16-06-2026
Maharashtra,Satara,APMC Satara ,Vegetables,Tomato,Other,Local,"2,000.00","2,500.00","2,200.00",Rs./Quintal,15-06-2026
Maharashtra,Satara,APMC Satara ,Vegetables,Tomato,Other,Local,"2,000.00","2,500.00","2,200.00",Rs./Quintal,14-06-2026
Maharashtra,Satara,APMC Satara ,Vegetables,Tomato,Other,Local,"1,500.00","2,500.00","2,000.00",Rs./Quintal,13-06-2026
Maharashtra,Satara,APMC Satara ,Vegetables,Tomato,Other,Local,"2,000.00","3,000.00","2,500.00",Rs./Quintal,11-06-2026
Maharashtra,Satara,APMC Satara ,Vegetables,Tomato,Other,Local,"2,000.00","3,000.00","2,500.00",Rs./Quintal,10-06-2026
Maharashtra,Satara,APMC Satara ,Vegetables,Tomato,Other,Local,"1,000.00","2,000.00","1,500.00",Rs./Quintal,09-06-2026
Maharashtra,Satara,APMC Satara ,Vegetables,Tomato,Other,Local,"1,000.00","2,000.00","1,500.00",Rs./Quintal,08-06-2026
Maharashtra,Satara,APMC Satara ,Vegetables,Tomato,Other,Local,"1,000.00","2,000.00","1,500.00",Rs./Quintal,07-06-2026
Maharashtra,Satara,APMC Satara ,Vegetables,Tomato,Other,Local,"1,000.00","2,000.00","1,500.00",Rs./Quintal,06-06-2026
Maharashtra,Satara,APMC Satara ,Vegetables,Tomato,Other,Local,"2,000.00","2,500.00","2,250.00",Rs./Quintal,04-06-2026
Maharashtra,Satara,APMC Satara ,Vegetables,Tomato,Other,Local,"2,000.00","2,500.00","2,200.00",Rs./Quintal,03-06-2026
Maharashtra,Satara,APMC Satara ,Vegetables,Tomato,Other,Local,"2,000.00","3,000.00","2,500.00",Rs./Quintal,02-06-2026
Maharashtra,Satara,APMC Satara ,Vegetables,Tomato,Other,Local,"2,000.00","3,000.00","2,500.00",Rs./Quintal,01-06-2026
Maharashtra,Satara,APMC Satara ,Vegetables,Tomato,Other,Local,"2,000.00","3,000.00","2,500.00",Rs./Quintal,31-05-2026
Maharashtra,Satara,APMC Satara ,Vegetables,Tomato,Other,Local,"2,000.00","3,000.00","2,500.00",Rs./Quintal,30-05-2026
Maharashtra,Satara,APMC Satara ,Vegetables,Tomato,Other,Local,"2,000.00","3,000.00","2,500.00",Rs./Quintal,27-05-2026
Maharashtra,Satara,APMC Satara ,Vegetables,Tomato,Other,Local,"2,000.00","3,000.00","2,500.00",Rs./Quintal,26-05-2026
Maharashtra,Satara,APMC Satara ,Vegetables,Tomato,Other,Local,"2,000.00","2,500.00","2,250.00",Rs./Quintal,25-05-2026
Maharashtra,Satara,APMC Satara ,Vegetables,Tomato,Other,Local,"1,000.00","2,500.00","1,700.00",Rs./Quintal,24-05-2026
Maharashtra,Satara,APMC Satara ,Vegetables,Tomato,Other,Local,"2,000.00","2,500.00","2,200.00",Rs./Quintal,23-05-2026
Maharashtra,Satara,APMC Satara ,Vegetables,Tomato,Other,Local,"2,000.00","3,000.00","2,500.00",Rs./Quintal,21-05-2026
Maharashtra,Satara,APMC Satara ,Vegetables,Tomato,Other,Local,"2,000.00","2,500.00","2,200.00",Rs./Quintal,20-05-2026
Maharashtra,Satara,APMC Satara ,Vegetables,Tomato,Other,Local,"2,000.00","3,000.00","2,500.00",Rs./Quintal,19-05-2026
Maharashtra,Satara,APMC Satara ,Vegetables,Tomato,Other,Local,"2,000.00","3,000.00","2,500.00",Rs./Quintal,18-05-2026
Maharashtra,Satara,APMC Satara ,Vegetables,Tomato,Other,Local,"2,000.00","3,000.00","2,500.00",Rs./Quintal,17-05-2026
Maharashtra,Satara,APMC Satara ,Vegetables,Tomato,Other,Local,"2,000.00","3,000.00","2,500.00",Rs./Quintal,16-05-2026
Maharashtra,Satara,APMC Satara ,Vegetables,Tomato,Other,Local,"2,000.00","4,000.00","3,000.00",Rs./Quintal,14-05-2026
Maharashtra,Satara,APMC Satara ,Vegetables,Tomato,Other,Local,"2,000.00","3,000.00","2,500.00",Rs./Quintal,13-05-2026
Maharashtra,Satara,APMC Satara ,Vegetables,Tomato,Other,Local,"2,000.00","3,000.00","2,500.00",Rs./Quintal,12-05-2026
Maharashtra,Satara,APMC Satara ,Vegetables,Tomato,Other,Local,"2,000.00","2,500.00","2,200.00",Rs./Quintal,11-05-2026
Maharashtra,Satara,APMC Satara ,Vegetables,Tomato,Other,Local,"2,000.00","2,500.00","2,200.00",Rs./Quintal,10-05-2026
Maharashtra,Satara,APMC Satara ,Vegetables,Tomato,Other,Local,"2,000.00","2,500.00","2,200.00",Rs./Quintal,09-05-2026
Maharashtra,Satara,APMC Satara ,Vegetables,Tomato,Other,Local,"2,000.00","2,500.00","2,200.00",Rs./Quintal,07-05-2026
Maharashtra,Satara,APMC Satara ,Vegetables,Tomato,Other,Local,"2,000.00","3,000.00","2,500.00",Rs./Quintal,06-05-2026
Maharashtra,Satara,APMC Satara ,Vegetables,Tomato,Other,Local,"2,000.00","3,000.00","2,500.00",Rs./Quintal,05-05-2026
Maharashtra,Satara,APMC Satara ,Vegetables,Tomato,Other,Local,"1,000.00","2,000.00","1,500.00",Rs./Quintal,04-05-2026
Maharashtra,Satara,APMC Satara ,Vegetables,Tomato,Other,Local,"1,000.00","3,000.00","2,000.00",Rs./Quintal,03-05-2026
Maharashtra,Satara,APMC Satara ,Vegetables,Tomato,Other,Local,"2,000.00","2,500.00","2,250.00",Rs./Quintal,02-05-2026
Maharashtra,Satara,APMC Satara ,Vegetables,Tomato,Other,Local,"2,000.00","2,500.00","2,200.00",Rs./Quintal,30-04-2026
Maharashtra,Satara,APMC Satara ,Vegetables,Tomato,Other,Local,"1,000.00","2,500.00","1,700.00",Rs./Quintal,29-04-2026
Maharashtra,Satara,APMC Satara ,Vegetables,Tomato,Other,Local,"1,000.00","1,500.00","1,250.00",Rs./Quintal,28-04-2026
Maharashtra,Satara,APMC Satara ,Vegetables,Tomato,Other,Local,"1,000.00","2,000.00","1,500.00",Rs./Quintal,27-04-2026
Maharashtra,Satara,APMC Satara ,Vegetables,Tomato,Other,Local,"1,000.00","1,500.00","1,200.00",Rs./Quintal,25-04-2026
Maharashtra,Satara,APMC Satara ,Vegetables,Tomato,Other,Local,"1,000.00","1,500.00","1,250.00",Rs./Quintal,23-04-2026
Maharashtra,Satara,APMC Satara ,Vegetables,Tomato,Other,Local,"1,000.00","2,000.00","1,500.00",Rs./Quintal,22-04-2026
Maharashtra,Satara,APMC Satara ,Vegetables,Tomato,Other,Local,"1,000.00","1,500.00","1,250.00",Rs./Quintal,21-04-2026
Maharashtra,Satara,APMC Satara ,Vegetables,Tomato,Other,Local,"1,000.00","1,500.00","1,250.00",Rs./Quintal,20-04-2026
Maharashtra,Satara,APMC Satara ,Vegetables,Tomato,Other,Local,"1,000.00","1,200.00","1,100.00",Rs./Quintal,19-04-2026
Maharashtra,Satara,APMC Satara ,Vegetables,Tomato,Other,Local,"1,000.00","1,200.00","1,100.00",Rs./Quintal,18-04-2026
Maharashtra,Satara,APMC Satara ,Vegetables,Tomato,Other,Local,"1,000.00","1,500.00","1,250.00",Rs./Quintal,16-04-2026
Maharashtra,Satara,APMC Satara ,Vegetables,Tomato,Other,Local,"1,000.00","1,200.00","1,100.00",Rs./Quintal,15-04-2026
Maharashtra,Satara,APMC Satara ,Vegetables,Tomato,Other,Local,"1,000.00","1,200.00","1,100.00",Rs./Quintal,14-04-2026
Maharashtra,Satara,APMC Satara ,Vegetables,Tomato,Other,Local,"1,000.00","1,500.00","1,250.00",Rs./Quintal,13-04-2026
Maharashtra,Satara,APMC Satara ,Vegetables,Tomato,Other,Local,"1,000.00","1,200.00","1,100.00",Rs./Quintal,12-04-2026
Maharashtra,Satara,APMC Satara ,Vegetables,Tomato,Other,Local,"1,000.00","1,200.00","1,100.00",Rs./Quintal,11-04-2026
Maharashtra,Satara,APMC Satara ,Vegetables,Tomato,Other,Local,"1,000.00","1,200.00","1,100.00",Rs./Quintal,09-04-2026
Maharashtra,Satara,APMC Satara ,Vegetables,Tomato,Other,Local,"1,000.00","1,500.00","1,200.00",Rs./Quintal,08-04-2026
Maharashtra,Satara,APMC Satara ,Vegetables,Tomato,Other,Local,"1,000.00","1,500.00","1,250.00",Rs./Quintal,07-04-2026
Maharashtra,Satara,APMC Satara ,Vegetables,Tomato,Other,Local,"1,000.00","1,200.00","1,100.00",Rs./Quintal,06-04-2026
Maharashtra,Satara,APMC Satara ,Vegetables,Tomato,Other,Local,"1,000.00","1,500.00","1,250.00",Rs./Quintal,05-04-2026
Maharashtra,Satara,APMC Satara ,Vegetables,Tomato,Other,Local,"1,000.00","1,500.00","1,250.00",Rs./Quintal,04-04-2026
Maharashtra,Satara,APMC Satara ,Vegetables,Tomato,Other,Local,"1,000.00","1,500.00","1,250.00",Rs./Quintal,02-04-2026
Maharashtra,Satara,APMC Satara ,Vegetables,Tomato,Other,Local,"1,000.00","1,500.00","1,250.00",Rs./Quintal,01-04-2026
Maharashtra,Satara,APMC Satara ,Vegetables,Tomato,Other,Local,"1,000.00","1,500.00","1,250.00",Rs./Quintal,31-03-2026
Maharashtra,Satara,APMC Satara ,Vegetables,Tomato,Other,Local,"1,000.00","1,500.00","1,250.00",Rs./Quintal,30-03-2026
Maharashtra,Satara,APMC Satara ,Vegetables,Tomato,Other,Local,"1,000.00","1,500.00","1,250.00",Rs./Quintal,29-03-2026
Maharashtra,Satara,APMC Satara ,Vegetables,Tomato,Other,Local,"1,000.00","1,500.00","1,250.00",Rs./Quintal,28-03-2026
Maharashtra,Satara,APMC Satara ,Vegetables,Tomato,Other,Local,"1,000.00","1,500.00","1,250.00",Rs./Quintal,25-03-2026
Maharashtra,Satara,APMC Satara ,Vegetables,Tomato,Other,Local,"1,000.00","1,500.00","1,250.00",Rs./Quintal,24-03-2026
Maharashtra,Satara,APMC Satara ,Vegetables,Tomato,Other,Local,"1,000.00","1,500.00","1,250.00",Rs./Quintal,23-03-2026
Maharashtra,Satara,APMC Satara ,Vegetables,Tomato,Other,Local,"1,000.00","1,500.00","1,200.00",Rs./Quintal,22-03-2026
Maharashtra,Satara,APMC Satara ,Vegetables,Tomato,Other,Local,"1,000.00","1,500.00","1,200.00",Rs./Quintal,19-03-2026
Maharashtra,Satara,APMC Satara ,Vegetables,Tomato,Other,Local,"1,000.00","2,000.00","1,500.00",Rs./Quintal,18-03-2026
Maharashtra,Satara,APMC Satara ,Vegetables,Tomato,Other,Local,"1,000.00","2,000.00","1,500.00",Rs./Quintal,17-03-2026
Maharashtra,Satara,APMC Satara ,Vegetables,Tomato,Other,Local,"1,000.00","2,000.00","1,500.00",Rs./Quintal,16-03-2026
Maharashtra,Satara,APMC Satara ,Vegetables,Tomato,Other,Local,"1,000.00","2,000.00","1,500.00",Rs./Quintal,15-03-2026
Maharashtra,Satara,APMC Satara ,Vegetables,Tomato,Other,Local,"1,000.00","2,000.00","1,500.00",Rs./Quintal,14-03-2026
Maharashtra,Satara,APMC Satara ,Vegetables,Tomato,Other,Local,"1,000.00","2,000.00","1,500.00",Rs./Quintal,12-03-2026
Maharashtra,Satara,APMC Satara ,Vegetables,Tomato,Other,Local,"2,000.00","2,500.00","2,200.00",Rs./Quintal,11-03-2026
Maharashtra,Satara,APMC Satara ,Vegetables,Tomato,Other,Local,"2,000.00","2,500.00","2,200.00",Rs./Quintal,10-03-2026
Maharashtra,Satara,APMC Satara ,Vegetables,Tomato,Other,Local,"1,000.00","2,500.00","1,700.00",Rs./Quintal,09-03-2026
Maharashtra,Satara,APMC Satara ,Vegetables,Tomato,Other,Local,"1,000.00","2,000.00","1,500.00",Rs./Quintal,08-03-2026
Maharashtra,Satara,APMC Satara ,Vegetables,Tomato,Other,Local,"1,000.00","2,000.00","1,500.00",Rs./Quintal,07-03-2026
Maharashtra,Satara,APMC Satara ,Vegetables,Tomato,Other,Local,"1,000.00","2,000.00","1,500.00",Rs./Quintal,05-03-2026
Maharashtra,Satara,APMC Satara ,Vegetables,Tomato,Other,Local,"1,000.00","2,000.00","1,500.00",Rs./Quintal,04-03-2026
Maharashtra,Satara,APMC Satara ,Vegetables,Tomato,Other,Local,"1,000.00","1,500.00","1,250.00",Rs./Quintal,03-03-2026
Maharashtra,Satara,APMC Satara ,Vegetables,Tomato,Other,Local,"1,000.00","1,800.00","1,400.00",Rs./Quintal,02-03-2026
Maharashtra,Satara,APMC Satara ,Vegetables,Tomato,Other,Local,"1,000.00","1,500.00","1,250.00",Rs./Quintal,01-03-2026
Maharashtra,Satara,APMC Satara ,Vegetables,Tomato,Other,Local,"1,000.00","1,200.00","1,100.00",Rs./Quintal,28-02-2026
Maharashtra,Satara,APMC Satara ,Vegetables,Tomato,Other,Local,"1,000.00","1,200.00","1,100.00",Rs./Quintal,26-02-2026
Maharashtra,Satara,APMC Satara ,Vegetables,Tomato,Other,Local,"1,000.00","1,300.00","1,150.00",Rs./Quintal,25-02-2026
Maharashtra,Satara,APMC Satara ,Vegetables,Tomato,Other,Local,"1,000.00","1,500.00","1,250.00",Rs./Quintal,24-02-2026
Maharashtra,Satara,APMC Satara ,Vegetables,Tomato,Other,Local,"1,000.00","1,500.00","1,250.00",Rs./Quintal,23-02-2026
Maharashtra,Satara,APMC Satara ,Vegetables,Tomato,Other,Local,"1,000.00","2,000.00","1,500.00",Rs./Quintal,22-02-2026
Maharashtra,Satara,APMC Satara ,Vegetables,Tomato,Other,Local,"1,000.00","1,500.00","1,250.00",Rs./Quintal,21-02-2026
Maharashtra,Satara,APMC Satara ,Vegetables,Tomato,Other,Local,"1,000.00","1,200.00","1,100.00",Rs./Quintal,19-02-2026
Maharashtra,Satara,APMC Satara ,Vegetables,Tomato,Other,Local,"1,000.00","1,500.00","1,250.00",Rs./Quintal,18-02-2026
Maharashtra,Satara,APMC Satara ,Vegetables,Tomato,Other,Local,"1,000.00","1,500.00","1,250.00",Rs./Quintal,17-02-2026
Maharashtra,Satara,APMC Satara ,Vegetables,Tomato,Other,Local,"1,000.00","1,300.00","1,150.00",Rs./Quintal,16-02-2026
Maharashtra,Satara,APMC Satara ,Vegetables,Tomato,Other,Local,"1,000.00","1,200.00","1,100.00",Rs./Quintal,15-02-2026
Maharashtra,Satara,APMC Satara ,Vegetables,Tomato,Other,Local,"1,000.00","1,500.00","1,250.00",Rs./Quintal,12-02-2026
Maharashtra,Satara,APMC Satara ,Vegetables,Tomato,Other,Local,"1,000.00","1,500.00","1,250.00",Rs./Quintal,11-02-2026
Maharashtra,Satara,APMC Satara ,Vegetables,Tomato,Other,Local,"1,000.00","1,500.00","1,250.00",Rs./Quintal,10-02-2026
Maharashtra,Satara,APMC Satara ,Vegetables,Tomato,Other,Local,"1,000.00","2,000.00","1,500.00",Rs./Quintal,09-02-2026
Maharashtra,Satara,APMC Satara ,Vegetables,Tomato,Other,Local,"1,000.00","1,800.00","1,400.00",Rs./Quintal,08-02-2026
Maharashtra,Satara,APMC Satara ,Vegetables,Tomato,Other,Local,"1,000.00","1,300.00","1,150.00",Rs./Quintal,05-02-2026
Maharashtra,Satara,APMC Satara ,Vegetables,Tomato,Other,Local,"1,000.00","1,200.00","1,100.00",Rs./Quintal,04-02-2026
Maharashtra,Satara,APMC Satara ,Vegetables,Tomato,Other,Local,"1,000.00","1,500.00","1,250.00",Rs./Quintal,03-02-2026
Maharashtra,Satara,APMC Satara ,Vegetables,Tomato,Other,Local,"1,000.00","1,500.00","1,250.00",Rs./Quintal,02-02-2026
Maharashtra,Satara,APMC Satara ,Vegetables,Tomato,Other,Local,"1,000.00","1,500.00","1,200.00",Rs./Quintal,01-02-2026
Maharashtra,Satara,APMC Satara ,Vegetables,Tomato,Other,Local,"1,000.00","1,500.00","1,200.00",Rs./Quintal,31-01-2026
Maharashtra,Satara,APMC Satara ,Vegetables,Tomato,Other,Local,"1,000.00","1,500.00","1,250.00",Rs./Quintal,28-01-2026
Maharashtra,Satara,APMC Satara ,Vegetables,Tomato,Other,Local,"1,000.00","1,300.00","1,100.00",Rs./Quintal,27-01-2026
Maharashtra,Satara,APMC Satara ,Vegetables,Tomato,Other,Local,"1,000.00","1,500.00","1,200.00",Rs./Quintal,25-01-2026
Maharashtra,Satara,APMC Satara ,Vegetables,Tomato,Other,Local,"1,000.00","2,000.00","1,500.00",Rs./Quintal,24-01-2026
Maharashtra,Satara,APMC Satara ,Vegetables,Tomato,Other,Local,"1,000.00","1,500.00","1,250.00",Rs./Quintal,22-01-2026
Maharashtra,Satara,APMC Satara ,Vegetables,Tomato,Other,Local,"1,000.00","1,500.00","1,250.00",Rs./Quintal,21-01-2026
Maharashtra,Satara,APMC Satara ,Vegetables,Tomato,Other,Local,"1,000.00","2,000.00","1,500.00",Rs./Quintal,20-01-2026
Maharashtra,Satara,APMC Satara ,Vegetables,Tomato,Other,Local,"1,000.00","2,000.00","1,500.00",Rs./Quintal,19-01-2026
Maharashtra,Satara,APMC Satara ,Vegetables,Tomato,Other,Local,"1,000.00","1,500.00","1,250.00",Rs./Quintal,17-01-2026
Maharashtra,Satara,APMC Satara ,Vegetables,Tomato,Other,Local,"1,500.00","2,500.00","1,750.00",Rs./Quintal,15-01-2026
Maharashtra,Satara,APMC Satara ,Vegetables,Tomato,Other,Local,"2,000.00","2,500.00","2,250.00",Rs./Quintal,14-01-2026
Maharashtra,Satara,APMC Satara ,Vegetables,Tomato,Other,Local,"2,000.00","2,500.00","2,250.00",Rs./Quintal,13-01-2026
Maharashtra,Satara,APMC Satara ,Vegetables,Tomato,Other,Local,"2,000.00","3,000.00","2,500.00",Rs./Quintal,07-01-2026
Maharashtra,Satara,APMC Satara ,Vegetables,Tomato,Other,Local,"3,000.00","3,500.00","3,200.00",Rs./Quintal,06-01-2026
Maharashtra,Satara,APMC Satara ,Vegetables,Tomato,Other,Local,"2,000.00","3,000.00","2,500.00",Rs./Quintal,05-01-2026
Maharashtra,Satara,APMC Satara ,Vegetables,Tomato,Other,Local,"3,000.00","4,000.00","3,500.00",Rs./Quintal,04-01-2026
Maharashtra,Satara,APMC Satara ,Vegetables,Tomato,Other,Local,"3,000.00","4,000.00","3,500.00",Rs./Quintal,03-01-2026
Maharashtra,Satara,APMC Satara ,Vegetables,Tomato,Other,Local,"3,000.00","3,500.00","3,200.00",Rs./Quintal,01-01-2026
Maharashtra,Satara,APMC Vaduj ,Vegetables,Tomato,Local,Local,"2,000.00","3,000.00","2,500.00",Rs./Quintal,21-03-2026
Maharashtra,Satara,APMC Vaduj ,Vegetables,Tomato,Local,Local,"2,500.00","3,000.00","2,750.00",Rs./Quintal,19-03-2026
Maharashtra,Satara,APMC Vaduj ,Vegetables,Tomato,Local,Local,"2,000.00","3,000.00","2,500.00",Rs./Quintal,21-02-2026
Maharashtra,Satara,APMC Vaduj ,Vegetables,Tomato,Local,Local,"3,000.00","4,000.00","3,500.00",Rs./Quintal,17-01-2026
Maharashtra,Satara,APMC Vaduj ,Vegetables,Tomato,Local,Local,"3,000.00","3,500.00","3,300.00",Rs./Quintal,07-01-2026
Maharashtra,Satara,APMC Vaduj ,Vegetables,Tomato,Local,Local,"3,000.00","3,500.00","3,250.00",Rs./Quintal,01-01-2026
Maharashtra,Satara,APMC Vai ,Vegetables,Tomato,Local,Local,"1,000.00","1,500.00","1,250.00",Rs./Quintal,02-09-2026
Maharashtra,Satara,APMC Vai ,Vegetables,Tomato,Local,Local,"1,000.00","1,500.00","1,250.00",Rs./Quintal,01-09-2026
Maharashtra,Satara,APMC Vai ,Vegetables,Tomato,Local,Local,"1,000.00","1,700.00","1,500.00",Rs./Quintal,30-08-2026
Maharashtra,Satara,APMC Vai ,Vegetables,Tomato,Local,Local,800.00,"1,300.00","1,050.00",Rs./Quintal,29-08-2026
Maharashtra,Satara,APMC Vai ,Vegetables,Tomato,Local,Local,"1,000.00","1,500.00","1,250.00",Rs./Quintal,28-08-2026
Maharashtra,Satara,APMC Vai ,Vegetables,Tomato,Local,Local,"1,000.00","1,500.00","1,250.00",Rs./Quintal,27-08-2026
Maharashtra,Satara,APMC Vai ,Vegetables,Tomato,Local,Local,"1,000.00","2,000.00","1,500.00",Rs./Quintal,25-08-2026
Maharashtra,Satara,APMC Vai ,Vegetables,Tomato,Local,Local,"1,000.00","1,800.00","1,500.00",Rs./Quintal,22-08-2026
Maharashtra,Satara,APMC Vai ,Vegetables,Tomato,Local,Local,"1,000.00","2,000.00","1,500.00",Rs./Quintal,21-08-2026
Maharashtra,Satara,APMC Vai ,Vegetables,Tomato,Local,Local,"1,000.00","1,800.00","1,500.00",Rs./Quintal,20-08-2026
Maharashtra,Satara,APMC Vai ,Vegetables,Tomato,Local,Local,"1,000.00","2,300.00","1,850.00",Rs./Quintal,19-08-2026
Maharashtra,Satara,APMC Vai ,Vegetables,Tomato,Local,Local,"1,000.00","2,000.00","1,500.00",Rs./Quintal,14-08-2026
Maharashtra,Satara,APMC Vai ,Vegetables,Tomato,Local,Local,"1,500.00","2,000.00","1,750.00",Rs./Quintal,13-08-2026
Maharashtra,Satara,APMC Vai ,Vegetables,Tomato,Local,Local,"1,000.00","2,000.00","1,500.00",Rs./Quintal,12-08-2026
Maharashtra,Satara,APMC Vai ,Vegetables,Tomato,Local,Local,"1,000.00","2,000.00","1,500.00",Rs./Quintal,11-08-2026
Maharashtra,Satara,APMC Vai ,Vegetables,Tomato,Local,Local,"1,000.00","2,000.00","1,500.00",Rs./Quintal,10-08-2026
Maharashtra,Satara,APMC Vai ,Vegetables,Tomato,Local,Local,"1,000.00","2,000.00","1,500.00",Rs./Quintal,07-08-2026
Maharashtra,Satara,APMC Vai ,Vegetables,Tomato,Local,Local,"1,000.00","2,500.00","1,500.00",Rs./Quintal,06-08-2026
Maharashtra,Satara,APMC Vai ,Vegetables,Tomato,Local,Local,500.00,"1,500.00","1,000.00",Rs./Quintal,05-08-2026
Maharashtra,Satara,APMC Vai ,Vegetables,Tomato,Local,Local,"1,000.00","2,500.00","1,500.00",Rs./Quintal,04-08-2026
Maharashtra,Satara,APMC Vai ,Vegetables,Tomato,Local,Local,"1,000.00","2,500.00","1,500.00",Rs./Quintal,03-08-2026
Maharashtra,Satara,APMC Vai ,Vegetables,Tomato,Local,Local,"1,000.00","2,500.00","2,000.00",Rs./Quintal,02-08-2026
Maharashtra,Satara,APMC Vai ,Vegetables,Tomato,Local,Local,"1,000.00","2,000.00","1,500.00",Rs./Quintal,01-08-2026
Maharashtra,Satara,APMC Vai ,Vegetables,Tomato,Local,Local,"1,500.00","2,500.00","2,000.00",Rs./Quintal,31-07-2026
Maharashtra,Satara,APMC Vai ,Vegetables,Tomato,Local,Local,"1,000.00","2,000.00","1,500.00",Rs./Quintal,30-07-2026
Maharashtra,Satara,APMC Vai ,Vegetables,Tomato,Local,Local,"1,000.00","2,000.00","1,500.00",Rs./Quintal,29-07-2026
Maharashtra,Satara,APMC Vai ,Vegetables,Tomato,Local,Local,"1,000.00","3,000.00","2,000.00",Rs./Quintal,28-07-2026
Maharashtra,Satara,APMC Vai ,Vegetables,Tomato,Local,Local,"1,000.00","2,000.00","1,500.00",Rs./Quintal,27-07-2026
Maharashtra,Satara,APMC Vai ,Vegetables,Tomato,Local,Local,"1,000.00","2,000.00","1,500.00",Rs./Quintal,25-07-2026
Maharashtra,Satara,APMC Vai ,Vegetables,Tomato,Local,Local,"1,000.00","2,000.00","1,500.00",Rs./Quintal,24-07-2026
Maharashtra,Satara,APMC Vai ,Vegetables,Tomato,Local,Local,"1,000.00","2,000.00","1,500.00",Rs./Quintal,23-07-2026
Maharashtra,Satara,APMC Vai ,Vegetables,Tomato,Local,Local,"1,500.00","2,300.00","1,850.00",Rs./Quintal,22-07-2026
Maharashtra,Satara,APMC Vai ,Vegetables,Tomato,Local,Local,"1,000.00","2,000.00","1,760.00",Rs./Quintal,20-07-2026
Maharashtra,Satara,APMC Vai ,Vegetables,Tomato,Local,Local,"1,000.00","2,000.00","1,600.00",Rs./Quintal,19-07-2026
Maharashtra,Satara,APMC Vai ,Vegetables,Tomato,Local,Local,"1,500.00","2,500.00","2,250.00",Rs./Quintal,16-07-2026
Maharashtra,Satara,APMC Vai ,Vegetables,Tomato,Local,Local,"1,000.00","2,500.00","2,200.00",Rs./Quintal,15-07-2026
Maharashtra,Satara,APMC Vai ,Vegetables,Tomato,Local,Local,"1,000.00","1,500.00","1,200.00",Rs./Quintal,13-07-2026
Maharashtra,Satara,APMC Vai ,Vegetables,Tomato,Local,Local,"1,500.00","3,200.00","2,300.00",Rs./Quintal,12-07-2026
Maharashtra,Satara,APMC Vai ,Vegetables,Tomato,Local,Local,"1,500.00","3,500.00","2,000.00",Rs./Quintal,10-07-2026
Maharashtra,Satara,APMC Vai ,Vegetables,Tomato,Local,Local,"1,500.00","2,300.00","1,800.00",Rs./Quintal,09-07-2026
Maharashtra,Satara,APMC Vai ,Vegetables,Tomato,Local,Local,"1,500.00","2,500.00","2,000.00",Rs./Quintal,08-07-2026
Maharashtra,Satara,APMC Vai ,Vegetables,Tomato,Local,Local,"1,500.00","3,000.00","2,000.00",Rs./Quintal,06-07-2026
Maharashtra,Satara,APMC Vai ,Vegetables,Tomato,Local,Local,"1,000.00","2,300.00","1,500.00",Rs./Quintal,05-07-2026
Maharashtra,Satara,APMC Vai ,Vegetables,Tomato,Local,Local,"2,000.00","2,300.00","2,100.00",Rs./Quintal,04-07-2026
Maharashtra,Satara,APMC Vai ,Vegetables,Tomato,Local,Local,"1,000.00","2,700.00","1,500.00",Rs./Quintal,03-07-2026
Maharashtra,Satara,APMC Vai ,Vegetables,Tomato,Local,Local,"1,000.00","2,000.00","1,500.00",Rs./Quintal,02-07-2026
Maharashtra,Satara,APMC Vai ,Vegetables,Tomato,Local,Local,700.00,"1,800.00","1,250.00",Rs./Quintal,01-07-2026
Maharashtra,Satara,APMC Vai ,Vegetables,Tomato,Local,Local,700.00,"1,800.00","1,250.00",Rs./Quintal,30-06-2026
Maharashtra,Satara,APMC Vai ,Vegetables,Tomato,Local,Local,500.00,"1,500.00","1,100.00",Rs./Quintal,29-06-2026
Maharashtra,Satara,APMC Vai ,Vegetables,Tomato,Local,Local,"1,000.00","2,500.00","1,900.00",Rs./Quintal,27-06-2026
Maharashtra,Satara,APMC Vai ,Vegetables,Tomato,Local,Local,"1,000.00","2,000.00","1,500.00",Rs./Quintal,25-06-2026
Maharashtra,Satara,APMC Vai ,Vegetables,Tomato,Local,Local,"1,000.00","2,500.00","1,700.00",Rs./Quintal,24-06-2026
Maharashtra,Satara,APMC Vai ,Vegetables,Tomato,Local,Local,"1,500.00","3,000.00","2,500.00",Rs./Quintal,22-06-2026
Maharashtra,Satara,APMC Vai ,Vegetables,Tomato,Local,Local,"2,000.00","3,500.00","2,800.00",Rs./Quintal,21-06-2026
Maharashtra,Satara,APMC Vai ,Vegetables,Tomato,Local,Local,"1,500.00","3,000.00","2,250.00",Rs./Quintal,20-06-2026
Maharashtra,Satara,APMC Vai ,Vegetables,Tomato,Local,Local,"1,500.00","3,000.00","2,250.00",Rs./Quintal,19-06-2026
Maharashtra,Satara,APMC Vai ,Vegetables,Tomato,Local,Local,"2,000.00","3,500.00","3,000.00",Rs./Quintal,18-06-2026
Maharashtra,Satara,APMC Vai ,Vegetables,Tomato,Local,Local,"1,500.00","2,500.00","2,000.00",Rs./Quintal,17-06-2026
Maharashtra,Satara,APMC Vai ,Vegetables,Tomato,Local,Local,"1,500.00","3,000.00","2,250.00",Rs./Quintal,16-06-2026
Maharashtra,Satara,APMC Vai ,Vegetables,Tomato,Local,Local,"1,000.00","2,500.00","1,500.00",Rs./Quintal,15-06-2026
Maharashtra,Satara,APMC Vai ,Vegetables,Tomato,Local,Local,"1,500.00","3,000.00","2,250.00",Rs./Quintal,12-06-2026
Maharashtra,Satara,APMC Vai ,Vegetables,Tomato,Local,Local,"2,000.00","4,000.00","3,500.00",Rs./Quintal,11-06-2026
Maharashtra,Satara,APMC Vai ,Vegetables,Tomato,Local,Local,"2,000.00","3,500.00","3,000.00",Rs./Quintal,10-06-2026
Maharashtra,Satara,APMC Vai ,Vegetables,Tomato,Local,Local,"1,000.00","2,500.00","2,200.00",Rs./Quintal,09-06-2026
Maharashtra,Satara,APMC Vai ,Vegetables,Tomato,Local,Local,"1,500.00","2,500.00","2,000.00",Rs./Quintal,07-06-2026
Maharashtra,Satara,APMC Vai ,Vegetables,Tomato,Local,Local,"1,000.00","2,500.00","1,800.00",Rs./Quintal,05-06-2026
Maharashtra,Satara,APMC Vai ,Vegetables,Tomato,Local,Local,"1,000.00","2,500.00","1,800.00",Rs./Quintal,04-06-2026
Maharashtra,Satara,APMC Vai ,Vegetables,Tomato,Local,Local,"1,000.00","2,000.00","1,500.00",Rs./Quintal,03-06-2026
Maharashtra,Satara,APMC Vai ,Vegetables,Tomato,Local,Local,"2,500.00","4,000.00","3,300.00",Rs./Quintal,31-05-2026
Maharashtra,Satara,APMC Vai ,Vegetables,Tomato,Local,Local,"2,000.00","4,000.00","3,000.00",Rs./Quintal,29-05-2026
Maharashtra,Satara,APMC Vai ,Vegetables,Tomato,Local,Local,"1,500.00","3,200.00","2,700.00",Rs./Quintal,25-05-2026
Maharashtra,Satara,APMC Vai ,Vegetables,Tomato,Local,Local,"1,500.00","3,000.00","2,200.00",Rs./Quintal,23-05-2026
Maharashtra,Satara,APMC Vai ,Vegetables,Tomato,Local,Local,"2,000.00","3,000.00","2,500.00",Rs./Quintal,21-05-2026
Maharashtra,Satara,APMC Vai ,Vegetables,Tomato,Local,Local,"1,500.00","3,000.00","2,250.00",Rs./Quintal,18-05-2026
Maharashtra,Satara,APMC Vai ,Vegetables,Tomato,Local,Local,"1,500.00","3,200.00","2,400.00",Rs./Quintal,17-05-2026
Maharashtra,Satara,APMC Vai ,Vegetables,Tomato,Local,Local,"1,500.00","3,000.00","2,250.00",Rs./Quintal,14-05-2026
Maharashtra,Satara,APMC Vai ,Vegetables,Tomato,Local,Local,"1,500.00","3,000.00","2,200.00",Rs./Quintal,13-05-2026
Maharashtra,Satara,APMC Vai ,Vegetables,Tomato,Local,Local,"1,500.00","3,000.00","2,200.00",Rs./Quintal,12-05-2026
Maharashtra,Satara,APMC Vai ,Vegetables,Tomato,Local,Local,"2,000.00","3,500.00","2,800.00",Rs./Quintal,10-05-2026
Maharashtra,Satara,APMC Vai ,Vegetables,Tomato,Local,Local,"2,000.00","3,500.00","2,700.00",Rs./Quintal,09-05-2026
Maharashtra,Satara,APMC Vai ,Vegetables,Tomato,Local,Local,"1,500.00","3,000.00","2,200.00",Rs./Quintal,08-05-2026
Maharashtra,Satara,APMC Vai ,Vegetables,Tomato,Local,Local,"1,500.00","3,000.00","2,200.00",Rs./Quintal,06-05-2026
Maharashtra,Satara,APMC Vai ,Vegetables,Tomato,Local,Local,"2,000.00","3,500.00","2,500.00",Rs./Quintal,04-05-2026
Maharashtra,Satara,APMC Vai ,Vegetables,Tomato,Local,Local,"1,500.00","3,500.00","2,500.00",Rs./Quintal,03-05-2026
Maharashtra,Satara,APMC Vai ,Vegetables,Tomato,Local,Local,"2,000.00","3,700.00","3,000.00",Rs./Quintal,02-05-2026
Maharashtra,Satara,APMC Vai ,Vegetables,Tomato,Local,Local,"1,500.00","2,300.00","2,000.00",Rs./Quintal,30-04-2026
Maharashtra,Satara,APMC Vai ,Vegetables,Tomato,Local,Local,700.00,"2,000.00","1,400.00",Rs./Quintal,27-04-2026
Maharashtra,Satara,APMC Vai ,Vegetables,Tomato,Local,Local,"1,500.00","2,200.00","1,800.00",Rs./Quintal,25-04-2026
Maharashtra,Satara,APMC Vai ,Vegetables,Tomato,Local,Local,500.00,"1,700.00","1,300.00",Rs./Quintal,24-04-2026
Maharashtra,Satara,APMC Vai ,Vegetables,Tomato,Local,Local,500.00,"1,800.00","1,400.00",Rs./Quintal,22-04-2026
Maharashtra,Satara,APMC Vai ,Vegetables,Tomato,Local,Local,700.00,"2,000.00","1,500.00",Rs./Quintal,20-04-2026
Maharashtra,Satara,APMC Vai ,Vegetables,Tomato,Local,Local,"1,500.00","2,000.00","1,800.00",Rs./Quintal,19-04-2026
Maharashtra,Satara,APMC Vai ,Vegetables,Tomato,Local,Local,500.00,"1,700.00","1,200.00",Rs./Quintal,17-04-2026
Maharashtra,Satara,APMC Vai ,Vegetables,Tomato,Local,Local,"1,000.00","2,500.00","2,000.00",Rs./Quintal,15-04-2026
Maharashtra,Satara,APMC Vai ,Vegetables,Tomato,Local,Local,"1,000.00","2,400.00","1,800.00",Rs./Quintal,13-04-2026
Maharashtra,Satara,APMC Vai ,Vegetables,Tomato,Local,Local,"1,000.00","2,400.00","1,700.00",Rs./Quintal,11-04-2026
Maharashtra,Satara,APMC Vai ,Vegetables,Tomato,Local,Local,500.00,"1,500.00","1,000.00",Rs./Quintal,10-04-2026
Maharashtra,Satara,APMC Vai ,Vegetables,Tomato,Local,Local,500.00,"1,700.00","1,100.00",Rs./Quintal,07-04-2026
Maharashtra,Satara,APMC Vai ,Vegetables,Tomato,Local,Local,500.00,"1,700.00","1,000.00",Rs./Quintal,06-04-2026
Maharashtra,Satara,APMC Vai ,Vegetables,Tomato,Local,Local,"1,000.00","2,200.00","1,700.00",Rs./Quintal,05-04-2026
Maharashtra,Satara,APMC Vai ,Vegetables,Tomato,Local,Local,"1,000.00","2,000.00","1,500.00",Rs./Quintal,30-03-2026
Maharashtra,Satara,APMC Vai ,Vegetables,Tomato,Local,Local,"1,000.00","2,500.00","1,800.00",Rs./Quintal,27-03-2026
Maharashtra,Satara,APMC Vai ,Vegetables,Tomato,Local,Local,500.00,"2,000.00","1,500.00",Rs./Quintal,23-03-2026
Maharashtra,Satara,APMC Vai ,Vegetables,Tomato,Local,Local,500.00,"2,300.00","1,800.00",Rs./Quintal,21-03-2026
Maharashtra,Satara,APMC Vai ,Vegetables,Tomato,Local,Local,500.00,"2,200.00","1,600.00",Rs./Quintal,20-03-2026
Maharashtra,Satara,APMC Vai ,Vegetables,Tomato,Local,Local,"1,000.00","1,800.00","1,500.00",Rs./Quintal,19-03-2026
Maharashtra,Satara,APMC Vai ,Vegetables,Tomato,Local,Local,"1,000.00","2,500.00","1,800.00",Rs./Quintal,16-03-2026
Maharashtra,Satara,APMC Vai ,Vegetables,Tomato,Local,Local,"1,200.00","2,200.00","1,700.00",Rs./Quintal,15-03-2026
Maharashtra,Satara,APMC Vai ,Vegetables,Tomato,Local,Local,"1,000.00","2,500.00","1,800.00",Rs./Quintal,14-03-2026
Maharashtra,Satara,APMC Vai ,Vegetables,Tomato,Local,Local,500.00,"2,000.00","1,400.00",Rs./Quintal,13-03-2026
Maharashtra,Satara,APMC Vai ,Vegetables,Tomato,Local,Local,"1,000.00","2,500.00","1,600.00",Rs./Quintal,09-03-2026
Maharashtra,Satara,APMC Vai ,Vegetables,Tomato,Local,Local,"1,000.00","2,500.00","1,500.00",Rs./Quintal,08-03-2026
Maharashtra,Satara,APMC Vai ,Vegetables,Tomato,Local,Local,"1,500.00","2,500.00","2,000.00",Rs./Quintal,07-03-2026
Maharashtra,Satara,APMC Vai ,Vegetables,Tomato,Local,Local,"1,500.00","3,000.00","2,200.00",Rs./Quintal,06-03-2026
Maharashtra,Satara,APMC Vai ,Vegetables,Tomato,Local,Local,"1,000.00","2,200.00","1,500.00",Rs./Quintal,02-03-2026
Maharashtra,Satara,APMC Vai ,Vegetables,Tomato,Local,Local,"1,000.00","2,000.00","1,500.00",Rs./Quintal,01-03-2026
Maharashtra,Satara,APMC Vai ,Vegetables,Tomato,Local,Local,500.00,"1,500.00","1,000.00",Rs./Quintal,27-02-2026
Maharashtra,Satara,APMC Vai ,Vegetables,Tomato,Local,Local,"1,000.00","1,800.00","1,500.00",Rs./Quintal,25-02-2026
Maharashtra,Satara,APMC Vai ,Vegetables,Tomato,Local,Local,500.00,"1,500.00","1,000.00",Rs./Quintal,22-02-2026
Maharashtra,Satara,APMC Vai ,Vegetables,Tomato,Local,Local,500.00,"1,500.00","1,000.00",Rs./Quintal,20-02-2026
Maharashtra,Satara,APMC Vai ,Vegetables,Tomato,Local,Local,"1,000.00","2,000.00","1,500.00",Rs./Quintal,19-02-2026
Maharashtra,Satara,APMC Vai ,Vegetables,Tomato,Local,Local,"1,500.00","2,600.00","2,000.00",Rs./Quintal,16-02-2026
Maharashtra,Satara,APMC Vai ,Vegetables,Tomato,Local,Local,"1,000.00","1,800.00","1,400.00",Rs./Quintal,14-02-2026
Maharashtra,Satara,APMC Vai ,Vegetables,Tomato,Local,Local,"1,000.00","2,000.00","1,500.00",Rs./Quintal,13-02-2026
Maharashtra,Satara,APMC Vai ,Vegetables,Tomato,Local,Local,"1,000.00","1,800.00","1,500.00",Rs./Quintal,11-02-2026
Maharashtra,Satara,APMC Vai ,Vegetables,Tomato,Local,Local,"1,000.00","2,000.00","1,500.00",Rs./Quintal,09-02-2026
Maharashtra,Satara,APMC Vai ,Vegetables,Tomato,Local,Local,"1,000.00","2,000.00","1,500.00",Rs./Quintal,08-02-2026
Maharashtra,Satara,APMC Vai ,Vegetables,Tomato,Local,Local,"1,300.00","1,700.00","1,450.00",Rs./Quintal,06-02-2026
Maharashtra,Satara,APMC Vai ,Vegetables,Tomato,Local,Local,"1,000.00","1,600.00","1,300.00",Rs./Quintal,05-02-2026
Maharashtra,Satara,APMC Vai ,Vegetables,Tomato,Local,Local,"1,000.00","1,800.00","1,500.00",Rs./Quintal,02-02-2026
Maharashtra,Satara,APMC Vai ,Vegetables,Tomato,Local,Local,"1,000.00","2,500.00","1,800.00",Rs./Quintal,01-02-2026
Maharashtra,Satara,APMC Vai ,Vegetables,Tomato,Local,Local,"1,500.00","2,500.00","2,000.00",Rs./Quintal,30-01-2026
Maharashtra,Satara,APMC Vai ,Vegetables,Tomato,Local,Local,"1,000.00","2,500.00","1,800.00",Rs./Quintal,28-01-2026
Maharashtra,Satara,APMC Vai ,Vegetables,Tomato,Local,Local,"2,000.00","3,000.00","2,500.00",Rs./Quintal,26-01-2026
Maharashtra,Satara,APMC Vai ,Vegetables,Tomato,Local,Local,"1,000.00","2,200.00","1,500.00",Rs./Quintal,25-01-2026
Maharashtra,Satara,APMC Vai ,Vegetables,Tomato,Local,Local,"1,000.00","2,200.00","1,500.00",Rs./Quintal,24-01-2026
Maharashtra,Satara,APMC Vai ,Vegetables,Tomato,Local,Local,"1,000.00","2,200.00","1,500.00",Rs./Quintal,23-01-2026
Maharashtra,Satara,APMC Vai ,Vegetables,Tomato,Local,Local,"1,000.00","2,500.00","2,250.00",Rs./Quintal,22-01-2026
Maharashtra,Satara,APMC Vai ,Vegetables,Tomato,Local,Local,"1,000.00","2,000.00","1,500.00",Rs./Quintal,21-01-2026
Maharashtra,Satara,APMC Vai ,Vegetables,Tomato,Local,Local,"1,000.00","2,000.00","1,500.00",Rs./Quintal,17-01-2026
Maharashtra,Satara,APMC Vai ,Vegetables,Tomato,Local,Local,"1,000.00","2,500.00","2,250.00",Rs./Quintal,16-01-2026
Maharashtra,Satara,APMC Vai ,Vegetables,Tomato,Local,Local,"1,500.00","2,500.00","2,000.00",Rs./Quintal,14-01-2026
Maharashtra,Satara,APMC Vai ,Vegetables,Tomato,Local,Local,"1,500.00","2,500.00","2,000.00",Rs./Quintal,11-01-2026
Maharashtra,Satara,APMC Vai ,Vegetables,Tomato,Local,Local,"1,500.00","3,000.00","2,300.00",Rs./Quintal,10-01-2026
Maharashtra,Satara,APMC Vai ,Vegetables,Tomato,Local,Local,"1,500.00","3,500.00","2,500.00",Rs./Quintal,09-01-2026
Maharashtra,Satara,APMC Vai ,Vegetables,Tomato,Local,Local,"1,500.00","3,500.00","2,500.00",Rs./Quintal,08-01-2026
Maharashtra,Satara,APMC Vai ,Vegetables,Tomato,Local,Local,"2,000.00","3,500.00","2,800.00",Rs./Quintal,07-01-2026
Maharashtra,Satara,APMC Vai ,Vegetables,Tomato,Local,Local,"2,500.00","4,500.00","4,000.00",Rs./Quintal,04-01-2026
Maharashtra,Satara,APMC Vai ,Vegetables,Tomato,Local,Local,"2,000.00","4,500.00","3,500.00",Rs./Quintal,01-01-2026
Maharashtra,Solapur,APMC Akluj ,Vegetables,Tomato,Local,Local,700.00,"1,000.00",900.00,Rs./Quintal,03-09-2026
Maharashtra,Solapur,APMC Akluj ,Vegetables,Tomato,Local,Local,700.00,"1,500.00","1,000.00",Rs./Quintal,02-09-2026
Maharashtra,Solapur,APMC Akluj ,Vegetables,Tomato,Local,Local,500.00,"1,000.00",800.00,Rs./Quintal,31-08-2026
Maharashtra,Solapur,APMC Akluj ,Vegetables,Tomato,Local,Local,500.00,"1,200.00","1,000.00",Rs./Quintal,30-08-2026
Maharashtra,Solapur,APMC Akluj ,Vegetables,Tomato,Local,Local,500.00,"1,200.00","1,000.00",Rs./Quintal,29-08-2026
Maharashtra,Solapur,APMC Akluj ,Vegetables,Tomato,Local,Local,500.00,"1,000.00",800.00,Rs./Quintal,28-08-2026
Maharashtra,Solapur,APMC Akluj ,Vegetables,Tomato,Local,Local,500.00,"1,000.00",800.00,Rs./Quintal,27-08-2026
Maharashtra,Solapur,APMC Akluj ,Vegetables,Tomato,Local,Local,500.00,"1,000.00",800.00,Rs./Quintal,26-08-2026
Maharashtra,Solapur,APMC Akluj ,Vegetables,Tomato,Local,Local,500.00,"1,000.00",800.00,Rs./Quintal,24-08-2026
Maharashtra,Solapur,APMC Akluj ,Vegetables,Tomato,Local,Local,500.00,"1,000.00",800.00,Rs./Quintal,23-08-2026
Maharashtra,Solapur,APMC Akluj ,Vegetables,Tomato,Local,Local,500.00,"1,100.00",800.00,Rs./Quintal,22-08-2026
Maharashtra,Solapur,APMC Akluj ,Vegetables,Tomato,Local,Local,700.00,"1,500.00","1,000.00",Rs./Quintal,21-08-2026
Maharashtra,Solapur,APMC Akluj ,Vegetables,Tomato,Local,Local,"1,000.00","1,800.00","1,500.00",Rs./Quintal,20-08-2026
Maharashtra,Solapur,APMC Akluj ,Vegetables,Tomato,Local,Local,"1,000.00","1,800.00","1,500.00",Rs./Quintal,19-08-2026
Maharashtra,Solapur,APMC Akluj ,Vegetables,Tomato,Local,Local,"1,000.00","2,000.00","1,500.00",Rs./Quintal,17-08-2026
Maharashtra,Solapur,APMC Akluj ,Vegetables,Tomato,Local,Local,"1,000.00","1,800.00","1,500.00",Rs./Quintal,16-08-2026
Maharashtra,Solapur,APMC Akluj ,Vegetables,Tomato,Local,Local,"1,000.00","2,000.00","1,400.00",Rs./Quintal,14-08-2026
Maharashtra,Solapur,APMC Akluj ,Vegetables,Tomato,Local,Local,"1,000.00","2,000.00","1,500.00",Rs./Quintal,13-08-2026
Maharashtra,Solapur,APMC Akluj ,Vegetables,Tomato,Local,Local,"1,000.00","2,000.00","1,500.00",Rs./Quintal,12-08-2026
Maharashtra,Solapur,APMC Akluj ,Vegetables,Tomato,Local,Local,"1,000.00","2,000.00","1,500.00",Rs./Quintal,10-08-2026
Maharashtra,Solapur,APMC Akluj ,Vegetables,Tomato,Other,Local,"1,000.00","1,800.00","1,500.00",Rs./Quintal,09-08-2026
Maharashtra,Solapur,APMC Akluj ,Vegetables,Tomato,Local,Local,"1,000.00","18,000.00","1,500.00",Rs./Quintal,08-08-2026
Maharashtra,Solapur,APMC Akluj ,Vegetables,Tomato,Local,Local,"1,000.00","2,000.00","1,500.00",Rs./Quintal,07-08-2026
Maharashtra,Solapur,APMC Akluj ,Vegetables,Tomato,Local,Local,"1,000.00","2,300.00","1,600.00",Rs./Quintal,06-08-2026
Maharashtra,Solapur,APMC Akluj ,Vegetables,Tomato,Local,Local,"1,000.00","2,500.00","1,800.00",Rs./Quintal,05-08-2026
Maharashtra,Solapur,APMC Akluj ,Vegetables,Tomato,Local,Local,"1,000.00","2,000.00","1,500.00",Rs./Quintal,03-08-2026
Maharashtra,Solapur,APMC Akluj ,Vegetables,Tomato,Local,Local,"1,000.00","2,000.00","1,500.00",Rs./Quintal,02-08-2026
Maharashtra,Solapur,APMC Akluj ,Vegetables,Tomato,Local,Local,"1,000.00","2,200.00","1,500.00",Rs./Quintal,01-08-2026
Maharashtra,Solapur,APMC Akluj ,Vegetables,Tomato,Local,Local,"1,000.00","2,000.00","1,500.00",Rs./Quintal,31-07-2026
Maharashtra,Solapur,APMC Akluj ,Vegetables,Tomato,Other,Local,"1,000.00","1,800.00","1,500.00",Rs./Quintal,30-07-2026
Maharashtra,Solapur,APMC Akluj ,Vegetables,Tomato,Local,Local,"1,000.00","2,200.00","1,500.00",Rs./Quintal,27-07-2026
Maharashtra,Solapur,APMC Akluj ,Vegetables,Tomato,Local,Local,"1,000.00","2,200.00","1,800.00",Rs./Quintal,26-07-2026
Maharashtra,Solapur,APMC Akluj ,Vegetables,Tomato,Local,Local,"1,000.00","1,500.00","1,300.00",Rs./Quintal,25-07-2026
Maharashtra,Solapur,APMC Akluj ,Vegetables,Tomato,Local,Local,"1,200.00","2,000.00","1,800.00",Rs./Quintal,24-07-2026
Maharashtra,Solapur,APMC Akluj ,Vegetables,Tomato,Local,Local,"1,000.00","2,200.00","1,500.00",Rs./Quintal,23-07-2026
Maharashtra,Solapur,APMC Akluj ,Vegetables,Tomato,Local,Local,"1,000.00","2,000.00","1,500.00",Rs./Quintal,22-07-2026
Maharashtra,Solapur,APMC Akluj ,Vegetables,Tomato,Local,Local,"1,000.00","2,200.00","1,500.00",Rs./Quintal,20-07-2026
Maharashtra,Solapur,APMC Akluj ,Vegetables,Tomato,Local,Local,"1,000.00","2,000.00","1,500.00",Rs./Quintal,19-07-2026
Maharashtra,Solapur,APMC Akluj ,Vegetables,Tomato,Local,Local,"1,500.00","2,500.00","2,000.00",Rs./Quintal,18-07-2026
Maharashtra,Solapur,APMC Akluj ,Vegetables,Tomato,Local,Local,"1,000.00","2,500.00","2,000.00",Rs./Quintal,17-07-2026
Maharashtra,Solapur,APMC Akluj ,Vegetables,Tomato,Local,Local,"1,000.00","2,000.00","1,500.00",Rs./Quintal,16-07-2026
Maharashtra,Solapur,APMC Akluj ,Vegetables,Tomato,Local,Local,"1,000.00","2,000.00","1,500.00",Rs./Quintal,15-07-2026
Maharashtra,Solapur,APMC Akluj ,Vegetables,Tomato,Local,Local,"1,000.00","2,500.00","2,000.00",Rs./Quintal,13-07-2026
Maharashtra,Solapur,APMC Akluj ,Vegetables,Tomato,Local,Local,"1,000.00","2,500.00","2,000.00",Rs./Quintal,12-07-2026
Maharashtra,Solapur,APMC Akluj ,Vegetables,Tomato,Local,Local,"1,500.00","2,500.00","2,000.00",Rs./Quintal,11-07-2026
Maharashtra,Solapur,APMC Akluj ,Vegetables,Tomato,Local,Local,"1,500.00","2,800.00","2,200.00",Rs./Quintal,10-07-2026
Maharashtra,Solapur,APMC Akluj ,Vegetables,Tomato,Local,Local,"1,300.00","2,000.00","1,800.00",Rs./Quintal,09-07-2026
Maharashtra,Solapur,APMC Akluj ,Vegetables,Tomato,Local,Local,"1,500.00","2,200.00","2,000.00",Rs./Quintal,08-07-2026
Maharashtra,Solapur,APMC Akluj ,Vegetables,Tomato,Local,Local,"1,500.00","2,800.00","2,500.00",Rs./Quintal,06-07-2026
Maharashtra,Solapur,APMC Akluj ,Vegetables,Tomato,Local,Local,"1,500.00","2,500.00","2,000.00",Rs./Quintal,05-07-2026
Maharashtra,Solapur,APMC Akluj ,Vegetables,Tomato,Local,Local,"1,800.00","3,000.00","2,500.00",Rs./Quintal,04-07-2026
Maharashtra,Solapur,APMC Akluj ,Vegetables,Tomato,Local,Local,"1,500.00","3,500.00","3,000.00",Rs./Quintal,03-07-2026
Maharashtra,Solapur,APMC Akluj ,Vegetables,Tomato,Local,Local,"1,500.00","3,000.00","2,500.00",Rs./Quintal,02-07-2026
Maharashtra,Solapur,APMC Akluj ,Vegetables,Tomato,Local,Local,"1,500.00","2,800.00","2,500.00",Rs./Quintal,01-07-2026
Maharashtra,Solapur,APMC Akluj ,Vegetables,Tomato,Local,Local,"1,500.00","3,000.00","2,500.00",Rs./Quintal,29-06-2026
Maharashtra,Solapur,APMC Akluj ,Vegetables,Tomato,Local,Local,"1,500.00","2,800.00","2,500.00",Rs./Quintal,28-06-2026
Maharashtra,Solapur,APMC Akluj ,Vegetables,Tomato,Local,Local,"1,500.00","3,000.00","2,600.00",Rs./Quintal,27-06-2026
Maharashtra,Solapur,APMC Akluj ,Vegetables,Tomato,Local,Local,"1,000.00","3,000.00","2,000.00",Rs./Quintal,25-06-2026
Maharashtra,Solapur,APMC Akluj ,Vegetables,Tomato,Local,Local,"1,500.00","3,000.00","2,500.00",Rs./Quintal,24-06-2026
Maharashtra,Solapur,APMC Akluj ,Vegetables,Tomato,Local,Local,"2,000.00","4,000.00","3,000.00",Rs./Quintal,22-06-2026
Maharashtra,Solapur,APMC Akluj ,Vegetables,Tomato,Local,Local,"1,500.00","4,000.00","2,800.00",Rs./Quintal,21-06-2026
Maharashtra,Solapur,APMC Akluj ,Vegetables,Tomato,Local,Local,"1,800.00","3,200.00","3,000.00",Rs./Quintal,20-06-2026
Maharashtra,Solapur,APMC Akluj ,Vegetables,Tomato,Local,Local,"1,500.00","3,000.00","2,500.00",Rs./Quintal,19-06-2026
Maharashtra,Solapur,APMC Akluj ,Vegetables,Tomato,Local,Local,"1,500.00","3,500.00","3,000.00",Rs./Quintal,18-06-2026
Maharashtra,Solapur,APMC Akluj ,Vegetables,Tomato,Local,Local,"1,800.00","3,800.00","3,500.00",Rs./Quintal,17-06-2026
Maharashtra,Solapur,APMC Akluj ,Vegetables,Tomato,Local,Local,"1,500.00","3,500.00","3,000.00",Rs./Quintal,15-06-2026
Maharashtra,Solapur,APMC Akluj ,Vegetables,Tomato,Local,Local,"2,000.00","4,000.00","3,500.00",Rs./Quintal,14-06-2026
Maharashtra,Solapur,APMC Akluj ,Vegetables,Tomato,Local,Local,"2,000.00","4,500.00","4,000.00",Rs./Quintal,13-06-2026
Maharashtra,Solapur,APMC Akluj ,Vegetables,Tomato,Local,Local,"1,500.00","4,000.00","3,500.00",Rs./Quintal,12-06-2026
Maharashtra,Solapur,APMC Akluj ,Vegetables,Tomato,Local,Local,"1,500.00","3,000.00","2,500.00",Rs./Quintal,11-06-2026
Maharashtra,Solapur,APMC Akluj ,Vegetables,Tomato,Local,Local,"1,500.00","3,000.00","2,500.00",Rs./Quintal,10-06-2026
Maharashtra,Solapur,APMC Akluj ,Vegetables,Tomato,Local,Local,"1,500.00","3,200.00","3,000.00",Rs./Quintal,08-06-2026
Maharashtra,Solapur,APMC Akluj ,Vegetables,Tomato,Local,Local,"1,500.00","3,000.00","2,500.00",Rs./Quintal,07-06-2026
Maharashtra,Solapur,APMC Akluj ,Vegetables,Tomato,Local,Local,"2,000.00","4,000.00","3,000.00",Rs./Quintal,06-06-2026
Maharashtra,Solapur,APMC Akluj ,Vegetables,Tomato,Local,Local,"1,500.00","3,500.00","3,000.00",Rs./Quintal,03-06-2026
Maharashtra,Solapur,APMC Akluj ,Vegetables,Tomato,Local,Local,"1,500.00","3,500.00","3,000.00",Rs./Quintal,31-05-2026
Maharashtra,Solapur,APMC Akluj ,Vegetables,Tomato,Local,Local,"2,500.00","3,500.00","3,000.00",Rs./Quintal,29-05-2026
Maharashtra,Solapur,APMC Akluj ,Vegetables,Tomato,Local,Local,"1,500.00","3,300.00","3,000.00",Rs./Quintal,28-05-2026
Maharashtra,Solapur,APMC Akluj ,Vegetables,Tomato,Local,Local,"1,000.00","3,000.00","2,300.00",Rs./Quintal,25-05-2026
Maharashtra,Solapur,APMC Akluj ,Vegetables,Tomato,Local,Local,"1,000.00","3,000.00","2,500.00",Rs./Quintal,24-05-2026
Maharashtra,Solapur,APMC Akluj ,Vegetables,Tomato,Local,Local,"2,000.00","3,000.00","2,500.00",Rs./Quintal,20-05-2026
Maharashtra,Solapur,APMC Akluj ,Vegetables,Tomato,Local,Local,800.00,"1,500.00","1,200.00",Rs./Quintal,18-05-2026
Maharashtra,Solapur,APMC Akluj ,Vegetables,Tomato,Local,Local,"1,000.00","3,000.00","2,500.00",Rs./Quintal,17-05-2026
Maharashtra,Solapur,APMC Akluj ,Vegetables,Tomato,Local,Local,"1,000.00","2,500.00","2,000.00",Rs./Quintal,15-05-2026
Maharashtra,Solapur,APMC Akluj ,Vegetables,Tomato,Local,Local,"1,500.00","3,000.00","2,500.00",Rs./Quintal,14-05-2026
Maharashtra,Solapur,APMC Akluj ,Vegetables,Tomato,Local,Local,"1,000.00","3,000.00","1,500.00",Rs./Quintal,13-05-2026
Maharashtra,Solapur,APMC Akluj ,Vegetables,Tomato,Local,Local,"1,500.00","3,000.00","2,500.00",Rs./Quintal,11-05-2026
Maharashtra,Solapur,APMC Akluj ,Vegetables,Tomato,Local,Local,"1,000.00","2,300.00","1,600.00",Rs./Quintal,10-05-2026
Maharashtra,Solapur,APMC Akluj ,Vegetables,Tomato,Local,Local,"1,000.00","2,000.00","1,500.00",Rs./Quintal,09-05-2026
Maharashtra,Solapur,APMC Akluj ,Vegetables,Tomato,Local,Local,"1,000.00","2,000.00","1,500.00",Rs./Quintal,08-05-2026
Maharashtra,Solapur,APMC Akluj ,Vegetables,Tomato,Local,Local,"1,000.00","2,500.00","1,800.00",Rs./Quintal,07-05-2026
Maharashtra,Solapur,APMC Akluj ,Vegetables,Tomato,Local,Local,"1,000.00","2,000.00","1,500.00",Rs./Quintal,04-05-2026
Maharashtra,Solapur,APMC Akluj ,Vegetables,Tomato,Local,Local,"1,000.00","2,200.00","1,500.00",Rs./Quintal,03-05-2026
Maharashtra,Solapur,APMC Akluj ,Vegetables,Tomato,Local,Local,"1,000.00","2,000.00","1,500.00",Rs./Quintal,02-05-2026
Maharashtra,Solapur,APMC Akluj ,Vegetables,Tomato,Local,Local,"1,000.00","2,000.00","1,500.00",Rs./Quintal,01-05-2026
Maharashtra,Solapur,APMC Akluj ,Vegetables,Tomato,Local,Local,"1,000.00","2,000.00","1,500.00",Rs./Quintal,30-04-2026
Maharashtra,Solapur,APMC Akluj ,Vegetables,Tomato,Local,Local,700.00,"1,600.00","1,200.00",Rs./Quintal,29-04-2026
Maharashtra,Solapur,APMC Akluj ,Vegetables,Tomato,Local,Local,400.00,"1,500.00","1,000.00",Rs./Quintal,27-04-2026
Maharashtra,Solapur,APMC Akluj ,Vegetables,Tomato,Local,Local,"1,000.00","1,500.00","1,300.00",Rs./Quintal,26-04-2026
Maharashtra,Solapur,APMC Akluj ,Vegetables,Tomato,Local,Local,"1,000.00","1,500.00","1,300.00",Rs./Quintal,25-04-2026
Maharashtra,Solapur,APMC Akluj ,Vegetables,Tomato,Local,Local,"1,000.00","1,700.00","1,300.00",Rs./Quintal,24-04-2026
Maharashtra,Solapur,APMC Akluj ,Vegetables,Tomato,Local,Local,"1,000.00","1,500.00","1,200.00",Rs./Quintal,23-04-2026
Maharashtra,Solapur,APMC Akluj ,Vegetables,Tomato,Local,Local,"1,000.00","1,700.00","1,500.00",Rs./Quintal,22-04-2026
Maharashtra,Solapur,APMC Akluj ,Vegetables,Tomato,Local,Local,"1,000.00","1,500.00","1,200.00",Rs./Quintal,20-04-2026
Maharashtra,Solapur,APMC Akluj ,Vegetables,Tomato,Local,Local,"1,000.00","1,500.00","1,200.00",Rs./Quintal,19-04-2026
Maharashtra,Solapur,APMC Akluj ,Vegetables,Tomato,Local,Local,"1,000.00","1,600.00","1,300.00",Rs./Quintal,18-04-2026
Maharashtra,Solapur,APMC Akluj ,Vegetables,Tomato,Local,Local,"1,000.00","1,700.00","1,500.00",Rs./Quintal,17-04-2026
Maharashtra,Solapur,APMC Akluj ,Vegetables,Tomato,Local,Local,"1,000.00","1,800.00","1,500.00",Rs./Quintal,16-04-2026
Maharashtra,Solapur,APMC Akluj ,Vegetables,Tomato,Local,Local,"1,000.00","1,600.00","1,200.00",Rs./Quintal,13-04-2026
Maharashtra,Solapur,APMC Akluj ,Vegetables,Tomato,Local,Local,700.00,"1,600.00","1,200.00",Rs./Quintal,12-04-2026
Maharashtra,Solapur,APMC Akluj ,Vegetables,Tomato,Local,Local,"1,000.00","1,500.00","1,300.00",Rs./Quintal,11-04-2026
Maharashtra,Solapur,APMC Akluj ,Vegetables,Tomato,Local,Local,500.00,"1,500.00","1,000.00",Rs./Quintal,10-04-2026
Maharashtra,Solapur,APMC Akluj ,Vegetables,Tomato,Local,Local,800.00,"1,500.00","1,000.00",Rs./Quintal,09-04-2026
Maharashtra,Solapur,APMC Akluj ,Vegetables,Tomato,Local,Local,"1,000.00","1,500.00","1,200.00",Rs./Quintal,08-04-2026
Maharashtra,Solapur,APMC Akluj ,Vegetables,Tomato,Local,Local,900.00,"1,500.00","1,400.00",Rs./Quintal,06-04-2026
Maharashtra,Solapur,APMC Akluj ,Vegetables,Tomato,Local,Local,600.00,"1,500.00","1,000.00",Rs./Quintal,05-04-2026
Maharashtra,Solapur,APMC Akluj ,Vegetables,Tomato,Local,Local,700.00,"1,500.00","1,100.00",Rs./Quintal,04-04-2026
Maharashtra,Solapur,APMC Akluj ,Vegetables,Tomato,Local,Local,800.00,"1,500.00","1,000.00",Rs./Quintal,03-04-2026
Maharashtra,Solapur,APMC Akluj ,Vegetables,Tomato,Local,Local,"1,000.00","1,500.00","1,200.00",Rs./Quintal,02-04-2026
Maharashtra,Solapur,APMC Akluj ,Vegetables,Tomato,Local,Local,900.00,"1,600.00","1,200.00",Rs./Quintal,01-04-2026
Maharashtra,Solapur,APMC Akluj ,Vegetables,Tomato,Local,Local,850.00,"1,500.00","1,000.00",Rs./Quintal,30-03-2026
Maharashtra,Solapur,APMC Akluj ,Vegetables,Tomato,Local,Local,800.00,"1,500.00","1,000.00",Rs./Quintal,29-03-2026
Maharashtra,Solapur,APMC Akluj ,Vegetables,Tomato,Local,Local,900.00,"1,600.00","1,200.00",Rs./Quintal,28-03-2026
Maharashtra,Solapur,APMC Akluj ,Vegetables,Tomato,Local,Local,"1,000.00","1,600.00","1,300.00",Rs./Quintal,27-03-2026
Maharashtra,Solapur,APMC Akluj ,Vegetables,Tomato,Local,Local,800.00,"1,500.00","1,200.00",Rs./Quintal,26-03-2026
Maharashtra,Solapur,APMC Akluj ,Vegetables,Tomato,Local,Local,800.00,"1,500.00","1,200.00",Rs./Quintal,25-03-2026
Maharashtra,Solapur,APMC Akluj ,Vegetables,Tomato,Local,Local,800.00,"1,500.00","1,200.00",Rs./Quintal,23-03-2026
Maharashtra,Solapur,APMC Akluj ,Vegetables,Tomato,Local,Local,800.00,"1,500.00","1,200.00",Rs./Quintal,22-03-2026
Maharashtra,Solapur,APMC Akluj ,Vegetables,Tomato,Local,Local,"1,000.00","1,500.00","1,300.00",Rs./Quintal,21-03-2026
Maharashtra,Solapur,APMC Akluj ,Vegetables,Tomato,Local,Local,900.00,"1,500.00","1,300.00",Rs./Quintal,20-03-2026
Maharashtra,Solapur,APMC Akluj ,Vegetables,Tomato,Local,Local,700.00,"1,600.00","1,000.00",Rs./Quintal,19-03-2026
Maharashtra,Solapur,APMC Akluj ,Vegetables,Tomato,Local,Local,800.00,"1,500.00","1,200.00",Rs./Quintal,18-03-2026
Maharashtra,Solapur,APMC Akluj ,Vegetables,Tomato,Local,Local,700.00,"1,500.00","1,000.00",Rs./Quintal,16-03-2026
Maharashtra,Solapur,APMC Akluj ,Vegetables,Tomato,Local,Local,"1,000.00","1,500.00","1,300.00",Rs./Quintal,15-03-2026
Maharashtra,Solapur,APMC Akluj ,Vegetables,Tomato,Local,Local,800.00,"1,500.00","1,200.00",Rs./Quintal,14-03-2026
Maharashtra,Solapur,APMC Akluj ,Vegetables,Tomato,Local,Local,900.00,"1,500.00","1,300.00",Rs./Quintal,13-03-2026
Maharashtra,Solapur,APMC Akluj ,Vegetables,Tomato,Local,Local,900.00,"1,800.00","1,300.00",Rs./Quintal,12-03-2026
Maharashtra,Solapur,APMC Akluj ,Vegetables,Tomato,Local,Local,800.00,"1,500.00","1,000.00",Rs./Quintal,11-03-2026
Maharashtra,Solapur,APMC Akluj ,Vegetables,Tomato,Local,Local,800.00,"1,200.00","1,000.00",Rs./Quintal,09-03-2026
Maharashtra,Solapur,APMC Akluj ,Vegetables,Tomato,Local,Local,600.00,"1,000.00",700.00,Rs./Quintal,08-03-2026
Maharashtra,Solapur,APMC Akluj ,Vegetables,Tomato,Local,Local,800.00,"1,300.00","1,000.00",Rs./Quintal,07-03-2026
Maharashtra,Solapur,APMC Akluj ,Vegetables,Tomato,Local,Local,700.00,"1,000.00",900.00,Rs./Quintal,06-03-2026
Maharashtra,Solapur,APMC Akluj ,Vegetables,Tomato,Local,Local,700.00,"1,200.00","1,000.00",Rs./Quintal,05-03-2026
Maharashtra,Solapur,APMC Akluj ,Vegetables,Tomato,Local,Local,700.00,"1,000.00",900.00,Rs./Quintal,04-03-2026
Maharashtra,Solapur,APMC Akluj ,Vegetables,Tomato,Local,Local,800.00,"1,600.00","1,200.00",Rs./Quintal,02-03-2026
Maharashtra,Solapur,APMC Akluj ,Vegetables,Tomato,Local,Local,800.00,"1,500.00","1,000.00",Rs./Quintal,01-03-2026
Maharashtra,Solapur,APMC Akluj ,Vegetables,Tomato,Local,Local,"1,000.00","1,500.00","1,200.00",Rs./Quintal,28-02-2026
Maharashtra,Solapur,APMC Akluj ,Vegetables,Tomato,Local,Local,500.00,"1,500.00","1,000.00",Rs./Quintal,27-02-2026
Maharashtra,Solapur,APMC Akluj ,Vegetables,Tomato,Local,Local,700.00,"1,500.00","1,000.00",Rs./Quintal,26-02-2026
Maharashtra,Solapur,APMC Akluj ,Vegetables,Tomato,Local,Local,800.00,"1,500.00","1,200.00",Rs./Quintal,25-02-2026
Maharashtra,Solapur,APMC Akluj ,Vegetables,Tomato,Local,Local,800.00,"1,500.00","1,000.00",Rs./Quintal,23-02-2026
Maharashtra,Solapur,APMC Akluj ,Vegetables,Tomato,Local,Local,700.00,"1,500.00","1,200.00",Rs./Quintal,22-02-2026
Maharashtra,Solapur,APMC Akluj ,Vegetables,Tomato,Local,Local,700.00,"1,400.00","1,200.00",Rs./Quintal,21-02-2026
Maharashtra,Solapur,APMC Akluj ,Vegetables,Tomato,Local,Local,"1,000.00","1,600.00","1,400.00",Rs./Quintal,20-02-2026
Maharashtra,Solapur,APMC Akluj ,Vegetables,Tomato,Local,Local,800.00,"1,500.00","1,000.00",Rs./Quintal,19-02-2026
Maharashtra,Solapur,APMC Akluj ,Vegetables,Tomato,Local,Local,"1,000.00","1,500.00","1,300.00",Rs./Quintal,18-02-2026
Maharashtra,Solapur,APMC Akluj ,Vegetables,Tomato,Local,Local,900.00,"1,500.00","1,200.00",Rs./Quintal,16-02-2026
Maharashtra,Solapur,APMC Akluj ,Vegetables,Tomato,Local,Local,"1,000.00","1,700.00","1,300.00",Rs./Quintal,15-02-2026
Maharashtra,Solapur,APMC Akluj ,Vegetables,Tomato,Local,Local,"1,000.00","1,500.00","1,200.00",Rs./Quintal,14-02-2026
Maharashtra,Solapur,APMC Akluj ,Vegetables,Tomato,Local,Local,800.00,"1,500.00","1,300.00",Rs./Quintal,13-02-2026
Maharashtra,Solapur,APMC Akluj ,Vegetables,Tomato,Local,Local,800.00,"1,500.00","1,200.00",Rs./Quintal,12-02-2026
Maharashtra,Solapur,APMC Akluj ,Vegetables,Tomato,Local,Local,800.00,"1,500.00","1,200.00",Rs./Quintal,11-02-2026
Maharashtra,Solapur,APMC Akluj ,Vegetables,Tomato,Local,Local,"1,000.00","1,600.00","1,300.00",Rs./Quintal,09-02-2026
Maharashtra,Solapur,APMC Akluj ,Vegetables,Tomato,Local,Local,"1,000.00","1,500.00","1,300.00",Rs./Quintal,08-02-2026
Maharashtra,Solapur,APMC Akluj ,Vegetables,Tomato,Local,Local,"1,000.00","1,500.00","1,300.00",Rs./Quintal,07-02-2026
Maharashtra,Solapur,APMC Akluj ,Vegetables,Tomato,Local,Local,"1,000.00","1,700.00","1,500.00",Rs./Quintal,06-02-2026
Maharashtra,Solapur,APMC Akluj ,Vegetables,Tomato,Local,Local,"1,000.00","1,600.00","1,400.00",Rs./Quintal,05-02-2026
Maharashtra,Solapur,APMC Akluj ,Vegetables,Tomato,Local,Local,800.00,"1,500.00","1,000.00",Rs./Quintal,04-02-2026
Maharashtra,Solapur,APMC Akluj ,Vegetables,Tomato,Local,Local,800.00,"1,500.00","1,000.00",Rs./Quintal,02-02-2026
Maharashtra,Solapur,APMC Akluj ,Vegetables,Tomato,Local,Local,800.00,"1,200.00","1,000.00",Rs./Quintal,01-02-2026
Maharashtra,Solapur,APMC Akluj ,Vegetables,Tomato,Local,Local,800.00,"1,500.00","1,100.00",Rs./Quintal,31-01-2026
Maharashtra,Solapur,APMC Akluj ,Vegetables,Tomato,Local,Local,800.00,"1,500.00","1,200.00",Rs./Quintal,30-01-2026
Maharashtra,Solapur,APMC Akluj ,Vegetables,Tomato,Local,Local,800.00,"1,300.00","1,000.00",Rs./Quintal,29-01-2026
Maharashtra,Solapur,APMC Akluj ,Vegetables,Tomato,Local,Local,"1,000.00","1,800.00","1,400.00",Rs./Quintal,28-01-2026
Maharashtra,Solapur,APMC Akluj ,Vegetables,Tomato,Local,Local,"1,000.00","1,500.00","1,300.00",Rs./Quintal,26-01-2026
Maharashtra,Solapur,APMC Akluj ,Vegetables,Tomato,Local,Local,900.00,"1,800.00","1,500.00",Rs./Quintal,25-01-2026
Maharashtra,Solapur,APMC Akluj ,Vegetables,Tomato,Local,Local,800.00,"1,500.00","1,300.00",Rs./Quintal,24-01-2026
Maharashtra,Solapur,APMC Akluj ,Vegetables,Tomato,Local,Local,"1,000.00","1,500.00","1,300.00",Rs./Quintal,23-01-2026
Maharashtra,Solapur,APMC Akluj ,Vegetables,Tomato,Local,Local,800.00,"1,500.00","1,200.00",Rs./Quintal,22-01-2026
Maharashtra,Solapur,APMC Akluj ,Vegetables,Tomato,Local,Local,"1,000.00","1,600.00","1,400.00",Rs./Quintal,21-01-2026
Maharashtra,Solapur,APMC Akluj ,Vegetables,Tomato,Local,Local,"1,000.00","1,500.00","1,200.00",Rs./Quintal,18-01-2026
Maharashtra,Solapur,APMC Akluj ,Vegetables,Tomato,Local,Local,"1,000.00","1,800.00","1,500.00",Rs./Quintal,16-01-2026
Maharashtra,Solapur,APMC Akluj ,Vegetables,Tomato,Local,Local,750.00,"1,500.00","1,000.00",Rs./Quintal,15-01-2026
Maharashtra,Solapur,APMC Akluj ,Vegetables,Tomato,Local,Local,800.00,"1,500.00","1,000.00",Rs./Quintal,14-01-2026
Maharashtra,Solapur,APMC Akluj ,Vegetables,Tomato,Local,Local,"1,000.00","2,000.00","1,500.00",Rs./Quintal,12-01-2026
Maharashtra,Solapur,APMC Akluj ,Vegetables,Tomato,Local,Local,"1,000.00","1,500.00","1,300.00",Rs./Quintal,10-01-2026
Maharashtra,Solapur,APMC Akluj ,Vegetables,Tomato,Local,Local,"1,000.00","2,000.00","1,500.00",Rs./Quintal,09-01-2026
Maharashtra,Solapur,APMC Akluj ,Vegetables,Tomato,Local,Local,"1,000.00","2,000.00","1,500.00",Rs./Quintal,08-01-2026
Maharashtra,Solapur,APMC Akluj ,Vegetables,Tomato,Local,Local,"1,000.00","2,500.00","2,000.00",Rs./Quintal,07-01-2026
Maharashtra,Solapur,APMC Akluj ,Vegetables,Tomato,Local,Local,"1,000.00","2,700.00","2,500.00",Rs./Quintal,03-01-2026
Maharashtra,Solapur,APMC Akluj ,Vegetables,Tomato,Local,Local,"1,500.00","2,800.00","2,500.00",Rs./Quintal,01-01-2026
Maharashtra,Solapur,APMC Mangal Wedha ,Vegetables,Tomato,Local,Local,200.00,"1,500.00","1,000.00",Rs./Quintal,03-09-2026
Maharashtra,Solapur,APMC Mangal Wedha ,Vegetables,Tomato,Local,Local,500.00,"1,300.00","1,100.00",Rs./Quintal,02-09-2026
Maharashtra,Solapur,APMC Mangal Wedha ,Vegetables,Tomato,Local,Local,200.00,"1,400.00","1,100.00",Rs./Quintal,31-08-2026
Maharashtra,Solapur,APMC Mangal Wedha ,Vegetables,Tomato,Local,Local,400.00,"2,100.00","1,000.00",Rs./Quintal,30-08-2026
Maharashtra,Solapur,APMC Mangal Wedha ,Vegetables,Tomato,Local,Local,300.00,"1,500.00","1,100.00",Rs./Quintal,29-08-2026
Maharashtra,Solapur,APMC Mangal Wedha ,Vegetables,Tomato,Local,Local,300.00,"1,300.00",800.00,Rs./Quintal,28-08-2026
Maharashtra,Solapur,APMC Mangal Wedha ,Vegetables,Tomato,Local,Local,200.00,"1,400.00",800.00,Rs./Quintal,27-08-2026
Maharashtra,Solapur,APMC Mangal Wedha ,Vegetables,Tomato,Local,Local,200.00,"1,800.00","1,100.00",Rs./Quintal,26-08-2026
Maharashtra,Solapur,APMC Mangal Wedha ,Vegetables,Tomato,Local,Local,200.00,"1,600.00",900.00,Rs./Quintal,24-08-2026
Maharashtra,Solapur,APMC Mangal Wedha ,Vegetables,Tomato,Local,Local,200.00,"1,300.00",900.00,Rs./Quintal,23-08-2026
Maharashtra,Solapur,APMC Mangal Wedha ,Vegetables,Tomato,Local,Local,200.00,"1,300.00","1,000.00",Rs./Quintal,22-08-2026
Maharashtra,Solapur,APMC Mangal Wedha ,Vegetables,Tomato,Local,Local,200.00,"1,300.00",900.00,Rs./Quintal,21-08-2026
Maharashtra,Solapur,APMC Mangal Wedha ,Vegetables,Tomato,Local,Local,300.00,"1,100.00",700.00,Rs./Quintal,20-08-2026
Maharashtra,Solapur,APMC Mangal Wedha ,Vegetables,Tomato,Local,Local,200.00,"1,300.00",700.00,Rs./Quintal,19-08-2026
Maharashtra,Solapur,APMC Mangal Wedha ,Vegetables,Tomato,Local,Local,200.00,"1,100.00",800.00,Rs./Quintal,17-08-2026
Maharashtra,Solapur,APMC Mangal Wedha ,Vegetables,Tomato,Local,Local,200.00,"1,800.00",900.00,Rs./Quintal,16-08-2026
Maharashtra,Solapur,APMC Mangal Wedha ,Vegetables,Tomato,Local,Local,200.00,"1,300.00","1,000.00",Rs./Quintal,15-08-2026
Maharashtra,Solapur,APMC Mangal Wedha ,Vegetables,Tomato,Local,Local,200.00,"1,400.00",900.00,Rs./Quintal,14-08-2026
Maharashtra,Solapur,APMC Mangal Wedha ,Vegetables,Tomato,Local,Local,200.00,"1,100.00",700.00,Rs./Quintal,13-08-2026
Maharashtra,Solapur,APMC Mangal Wedha ,Vegetables,Tomato,Local,Local,200.00,"1,300.00",900.00,Rs./Quintal,12-08-2026
Maharashtra,Solapur,APMC Mangal Wedha ,Vegetables,Tomato,Local,Local,300.00,"1,500.00","1,100.00",Rs./Quintal,10-08-2026
Maharashtra,Solapur,APMC Mangal Wedha ,Vegetables,Tomato,Local,Local,200.00,"1,300.00",900.00,Rs./Quintal,09-08-2026
Maharashtra,Solapur,APMC Mangal Wedha ,Vegetables,Tomato,Local,Local,200.00,"1,500.00","1,100.00",Rs./Quintal,08-08-2026
Maharashtra,Solapur,APMC Mangal Wedha ,Vegetables,Tomato,Local,Local,400.00,"1,300.00","1,100.00",Rs./Quintal,07-08-2026
Maharashtra,Solapur,APMC Mangal Wedha ,Vegetables,Tomato,Local,Local,300.00,"1,800.00","1,300.00",Rs./Quintal,06-08-2026
Maharashtra,Solapur,APMC Mangal Wedha ,Vegetables,Tomato,Local,Local,200.00,"1,300.00","1,100.00",Rs./Quintal,05-08-2026
Maharashtra,Solapur,APMC Mangal Wedha ,Vegetables,Tomato,Local,Local,200.00,"2,000.00","1,300.00",Rs./Quintal,03-08-2026
Maharashtra,Solapur,APMC Mangal Wedha ,Vegetables,Tomato,Local,Local,500.00,"1,800.00","1,300.00",Rs./Quintal,02-08-2026
Maharashtra,Solapur,APMC Mangal Wedha ,Vegetables,Tomato,Local,Local,500.00,"2,700.00","1,800.00",Rs./Quintal,01-08-2026
Maharashtra,Solapur,APMC Mangal Wedha ,Vegetables,Tomato,Local,Local,200.00,"1,500.00","1,100.00",Rs./Quintal,31-07-2026
Maharashtra,Solapur,APMC Mangal Wedha ,Vegetables,Tomato,Local,Local,300.00,"1,500.00","1,000.00",Rs./Quintal,30-07-2026
Maharashtra,Solapur,APMC Mangal Wedha ,Vegetables,Tomato,Local,Local,500.00,"1,800.00","1,100.00",Rs./Quintal,29-07-2026
Maharashtra,Solapur,APMC Mangal Wedha ,Vegetables,Tomato,Local,Local,400.00,"1,700.00","1,300.00",Rs./Quintal,27-07-2026
Maharashtra,Solapur,APMC Mangal Wedha ,Vegetables,Tomato,Local,Local,200.00,"1,300.00","1,100.00",Rs./Quintal,26-07-2026
Maharashtra,Solapur,APMC Mangal Wedha ,Vegetables,Tomato,Local,Local,500.00,"1,800.00","1,300.00",Rs./Quintal,25-07-2026
Maharashtra,Solapur,APMC Mangal Wedha ,Vegetables,Tomato,Local,Local,500.00,"1,500.00","1,200.00",Rs./Quintal,24-07-2026
Maharashtra,Solapur,APMC Mangal Wedha ,Vegetables,Tomato,Local,Local,200.00,"1,500.00","1,200.00",Rs./Quintal,23-07-2026
Maharashtra,Solapur,APMC Mangal Wedha ,Vegetables,Tomato,Local,Local,500.00,"1,800.00","1,300.00",Rs./Quintal,22-07-2026
Maharashtra,Solapur,APMC Mangal Wedha ,Vegetables,Tomato,Local,Local,200.00,"2,000.00","1,500.00",Rs./Quintal,20-07-2026
Maharashtra,Solapur,APMC Mangal Wedha ,Vegetables,Tomato,Local,Local,300.00,"2,000.00","1,800.00",Rs./Quintal,19-07-2026
Maharashtra,Solapur,APMC Mangal Wedha ,Vegetables,Tomato,Local,Local,400.00,"2,200.00","1,800.00",Rs./Quintal,18-07-2026
Maharashtra,Solapur,APMC Mangal Wedha ,Vegetables,Tomato,Local,Local,500.00,"2,100.00","1,800.00",Rs./Quintal,17-07-2026
Maharashtra,Solapur,APMC Mangal Wedha ,Vegetables,Tomato,Local,Local,500.00,"2,200.00","1,800.00",Rs./Quintal,16-07-2026
Maharashtra,Solapur,APMC Mangal Wedha ,Vegetables,Tomato,Local,Local,500.00,"2,500.00","1,800.00",Rs./Quintal,15-07-2026
Maharashtra,Solapur,APMC Mangal Wedha ,Vegetables,Tomato,Local,Local,200.00,"2,700.00","1,800.00",Rs./Quintal,13-07-2026
Maharashtra,Solapur,APMC Mangal Wedha ,Vegetables,Tomato,Local,Local,500.00,"2,500.00","2,000.00",Rs./Quintal,12-07-2026
Maharashtra,Solapur,APMC Mangal Wedha ,Vegetables,Tomato,Local,Local,500.00,"2,300.00","1,800.00",Rs./Quintal,11-07-2026
Maharashtra,Solapur,APMC Mangal Wedha ,Vegetables,Tomato,Local,Local,500.00,"2,500.00","2,000.00",Rs./Quintal,10-07-2026
Maharashtra,Solapur,APMC Mangal Wedha ,Vegetables,Tomato,Local,Local,400.00,"2,700.00","1,800.00",Rs./Quintal,09-07-2026
Maharashtra,Solapur,APMC Mangal Wedha ,Vegetables,Tomato,Local,Local,500.00,"2,500.00","1,800.00",Rs./Quintal,08-07-2026
Maharashtra,Solapur,APMC Mangal Wedha ,Vegetables,Tomato,Local,Local,800.00,"3,600.00","2,700.00",Rs./Quintal,06-07-2026
Maharashtra,Solapur,APMC Mangal Wedha ,Vegetables,Tomato,Local,Local,900.00,"3,300.00","2,500.00",Rs./Quintal,05-07-2026
Maharashtra,Solapur,APMC Mangal Wedha ,Vegetables,Tomato,Local,Local,200.00,"2,200.00","1,800.00",Rs./Quintal,04-07-2026
Maharashtra,Solapur,APMC Mangal Wedha ,Vegetables,Tomato,Local,Local,300.00,"2,500.00","1,800.00",Rs./Quintal,03-07-2026
Maharashtra,Solapur,APMC Mangal Wedha ,Vegetables,Tomato,Local,Local,300.00,"2,200.00","1,800.00",Rs./Quintal,02-07-2026
Maharashtra,Solapur,APMC Mangal Wedha ,Vegetables,Tomato,Local,Local,"1,300.00","5,000.00","4,500.00",Rs./Quintal,01-07-2026
Maharashtra,Solapur,APMC Mangal Wedha ,Vegetables,Tomato,Local,Local,500.00,"4,500.00","3,600.00",Rs./Quintal,29-06-2026
Maharashtra,Solapur,APMC Mangal Wedha ,Vegetables,Tomato,Local,Local,400.00,"2,500.00","1,800.00",Rs./Quintal,28-06-2026
Maharashtra,Solapur,APMC Mangal Wedha ,Vegetables,Tomato,Local,Local,400.00,"2,000.00","1,800.00",Rs./Quintal,27-06-2026
Maharashtra,Solapur,APMC Mangal Wedha ,Vegetables,Tomato,Local,Local,500.00,"2,500.00","2,000.00",Rs./Quintal,26-06-2026
Maharashtra,Solapur,APMC Mangal Wedha ,Vegetables,Tomato,Local,Local,500.00,"2,500.00","2,000.00",Rs./Quintal,25-06-2026
Maharashtra,Solapur,APMC Mangal Wedha ,Vegetables,Tomato,Local,Local,500.00,"2,700.00","2,200.00",Rs./Quintal,24-06-2026
Maharashtra,Solapur,APMC Mangal Wedha ,Vegetables,Tomato,Local,Local,500.00,"5,400.00","3,400.00",Rs./Quintal,22-06-2026
Maharashtra,Solapur,APMC Mangal Wedha ,Vegetables,Tomato,Local,Local,600.00,"3,900.00","3,400.00",Rs./Quintal,21-06-2026
Maharashtra,Solapur,APMC Mangal Wedha ,Vegetables,Tomato,Local,Local,400.00,"3,600.00","3,100.00",Rs./Quintal,20-06-2026
Maharashtra,Solapur,APMC Mangal Wedha ,Vegetables,Tomato,Local,Local,"1,000.00","4,500.00","3,100.00",Rs./Quintal,19-06-2026
Maharashtra,Solapur,APMC Mangal Wedha ,Vegetables,Tomato,Local,Local,"1,500.00","4,300.00","3,100.00",Rs./Quintal,18-06-2026
Maharashtra,Solapur,APMC Mangal Wedha ,Vegetables,Tomato,Local,Local,"1,500.00","4,700.00","3,900.00",Rs./Quintal,17-06-2026
Maharashtra,Solapur,APMC Mangal Wedha ,Vegetables,Tomato,Local,Local,500.00,"3,100.00","2,500.00",Rs./Quintal,15-06-2026
Maharashtra,Solapur,APMC Mangal Wedha ,Vegetables,Tomato,Local,Local,800.00,"5,900.00","4,500.00",Rs./Quintal,14-06-2026
Maharashtra,Solapur,APMC Mangal Wedha ,Vegetables,Tomato,Local,Local,"1,000.00","4,700.00","3,500.00",Rs./Quintal,13-06-2026
Maharashtra,Solapur,APMC Mangal Wedha ,Vegetables,Tomato,Local,Local,500.00,"5,500.00","4,500.00",Rs./Quintal,12-06-2026
Maharashtra,Solapur,APMC Mangal Wedha ,Vegetables,Tomato,Local,Local,500.00,"3,800.00","2,500.00",Rs./Quintal,11-06-2026
Maharashtra,Solapur,APMC Mangal Wedha ,Vegetables,Tomato,Local,Local,"1,000.00","3,400.00","2,400.00",Rs./Quintal,10-06-2026
Maharashtra,Solapur,APMC Mangal Wedha ,Vegetables,Tomato,Local,Local,500.00,"2,500.00","2,000.00",Rs./Quintal,08-06-2026
Maharashtra,Solapur,APMC Mangal Wedha ,Vegetables,Tomato,Local,Local,400.00,"3,000.00","2,200.00",Rs./Quintal,07-06-2026
Maharashtra,Solapur,APMC Mangal Wedha ,Vegetables,Tomato,Local,Local,500.00,"2,700.00","2,200.00",Rs./Quintal,06-06-2026
Maharashtra,Solapur,APMC Mangal Wedha ,Vegetables,Tomato,Local,Local,"1,000.00","3,400.00","2,700.00",Rs./Quintal,05-06-2026
Maharashtra,Solapur,APMC Mangal Wedha ,Vegetables,Tomato,Local,Local,"1,000.00","4,000.00","3,100.00",Rs./Quintal,04-06-2026
Maharashtra,Solapur,APMC Mangal Wedha ,Vegetables,Tomato,Local,Local,400.00,"3,600.00","2,200.00",Rs./Quintal,03-06-2026
Maharashtra,Solapur,APMC Mangal Wedha ,Vegetables,Tomato,Local,Local,400.00,"4,000.00","2,500.00",Rs./Quintal,01-06-2026
Maharashtra,Solapur,APMC Mangal Wedha ,Vegetables,Tomato,Local,Local,500.00,"4,500.00","3,600.00",Rs./Quintal,31-05-2026
Maharashtra,Solapur,APMC Mangal Wedha ,Vegetables,Tomato,Local,Local,900.00,"4,800.00","4,000.00",Rs./Quintal,30-05-2026
Maharashtra,Solapur,APMC Mangal Wedha ,Vegetables,Tomato,Local,Local,700.00,"4,000.00","3,100.00",Rs./Quintal,29-05-2026
Maharashtra,Solapur,APMC Mangal Wedha ,Vegetables,Tomato,Local,Local,500.00,"3,600.00","2,900.00",Rs./Quintal,28-05-2026
Maharashtra,Solapur,APMC Mangal Wedha ,Vegetables,Tomato,Local,Local,900.00,"4,300.00","2,800.00",Rs./Quintal,27-05-2026
Maharashtra,Solapur,APMC Mangal Wedha ,Vegetables,Tomato,Local,Local,300.00,"3,800.00","2,700.00",Rs./Quintal,25-05-2026
Maharashtra,Solapur,APMC Mangal Wedha ,Vegetables,Tomato,Local,Local,500.00,"3,400.00","2,500.00",Rs./Quintal,24-05-2026
Maharashtra,Solapur,APMC Mangal Wedha ,Vegetables,Tomato,Local,Local,600.00,"2,900.00","2,500.00",Rs./Quintal,23-05-2026
Maharashtra,Solapur,APMC Mangal Wedha ,Vegetables,Tomato,Local,Local,700.00,"2,700.00","2,500.00",Rs./Quintal,22-05-2026
Maharashtra,Solapur,APMC Mangal Wedha ,Vegetables,Tomato,Local,Local,500.00,"3,100.00","2,500.00",Rs./Quintal,21-05-2026
Maharashtra,Solapur,APMC Mangal Wedha ,Vegetables,Tomato,Local,Local,600.00,"3,100.00","2,700.00",Rs./Quintal,20-05-2026
Maharashtra,Solapur,APMC Mangal Wedha ,Vegetables,Tomato,Local,Local,500.00,"2,700.00","2,500.00",Rs./Quintal,18-05-2026
Maharashtra,Solapur,APMC Mangal Wedha ,Vegetables,Tomato,Local,Local,500.00,"2,700.00","2,200.00",Rs./Quintal,17-05-2026
Maharashtra,Solapur,APMC Mangal Wedha ,Vegetables,Tomato,Local,Local,500.00,"2,900.00","2,700.00",Rs./Quintal,16-05-2026
Maharashtra,Solapur,APMC Mangal Wedha ,Vegetables,Tomato,Local,Local,500.00,"3,000.00","2,200.00",Rs./Quintal,15-05-2026
Maharashtra,Solapur,APMC Mangal Wedha ,Vegetables,Tomato,Local,Local,500.00,"2,900.00","2,500.00",Rs./Quintal,14-05-2026
Maharashtra,Solapur,APMC Mangal Wedha ,Vegetables,Tomato,Local,Local,500.00,"3,300.00","2,700.00",Rs./Quintal,13-05-2026
Maharashtra,Solapur,APMC Mangal Wedha ,Vegetables,Tomato,Local,Local,400.00,"3,400.00","2,900.00",Rs./Quintal,11-05-2026
Maharashtra,Solapur,APMC Mangal Wedha ,Vegetables,Tomato,Local,Local,500.00,"3,100.00","2,700.00",Rs./Quintal,10-05-2026
Maharashtra,Solapur,APMC Mangal Wedha ,Vegetables,Tomato,Local,Local,400.00,"4,000.00","3,100.00",Rs./Quintal,09-05-2026
Maharashtra,Solapur,APMC Mangal Wedha ,Vegetables,Tomato,Local,Local,900.00,"3,600.00","2,700.00",Rs./Quintal,08-05-2026
Maharashtra,Solapur,APMC Mangal Wedha ,Vegetables,Tomato,Local,Local,700.00,"2,700.00","2,000.00",Rs./Quintal,07-05-2026
Maharashtra,Solapur,APMC Mangal Wedha ,Vegetables,Tomato,Local,Local,500.00,"3,500.00","2,900.00",Rs./Quintal,06-05-2026
Maharashtra,Solapur,APMC Mangal Wedha ,Vegetables,Tomato,Local,Local,600.00,"3,600.00","2,700.00",Rs./Quintal,04-05-2026
Maharashtra,Solapur,APMC Mangal Wedha ,Vegetables,Tomato,Local,Local,500.00,"2,900.00","2,500.00",Rs./Quintal,03-05-2026
Maharashtra,Solapur,APMC Mangal Wedha ,Vegetables,Tomato,Local,Local,500.00,"3,500.00","2,500.00",Rs./Quintal,02-05-2026
Maharashtra,Solapur,APMC Mangal Wedha ,Vegetables,Tomato,Local,Local,600.00,"2,500.00","2,100.00",Rs./Quintal,01-05-2026
Maharashtra,Solapur,APMC Mangal Wedha ,Vegetables,Tomato,Local,Local,700.00,"2,600.00","1,700.00",Rs./Quintal,30-04-2026
Maharashtra,Solapur,APMC Mangal Wedha ,Vegetables,Tomato,Local,Local,400.00,"2,300.00","1,800.00",Rs./Quintal,29-04-2026
Maharashtra,Solapur,APMC Mangal Wedha ,Vegetables,Tomato,Local,Local,400.00,"1,800.00","1,400.00",Rs./Quintal,27-04-2026
Maharashtra,Solapur,APMC Mangal Wedha ,Vegetables,Tomato,Local,Local,600.00,"1,900.00","1,500.00",Rs./Quintal,26-04-2026
Maharashtra,Solapur,APMC Mangal Wedha ,Vegetables,Tomato,Local,Local,500.00,"2,000.00","1,500.00",Rs./Quintal,25-04-2026
Maharashtra,Solapur,APMC Mangal Wedha ,Vegetables,Tomato,Local,Local,400.00,"2,200.00","1,300.00",Rs./Quintal,24-04-2026
Maharashtra,Solapur,APMC Mangal Wedha ,Vegetables,Tomato,Local,Local,200.00,"1,500.00",900.00,Rs./Quintal,23-04-2026
Maharashtra,Solapur,APMC Mangal Wedha ,Vegetables,Tomato,Local,Local,400.00,"2,100.00","1,300.00",Rs./Quintal,22-04-2026
Maharashtra,Solapur,APMC Mangal Wedha ,Vegetables,Tomato,Local,Local,200.00,"1,800.00","1,200.00",Rs./Quintal,20-04-2026
Maharashtra,Solapur,APMC Mangal Wedha ,Vegetables,Tomato,Local,Local,200.00,"1,500.00","1,000.00",Rs./Quintal,19-04-2026
Maharashtra,Solapur,APMC Mangal Wedha ,Vegetables,Tomato,Local,Local,200.00,"1,300.00","1,000.00",Rs./Quintal,18-04-2026
Maharashtra,Solapur,APMC Mangal Wedha ,Vegetables,Tomato,Local,Local,200.00,"1,500.00","1,100.00",Rs./Quintal,17-04-2026
Maharashtra,Solapur,APMC Mangal Wedha ,Vegetables,Tomato,Local,Local,200.00,"1,300.00","1,000.00",Rs./Quintal,16-04-2026
Maharashtra,Solapur,APMC Mangal Wedha ,Vegetables,Tomato,Local,Local,200.00,"1,500.00","1,100.00",Rs./Quintal,15-04-2026
Maharashtra,Solapur,APMC Mangal Wedha ,Vegetables,Tomato,Local,Local,300.00,"1,800.00","1,200.00",Rs./Quintal,13-04-2026
Maharashtra,Solapur,APMC Mangal Wedha ,Vegetables,Tomato,Local,Local,300.00,"1,800.00","1,200.00",Rs./Quintal,12-04-2026
Maharashtra,Solapur,APMC Mangal Wedha ,Vegetables,Tomato,Local,Local,200.00,"1,500.00","1,000.00",Rs./Quintal,11-04-2026
Maharashtra,Solapur,APMC Mangal Wedha ,Vegetables,Tomato,Local,Local,200.00,"1,300.00","1,000.00",Rs./Quintal,10-04-2026
Maharashtra,Solapur,APMC Mangal Wedha ,Vegetables,Tomato,Local,Local,200.00,"1,200.00","1,000.00",Rs./Quintal,09-04-2026
Maharashtra,Solapur,APMC Mangal Wedha ,Vegetables,Tomato,Local,Local,200.00,"1,600.00","1,100.00",Rs./Quintal,08-04-2026
Maharashtra,Solapur,APMC Mangal Wedha ,Vegetables,Tomato,Local,Local,200.00,"2,200.00","1,000.00",Rs./Quintal,06-04-2026
Maharashtra,Solapur,APMC Mangal Wedha ,Vegetables,Tomato,Local,Local,200.00,"1,500.00",700.00,Rs./Quintal,05-04-2026
Maharashtra,Solapur,APMC Mangal Wedha ,Vegetables,Tomato,Local,Local,200.00,"1,400.00",900.00,Rs./Quintal,04-04-2026
Maharashtra,Solapur,APMC Mangal Wedha ,Vegetables,Tomato,Local,Local,500.00,"1,500.00","1,000.00",Rs./Quintal,03-04-2026
Maharashtra,Solapur,APMC Mangal Wedha ,Vegetables,Tomato,Local,Local,200.00,900.00,700.00,Rs./Quintal,02-04-2026
Maharashtra,Solapur,APMC Mangal Wedha ,Vegetables,Tomato,Local,Local,300.00,"1,300.00",800.00,Rs./Quintal,01-04-2026
Maharashtra,Solapur,APMC Mangal Wedha ,Vegetables,Tomato,Local,Local,300.00,"1,400.00",800.00,Rs./Quintal,30-03-2026
Maharashtra,Solapur,APMC Mangal Wedha ,Vegetables,Tomato,Local,Local,200.00,"1,000.00",600.00,Rs./Quintal,29-03-2026
Maharashtra,Solapur,APMC Mangal Wedha ,Vegetables,Tomato,Local,Local,200.00,900.00,600.00,Rs./Quintal,28-03-2026
Maharashtra,Solapur,APMC Mangal Wedha ,Vegetables,Tomato,Local,Local,200.00,900.00,600.00,Rs./Quintal,27-03-2026
Maharashtra,Solapur,APMC Mangal Wedha ,Vegetables,Tomato,Local,Local,200.00,"1,300.00",800.00,Rs./Quintal,25-03-2026
Maharashtra,Solapur,APMC Mangal Wedha ,Vegetables,Tomato,Local,Local,200.00,"1,100.00",800.00,Rs./Quintal,23-03-2026
Maharashtra,Solapur,APMC Mangal Wedha ,Vegetables,Tomato,Local,Local,300.00,600.00,500.00,Rs./Quintal,22-03-2026
Maharashtra,Solapur,APMC Mangal Wedha ,Vegetables,Tomato,Local,Local,300.00,"1,100.00",900.00,Rs./Quintal,21-03-2026
Maharashtra,Solapur,APMC Mangal Wedha ,Vegetables,Tomato,Local,Local,500.00,"1,400.00",900.00,Rs./Quintal,20-03-2026
Maharashtra,Solapur,APMC Mangal Wedha ,Vegetables,Tomato,Local,Local,400.00,"1,100.00",700.00,Rs./Quintal,19-03-2026
Maharashtra,Solapur,APMC Mangal Wedha ,Vegetables,Tomato,Local,Local,200.00,"1,000.00",700.00,Rs./Quintal,18-03-2026
Maharashtra,Solapur,APMC Mangal Wedha ,Vegetables,Tomato,Local,Local,200.00,"1,400.00",900.00,Rs./Quintal,16-03-2026
Maharashtra,Solapur,APMC Mangal Wedha ,Vegetables,Tomato,Local,Local,300.00,"1,500.00",700.00,Rs./Quintal,15-03-2026
Maharashtra,Solapur,APMC Mangal Wedha ,Vegetables,Tomato,Local,Local,200.00,"1,500.00","1,100.00",Rs./Quintal,14-03-2026
Maharashtra,Solapur,APMC Mangal Wedha ,Vegetables,Tomato,Local,Local,200.00,"1,600.00","1,100.00",Rs./Quintal,13-03-2026
Maharashtra,Solapur,APMC Mangal Wedha ,Vegetables,Tomato,Local,Local,500.00,"2,000.00","1,100.00",Rs./Quintal,12-03-2026
Maharashtra,Solapur,APMC Mangal Wedha ,Vegetables,Tomato,Local,Local,300.00,"2,000.00","1,100.00",Rs./Quintal,11-03-2026
Maharashtra,Solapur,APMC Mangal Wedha ,Vegetables,Tomato,Local,Local,200.00,"2,300.00","1,000.00",Rs./Quintal,09-03-2026
Maharashtra,Solapur,APMC Mangal Wedha ,Vegetables,Tomato,Local,Local,200.00,"1,600.00","1,300.00",Rs./Quintal,08-03-2026
Maharashtra,Solapur,APMC Mangal Wedha ,Vegetables,Tomato,Local,Local,400.00,"1,600.00","1,100.00",Rs./Quintal,07-03-2026
Maharashtra,Solapur,APMC Mangal Wedha ,Vegetables,Tomato,Local,Local,300.00,"1,300.00",900.00,Rs./Quintal,06-03-2026
Maharashtra,Solapur,APMC Mangal Wedha ,Vegetables,Tomato,Local,Local,200.00,"1,000.00",700.00,Rs./Quintal,05-03-2026
Maharashtra,Solapur,APMC Mangal Wedha ,Vegetables,Tomato,Local,Local,200.00,"1,100.00",800.00,Rs./Quintal,04-03-2026
Maharashtra,Solapur,APMC Mangal Wedha ,Vegetables,Tomato,Local,Local,200.00,"1,500.00","1,000.00",Rs./Quintal,02-03-2026
Maharashtra,Solapur,APMC Mangal Wedha ,Vegetables,Tomato,Local,Local,400.00,"1,000.00",700.00,Rs./Quintal,01-03-2026
Maharashtra,Solapur,APMC Mangal Wedha ,Vegetables,Tomato,Local,Local,200.00,"1,100.00",600.00,Rs./Quintal,28-02-2026
Maharashtra,Solapur,APMC Mangal Wedha ,Vegetables,Tomato,Local,Local,200.00,900.00,600.00,Rs./Quintal,27-02-2026
Maharashtra,Solapur,APMC Mangal Wedha ,Vegetables,Tomato,Local,Local,200.00,"1,000.00",900.00,Rs./Quintal,26-02-2026
Maharashtra,Solapur,APMC Mangal Wedha ,Vegetables,Tomato,Local,Local,200.00,"1,100.00",800.00,Rs./Quintal,25-02-2026
Maharashtra,Solapur,APMC Mangal Wedha ,Vegetables,Tomato,Local,Local,200.00,"1,200.00",800.00,Rs./Quintal,23-02-2026
Maharashtra,Solapur,APMC Mangal Wedha ,Vegetables,Tomato,Local,Local,400.00,"1,800.00","1,300.00",Rs./Quintal,21-02-2026
Maharashtra,Solapur,APMC Mangal Wedha ,Vegetables,Tomato,Local,Local,400.00,"1,800.00","1,000.00",Rs./Quintal,20-02-2026
Maharashtra,Solapur,APMC Mangal Wedha ,Vegetables,Tomato,Local,Local,200.00,"1,300.00",800.00,Rs./Quintal,19-02-2026
Maharashtra,Solapur,APMC Mangal Wedha ,Vegetables,Tomato,Local,Local,400.00,"1,500.00",900.00,Rs./Quintal,18-02-2026
Maharashtra,Solapur,APMC Mangal Wedha ,Vegetables,Tomato,Local,Local,200.00,"1,800.00","1,100.00",Rs./Quintal,16-02-2026
Maharashtra,Solapur,APMC Mangal Wedha ,Vegetables,Tomato,Local,Local,500.00,"2,000.00","1,500.00",Rs./Quintal,15-02-2026
Maharashtra,Solapur,APMC Mangal Wedha ,Vegetables,Tomato,Local,Local,200.00,"1,300.00","1,000.00",Rs./Quintal,14-02-2026
Maharashtra,Solapur,APMC Mangal Wedha ,Vegetables,Tomato,Local,Local,200.00,"1,100.00",800.00,Rs./Quintal,13-02-2026
Maharashtra,Solapur,APMC Mangal Wedha ,Vegetables,Tomato,Local,Local,400.00,"1,200.00",700.00,Rs./Quintal,12-02-2026
Maharashtra,Solapur,APMC Mangal Wedha ,Vegetables,Tomato,Local,Local,300.00,"2,200.00","1,500.00",Rs./Quintal,11-02-2026
Maharashtra,Solapur,APMC Mangal Wedha ,Vegetables,Tomato,Local,Local,400.00,"2,600.00","1,500.00",Rs./Quintal,09-02-2026
Maharashtra,Solapur,APMC Mangal Wedha ,Vegetables,Tomato,Local,Local,500.00,"1,900.00","1,000.00",Rs./Quintal,08-02-2026
Maharashtra,Solapur,APMC Mangal Wedha ,Vegetables,Tomato,Local,Local,100.00,"1,000.00",800.00,Rs./Quintal,07-02-2026
Maharashtra,Solapur,APMC Mangal Wedha ,Vegetables,Tomato,Local,Local,200.00,"1,000.00",700.00,Rs./Quintal,06-02-2026
Maharashtra,Solapur,APMC Mangal Wedha ,Vegetables,Tomato,Local,Local,200.00,"1,300.00",800.00,Rs./Quintal,05-02-2026
Maharashtra,Solapur,APMC Mangal Wedha ,Vegetables,Tomato,Local,Local,200.00,"1,300.00",900.00,Rs./Quintal,04-02-2026
Maharashtra,Solapur,APMC Mangal Wedha ,Vegetables,Tomato,Local,Local,200.00,"1,400.00","1,000.00",Rs./Quintal,02-02-2026
Maharashtra,Solapur,APMC Mangal Wedha ,Vegetables,Tomato,Local,Local,500.00,"1,000.00",700.00,Rs./Quintal,01-02-2026
Maharashtra,Solapur,APMC Mangal Wedha ,Vegetables,Tomato,Local,Local,300.00,"1,200.00","1,000.00",Rs./Quintal,31-01-2026
Maharashtra,Solapur,APMC Mangal Wedha ,Vegetables,Tomato,Local,Local,200.00,"1,200.00",900.00,Rs./Quintal,30-01-2026
Maharashtra,Solapur,APMC Mangal Wedha ,Vegetables,Tomato,Local,Local,400.00,"1,500.00","1,100.00",Rs./Quintal,28-01-2026
Maharashtra,Solapur,APMC Mangal Wedha ,Vegetables,Tomato,Local,Local,400.00,"1,700.00","1,200.00",Rs./Quintal,26-01-2026
Maharashtra,Solapur,APMC Mangal Wedha ,Vegetables,Tomato,Local,Local,200.00,"1,700.00","1,000.00",Rs./Quintal,25-01-2026
Maharashtra,Solapur,APMC Mangal Wedha ,Vegetables,Tomato,Local,Local,200.00,"1,900.00",900.00,Rs./Quintal,24-01-2026
Maharashtra,Solapur,APMC Mangal Wedha ,Vegetables,Tomato,Local,Local,200.00,"1,500.00","1,000.00",Rs./Quintal,23-01-2026
Maharashtra,Solapur,APMC Mangal Wedha ,Vegetables,Tomato,Local,Local,200.00,"1,200.00","1,000.00",Rs./Quintal,22-01-2026
Maharashtra,Solapur,APMC Mangal Wedha ,Vegetables,Tomato,Local,Local,300.00,"1,800.00","1,100.00",Rs./Quintal,21-01-2026
Maharashtra,Solapur,APMC Mangal Wedha ,Vegetables,Tomato,Local,Local,300.00,"1,800.00","1,100.00",Rs./Quintal,19-01-2026
Maharashtra,Solapur,APMC Mangal Wedha ,Vegetables,Tomato,Local,Local,200.00,"1,400.00",700.00,Rs./Quintal,18-01-2026
Maharashtra,Solapur,APMC Mangal Wedha ,Vegetables,Tomato,Local,Local,200.00,"1,400.00",800.00,Rs./Quintal,17-01-2026
Maharashtra,Solapur,APMC Mangal Wedha ,Vegetables,Tomato,Local,Local,500.00,"1,700.00","1,200.00",Rs./Quintal,15-01-2026
Maharashtra,Solapur,APMC Mangal Wedha ,Vegetables,Tomato,Local,Local,500.00,"1,700.00","1,200.00",Rs./Quintal,14-01-2026
Maharashtra,Solapur,APMC Mangal Wedha ,Vegetables,Tomato,Local,Local,500.00,"1,800.00","1,300.00",Rs./Quintal,12-01-2026
Maharashtra,Solapur,APMC Mangal Wedha ,Vegetables,Tomato,Local,Local,400.00,"1,800.00","1,200.00",Rs./Quintal,11-01-2026
Maharashtra,Solapur,APMC Mangal Wedha ,Vegetables,Tomato,Local,Local,300.00,"1,800.00","1,300.00",Rs./Quintal,10-01-2026
Maharashtra,Solapur,APMC Mangal Wedha ,Vegetables,Tomato,Local,Local,300.00,"2,000.00","1,300.00",Rs./Quintal,09-01-2026
Maharashtra,Solapur,APMC Mangal Wedha ,Vegetables,Tomato,Local,Local,200.00,"2,700.00","1,900.00",Rs./Quintal,03-01-2026
Maharashtra,Solapur,APMC Mangal Wedha ,Vegetables,Tomato,Local,Local,300.00,"2,200.00","2,000.00",Rs./Quintal,02-01-2026
Maharashtra,Solapur,APMC Mangal Wedha ,Vegetables,Tomato,Local,Local,500.00,"2,700.00","2,200.00",Rs./Quintal,01-01-2026
Maharashtra,Solapur,APMC Pandharpur ,Vegetables,Tomato,Other,Local,800.00,"2,100.00","1,500.00",Rs./Quintal,03-09-2026
Maharashtra,Solapur,APMC Pandharpur ,Vegetables,Tomato,Other,Local,600.00,"1,500.00","1,100.00",Rs./Quintal,02-09-2026
Maharashtra,Solapur,APMC Pandharpur ,Vegetables,Tomato,Other,Local,500.00,"1,500.00","1,000.00",Rs./Quintal,01-09-2026
Maharashtra,Solapur,APMC Pandharpur ,Vegetables,Tomato,Other,Local,500.00,"1,000.00",800.00,Rs./Quintal,31-08-2026
Maharashtra,Solapur,APMC Pandharpur ,Vegetables,Tomato,Other,Local,500.00,"1,000.00",700.00,Rs./Quintal,29-08-2026
Maharashtra,Solapur,APMC Pandharpur ,Vegetables,Tomato,Other,Local,300.00,"1,000.00",800.00,Rs./Quintal,27-08-2026
Maharashtra,Solapur,APMC Pandharpur ,Vegetables,Tomato,Other,Local,500.00,"1,000.00",800.00,Rs./Quintal,25-08-2026
Maharashtra,Solapur,APMC Pandharpur ,Vegetables,Tomato,Other,Local,500.00,"1,100.00",700.00,Rs./Quintal,24-08-2026
Maharashtra,Solapur,APMC Pandharpur ,Vegetables,Tomato,Other,Local,500.00,"1,200.00","1,000.00",Rs./Quintal,22-08-2026
Maharashtra,Solapur,APMC Pandharpur ,Vegetables,Tomato,Other,Local,500.00,"1,400.00","1,000.00",Rs./Quintal,21-08-2026
Maharashtra,Solapur,APMC Pandharpur ,Vegetables,Tomato,Other,Local,500.00,"1,400.00",800.00,Rs./Quintal,20-08-2026
Maharashtra,Solapur,APMC Pandharpur ,Vegetables,Tomato,Other,Local,500.00,"1,200.00",800.00,Rs./Quintal,19-08-2026
Maharashtra,Solapur,APMC Pandharpur ,Vegetables,Tomato,Other,Local,500.00,"1,600.00","1,200.00",Rs./Quintal,18-08-2026
Maharashtra,Solapur,APMC Pandharpur ,Vegetables,Tomato,Other,Local,500.00,"2,000.00","1,300.00",Rs./Quintal,17-08-2026
Maharashtra,Solapur,APMC Pandharpur ,Vegetables,Tomato,Other,Local,500.00,"1,900.00","1,200.00",Rs./Quintal,15-08-2026
Maharashtra,Solapur,APMC Pandharpur ,Vegetables,Tomato,Other,Local,600.00,"1,900.00","1,200.00",Rs./Quintal,14-08-2026
Maharashtra,Solapur,APMC Pandharpur ,Vegetables,Tomato,Other,Local,500.00,"2,000.00","1,200.00",Rs./Quintal,13-08-2026
Maharashtra,Solapur,APMC Pandharpur ,Vegetables,Tomato,Other,Local,600.00,"2,000.00","1,300.00",Rs./Quintal,12-08-2026
Maharashtra,Solapur,APMC Pandharpur ,Vegetables,Tomato,Other,Local,500.00,"1,800.00","1,200.00",Rs./Quintal,11-08-2026
Maharashtra,Solapur,APMC Pandharpur ,Vegetables,Tomato,Other,Local,500.00,"1,500.00","1,000.00",Rs./Quintal,10-08-2026
Maharashtra,Solapur,APMC Pandharpur ,Vegetables,Tomato,Other,Local,500.00,"1,500.00","1,000.00",Rs./Quintal,08-08-2026
Maharashtra,Solapur,APMC Pandharpur ,Vegetables,Tomato,Other,Local,500.00,"1,500.00","1,100.00",Rs./Quintal,06-08-2026
Maharashtra,Solapur,APMC Pandharpur ,Vegetables,Tomato,Other,Local,600.00,"2,500.00","1,500.00",Rs./Quintal,05-08-2026
Maharashtra,Solapur,APMC Pandharpur ,Vegetables,Tomato,Other,Local,500.00,"2,100.00","1,400.00",Rs./Quintal,04-08-2026
Maharashtra,Solapur,APMC Pandharpur ,Vegetables,Tomato,Other,Local,500.00,"3,000.00","1,700.00",Rs./Quintal,03-08-2026
Maharashtra,Solapur,APMC Pandharpur ,Vegetables,Tomato,Other,Local,500.00,"1,500.00","1,000.00",Rs./Quintal,01-08-2026
Maharashtra,Solapur,APMC Pandharpur ,Vegetables,Tomato,Other,Local,500.00,"1,800.00","1,200.00",Rs./Quintal,31-07-2026
Maharashtra,Solapur,APMC Pandharpur ,Vegetables,Tomato,Other,Local,600.00,"2,000.00","1,500.00",Rs./Quintal,30-07-2026
Maharashtra,Solapur,APMC Pandharpur ,Vegetables,Tomato,Other,Local,500.00,"2,000.00","1,400.00",Rs./Quintal,29-07-2026
Maharashtra,Solapur,APMC Pandharpur ,Vegetables,Tomato,Other,Local,800.00,"2,200.00","1,500.00",Rs./Quintal,28-07-2026
Maharashtra,Solapur,APMC Pandharpur ,Vegetables,Tomato,Other,Local,600.00,"1,800.00","1,300.00",Rs./Quintal,27-07-2026
Maharashtra,Solapur,APMC Pandharpur ,Vegetables,Tomato,Other,Local,500.00,"2,500.00","1,500.00",Rs./Quintal,25-07-2026
Maharashtra,Solapur,APMC Pandharpur ,Vegetables,Tomato,Other,Local,700.00,"2,500.00","2,000.00",Rs./Quintal,22-07-2026
Maharashtra,Solapur,APMC Pandharpur ,Vegetables,Tomato,Other,Local,700.00,"2,500.00","2,000.00",Rs./Quintal,21-07-2026
Maharashtra,Solapur,APMC Pandharpur ,Vegetables,Tomato,Other,Local,700.00,"2,500.00","2,000.00",Rs./Quintal,20-07-2026
Maharashtra,Solapur,APMC Pandharpur ,Vegetables,Tomato,Other,Local,500.00,"2,500.00","1,600.00",Rs./Quintal,18-07-2026
Maharashtra,Solapur,APMC Pandharpur ,Vegetables,Tomato,Other,Local,500.00,"2,500.00","1,500.00",Rs./Quintal,17-07-2026
Maharashtra,Solapur,APMC Pandharpur ,Vegetables,Tomato,Other,Local,600.00,"2,700.00","1,500.00",Rs./Quintal,16-07-2026
Maharashtra,Solapur,APMC Pandharpur ,Vegetables,Tomato,Other,Local,500.00,"2,500.00","1,500.00",Rs./Quintal,15-07-2026
Maharashtra,Solapur,APMC Pandharpur ,Vegetables,Tomato,Other,Local,500.00,"3,000.00","2,000.00",Rs./Quintal,14-07-2026
Maharashtra,Solapur,APMC Pandharpur ,Vegetables,Tomato,Other,Local,"1,000.00","3,300.00","2,500.00",Rs./Quintal,13-07-2026
Maharashtra,Solapur,APMC Pandharpur ,Vegetables,Tomato,Other,Local,600.00,"2,500.00","1,800.00",Rs./Quintal,10-07-2026
Maharashtra,Solapur,APMC Pandharpur ,Vegetables,Tomato,Other,Local,500.00,"2,200.00","1,500.00",Rs./Quintal,09-07-2026
Maharashtra,Solapur,APMC Pandharpur ,Vegetables,Tomato,Other,Local,500.00,"3,000.00","1,500.00",Rs./Quintal,08-07-2026
Maharashtra,Solapur,APMC Pandharpur ,Vegetables,Tomato,Other,Local,500.00,"3,000.00","1,500.00",Rs./Quintal,07-07-2026
Maharashtra,Solapur,APMC Pandharpur ,Vegetables,Tomato,Other,Local,500.00,"2,500.00","1,500.00",Rs./Quintal,06-07-2026
Maharashtra,Solapur,APMC Pandharpur ,Vegetables,Tomato,Other,Local,500.00,"2,500.00","1,500.00",Rs./Quintal,04-07-2026
Maharashtra,Solapur,APMC Pandharpur ,Vegetables,Tomato,Other,Local,"1,000.00","2,000.00","1,200.00",Rs./Quintal,03-07-2026
Maharashtra,Solapur,APMC Pandharpur ,Vegetables,Tomato,Other,Local,"1,200.00","1,800.00","1,400.00",Rs./Quintal,02-07-2026
Maharashtra,Solapur,APMC Pandharpur ,Vegetables,Tomato,Other,Local,500.00,"2,000.00","1,700.00",Rs./Quintal,01-07-2026
Maharashtra,Solapur,APMC Pandharpur ,Vegetables,Tomato,Other,Local,500.00,"2,000.00","1,800.00",Rs./Quintal,30-06-2026
Maharashtra,Solapur,APMC Pandharpur ,Vegetables,Tomato,Other,Local,500.00,"2,500.00","2,000.00",Rs./Quintal,29-06-2026
Maharashtra,Solapur,APMC Pandharpur ,Vegetables,Tomato,Other,Local,500.00,"2,500.00","1,800.00",Rs./Quintal,26-06-2026
Maharashtra,Solapur,APMC Pandharpur ,Vegetables,Tomato,Other,Local,500.00,"3,500.00","2,200.00",Rs./Quintal,25-06-2026
Maharashtra,Solapur,APMC Pandharpur ,Vegetables,Tomato,Other,Local,500.00,"3,000.00","2,000.00",Rs./Quintal,24-06-2026
Maharashtra,Solapur,APMC Pandharpur ,Vegetables,Tomato,Other,Local,700.00,"3,200.00","2,000.00",Rs./Quintal,23-06-2026
Maharashtra,Solapur,APMC Pandharpur ,Vegetables,Tomato,Other,Local,500.00,"3,000.00","2,000.00",Rs./Quintal,22-06-2026
Maharashtra,Solapur,APMC Pandharpur ,Vegetables,Tomato,Other,Local,500.00,"3,200.00","2,000.00",Rs./Quintal,20-06-2026
Maharashtra,Solapur,APMC Pandharpur ,Vegetables,Tomato,Other,Local,700.00,"3,200.00","2,000.00",Rs./Quintal,19-06-2026
Maharashtra,Solapur,APMC Pandharpur ,Vegetables,Tomato,Other,Local,800.00,"3,500.00","2,000.00",Rs./Quintal,18-06-2026
Maharashtra,Solapur,APMC Pandharpur ,Vegetables,Tomato,Other,Local,500.00,"3,000.00","2,100.00",Rs./Quintal,17-06-2026
Maharashtra,Solapur,APMC Pandharpur ,Vegetables,Tomato,Other,Local,700.00,"3,000.00","2,000.00",Rs./Quintal,16-06-2026
Maharashtra,Solapur,APMC Pandharpur ,Vegetables,Tomato,Other,Local,500.00,"3,000.00","2,000.00",Rs./Quintal,15-06-2026
Maharashtra,Solapur,APMC Pandharpur ,Vegetables,Tomato,Other,Local,500.00,"2,800.00","2,000.00",Rs./Quintal,13-06-2026
Maharashtra,Solapur,APMC Pandharpur ,Vegetables,Tomato,Other,Local,500.00,"3,200.00","2,000.00",Rs./Quintal,12-06-2026
Maharashtra,Solapur,APMC Pandharpur ,Vegetables,Tomato,Other,Local,800.00,"3,200.00","2,000.00",Rs./Quintal,09-06-2026
Maharashtra,Solapur,APMC Pandharpur ,Vegetables,Tomato,Other,Local,500.00,"3,000.00","2,000.00",Rs./Quintal,08-06-2026
Maharashtra,Solapur,APMC Pandharpur ,Vegetables,Tomato,Other,Local,500.00,"3,100.00","2,100.00",Rs./Quintal,06-06-2026
Maharashtra,Solapur,APMC Pandharpur ,Vegetables,Tomato,Other,Local,700.00,"3,000.00","2,000.00",Rs./Quintal,05-06-2026
Maharashtra,Solapur,APMC Pandharpur ,Vegetables,Tomato,Other,Local,500.00,"3,000.00","2,000.00",Rs./Quintal,04-06-2026
Maharashtra,Solapur,APMC Pandharpur ,Vegetables,Tomato,Other,Local,500.00,"3,000.00","2,000.00",Rs./Quintal,03-06-2026
Maharashtra,Solapur,APMC Pandharpur ,Vegetables,Tomato,Other,Local,500.00,"3,000.00","2,000.00",Rs./Quintal,30-05-2026
Maharashtra,Solapur,APMC Pandharpur ,Vegetables,Tomato,Other,Local,700.00,"3,500.00","1,800.00",Rs./Quintal,29-05-2026
Maharashtra,Solapur,APMC Pandharpur ,Vegetables,Tomato,Other,Local,800.00,"3,200.00","2,000.00",Rs./Quintal,28-05-2026
Maharashtra,Solapur,APMC Pandharpur ,Vegetables,Tomato,Other,Local,700.00,"3,200.00","2,000.00",Rs./Quintal,26-05-2026
Maharashtra,Solapur,APMC Pandharpur ,Vegetables,Tomato,Other,Local,700.00,"3,000.00","1,500.00",Rs./Quintal,25-05-2026
Maharashtra,Solapur,APMC Pandharpur ,Vegetables,Tomato,Other,Local,800.00,"3,500.00","2,000.00",Rs./Quintal,21-05-2026
Maharashtra,Solapur,APMC Pandharpur ,Vegetables,Tomato,Other,Local,800.00,"3,300.00","1,700.00",Rs./Quintal,20-05-2026
Maharashtra,Solapur,APMC Pandharpur ,Vegetables,Tomato,Other,Local,"1,000.00","3,200.00","2,000.00",Rs./Quintal,19-05-2026
Maharashtra,Solapur,APMC Pandharpur ,Vegetables,Tomato,Other,Local,700.00,"3,700.00","2,000.00",Rs./Quintal,18-05-2026
Maharashtra,Solapur,APMC Pandharpur ,Vegetables,Tomato,Other,Local,800.00,"4,200.00","2,500.00",Rs./Quintal,15-05-2026
Maharashtra,Solapur,APMC Pandharpur ,Vegetables,Tomato,Other,Local,500.00,"3,200.00","2,000.00",Rs./Quintal,14-05-2026
Maharashtra,Solapur,APMC Pandharpur ,Vegetables,Tomato,Other,Local,500.00,"2,500.00","1,000.00",Rs./Quintal,02-05-2026
Maharashtra,Solapur,APMC Pandharpur ,Vegetables,Tomato,Other,Local,500.00,"1,400.00",950.00,Rs./Quintal,30-04-2026
Maharashtra,Solapur,APMC Pandharpur ,Vegetables,Tomato,Other,Local,500.00,"1,600.00",900.00,Rs./Quintal,29-04-2026
Maharashtra,Solapur,APMC Pandharpur ,Vegetables,Tomato,Other,Local,300.00,"1,500.00",900.00,Rs./Quintal,28-04-2026
Maharashtra,Solapur,APMC Pandharpur ,Vegetables,Tomato,Other,Local,500.00,"1,200.00",800.00,Rs./Quintal,24-04-2026
Maharashtra,Solapur,APMC Pandharpur ,Vegetables,Tomato,Other,Local,500.00,"1,000.00",800.00,Rs./Quintal,23-04-2026
Maharashtra,Solapur,APMC Pandharpur ,Vegetables,Tomato,Other,Local,250.00,900.00,600.00,Rs./Quintal,22-04-2026
Maharashtra,Solapur,APMC Pandharpur ,Vegetables,Tomato,Other,Local,250.00,800.00,500.00,Rs./Quintal,21-04-2026
Maharashtra,Solapur,APMC Pandharpur ,Vegetables,Tomato,Other,Local,100.00,600.00,300.00,Rs./Quintal,18-04-2026
Maharashtra,Solapur,APMC Pandharpur ,Vegetables,Tomato,Other,Local,100.00,550.00,350.00,Rs./Quintal,17-04-2026
Maharashtra,Solapur,APMC Pandharpur ,Vegetables,Tomato,Other,Local,100.00,600.00,300.00,Rs./Quintal,16-04-2026
Maharashtra,Solapur,APMC Pandharpur ,Vegetables,Tomato,Other,Local,100.00,500.00,350.00,Rs./Quintal,15-04-2026
Maharashtra,Solapur,APMC Pandharpur ,Vegetables,Tomato,Other,Local,200.00,600.00,400.00,Rs./Quintal,13-04-2026
Maharashtra,Solapur,APMC Pandharpur ,Vegetables,Tomato,Other,Local,100.00,500.00,300.00,Rs./Quintal,11-04-2026
Maharashtra,Solapur,APMC Pandharpur ,Vegetables,Tomato,Other,Local,200.00,500.00,300.00,Rs./Quintal,10-04-2026
Maharashtra,Solapur,APMC Pandharpur ,Vegetables,Tomato,Other,Local,100.00,600.00,350.00,Rs./Quintal,09-04-2026
Maharashtra,Solapur,APMC Pandharpur ,Vegetables,Tomato,Other,Local,300.00,600.00,500.00,Rs./Quintal,08-04-2026
Maharashtra,Solapur,APMC Pandharpur ,Vegetables,Tomato,Other,Local,250.00,500.00,350.00,Rs./Quintal,07-04-2026
Maharashtra,Solapur,APMC Pandharpur ,Vegetables,Tomato,Other,Local,450.00,450.00,450.00,Rs./Quintal,01-04-2026
Maharashtra,Solapur,APMC Pandharpur ,Vegetables,Tomato,Other,Local,200.00,550.00,350.00,Rs./Quintal,31-03-2026
Maharashtra,Solapur,APMC Pandharpur ,Vegetables,Tomato,Other,Local,100.00,500.00,350.00,Rs./Quintal,30-03-2026
Maharashtra,Solapur,APMC Pandharpur ,Vegetables,Tomato,Other,Local,250.00,600.00,450.00,Rs./Quintal,28-03-2026
Maharashtra,Solapur,APMC Pandharpur ,Vegetables,Tomato,Other,Local,100.00,600.00,350.00,Rs./Quintal,27-03-2026
Maharashtra,Solapur,APMC Pandharpur ,Vegetables,Tomato,Other,Local,200.00,600.00,400.00,Rs./Quintal,25-03-2026
Maharashtra,Solapur,APMC Pandharpur ,Vegetables,Tomato,Other,Local,200.00,600.00,400.00,Rs./Quintal,24-03-2026
Maharashtra,Solapur,APMC Pandharpur ,Vegetables,Tomato,Other,Local,200.00,600.00,400.00,Rs./Quintal,23-03-2026
Maharashtra,Solapur,APMC Pandharpur ,Vegetables,Tomato,Other,Local,200.00,600.00,400.00,Rs./Quintal,21-03-2026
Maharashtra,Solapur,APMC Pandharpur ,Vegetables,Tomato,Other,Local,200.00,700.00,400.00,Rs./Quintal,20-03-2026
Maharashtra,Solapur,APMC Pandharpur ,Vegetables,Tomato,Other,Local,100.00,600.00,400.00,Rs./Quintal,19-03-2026
Maharashtra,Solapur,APMC Pandharpur ,Vegetables,Tomato,Other,Local,300.00,850.00,500.00,Rs./Quintal,16-03-2026
Maharashtra,Solapur,APMC Pandharpur ,Vegetables,Tomato,Other,Local,300.00,900.00,550.00,Rs./Quintal,14-03-2026
Maharashtra,Solapur,APMC Pandharpur ,Vegetables,Tomato,Other,Local,200.00,850.00,500.00,Rs./Quintal,13-03-2026
Maharashtra,Solapur,APMC Pandharpur ,Vegetables,Tomato,Other,Local,300.00,900.00,550.00,Rs./Quintal,12-03-2026
Maharashtra,Solapur,APMC Pandharpur ,Vegetables,Tomato,Other,Local,400.00,900.00,700.00,Rs./Quintal,11-03-2026
Maharashtra,Solapur,APMC Pandharpur ,Vegetables,Tomato,Other,Local,400.00,850.00,700.00,Rs./Quintal,10-03-2026
Maharashtra,Solapur,APMC Pandharpur ,Vegetables,Tomato,Other,Local,400.00,900.00,700.00,Rs./Quintal,09-03-2026
Maharashtra,Solapur,APMC Pandharpur ,Vegetables,Tomato,Other,Local,350.00,950.00,650.00,Rs./Quintal,06-03-2026
Maharashtra,Solapur,APMC Pandharpur ,Vegetables,Tomato,Other,Local,400.00,950.00,750.00,Rs./Quintal,05-03-2026
Maharashtra,Solapur,APMC Pandharpur ,Vegetables,Tomato,Other,Local,400.00,900.00,700.00,Rs./Quintal,27-02-2026
Maharashtra,Solapur,APMC Pandharpur ,Vegetables,Tomato,Other,Local,400.00,900.00,700.00,Rs./Quintal,26-02-2026
Maharashtra,Solapur,APMC Pandharpur ,Vegetables,Tomato,Other,Local,400.00,"1,000.00",700.00,Rs./Quintal,25-02-2026
Maharashtra,Solapur,APMC Pandharpur ,Vegetables,Tomato,Other,Local,300.00,"1,100.00",600.00,Rs./Quintal,24-02-2026
Maharashtra,Solapur,APMC Pandharpur ,Vegetables,Tomato,Other,Local,500.00,800.00,700.00,Rs./Quintal,23-02-2026
Maharashtra,Solapur,APMC Pandharpur ,Vegetables,Tomato,Other,Local,400.00,"1,000.00",700.00,Rs./Quintal,21-02-2026
Maharashtra,Solapur,APMC Pandharpur ,Vegetables,Tomato,Other,Local,500.00,"1,300.00","1,000.00",Rs./Quintal,20-02-2026
Maharashtra,Solapur,APMC Pandharpur ,Vegetables,Tomato,Other,Local,500.00,"1,600.00","1,100.00",Rs./Quintal,18-02-2026
Maharashtra,Solapur,APMC Pandharpur ,Vegetables,Tomato,Other,Local,500.00,"1,500.00","1,000.00",Rs./Quintal,17-02-2026
Maharashtra,Solapur,APMC Pandharpur ,Vegetables,Tomato,Other,Local,500.00,"1,700.00","1,100.00",Rs./Quintal,16-02-2026
Maharashtra,Solapur,APMC Pandharpur ,Vegetables,Tomato,Other,Local,500.00,"1,500.00","1,000.00",Rs./Quintal,13-02-2026
Maharashtra,Solapur,APMC Pandharpur ,Vegetables,Tomato,Other,Local,500.00,"1,800.00","1,200.00",Rs./Quintal,12-02-2026
Maharashtra,Solapur,APMC Pandharpur ,Vegetables,Tomato,Other,Local,500.00,"1,600.00","1,000.00",Rs./Quintal,10-02-2026
Maharashtra,Solapur,APMC Pandharpur ,Vegetables,Tomato,Other,Local,400.00,"1,400.00","1,000.00",Rs./Quintal,05-02-2026
Maharashtra,Solapur,APMC Pandharpur ,Vegetables,Tomato,Other,Local,500.00,"1,500.00","1,000.00",Rs./Quintal,04-02-2026
Maharashtra,Solapur,APMC Pandharpur ,Vegetables,Tomato,Other,Local,500.00,"1,500.00","1,000.00",Rs./Quintal,02-02-2026
Maharashtra,Solapur,APMC Pandharpur ,Vegetables,Tomato,Other,Local,500.00,"1,300.00","1,000.00",Rs./Quintal,31-01-2026
Maharashtra,Solapur,APMC Pandharpur ,Vegetables,Tomato,Other,Local,500.00,"1,400.00","1,000.00",Rs./Quintal,30-01-2026
Maharashtra,Solapur,APMC Pandharpur ,Vegetables,Tomato,Other,Local,500.00,"1,400.00",900.00,Rs./Quintal,29-01-2026
Maharashtra,Solapur,APMC Pandharpur ,Vegetables,Tomato,Other,Local,500.00,"1,500.00","1,000.00",Rs./Quintal,28-01-2026
Maharashtra,Solapur,APMC Pandharpur ,Vegetables,Tomato,Other,Local,500.00,"1,500.00",900.00,Rs./Quintal,27-01-2026
Maharashtra,Solapur,APMC Pandharpur ,Vegetables,Tomato,Other,Local,500.00,"1,500.00","1,000.00",Rs./Quintal,24-01-2026
Maharashtra,Solapur,APMC Pandharpur ,Vegetables,Tomato,Other,Local,500.00,"1,500.00","1,000.00",Rs./Quintal,23-01-2026
Maharashtra,Solapur,APMC Pandharpur ,Vegetables,Tomato,Other,Local,500.00,"1,500.00","1,000.00",Rs./Quintal,22-01-2026
Maharashtra,Solapur,APMC Pandharpur ,Vegetables,Tomato,Other,Local,500.00,"1,200.00","1,000.00",Rs./Quintal,21-01-2026
Maharashtra,Solapur,APMC Pandharpur ,Vegetables,Tomato,Other,Local,500.00,"1,500.00","1,000.00",Rs./Quintal,20-01-2026
Maharashtra,Solapur,APMC Pandharpur ,Vegetables,Tomato,Other,Local,600.00,"1,500.00","1,000.00",Rs./Quintal,17-01-2026
Maharashtra,Solapur,APMC Pandharpur ,Vegetables,Tomato,Other,Local,500.00,"1,500.00","1,000.00",Rs./Quintal,16-01-2026
Maharashtra,Solapur,APMC Pandharpur ,Vegetables,Tomato,Other,Local,600.00,"1,800.00","1,500.00",Rs./Quintal,15-01-2026
Maharashtra,Solapur,APMC Pandharpur ,Vegetables,Tomato,Other,Local,500.00,"2,500.00","1,600.00",Rs./Quintal,09-01-2026
Maharashtra,Solapur,APMC Pandharpur ,Vegetables,Tomato,Other,Local,500.00,"2,400.00","1,600.00",Rs./Quintal,07-01-2026
Maharashtra,Solapur,APMC Pandharpur ,Vegetables,Tomato,Other,Local,500.00,"2,200.00","1,500.00",Rs./Quintal,06-01-2026
Maharashtra,Solapur,APMC Pandharpur ,Vegetables,Tomato,Other,Local,400.00,"2,800.00","1,800.00",Rs./Quintal,05-01-2026
Maharashtra,Solapur,APMC Pandharpur ,Vegetables,Tomato,Other,Local,700.00,"2,700.00","1,700.00",Rs./Quintal,02-01-2026
Maharashtra,Solapur,APMC Pandharpur ,Vegetables,Tomato,Other,Local,500.00,"2,500.00","2,000.00",Rs./Quintal,01-01-2026
Maharashtra,Solapur,APMC Solapur ,Vegetables,Tomato,Other,Local,200.00,"1,800.00","1,100.00",Rs./Quintal,03-09-2026
Maharashtra,Solapur,APMC Solapur ,Vegetables,Tomato,Other,Local,300.00,"2,100.00","1,300.00",Rs./Quintal,02-09-2026
Maharashtra,Solapur,APMC Solapur ,Vegetables,Tomato,Other,Local,400.00,"2,100.00","1,500.00",Rs./Quintal,01-09-2026
Maharashtra,Solapur,APMC Solapur ,Vegetables,Tomato,Other,Local,200.00,"1,400.00","1,000.00",Rs./Quintal,31-08-2026
Maharashtra,Solapur,APMC Solapur ,Vegetables,Tomato,Other,Local,200.00,"1,100.00",800.00,Rs./Quintal,29-08-2026
Maharashtra,Solapur,APMC Solapur ,Vegetables,Tomato,Other,Local,200.00,900.00,600.00,Rs./Quintal,28-08-2026
Maharashtra,Solapur,APMC Solapur ,Vegetables,Tomato,Other,Local,200.00,"1,000.00",700.00,Rs./Quintal,27-08-2026
Maharashtra,Solapur,APMC Solapur ,Vegetables,Tomato,Other,Local,200.00,"1,500.00","1,000.00",Rs./Quintal,25-08-2026
Maharashtra,Solapur,APMC Solapur ,Vegetables,Tomato,Other,Local,200.00,"1,100.00",800.00,Rs./Quintal,24-08-2026
Maharashtra,Solapur,APMC Solapur ,Vegetables,Tomato,Other,Local,100.00,700.00,500.00,Rs./Quintal,22-08-2026
Maharashtra,Solapur,APMC Solapur ,Vegetables,Tomato,Other,Local,200.00,"1,000.00",700.00,Rs./Quintal,21-08-2026
Maharashtra,Solapur,APMC Solapur ,Vegetables,Tomato,Other,Local,100.00,"1,000.00",600.00,Rs./Quintal,20-08-2026
Maharashtra,Solapur,APMC Solapur ,Vegetables,Tomato,Other,Local,300.00,"1,300.00",800.00,Rs./Quintal,19-08-2026
Maharashtra,Solapur,APMC Solapur ,Vegetables,Tomato,Other,Local,200.00,"1,700.00","1,000.00",Rs./Quintal,18-08-2026
Maharashtra,Solapur,APMC Solapur ,Vegetables,Tomato,Other,Local,200.00,"1,300.00",800.00,Rs./Quintal,17-08-2026
Maharashtra,Solapur,APMC Solapur ,Vegetables,Tomato,Other,Local,200.00,"1,700.00","1,200.00",Rs./Quintal,14-08-2026
Maharashtra,Solapur,APMC Solapur ,Vegetables,Tomato,Other,Local,200.00,"2,000.00","1,300.00",Rs./Quintal,13-08-2026
Maharashtra,Solapur,APMC Solapur ,Vegetables,Tomato,Other,Local,300.00,"1,800.00","1,200.00",Rs./Quintal,12-08-2026
Maharashtra,Solapur,APMC Solapur ,Vegetables,Tomato,Other,Local,200.00,"1,500.00","1,200.00",Rs./Quintal,11-08-2026
Maharashtra,Solapur,APMC Solapur ,Vegetables,Tomato,Other,Local,200.00,"1,800.00","1,300.00",Rs./Quintal,10-08-2026
Maharashtra,Solapur,APMC Solapur ,Vegetables,Tomato,Other,Local,300.00,"1,700.00","1,200.00",Rs./Quintal,08-08-2026
Maharashtra,Solapur,APMC Solapur ,Vegetables,Tomato,Other,Local,300.00,"1,800.00","1,200.00",Rs./Quintal,07-08-2026
Maharashtra,Solapur,APMC Solapur ,Vegetables,Tomato,Other,Local,200.00,"1,800.00","1,300.00",Rs./Quintal,06-08-2026
Maharashtra,Solapur,APMC Solapur ,Vegetables,Tomato,Other,Local,300.00,"2,000.00","1,400.00",Rs./Quintal,05-08-2026
Maharashtra,Solapur,APMC Solapur ,Vegetables,Tomato,Other,Local,300.00,"2,000.00","1,300.00",Rs./Quintal,04-08-2026
Maharashtra,Solapur,APMC Solapur ,Vegetables,Tomato,Other,Local,400.00,"2,200.00","1,500.00",Rs./Quintal,03-08-2026
Maharashtra,Solapur,APMC Solapur ,Vegetables,Tomato,Other,Local,400.00,"2,000.00","1,300.00",Rs./Quintal,01-08-2026
Maharashtra,Solapur,APMC Solapur ,Vegetables,Tomato,Other,Local,300.00,"1,800.00","1,200.00",Rs./Quintal,31-07-2026
Maharashtra,Solapur,APMC Solapur ,Vegetables,Tomato,Other,Local,300.00,"1,700.00","1,200.00",Rs./Quintal,30-07-2026
Maharashtra,Solapur,APMC Solapur ,Vegetables,Tomato,Other,Local,400.00,"1,800.00","1,200.00",Rs./Quintal,29-07-2026
Maharashtra,Solapur,APMC Solapur ,Vegetables,Tomato,Other,Local,300.00,"1,600.00","1,200.00",Rs./Quintal,28-07-2026
Maharashtra,Solapur,APMC Solapur ,Vegetables,Tomato,Other,Local,300.00,"1,800.00","1,300.00",Rs./Quintal,27-07-2026
Maharashtra,Solapur,APMC Solapur ,Vegetables,Tomato,Other,Local,200.00,"1,600.00","1,300.00",Rs./Quintal,25-07-2026
Maharashtra,Solapur,APMC Solapur ,Vegetables,Tomato,Other,Local,200.00,"1,500.00","1,200.00",Rs./Quintal,24-07-2026
Maharashtra,Solapur,APMC Solapur ,Vegetables,Tomato,Other,Local,200.00,"1,600.00","1,200.00",Rs./Quintal,23-07-2026
Maharashtra,Solapur,APMC Solapur ,Vegetables,Tomato,Other,Local,200.00,"1,600.00","1,300.00",Rs./Quintal,22-07-2026
Maharashtra,Solapur,APMC Solapur ,Vegetables,Tomato,Other,Local,300.00,"1,800.00","1,300.00",Rs./Quintal,21-07-2026
Maharashtra,Solapur,APMC Solapur ,Vegetables,Tomato,Other,Local,200.00,"1,900.00","1,300.00",Rs./Quintal,20-07-2026
Maharashtra,Solapur,APMC Solapur ,Vegetables,Tomato,Other,Local,300.00,"1,900.00","1,300.00",Rs./Quintal,18-07-2026
Maharashtra,Solapur,APMC Solapur ,Vegetables,Tomato,Other,Local,300.00,"2,000.00","1,300.00",Rs./Quintal,17-07-2026
Maharashtra,Solapur,APMC Solapur ,Vegetables,Tomato,Other,Local,300.00,"1,900.00","1,300.00",Rs./Quintal,16-07-2026
Maharashtra,Solapur,APMC Solapur ,Vegetables,Tomato,Other,Local,300.00,"1,800.00","1,300.00",Rs./Quintal,15-07-2026
Maharashtra,Solapur,APMC Solapur ,Vegetables,Tomato,Other,Local,200.00,"2,100.00","1,500.00",Rs./Quintal,14-07-2026
Maharashtra,Solapur,APMC Solapur ,Vegetables,Tomato,Other,Local,300.00,"2,200.00","1,300.00",Rs./Quintal,13-07-2026
Maharashtra,Solapur,APMC Solapur ,Vegetables,Tomato,Other,Local,200.00,"2,000.00","1,300.00",Rs./Quintal,11-07-2026
Maharashtra,Solapur,APMC Solapur ,Vegetables,Tomato,Other,Local,400.00,"2,200.00","1,500.00",Rs./Quintal,10-07-2026
Maharashtra,Solapur,APMC Solapur ,Vegetables,Tomato,Other,Local,200.00,"2,000.00","1,300.00",Rs./Quintal,09-07-2026
Maharashtra,Solapur,APMC Solapur ,Vegetables,Tomato,Other,Local,200.00,"2,000.00","1,300.00",Rs./Quintal,08-07-2026
Maharashtra,Solapur,APMC Solapur ,Vegetables,Tomato,Other,Local,300.00,"2,200.00","1,400.00",Rs./Quintal,07-07-2026
Maharashtra,Solapur,APMC Solapur ,Vegetables,Tomato,Other,Local,200.00,"2,500.00","1,500.00",Rs./Quintal,06-07-2026
Maharashtra,Solapur,APMC Solapur ,Vegetables,Tomato,Other,Local,200.00,"2,800.00","1,600.00",Rs./Quintal,04-07-2026
Maharashtra,Solapur,APMC Solapur ,Vegetables,Tomato,Other,Local,200.00,"2,200.00","1,600.00",Rs./Quintal,03-07-2026
Maharashtra,Solapur,APMC Solapur ,Vegetables,Tomato,Other,Local,200.00,"2,200.00","1,300.00",Rs./Quintal,02-07-2026
Maharashtra,Solapur,APMC Solapur ,Vegetables,Tomato,Other,Local,200.00,"2,500.00","1,600.00",Rs./Quintal,01-07-2026
Maharashtra,Solapur,APMC Solapur ,Vegetables,Tomato,Other,Local,200.00,"2,500.00","1,500.00",Rs./Quintal,30-06-2026
Maharashtra,Solapur,APMC Solapur ,Vegetables,Tomato,Other,Local,200.00,"2,400.00","1,500.00",Rs./Quintal,29-06-2026
Maharashtra,Solapur,APMC Solapur ,Vegetables,Tomato,Other,Local,600.00,"2,500.00","1,600.00",Rs./Quintal,27-06-2026
Maharashtra,Solapur,APMC Solapur ,Vegetables,Tomato,Other,Local,500.00,"2,500.00","1,800.00",Rs./Quintal,25-06-2026
Maharashtra,Solapur,APMC Solapur ,Vegetables,Tomato,Other,Local,600.00,"2,500.00","1,600.00",Rs./Quintal,24-06-2026
Maharashtra,Solapur,APMC Solapur ,Vegetables,Tomato,Other,Local,600.00,"3,000.00","2,000.00",Rs./Quintal,23-06-2026
Maharashtra,Solapur,APMC Solapur ,Vegetables,Tomato,Other,Local,500.00,"3,000.00","2,000.00",Rs./Quintal,22-06-2026
Maharashtra,Solapur,APMC Solapur ,Vegetables,Tomato,Other,Local,500.00,"3,200.00","2,000.00",Rs./Quintal,20-06-2026
Maharashtra,Solapur,APMC Solapur ,Vegetables,Tomato,Other,Local,500.00,"3,500.00","2,000.00",Rs./Quintal,19-06-2026
Maharashtra,Solapur,APMC Solapur ,Vegetables,Tomato,Other,Local,500.00,"3,800.00","2,000.00",Rs./Quintal,18-06-2026
Maharashtra,Solapur,APMC Solapur ,Vegetables,Tomato,Other,Local,500.00,"4,500.00","2,500.00",Rs./Quintal,17-06-2026
Maharashtra,Solapur,APMC Solapur ,Vegetables,Tomato,Other,Local,500.00,"4,500.00","2,500.00",Rs./Quintal,16-06-2026
Maharashtra,Solapur,APMC Solapur ,Vegetables,Tomato,Other,Local,500.00,"4,500.00","2,500.00",Rs./Quintal,15-06-2026
Maharashtra,Solapur,APMC Solapur ,Vegetables,Tomato,Other,Local,600.00,"4,800.00","2,500.00",Rs./Quintal,13-06-2026
Maharashtra,Solapur,APMC Solapur ,Vegetables,Tomato,Other,Local,500.00,"4,500.00","2,500.00",Rs./Quintal,12-06-2026
Maharashtra,Solapur,APMC Solapur ,Vegetables,Tomato,Other,Local,300.00,"4,500.00","2,500.00",Rs./Quintal,11-06-2026
Maharashtra,Solapur,APMC Solapur ,Vegetables,Tomato,Other,Local,800.00,"4,500.00","2,500.00",Rs./Quintal,10-06-2026
Maharashtra,Solapur,APMC Solapur ,Vegetables,Tomato,Other,Local,800.00,"4,000.00","2,500.00",Rs./Quintal,09-06-2026
Maharashtra,Solapur,APMC Solapur ,Vegetables,Tomato,Other,Local,700.00,"3,300.00","2,900.00",Rs./Quintal,08-06-2026
Maharashtra,Solapur,APMC Solapur ,Vegetables,Tomato,Other,Local,500.00,"3,200.00","2,100.00",Rs./Quintal,06-06-2026
Maharashtra,Solapur,APMC Solapur ,Vegetables,Tomato,Other,Local,500.00,"3,500.00","2,100.00",Rs./Quintal,05-06-2026
Maharashtra,Solapur,APMC Solapur ,Vegetables,Tomato,Other,Local,500.00,"3,000.00","2,000.00",Rs./Quintal,04-06-2026
Maharashtra,Solapur,APMC Solapur ,Vegetables,Tomato,Other,Local,700.00,"3,300.00","2,000.00",Rs./Quintal,02-06-2026
Maharashtra,Solapur,APMC Solapur ,Vegetables,Tomato,Other,Local,700.00,"3,200.00","2,000.00",Rs./Quintal,01-06-2026
Maharashtra,Solapur,APMC Solapur ,Vegetables,Tomato,Other,Local,500.00,"3,000.00","1,800.00",Rs./Quintal,30-05-2026
Maharashtra,Solapur,APMC Solapur ,Vegetables,Tomato,Other,Local,700.00,"3,500.00","2,200.00",Rs./Quintal,29-05-2026
Maharashtra,Solapur,APMC Solapur ,Vegetables,Tomato,Other,Local,700.00,"3,300.00","2,000.00",Rs./Quintal,27-05-2026
Maharashtra,Solapur,APMC Solapur ,Vegetables,Tomato,Other,Local,800.00,"3,300.00","2,000.00",Rs./Quintal,26-05-2026
Maharashtra,Solapur,APMC Solapur ,Vegetables,Tomato,Other,Local,400.00,"3,500.00","1,800.00",Rs./Quintal,25-05-2026
Maharashtra,Solapur,APMC Solapur ,Vegetables,Tomato,Other,Local,500.00,"2,500.00","1,600.00",Rs./Quintal,23-05-2026
Maharashtra,Solapur,APMC Solapur ,Vegetables,Tomato,Other,Local,400.00,"2,500.00","1,600.00",Rs./Quintal,22-05-2026
Maharashtra,Solapur,APMC Solapur ,Vegetables,Tomato,Other,Local,500.00,"3,000.00","1,800.00",Rs./Quintal,21-05-2026
Maharashtra,Solapur,APMC Solapur ,Vegetables,Tomato,Other,Local,700.00,"3,000.00","1,800.00",Rs./Quintal,20-05-2026
Maharashtra,Solapur,APMC Solapur ,Vegetables,Tomato,Other,Local,500.00,"2,800.00","1,700.00",Rs./Quintal,19-05-2026
Maharashtra,Solapur,APMC Solapur ,Vegetables,Tomato,Other,Local,500.00,"3,000.00","1,800.00",Rs./Quintal,18-05-2026
Maharashtra,Solapur,APMC Solapur ,Vegetables,Tomato,Other,Local,500.00,"3,500.00","2,200.00",Rs./Quintal,16-05-2026
Maharashtra,Solapur,APMC Solapur ,Vegetables,Tomato,Other,Local,500.00,"2,500.00","1,600.00",Rs./Quintal,15-05-2026
Maharashtra,Solapur,APMC Solapur ,Vegetables,Tomato,Other,Local,500.00,"2,500.00","1,600.00",Rs./Quintal,14-05-2026
Maharashtra,Solapur,APMC Solapur ,Vegetables,Tomato,Other,Local,400.00,"3,000.00","1,800.00",Rs./Quintal,13-05-2026
Maharashtra,Solapur,APMC Solapur ,Vegetables,Tomato,Other,Local,400.00,"2,200.00","1,500.00",Rs./Quintal,12-05-2026
Maharashtra,Solapur,APMC Solapur ,Vegetables,Tomato,Other,Local,500.00,"2,500.00","1,500.00",Rs./Quintal,11-05-2026
Maharashtra,Solapur,APMC Solapur ,Vegetables,Tomato,Other,Local,700.00,"3,000.00","1,700.00",Rs./Quintal,09-05-2026
Maharashtra,Solapur,APMC Solapur ,Vegetables,Tomato,Other,Local,800.00,"3,500.00","2,500.00",Rs./Quintal,08-05-2026
Maharashtra,Solapur,APMC Solapur ,Vegetables,Tomato,Other,Local,500.00,"2,500.00","1,500.00",Rs./Quintal,07-05-2026
Maharashtra,Solapur,APMC Solapur ,Vegetables,Tomato,Other,Local,500.00,"2,500.00","1,500.00",Rs./Quintal,06-05-2026
Maharashtra,Solapur,APMC Solapur ,Vegetables,Tomato,Other,Local,500.00,"2,100.00","1,400.00",Rs./Quintal,05-05-2026
Maharashtra,Solapur,APMC Solapur ,Vegetables,Tomato,Other,Local,500.00,"2,200.00","1,400.00",Rs./Quintal,04-05-2026
Maharashtra,Solapur,APMC Solapur ,Vegetables,Tomato,Other,Local,500.00,"2,500.00","1,400.00",Rs./Quintal,02-05-2026
Maharashtra,Solapur,APMC Solapur ,Vegetables,Tomato,Other,Local,800.00,"2,500.00","1,400.00",Rs./Quintal,30-04-2026
Maharashtra,Solapur,APMC Solapur ,Vegetables,Tomato,Other,Local,500.00,"2,000.00","1,200.00",Rs./Quintal,29-04-2026
Maharashtra,Solapur,APMC Solapur ,Vegetables,Tomato,Other,Local,400.00,"2,200.00","1,200.00",Rs./Quintal,28-04-2026
Maharashtra,Solapur,APMC Solapur ,Vegetables,Tomato,Other,Local,300.00,"1,700.00",900.00,Rs./Quintal,27-04-2026
Maharashtra,Solapur,APMC Solapur ,Vegetables,Tomato,Other,Local,200.00,"1,500.00","1,000.00",Rs./Quintal,25-04-2026
Maharashtra,Solapur,APMC Solapur ,Vegetables,Tomato,Other,Local,300.00,"1,500.00",800.00,Rs./Quintal,24-04-2026
Maharashtra,Solapur,APMC Solapur ,Vegetables,Tomato,Other,Local,300.00,"1,800.00","1,400.00",Rs./Quintal,23-04-2026
Maharashtra,Solapur,APMC Solapur ,Vegetables,Tomato,Other,Local,400.00,"2,000.00","1,400.00",Rs./Quintal,22-04-2026
Maharashtra,Solapur,APMC Solapur ,Vegetables,Tomato,Other,Local,300.00,"1,700.00","1,000.00",Rs./Quintal,21-04-2026
Maharashtra,Solapur,APMC Solapur ,Vegetables,Tomato,Other,Local,300.00,"1,600.00","1,000.00",Rs./Quintal,20-04-2026
Maharashtra,Solapur,APMC Solapur ,Vegetables,Tomato,Other,Local,300.00,"1,200.00",800.00,Rs./Quintal,18-04-2026
Maharashtra,Solapur,APMC Solapur ,Vegetables,Tomato,Other,Local,200.00,"1,000.00",600.00,Rs./Quintal,17-04-2026
Maharashtra,Solapur,APMC Solapur ,Vegetables,Tomato,Other,Local,300.00,"1,200.00",700.00,Rs./Quintal,16-04-2026
Maharashtra,Solapur,APMC Solapur ,Vegetables,Tomato,Other,Local,300.00,"1,000.00",700.00,Rs./Quintal,15-04-2026
Maharashtra,Solapur,APMC Solapur ,Vegetables,Tomato,Other,Local,300.00,"1,000.00",700.00,Rs./Quintal,13-04-2026
Maharashtra,Solapur,APMC Solapur ,Vegetables,Tomato,Other,Local,200.00,"1,200.00",700.00,Rs./Quintal,11-04-2026
Maharashtra,Solapur,APMC Solapur ,Vegetables,Tomato,Other,Local,200.00,"1,000.00",600.00,Rs./Quintal,10-04-2026
Maharashtra,Solapur,APMC Solapur ,Vegetables,Tomato,Other,Local,200.00,800.00,500.00,Rs./Quintal,09-04-2026
Maharashtra,Solapur,APMC Solapur ,Vegetables,Tomato,Other,Local,200.00,900.00,600.00,Rs./Quintal,08-04-2026
Maharashtra,Solapur,APMC Solapur ,Vegetables,Tomato,Other,Local,200.00,"1,200.00",700.00,Rs./Quintal,07-04-2026
Maharashtra,Solapur,APMC Solapur ,Vegetables,Tomato,Other,Local,200.00,900.00,500.00,Rs./Quintal,06-04-2026
Maharashtra,Solapur,APMC Solapur ,Vegetables,Tomato,Other,Local,200.00,"1,000.00",600.00,Rs./Quintal,04-04-2026
Maharashtra,Solapur,APMC Solapur ,Vegetables,Tomato,Other,Local,200.00,"1,000.00",600.00,Rs./Quintal,03-04-2026
Maharashtra,Solapur,APMC Solapur ,Vegetables,Tomato,Other,Local,200.00,700.00,500.00,Rs./Quintal,02-04-2026
Maharashtra,Solapur,APMC Solapur ,Vegetables,Tomato,Other,Local,300.00,"1,000.00",600.00,Rs./Quintal,01-04-2026
Maharashtra,Solapur,APMC Solapur ,Vegetables,Tomato,Other,Local,300.00,"1,000.00",700.00,Rs./Quintal,31-03-2026
Maharashtra,Solapur,APMC Solapur ,Vegetables,Tomato,Other,Local,300.00,900.00,600.00,Rs./Quintal,30-03-2026
Maharashtra,Solapur,APMC Solapur ,Vegetables,Tomato,Other,Local,200.00,"1,000.00",700.00,Rs./Quintal,28-03-2026
Maharashtra,Solapur,APMC Solapur ,Vegetables,Tomato,Other,Local,200.00,800.00,600.00,Rs./Quintal,27-03-2026
Maharashtra,Solapur,APMC Solapur ,Vegetables,Tomato,Other,Local,400.00,"1,000.00",600.00,Rs./Quintal,25-03-2026
Maharashtra,Solapur,APMC Solapur ,Vegetables,Tomato,Other,Local,200.00,"1,200.00",800.00,Rs./Quintal,24-03-2026
Maharashtra,Solapur,APMC Solapur ,Vegetables,Tomato,Other,Local,200.00,900.00,700.00,Rs./Quintal,23-03-2026
Maharashtra,Solapur,APMC Solapur ,Vegetables,Tomato,Other,Local,400.00,"1,400.00",800.00,Rs./Quintal,20-03-2026
Maharashtra,Solapur,APMC Solapur ,Vegetables,Tomato,Other,Local,300.00,"1,000.00",700.00,Rs./Quintal,18-03-2026
Maharashtra,Solapur,APMC Solapur ,Vegetables,Tomato,Other,Local,200.00,"1,500.00","1,000.00",Rs./Quintal,17-03-2026
Maharashtra,Solapur,APMC Solapur ,Vegetables,Tomato,Other,Local,200.00,"1,000.00",700.00,Rs./Quintal,16-03-2026
Maharashtra,Solapur,APMC Solapur ,Vegetables,Tomato,Other,Local,200.00,"1,000.00",700.00,Rs./Quintal,14-03-2026
Maharashtra,Solapur,APMC Solapur ,Vegetables,Tomato,Other,Local,200.00,"1,200.00",800.00,Rs./Quintal,13-03-2026
Maharashtra,Solapur,APMC Solapur ,Vegetables,Tomato,Other,Local,300.00,"1,200.00",800.00,Rs./Quintal,12-03-2026
Maharashtra,Solapur,APMC Solapur ,Vegetables,Tomato,Other,Local,300.00,"1,200.00",800.00,Rs./Quintal,11-03-2026
Maharashtra,Solapur,APMC Solapur ,Vegetables,Tomato,Other,Local,300.00,"1,400.00","1,000.00",Rs./Quintal,10-03-2026
Maharashtra,Solapur,APMC Solapur ,Vegetables,Tomato,Other,Local,300.00,"1,400.00",800.00,Rs./Quintal,09-03-2026
Maharashtra,Solapur,APMC Solapur ,Vegetables,Tomato,Other,Local,200.00,"1,300.00",800.00,Rs./Quintal,07-03-2026
Maharashtra,Solapur,APMC Solapur ,Vegetables,Tomato,Other,Local,200.00,800.00,600.00,Rs./Quintal,06-03-2026
Maharashtra,Solapur,APMC Solapur ,Vegetables,Tomato,Other,Local,200.00,"1,000.00",700.00,Rs./Quintal,05-03-2026
Maharashtra,Solapur,APMC Solapur ,Vegetables,Tomato,Other,Local,200.00,"1,200.00",700.00,Rs./Quintal,04-03-2026
Maharashtra,Solapur,APMC Solapur ,Vegetables,Tomato,Other,Local,200.00,"1,000.00",700.00,Rs./Quintal,02-03-2026
Maharashtra,Solapur,APMC Solapur ,Vegetables,Tomato,Other,Local,200.00,800.00,600.00,Rs./Quintal,28-02-2026
Maharashtra,Solapur,APMC Solapur ,Vegetables,Tomato,Other,Local,200.00,700.00,500.00,Rs./Quintal,27-02-2026
Maharashtra,Solapur,APMC Solapur ,Vegetables,Tomato,Other,Local,200.00,800.00,600.00,Rs./Quintal,26-02-2026
Maharashtra,Solapur,APMC Solapur ,Vegetables,Tomato,Other,Local,400.00,800.00,500.00,Rs./Quintal,25-02-2026
Maharashtra,Solapur,APMC Solapur ,Vegetables,Tomato,Other,Local,200.00,800.00,600.00,Rs./Quintal,24-02-2026
Maharashtra,Solapur,APMC Solapur ,Vegetables,Tomato,Other,Local,200.00,800.00,600.00,Rs./Quintal,23-02-2026
Maharashtra,Solapur,APMC Solapur ,Vegetables,Tomato,Other,Local,200.00,"1,000.00",600.00,Rs./Quintal,21-02-2026
Maharashtra,Solapur,APMC Solapur ,Vegetables,Tomato,Other,Local,200.00,"1,000.00",700.00,Rs./Quintal,20-02-2026
Maharashtra,Solapur,APMC Solapur ,Vegetables,Tomato,Other,Local,200.00,"1,000.00",700.00,Rs./Quintal,18-02-2026
Maharashtra,Solapur,APMC Solapur ,Vegetables,Tomato,Other,Local,200.00,"1,200.00",800.00,Rs./Quintal,17-02-2026
Maharashtra,Solapur,APMC Solapur ,Vegetables,Tomato,Other,Local,200.00,"1,000.00",700.00,Rs./Quintal,16-02-2026
Maharashtra,Solapur,APMC Solapur ,Vegetables,Tomato,Other,Local,200.00,"1,200.00",800.00,Rs./Quintal,14-02-2026
Maharashtra,Solapur,APMC Solapur ,Vegetables,Tomato,Other,Local,200.00,"1,000.00",700.00,Rs./Quintal,13-02-2026
Maharashtra,Solapur,APMC Solapur ,Vegetables,Tomato,Other,Local,200.00,"1,300.00",800.00,Rs./Quintal,12-02-2026
Maharashtra,Solapur,APMC Solapur ,Vegetables,Tomato,Other,Local,200.00,"1,000.00",700.00,Rs./Quintal,11-02-2026
Maharashtra,Solapur,APMC Solapur ,Vegetables,Tomato,Other,Local,200.00,"1,000.00",700.00,Rs./Quintal,10-02-2026
Maharashtra,Solapur,APMC Solapur ,Vegetables,Tomato,Other,Local,200.00,"1,000.00",700.00,Rs./Quintal,09-02-2026
Maharashtra,Solapur,APMC Solapur ,Vegetables,Tomato,Other,Local,200.00,700.00,600.00,Rs./Quintal,05-02-2026
Maharashtra,Solapur,APMC Solapur ,Vegetables,Tomato,Other,Local,150.00,800.00,600.00,Rs./Quintal,04-02-2026
Maharashtra,Solapur,APMC Solapur ,Vegetables,Tomato,Other,Local,100.00,"1,000.00",700.00,Rs./Quintal,03-02-2026
Maharashtra,Solapur,APMC Solapur ,Vegetables,Tomato,Other,Local,200.00,"1,000.00",700.00,Rs./Quintal,02-02-2026
Maharashtra,Solapur,APMC Solapur ,Vegetables,Tomato,Other,Local,200.00,"1,000.00",700.00,Rs./Quintal,31-01-2026
Maharashtra,Solapur,APMC Solapur ,Vegetables,Tomato,Other,Local,200.00,"1,300.00",800.00,Rs./Quintal,30-01-2026
Maharashtra,Solapur,APMC Solapur ,Vegetables,Tomato,Other,Local,250.00,"1,200.00",800.00,Rs./Quintal,29-01-2026
Maharashtra,Solapur,APMC Solapur ,Vegetables,Tomato,Other,Local,200.00,"1,400.00","1,000.00",Rs./Quintal,28-01-2026
Maharashtra,Solapur,APMC Solapur ,Vegetables,Tomato,Other,Local,300.00,"1,700.00","1,000.00",Rs./Quintal,27-01-2026
Maharashtra,Solapur,APMC Solapur ,Vegetables,Tomato,Other,Local,300.00,"1,500.00","1,000.00",Rs./Quintal,24-01-2026
Maharashtra,Solapur,APMC Solapur ,Vegetables,Tomato,Other,Local,200.00,"1,200.00",800.00,Rs./Quintal,23-01-2026
Maharashtra,Solapur,APMC Solapur ,Vegetables,Tomato,Other,Local,200.00,"1,200.00",800.00,Rs./Quintal,22-01-2026
Maharashtra,Solapur,APMC Solapur ,Vegetables,Tomato,Other,Local,200.00,"1,000.00",600.00,Rs./Quintal,21-01-2026
Maharashtra,Solapur,APMC Solapur ,Vegetables,Tomato,Other,Local,200.00,"1,500.00",900.00,Rs./Quintal,20-01-2026
Maharashtra,Solapur,APMC Solapur ,Vegetables,Tomato,Other,Local,300.00,"1,800.00","1,200.00",Rs./Quintal,12-01-2026
Maharashtra,Solapur,APMC Solapur ,Vegetables,Tomato,Other,Local,400.00,"1,600.00","1,000.00",Rs./Quintal,10-01-2026
Maharashtra,Solapur,APMC Solapur ,Vegetables,Tomato,Other,Local,300.00,"2,000.00","1,200.00",Rs./Quintal,09-01-2026
Maharashtra,Solapur,APMC Solapur ,Vegetables,Tomato,Other,Local,300.00,"2,100.00","1,200.00",Rs./Quintal,08-01-2026
Maharashtra,Solapur,APMC Solapur ,Vegetables,Tomato,Other,Local,200.00,"1,700.00","1,000.00",Rs./Quintal,07-01-2026
Maharashtra,Solapur,APMC Solapur ,Vegetables,Tomato,Other,Local,200.00,"2,000.00","1,100.00",Rs./Quintal,06-01-2026
Maharashtra,Solapur,APMC Solapur ,Vegetables,Tomato,Other,Local,300.00,"2,200.00","1,200.00",Rs./Quintal,05-01-2026
Maharashtra,Solapur,APMC Solapur ,Vegetables,Tomato,Other,Local,300.00,"2,500.00","1,300.00",Rs./Quintal,03-01-2026
Maharashtra,Solapur,APMC Solapur ,Vegetables,Tomato,Other,Local,300.00,"2,500.00","1,300.00",Rs./Quintal,02-01-2026
Maharashtra,Solapur,APMC Solapur ,Vegetables,Tomato,Other,Local,500.00,"2,200.00","1,300.00",Rs./Quintal,01-01-2026
Maharashtra,Thane,APMC Kalyan ,Vegetables,Tomato,Other,Local,500.00,600.00,550.00,Rs./Quintal,31-08-2026
Maharashtra,Thane,APMC Kalyan ,Vegetables,Tomato,Other,Local,"1,000.00","1,200.00","1,100.00",Rs./Quintal,26-08-2026
Maharashtra,Thane,APMC Kalyan ,Vegetables,Tomato,Other,Local,300.00,400.00,350.00,Rs./Quintal,25-08-2026
Maharashtra,Thane,APMC Kalyan ,Vegetables,Tomato,Other,Local,500.00,700.00,600.00,Rs./Quintal,24-08-2026
Maharashtra,Thane,APMC Kalyan ,Vegetables,Tomato,Other,Local,500.00,700.00,600.00,Rs./Quintal,23-08-2026
Maharashtra,Thane,APMC Kalyan ,Vegetables,Tomato,Other,Local,500.00,700.00,600.00,Rs./Quintal,21-08-2026
Maharashtra,Thane,APMC Kalyan ,Vegetables,Tomato,Other,Local,500.00,700.00,600.00,Rs./Quintal,20-08-2026
Maharashtra,Thane,APMC Kalyan ,Vegetables,Tomato,Other,Local,500.00,600.00,550.00,Rs./Quintal,19-08-2026
Maharashtra,Thane,APMC Kalyan ,Vegetables,Tomato,Other,Local,500.00,600.00,550.00,Rs./Quintal,18-08-2026
Maharashtra,Thane,APMC Kalyan ,Vegetables,Tomato,Other,Local,400.00,600.00,500.00,Rs./Quintal,17-08-2026
Maharashtra,Thane,APMC Kalyan ,Vegetables,Tomato,Other,Local,400.00,600.00,500.00,Rs./Quintal,16-08-2026
Maharashtra,Thane,APMC Kalyan ,Vegetables,Tomato,Other,Local,500.00,600.00,550.00,Rs./Quintal,14-08-2026
Maharashtra,Thane,APMC Kalyan ,Vegetables,Tomato,Other,Local,500.00,600.00,550.00,Rs./Quintal,13-08-2026
Maharashtra,Thane,APMC Kalyan ,Vegetables,Tomato,Other,Local,500.00,600.00,550.00,Rs./Quintal,12-08-2026
Maharashtra,Thane,APMC Kalyan ,Vegetables,Tomato,Other,Local,500.00,600.00,550.00,Rs./Quintal,11-08-2026
Maharashtra,Thane,APMC Kalyan ,Vegetables,Tomato,Other,Local,400.00,600.00,500.00,Rs./Quintal,10-08-2026
Maharashtra,Thane,APMC Kalyan ,Vegetables,Tomato,Other,Local,400.00,500.00,450.00,Rs./Quintal,09-08-2026
Maharashtra,Thane,APMC Kalyan ,Vegetables,Tomato,Other,Local,400.00,650.00,525.00,Rs./Quintal,06-08-2026
Maharashtra,Thane,APMC Kalyan ,Vegetables,Tomato,Other,Local,350.00,650.00,500.00,Rs./Quintal,05-08-2026
Maharashtra,Thane,APMC Kalyan ,Vegetables,Tomato,Other,Local,600.00,800.00,700.00,Rs./Quintal,04-08-2026
Maharashtra,Thane,APMC Kalyan ,Vegetables,Tomato,Other,Local,600.00,800.00,700.00,Rs./Quintal,03-08-2026
Maharashtra,Thane,APMC Kalyan ,Vegetables,Tomato,Other,Local,600.00,800.00,700.00,Rs./Quintal,02-08-2026
Maharashtra,Thane,APMC Kalyan ,Vegetables,Tomato,Other,Local,600.00,800.00,700.00,Rs./Quintal,30-07-2026
Maharashtra,Thane,APMC Kalyan ,Vegetables,Tomato,Other,Local,600.00,800.00,700.00,Rs./Quintal,29-07-2026
Maharashtra,Thane,APMC Kalyan ,Vegetables,Tomato,Other,Local,600.00,750.00,700.00,Rs./Quintal,28-07-2026
Maharashtra,Thane,APMC Kalyan ,Vegetables,Tomato,Other,Local,600.00,750.00,700.00,Rs./Quintal,27-07-2026
Maharashtra,Thane,APMC Kalyan ,Vegetables,Tomato,Other,Local,600.00,800.00,700.00,Rs./Quintal,24-07-2026
Maharashtra,Thane,APMC Kalyan ,Vegetables,Tomato,Other,Local,600.00,800.00,700.00,Rs./Quintal,23-07-2026
Maharashtra,Thane,APMC Kalyan ,Vegetables,Tomato,Other,Local,600.00,900.00,750.00,Rs./Quintal,22-07-2026
Maharashtra,Thane,APMC Kalyan ,Vegetables,Tomato,Other,Local,500.00,700.00,600.00,Rs./Quintal,21-07-2026
Maharashtra,Thane,APMC Kalyan ,Vegetables,Tomato,Other,Local,450.00,600.00,525.00,Rs./Quintal,20-07-2026
Maharashtra,Thane,APMC Kalyan ,Vegetables,Tomato,Other,Local,800.00,"1,000.00",900.00,Rs./Quintal,14-07-2026
Maharashtra,Thane,APMC Kalyan ,Vegetables,Tomato,Other,Local,"1,000.00","1,200.00","1,100.00",Rs./Quintal,10-07-2026
Maharashtra,Thane,APMC Kalyan ,Vegetables,Tomato,Other,Local,"1,000.00","1,200.00","1,100.00",Rs./Quintal,09-07-2026
Maharashtra,Thane,APMC Kalyan ,Vegetables,Tomato,Other,Local,"1,000.00","1,200.00","1,100.00",Rs./Quintal,08-07-2026
Maharashtra,Thane,APMC Kalyan ,Vegetables,Tomato,Other,Local,"2,200.00","2,500.00","2,350.00",Rs./Quintal,02-07-2026
Maharashtra,Thane,APMC Kalyan ,Vegetables,Tomato,Other,Local,800.00,"1,000.00",900.00,Rs./Quintal,01-07-2026
Maharashtra,Thane,APMC Kalyan ,Vegetables,Tomato,Other,Local,"1,000.00","1,500.00","1,250.00",Rs./Quintal,30-06-2026
Maharashtra,Thane,APMC Kalyan ,Vegetables,Tomato,Other,Local,"2,500.00","3,200.00","2,850.00",Rs./Quintal,24-06-2026
Maharashtra,Thane,APMC Kalyan ,Vegetables,Tomato,Other,Local,"3,000.00","4,000.00","3,500.00",Rs./Quintal,23-06-2026
Maharashtra,Thane,APMC Kalyan ,Vegetables,Tomato,Other,Local,"1,000.00","2,000.00","1,500.00",Rs./Quintal,27-05-2026
Maharashtra,Thane,APMC Kalyan ,Vegetables,Tomato,Other,Local,"1,000.00","2,000.00","1,500.00",Rs./Quintal,26-05-2026
Maharashtra,Thane,APMC Kalyan ,Vegetables,Tomato,Other,Local,"2,000.00","3,000.00","2,500.00",Rs./Quintal,22-05-2026
Maharashtra,Thane,APMC Kalyan ,Vegetables,Tomato,Other,Local,"2,500.00","3,200.00","2,750.00",Rs./Quintal,21-05-2026
Maharashtra,Thane,APMC Kalyan ,Vegetables,Tomato,Other,Local,"2,500.00","3,500.00","3,000.00",Rs./Quintal,20-05-2026
Maharashtra,Thane,APMC Kalyan ,Vegetables,Tomato,Other,Local,"2,500.00","3,500.00","3,000.00",Rs./Quintal,18-05-2026
Maharashtra,Thane,APMC Kalyan ,Vegetables,Tomato,Other,Local,"2,500.00","2,700.00","2,600.00",Rs./Quintal,14-05-2026
Maharashtra,Thane,APMC Kalyan ,Vegetables,Tomato,Other,Local,"1,800.00","2,500.00","2,150.00",Rs./Quintal,13-05-2026
Maharashtra,Thane,APMC Kalyan ,Vegetables,Tomato,Other,Local,"2,000.00","2,500.00","2,200.00",Rs./Quintal,20-04-2026
Maharashtra,Thane,APMC Kalyan ,Vegetables,Tomato,Other,Local,"1,500.00","2,000.00","1,750.00",Rs./Quintal,17-04-2026
Maharashtra,Thane,APMC Kalyan ,Vegetables,Tomato,Other,Local,400.00,500.00,450.00,Rs./Quintal,09-04-2026
Maharashtra,Thane,APMC Kalyan ,Vegetables,Tomato,Other,Local,"1,300.00","1,700.00","1,500.00",Rs./Quintal,02-03-2026
Maharashtra,Thane,APMC Kalyan ,Vegetables,Tomato,Other,Local,"1,200.00","1,600.00","1,400.00",Rs./Quintal,01-03-2026
Maharashtra,Thane,APMC Kalyan ,Vegetables,Tomato,Other,Local,"1,500.00","1,600.00","1,550.00",Rs./Quintal,27-02-2026
Maharashtra,Thane,APMC Kalyan ,Vegetables,Tomato,Other,Local,"1,500.00","1,600.00","1,550.00",Rs./Quintal,26-02-2026
Maharashtra,Thane,APMC Kalyan ,Vegetables,Tomato,Other,Local,"1,500.00","1,600.00","1,550.00",Rs./Quintal,25-02-2026
Maharashtra,Thane,APMC Kalyan ,Vegetables,Tomato,Other,Local,900.00,"1,400.00","1,150.00",Rs./Quintal,17-02-2026
Maharashtra,Thane,APMC Kalyan ,Vegetables,Tomato,Other,Local,800.00,"1,500.00","1,150.00",Rs./Quintal,09-02-2026
Maharashtra,Thane,APMC Kalyan ,Vegetables,Tomato,Other,Local,"1,000.00","1,500.00","1,250.00",Rs./Quintal,05-02-2026
Maharashtra,Thane,APMC Kalyan ,Vegetables,Tomato,Other,Local,"1,200.00","1,500.00","1,350.00",Rs./Quintal,02-02-2026
Maharashtra,Thane,APMC Kalyan ,Vegetables,Tomato,Other,Local,"1,700.00","2,000.00","1,850.00",Rs./Quintal,30-01-2026
Maharashtra,Thane,APMC Kalyan ,Vegetables,Tomato,Other,Local,"1,900.00","2,000.00","1,950.00",Rs./Quintal,29-01-2026
Maharashtra,Thane,APMC Kalyan ,Vegetables,Tomato,Other,Local,"1,900.00","2,000.00","1,950.00",Rs./Quintal,28-01-2026
Maharashtra,Thane,APMC Kalyan ,Vegetables,Tomato,Other,Local,"1,000.00","1,800.00","1,400.00",Rs./Quintal,27-01-2026
Maharashtra,Thane,APMC Kalyan ,Vegetables,Tomato,Other,Local,600.00,"1,200.00","1,000.00",Rs./Quintal,16-01-2026
Maharashtra,Thane,APMC Kalyan ,Vegetables,Tomato,Other,Local,"2,800.00","3,000.00","2,900.00",Rs./Quintal,13-01-2026
Maharashtra,Thane,APMC Kalyan ,Vegetables,Tomato,Other,Local,"2,800.00","3,000.00","2,900.00",Rs./Quintal,12-01-2026
Maharashtra,Thane,APMC Kalyan ,Vegetables,Tomato,Other,Local,"2,200.00","2,600.00","2,400.00",Rs./Quintal,11-01-2026
Maharashtra,Thane,APMC Kalyan ,Vegetables,Tomato,Other,Local,"2,000.00","3,000.00","2,500.00",Rs./Quintal,09-01-2026
Maharashtra,Thane,APMC Kalyan ,Vegetables,Tomato,Other,Local,"2,000.00","3,000.00","2,500.00",Rs./Quintal,08-01-2026
Maharashtra,Thane,APMC Kalyan ,Vegetables,Tomato,Other,Local,800.00,"1,000.00",900.00,Rs./Quintal,05-01-2026
Maharashtra,Thane,APMC Kalyan ,Vegetables,Tomato,Other,Local,800.00,"1,000.00",900.00,Rs./Quintal,04-01-2026

