crop,market,cutoff_date,current_price,actual_price_3,persistence_pred,ma7_pred,chronos_pred,chronos_p10,chronos_p90,chronos_error,persistence_error,ma7_error,in_interval,interval_width
rice,APMC Alibagh,2026-05-12,2600.0,2600.0,2600.0,2600.0,2600.0,2600.0,2600.0,0.0,0.0,0.0,1,0.0
rice,APMC Alibagh,2026-05-13,2600.0,2600.0,2600.0,2600.0,2600.0,2600.0,2600.0,0.0,0.0,0.0,1,0.0
rice,APMC Alibagh,2026-05-14,2600.0,2600.0,2600.0,2600.0,2600.0,2600.0,2600.0,0.0,0.0,0.0,1,0.0
rice,APMC Alibagh,2026-05-15,2600.0,2600.0,2600.0,2600.0,2600.0,2600.0,2600.0,0.0,0.0,0.0,1,0.0
rice,APMC Alibagh,2026-05-16,2600.0,2600.0,2600.0,2600.0,2600.0,2600.0,2600.0,0.0,0.0,0.0,1,0.0
rice,APMC Alibagh,2026-05-17,2600.0,2600.0,2600.0,2600.0,2600.0,2600.0,2600.0,0.0,0.0,0.0,1,0.0
rice,APMC Alibagh,2026-05-18,2600.0,2600.0,2600.0,2600.0,2600.0,2600.0,2600.0,0.0,0.0,0.0,1,0.0
rice,APMC Alibagh,2026-05-19,2600.0,2600.0,2600.0,2600.0,2600.0,2600.0,2600.0,0.0,0.0,0.0,1,0.0
rice,APMC Alibagh,2026-05-20,2600.0,2600.0,2600.0,2600.0,2600.0,2600.0,2600.0,0.0,0.0,0.0,1,0.0
rice,APMC Alibagh,2026-05-21,2600.0,2600.0,2600.0,2600.0,2600.0,2600.0,2600.0,0.0,0.0,0.0,1,0.0
rice,APMC Alibagh,2026-05-22,2600.0,2600.0,2600.0,2600.0,2600.0,2600.0,2600.0,0.0,0.0,0.0,1,0.0
rice,APMC Alibagh,2026-05-23,2600.0,2600.0,2600.0,2600.0,2600.0,2600.0,2600.0,0.0,0.0,0.0,1,0.0
rice,APMC Alibagh,2026-05-24,2600.0,2600.0,2600.0,2600.0,2600.0,2600.0,2600.0,0.0,0.0,0.0,1,0.0
rice,APMC Alibagh,2026-05-25,2600.0,2600.0,2600.0,2600.0,2600.0,2600.0,2600.0,0.0,0.0,0.0,1,0.0
rice,APMC Alibagh,2026-05-26,2600.0,2600.0,2600.0,2600.0,2600.0,2600.0,2600.0,0.0,0.0,0.0,1,0.0
rice,APMC Alibagh,2026-05-27,2600.0,2600.0,2600.0,2600.0,2600.0,2600.0,2600.0,0.0,0.0,0.0,1,0.0
rice,APMC Alibagh,2026-05-28,2600.0,2600.0,2600.0,2600.0,2600.0,2600.0,2600.0,0.0,0.0,0.0,1,0.0
rice,APMC Alibagh,2026-05-29,2600.0,2600.0,2600.0,2600.0,2600.0,2600.0,2600.0,0.0,0.0,0.0,1,0.0
rice,APMC Alibagh,2026-05-30,2600.0,2600.0,2600.0,2600.0,2600.0,2600.0,2600.0,0.0,0.0,0.0,1,0.0
rice,APMC Alibagh,2026-05-31,2600.0,2600.0,2600.0,2600.0,2600.0,2600.0,2600.0,0.0,0.0,0.0,1,0.0
rice,APMC Alibagh,2026-06-01,2600.0,2600.0,2600.0,2600.0,2600.0,2600.0,2600.0,0.0,0.0,0.0,1,0.0
rice,APMC Alibagh,2026-06-02,2600.0,2600.0,2600.0,2600.0,2600.0,2600.0,2600.0,0.0,0.0,0.0,1,0.0
rice,APMC Alibagh,2026-06-03,2600.0,2600.0,2600.0,2600.0,2600.0,2600.0,2600.0,0.0,0.0,0.0,1,0.0
rice,APMC Alibagh,2026-06-04,2600.0,2600.0,2600.0,2600.0,2600.0,2600.0,2600.0,0.0,0.0,0.0,1,0.0
rice,APMC Alibagh,2026-06-05,2600.0,2600.0,2600.0,2600.0,2600.0,2600.0,2600.0,0.0,0.0,0.0,1,0.0
rice,APMC Alibagh,2026-06-06,2600.0,2600.0,2600.0,2600.0,2600.0,2600.0,2600.0,0.0,0.0,0.0,1,0.0
rice,APMC Alibagh,2026-06-07,2600.0,2600.0,2600.0,2600.0,2600.0,2600.0,2600.0,0.0,0.0,0.0,1,0.0
rice,APMC Alibagh,2026-06-08,2600.0,2600.0,2600.0,2600.0,2600.0,2600.0,2600.0,0.0,0.0,0.0,1,0.0
rice,APMC Alibagh,2026-06-09,2600.0,4250.0,2600.0,2600.0,2600.0,2600.0,2600.0,1650.0,1650.0,1650.0,0,0.0
rice,APMC Alibagh,2026-06-10,2600.0,4250.0,2600.0,2600.0,2600.0,2600.0,2600.0,1650.0,1650.0,1650.0,0,0.0
rice,APMC Alibagh,2026-06-11,2600.0,4250.0,2600.0,2600.0,2600.0,2600.0,2600.0,1650.0,1650.0,1650.0,0,0.0
rice,APMC Alibagh,2026-06-12,4250.0,4250.0,4250.0,2835.714285714286,2642.6,2592.18,18160.06,1607.4,0.0,1414.29,1,15567.89
rice,APMC Alibagh,2026-06-13,4250.0,4250.0,4250.0,3071.4285714285716,4363.9,2626.27,6661.48,113.9,0.0,1178.57,1,4035.21
rice,APMC Alibagh,2026-06-14,4250.0,4250.0,4250.0,3307.1428571428573,4245.47,3065.91,4778.95,4.53,0.0,942.86,1,1713.03
rice,APMC Alibagh,2026-06-15,4250.0,4250.0,4250.0,3542.8571428571427,4252.67,3484.01,4511.19,2.67,0.0,707.14,1,1027.18
rice,APMC Alibagh,2026-06-16,4250.0,4250.0,4250.0,3778.571428571429,4239.22,3501.61,4422.58,10.78,0.0,471.43,1,920.97
rice,APMC Alibagh,2026-06-17,4250.0,4250.0,4250.0,4014.285714285714,4258.21,3634.25,4419.98,8.21,0.0,235.71,1,785.73
rice,APMC Alibagh,2026-06-18,4250.0,4250.0,4250.0,4250.0,4271.52,3811.82,4399.41,21.52,0.0,0.0,1,587.59
rice,APMC Alibagh,2026-06-19,4250.0,4250.0,4250.0,4250.0,4252.38,3840.28,4371.36,2.38,0.0,0.0,1,531.08
rice,APMC Alibagh,2026-06-20,4250.0,4250.0,4250.0,4250.0,4244.22,3855.53,4335.64,5.78,0.0,0.0,1,480.11
rice,APMC Alibagh,2026-06-21,4250.0,4250.0,4250.0,4250.0,4256.37,3835.94,4341.04,6.37,0.0,0.0,1,505.1
rice,APMC Alibagh,2026-06-22,4250.0,4250.0,4250.0,4250.0,4240.32,3838.17,4313.78,9.68,0.0,0.0,1,475.61
rice,APMC Alibagh,2026-06-23,4250.0,4250.0,4250.0,4250.0,4223.62,3728.39,4294.15,26.38,0.0,0.0,1,565.76
rice,APMC Alibagh,2026-06-24,4250.0,4250.0,4250.0,4250.0,4227.44,3812.54,4292.49,22.56,0.0,0.0,1,479.95
rice,APMC Alibagh,2026-06-25,4250.0,4250.0,4250.0,4250.0,4237.57,3855.72,4302.45,12.43,0.0,0.0,1,446.73
rice,APMC Alibagh,2026-06-26,4250.0,4250.0,4250.0,4250.0,4236.81,3890.15,4294.18,13.19,0.0,0.0,1,404.03
rice,APMC Alibagh,2026-06-27,4250.0,4250.0,4250.0,4250.0,4236.29,4000.89,4288.58,13.71,0.0,0.0,1,287.69
rice,APMC Alibagh,2026-06-28,4250.0,4250.0,4250.0,4250.0,4244.65,3998.28,4293.58,5.35,0.0,0.0,1,295.3
rice,APMC Alibagh,2026-06-29,4250.0,4250.0,4250.0,4250.0,4242.96,4016.16,4288.5,7.04,0.0,0.0,1,272.34
rice,APMC Alibagh,2026-06-30,4250.0,4250.0,4250.0,4250.0,4250.95,4060.84,4298.95,0.95,0.0,0.0,1,238.11
rice,APMC Alibagh,2026-07-01,4250.0,4250.0,4250.0,4250.0,4253.77,4084.34,4300.39,3.77,0.0,0.0,1,216.05
rice,APMC Alibagh,2026-07-02,4250.0,4250.0,4250.0,4250.0,4259.33,4119.95,4305.85,9.33,0.0,0.0,1,185.9
rice,APMC Alibagh,2026-07-03,4250.0,4250.0,4250.0,4250.0,4253.3,4116.3,4301.43,3.3,0.0,0.0,1,185.13
rice,APMC Alibagh,2026-07-04,4250.0,4250.0,4250.0,4250.0,4255.35,4127.21,4301.9,5.35,0.0,0.0,1,174.69
rice,APMC Alibagh,2026-07-05,4250.0,4250.0,4250.0,4250.0,4253.56,4134.44,4296.64,3.56,0.0,0.0,1,162.2
rice,APMC Alibagh,2026-07-06,4250.0,4250.0,4250.0,4250.0,4253.32,4152.15,4291.01,3.32,0.0,0.0,1,138.86
rice,APMC Alibagh,2026-07-07,4250.0,4250.0,4250.0,4250.0,4252.62,4128.3,4293.37,2.62,0.0,0.0,1,165.07
rice,APMC Alibagh,2026-07-08,4250.0,4250.0,4250.0,4250.0,4252.99,4151.56,4288.87,2.99,0.0,0.0,1,137.31
rice,APMC Alibagh,2026-07-09,4250.0,4250.0,4250.0,4250.0,4255.18,4144.29,4290.87,5.18,0.0,0.0,1,146.58
rice,APMC Alibagh,2026-07-10,4250.0,4250.0,4250.0,4250.0,4255.2,4134.5,4289.2,5.2,0.0,0.0,1,154.7
rice,APMC Alibagh,2026-07-11,4250.0,4250.0,4250.0,4250.0,4252.15,4132.05,4287.95,2.15,0.0,0.0,1,155.9
rice,APMC Alibagh,2026-07-12,4250.0,4250.0,4250.0,4250.0,4250.38,4133.7,4284.64,0.38,0.0,0.0,1,150.94
rice,APMC Alibagh,2026-07-13,4250.0,4250.0,4250.0,4250.0,4259.2,4138.2,4289.69,9.2,0.0,0.0,1,151.49
rice,APMC Alibagh,2026-07-14,4250.0,4250.0,4250.0,4250.0,4248.71,4181.95,4275.23,1.29,0.0,0.0,1,93.27
rice,APMC Alibagh,2026-07-15,4250.0,4250.0,4250.0,4250.0,4242.46,4162.19,4270.75,7.54,0.0,0.0,1,108.56
rice,APMC Alibagh,2026-07-16,4250.0,4250.0,4250.0,4250.0,4248.56,4172.96,4275.82,1.44,0.0,0.0,1,102.86
rice,APMC Alibagh,2026-07-18,4250.0,4250.0,4250.0,4250.0,4249.91,4190.37,4275.04,0.09,0.0,0.0,1,84.67
rice,APMC Alibagh,2026-07-19,4250.0,4250.0,4250.0,4250.0,4250.16,4198.95,4275.33,0.16,0.0,0.0,1,76.38
rice,APMC Alibagh,2026-07-20,4250.0,4250.0,4250.0,4250.0,4247.55,4200.19,4271.72,2.45,0.0,0.0,1,71.53
rice,APMC Alibagh,2026-07-21,4250.0,4250.0,4250.0,4250.0,4247.48,4210.31,4269.62,2.52,0.0,0.0,1,59.3
rice,APMC Alibagh,2026-07-22,4250.0,4250.0,4250.0,4250.0,4243.19,4213.81,4263.58,6.81,0.0,0.0,1,49.77
rice,APMC Alibagh,2026-07-23,4250.0,4250.0,4250.0,4250.0,4242.29,4215.34,4262.5,7.71,0.0,0.0,1,47.16
rice,APMC Alibagh,2026-07-24,4250.0,4250.0,4250.0,4250.0,4244.66,4209.43,4265.79,5.34,0.0,0.0,1,56.36
rice,APMC Alibagh,2026-07-25,4250.0,4250.0,4250.0,4250.0,4243.22,4210.16,4263.58,6.78,0.0,0.0,1,53.43
rice,APMC Alibagh,2026-07-26,4250.0,4250.0,4250.0,4250.0,4246.7,4215.82,4266.27,3.3,0.0,0.0,1,50.45
rice,APMC Alibagh,2026-07-27,4250.0,4250.0,4250.0,4250.0,4247.33,4213.3,4266.53,2.67,0.0,0.0,1,53.22
rice,APMC Alibagh,2026-07-28,4250.0,4250.0,4250.0,4250.0,4244.63,4197.17,4263.73,5.37,0.0,0.0,1,66.56
rice,APMC Alibagh,2026-07-29,4250.0,4250.0,4250.0,4250.0,4244.18,4213.46,4261.64,5.82,0.0,0.0,1,48.18
rice,APMC Alibagh,2026-07-30,4250.0,4250.0,4250.0,4250.0,4244.42,4213.2,4262.97,5.58,0.0,0.0,1,49.76
rice,APMC Alibagh,2026-07-31,4250.0,4250.0,4250.0,4250.0,4245.62,4206.72,4264.47,4.38,0.0,0.0,1,57.75
rice,APMC Alibagh,2026-08-01,4250.0,4250.0,4250.0,4250.0,4245.26,4174.48,4263.06,4.74,0.0,0.0,1,88.58
rice,APMC Alibagh,2026-08-02,4250.0,4250.0,4250.0,4250.0,4240.91,4204.15,4259.32,9.09,0.0,0.0,1,55.17
rice,APMC Alibagh,2026-08-03,4250.0,4250.0,4250.0,4250.0,4240.98,4219.45,4258.11,9.02,0.0,0.0,1,38.66
rice,APMC Alibagh,2026-08-04,4250.0,4250.0,4250.0,4250.0,4241.79,4219.37,4259.52,8.21,0.0,0.0,1,40.15
rice,APMC Alibagh,2026-08-05,4250.0,4250.0,4250.0,4250.0,4240.21,4219.33,4257.94,9.79,0.0,0.0,1,38.61
rice,APMC Alibagh,2026-08-06,4250.0,4250.0,4250.0,4250.0,4241.02,4222.1,4258.3,8.98,0.0,0.0,1,36.2
rice,APMC Alibagh,2026-08-07,4250.0,4250.0,4250.0,4250.0,4240.35,4223.68,4257.44,9.65,0.0,0.0,1,33.76
rice,APMC Alibagh,2026-08-08,4250.0,4250.0,4250.0,4250.0,4241.2,4228.8,4258.56,8.8,0.0,0.0,1,29.76
rice,APMC Alibagh,2026-08-09,4250.0,4250.0,4250.0,4250.0,4243.28,4232.26,4259.34,6.72,0.0,0.0,1,27.08
rice,APMC Alibagh,2026-08-10,4250.0,4250.0,4250.0,4250.0,4241.57,4229.17,4258.06,8.43,0.0,0.0,1,28.89
rice,APMC Alibagh,2026-08-11,4250.0,4250.0,4250.0,4250.0,4241.96,4231.2,4257.55,8.04,0.0,0.0,1,26.35
rice,APMC Alibagh,2026-08-12,4250.0,4250.0,4250.0,4250.0,4242.63,4230.54,4257.08,7.37,0.0,0.0,1,26.54
rice,APMC Alibagh,2026-08-13,4250.0,4250.0,4250.0,4250.0,4243.44,4228.75,4257.06,6.56,0.0,0.0,1,28.31
rice,APMC Alibagh,2026-08-14,4250.0,4250.0,4250.0,4250.0,4243.73,4233.31,4257.94,6.27,0.0,0.0,1,24.63
rice,APMC Alibagh,2026-08-15,4250.0,4250.0,4250.0,4250.0,4242.74,4233.81,4255.61,7.26,0.0,0.0,1,21.8
rice,APMC Alibagh,2026-08-16,4250.0,4250.0,4250.0,4250.0,4244.22,4238.28,4254.29,5.78,0.0,0.0,1,16.01
rice,APMC Alibagh,2026-08-17,4250.0,4250.0,4250.0,4250.0,4243.34,4237.31,4252.81,6.66,0.0,0.0,1,15.5
rice,APMC Alibagh,2026-08-18,4250.0,4250.0,4250.0,4250.0,4244.28,4239.01,4253.98,5.72,0.0,0.0,1,14.97
rice,APMC Alibagh,2026-08-19,4250.0,4250.0,4250.0,4250.0,4244.76,4241.01,4253.81,5.24,0.0,0.0,1,12.8
rice,APMC Alibagh,2026-08-20,4250.0,4250.0,4250.0,4250.0,4245.28,4242.56,4254.85,4.72,0.0,0.0,1,12.29
rice,APMC Alibagh,2026-08-21,4250.0,4250.0,4250.0,4250.0,4246.35,4245.3,4255.71,3.65,0.0,0.0,1,10.42
rice,APMC Alibagh,2026-08-22,4250.0,4250.0,4250.0,4250.0,4246.51,4246.62,4253.88,3.49,0.0,0.0,1,7.26
rice,APMC Alibagh,2026-08-23,4250.0,4250.0,4250.0,4250.0,4245.52,4244.98,4255.24,4.48,0.0,0.0,1,10.25
rice,APMC Alibagh,2026-08-24,4250.0,4250.0,4250.0,4250.0,4246.17,4245.62,4255.22,3.83,0.0,0.0,1,9.6
rice,APMC Alibagh,2026-08-25,4250.0,4250.0,4250.0,4250.0,4246.55,4247.32,4253.3,3.45,0.0,0.0,1,5.97
rice,APMC Alibagh,2026-08-26,4250.0,4250.0,4250.0,4250.0,4246.16,4247.27,4252.84,3.84,0.0,0.0,1,5.57
rice,APMC Alibagh,2026-08-27,4250.0,4250.0,4250.0,4250.0,4246.77,4247.14,4252.62,3.23,0.0,0.0,1,5.47
rice,APMC Alibagh,2026-08-28,4250.0,4250.0,4250.0,4250.0,4247.18,4248.46,4252.52,2.82,0.0,0.0,1,4.06
rice,APMC Alibagh,2026-08-29,4250.0,4250.0,4250.0,4250.0,4247.39,4247.71,4251.9,2.61,0.0,0.0,1,4.2
rice,APMC Alibagh,2026-08-30,4250.0,4250.0,4250.0,4250.0,4248.37,4249.09,4252.34,1.63,0.0,0.0,1,3.25
rice,APMC Alibagh,2026-08-31,4250.0,4250.0,4250.0,4250.0,4248.28,4248.88,4252.56,1.72,0.0,0.0,1,3.68
rice,APMC Murud,2026-05-12,2600.0,2600.0,2600.0,2600.0,2600.0,2600.0,2600.0,0.0,0.0,0.0,1,0.0
rice,APMC Murud,2026-05-13,2600.0,2600.0,2600.0,2600.0,2600.0,2600.0,2600.0,0.0,0.0,0.0,1,0.0
rice,APMC Murud,2026-05-14,2600.0,2600.0,2600.0,2600.0,2600.0,2600.0,2600.0,0.0,0.0,0.0,1,0.0
rice,APMC Murud,2026-05-15,2600.0,2600.0,2600.0,2600.0,2600.0,2600.0,2600.0,0.0,0.0,0.0,1,0.0
rice,APMC Murud,2026-05-16,2600.0,2600.0,2600.0,2600.0,2600.0,2600.0,2600.0,0.0,0.0,0.0,1,0.0
rice,APMC Murud,2026-05-17,2600.0,2600.0,2600.0,2600.0,2600.0,2600.0,2600.0,0.0,0.0,0.0,1,0.0
rice,APMC Murud,2026-05-18,2600.0,2600.0,2600.0,2600.0,2600.0,2600.0,2600.0,0.0,0.0,0.0,1,0.0
rice,APMC Murud,2026-05-19,2600.0,2600.0,2600.0,2600.0,2600.0,2600.0,2600.0,0.0,0.0,0.0,1,0.0
rice,APMC Murud,2026-05-20,2600.0,2600.0,2600.0,2600.0,2600.0,2600.0,2600.0,0.0,0.0,0.0,1,0.0
rice,APMC Murud,2026-05-21,2600.0,2600.0,2600.0,2600.0,2600.0,2600.0,2600.0,0.0,0.0,0.0,1,0.0
rice,APMC Murud,2026-05-22,2600.0,2600.0,2600.0,2600.0,2600.0,2600.0,2600.0,0.0,0.0,0.0,1,0.0
rice,APMC Murud,2026-05-23,2600.0,2600.0,2600.0,2600.0,2600.0,2600.0,2600.0,0.0,0.0,0.0,1,0.0
rice,APMC Murud,2026-05-24,2600.0,2600.0,2600.0,2600.0,2600.0,2600.0,2600.0,0.0,0.0,0.0,1,0.0
rice,APMC Murud,2026-05-25,2600.0,2600.0,2600.0,2600.0,2600.0,2600.0,2600.0,0.0,0.0,0.0,1,0.0
rice,APMC Murud,2026-05-26,2600.0,2600.0,2600.0,2600.0,2600.0,2600.0,2600.0,0.0,0.0,0.0,1,0.0
rice,APMC Murud,2026-05-27,2600.0,2600.0,2600.0,2600.0,2600.0,2600.0,2600.0,0.0,0.0,0.0,1,0.0
rice,APMC Murud,2026-05-28,2600.0,2600.0,2600.0,2600.0,2600.0,2600.0,2600.0,0.0,0.0,0.0,1,0.0
rice,APMC Murud,2026-05-29,2600.0,2600.0,2600.0,2600.0,2600.0,2600.0,2600.0,0.0,0.0,0.0,1,0.0
rice,APMC Murud,2026-05-30,2600.0,2600.0,2600.0,2600.0,2600.0,2600.0,2600.0,0.0,0.0,0.0,1,0.0
rice,APMC Murud,2026-05-31,2600.0,2600.0,2600.0,2600.0,2600.0,2600.0,2600.0,0.0,0.0,0.0,1,0.0
rice,APMC Murud,2026-06-01,2600.0,2600.0,2600.0,2600.0,2600.0,2600.0,2600.0,0.0,0.0,0.0,1,0.0
rice,APMC Murud,2026-06-02,2600.0,2600.0,2600.0,2600.0,2600.0,2600.0,2600.0,0.0,0.0,0.0,1,0.0
rice,APMC Murud,2026-06-03,2600.0,2600.0,2600.0,2600.0,2600.0,2600.0,2600.0,0.0,0.0,0.0,1,0.0
rice,APMC Murud,2026-06-04,2600.0,2600.0,2600.0,2600.0,2600.0,2600.0,2600.0,0.0,0.0,0.0,1,0.0
rice,APMC Murud,2026-06-05,2600.0,2600.0,2600.0,2600.0,2600.0,2600.0,2600.0,0.0,0.0,0.0,1,0.0
rice,APMC Murud,2026-06-06,2600.0,2600.0,2600.0,2600.0,2600.0,2600.0,2600.0,0.0,0.0,0.0,1,0.0
rice,APMC Murud,2026-06-07,2600.0,2600.0,2600.0,2600.0,2600.0,2600.0,2600.0,0.0,0.0,0.0,1,0.0
rice,APMC Murud,2026-06-08,2600.0,2600.0,2600.0,2600.0,2600.0,2600.0,2600.0,0.0,0.0,0.0,1,0.0
rice,APMC Murud,2026-06-09,2600.0,4250.0,2600.0,2600.0,2600.0,2600.0,2600.0,1650.0,1650.0,1650.0,0,0.0
rice,APMC Murud,2026-06-10,2600.0,4250.0,2600.0,2600.0,2600.0,2600.0,2600.0,1650.0,1650.0,1650.0,0,0.0
rice,APMC Murud,2026-06-11,2600.0,4250.0,2600.0,2600.0,2600.0,2600.0,2600.0,1650.0,1650.0,1650.0,0,0.0
rice,APMC Murud,2026-06-12,4250.0,4250.0,4250.0,2835.714285714286,2642.6,2592.18,18160.06,1607.4,0.0,1414.29,1,15567.89
rice,APMC Murud,2026-06-13,4250.0,4250.0,4250.0,3071.4285714285716,4363.9,2626.27,6661.48,113.9,0.0,1178.57,1,4035.21
rice,APMC Murud,2026-06-14,4250.0,4250.0,4250.0,3307.1428571428573,4245.47,3065.91,4778.95,4.53,0.0,942.86,1,1713.03
rice,APMC Murud,2026-06-15,4250.0,4250.0,4250.0,3542.8571428571427,4252.67,3484.01,4511.19,2.67,0.0,707.14,1,1027.18
rice,APMC Murud,2026-06-16,4250.0,4250.0,4250.0,3778.571428571429,4239.22,3501.61,4422.58,10.78,0.0,471.43,1,920.97
rice,APMC Murud,2026-06-17,4250.0,4250.0,4250.0,4014.285714285714,4258.21,3634.25,4419.98,8.21,0.0,235.71,1,785.73
rice,APMC Murud,2026-06-18,4250.0,4250.0,4250.0,4250.0,4271.52,3811.82,4399.41,21.52,0.0,0.0,1,587.59
rice,APMC Murud,2026-06-19,4250.0,4250.0,4250.0,4250.0,4252.38,3840.28,4371.36,2.38,0.0,0.0,1,531.08
rice,APMC Murud,2026-06-20,4250.0,4250.0,4250.0,4250.0,4244.22,3855.53,4335.64,5.78,0.0,0.0,1,480.11
rice,APMC Murud,2026-06-21,4250.0,4250.0,4250.0,4250.0,4256.37,3835.94,4341.04,6.37,0.0,0.0,1,505.1
rice,APMC Murud,2026-06-22,4250.0,4250.0,4250.0,4250.0,4240.32,3838.17,4313.78,9.68,0.0,0.0,1,475.61
rice,APMC Murud,2026-06-23,4250.0,4250.0,4250.0,4250.0,4223.62,3728.39,4294.15,26.38,0.0,0.0,1,565.76
rice,APMC Murud,2026-06-24,4250.0,4250.0,4250.0,4250.0,4227.44,3812.54,4292.49,22.56,0.0,0.0,1,479.95
rice,APMC Murud,2026-06-25,4250.0,4250.0,4250.0,4250.0,4237.57,3855.72,4302.45,12.43,0.0,0.0,1,446.73
rice,APMC Murud,2026-06-26,4250.0,4250.0,4250.0,4250.0,4236.81,3890.15,4294.18,13.19,0.0,0.0,1,404.03
rice,APMC Murud,2026-06-27,4250.0,4250.0,4250.0,4250.0,4236.29,4000.89,4288.58,13.71,0.0,0.0,1,287.69
rice,APMC Murud,2026-06-28,4250.0,4250.0,4250.0,4250.0,4244.65,3998.28,4293.58,5.35,0.0,0.0,1,295.3
rice,APMC Murud,2026-06-29,4250.0,4250.0,4250.0,4250.0,4242.96,4016.16,4288.5,7.04,0.0,0.0,1,272.34
rice,APMC Murud,2026-06-30,4250.0,4250.0,4250.0,4250.0,4250.95,4060.84,4298.95,0.95,0.0,0.0,1,238.11
rice,APMC Murud,2026-07-01,4250.0,4250.0,4250.0,4250.0,4253.77,4084.34,4300.39,3.77,0.0,0.0,1,216.05
rice,APMC Murud,2026-07-02,4250.0,4250.0,4250.0,4250.0,4259.33,4119.95,4305.85,9.33,0.0,0.0,1,185.9
rice,APMC Murud,2026-07-03,4250.0,4250.0,4250.0,4250.0,4253.3,4116.3,4301.43,3.3,0.0,0.0,1,185.13
rice,APMC Murud,2026-07-04,4250.0,4250.0,4250.0,4250.0,4255.35,4127.21,4301.9,5.35,0.0,0.0,1,174.69
rice,APMC Murud,2026-07-05,4250.0,4250.0,4250.0,4250.0,4253.56,4134.44,4296.64,3.56,0.0,0.0,1,162.2
rice,APMC Murud,2026-07-06,4250.0,4250.0,4250.0,4250.0,4253.32,4152.15,4291.01,3.32,0.0,0.0,1,138.86
rice,APMC Murud,2026-07-07,4250.0,4250.0,4250.0,4250.0,4252.62,4128.3,4293.37,2.62,0.0,0.0,1,165.07
rice,APMC Murud,2026-07-08,4250.0,4250.0,4250.0,4250.0,4252.99,4151.56,4288.87,2.99,0.0,0.0,1,137.31
rice,APMC Murud,2026-07-09,4250.0,4250.0,4250.0,4250.0,4255.18,4144.29,4290.87,5.18,0.0,0.0,1,146.58
rice,APMC Murud,2026-07-10,4250.0,4250.0,4250.0,4250.0,4255.2,4134.5,4289.2,5.2,0.0,0.0,1,154.7
rice,APMC Murud,2026-07-11,4250.0,4250.0,4250.0,4250.0,4252.15,4132.05,4287.95,2.15,0.0,0.0,1,155.9
rice,APMC Murud,2026-07-12,4250.0,4250.0,4250.0,4250.0,4250.38,4133.7,4284.64,0.38,0.0,0.0,1,150.94
rice,APMC Murud,2026-07-13,4250.0,4250.0,4250.0,4250.0,4259.2,4138.2,4289.69,9.2,0.0,0.0,1,151.49
rice,APMC Murud,2026-07-14,4250.0,4250.0,4250.0,4250.0,4248.71,4181.95,4275.23,1.29,0.0,0.0,1,93.27
rice,APMC Murud,2026-07-15,4250.0,4250.0,4250.0,4250.0,4242.46,4162.19,4270.75,7.54,0.0,0.0,1,108.56
rice,APMC Murud,2026-07-16,4250.0,4250.0,4250.0,4250.0,4248.56,4172.96,4275.82,1.44,0.0,0.0,1,102.86
rice,APMC Murud,2026-07-18,4250.0,4250.0,4250.0,4250.0,4249.91,4190.37,4275.04,0.09,0.0,0.0,1,84.67
rice,APMC Murud,2026-07-19,4250.0,4250.0,4250.0,4250.0,4250.16,4198.95,4275.33,0.16,0.0,0.0,1,76.38
rice,APMC Murud,2026-07-20,4250.0,4250.0,4250.0,4250.0,4247.55,4200.19,4271.72,2.45,0.0,0.0,1,71.53
rice,APMC Murud,2026-07-21,4250.0,4250.0,4250.0,4250.0,4247.48,4210.31,4269.62,2.52,0.0,0.0,1,59.3
rice,APMC Murud,2026-07-22,4250.0,4250.0,4250.0,4250.0,4243.19,4213.81,4263.58,6.81,0.0,0.0,1,49.77
rice,APMC Murud,2026-07-23,4250.0,4250.0,4250.0,4250.0,4242.29,4215.34,4262.5,7.71,0.0,0.0,1,47.16
rice,APMC Murud,2026-07-24,4250.0,4250.0,4250.0,4250.0,4244.66,4209.43,4265.79,5.34,0.0,0.0,1,56.36
rice,APMC Murud,2026-07-25,4250.0,4250.0,4250.0,4250.0,4243.22,4210.16,4263.58,6.78,0.0,0.0,1,53.43
rice,APMC Murud,2026-07-26,4250.0,4250.0,4250.0,4250.0,4246.7,4215.82,4266.27,3.3,0.0,0.0,1,50.45
rice,APMC Murud,2026-07-27,4250.0,4250.0,4250.0,4250.0,4247.33,4213.3,4266.53,2.67,0.0,0.0,1,53.22
rice,APMC Murud,2026-07-28,4250.0,4250.0,4250.0,4250.0,4244.63,4197.17,4263.73,5.37,0.0,0.0,1,66.56
rice,APMC Murud,2026-07-29,4250.0,4250.0,4250.0,4250.0,4244.18,4213.46,4261.64,5.82,0.0,0.0,1,48.18
rice,APMC Murud,2026-07-30,4250.0,4250.0,4250.0,4250.0,4244.42,4213.2,4262.97,5.58,0.0,0.0,1,49.76
rice,APMC Murud,2026-07-31,4250.0,4250.0,4250.0,4250.0,4245.62,4206.72,4264.47,4.38,0.0,0.0,1,57.75
rice,APMC Murud,2026-08-01,4250.0,4250.0,4250.0,4250.0,4245.26,4174.48,4263.06,4.74,0.0,0.0,1,88.58
rice,APMC Murud,2026-08-02,4250.0,4250.0,4250.0,4250.0,4240.91,4204.15,4259.32,9.09,0.0,0.0,1,55.17
rice,APMC Murud,2026-08-03,4250.0,4250.0,4250.0,4250.0,4240.98,4219.45,4258.11,9.02,0.0,0.0,1,38.66
rice,APMC Murud,2026-08-04,4250.0,4250.0,4250.0,4250.0,4241.79,4219.37,4259.52,8.21,0.0,0.0,1,40.15
rice,APMC Murud,2026-08-05,4250.0,4250.0,4250.0,4250.0,4240.21,4219.33,4257.94,9.79,0.0,0.0,1,38.61
rice,APMC Murud,2026-08-06,4250.0,4250.0,4250.0,4250.0,4241.02,4222.1,4258.3,8.98,0.0,0.0,1,36.2
rice,APMC Murud,2026-08-07,4250.0,4250.0,4250.0,4250.0,4240.35,4223.68,4257.44,9.65,0.0,0.0,1,33.76
rice,APMC Murud,2026-08-08,4250.0,4250.0,4250.0,4250.0,4241.2,4228.8,4258.56,8.8,0.0,0.0,1,29.76
rice,APMC Murud,2026-08-09,4250.0,4250.0,4250.0,4250.0,4243.28,4232.26,4259.34,6.72,0.0,0.0,1,27.08
rice,APMC Murud,2026-08-10,4250.0,4250.0,4250.0,4250.0,4241.57,4229.17,4258.06,8.43,0.0,0.0,1,28.89
rice,APMC Murud,2026-08-11,4250.0,4250.0,4250.0,4250.0,4241.96,4231.2,4257.55,8.04,0.0,0.0,1,26.35
rice,APMC Murud,2026-08-12,4250.0,4250.0,4250.0,4250.0,4242.63,4230.54,4257.08,7.37,0.0,0.0,1,26.54
rice,APMC Murud,2026-08-13,4250.0,4250.0,4250.0,4250.0,4243.44,4228.75,4257.06,6.56,0.0,0.0,1,28.31
rice,APMC Murud,2026-08-14,4250.0,4250.0,4250.0,4250.0,4243.73,4233.31,4257.94,6.27,0.0,0.0,1,24.63
rice,APMC Murud,2026-08-15,4250.0,4250.0,4250.0,4250.0,4242.74,4233.81,4255.61,7.26,0.0,0.0,1,21.8
rice,APMC Murud,2026-08-16,4250.0,4250.0,4250.0,4250.0,4244.22,4238.28,4254.29,5.78,0.0,0.0,1,16.01
rice,APMC Murud,2026-08-17,4250.0,4250.0,4250.0,4250.0,4243.34,4237.31,4252.81,6.66,0.0,0.0,1,15.5
rice,APMC Murud,2026-08-18,4250.0,4250.0,4250.0,4250.0,4244.28,4239.01,4253.98,5.72,0.0,0.0,1,14.97
rice,APMC Murud,2026-08-19,4250.0,4250.0,4250.0,4250.0,4244.76,4241.01,4253.81,5.24,0.0,0.0,1,12.8
rice,APMC Murud,2026-08-20,4250.0,4250.0,4250.0,4250.0,4245.28,4242.56,4254.85,4.72,0.0,0.0,1,12.29
rice,APMC Murud,2026-08-21,4250.0,4250.0,4250.0,4250.0,4246.35,4245.3,4255.71,3.65,0.0,0.0,1,10.42
rice,APMC Murud,2026-08-22,4250.0,4250.0,4250.0,4250.0,4246.51,4246.62,4253.88,3.49,0.0,0.0,1,7.26
rice,APMC Murud,2026-08-23,4250.0,4250.0,4250.0,4250.0,4245.52,4244.98,4255.24,4.48,0.0,0.0,1,10.25
rice,APMC Murud,2026-08-24,4250.0,4250.0,4250.0,4250.0,4246.17,4245.62,4255.22,3.83,0.0,0.0,1,9.6
rice,APMC Murud,2026-08-25,4250.0,4250.0,4250.0,4250.0,4246.55,4247.32,4253.3,3.45,0.0,0.0,1,5.97
rice,APMC Murud,2026-08-26,4250.0,4250.0,4250.0,4250.0,4246.16,4247.27,4252.84,3.84,0.0,0.0,1,5.57
rice,APMC Murud,2026-08-27,4250.0,4250.0,4250.0,4250.0,4246.77,4247.14,4252.62,3.23,0.0,0.0,1,5.47
rice,APMC Murud,2026-08-28,4250.0,4250.0,4250.0,4250.0,4247.18,4248.46,4252.52,2.82,0.0,0.0,1,4.06
rice,APMC Murud,2026-08-29,4250.0,4250.0,4250.0,4250.0,4247.39,4247.71,4251.9,2.61,0.0,0.0,1,4.2
rice,APMC Murud,2026-08-30,4250.0,4250.0,4250.0,4250.0,4248.37,4249.09,4252.34,1.63,0.0,0.0,1,3.25
rice,APMC Murud,2026-08-31,4250.0,4250.0,4250.0,4250.0,4248.28,4248.88,4252.56,1.72,0.0,0.0,1,3.68
rice,APMC Palghar,2026-05-12,4600.0,4125.0,4600.0,4636.142857142857,4529.66,4154.46,4970.71,404.66,475.0,511.14,0,816.25
rice,APMC Palghar,2026-05-13,4550.0,4500.0,4550.0,4607.571428571428,4433.05,4093.92,4840.49,66.95,50.0,107.57,1,746.57
rice,APMC Palghar,2026-05-14,4305.0,4500.0,4305.0,4529.571428571428,4219.91,3929.82,4609.52,280.09,195.0,29.57,1,679.7
rice,APMC Palghar,2026-05-15,4125.0,4550.0,4125.0,4433.0,4068.8,3826.03,4385.73,481.2,425.0,117.0,0,559.69
rice,APMC Palghar,2026-05-16,4500.0,4350.0,4500.0,4418.571428571428,4304.74,3985.01,4753.59,45.26,150.0,68.57,1,768.58
rice,APMC Palghar,2026-05-17,4500.0,4305.0,4500.0,4432.857142857143,4360.79,4007.56,4789.75,55.79,195.0,127.86,1,782.19
rice,APMC Palghar,2026-05-18,4550.0,4275.0,4550.0,4447.142857142857,4403.46,4037.23,4829.13,128.46,275.0,172.14,1,791.9
rice,APMC Palghar,2026-05-19,4350.0,4400.0,4350.0,4411.428571428572,4297.31,3990.83,4701.5,102.69,50.0,11.43,1,710.68
rice,APMC Palghar,2026-05-20,4305.0,4550.0,4305.0,4376.428571428572,4324.36,3987.58,4724.62,225.64,245.0,173.57,1,737.04
rice,APMC Palghar,2026-05-21,4275.0,4575.0,4275.0,4372.142857142857,4308.38,3988.7,4710.1,266.62,300.0,202.86,1,721.4
rice,APMC Palghar,2026-05-22,4400.0,4725.0,4400.0,4411.428571428572,4453.87,4105.92,4881.1,271.13,325.0,313.57,1,775.18
rice,APMC Palghar,2026-05-24,4550.0,4601.0,4550.0,4418.571428571428,4561.72,4185.91,5022.59,39.28,51.0,182.43,1,836.68
rice,APMC Palghar,2026-05-25,4575.0,4851.0,4575.0,4429.285714285715,4650.54,4232.97,5121.17,200.46,276.0,421.71,1,888.2
rice,APMC Palghar,2026-05-26,4725.0,4901.0,4725.0,4454.285714285715,4763.65,4343.26,5245.44,137.35,176.0,446.71,1,902.18
rice,APMC Palghar,2026-05-27,4601.0,4850.0,4601.0,4490.142857142857,4722.22,4337.67,5170.93,127.78,249.0,359.86,1,833.26
rice,APMC Palghar,2026-05-28,4851.0,4600.0,4851.0,4568.142857142857,4876.69,4470.99,5325.86,276.69,251.0,31.86,1,854.87
rice,APMC Palghar,2026-05-29,4901.0,4700.0,4901.0,4657.571428571428,4925.83,4492.17,5375.1,225.83,201.0,42.43,1,882.93
rice,APMC Palghar,2026-05-30,4850.0,4901.0,4850.0,4721.857142857143,4839.26,4436.18,5263.75,61.74,51.0,179.14,1,827.57
rice,APMC Palghar,2026-05-31,4600.0,4550.0,4600.0,4729.0,4688.65,4316.93,5114.35,138.65,50.0,179.0,1,797.42
rice,APMC Palghar,2026-06-01,4700.0,4600.0,4700.0,4746.857142857143,4700.35,4358.7,5100.69,100.35,100.0,146.86,1,741.99
rice,APMC Palghar,2026-06-02,4901.0,4825.0,4901.0,4772.0,4792.87,4398.68,5252.35,32.13,76.0,53.0,1,853.67
rice,APMC Palghar,2026-06-03,4550.0,4851.0,4550.0,4764.714285714285,4596.37,4253.22,5007.2,254.63,301.0,86.29,1,753.98
rice,APMC Palghar,2026-06-04,4600.0,4540.0,4600.0,4728.857142857143,4596.97,4275.55,4978.95,56.97,60.0,188.86,1,703.4
rice,APMC Palghar,2026-06-05,4825.0,4500.0,4825.0,4718.0,4640.89,4289.95,5053.47,140.89,325.0,218.0,1,763.52
rice,APMC Palghar,2026-06-06,4851.0,4035.0,4851.0,4718.142857142857,4647.7,4287.45,5048.76,612.7,816.0,683.14,0,761.31
rice,APMC Palghar,2026-06-07,4540.0,4305.0,4540.0,4709.571428571428,4501.1,4172.33,4852.1,196.1,235.0,404.57,1,679.76
rice,APMC Palghar,2026-06-08,4500.0,4295.0,4500.0,4681.0,4496.97,4182.72,4825.6,201.97,205.0,386.0,1,642.88
rice,APMC Palghar,2026-06-09,4035.0,4400.0,4035.0,4557.285714285715,4122.57,3860.07,4466.74,277.43,365.0,157.29,1,606.67
rice,APMC Palghar,2026-06-10,4305.0,4450.0,4305.0,4522.285714285715,4307.67,3989.56,4686.71,142.33,145.0,72.29,1,697.15
rice,APMC Palghar,2026-06-11,4295.0,4600.0,4295.0,4478.714285714285,4232.25,3976.75,4547.58,367.75,305.0,121.29,0,570.82
rice,APMC Palghar,2026-06-12,4400.0,4550.0,4400.0,4418.0,4263.98,4019.82,4566.05,286.02,150.0,132.0,1,546.23
rice,APMC Palghar,2026-06-13,4450.0,4700.0,4450.0,4360.714285714285,4334.51,4058.97,4675.39,365.49,250.0,339.29,0,616.42
rice,APMC Palghar,2026-06-14,4600.0,4605.0,4600.0,4369.285714285715,4531.74,4191.8,4921.29,73.26,5.0,235.71,1,729.49
rice,APMC Palghar,2026-06-15,4550.0,4851.0,4550.0,4376.428571428572,4583.94,4248.83,4952.81,267.06,301.0,474.57,1,703.98
rice,APMC Palghar,2026-06-16,4700.0,4545.0,4700.0,4471.428571428572,4724.05,4364.72,5155.61,179.05,155.0,73.57,1,790.9
rice,APMC Palghar,2026-06-17,4605.0,4601.0,4605.0,4514.285714285715,4717.87,4383.29,5126.84,116.87,4.0,86.71,1,743.55
rice,APMC Palghar,2026-06-18,4851.0,4540.0,4851.0,4593.714285714285,4914.54,4527.75,5312.09,374.54,311.0,53.71,1,784.34
rice,APMC Palghar,2026-06-19,4545.0,4450.0,4545.0,4614.428571428572,4689.05,4360.44,5086.36,239.05,95.0,164.43,1,725.92
rice,APMC Palghar,2026-06-20,4601.0,4575.0,4601.0,4636.0,4648.29,4331.55,5016.11,73.29,26.0,61.0,1,684.56
rice,APMC Palghar,2026-06-21,4540.0,4350.0,4540.0,4627.428571428572,4628.36,4333.87,4958.66,278.36,190.0,277.43,1,624.79
rice,APMC Palghar,2026-06-22,4450.0,4295.0,4450.0,4613.142857142857,4578.04,4275.44,4910.55,283.04,155.0,318.14,1,635.11
rice,APMC Palghar,2026-06-23,4575.0,4650.0,4575.0,4595.285714285715,4611.56,4320.56,4941.03,38.44,75.0,54.71,1,620.47
rice,APMC Palghar,2026-06-24,4350.0,4550.0,4350.0,4558.857142857143,4484.05,4200.51,4801.72,65.95,200.0,8.86,1,601.2
rice,APMC Palghar,2026-06-25,4295.0,4601.0,4295.0,4479.428571428572,4426.65,4149.84,4742.06,174.35,306.0,121.57,1,592.22
rice,APMC Palghar,2026-06-28,4650.0,4305.0,4650.0,4494.428571428572,4605.14,4294.27,4936.51,300.14,345.0,189.43,1,642.24
rice,APMC Palghar,2026-06-29,4550.0,4500.0,4550.0,4487.142857142857,4525.68,4244.39,4813.55,25.68,50.0,12.86,1,569.16
rice,APMC Palghar,2026-06-30,4601.0,4551.0,4601.0,4495.857142857143,4514.43,4233.72,4816.8,36.57,50.0,55.14,1,583.08
rice,APMC Palghar,2026-07-01,4305.0,4540.0,4305.0,4475.142857142857,4319.02,4037.7,4648.43,220.98,235.0,64.86,1,610.73
rice,APMC Palghar,2026-07-02,4500.0,4350.0,4500.0,4464.428571428572,4343.92,4085.77,4665.1,6.08,150.0,114.43,1,579.33
rice,APMC Palghar,2026-07-03,4551.0,4275.0,4551.0,4493.142857142857,4394.08,4114.13,4705.23,119.08,276.0,218.14,1,591.1
rice,APMC Palghar,2026-07-04,4540.0,4350.0,4540.0,4528.142857142857,4411.52,4158.97,4700.95,61.52,190.0,178.14,1,541.98
rice,APMC Palghar,2026-07-05,4350.0,4400.0,4350.0,4485.285714285715,4408.63,4185.65,4651.0,8.63,50.0,85.29,1,465.35
rice,APMC Palghar,2026-07-06,4275.0,4450.0,4275.0,4446.0,4372.49,4176.12,4575.18,77.51,175.0,4.0,1,399.07
rice,APMC Palghar,2026-07-07,4350.0,4575.0,4350.0,4410.142857142857,4431.54,4230.46,4642.4,143.46,225.0,164.86,1,411.94
rice,APMC Palghar,2026-07-08,4400.0,4600.0,4400.0,4423.714285714285,4493.64,4279.91,4722.61,106.36,200.0,176.29,1,442.7
rice,APMC Palghar,2026-07-09,4450.0,4605.0,4450.0,4416.571428571428,4556.93,4327.12,4807.08,48.07,155.0,188.43,1,479.96
rice,APMC Palghar,2026-07-10,4575.0,4850.0,4575.0,4420.0,4654.32,4407.21,4923.03,195.68,275.0,430.0,1,515.82
rice,APMC Palghar,2026-07-12,4600.0,5275.0,4600.0,4428.571428571428,4645.1,4416.65,4902.6,629.9,675.0,846.43,0,485.96
rice,APMC Palghar,2026-07-13,4605.0,5151.0,4605.0,4465.0,4607.13,4381.66,4842.58,543.87,546.0,686.0,0,460.91
rice,APMC Palghar,2026-07-14,4850.0,5250.0,4850.0,4547.142857142857,4677.32,4420.94,4952.38,572.68,400.0,702.86,0,531.44
rice,APMC Palghar,2026-07-15,5275.0,4825.0,5275.0,4679.285714285715,4921.19,4488.8,5470.01,96.19,450.0,145.71,1,981.21
rice,APMC Palghar,2026-07-16,5151.0,4831.0,5151.0,4786.571428571428,4928.15,4521.8,5358.49,97.15,320.0,44.43,1,836.69
rice,APMC Palghar,2026-07-17,5250.0,5001.0,5250.0,4900.857142857143,5106.6,4636.64,5589.28,105.6,249.0,100.14,1,952.64
rice,APMC Palghar,2026-07-18,4825.0,5245.0,4825.0,4936.571428571428,4749.87,4425.71,5120.24,495.13,420.0,308.43,0,694.53
rice,APMC Palghar,2026-07-19,4831.0,5410.0,4831.0,4969.571428571428,4749.34,4434.96,5103.33,660.66,579.0,440.43,0,668.38
rice,APMC Palghar,2026-07-20,5001.0,5320.0,5001.0,5026.142857142857,4897.74,4536.96,5268.16,422.26,319.0,293.86,0,731.2
rice,APMC Palghar,2026-07-21,5245.0,5650.0,5245.0,5082.571428571428,5057.69,4634.15,5526.44,592.31,405.0,567.43,0,892.29
rice,APMC Palghar,2026-07-22,5410.0,5500.0,5410.0,5101.857142857143,5209.55,4722.93,5733.93,290.45,90.0,398.14,1,1011.0
rice,APMC Palghar,2026-07-23,5320.0,5101.0,5320.0,5126.0,5138.1,4706.83,5520.26,37.1,219.0,25.0,1,813.43
rice,APMC Palghar,2026-07-24,5650.0,4950.0,5650.0,5183.142857142857,5389.76,4861.37,5953.02,439.76,700.0,233.14,1,1091.65
rice,APMC Palghar,2026-07-26,5500.0,4700.0,5500.0,5279.571428571428,5258.39,4766.21,5710.73,558.39,800.0,579.57,0,944.52
rice,APMC Palghar,2026-07-27,5101.0,5270.0,5101.0,5318.142857142857,4928.37,4501.84,5377.31,341.63,169.0,48.14,1,875.47
rice,APMC Palghar,2026-07-28,4950.0,5320.0,4950.0,5310.857142857143,4704.72,4365.7,5124.62,615.28,370.0,9.14,0,758.92
rice,APMC Palghar,2026-07-29,4700.0,5410.0,4700.0,5233.0,4528.23,4250.6,4868.99,881.77,710.0,177.0,0,618.39
rice,APMC Palghar,2026-07-30,5270.0,5501.0,5270.0,5213.0,4884.69,4460.63,5403.28,616.31,231.0,288.0,0,942.65
rice,APMC Palghar,2026-07-31,5320.0,5300.0,5320.0,5213.0,5105.69,4602.75,5591.05,194.31,20.0,87.0,1,988.31
rice,APMC Palghar,2026-08-01,5410.0,4950.0,5410.0,5178.714285714285,5243.21,4695.34,5732.41,293.21,460.0,228.71,1,1037.08
rice,APMC Palghar,2026-08-02,5501.0,4700.0,5501.0,5178.857142857143,5367.59,4830.65,5807.29,667.59,801.0,478.86,0,976.64
rice,APMC Palghar,2026-08-03,5300.0,5345.0,5300.0,5207.285714285715,5257.3,4738.7,5672.47,87.7,45.0,137.71,1,933.77
rice,APMC Palghar,2026-08-04,4950.0,5240.0,4950.0,5207.285714285715,5100.03,4589.15,5570.64,139.97,290.0,32.71,1,981.49
rice,APMC Palghar,2026-08-05,4700.0,5270.0,4700.0,5207.285714285715,4939.01,4465.61,5447.9,330.99,570.0,62.71,1,982.29
rice,APMC Palghar,2026-08-06,5345.0,5201.0,5345.0,5218.0,5273.81,4744.67,5742.71,72.81,144.0,17.0,1,998.05
rice,APMC Palghar,2026-08-07,5240.0,4801.0,5240.0,5206.571428571428,5212.33,4740.86,5623.46,411.33,439.0,405.57,1,882.6
rice,APMC Palghar,2026-08-08,5270.0,4700.0,5270.0,5186.571428571428,5196.41,4746.95,5590.49,496.41,570.0,486.57,0,843.54
rice,APMC Palghar,2026-08-09,5201.0,5151.0,5201.0,5143.714285714285,5162.76,4740.58,5515.33,11.76,50.0,7.29,1,774.75
rice,APMC Palghar,2026-08-10,4801.0,4801.0,4801.0,5072.428571428572,4996.67,4550.09,5457.31,195.67,0.0,271.43,1,907.22
rice,APMC Palghar,2026-08-11,4700.0,5275.0,4700.0,5036.714285714285,4929.93,4524.19,5388.92,345.07,575.0,238.29,1,864.73
rice,APMC Palghar,2026-08-12,5151.0,4700.0,5151.0,5101.142857142857,5145.21,4662.88,5610.65,445.21,451.0,401.14,1,947.77
rice,APMC Palghar,2026-08-13,4801.0,4850.0,4801.0,5023.428571428572,4880.53,4454.81,5367.51,30.53,49.0,173.43,1,912.7
rice,APMC Palghar,2026-08-14,5275.0,4500.0,5275.0,5028.428571428572,5083.37,4609.57,5531.09,583.37,775.0,528.43,0,921.52
rice,APMC Palghar,2026-08-16,4700.0,4800.0,4700.0,4947.0,4841.66,4421.8,5324.07,41.66,100.0,147.0,1,902.26
rice,APMC Palghar,2026-08-17,4850.0,4700.0,4850.0,4896.857142857143,4889.75,4474.02,5368.83,189.75,150.0,196.86,1,894.81
rice,APMC Palghar,2026-08-18,4500.0,4400.0,4500.0,4853.857142857143,4671.14,4318.77,5122.71,271.14,100.0,453.86,1,803.93
rice,APMC Palghar,2026-08-19,4800.0,4600.0,4800.0,4868.142857142857,4778.59,4384.1,5261.76,178.59,200.0,268.14,1,877.66
rice,APMC Palghar,2026-08-20,4700.0,4500.0,4700.0,4803.714285714285,4708.15,4360.23,5138.35,208.15,200.0,303.71,1,778.12
rice,APMC Palghar,2026-08-21,4400.0,4700.0,4400.0,4746.428571428572,4525.46,4230.89,4908.89,174.54,300.0,46.43,1,678.0
rice,APMC Palghar,2026-08-23,4600.0,4825.0,4600.0,4650.0,4525.69,4265.22,4881.86,299.31,225.0,175.0,1,616.65
rice,APMC Palghar,2026-08-24,4500.0,4850.0,4500.0,4621.428571428572,4476.67,4242.12,4792.94,373.33,350.0,228.57,0,550.82
rice,APMC Palghar,2026-08-25,4700.0,5151.0,4700.0,4600.0,4588.59,4319.29,4983.03,562.41,451.0,551.0,0,663.75
rice,APMC Palghar,2026-08-26,4825.0,5501.0,4825.0,4646.428571428572,4740.12,4392.86,5193.68,760.88,676.0,854.57,0,800.82
rice,APMC Palghar,2026-08-27,4850.0,4400.0,4850.0,4653.571428571428,4763.54,4410.85,5184.26,363.54,450.0,253.57,0,773.41
rice,APMC Palghar,2026-08-28,5151.0,4500.0,5151.0,4718.0,4965.44,4518.78,5496.75,465.44,651.0,218.0,0,977.97
rice,APMC Palghar,2026-08-29,5501.0,4801.0,5501.0,4875.285714285715,5260.48,4689.12,5855.89,459.48,700.0,74.29,1,1166.77
rice,APMC Palghar,2026-08-30,4400.0,4975.0,4400.0,4846.714285714285,4756.9,4321.59,5331.42,218.1,575.0,128.29,1,1009.84
rice,APMC Palghar,2026-08-31,4500.0,4600.0,4500.0,4846.714285714285,4766.23,4352.57,5324.98,166.23,100.0,246.71,1,972.42
tomato,APMC Kamthi,2026-05-14,2770.0,3310.0,2770.0,2224.285714285714,2356.48,1852.96,2819.47,953.52,540.0,1085.71,0,966.51
tomato,APMC Kamthi,2026-05-15,2770.0,3310.0,2770.0,2294.285714285714,2484.37,1930.16,3047.08,825.63,540.0,1015.71,0,1116.92
tomato,APMC Kamthi,2026-05-16,3770.0,3270.0,3770.0,2364.285714285714,2854.4,1936.1,3838.39,415.6,500.0,905.71,1,1902.29
tomato,APMC Kamthi,2026-05-17,3310.0,3310.0,3310.0,2650.0,2729.35,1915.65,3478.62,580.65,0.0,660.0,1,1562.97
tomato,APMC Kamthi,2026-05-18,3310.0,3270.0,3310.0,2792.8571428571427,3031.36,2164.71,3916.4,238.64,40.0,477.14,1,1751.69
tomato,APMC Kamthi,2026-05-19,3270.0,3270.0,3270.0,2935.714285714286,3091.79,2206.47,3893.41,178.21,0.0,334.29,1,1686.93
tomato,APMC Kamthi,2026-05-20,3310.0,3310.0,3310.0,3072.8571428571427,3167.52,2411.01,3820.58,142.48,0.0,237.14,1,1409.57
tomato,APMC Kamthi,2026-05-21,3270.0,3310.0,3270.0,3215.714285714286,3238.55,2514.38,3905.71,71.45,40.0,94.29,1,1391.33
tomato,APMC Kamthi,2026-05-22,3270.0,3270.0,3270.0,3287.1428571428573,3290.82,2588.47,3939.57,20.82,0.0,17.14,1,1351.1
tomato,APMC Kamthi,2026-05-23,3310.0,3270.0,3310.0,3358.5714285714284,3315.17,2713.13,3821.11,45.17,40.0,88.57,1,1107.99
tomato,APMC Kamthi,2026-05-24,3310.0,3270.0,3310.0,3292.8571428571427,3323.42,2769.61,3792.36,53.42,40.0,22.86,1,1022.75
tomato,APMC Kamthi,2026-05-25,3270.0,2770.0,3270.0,3292.8571428571427,3248.04,2648.73,3719.52,478.04,500.0,522.86,1,1070.8
tomato,APMC Kamthi,2026-05-26,3270.0,3310.0,3270.0,3287.1428571428573,3201.72,2668.61,3632.73,108.28,40.0,22.86,1,964.12
tomato,APMC Kamthi,2026-05-27,3270.0,2770.0,3270.0,3287.1428571428573,3100.55,2576.66,3487.94,330.55,500.0,517.14,1,911.28
tomato,APMC Kamthi,2026-05-29,2770.0,2770.0,2770.0,3281.4285714285716,2698.82,1860.01,3330.52,71.18,0.0,511.43,1,1470.51
tomato,APMC Kamthi,2026-05-30,3310.0,2310.0,3310.0,3210.0,3025.74,2182.62,3603.39,715.74,1000.0,900.0,1,1420.77
tomato,APMC Kamthi,2026-05-31,2770.0,2770.0,2770.0,3215.714285714286,2691.07,1851.69,3351.65,78.93,0.0,445.71,1,1499.97
tomato,APMC Kamthi,2026-06-01,2770.0,2770.0,2770.0,3138.5714285714284,2671.89,1955.42,3258.56,98.11,0.0,368.57,1,1303.14
tomato,APMC Kamthi,2026-06-02,2310.0,2770.0,2310.0,3061.4285714285716,2489.83,1655.13,3163.32,280.17,460.0,291.43,1,1508.19
tomato,APMC Kamthi,2026-06-03,2770.0,2770.0,2770.0,2924.285714285714,2874.38,1967.26,3366.17,104.38,0.0,154.29,1,1398.91
tomato,APMC Kamthi,2026-06-04,2770.0,5310.0,2770.0,2852.8571428571427,2987.56,2273.2,3579.09,2322.44,2540.0,2457.14,0,1305.89
tomato,APMC Kamthi,2026-06-05,2770.0,4320.0,2770.0,2781.4285714285716,3257.7,2543.13,3872.56,1062.3,1550.0,1538.57,0,1329.43
tomato,APMC Kamthi,2026-06-06,2770.0,4300.0,2770.0,2781.4285714285716,3334.81,2538.09,4053.93,965.19,1530.0,1518.57,0,1515.83
tomato,APMC Kamthi,2026-06-07,5310.0,4770.0,5310.0,2704.285714285714,4717.7,3481.01,6070.08,52.3,540.0,2065.71,1,2589.06
tomato,APMC Kamthi,2026-06-08,4320.0,4770.0,4320.0,3067.1428571428573,4449.3,3474.82,5508.21,320.7,450.0,1702.86,1,2033.39
tomato,APMC Kamthi,2026-06-09,4300.0,4810.0,4300.0,3288.5714285714284,4319.11,3426.59,5259.0,490.89,510.0,1521.43,1,1832.4
tomato,APMC Kamthi,2026-06-10,4770.0,4780.0,4770.0,3572.8571428571427,4362.06,3495.77,5168.06,417.94,10.0,1207.14,1,1672.28
tomato,APMC Kamthi,2026-06-11,4770.0,4310.0,4770.0,3858.571428571429,4365.78,3640.82,5030.08,55.78,460.0,451.43,1,1389.26
tomato,APMC Kamthi,2026-06-12,4810.0,4300.0,4810.0,4144.285714285715,4498.15,3802.62,5152.33,198.15,510.0,155.71,1,1349.71
tomato,APMC Kamthi,2026-06-13,4780.0,4320.0,4780.0,4435.714285714285,4584.51,3933.54,5131.33,264.51,460.0,115.71,1,1197.79
tomato,APMC Kamthi,2026-06-14,4310.0,4780.0,4310.0,4722.857142857143,4315.25,3610.46,4944.97,464.75,470.0,57.14,1,1334.51
tomato,APMC Kamthi,2026-06-15,4300.0,4300.0,4300.0,4580.0,4295.67,3655.9,4865.78,4.33,0.0,280.0,1,1209.88
tomato,APMC Kamthi,2026-06-17,4320.0,3770.0,4320.0,4577.142857142857,4348.13,3743.13,4935.99,578.13,550.0,807.14,1,1192.86
tomato,APMC Kamthi,2026-06-18,4780.0,4310.0,4780.0,4580.0,4691.35,4069.7,5276.25,381.35,470.0,270.0,1,1206.55
tomato,APMC Kamthi,2026-06-19,4300.0,4310.0,4300.0,4581.428571428572,4370.47,3726.58,5014.55,60.47,10.0,271.43,1,1287.97
tomato,APMC Kamthi,2026-06-20,3770.0,3770.0,3770.0,4514.285714285715,3918.04,3159.21,4633.86,148.04,0.0,744.29,1,1474.65
tomato,APMC Kamthi,2026-06-21,4310.0,3260.0,4310.0,4365.714285714285,3978.68,3248.52,4660.91,718.68,1050.0,1105.71,1,1412.4
tomato,APMC Kamthi,2026-06-22,4310.0,2770.0,4310.0,4298.571428571428,3935.52,3200.29,4567.94,1165.52,1540.0,1528.57,0,1367.64
tomato,APMC Kamthi,2026-06-23,3770.0,2770.0,3770.0,4298.571428571428,3533.13,2796.48,4244.4,763.13,1000.0,1528.57,0,1447.91
tomato,APMC Kamthi,2026-06-24,3260.0,2770.0,3260.0,4222.857142857143,3029.44,2313.87,3852.39,259.44,490.0,1452.86,1,1538.53
tomato,APMC Kamthi,2026-06-25,2770.0,2310.0,2770.0,4071.428571428571,2819.1,2104.66,3714.33,509.1,460.0,1761.43,1,1609.67
tomato,APMC Kamthi,2026-06-26,2770.0,2290.0,2770.0,3784.285714285714,2865.48,2144.24,3754.41,575.48,480.0,1494.29,1,1610.16
tomato,APMC Kamthi,2026-06-27,2770.0,2770.0,2770.0,3565.714285714286,3257.58,2433.47,4307.97,487.58,0.0,795.71,1,1874.5
tomato,APMC Kamthi,2026-06-28,2310.0,3270.0,2310.0,3422.8571428571427,2976.62,2039.49,4171.26,293.38,960.0,152.86,1,2131.78
tomato,APMC Kamthi,2026-06-29,2290.0,3310.0,2290.0,3137.1428571428573,3198.58,2172.73,4548.83,111.42,1020.0,172.86,1,2376.1
tomato,APMC Kamthi,2026-06-30,2770.0,3260.0,2770.0,2848.5714285714284,4101.8,2829.24,5448.9,841.8,490.0,411.43,1,2619.65
tomato,APMC Kamthi,2026-07-01,3270.0,3310.0,3270.0,2705.714285714286,4774.74,3545.1,6044.26,1464.74,40.0,604.29,0,2499.16
tomato,APMC Kamthi,2026-07-02,3310.0,2810.0,3310.0,2707.1428571428573,4335.62,3388.1,5457.79,1525.62,500.0,102.86,0,2069.69
tomato,APMC Kamthi,2026-07-03,3260.0,2290.0,3260.0,2784.285714285714,3850.58,3090.65,4718.9,1560.58,970.0,494.29,0,1628.25
tomato,APMC Kamthi,2026-07-04,3310.0,2770.0,3310.0,2854.285714285714,3461.78,2794.55,4157.5,691.78,540.0,84.29,0,1362.95
tomato,APMC Kamthi,2026-07-05,2810.0,2280.0,2810.0,2931.4285714285716,2813.29,2185.4,3491.65,533.29,530.0,651.43,1,1306.25
tomato,APMC Kamthi,2026-07-06,2290.0,2310.0,2290.0,3002.8571428571427,2093.3,1509.6,2732.77,216.7,20.0,692.86,1,1223.17
tomato,APMC Kamthi,2026-07-07,2770.0,2770.0,2770.0,3002.8571428571427,2476.07,1830.53,3139.52,293.93,0.0,232.86,1,1308.98
tomato,APMC Kamthi,2026-07-08,2280.0,3270.0,2280.0,3002.8571428571427,2136.88,1558.69,2755.34,1133.12,990.0,267.14,0,1196.65
tomato,APMC Kamthi,2026-07-09,2310.0,3310.0,2310.0,2861.4285714285716,2235.72,1628.95,2934.74,1074.28,1000.0,448.57,0,1305.78
tomato,APMC Kamthi,2026-07-10,2770.0,2770.0,2770.0,2718.5714285714284,2706.73,1955.38,3612.04,63.27,0.0,51.43,1,1656.66
tomato,APMC Kamthi,2026-07-11,3270.0,2780.0,3270.0,2648.5714285714284,3252.48,2311.59,4352.77,472.48,490.0,131.43,1,2041.18
tomato,APMC Kamthi,2026-07-12,3310.0,2770.0,3310.0,2642.8571428571427,3338.52,2487.47,4304.37,568.52,540.0,127.14,1,1816.9
tomato,APMC Kamthi,2026-07-13,2770.0,2770.0,2770.0,2714.285714285714,2754.57,2014.76,3642.02,15.43,0.0,55.71,1,1627.26
tomato,APMC Kamthi,2026-07-16,2780.0,2310.0,2780.0,2782.8571428571427,2530.92,1872.26,3268.89,220.92,470.0,472.86,1,1396.63
tomato,APMC Kamthi,2026-07-17,2770.0,2280.0,2770.0,2784.285714285714,2342.02,1749.59,3009.6,62.02,490.0,504.29,1,1260.01
tomato,APMC Kamthi,2026-07-18,2770.0,2310.0,2770.0,2854.285714285714,2229.29,1624.17,2873.33,80.71,460.0,544.29,1,1249.15
tomato,APMC Kamthi,2026-07-19,2310.0,1920.0,2310.0,2920.0,1938.48,1404.35,2535.46,18.48,390.0,1000.0,1,1131.11
tomato,APMC Kamthi,2026-07-21,2280.0,1920.0,2280.0,2854.285714285714,1968.83,1473.63,2520.1,48.83,360.0,934.29,1,1046.47
tomato,APMC Kamthi,2026-07-22,2310.0,1920.0,2310.0,2712.8571428571427,2049.88,1593.5,2602.4,129.88,390.0,792.86,1,1008.89
tomato,APMC Kamthi,2026-07-23,1920.0,2280.0,1920.0,2570.0,1899.04,1746.02,2414.57,380.96,360.0,290.0,1,668.55
tomato,APMC Kamthi,2026-07-24,1920.0,2310.0,1920.0,2448.5714285714284,1996.84,1637.86,2702.15,313.16,390.0,138.57,1,1064.29
tomato,APMC Kamthi,2026-07-25,1920.0,2310.0,1920.0,2325.714285714286,2176.45,1774.91,2953.8,133.55,390.0,15.71,1,1178.89
tomato,APMC Kamthi,2026-07-26,2280.0,2310.0,2280.0,2204.285714285714,2681.46,2013.63,3710.09,371.46,30.0,105.71,1,1696.46
tomato,APMC Kamthi,2026-07-27,2310.0,2310.0,2310.0,2134.285714285714,2731.5,2112.32,3668.54,421.5,0.0,175.71,1,1556.22
tomato,APMC Kamthi,2026-07-28,2310.0,1770.0,2310.0,2134.285714285714,2561.48,2029.07,3369.37,791.48,540.0,364.29,0,1340.29
tomato,APMC Kamthi,2026-07-29,2310.0,2310.0,2310.0,2138.5714285714284,2285.89,1894.79,2929.18,24.11,0.0,171.43,1,1034.38
tomato,APMC Kamthi,2026-07-30,2310.0,2310.0,2310.0,2138.5714285714284,2208.96,1810.52,2772.0,101.04,0.0,171.43,1,961.47
tomato,APMC Kamthi,2026-07-31,1770.0,2290.0,1770.0,2194.285714285714,1955.11,1509.36,2553.75,334.89,520.0,95.71,1,1044.4
tomato,APMC Kamthi,2026-08-01,2310.0,2290.0,2310.0,2172.8571428571427,2266.08,1841.48,2955.85,23.92,20.0,117.14,1,1114.37
tomato,APMC Kamthi,2026-08-02,2310.0,2280.0,2310.0,2228.5714285714284,2396.51,1953.85,3048.82,116.51,30.0,51.43,1,1094.96
tomato,APMC Kamthi,2026-08-03,2290.0,2310.0,2290.0,2232.8571428571427,2573.81,2096.74,3222.79,263.81,20.0,77.14,1,1126.06
tomato,APMC Kamthi,2026-08-04,2290.0,2310.0,2290.0,2230.0,2629.21,2161.29,3251.98,319.21,20.0,80.0,1,1090.69
tomato,APMC Kamthi,2026-08-05,2280.0,2310.0,2280.0,2227.1428571428573,2608.64,2179.1,3201.29,298.64,30.0,82.86,1,1022.19
tomato,APMC Kamthi,2026-08-06,2310.0,2290.0,2310.0,2222.8571428571427,2438.77,2087.62,2905.36,148.77,20.0,67.14,1,817.74
tomato,APMC Kamthi,2026-08-07,2310.0,2290.0,2310.0,2222.8571428571427,2307.39,1986.3,2667.42,17.39,20.0,67.14,1,681.12
tomato,APMC Kamthi,2026-08-08,2310.0,2310.0,2310.0,2300.0,2227.95,1952.88,2528.41,82.05,0.0,10.0,1,575.54
tomato,APMC Kamthi,2026-08-09,2290.0,2280.0,2290.0,2300.0,2185.02,1944.62,2436.06,94.98,10.0,20.0,1,491.44
tomato,APMC Kamthi,2026-08-10,2290.0,2310.0,2290.0,2297.1428571428573,2131.1,1912.91,2349.95,178.9,20.0,12.86,1,437.04
tomato,APMC Kamthi,2026-08-11,2310.0,2310.0,2310.0,2297.1428571428573,2051.48,1818.46,2277.59,258.52,0.0,12.86,0,459.14
tomato,APMC Kamthi,2026-08-12,2280.0,2280.0,2280.0,2300.0,2039.82,1849.11,2207.61,240.18,0.0,20.0,0,358.5
tomato,APMC Kamthi,2026-08-13,2310.0,2290.0,2310.0,2300.0,2117.85,1935.57,2311.32,172.15,20.0,10.0,1,375.75
tomato,APMC Kamthi,2026-08-14,2310.0,2770.0,2310.0,2300.0,2161.55,1974.83,2362.76,608.45,460.0,470.0,0,387.93
tomato,APMC Kamthi,2026-08-16,2280.0,2290.0,2280.0,2300.0,2135.85,1978.66,2306.72,154.15,10.0,10.0,1,328.06
tomato,APMC Kamthi,2026-08-17,2290.0,2270.0,2290.0,2295.714285714286,2228.09,2066.03,2429.95,41.91,20.0,25.71,1,363.92
tomato,APMC Kamthi,2026-08-18,2770.0,2310.0,2770.0,2295.714285714286,2833.58,2204.45,4045.01,523.58,460.0,14.29,1,1840.56
tomato,APMC Kamthi,2026-08-19,2290.0,2770.0,2290.0,2364.285714285714,2369.42,1920.14,3096.75,400.58,480.0,405.71,1,1176.61
tomato,APMC Kamthi,2026-08-20,2270.0,2290.0,2270.0,2361.4285714285716,2317.49,2010.81,2797.63,27.49,20.0,71.43,1,786.83
tomato,APMC Kamthi,2026-08-21,2310.0,2310.0,2310.0,2360.0,2306.71,2025.6,2651.52,3.29,0.0,50.0,1,625.92
tomato,APMC Kamthi,2026-08-22,2770.0,1800.0,2770.0,2360.0,2686.76,2220.78,3573.16,886.76,970.0,560.0,0,1352.37
tomato,APMC Kamthi,2026-08-23,2290.0,2450.0,2290.0,2425.714285714286,2360.31,2084.42,2810.17,89.69,160.0,24.29,1,725.74
tomato,APMC Kamthi,2026-08-24,2310.0,2400.0,2310.0,2427.1428571428573,2354.3,2210.44,2766.2,45.7,90.0,27.14,1,555.76
tomato,APMC Kamthi,2026-08-25,1800.0,2450.0,1800.0,2430.0,2104.41,1744.88,2606.73,345.59,650.0,20.0,1,861.85
tomato,APMC Kamthi,2026-08-26,2450.0,2350.0,2450.0,2291.4285714285716,2367.71,2047.59,2919.07,17.71,100.0,58.57,1,871.48
tomato,APMC Kamthi,2026-08-27,2400.0,2350.0,2400.0,2314.285714285714,2369.62,2108.98,2764.52,19.62,50.0,35.71,1,655.53
tomato,APMC Kamthi,2026-08-28,2450.0,2350.0,2450.0,2332.8571428571427,2441.94,2149.77,2874.72,91.94,100.0,17.14,1,724.95
tomato,APMC Kamthi,2026-08-29,2350.0,2350.0,2350.0,2352.8571428571427,2405.16,2149.48,2780.01,55.16,0.0,2.86,1,630.52
tomato,APMC Kamthi,2026-08-30,2350.0,2350.0,2350.0,2292.8571428571427,2386.05,2151.26,2719.3,36.05,0.0,57.14,1,568.04
tomato,APMC Kamthi,2026-08-31,2350.0,2350.0,2350.0,2301.4285714285716,2347.84,2144.34,2572.84,2.16,0.0,48.57,1,428.5
tomato,APMC Panvel,2026-05-14,4500.0,4500.0,4500.0,3678.571428571429,3804.7,3120.74,4452.3,695.3,0.0,821.43,0,1331.57
tomato,APMC Panvel,2026-05-15,4500.0,4500.0,4500.0,3821.428571428571,4125.27,3322.4,4869.22,374.73,0.0,678.57,1,1546.82
tomato,APMC Panvel,2026-05-16,4500.0,4500.0,4500.0,3964.285714285714,4274.35,3517.76,4868.76,225.65,0.0,535.71,1,1351.0
tomato,APMC Panvel,2026-05-18,4500.0,4500.0,4500.0,4107.142857142857,4357.53,3522.17,4967.71,142.47,0.0,392.86,1,1445.53
tomato,APMC Panvel,2026-05-19,4500.0,4500.0,4500.0,4214.285714285715,4357.53,3594.06,4902.09,142.47,0.0,285.71,1,1308.03
tomato,APMC Panvel,2026-05-20,4500.0,4500.0,4500.0,4214.285714285715,4372.47,3613.37,4633.77,127.53,0.0,285.71,1,1020.4
tomato,APMC Panvel,2026-05-21,4500.0,4780.0,4500.0,4357.142857142857,4390.29,3666.15,4525.85,389.71,280.0,422.86,0,859.7
tomato,APMC Panvel,2026-05-22,4500.0,4500.0,4500.0,4500.0,4384.33,3766.9,4536.23,115.67,0.0,0.0,1,769.34
tomato,APMC Panvel,2026-05-23,4500.0,3500.0,4500.0,4500.0,4434.87,3757.79,4496.0,934.87,1000.0,1000.0,0,738.21
tomato,APMC Panvel,2026-05-24,4780.0,3500.0,4780.0,4500.0,4657.19,3947.69,5124.51,1157.19,1280.0,1000.0,0,1176.82
tomato,APMC Panvel,2026-05-25,4500.0,3500.0,4500.0,4540.0,4502.99,3792.11,4912.97,1002.99,1000.0,1040.0,0,1120.85
tomato,APMC Panvel,2026-05-26,3500.0,3500.0,3500.0,4540.0,3894.45,2818.44,4638.18,394.45,0.0,1040.0,1,1819.74
tomato,APMC Panvel,2026-05-27,3500.0,4500.0,3500.0,4397.142857142857,3752.53,2759.9,4517.83,747.47,1000.0,102.86,1,1757.93
tomato,APMC Panvel,2026-05-28,3500.0,4500.0,3500.0,4254.285714285715,3545.47,2737.74,4318.16,954.53,1000.0,245.71,0,1580.42
tomato,APMC Panvel,2026-05-29,3500.0,4500.0,3500.0,4111.428571428572,3519.55,2788.18,4239.75,980.45,1000.0,388.57,0,1451.57
tomato,APMC Panvel,2026-05-30,4500.0,4500.0,4500.0,3968.571428571429,4072.69,2978.11,4793.39,427.31,0.0,531.43,1,1815.28
tomato,APMC Panvel,2026-06-01,4500.0,4500.0,4500.0,3968.571428571429,4206.68,3253.69,4761.04,293.32,0.0,531.43,1,1507.35
tomato,APMC Panvel,2026-06-02,4500.0,4500.0,4500.0,3928.571428571429,4308.58,3430.14,4763.65,191.42,0.0,571.43,1,1333.5
tomato,APMC Panvel,2026-06-03,4500.0,3500.0,4500.0,3928.571428571429,4376.11,3499.37,4746.03,876.11,1000.0,428.57,1,1246.66
tomato,APMC Panvel,2026-06-04,4500.0,4500.0,4500.0,4071.428571428571,4483.05,3641.05,4556.27,16.95,0.0,428.57,1,915.22
tomato,APMC Panvel,2026-06-05,4500.0,4500.0,4500.0,4214.285714285715,4471.22,3744.06,4532.57,28.78,0.0,285.71,1,788.51
tomato,APMC Panvel,2026-06-06,3500.0,4500.0,3500.0,4357.142857142857,3971.48,2903.76,4473.88,528.52,1000.0,142.86,0,1570.12
tomato,APMC Panvel,2026-06-07,4500.0,5500.0,4500.0,4357.142857142857,4426.92,3306.24,4532.88,1073.08,1000.0,1142.86,0,1226.64
tomato,APMC Panvel,2026-06-08,4500.0,5500.0,4500.0,4357.142857142857,4481.72,3691.44,4555.43,1018.28,1000.0,1142.86,0,863.98
tomato,APMC Panvel,2026-06-09,4500.0,4500.0,4500.0,4357.142857142857,4509.22,3726.6,4575.51,9.22,0.0,142.86,1,848.92
tomato,APMC Panvel,2026-06-10,5500.0,3250.0,5500.0,4357.142857142857,5046.53,3894.47,5951.5,1796.53,2250.0,1107.14,0,2057.03
tomato,APMC Panvel,2026-06-11,5500.0,4500.0,5500.0,4500.0,5325.24,4212.7,6157.07,825.24,1000.0,0.0,1,1944.37
tomato,APMC Panvel,2026-06-12,4500.0,4500.0,4500.0,4642.857142857143,4570.92,3330.27,5502.77,70.92,0.0,142.86,1,2172.49
tomato,APMC Panvel,2026-06-13,3250.0,4500.0,3250.0,4642.857142857143,3208.74,2195.11,4691.16,1291.26,1250.0,142.86,1,2496.05
tomato,APMC Panvel,2026-06-14,4500.0,4500.0,4500.0,4607.142857142857,4196.21,2950.98,5281.23,303.79,0.0,107.14,1,2330.25
tomato,APMC Panvel,2026-06-15,4500.0,4500.0,4500.0,4607.142857142857,4113.71,2857.78,5202.23,386.29,0.0,107.14,1,2344.45
tomato,APMC Panvel,2026-06-16,4500.0,4500.0,4500.0,4607.142857142857,4220.52,2981.9,5149.53,279.48,0.0,107.14,1,2167.63
tomato,APMC Panvel,2026-06-17,4500.0,3500.0,4500.0,4607.142857142857,4177.93,2961.29,5094.16,677.93,1000.0,1107.14,1,2132.87
tomato,APMC Panvel,2026-06-18,4500.0,3750.0,4500.0,4464.285714285715,4238.54,3071.12,5003.42,488.54,750.0,714.29,1,1932.3
tomato,APMC Panvel,2026-06-19,4500.0,4500.0,4500.0,4321.428571428572,4204.55,2989.21,4885.42,295.45,0.0,178.57,1,1896.21
tomato,APMC Panvel,2026-06-20,3500.0,4500.0,3500.0,4321.428571428572,3619.58,2506.66,4558.73,880.42,1000.0,178.57,1,2052.07
tomato,APMC Panvel,2026-06-21,3750.0,3500.0,3750.0,4357.142857142857,3845.88,2862.38,4694.35,345.88,250.0,857.14,1,1831.98
tomato,APMC Panvel,2026-06-22,4500.0,3500.0,4500.0,4250.0,4275.38,3180.46,5083.23,775.38,1000.0,750.0,1,1902.76
tomato,APMC Panvel,2026-06-23,4500.0,3750.0,4500.0,4250.0,4319.0,3276.94,5057.11,569.0,750.0,500.0,1,1780.17
tomato,APMC Panvel,2026-06-24,3500.0,2750.0,3500.0,4250.0,3927.81,2940.47,4780.66,1177.81,750.0,1500.0,0,1840.19
tomato,APMC Panvel,2026-06-25,3500.0,3500.0,3500.0,4107.142857142857,3797.17,2860.57,4639.01,297.17,0.0,607.14,1,1778.44
tomato,APMC Panvel,2026-06-26,3750.0,3500.0,3750.0,3964.285714285714,3803.0,2906.87,4682.66,303.0,250.0,464.29,1,1775.79
tomato,APMC Panvel,2026-06-27,2750.0,2750.0,2750.0,3857.142857142858,2913.86,2099.46,3957.48,163.86,0.0,1107.14,1,1858.02
tomato,APMC Panvel,2026-06-28,3500.0,2750.0,3500.0,3750.0,3460.87,2578.76,4330.96,710.87,750.0,1000.0,1,1752.21
tomato,APMC Panvel,2026-06-29,3500.0,2750.0,3500.0,3714.285714285714,3552.05,2678.6,4395.37,802.05,750.0,964.29,1,1716.77
tomato,APMC Panvel,2026-06-30,2750.0,2650.0,2750.0,3571.4285714285716,3034.68,2201.72,3952.36,384.68,100.0,921.43,1,1750.64
tomato,APMC Panvel,2026-07-01,2750.0,4500.0,2750.0,3321.4285714285716,2879.89,2177.07,3773.5,1620.11,1750.0,1178.57,0,1596.43
tomato,APMC Panvel,2026-07-02,2750.0,4250.0,2750.0,3214.285714285714,2800.73,2167.74,3672.31,1449.27,1500.0,1035.71,0,1504.57
tomato,APMC Panvel,2026-07-03,2650.0,3500.0,2650.0,3107.1428571428573,2594.98,2040.81,3460.2,905.02,850.0,392.86,0,1419.39
tomato,APMC Panvel,2026-07-04,4500.0,2750.0,4500.0,2950.0,3873.78,2664.16,4967.6,1123.78,1750.0,200.0,1,2303.44
tomato,APMC Panvel,2026-07-05,4250.0,3500.0,4250.0,3200.0,3718.59,2645.16,4656.4,218.59,750.0,300.0,1,2011.24
tomato,APMC Panvel,2026-07-06,3500.0,3500.0,3500.0,3307.1428571428573,3392.35,2406.24,4371.69,107.65,0.0,192.86,1,1965.45
tomato,APMC Panvel,2026-07-07,2750.0,3500.0,2750.0,3307.1428571428573,2873.87,2029.5,3930.76,626.13,750.0,192.86,1,1901.26
tomato,APMC Panvel,2026-07-08,3500.0,3250.0,3500.0,3307.1428571428573,3283.86,2349.34,4204.49,33.86,250.0,57.14,1,1855.16
tomato,APMC Panvel,2026-07-09,3500.0,3500.0,3500.0,3414.285714285714,3376.66,2436.41,4287.4,123.34,0.0,85.71,1,1850.99
tomato,APMC Panvel,2026-07-10,3500.0,3500.0,3500.0,3521.4285714285716,3362.03,2462.09,4246.88,137.97,0.0,21.43,1,1784.79
tomato,APMC Panvel,2026-07-11,3250.0,2750.0,3250.0,3642.857142857142,3120.77,2315.59,3963.2,370.77,500.0,892.86,1,1647.61
tomato,APMC Panvel,2026-07-12,3500.0,3500.0,3500.0,3464.285714285714,3199.14,2343.34,4035.22,300.86,0.0,35.71,1,1691.88
tomato,APMC Panvel,2026-07-13,3500.0,2750.0,3500.0,3357.1428571428573,3165.75,2348.8,3962.56,415.75,750.0,607.14,1,1613.76
tomato,APMC Panvel,2026-07-14,2750.0,3500.0,2750.0,3357.1428571428573,2774.11,1962.28,3617.02,725.89,750.0,142.86,1,1654.74
tomato,APMC Panvel,2026-07-15,3500.0,3250.0,3500.0,3357.1428571428573,3248.45,2282.04,4192.3,1.55,250.0,107.14,1,1910.26
tomato,APMC Panvel,2026-07-16,2750.0,3750.0,2750.0,3357.1428571428573,2956.55,2135.5,3872.78,793.45,1000.0,392.86,1,1737.28
tomato,APMC Panvel,2026-07-17,3500.0,3500.0,3500.0,3250.0,3230.04,2368.66,4133.2,269.96,0.0,250.0,1,1764.54
tomato,APMC Panvel,2026-07-18,3250.0,2750.0,3250.0,3250.0,3118.6,2465.96,3961.01,368.6,500.0,500.0,1,1495.04
tomato,APMC Panvel,2026-07-19,3750.0,3250.0,3750.0,3250.0,3365.35,2603.18,4247.97,115.35,500.0,0.0,1,1644.78
tomato,APMC Panvel,2026-07-20,3500.0,3500.0,3500.0,3285.714285714286,3232.65,2573.07,3998.73,267.35,0.0,214.29,1,1425.66
tomato,APMC Panvel,2026-07-21,2750.0,2750.0,2750.0,3285.714285714286,3042.6,2401.44,3836.55,292.6,0.0,535.71,1,1435.11
tomato,APMC Panvel,2026-07-22,3250.0,2750.0,3250.0,3285.714285714286,3169.59,2558.08,3953.4,419.59,500.0,535.71,1,1395.31
tomato,APMC Panvel,2026-07-23,3500.0,2750.0,3500.0,3250.0,3490.34,2806.2,4304.52,740.34,750.0,500.0,0,1498.33
tomato,APMC Panvel,2026-07-24,2750.0,2750.0,2750.0,3357.1428571428573,3188.93,2531.67,4061.27,438.93,0.0,607.14,1,1529.6
tomato,APMC Panvel,2026-07-25,2750.0,3750.0,2750.0,3250.0,3410.93,2608.09,4401.45,339.07,1000.0,500.0,1,1793.36
tomato,APMC Panvel,2026-07-26,2750.0,3100.0,2750.0,3178.5714285714284,3603.63,2719.96,4616.53,503.63,350.0,78.57,1,1896.57
tomato,APMC Panvel,2026-07-27,2750.0,2750.0,2750.0,3035.714285714286,3075.59,2614.76,4027.56,325.59,0.0,285.71,1,1412.8
tomato,APMC Panvel,2026-07-28,3750.0,2500.0,3750.0,2928.5714285714284,3022.29,2635.48,3721.77,522.29,1250.0,428.57,0,1086.29
tomato,APMC Panvel,2026-07-29,3100.0,2750.0,3100.0,3071.4285714285716,3039.09,2694.78,3778.6,289.09,350.0,321.43,1,1083.81
tomato,APMC Panvel,2026-07-30,2750.0,2750.0,2750.0,3050.0,2997.68,2669.11,3782.73,247.68,0.0,300.0,1,1113.61
tomato,APMC Panvel,2026-07-31,2500.0,3500.0,2500.0,2942.8571428571427,2893.98,2501.39,3655.83,606.02,1000.0,557.14,1,1154.44
tomato,APMC Panvel,2026-08-01,2750.0,2750.0,2750.0,2907.1428571428573,2841.15,2556.84,3531.67,91.15,0.0,157.14,1,974.83
tomato,APMC Panvel,2026-08-02,2750.0,3500.0,2750.0,2907.1428571428573,2926.19,2534.25,3577.63,573.81,750.0,592.86,1,1043.38
tomato,APMC Panvel,2026-08-03,3500.0,4500.0,3500.0,2907.1428571428573,3196.09,2662.82,3906.42,1303.91,1000.0,1592.86,0,1243.61
tomato,APMC Panvel,2026-08-04,2750.0,2750.0,2750.0,3014.285714285714,2739.22,2591.86,3402.88,10.78,0.0,264.29,1,811.02
tomato,APMC Panvel,2026-08-05,3500.0,3250.0,3500.0,2871.4285714285716,2943.26,2532.67,3679.2,306.74,250.0,378.57,1,1146.53
tomato,APMC Panvel,2026-08-06,4500.0,3750.0,4500.0,2928.5714285714284,3397.05,2603.92,4482.66,352.95,750.0,821.43,1,1878.73
tomato,APMC Panvel,2026-08-07,2750.0,3500.0,2750.0,3178.5714285714284,3144.77,2583.14,3980.32,355.23,750.0,321.43,1,1397.17
tomato,APMC Panvel,2026-08-08,3250.0,2750.0,3250.0,3214.285714285714,3203.52,2635.83,4012.12,453.52,500.0,464.29,1,1376.29
tomato,APMC Panvel,2026-08-09,3750.0,3500.0,3750.0,3285.714285714286,3459.55,2807.85,4228.75,40.45,250.0,214.29,1,1420.9
tomato,APMC Panvel,2026-08-10,3500.0,2750.0,3500.0,3428.5714285714284,3408.71,2807.51,4165.33,658.71,750.0,678.57,0,1357.83
tomato,APMC Panvel,2026-08-11,2750.0,2750.0,2750.0,3428.5714285714284,2861.64,2595.04,3581.78,111.64,0.0,678.57,1,986.74
tomato,APMC Panvel,2026-08-12,3500.0,3500.0,3500.0,3428.5714285714284,3069.12,2641.13,3872.41,430.88,0.0,71.43,1,1231.27
tomato,APMC Panvel,2026-08-13,2750.0,2750.0,2750.0,3428.5714285714284,2917.38,2656.67,3791.14,167.38,0.0,678.57,1,1134.47
tomato,APMC Panvel,2026-08-14,2750.0,3500.0,2750.0,3178.5714285714284,2780.15,2674.37,3533.61,719.85,750.0,321.43,1,859.24
tomato,APMC Panvel,2026-08-16,3500.0,3500.0,3500.0,3178.5714285714284,2990.57,2697.17,3896.14,509.43,0.0,321.43,1,1198.97
tomato,APMC Panvel,2026-08-17,2750.0,3500.0,2750.0,3214.285714285714,2846.53,2625.58,3695.3,653.47,750.0,285.71,1,1069.72
tomato,APMC Panvel,2026-08-18,3500.0,1750.0,3500.0,3071.4285714285716,3058.29,2641.31,3948.44,1308.29,1750.0,1321.43,0,1307.13
tomato,APMC Panvel,2026-08-19,3500.0,2750.0,3500.0,3071.4285714285716,3306.06,2672.76,4169.6,556.06,750.0,321.43,1,1496.84
tomato,APMC Panvel,2026-08-20,3500.0,2750.0,3500.0,3178.5714285714284,3240.18,2662.9,4106.68,490.18,750.0,428.57,1,1443.78
tomato,APMC Panvel,2026-08-21,1750.0,2750.0,1750.0,3178.5714285714284,2876.4,2114.26,3787.61,126.4,1000.0,428.57,1,1673.35
tomato,APMC Panvel,2026-08-22,2750.0,2250.0,2750.0,3035.714285714286,2887.42,2214.78,3745.16,637.42,500.0,785.71,1,1530.38
tomato,APMC Panvel,2026-08-24,2750.0,2750.0,2750.0,3035.714285714286,2832.03,2185.92,3653.87,82.03,0.0,285.71,1,1467.95
tomato,APMC Panvel,2026-08-25,2750.0,2750.0,2750.0,2928.5714285714284,2923.3,2305.24,3707.52,173.3,0.0,178.57,1,1402.28
tomato,APMC Panvel,2026-08-26,2250.0,3500.0,2250.0,2928.5714285714284,2676.87,2085.63,3470.21,823.13,1250.0,571.43,0,1384.58
tomato,APMC Panvel,2026-08-27,2750.0,2500.0,2750.0,2750.0,2698.31,2133.81,3481.25,198.31,250.0,250.0,1,1347.45
tomato,APMC Panvel,2026-08-28,2750.0,2750.0,2750.0,2642.8571428571427,2709.17,2174.68,3462.7,40.83,0.0,107.14,1,1288.02
tomato,APMC Panvel,2026-08-29,3500.0,3250.0,3500.0,2535.714285714286,3091.95,2412.94,3968.0,158.05,250.0,714.29,1,1555.06
tomato,APMC Panvel,2026-08-30,2500.0,2750.0,2500.0,2785.714285714286,2884.46,2292.22,3677.74,134.46,250.0,35.71,1,1385.52
tomato,APMC Panvel,2026-08-31,2750.0,3500.0,2750.0,2750.0,2926.6,2348.49,3716.18,573.4,750.0,750.0,1,1367.68
tomato,Pune(Manjri),2026-05-14,3500.0,2800.0,3500.0,2500.0,2255.22,1506.03,3430.84,544.78,700.0,300.0,1,1924.81
tomato,Pune(Manjri),2026-05-15,2500.0,3500.0,2500.0,2714.285714285714,2150.08,1536.01,3062.65,1349.92,1000.0,785.71,0,1526.64
tomato,Pune(Manjri),2026-05-16,2500.0,3000.0,2500.0,2714.285714285714,2395.6,1723.96,3184.92,604.4,500.0,285.71,1,1460.97
tomato,Pune(Manjri),2026-05-18,2800.0,2500.0,2800.0,2642.8571428571427,2531.93,1795.33,3341.62,31.93,300.0,142.86,1,1546.29
tomato,Pune(Manjri),2026-05-19,3500.0,2500.0,3500.0,2685.714285714286,2788.08,1892.96,3811.54,288.08,1000.0,185.71,1,1918.58
tomato,Pune(Manjri),2026-05-20,3000.0,2500.0,3000.0,2828.5714285714284,2746.21,1932.58,3603.19,246.21,500.0,328.57,1,1670.62
tomato,Pune(Manjri),2026-05-21,2500.0,3000.0,2500.0,2971.4285714285716,2565.51,1888.56,3410.75,434.49,500.0,28.57,1,1522.19
tomato,Pune(Manjri),2026-05-22,2500.0,3000.0,2500.0,2900.0,2588.75,1985.65,3310.5,411.25,500.0,100.0,1,1324.85
tomato,Pune(Manjri),2026-05-23,2500.0,2500.0,2500.0,2757.1428571428573,2619.24,2037.5,3334.72,119.24,0.0,257.14,1,1297.22
tomato,Pune(Manjri),2026-05-24,3000.0,3500.0,3000.0,2757.1428571428573,2877.63,2168.88,3651.49,622.37,500.0,742.86,1,1482.61
tomato,Pune(Manjri),2026-05-25,3000.0,3500.0,3000.0,2828.5714285714284,3026.06,2316.51,3742.69,473.94,500.0,671.43,1,1426.18
tomato,Pune(Manjri),2026-05-26,2500.0,3000.0,2500.0,2857.1428571428573,2692.01,1992.78,3448.88,307.99,500.0,142.86,1,1456.1
tomato,Pune(Manjri),2026-05-27,3500.0,3000.0,3500.0,2714.285714285714,2988.04,2150.87,3854.09,11.96,500.0,285.71,1,1703.22
tomato,Pune(Manjri),2026-05-28,3500.0,3500.0,3500.0,2785.714285714286,3141.65,2291.7,3978.76,358.35,0.0,714.29,1,1687.07
tomato,Pune(Manjri),2026-05-29,3000.0,3500.0,3000.0,2928.5714285714284,3010.74,2257.95,3743.72,489.26,500.0,571.43,1,1485.77
tomato,Pune(Manjri),2026-05-30,3000.0,2500.0,3000.0,3000.0,3047.59,2367.04,3708.04,547.59,500.0,500.0,1,1341.01
tomato,Pune(Manjri),2026-05-31,3500.0,2500.0,3500.0,3071.4285714285716,3223.09,2438.76,3947.98,723.09,1000.0,571.43,1,1509.23
tomato,Pune(Manjri),2026-06-01,3500.0,2500.0,3500.0,3142.8571428571427,3291.21,2479.33,3718.12,791.21,1000.0,642.86,1,1238.8
tomato,Pune(Manjri),2026-06-02,2500.0,2500.0,2500.0,3214.285714285714,2888.59,2174.39,3608.87,388.59,0.0,714.29,1,1434.48
tomato,Pune(Manjri),2026-06-03,2500.0,2500.0,2500.0,3214.285714285714,2968.87,2238.42,3698.36,468.87,0.0,714.29,1,1459.94
tomato,Pune(Manjri),2026-06-04,2500.0,2500.0,2500.0,3071.4285714285716,2943.63,2238.08,3631.31,443.63,0.0,571.43,1,1393.23
tomato,Pune(Manjri),2026-06-05,2500.0,2500.0,2500.0,2928.5714285714284,2766.31,2119.54,3477.64,266.31,0.0,428.57,1,1358.11
tomato,Pune(Manjri),2026-06-06,2500.0,4000.0,2500.0,2857.1428571428573,2718.28,2088.5,3444.15,1281.72,1500.0,1142.86,0,1355.65
tomato,Pune(Manjri),2026-06-07,2500.0,4000.0,2500.0,2785.714285714286,2671.55,2129.8,3339.22,1328.45,1500.0,1214.29,0,1209.42
tomato,Pune(Manjri),2026-06-08,2500.0,2500.0,2500.0,2642.8571428571427,2644.96,2174.05,3250.41,144.96,0.0,142.86,1,1076.36
tomato,Pune(Manjri),2026-06-09,4000.0,2500.0,4000.0,2500.0,2850.94,2121.76,3780.32,350.94,1500.0,0.0,1,1658.56
tomato,Pune(Manjri),2026-06-10,4000.0,2500.0,4000.0,2714.285714285714,3043.54,2321.22,3842.15,543.54,1500.0,214.29,1,1520.93
tomato,Pune(Manjri),2026-06-11,2500.0,2500.0,2500.0,2928.5714285714284,2663.64,2031.02,3444.0,163.64,0.0,428.57,1,1412.98
tomato,Pune(Manjri),2026-06-12,2500.0,4000.0,2500.0,2928.5714285714284,2627.31,2104.78,3331.98,1372.69,1500.0,1071.43,0,1227.2
tomato,Pune(Manjri),2026-06-13,2500.0,3500.0,2500.0,2928.5714285714284,2566.32,2157.27,3150.99,933.68,1000.0,571.43,0,993.72
tomato,Pune(Manjri),2026-06-14,2500.0,3000.0,2500.0,2928.5714285714284,2544.66,2140.22,3133.92,455.34,500.0,71.43,1,993.7
tomato,Pune(Manjri),2026-06-15,4000.0,3000.0,4000.0,2928.5714285714284,2901.01,2221.94,3955.65,98.99,1000.0,71.43,1,1733.71
tomato,Pune(Manjri),2026-06-16,3500.0,3000.0,3500.0,3142.8571428571427,3038.47,2318.75,3976.52,38.47,500.0,142.86,1,1657.77
tomato,Pune(Manjri),2026-06-17,3000.0,3000.0,3000.0,3071.4285714285716,3015.02,2362.23,3956.35,15.02,0.0,71.43,1,1594.11
tomato,Pune(Manjri),2026-06-18,3000.0,2500.0,3000.0,2928.5714285714284,3108.08,2492.23,3969.6,608.08,500.0,428.57,1,1477.38
tomato,Pune(Manjri),2026-06-19,3000.0,2500.0,3000.0,3000.0,3090.34,2513.47,3874.61,590.34,500.0,500.0,0,1361.14
tomato,Pune(Manjri),2026-06-20,3000.0,2500.0,3000.0,3071.4285714285716,3114.21,2529.04,3884.2,614.21,500.0,571.43,0,1355.16
tomato,Pune(Manjri),2026-06-21,2500.0,2000.0,2500.0,3142.8571428571427,2823.68,2274.92,3654.27,823.68,500.0,1142.86,0,1379.36
tomato,Pune(Manjri),2026-06-22,2500.0,2000.0,2500.0,3142.8571428571427,2812.9,2267.58,3629.62,812.9,500.0,1142.86,0,1362.05
tomato,Pune(Manjri),2026-06-23,2500.0,1500.0,2500.0,2928.5714285714284,2677.2,2176.53,3403.94,1177.2,1000.0,1428.57,0,1227.41
tomato,Pune(Manjri),2026-06-24,2000.0,1500.0,2000.0,2785.714285714286,2223.19,1600.32,3022.67,723.19,500.0,1285.71,0,1422.35
tomato,Pune(Manjri),2026-06-25,2000.0,1500.0,2000.0,2642.8571428571427,2072.37,1582.4,2776.95,572.37,500.0,1142.86,0,1194.55
tomato,Pune(Manjri),2026-06-26,1500.0,2500.0,1500.0,2500.0,1621.5,1130.86,2319.51,878.5,1000.0,0.0,0,1188.65
tomato,Pune(Manjri),2026-06-27,1500.0,3000.0,1500.0,2285.714285714286,1638.63,1189.19,2385.62,1361.37,1500.0,714.29,0,1196.43
tomato,Pune(Manjri),2026-06-28,1500.0,2500.0,1500.0,2071.4285714285716,1621.64,1332.83,2438.42,878.36,1000.0,428.57,0,1105.59
tomato,Pune(Manjri),2026-06-29,2500.0,2000.0,2500.0,1928.571428571429,2198.1,1489.26,3240.43,198.1,500.0,71.43,1,1751.17
tomato,Pune(Manjri),2026-06-30,3000.0,2000.0,3000.0,1928.571428571429,2580.09,1665.31,3560.13,580.09,1000.0,71.43,1,1894.82
tomato,Pune(Manjri),2026-07-01,2500.0,2000.0,2500.0,2000.0,2349.55,1576.26,3217.7,349.55,500.0,0.0,1,1641.44
tomato,Pune(Manjri),2026-07-02,2000.0,3500.0,2000.0,2071.4285714285716,2074.17,1487.32,2901.48,1425.83,1500.0,1428.57,0,1414.16
tomato,Pune(Manjri),2026-07-03,2000.0,3000.0,2000.0,2071.4285714285716,2032.44,1510.08,2764.46,967.56,1000.0,928.57,0,1254.38
tomato,Pune(Manjri),2026-07-04,2000.0,2500.0,2000.0,2142.8571428571427,1946.53,1452.58,2660.29,553.47,500.0,357.14,1,1207.71
tomato,Pune(Manjri),2026-07-05,3500.0,3500.0,3500.0,2214.285714285714,2123.97,1416.43,3307.36,1376.03,0.0,1285.71,0,1890.93
tomato,Pune(Manjri),2026-07-06,3000.0,3000.0,3000.0,2500.0,2367.9,1562.39,3380.67,632.1,0.0,500.0,1,1818.29
tomato,Pune(Manjri),2026-07-07,2500.0,3000.0,2500.0,2571.4285714285716,2344.83,1595.88,3285.98,655.17,500.0,428.57,1,1690.1
tomato,Pune(Manjri),2026-07-08,3500.0,2000.0,3500.0,2500.0,2623.14,1737.62,3696.62,623.14,1500.0,500.0,1,1959.0
tomato,Pune(Manjri),2026-07-09,3000.0,2000.0,3000.0,2642.8571428571427,2634.57,1754.68,3575.21,634.57,1000.0,642.86,1,1820.53
tomato,Pune(Manjri),2026-07-10,3000.0,2000.0,3000.0,2785.714285714286,2880.54,1974.92,3829.26,880.54,1000.0,785.71,1,1854.34
tomato,Pune(Manjri),2026-07-11,2000.0,1500.0,2000.0,2928.5714285714284,2263.73,1599.71,3270.84,763.73,500.0,1428.57,0,1671.13
tomato,Pune(Manjri),2026-07-12,2000.0,1500.0,2000.0,2928.5714285714284,2200.37,1611.98,3094.7,700.37,500.0,1428.57,0,1482.72
tomato,Pune(Manjri),2026-07-13,2000.0,2000.0,2000.0,2714.285714285714,2144.27,1579.91,3033.7,144.27,0.0,714.29,1,1453.79
tomato,Pune(Manjri),2026-07-14,1500.0,2500.0,1500.0,2571.4285714285716,1727.88,1253.98,2557.97,772.12,1000.0,71.43,1,1303.99
tomato,Pune(Manjri),2026-07-15,1500.0,2500.0,1500.0,2428.5714285714284,1653.17,1172.38,2507.79,846.83,1000.0,71.43,1,1335.42
tomato,Pune(Manjri),2026-07-16,2000.0,1500.0,2000.0,2142.8571428571427,2011.04,1368.71,2933.79,511.04,500.0,642.86,1,1565.08
tomato,Pune(Manjri),2026-07-17,2500.0,2000.0,2500.0,2000.0,2268.83,1457.33,3209.8,268.83,500.0,0.0,1,1752.47
tomato,Pune(Manjri),2026-07-18,2500.0,1500.0,2500.0,1928.571428571429,2305.12,1480.41,3218.97,805.12,1000.0,428.57,1,1738.57
tomato,Pune(Manjri),2026-07-19,1500.0,1500.0,1500.0,2000.0,1839.77,1180.05,2766.15,339.77,0.0,500.0,1,1586.11
tomato,Pune(Manjri),2026-07-20,2000.0,1500.0,2000.0,1928.571428571429,2106.51,1409.61,3056.62,606.51,500.0,428.57,1,1647.01
tomato,Pune(Manjri),2026-07-21,1500.0,1500.0,1500.0,1928.571428571429,1788.12,1222.08,2654.04,288.12,0.0,428.57,1,1431.96
tomato,Pune(Manjri),2026-07-22,1500.0,1500.0,1500.0,1928.571428571429,1805.32,1309.9,2670.99,305.32,0.0,428.57,1,1361.09
tomato,Pune(Manjri),2026-07-23,1500.0,2000.0,1500.0,1928.571428571429,1774.32,1317.8,2646.29,225.68,500.0,71.43,1,1328.48
tomato,Pune(Manjri),2026-07-24,1500.0,1500.0,1500.0,1857.142857142857,1731.89,1303.35,2614.19,231.89,0.0,357.14,1,1310.84
tomato,Pune(Manjri),2026-07-25,1500.0,1500.0,1500.0,1714.2857142857142,1675.25,1468.65,2770.25,175.25,0.0,214.29,1,1301.6
tomato,Pune(Manjri),2026-07-26,2000.0,1800.0,2000.0,1571.428571428571,2042.27,1499.06,3064.37,242.27,200.0,228.57,1,1565.31
tomato,Pune(Manjri),2026-07-27,1500.0,1800.0,1500.0,1642.857142857143,1681.81,1440.27,2643.43,118.19,300.0,157.14,1,1203.16
tomato,Pune(Manjri),2026-07-28,1500.0,1200.0,1500.0,1571.428571428571,1666.48,1378.57,2511.96,466.48,300.0,371.43,0,1133.39
tomato,Pune(Manjri),2026-07-29,1800.0,2000.0,1800.0,1571.428571428571,1862.29,1447.48,2751.31,137.71,200.0,428.57,1,1303.83
tomato,Pune(Manjri),2026-07-30,1800.0,2000.0,1800.0,1614.2857142857142,1840.89,1443.65,2690.32,159.11,200.0,385.71,1,1246.68
tomato,Pune(Manjri),2026-07-31,1200.0,2000.0,1200.0,1657.142857142857,1508.32,961.41,2301.71,491.68,800.0,342.86,1,1340.31
tomato,Pune(Manjri),2026-08-01,2000.0,2000.0,2000.0,1614.2857142857142,1861.77,1255.77,2723.56,138.23,0.0,385.71,1,1467.8
tomato,Pune(Manjri),2026-08-02,2000.0,1500.0,2000.0,1685.7142857142858,1900.37,1298.59,2706.23,400.37,500.0,185.71,1,1407.63
tomato,Pune(Manjri),2026-08-03,2000.0,1000.0,2000.0,1685.7142857142858,1890.61,1326.88,2692.43,890.61,1000.0,685.71,0,1365.55
tomato,Pune(Manjri),2026-08-04,2000.0,1200.0,2000.0,1757.142857142857,1933.07,1384.8,2717.16,733.07,800.0,557.14,0,1332.36
tomato,Pune(Manjri),2026-08-05,1500.0,1500.0,1500.0,1828.571428571429,1640.41,1157.26,2384.42,140.41,0.0,328.57,1,1227.16
tomato,Pune(Manjri),2026-08-06,1000.0,1500.0,1000.0,1785.7142857142858,1286.03,719.16,2014.47,213.97,500.0,285.71,1,1295.31
tomato,Pune(Manjri),2026-08-07,1200.0,1200.0,1200.0,1671.428571428571,1318.58,842.11,2003.29,118.58,0.0,471.43,1,1161.18
tomato,Pune(Manjri),2026-08-08,1500.0,1500.0,1500.0,1671.428571428571,1445.68,913.09,2166.96,54.32,0.0,171.43,1,1253.87
tomato,Pune(Manjri),2026-08-09,1500.0,1500.0,1500.0,1600.0,1411.49,928.74,2095.78,88.51,0.0,100.0,1,1167.04
tomato,Pune(Manjri),2026-08-10,1200.0,1500.0,1200.0,1528.571428571429,1250.33,863.87,1900.14,249.67,300.0,28.57,1,1036.27
tomato,Pune(Manjri),2026-08-11,1500.0,1500.0,1500.0,1414.2857142857142,1384.6,903.01,2082.74,115.4,0.0,85.71,1,1179.73
tomato,Pune(Manjri),2026-08-12,1500.0,2000.0,1500.0,1342.857142857143,1317.79,925.85,1924.25,682.21,500.0,657.14,0,998.4
tomato,Pune(Manjri),2026-08-13,1500.0,2000.0,1500.0,1342.857142857143,1395.8,974.34,2006.32,604.2,500.0,657.14,1,1031.98
tomato,Pune(Manjri),2026-08-14,1500.0,1500.0,1500.0,1414.2857142857142,1466.67,1027.24,2097.42,33.33,0.0,85.71,1,1070.18
tomato,Pune(Manjri),2026-08-16,2000.0,1500.0,2000.0,1457.142857142857,1646.72,1105.51,2442.6,146.72,500.0,42.86,1,1337.1
tomato,Pune(Manjri),2026-08-17,2000.0,1000.0,2000.0,1528.571428571429,1712.6,1141.17,2480.77,712.6,1000.0,528.57,0,1339.6
tomato,Pune(Manjri),2026-08-18,1500.0,1000.0,1500.0,1600.0,1542.36,1066.9,2236.59,542.36,500.0,600.0,0,1169.7
tomato,Pune(Manjri),2026-08-19,1500.0,1000.0,1500.0,1642.857142857143,1543.51,1117.25,2198.52,543.51,500.0,642.86,0,1081.28
tomato,Pune(Manjri),2026-08-20,1000.0,1000.0,1000.0,1642.857142857143,1277.16,836.57,1890.45,277.16,0.0,642.86,1,1053.89
tomato,Pune(Manjri),2026-08-21,1000.0,1000.0,1000.0,1571.428571428571,1225.52,836.97,1787.35,225.52,0.0,571.43,1,950.38
tomato,Pune(Manjri),2026-08-22,1000.0,1000.0,1000.0,1500.0,1167.84,863.82,1674.6,167.84,0.0,500.0,1,810.78
tomato,Pune(Manjri),2026-08-23,1000.0,1000.0,1000.0,1428.571428571429,1135.7,868.91,1594.45,135.7,0.0,428.57,1,725.55
tomato,Pune(Manjri),2026-08-24,1000.0,1000.0,1000.0,1285.7142857142858,1108.9,909.99,1526.67,108.9,0.0,285.71,1,616.68
tomato,Pune(Manjri),2026-08-25,1000.0,1000.0,1000.0,1142.857142857143,1076.26,926.06,1473.53,76.26,0.0,142.86,1,547.47
tomato,Pune(Manjri),2026-08-26,1000.0,1500.0,1000.0,1071.428571428571,1055.52,939.56,1355.2,444.48,500.0,428.57,0,415.64
tomato,Pune(Manjri),2026-08-27,1000.0,1500.0,1000.0,1000.0,1038.48,929.01,1313.27,461.52,500.0,500.0,0,384.27
tomato,Pune(Manjri),2026-08-28,1000.0,1000.0,1000.0,1000.0,1027.39,968.46,1270.56,27.39,0.0,0.0,1,302.1
tomato,Pune(Manjri),2026-08-29,1500.0,1500.0,1500.0,1000.0,1146.74,893.63,1697.99,353.26,0.0,500.0,1,804.36
tomato,Pune(Manjri),2026-08-30,1500.0,1500.0,1500.0,1071.428571428571,1215.84,936.22,1751.1,284.16,0.0,428.57,1,814.88
tomato,Pune(Pimpri),2026-05-14,1850.0,2000.0,1850.0,2021.428571428571,1838.49,1462.81,2216.58,161.51,150.0,21.43,1,753.77
tomato,Pune(Pimpri),2026-05-15,2000.0,2700.0,2000.0,1985.7142857142856,1917.57,1483.78,2311.24,782.43,700.0,714.29,0,827.46
tomato,Pune(Pimpri),2026-05-16,2050.0,2700.0,2050.0,2042.857142857143,1962.68,1596.52,2203.32,737.32,650.0,657.14,0,606.8
tomato,Pune(Pimpri),2026-05-17,2000.0,2300.0,2000.0,2035.7142857142856,1953.7,1621.44,2187.88,346.3,300.0,264.29,0,566.44
tomato,Pune(Pimpri),2026-05-18,2700.0,2350.0,2700.0,2064.285714285714,2120.04,1560.8,2639.44,229.96,350.0,285.71,1,1078.65
tomato,Pune(Pimpri),2026-05-19,2700.0,2300.0,2700.0,2157.1428571428573,2362.9,1682.64,2934.52,62.9,400.0,142.86,1,1251.88
tomato,Pune(Pimpri),2026-05-20,2300.0,2350.0,2300.0,2214.285714285714,2222.03,1654.9,2639.3,127.97,50.0,135.71,1,984.39
tomato,Pune(Pimpri),2026-05-21,2350.0,2300.0,2350.0,2228.5714285714284,2213.85,1708.23,2577.28,86.15,50.0,71.43,1,869.05
tomato,Pune(Pimpri),2026-05-22,2300.0,2250.0,2300.0,2300.0,2177.16,1804.93,2457.69,72.84,50.0,50.0,1,652.76
tomato,Pune(Pimpri),2026-05-23,2350.0,2200.0,2350.0,2342.8571428571427,2285.19,1904.05,2592.82,85.19,150.0,142.86,1,688.77
tomato,Pune(Pimpri),2026-05-24,2300.0,2100.0,2300.0,2385.714285714286,2278.79,1892.7,2575.8,178.79,200.0,285.71,1,683.1
tomato,Pune(Pimpri),2026-05-25,2250.0,2000.0,2250.0,2428.5714285714284,2277.93,1948.81,2550.61,277.93,250.0,428.57,1,601.8
tomato,Pune(Pimpri),2026-05-26,2200.0,2300.0,2200.0,2364.285714285714,2253.86,1908.6,2553.88,46.14,100.0,64.29,1,645.28
tomato,Pune(Pimpri),2026-05-27,2100.0,1900.0,2100.0,2292.8571428571427,2183.58,1837.71,2468.88,283.58,200.0,392.86,1,631.18
tomato,Pune(Pimpri),2026-05-28,2000.0,2250.0,2000.0,2264.285714285714,2092.28,1672.63,2443.32,157.72,250.0,14.29,1,770.69
tomato,Pune(Pimpri),2026-05-29,2300.0,2600.0,2300.0,2214.285714285714,2263.17,1874.3,2585.14,336.83,300.0,385.71,0,710.84
tomato,Pune(Pimpri),2026-05-30,1900.0,2400.0,1900.0,2214.285714285714,2091.38,1669.71,2456.2,308.62,500.0,185.71,1,786.49
tomato,Pune(Pimpri),2026-05-31,2250.0,2100.0,2250.0,2150.0,2181.26,1718.48,2557.23,81.26,150.0,50.0,1,838.74
tomato,Pune(Pimpri),2026-06-02,2600.0,2300.0,2600.0,2142.8571428571427,2333.44,1943.21,2626.17,33.44,300.0,157.14,1,682.96
tomato,Pune(Pimpri),2026-06-03,2400.0,2350.0,2400.0,2192.8571428571427,2305.76,1908.82,2599.57,44.24,50.0,157.14,1,690.75
tomato,Pune(Pimpri),2026-06-04,2100.0,2000.0,2100.0,2221.4285714285716,2243.32,1948.5,2482.54,243.32,100.0,221.43,1,534.04
tomato,Pune(Pimpri),2026-06-05,2300.0,1600.0,2300.0,2221.4285714285716,2209.53,1935.81,2424.85,609.53,700.0,621.43,0,489.04
tomato,Pune(Pimpri),2026-06-06,2350.0,2550.0,2350.0,2264.285714285714,2223.61,2012.72,2401.53,326.39,200.0,285.71,0,388.81
tomato,Pune(Pimpri),2026-06-07,2000.0,2400.0,2000.0,2271.4285714285716,2186.52,1979.86,2382.37,213.48,400.0,128.57,0,402.51
tomato,Pune(Pimpri),2026-06-08,1600.0,3500.0,1600.0,2285.714285714286,2005.3,1636.9,2314.37,1494.7,1900.0,1214.29,0,677.47
tomato,Pune(Pimpri),2026-06-09,2550.0,3250.0,2550.0,2192.8571428571427,2210.03,1860.7,2513.29,1039.97,700.0,1057.14,0,652.6
tomato,Pune(Pimpri),2026-06-10,2400.0,2500.0,2400.0,2185.714285714286,2260.73,1916.56,2541.39,239.27,100.0,314.29,1,624.82
tomato,Pune(Pimpri),2026-06-11,3500.0,2600.0,3500.0,2185.714285714286,2616.2,1896.36,3519.67,16.2,900.0,414.29,1,1623.31
tomato,Pune(Pimpri),2026-06-12,3250.0,2500.0,3250.0,2385.714285714286,2901.78,2145.47,3536.42,401.78,750.0,114.29,1,1390.95
tomato,Pune(Pimpri),2026-06-13,2500.0,2300.0,2500.0,2521.4285714285716,2505.69,1794.33,3136.64,205.69,200.0,221.43,1,1342.31
tomato,Pune(Pimpri),2026-06-14,2600.0,2500.0,2600.0,2542.8571428571427,2501.44,1854.88,3077.11,1.44,100.0,42.86,1,1222.23
tomato,Pune(Pimpri),2026-06-15,2500.0,2000.0,2500.0,2628.5714285714284,2419.72,1824.71,2945.0,419.72,500.0,628.57,1,1120.29
tomato,Pune(Pimpri),2026-06-16,2300.0,2850.0,2300.0,2757.1428571428573,2309.91,1742.05,2835.7,540.09,550.0,92.86,0,1093.65
tomato,Pune(Pimpri),2026-06-17,2500.0,2500.0,2500.0,2721.4285714285716,2441.86,1886.03,2954.1,58.14,0.0,221.43,1,1068.07
tomato,Pune(Pimpri),2026-06-18,2000.0,1600.0,2000.0,2735.714285714286,2203.3,1668.23,2744.12,603.3,400.0,1135.71,0,1075.89
tomato,Pune(Pimpri),2026-06-19,2850.0,2500.0,2850.0,2521.4285714285716,2597.03,1919.74,3251.04,97.03,350.0,21.43,1,1331.29
tomato,Pune(Pimpri),2026-06-20,2500.0,2400.0,2500.0,2464.285714285714,2574.33,1898.94,3219.31,174.33,100.0,64.29,1,1320.37
tomato,Pune(Pimpri),2026-06-21,1600.0,3000.0,1600.0,2464.285714285714,2251.37,1509.51,3011.8,748.63,1400.0,535.71,1,1502.29
tomato,Pune(Pimpri),2026-06-22,2500.0,3000.0,2500.0,2321.4285714285716,2589.32,1848.71,3272.84,410.68,500.0,678.57,1,1424.13
tomato,Pune(Pimpri),2026-06-23,2400.0,2000.0,2400.0,2321.4285714285716,2445.65,1745.03,3055.05,445.65,400.0,321.43,1,1310.02
tomato,Pune(Pimpri),2026-06-24,3000.0,2000.0,3000.0,2335.714285714286,2775.45,2023.34,3497.22,775.45,1000.0,335.71,0,1473.88
tomato,Pune(Pimpri),2026-06-26,3000.0,2250.0,3000.0,2407.1428571428573,2828.83,2088.82,3481.56,578.83,750.0,157.14,1,1392.74
tomato,Pune(Pimpri),2026-06-27,2000.0,2000.0,2000.0,2550.0,2467.18,1765.9,3146.11,467.18,0.0,550.0,1,1380.21
tomato,Pune(Pimpri),2026-06-28,2000.0,2250.0,2000.0,2428.5714285714284,2236.32,1611.96,2953.95,13.68,250.0,178.57,1,1341.99
tomato,Pune(Pimpri),2026-06-30,2250.0,2500.0,2250.0,2357.1428571428573,2304.59,1659.63,2986.52,195.41,250.0,142.86,1,1326.89
tomato,Pune(Pimpri),2026-07-01,2000.0,2250.0,2000.0,2450.0,2136.18,1601.45,2767.21,113.82,250.0,200.0,1,1165.77
tomato,Pune(Pimpri),2026-07-02,2250.0,2000.0,2250.0,2378.5714285714284,2340.82,1769.69,2944.34,340.82,250.0,378.57,1,1174.65
tomato,Pune(Pimpri),2026-07-03,2500.0,1900.0,2500.0,2357.1428571428573,2493.71,1817.28,3155.59,593.71,600.0,457.14,1,1338.31
tomato,Pune(Pimpri),2026-07-04,2250.0,2000.0,2250.0,2285.714285714286,2403.98,1814.53,2938.96,403.98,250.0,285.71,1,1124.43
tomato,Pune(Pimpri),2026-07-05,2000.0,2100.0,2000.0,2178.5714285714284,2352.7,1803.17,2900.87,252.7,100.0,78.57,1,1097.7
tomato,Pune(Pimpri),2026-07-08,1900.0,2100.0,1900.0,2178.5714285714284,2222.37,1716.49,2776.62,122.37,200.0,78.57,1,1060.13
tomato,Pune(Pimpri),2026-07-09,2000.0,2000.0,2000.0,2164.285714285714,2201.44,1726.96,2728.21,201.44,0.0,164.29,1,1001.25
tomato,Pune(Pimpri),2026-07-11,2100.0,2000.0,2100.0,2128.5714285714284,2176.01,1708.72,2699.7,176.01,100.0,128.57,1,990.98
tomato,Pune(Pimpri),2026-07-12,2100.0,2050.0,2100.0,2142.8571428571427,2142.9,1707.65,2646.93,92.9,50.0,92.86,1,939.28
tomato,Pune(Pimpri),2026-07-15,2000.0,2000.0,2000.0,2121.4285714285716,2055.11,1655.12,2481.82,55.11,0.0,121.43,1,826.69
tomato,Pune(Pimpri),2026-07-16,2000.0,2000.0,2000.0,2050.0,2016.37,1650.32,2411.24,16.37,0.0,50.0,1,760.92
tomato,Pune(Pimpri),2026-07-17,2050.0,2200.0,2050.0,2014.2857142857144,2024.66,1679.79,2398.46,175.34,150.0,185.71,1,718.67
tomato,Pune(Pimpri),2026-07-18,2000.0,2000.0,2000.0,2021.428571428571,2005.63,1697.42,2328.54,5.63,0.0,21.43,1,631.12
tomato,Pune(Pimpri),2026-07-19,2000.0,2000.0,2000.0,2035.7142857142856,2013.05,1741.45,2307.2,13.05,0.0,35.71,1,565.75
tomato,Pune(Pimpri),2026-07-20,2200.0,2150.0,2200.0,2035.7142857142856,2128.84,1748.3,2564.24,21.16,50.0,114.29,1,815.94
tomato,Pune(Pimpri),2026-07-21,2000.0,2000.0,2000.0,2050.0,2037.24,1703.82,2397.58,37.24,0.0,50.0,1,693.76
tomato,Pune(Pimpri),2026-07-22,2000.0,2000.0,2000.0,2035.7142857142856,2025.16,1711.79,2358.17,25.16,0.0,35.71,1,646.38
tomato,Pune(Pimpri),2026-07-23,2150.0,2000.0,2150.0,2035.7142857142856,2119.16,1734.33,2584.55,119.16,150.0,35.71,1,850.21
tomato,Pune(Pimpri),2026-07-25,2000.0,2000.0,2000.0,2057.1428571428573,2038.21,1674.9,2460.8,38.21,0.0,57.14,1,785.9
tomato,Pune(Pimpri),2026-07-26,2000.0,2000.0,2000.0,2050.0,2025.72,1726.4,2361.74,25.72,0.0,50.0,1,635.34
tomato,Pune(Pimpri),2026-07-28,2000.0,2000.0,2000.0,2050.0,1999.4,1713.47,2270.86,0.6,0.0,50.0,1,557.39
tomato,Pune(Pimpri),2026-07-29,2000.0,2100.0,2000.0,2050.0,2017.67,1816.7,2235.19,82.33,100.0,50.0,1,418.5
tomato,Pune(Pimpri),2026-07-30,2000.0,1750.0,2000.0,2021.428571428571,2017.73,1806.36,2205.13,267.73,250.0,271.43,0,398.77
tomato,Pune(Pimpri),2026-08-01,2000.0,1500.0,2000.0,2021.428571428571,2001.09,1836.0,2174.59,501.09,500.0,521.43,0,338.59
tomato,Pune(Pimpri),2026-08-02,2100.0,1500.0,2100.0,2021.428571428571,2046.35,1837.22,2271.6,546.35,600.0,521.43,0,434.37
tomato,Pune(Pimpri),2026-08-05,1750.0,1500.0,1750.0,2014.2857142857144,1860.28,1501.64,2230.67,360.28,250.0,514.29,0,729.03
tomato,Pune(Pimpri),2026-08-06,1500.0,1500.0,1500.0,1978.571428571429,1725.03,1324.49,2196.51,225.03,0.0,478.57,1,872.02
tomato,Pune(Pimpri),2026-08-07,1500.0,1500.0,1500.0,1907.142857142857,1673.44,1308.67,2135.95,173.44,0.0,407.14,1,827.27
tomato,Pune(Pimpri),2026-08-09,1500.0,1350.0,1500.0,1835.7142857142856,1621.13,1298.59,2141.0,271.13,150.0,485.71,1,842.41
tomato,Pune(Pimpri),2026-08-10,1500.0,1250.0,1500.0,1764.2857142857142,1572.54,1317.25,2032.93,322.54,250.0,514.29,0,715.68
tomato,Pune(Pimpri),2026-08-12,1500.0,1350.0,1500.0,1692.857142857143,1536.53,1324.21,1929.26,186.53,150.0,342.86,1,605.05
tomato,Pune(Pimpri),2026-08-13,1350.0,1350.0,1350.0,1621.428571428571,1450.76,1201.31,1884.42,100.76,0.0,271.43,1,683.11
tomato,Pune(Pimpri),2026-08-14,1250.0,1800.0,1250.0,1514.2857142857142,1319.34,1082.36,1675.36,480.66,550.0,285.71,0,592.99
tomato,Pune(Pimpri),2026-08-15,1350.0,1450.0,1350.0,1442.857142857143,1399.31,1249.96,1714.52,50.69,100.0,7.14,1,464.56
tomato,Pune(Pimpri),2026-08-16,1350.0,1200.0,1350.0,1421.428571428571,1384.13,1266.37,1616.34,184.13,150.0,221.43,0,349.97
tomato,Pune(Pimpri),2026-08-17,1800.0,1000.0,1800.0,1400.0,1784.24,1376.46,2144.63,784.24,800.0,400.0,0,768.17
tomato,Pune(Pimpri),2026-08-18,1450.0,1350.0,1450.0,1442.857142857143,1520.38,1328.82,1878.12,170.38,100.0,92.86,1,549.3
tomato,Pune(Pimpri),2026-08-19,1200.0,1350.0,1200.0,1435.7142857142858,1364.74,1018.24,1766.55,14.74,150.0,85.71,1,748.31
tomato,Pune(Pimpri),2026-08-20,1000.0,1500.0,1000.0,1392.857142857143,1139.64,653.46,1619.28,360.36,500.0,107.14,1,965.83
tomato,Pune(Pimpri),2026-08-21,1350.0,1200.0,1350.0,1342.857142857143,1340.73,928.19,1750.71,140.73,150.0,142.86,1,822.52
tomato,Pune(Pimpri),2026-08-22,1350.0,1200.0,1350.0,1357.142857142857,1360.16,1006.01,1745.68,160.16,150.0,157.14,1,739.68
tomato,Pune(Pimpri),2026-08-23,1500.0,1200.0,1500.0,1357.142857142857,1482.93,1112.94,1920.44,282.93,300.0,157.14,1,807.49
tomato,Pune(Pimpri),2026-08-24,1200.0,1100.0,1200.0,1378.571428571429,1309.05,916.34,1746.63,209.05,100.0,278.57,1,830.3
tomato,Pune(Pimpri),2026-08-26,1200.0,1100.0,1200.0,1292.857142857143,1305.91,930.22,1733.96,205.91,100.0,192.86,1,803.74
tomato,Pune(Pimpri),2026-08-27,1200.0,1300.0,1200.0,1257.142857142857,1251.2,920.61,1634.5,48.8,100.0,42.86,1,713.89
tomato,Pune(Pimpri),2026-08-28,1100.0,1350.0,1100.0,1257.142857142857,1179.76,884.43,1627.28,170.24,250.0,92.86,1,742.85
tomato,Pune(Pimpri),2026-08-29,1100.0,1100.0,1100.0,1271.428571428571,1131.92,899.2,1423.63,31.92,0.0,171.43,1,524.43
tomato,Pune(Pimpri),2026-08-30,1300.0,1100.0,1300.0,1235.7142857142858,1249.95,983.4,1591.47,149.95,200.0,135.71,1,608.07
tomato,Pune(Pimpri),2026-08-31,1350.0,1400.0,1350.0,1228.571428571429,1278.44,1009.22,1644.72,121.56,50.0,171.43,1,635.5
wheat,APMC Akola,2025-12-18,2515.0,2530.0,2515.0,2517.8571428571427,2521.4,2473.95,2578.03,8.6,15.0,12.14,1,104.08
wheat,APMC Akola,2025-12-20,2475.0,2470.0,2475.0,2512.1428571428573,2508.24,2465.21,2564.01,38.24,5.0,42.14,1,98.8
wheat,APMC Akola,2025-12-23,2540.0,2482.0,2540.0,2504.285714285714,2519.3,2474.0,2574.24,37.3,58.0,22.29,1,100.23
wheat,APMC Akola,2025-12-25,2540.0,2500.0,2540.0,2500.714285714286,2508.4,2459.67,2565.97,8.4,40.0,0.71,1,106.3
wheat,APMC Akola,2025-12-27,2480.0,2500.0,2480.0,2504.5714285714284,2494.19,2453.22,2545.42,5.81,20.0,4.57,1,92.2
wheat,APMC Akola,2025-12-30,2575.0,2500.0,2575.0,2506.0,2508.35,2465.9,2570.2,8.35,75.0,6.0,1,104.3
wheat,APMC Akola,2026-01-01,2550.0,2565.0,2550.0,2506.714285714286,2512.66,2468.06,2571.57,52.34,15.0,58.29,1,103.52
wheat,APMC Akola,2026-01-03,2500.0,2500.0,2500.0,2512.4285714285716,2506.71,2466.39,2564.09,6.71,0.0,12.43,1,97.7
wheat,APMC Akola,2026-01-06,2500.0,2600.0,2500.0,2527.1428571428573,2509.19,2471.1,2567.74,90.81,100.0,72.86,0,96.64
wheat,APMC Akola,2026-01-08,2522.0,2575.0,2522.0,2516.4285714285716,2511.49,2473.43,2567.46,63.51,53.0,58.57,0,94.03
wheat,APMC Akola,2026-01-10,2465.0,2475.0,2465.0,2526.714285714286,2509.76,2467.78,2570.34,34.76,10.0,51.71,1,102.56
wheat,APMC Akola,2026-01-16,2470.0,2575.0,2470.0,2532.4285714285716,2508.12,2465.24,2571.36,66.88,105.0,42.57,0,106.11
wheat,APMC Akola,2026-01-19,2465.0,2695.0,2465.0,2515.285714285714,2499.01,2468.17,2563.94,195.99,230.0,179.71,0,95.77
wheat,APMC Akola,2026-01-21,2495.0,2500.0,2495.0,2517.8571428571427,2510.58,2475.28,2574.4,10.58,5.0,17.86,1,99.13
wheat,APMC Akola,2026-01-24,2500.0,2520.0,2500.0,2535.714285714286,2513.97,2470.05,2588.11,6.03,20.0,15.71,1,118.06
wheat,APMC Akola,2026-01-28,2500.0,2485.0,2500.0,2529.285714285714,2508.7,2470.88,2574.67,23.7,15.0,44.29,1,103.78
wheat,APMC Akola,2026-01-31,2485.0,2520.0,2485.0,2540.714285714286,2504.61,2471.58,2572.33,15.39,35.0,20.71,1,100.75
wheat,APMC Akola,2026-02-03,2500.0,2500.0,2500.0,2526.4285714285716,2499.48,2477.04,2563.51,0.52,0.0,26.43,1,86.47
wheat,APMC Akola,2026-02-05,2500.0,2435.0,2500.0,2501.4285714285716,2501.52,2471.83,2560.2,66.52,65.0,66.43,0,88.37
wheat,APMC Akola,2026-02-07,2475.0,2440.0,2475.0,2501.4285714285716,2495.63,2469.02,2554.93,55.63,35.0,61.43,0,85.91
wheat,APMC Akola,2026-02-10,2485.0,2435.0,2485.0,2487.8571428571427,2489.99,2455.55,2547.83,54.99,50.0,52.86,0,92.28
wheat,APMC Akola,2026-02-12,2440.0,2475.0,2440.0,2479.285714285714,2466.45,2423.25,2522.43,8.55,35.0,4.29,1,99.17
wheat,APMC Akola,2026-02-14,2480.0,2440.0,2480.0,2458.5714285714284,2469.12,2433.43,2526.3,29.12,40.0,18.57,1,92.87
wheat,APMC Akola,2026-02-18,2427.0,2505.0,2427.0,2455.714285714286,2460.83,2421.35,2515.95,44.17,78.0,49.29,1,94.6
wheat,APMC Akola,2026-02-23,2430.0,2490.0,2430.0,2448.1428571428573,2444.04,2412.9,2491.47,45.96,60.0,41.86,1,78.57
wheat,APMC Akola,2026-03-17,2465.0,2500.0,2465.0,2456.0,2459.99,2426.02,2509.65,40.01,35.0,44.0,1,83.63
wheat,APMC Akola,2026-03-20,2545.0,2625.0,2545.0,2461.714285714286,2476.1,2434.88,2535.47,148.9,80.0,163.29,0,100.59
wheat,APMC Akola,2026-03-24,2505.0,2640.0,2505.0,2482.1428571428573,2488.87,2444.89,2546.85,151.13,135.0,157.86,0,101.97
wheat,APMC Akola,2026-04-01,2655.0,2650.0,2655.0,2519.285714285714,2544.02,2463.74,2707.0,105.98,5.0,130.71,1,243.26
wheat,APMC Akola,2026-04-06,2650.0,2605.0,2650.0,2565.714285714286,2656.74,2540.16,2789.24,51.74,45.0,39.29,1,249.07
wheat,APMC Akola,2026-04-08,2625.0,2680.0,2625.0,2603.5714285714284,2633.99,2530.0,2721.27,46.01,55.0,76.43,1,191.27
wheat,APMC Akola,2026-04-13,2710.0,2635.0,2710.0,2635.714285714286,2676.7,2560.35,2808.98,41.7,75.0,0.71,1,248.62
wheat,APMC Akola,2026-04-16,2640.0,2800.0,2640.0,2651.4285714285716,2656.6,2561.44,2750.33,143.4,160.0,148.57,0,188.89
wheat,APMC Akola,2026-06-16,2600.0,2600.0,2600.0,2649.285714285714,2613.97,2523.85,2697.41,13.97,0.0,49.29,1,173.56
wheat,APMC Akola,2026-07-28,2590.0,2600.0,2590.0,2667.1428571428573,2626.16,2540.14,2723.3,26.16,10.0,67.14,1,183.15
wheat,APMC Akola,2026-07-30,2635.0,2630.0,2635.0,2649.285714285714,2628.56,2554.13,2707.08,1.44,5.0,19.29,1,152.95
wheat,APMC Akola,2026-08-01,2625.0,2610.0,2625.0,2637.1428571428573,2622.88,2568.59,2695.71,12.88,15.0,27.14,1,127.12
wheat,APMC Akola,2026-08-04,2600.0,2600.0,2600.0,2640.0,2619.34,2572.11,2689.22,19.34,0.0,40.0,1,117.1
wheat,APMC Akola,2026-08-06,2630.0,2615.0,2630.0,2614.285714285714,2620.03,2564.06,2683.37,5.03,15.0,0.71,1,119.32
wheat,APMC Akola,2026-08-08,2625.0,2620.0,2625.0,2613.5714285714284,2615.8,2574.13,2675.36,4.2,5.0,6.43,1,101.23
wheat,APMC Akola,2026-08-11,2600.0,2630.0,2600.0,2615.714285714286,2609.82,2575.51,2656.56,20.18,30.0,14.29,1,81.05
wheat,APMC Akola,2026-08-13,2600.0,2660.0,2600.0,2614.285714285714,2608.57,2575.11,2649.39,51.43,60.0,45.71,0,74.27
wheat,APMC Akola,2026-08-17,2620.0,2630.0,2620.0,2612.8571428571427,2613.85,2565.19,2652.32,16.15,10.0,17.14,1,87.13
wheat,APMC Akola,2026-08-19,2665.0,2615.0,2665.0,2620.714285714286,2634.59,2564.18,2689.95,19.59,50.0,5.71,1,125.77
wheat,APMC Akola,2026-08-21,2600.0,2650.0,2600.0,2632.1428571428573,2615.27,2551.23,2660.5,34.73,50.0,17.86,1,109.28
wheat,APMC Akola,2026-08-24,2600.0,2655.0,2600.0,2631.4285714285716,2609.07,2559.82,2654.4,45.93,55.0,23.57,0,94.57
wheat,APMC Akola,2026-08-29,2620.0,2665.0,2620.0,2631.4285714285716,2616.66,2565.04,2664.5,48.34,45.0,33.57,0,99.46
wheat,APMC Amarawati,2025-12-18,2750.0,2750.0,2750.0,2735.714285714286,2726.74,2659.48,2857.62,23.26,0.0,14.29,1,198.14
wheat,APMC Amarawati,2025-12-20,2725.0,2750.0,2725.0,2757.1428571428573,2723.49,2674.73,2809.85,26.51,25.0,7.14,1,135.12
wheat,APMC Amarawati,2025-12-23,2750.0,2750.0,2750.0,2764.285714285714,2749.08,2704.76,2836.11,0.92,0.0,14.29,1,131.35
wheat,APMC Amarawati,2025-12-26,2750.0,2750.0,2750.0,2767.8571428571427,2747.2,2707.08,2810.39,2.8,0.0,17.86,1,103.31
wheat,APMC Amarawati,2025-12-29,2750.0,2750.0,2750.0,2746.4285714285716,2749.62,2725.32,2794.11,0.38,0.0,3.57,1,68.79
wheat,APMC Amarawati,2025-12-31,2750.0,2750.0,2750.0,2750.0,2750.56,2729.28,2808.76,0.56,0.0,0.0,1,79.48
wheat,APMC Amarawati,2026-01-02,2750.0,2800.0,2750.0,2750.0,2754.13,2734.16,2796.71,45.87,50.0,50.0,0,62.56
wheat,APMC Amarawati,2026-01-05,2750.0,2750.0,2750.0,2750.0,2750.91,2739.56,2768.84,0.91,0.0,0.0,1,29.28
wheat,APMC Amarawati,2026-01-07,2750.0,2750.0,2750.0,2757.1428571428573,2751.44,2722.5,2828.81,1.44,0.0,7.14,1,106.31
wheat,APMC Amarawati,2026-01-09,2750.0,2900.0,2750.0,2757.1428571428573,2749.5,2735.51,2807.79,150.5,150.0,142.86,0,72.29
wheat,APMC Amarawati,2026-01-13,2750.0,2750.0,2750.0,2757.1428571428573,2750.5,2741.47,2786.54,0.5,0.0,7.14,1,45.08
wheat,APMC Amarawati,2026-01-16,2750.0,2737.0,2750.0,2778.5714285714284,2747.5,2728.44,2796.77,10.5,13.0,41.57,1,68.33
wheat,APMC Amarawati,2026-01-19,2750.0,2725.0,2750.0,2771.4285714285716,2749.17,2717.83,2818.76,24.17,25.0,46.43,1,100.93
wheat,APMC Amarawati,2026-01-21,2725.0,2725.0,2725.0,2769.5714285714284,2737.3,2687.04,2795.77,12.3,0.0,44.57,1,108.73
wheat,APMC Amarawati,2026-01-23,2850.0,2750.0,2850.0,2762.4285714285716,2747.03,2700.22,2847.13,2.97,100.0,12.43,1,146.91
wheat,APMC Amarawati,2026-01-27,2750.0,2750.0,2750.0,2751.714285714286,2746.54,2704.79,2813.33,3.46,0.0,1.71,1,108.54
wheat,APMC Amarawati,2026-01-30,2750.0,2750.0,2750.0,2751.714285714286,2746.84,2713.7,2801.66,3.16,0.0,1.71,1,87.96
wheat,APMC Amarawati,2026-02-02,2700.0,2750.0,2700.0,2757.1428571428573,2732.19,2660.25,2785.32,17.81,50.0,7.14,1,125.08
wheat,APMC Amarawati,2026-02-04,2750.0,2750.0,2750.0,2739.285714285714,2745.08,2701.61,2827.78,4.92,0.0,10.71,1,126.17
wheat,APMC Amarawati,2026-02-06,2750.0,2750.0,2750.0,2742.8571428571427,2747.59,2721.63,2783.31,2.41,0.0,7.14,1,61.69
wheat,APMC Amarawati,2026-02-09,2750.0,2750.0,2750.0,2742.8571428571427,2748.73,2720.83,2767.54,1.27,0.0,7.14,1,46.71
wheat,APMC Amarawati,2026-02-11,2750.0,2750.0,2750.0,2750.0,2749.48,2724.39,2765.4,0.52,0.0,0.0,1,41.01
wheat,APMC Amarawati,2026-02-13,2750.0,2750.0,2750.0,2750.0,2749.63,2738.55,2757.69,0.37,0.0,0.0,1,19.13
wheat,APMC Amarawati,2026-02-16,2900.0,2750.0,2900.0,2750.0,2749.72,2714.02,2856.8,0.28,150.0,0.0,1,142.78
wheat,APMC Amarawati,2026-02-18,2750.0,2750.0,2750.0,2771.4285714285716,2748.89,2723.05,2775.22,1.11,0.0,21.43,1,52.17
wheat,APMC Amarawati,2026-02-21,2775.0,2750.0,2775.0,2771.4285714285716,2750.69,2741.63,2767.61,0.69,25.0,21.43,1,25.98
wheat,APMC Amarawati,2026-02-24,2750.0,2700.0,2750.0,2775.0,2750.76,2745.77,2766.4,50.76,50.0,75.0,0,20.63
wheat,APMC Amarawati,2026-02-26,2700.0,2800.0,2700.0,2753.5714285714284,2746.09,2691.13,2783.17,53.91,100.0,46.43,0,92.04
wheat,APMC Amarawati,2026-02-28,2750.0,2750.0,2750.0,2739.285714285714,2747.66,2694.66,2773.35,2.34,0.0,10.71,1,78.69
wheat,APMC Amarawati,2026-03-04,2900.0,2612.0,2900.0,2742.8571428571427,2748.23,2698.05,2850.39,136.23,288.0,130.86,0,152.34
wheat,APMC Amarawati,2026-03-06,2575.0,2725.0,2575.0,2764.285714285714,2723.4,2551.88,2808.7,1.6,150.0,39.29,1,256.82
wheat,APMC Amarawati,2026-03-09,2725.0,2800.0,2725.0,2726.714285714286,2744.8,2629.38,2813.36,55.2,75.0,73.29,1,183.98
wheat,APMC Amarawati,2026-03-11,2750.0,2642.0,2750.0,2726.714285714286,2747.47,2695.31,2794.0,105.47,108.0,84.71,0,98.69
wheat,APMC Amarawati,2026-03-20,2512.0,2617.0,2512.0,2705.285714285714,2717.41,2457.73,2850.67,100.41,105.0,88.29,1,392.94
wheat,APMC Amarawati,2026-08-01,2617.0,2643.0,2617.0,2680.8571428571427,2686.55,2525.84,2797.96,43.55,26.0,37.86,1,272.12
wheat,APMC Amarawati,2026-08-05,2617.0,2642.0,2617.0,2666.1428571428573,2652.35,2532.09,2782.59,10.35,25.0,24.14,1,250.51
wheat,APMC Amarawati,2026-08-10,2642.0,2642.0,2642.0,2635.4285714285716,2638.39,2571.07,2754.38,3.61,0.0,6.57,1,183.31
wheat,APMC Amarawati,2026-08-12,2642.0,2642.0,2642.0,2631.4285714285716,2654.12,2598.57,2732.29,12.12,0.0,10.57,1,133.71
wheat,APMC Amarawati,2026-08-14,2643.0,2642.0,2643.0,2635.0,2648.91,2607.47,2715.9,6.91,1.0,7.0,1,108.43
wheat,APMC Amarawati,2026-08-19,2642.0,2642.0,2642.0,2642.285714285714,2648.3,2612.72,2706.94,6.3,0.0,0.29,1,94.22
wheat,APMC Amarawati,2026-08-21,2642.0,2642.0,2642.0,2642.1428571428573,2645.1,2624.83,2685.21,3.1,0.0,0.14,1,60.38
wheat,APMC Amarawati,2026-08-25,2642.0,2642.0,2642.0,2642.1428571428573,2644.8,2636.06,2682.71,2.8,0.0,0.14,1,46.64
wheat,APMC Amarawati,2026-08-29,2642.0,2642.0,2642.0,2642.0,2644.12,2635.58,2678.89,2.12,0.0,0.0,1,43.3
wheat,APMC Chattrapati Sambhajinagar,2025-12-18,2675.0,2616.0,2675.0,2655.1428571428573,2666.73,2616.95,2747.94,50.73,59.0,39.14,0,130.99
wheat,APMC Chattrapati Sambhajinagar,2025-12-20,2500.0,2638.0,2500.0,2665.0,2641.46,2569.75,2732.29,3.46,138.0,27.0,1,162.54
wheat,APMC Chattrapati Sambhajinagar,2025-12-23,2625.0,2651.0,2625.0,2636.1428571428573,2638.03,2585.43,2711.08,12.97,26.0,14.86,1,125.64
wheat,APMC Chattrapati Sambhajinagar,2025-12-26,2620.0,2725.0,2620.0,2626.5714285714284,2631.84,2587.52,2687.69,93.16,105.0,98.43,0,100.17
wheat,APMC Chattrapati Sambhajinagar,2025-12-29,2625.0,2600.0,2625.0,2614.285714285714,2634.39,2591.59,2685.73,34.39,25.0,14.29,1,94.14
wheat,APMC Chattrapati Sambhajinagar,2025-12-31,2625.0,2625.0,2625.0,2642.8571428571427,2645.16,2596.31,2710.68,20.16,0.0,17.86,1,114.37
wheat,APMC Chattrapati Sambhajinagar,2026-01-02,2625.0,2680.0,2625.0,2640.5714285714284,2634.74,2588.43,2696.61,45.26,55.0,39.43,1,108.18
wheat,APMC Chattrapati Sambhajinagar,2026-01-06,2678.0,2650.0,2678.0,2639.4285714285716,2648.49,2602.11,2716.11,1.51,28.0,10.57,1,114.0
wheat,APMC Chattrapati Sambhajinagar,2026-01-08,2675.0,2626.0,2675.0,2651.1428571428573,2653.83,2605.58,2727.03,27.83,49.0,25.14,1,121.45
wheat,APMC Chattrapati Sambhajinagar,2026-01-10,2675.0,2900.0,2675.0,2647.5714285714284,2662.73,2612.53,2731.9,237.27,225.0,252.43,0,119.37
wheat,APMC Chattrapati Sambhajinagar,2026-01-13,2811.0,2562.0,2811.0,2658.4285714285716,2682.22,2619.27,2786.17,120.22,249.0,96.43,0,166.9
wheat,APMC Chattrapati Sambhajinagar,2026-01-20,2736.0,2686.0,2736.0,2716.714285714286,2710.5,2628.45,2844.63,24.5,50.0,30.71,1,216.19
wheat,APMC Chattrapati Sambhajinagar,2026-01-23,2700.0,2650.0,2700.0,2708.5714285714284,2696.95,2620.05,2829.59,46.95,50.0,58.57,1,209.54
wheat,APMC Chattrapati Sambhajinagar,2026-01-29,2625.0,2675.0,2625.0,2717.285714285714,2678.6,2612.44,2802.9,3.6,50.0,42.29,1,190.45
wheat,APMC Chattrapati Sambhajinagar,2026-01-31,2562.0,2651.0,2562.0,2694.1428571428573,2642.81,2570.48,2761.91,8.19,89.0,43.14,1,191.43
wheat,APMC Chattrapati Sambhajinagar,2026-02-03,2610.0,2606.0,2610.0,2637.1428571428573,2660.76,2595.89,2770.32,54.76,4.0,31.14,1,174.43
wheat,APMC Chattrapati Sambhajinagar,2026-02-05,2580.0,2488.0,2580.0,2637.0,2642.86,2576.52,2749.73,154.86,92.0,149.0,0,173.21
wheat,APMC Chattrapati Sambhajinagar,2026-02-13,2550.0,2638.0,2550.0,2619.1428571428573,2613.13,2549.98,2701.19,24.87,88.0,18.86,1,151.2
wheat,APMC Chattrapati Sambhajinagar,2026-02-16,2550.0,2515.0,2550.0,2594.285714285714,2577.83,2501.85,2658.1,62.83,35.0,79.29,1,156.25
wheat,APMC Chattrapati Sambhajinagar,2026-02-18,2600.0,2502.0,2600.0,2580.4285714285716,2614.97,2546.32,2684.55,112.97,98.0,78.43,0,138.23
wheat,APMC Chattrapati Sambhajinagar,2026-02-23,2425.0,2550.0,2425.0,2563.8571428571427,2540.71,2401.39,2644.34,9.29,125.0,13.86,1,242.95
wheat,APMC Chattrapati Sambhajinagar,2026-02-25,2550.0,2512.0,2550.0,2531.1428571428573,2541.05,2463.13,2614.61,29.05,38.0,19.14,1,151.48
wheat,APMC Chattrapati Sambhajinagar,2026-02-27,2466.0,2454.0,2466.0,2540.0,2519.99,2432.25,2607.25,65.99,12.0,86.0,1,175.0
wheat,APMC Chattrapati Sambhajinagar,2026-03-02,2500.0,2526.0,2500.0,2502.8571428571427,2526.23,2452.64,2609.67,0.23,26.0,23.14,1,157.03
wheat,APMC Chattrapati Sambhajinagar,2026-03-07,2505.0,2467.0,2505.0,2504.8571428571427,2523.16,2454.8,2595.86,56.16,38.0,37.86,1,141.06
wheat,APMC Chattrapati Sambhajinagar,2026-03-11,2493.0,2504.0,2493.0,2501.8571428571427,2499.62,2431.33,2580.16,4.38,11.0,2.14,1,148.83
wheat,APMC Chattrapati Sambhajinagar,2026-03-14,2466.0,2451.0,2466.0,2493.8571428571427,2499.11,2435.98,2570.33,48.11,15.0,42.86,1,134.35
wheat,APMC Chattrapati Sambhajinagar,2026-03-20,2525.0,2644.0,2525.0,2487.8571428571427,2493.29,2435.98,2559.69,150.71,119.0,156.14,0,123.71
wheat,APMC Chattrapati Sambhajinagar,2026-03-24,2548.0,2978.0,2548.0,2490.285714285714,2525.2,2455.99,2610.25,452.8,430.0,487.71,0,154.27
wheat,APMC Chattrapati Sambhajinagar,2026-04-24,2690.0,2693.0,2690.0,2515.0,2510.13,2423.42,2617.47,182.87,3.0,178.0,0,194.05
wheat,APMC Chattrapati Sambhajinagar,2026-07-23,2687.0,2763.0,2687.0,2620.0,2586.51,2460.61,2797.48,176.49,76.0,143.0,1,336.87
wheat,APMC Chattrapati Sambhajinagar,2026-07-27,2692.0,3134.0,2692.0,2670.1428571428573,2661.82,2537.66,2828.51,472.18,442.0,463.86,0,290.85
wheat,APMC Chattrapati Sambhajinagar,2026-07-29,2735.0,2712.0,2735.0,2735.285714285714,2718.84,2582.3,2884.05,6.84,23.0,23.29,1,301.75
wheat,APMC Chattrapati Sambhajinagar,2026-07-31,3164.0,2725.0,3164.0,2811.714285714286,3014.73,2648.03,3679.4,289.73,439.0,86.71,1,1031.38
wheat,APMC Chattrapati Sambhajinagar,2026-08-03,2716.0,2670.0,2716.0,2841.8571428571427,2764.54,2595.57,3039.1,94.54,46.0,171.86,1,443.54
wheat,APMC Chattrapati Sambhajinagar,2026-08-05,2713.0,2698.0,2713.0,2849.8571428571427,2705.92,2585.65,2894.47,7.92,15.0,151.86,1,308.82
wheat,APMC Chattrapati Sambhajinagar,2026-08-07,2678.0,2752.0,2678.0,2833.4285714285716,2664.25,2556.55,2798.63,87.75,74.0,81.43,1,242.09
wheat,APMC Chattrapati Sambhajinagar,2026-08-10,2698.0,2746.0,2698.0,2701.714285714286,2683.34,2584.24,2811.26,62.66,48.0,44.29,1,227.02
wheat,APMC Chattrapati Sambhajinagar,2026-08-12,2730.0,2712.0,2730.0,2704.8571428571427,2710.93,2598.81,2869.75,1.07,18.0,7.14,1,270.94
wheat,APMC Chattrapati Sambhajinagar,2026-08-14,2700.0,2680.0,2700.0,2710.285714285714,2701.28,2615.38,2815.98,21.28,20.0,30.29,1,200.6
wheat,APMC Chattrapati Sambhajinagar,2026-08-18,2698.0,2693.0,2698.0,2719.4285714285716,2697.9,2619.21,2794.26,4.9,5.0,26.43,1,175.05
wheat,APMC Chattrapati Sambhajinagar,2026-08-20,2720.0,2690.0,2720.0,2716.8571428571427,2688.42,2589.54,2800.61,1.58,30.0,26.86,1,211.07
wheat,APMC Chattrapati Sambhajinagar,2026-08-24,2693.0,2695.0,2693.0,2707.0,2687.32,2608.4,2772.18,7.68,2.0,12.0,1,163.78
wheat,APMC Chattrapati Sambhajinagar,2026-08-27,2721.0,2664.0,2721.0,2698.0,2694.78,2608.22,2787.02,30.78,57.0,34.0,1,178.8
wheat,APMC Chattrapati Sambhajinagar,2026-08-29,2642.0,2828.0,2642.0,2698.8571428571427,2664.42,2583.48,2736.53,163.58,186.0,129.14,0,153.05
wheat,APMC Dhule,2025-12-19,2675.0,2650.0,2675.0,2592.8571428571427,2590.15,2480.48,2684.64,59.85,25.0,57.14,1,204.16
wheat,APMC Dhule,2025-12-29,2600.0,2650.0,2600.0,2610.714285714286,2588.49,2486.52,2675.12,61.51,50.0,39.29,1,188.6
wheat,APMC Dhule,2025-12-31,2550.0,2600.0,2550.0,2617.8571428571427,2597.94,2508.44,2685.93,2.06,50.0,17.86,1,177.48
wheat,APMC Dhule,2026-01-03,2595.0,2650.0,2595.0,2617.8571428571427,2598.14,2509.54,2679.81,51.86,55.0,32.14,1,170.27
wheat,APMC Dhule,2026-01-07,2650.0,2700.0,2650.0,2606.4285714285716,2590.42,2512.33,2666.12,109.58,50.0,93.57,0,153.79
wheat,APMC Dhule,2026-01-09,2810.0,2600.0,2810.0,2620.714285714286,2597.28,2502.76,2709.68,2.72,210.0,20.71,1,206.92
wheat,APMC Dhule,2026-01-12,2650.0,2700.0,2650.0,2665.0,2601.67,2511.48,2705.49,98.33,50.0,35.0,1,194.01
wheat,APMC Dhule,2026-01-19,2650.0,2600.0,2650.0,2665.714285714286,2587.18,2504.86,2683.15,12.82,50.0,65.71,1,178.28
wheat,APMC Dhule,2026-01-21,2670.0,2700.0,2670.0,2680.0,2609.66,2511.47,2706.59,90.34,30.0,20.0,1,195.12
wheat,APMC Dhule,2026-01-24,2675.0,2661.0,2675.0,2652.8571428571427,2608.71,2519.4,2696.47,52.29,14.0,8.14,1,177.07
wheat,APMC Dhule,2026-01-28,2650.0,2550.0,2650.0,2656.4285714285716,2631.2,2541.24,2721.15,81.2,100.0,106.43,1,179.92
wheat,APMC Dhule,2026-01-30,2600.0,2450.0,2600.0,2665.1428571428573,2621.75,2535.9,2706.31,171.75,150.0,215.14,0,170.41
wheat,APMC Dhule,2026-02-14,2500.0,2450.0,2500.0,2633.714285714286,2580.75,2494.19,2662.42,130.75,50.0,183.71,0,168.23
wheat,APMC Dhule,2026-02-17,2425.0,2525.0,2425.0,2587.285714285714,2497.4,2389.85,2620.0,27.6,100.0,62.29,1,230.15
wheat,APMC Dhule,2026-02-20,2450.0,2525.0,2450.0,2519.4285714285716,2457.43,2426.68,2541.54,67.57,75.0,5.57,1,114.87
wheat,APMC Dhule,2026-02-24,2650.0,2500.0,2650.0,2478.5714285714284,2598.24,2488.98,2691.02,98.24,150.0,21.43,1,202.04
wheat,APMC Dhule,2026-02-26,2500.0,2430.0,2500.0,2496.4285714285716,2558.13,2464.54,2658.69,128.13,70.0,66.43,0,194.15
wheat,APMC Dhule,2026-02-28,2425.0,2450.0,2425.0,2514.285714285714,2506.5,2421.63,2624.83,56.5,25.0,64.29,1,203.2
wheat,APMC Dhule,2026-03-07,2450.0,2590.0,2450.0,2507.8571428571427,2465.51,2426.32,2586.87,124.49,140.0,82.14,0,160.55
wheat,APMC Dhule,2026-03-24,2435.0,2600.0,2435.0,2468.5714285714284,2447.37,2424.32,2550.66,152.63,165.0,131.43,0,126.34
wheat,APMC Dhule,2026-04-10,2585.0,2600.0,2585.0,2468.5714285714284,2562.99,2452.69,2679.1,37.01,15.0,131.43,1,226.41
wheat,APMC Dhule,2026-04-17,2601.0,2601.0,2601.0,2505.714285714286,2589.7,2489.14,2680.01,11.3,0.0,95.29,1,190.86
wheat,APMC Dhule,2026-04-23,2600.0,2590.0,2600.0,2551.5714285714284,2593.74,2506.2,2664.11,3.74,10.0,38.43,1,157.91
wheat,APMC Dhule,2026-05-13,2610.0,2605.0,2610.0,2596.714285714286,2599.47,2527.44,2654.37,5.53,5.0,8.29,1,126.93
wheat,APMC Dhule,2026-05-21,2600.0,2600.0,2600.0,2600.285714285714,2597.84,2539.83,2643.43,2.16,0.0,0.29,1,103.6
wheat,APMC Dhule,2026-06-02,2595.0,2605.0,2595.0,2600.8571428571427,2598.3,2549.48,2631.18,6.7,10.0,4.14,1,81.7
wheat,APMC Dhule,2026-07-01,2600.0,2600.0,2600.0,2600.1428571428573,2601.2,2568.74,2623.25,1.2,0.0,0.14,1,54.5
wheat,APMC Dhule,2026-07-21,2600.0,2620.0,2600.0,2599.285714285714,2601.18,2572.43,2617.78,18.82,20.0,20.71,0,45.35
wheat,APMC Dhule,2026-07-28,2610.0,2750.0,2610.0,2600.714285714286,2604.0,2570.44,2623.72,146.0,140.0,149.29,0,53.28
wheat,APMC Hinganghat,2025-12-18,2470.0,2445.0,2470.0,2457.8571428571427,2460.24,2434.08,2498.97,15.24,25.0,12.86,1,64.89
wheat,APMC Hinganghat,2025-12-22,2450.0,2500.0,2450.0,2460.0,2450.67,2427.62,2491.08,49.33,50.0,40.0,0,63.46
wheat,APMC Hinganghat,2025-12-24,2460.0,2500.0,2460.0,2458.5714285714284,2450.94,2429.08,2488.33,49.06,40.0,41.43,0,59.25
wheat,APMC Hinganghat,2025-12-29,2480.0,2500.0,2480.0,2462.8571428571427,2469.99,2437.86,2500.22,30.01,20.0,37.14,1,62.36
wheat,APMC Hinganghat,2025-12-31,2480.0,2500.0,2480.0,2468.5714285714284,2477.39,2439.93,2499.59,22.61,20.0,31.43,0,59.66
wheat,APMC Hinganghat,2026-01-03,2500.0,2530.0,2500.0,2480.714285714286,2493.37,2445.55,2500.19,36.63,30.0,49.29,0,54.64
wheat,APMC Hinganghat,2026-01-06,2500.0,2475.0,2500.0,2494.285714285714,2497.45,2458.32,2499.63,22.45,25.0,19.29,1,41.31
wheat,APMC Hinganghat,2026-01-09,2510.0,2500.0,2510.0,2501.4285714285716,2506.6,2465.96,2522.04,6.6,10.0,1.43,1,56.09
wheat,APMC Hinganghat,2026-01-12,2600.0,2570.0,2600.0,2502.1428571428573,2510.3,2458.43,2594.29,59.7,30.0,67.86,1,135.86
wheat,APMC Hinganghat,2026-01-14,2500.0,2600.0,2500.0,2516.4285714285716,2492.04,2449.43,2519.08,107.96,100.0,83.57,0,69.66
wheat,APMC Hinganghat,2026-01-17,2500.0,2500.0,2500.0,2526.4285714285716,2498.47,2455.48,2541.21,1.53,0.0,26.43,1,85.73
wheat,APMC Hinganghat,2026-01-20,2480.0,2500.0,2480.0,2535.0,2495.7,2453.52,2557.08,4.3,20.0,35.0,1,103.56
wheat,APMC Hinganghat,2026-01-22,2500.0,2450.0,2500.0,2521.4285714285716,2498.44,2459.51,2547.12,48.44,50.0,71.43,0,87.61
wheat,APMC Hinganghat,2026-01-24,2500.0,2500.0,2500.0,2521.4285714285716,2500.08,2464.06,2540.58,0.08,0.0,21.43,1,76.52
wheat,APMC Hinganghat,2026-01-28,2450.0,2450.0,2450.0,2504.285714285714,2471.03,2440.74,2516.29,21.03,0.0,54.29,1,75.55
wheat,APMC Hinganghat,2026-01-31,2480.0,2500.0,2480.0,2485.714285714286,2498.36,2459.44,2540.26,1.64,20.0,14.29,1,80.81
wheat,APMC Hinganghat,2026-02-03,2450.0,2500.0,2450.0,2475.714285714286,2469.01,2438.19,2514.21,30.99,50.0,24.29,1,76.02
wheat,APMC Hinganghat,2026-02-09,2520.0,2440.0,2520.0,2468.5714285714284,2505.39,2465.13,2550.67,65.39,80.0,28.57,0,85.54
wheat,APMC Hinganghat,2026-02-12,2460.0,2430.0,2460.0,2485.714285714286,2488.48,2451.98,2535.37,58.48,30.0,55.71,0,83.39
wheat,APMC Hinganghat,2026-02-16,2480.0,2590.0,2480.0,2474.285714285714,2477.84,2440.96,2528.69,112.16,110.0,115.71,0,87.73
wheat,APMC Hinganghat,2026-03-24,2435.0,2595.0,2435.0,2475.714285714286,2444.45,2424.46,2488.7,150.55,160.0,119.29,0,64.24
wheat,APMC Hinganghat,2026-07-28,2600.0,2600.0,2600.0,2476.4285714285716,2502.8,2442.67,2607.09,97.2,0.0,123.57,1,164.42
wheat,APMC Hinganghat,2026-07-31,2600.0,2600.0,2600.0,2510.0,2569.09,2481.8,2644.6,30.91,0.0,90.0,1,162.79
wheat,APMC Hinganghat,2026-08-04,2600.0,2600.0,2600.0,2550.0,2591.91,2502.35,2620.89,8.09,0.0,50.0,1,118.53
wheat,APMC Hinganghat,2026-08-06,2600.0,2595.0,2600.0,2597.8571428571427,2596.6,2509.18,2602.21,1.6,5.0,2.86,1,93.03
wheat,APMC Hinganghat,2026-08-10,2600.0,2600.0,2600.0,2599.285714285714,2597.08,2530.28,2604.05,2.92,0.0,0.71,1,73.77
wheat,APMC Hinganghat,2026-08-12,2600.0,2590.0,2600.0,2599.285714285714,2598.15,2540.78,2604.07,8.15,10.0,9.29,1,63.29
wheat,APMC Hinganghat,2026-08-14,2590.0,2590.0,2590.0,2599.285714285714,2597.46,2535.03,2601.58,7.46,0.0,9.29,1,66.54
wheat,APMC Hinganghat,2026-08-19,2590.0,2600.0,2590.0,2596.4285714285716,2595.12,2535.42,2598.68,4.88,10.0,3.57,0,63.26
wheat,APMC Hinganghat,2026-08-21,2600.0,2600.0,2600.0,2593.5714285714284,2597.29,2541.95,2600.52,2.71,0.0,6.43,1,58.57
wheat,APMC Hinganghat,2026-08-24,2600.0,2595.0,2600.0,2594.285714285714,2598.54,2557.99,2601.9,3.54,5.0,0.71,1,43.91
wheat,APMC Hinganghat,2026-08-27,2600.0,2620.0,2600.0,2595.714285714286,2598.83,2569.85,2602.16,21.17,20.0,24.29,0,32.31
wheat,APMC Hinganghat,2026-08-31,2600.0,2600.0,2600.0,2597.8571428571427,2598.47,2570.58,2601.63,1.53,0.0,2.14,1,31.04
wheat,APMC Jalana,2025-12-18,2600.0,2625.0,2600.0,2613.5714285714284,2602.32,2569.34,2639.37,22.68,25.0,11.43,1,70.04
wheat,APMC Jalana,2025-12-22,2611.0,2600.0,2611.0,2613.5714285714284,2606.66,2573.33,2640.84,6.66,11.0,13.57,1,67.51
wheat,APMC Jalana,2025-12-24,2650.0,2600.0,2650.0,2615.1428571428573,2638.03,2596.26,2682.12,38.03,50.0,15.14,1,85.85
wheat,APMC Jalana,2025-12-27,2575.0,2600.0,2575.0,2612.285714285714,2589.5,2558.56,2629.84,10.5,25.0,12.29,1,71.28
wheat,APMC Jalana,2025-12-30,2575.0,2650.0,2575.0,2608.714285714286,2586.13,2560.27,2621.79,63.87,75.0,41.29,0,61.52
wheat,APMC Jalana,2026-01-01,2600.0,2625.0,2600.0,2603.5714285714284,2598.21,2568.85,2634.94,26.79,25.0,21.43,1,66.09
wheat,APMC Jalana,2026-01-03,2600.0,2600.0,2600.0,2600.0,2610.15,2577.08,2649.5,10.15,0.0,0.0,1,72.42
wheat,APMC Jalana,2026-01-06,2625.0,2600.0,2625.0,2607.1428571428573,2624.02,2585.67,2664.98,24.02,25.0,7.14,1,79.31
wheat,APMC Jalana,2026-01-08,2600.0,2625.0,2600.0,2614.285714285714,2613.41,2584.11,2649.65,11.59,25.0,10.71,1,65.54
wheat,APMC Jalana,2026-01-10,2600.0,2600.0,2600.0,2614.285714285714,2609.72,2580.59,2643.5,9.72,0.0,14.29,1,62.91
wheat,APMC Jalana,2026-01-13,2625.0,2600.0,2625.0,2610.714285714286,2630.66,2598.85,2661.5,30.66,25.0,10.71,1,62.65
wheat,APMC Jalana,2026-01-16,2625.0,2625.0,2625.0,2607.1428571428573,2623.35,2594.03,2657.19,1.65,0.0,17.86,1,63.17
wheat,APMC Jalana,2026-01-20,2600.0,2600.0,2600.0,2610.714285714286,2610.08,2586.8,2640.88,10.08,0.0,10.71,1,54.08
wheat,APMC Jalana,2026-01-22,2600.0,2550.0,2600.0,2614.285714285714,2611.71,2585.44,2641.54,61.71,50.0,64.29,0,56.1
wheat,APMC Jalana,2026-01-24,2575.0,2525.0,2575.0,2607.1428571428573,2588.79,2560.07,2616.82,63.79,50.0,82.14,0,56.75
wheat,APMC Jalana,2026-01-28,2550.0,2511.0,2550.0,2592.8571428571427,2553.28,2533.81,2584.99,42.28,39.0,81.86,0,51.18
wheat,APMC Jalana,2026-01-31,2500.0,2450.0,2500.0,2575.0,2493.59,2432.13,2547.06,43.59,50.0,125.0,1,114.93
wheat,APMC Jalana,2026-02-03,2450.0,2450.0,2450.0,2544.4285714285716,2391.23,2259.29,2479.63,58.77,0.0,94.43,1,220.34
wheat,APMC Jalana,2026-02-05,2450.0,2450.0,2450.0,2505.1428571428573,2408.69,2340.99,2484.9,41.31,0.0,55.14,1,143.91
wheat,APMC Jalana,2026-02-07,2450.0,2450.0,2450.0,2476.5714285714284,2459.49,2432.04,2493.19,9.49,0.0,26.57,1,61.15
wheat,APMC Jalana,2026-02-10,2445.0,2450.0,2445.0,2458.714285714286,2453.77,2438.47,2479.14,3.77,5.0,8.71,1,40.66
wheat,APMC Jalana,2026-02-12,2475.0,2475.0,2475.0,2449.285714285714,2478.29,2450.61,2532.77,3.29,0.0,25.71,1,82.16
wheat,APMC Jalana,2026-02-14,2450.0,2575.0,2450.0,2452.8571428571427,2454.98,2442.66,2488.51,120.02,125.0,122.14,0,45.85
wheat,APMC Jalana,2026-02-18,2425.0,2575.0,2425.0,2456.4285714285716,2448.1,2424.05,2487.63,126.9,150.0,118.57,0,63.59
wheat,APMC Jalana,2026-02-21,2575.0,2500.0,2575.0,2471.4285714285716,2580.55,2538.28,2625.9,80.55,75.0,28.57,0,87.63
wheat,APMC Jalana,2026-02-24,2500.0,2560.0,2500.0,2503.5714285714284,2525.18,2458.7,2585.4,34.82,60.0,56.43,1,126.7
wheat,APMC Jalana,2026-02-26,2549.0,2500.0,2549.0,2517.8571428571427,2544.25,2485.35,2595.42,44.25,49.0,17.86,1,110.07
wheat,APMC Jalana,2026-03-04,2500.0,2651.0,2500.0,2547.714285714286,2520.4,2465.96,2584.68,130.6,151.0,103.29,0,118.72
wheat,APMC Jalana,2026-03-06,2541.0,2500.0,2541.0,2526.285714285714,2554.45,2497.8,2605.91,54.45,41.0,26.29,1,108.11
wheat,APMC Jalana,2026-03-16,2475.0,2500.0,2475.0,2543.0,2493.61,2446.32,2609.79,6.39,25.0,43.0,1,163.47
wheat,APMC Jalana,2026-03-23,2450.0,2817.0,2450.0,2532.4285714285716,2463.67,2440.84,2563.03,353.33,367.0,284.57,0,122.18
wheat,APMC Jalana,2026-04-01,2600.0,2600.0,2600.0,2516.714285714286,2503.46,2455.66,2613.51,96.54,0.0,83.29,1,157.85
wheat,APMC Jalana,2026-04-06,2695.0,2701.0,2695.0,2570.4285714285716,2623.91,2521.23,2786.08,77.09,6.0,130.57,1,264.85
wheat,APMC Jalana,2026-04-09,2700.0,2738.0,2700.0,2594.5714285714284,2655.07,2555.86,2801.67,82.93,38.0,143.43,1,245.81
wheat,APMC Jalana,2026-04-11,3700.0,2700.0,3700.0,2659.0,2768.96,2546.38,4375.67,68.96,1000.0,41.0,1,1829.29
wheat,APMC Jalana,2026-04-15,2625.0,2602.0,2625.0,2850.1428571428573,2635.65,2562.15,2850.27,33.65,23.0,248.14,1,288.12
wheat,APMC Jalana,2026-04-20,2600.0,2650.0,2600.0,2823.4285714285716,2614.91,2568.39,2709.96,35.09,50.0,173.43,1,141.58
wheat,APMC Jalana,2026-04-22,2692.0,2600.0,2692.0,2809.4285714285716,2623.2,2578.14,2714.27,23.2,92.0,209.43,1,136.13
wheat,APMC Jalana,2026-04-24,2600.0,2700.0,2600.0,2658.1428571428573,2601.35,2556.5,2657.59,98.65,100.0,41.86,0,101.09
wheat,APMC Jalana,2026-04-29,2700.0,2674.0,2700.0,2634.8571428571427,2617.6,2571.75,2688.35,56.4,26.0,39.14,1,116.6
wheat,APMC Jalana,2026-05-23,2650.0,3101.0,2650.0,2649.1428571428573,2630.41,2586.27,2710.6,470.59,451.0,451.86,0,124.33
wheat,APMC Jalana,2026-06-29,3176.0,2675.0,3176.0,2653.4285714285716,2649.23,2573.45,3008.62,25.77,501.0,21.57,1,435.17
wheat,APMC Jalana,2026-07-01,2711.0,2621.0,2711.0,2800.1428571428573,2664.31,2590.28,2871.09,43.31,90.0,179.14,1,280.81
wheat,APMC Jalana,2026-07-03,2678.0,2626.0,2678.0,2812.4285714285716,2660.65,2610.18,2804.08,34.65,52.0,186.43,1,193.9
wheat,APMC Jalana,2026-07-07,2625.0,2675.0,2625.0,2805.1428571428573,2634.39,2596.6,2732.35,40.61,50.0,130.14,1,135.75
wheat,APMC Jalana,2026-07-09,2700.0,2680.0,2700.0,2719.5714285714284,2648.63,2598.79,2778.27,31.37,20.0,39.57,1,179.48
wheat,APMC Jalana,2026-07-13,2650.0,2600.0,2650.0,2657.1428571428573,2655.78,2609.08,2762.32,55.78,50.0,57.14,0,153.24
wheat,APMC Jalana,2026-07-18,2670.0,2650.0,2670.0,2653.8571428571427,2681.15,2626.93,2800.92,31.15,20.0,3.86,1,173.99
wheat,APMC Jalana,2026-08-01,3200.0,2625.0,3200.0,2657.285714285714,2666.7,2585.15,2966.41,41.7,575.0,32.29,1,381.26
wheat,APMC Jalana,2026-08-04,2700.0,2625.0,2700.0,2732.1428571428573,2659.86,2609.23,2860.68,34.86,75.0,107.14,1,251.45
wheat,APMC Jalana,2026-08-06,2625.0,2640.0,2625.0,2732.1428571428573,2639.73,2598.57,2750.83,0.27,15.0,92.14,1,152.26
wheat,APMC Jalana,2026-08-08,2635.0,2625.0,2635.0,2717.8571428571427,2641.07,2607.4,2760.45,16.07,10.0,92.86,1,153.04
wheat,APMC Jalana,2026-08-11,2630.0,2600.0,2630.0,2642.8571428571427,2638.08,2606.0,2754.19,38.08,30.0,42.86,0,148.19
wheat,APMC Jalana,2026-08-14,2625.0,2585.0,2625.0,2629.285714285714,2637.06,2603.67,2727.7,52.06,40.0,44.29,0,124.03
wheat,APMC Jalana,2026-08-18,2600.0,2600.0,2600.0,2625.714285714286,2622.81,2592.62,2697.2,22.81,0.0,25.71,1,104.58
wheat,APMC Jalana,2026-08-20,2595.0,2590.0,2595.0,2615.0,2611.79,2575.31,2686.27,21.79,5.0,25.0,1,110.96
wheat,APMC Jalana,2026-08-22,2672.0,2600.0,2672.0,2604.285714285714,2639.07,2591.2,2758.11,39.07,72.0,4.29,1,166.91
wheat,APMC Jalana,2026-08-25,2590.0,2650.0,2590.0,2606.0,2595.04,2550.54,2675.27,54.96,60.0,44.0,1,124.73
wheat,APMC Jalana,2026-08-29,2625.0,2750.0,2625.0,2604.5714285714284,2615.69,2567.97,2696.23,134.31,125.0,145.43,0,128.26
wheat,APMC Kalyan,2025-12-18,3250.0,3000.0,3250.0,3285.714285714286,3274.1,3086.73,3477.35,274.1,250.0,285.71,0,390.62
wheat,APMC Kalyan,2025-12-21,3250.0,3000.0,3250.0,3271.4285714285716,3252.41,3104.83,3414.53,252.41,250.0,271.43,0,309.7
wheat,APMC Kalyan,2025-12-25,3000.0,3000.0,3000.0,3221.4285714285716,3122.39,2911.8,3449.36,122.39,0.0,221.43,1,537.56
wheat,APMC Kalyan,2025-12-28,3000.0,3400.0,3000.0,3142.8571428571427,3085.98,2869.97,3320.0,314.02,400.0,257.14,0,450.03
wheat,APMC Kalyan,2025-12-30,3000.0,3000.0,3000.0,3071.4285714285716,3046.88,2942.97,3259.02,46.88,0.0,71.43,1,316.05
wheat,APMC Kalyan,2026-01-01,3000.0,3000.0,3000.0,3057.1428571428573,3097.44,2958.6,3378.75,97.44,0.0,57.14,1,420.15
wheat,APMC Kalyan,2026-01-04,3000.0,3200.0,3000.0,3057.1428571428573,3026.72,2960.25,3297.22,173.28,200.0,142.86,1,336.97
wheat,APMC Kalyan,2026-01-06,3000.0,3200.0,3000.0,3057.1428571428573,3009.02,2881.85,3204.83,190.98,200.0,142.86,1,322.98
wheat,APMC Kalyan,2026-01-08,3200.0,3200.0,3200.0,3085.714285714286,3151.34,2941.87,3425.89,48.66,0.0,114.29,1,484.02
wheat,APMC Kalyan,2026-01-11,3200.0,3100.0,3200.0,3085.714285714286,3185.18,2967.22,3397.45,85.18,100.0,14.29,1,430.22
wheat,APMC Kalyan,2026-01-13,3200.0,3100.0,3200.0,3142.8571428571427,3197.77,2999.14,3399.97,97.77,100.0,42.86,1,400.82
wheat,APMC Kalyan,2026-01-16,3100.0,3100.0,3100.0,3185.714285714286,3133.95,2954.62,3338.44,33.95,0.0,85.71,1,383.82
wheat,APMC Kalyan,2026-01-22,3100.0,3650.0,3100.0,3157.1428571428573,3127.35,3001.6,3284.59,522.65,550.0,492.86,0,282.99
wheat,APMC Kalyan,2026-01-27,3650.0,3650.0,3650.0,3128.5714285714284,3437.9,3046.28,3713.98,212.1,0.0,521.43,1,667.7
wheat,APMC Kalyan,2026-01-29,3650.0,3650.0,3650.0,3257.1428571428573,3637.3,3481.21,3751.11,12.7,0.0,392.86,1,269.89
wheat,APMC Kalyan,2026-02-01,3650.0,3200.0,3650.0,3414.285714285714,3132.83,2922.23,3541.87,67.17,450.0,214.29,1,619.64
wheat,APMC Kalyan,2026-02-03,3600.0,3200.0,3600.0,3571.4285714285716,3130.92,2895.91,3481.61,69.08,400.0,371.43,1,585.7
wheat,APMC Kalyan,2026-02-05,3200.0,3200.0,3200.0,3578.5714285714284,3559.1,3089.04,3669.82,359.1,0.0,378.57,1,580.78
wheat,APMC Kalyan,2026-02-08,3200.0,3200.0,3200.0,3450.0,3630.4,3211.78,3671.71,430.4,0.0,250.0,0,459.93
wheat,APMC Kalyan,2026-02-10,3200.0,3200.0,3200.0,3321.4285714285716,3296.31,3087.98,3660.23,96.31,0.0,121.43,1,572.25
wheat,APMC Kalyan,2026-02-12,3200.0,3200.0,3200.0,3200.0,3233.59,3117.95,3544.16,33.59,0.0,0.0,1,426.21
wheat,APMC Kalyan,2026-02-16,3200.0,3200.0,3200.0,3200.0,3198.08,3130.22,3362.84,1.92,0.0,0.0,1,232.62
wheat,APMC Kalyan,2026-02-19,3200.0,3200.0,3200.0,3200.0,3199.46,3172.92,3296.84,0.54,0.0,0.0,1,123.92
wheat,APMC Kalyan,2026-02-22,3200.0,3200.0,3200.0,3200.0,3203.53,3185.67,3267.16,3.53,0.0,0.0,1,81.49
wheat,APMC Kalyan,2026-02-24,3200.0,3200.0,3200.0,3200.0,3201.18,3164.89,3318.92,1.18,0.0,0.0,1,154.02
wheat,APMC Kalyan,2026-02-26,3200.0,3200.0,3200.0,3200.0,3196.24,3165.42,3320.08,3.76,0.0,0.0,1,154.66
wheat,APMC Kalyan,2026-03-01,3200.0,3200.0,3200.0,3200.0,3198.43,3179.27,3445.57,1.57,0.0,0.0,1,266.3
wheat,APMC Kalyan,2026-03-04,3200.0,3200.0,3200.0,3200.0,3200.76,3186.02,3476.07,0.76,0.0,0.0,1,290.04
wheat,APMC Kalyan,2026-03-06,3200.0,3000.0,3200.0,3200.0,3199.8,3177.06,3422.61,199.8,200.0,200.0,0,245.55
wheat,APMC Kalyan,2026-03-09,3200.0,3000.0,3200.0,3200.0,3198.83,3177.86,3300.37,198.83,200.0,200.0,0,122.51
wheat,APMC Kalyan,2026-03-11,3000.0,3000.0,3000.0,3171.4285714285716,3090.41,2927.78,3354.88,90.41,0.0,171.43,1,427.11
wheat,APMC Kalyan,2026-03-16,3000.0,3000.0,3000.0,3114.285714285714,3029.42,2930.1,3168.22,29.42,0.0,114.29,1,238.12
wheat,APMC Kalyan,2026-03-18,3000.0,3000.0,3000.0,3057.1428571428573,3017.36,2923.86,3167.76,17.36,0.0,57.14,1,243.9
wheat,APMC Kalyan,2026-03-20,3000.0,3000.0,3000.0,3000.0,3015.27,2923.3,3242.06,15.27,0.0,0.0,1,318.76
wheat,APMC Kalyan,2026-03-23,3000.0,3000.0,3000.0,3000.0,3020.23,2929.85,3311.5,20.23,0.0,0.0,1,381.64
wheat,APMC Kalyan,2026-03-26,3000.0,3000.0,3000.0,3000.0,3003.98,2913.38,3157.07,3.98,0.0,0.0,1,243.7
wheat,APMC Kalyan,2026-03-29,3000.0,3000.0,3000.0,3000.0,3011.99,2932.88,3151.54,11.99,0.0,0.0,1,218.66
wheat,APMC Kalyan,2026-03-31,3000.0,3000.0,3000.0,3000.0,3009.21,2957.36,3122.73,9.21,0.0,0.0,1,165.37
wheat,APMC Kalyan,2026-04-07,3000.0,3200.0,3000.0,3000.0,3012.36,2976.27,3091.4,187.64,200.0,200.0,0,115.12
wheat,APMC Kalyan,2026-04-09,3000.0,3200.0,3000.0,3000.0,3006.65,2983.92,3169.2,193.35,200.0,200.0,0,185.28
wheat,APMC Kalyan,2026-04-17,3250.0,3200.0,3250.0,3028.5714285714284,3245.44,3028.7,3410.92,45.44,50.0,171.43,1,382.22
wheat,APMC Kalyan,2026-04-20,3200.0,3200.0,3200.0,3092.8571428571427,3208.87,3043.41,3339.33,8.87,0.0,107.14,1,295.92
wheat,APMC Kalyan,2026-04-22,3200.0,3200.0,3200.0,3150.0,3199.02,3128.15,3269.06,0.98,0.0,50.0,1,140.91
wheat,APMC Kalyan,2026-04-24,3200.0,3200.0,3200.0,3207.1428571428573,3199.0,3122.31,3234.9,1.0,0.0,7.14,1,112.59
wheat,APMC Kalyan,2026-04-28,3200.0,3250.0,3200.0,3200.0,3196.86,3137.5,3230.18,53.14,50.0,50.0,0,92.68
wheat,APMC Kalyan,2026-04-30,3250.0,3220.0,3250.0,3200.0,3224.03,3134.09,3448.26,4.03,30.0,20.0,1,314.17
wheat,APMC Kalyan,2026-05-07,3250.0,3200.0,3250.0,3214.285714285714,3231.78,3180.88,3304.99,31.78,50.0,14.29,1,124.12
wheat,APMC Kalyan,2026-05-10,3250.0,3200.0,3250.0,3224.285714285714,3229.31,3189.44,3304.95,29.31,50.0,24.29,1,115.5
wheat,APMC Kalyan,2026-05-13,3200.0,3200.0,3200.0,3231.4285714285716,3200.88,3128.58,3232.02,0.88,0.0,31.43,1,103.43
wheat,APMC Kalyan,2026-05-15,3200.0,3250.0,3200.0,3224.285714285714,3205.96,3179.77,3236.14,44.04,50.0,25.71,0,56.37
wheat,APMC Kalyan,2026-05-18,3200.0,3200.0,3200.0,3210.0,3200.95,3171.67,3228.0,0.95,0.0,10.0,1,56.33
wheat,APMC Kalyan,2026-05-20,3200.0,4150.0,3200.0,3207.1428571428573,3199.17,3146.98,3280.65,950.83,950.0,942.86,0,133.68
wheat,APMC Kalyan,2026-05-22,3050.0,3150.0,3050.0,3207.1428571428573,3019.16,2981.32,3228.38,130.84,100.0,57.14,1,247.06
wheat,APMC Kalyan,2026-05-26,4050.0,3300.0,4050.0,3321.4285714285716,3893.49,3269.96,4314.7,593.49,750.0,21.43,1,1044.73
wheat,APMC Kalyan,2026-06-04,3250.0,3100.0,3250.0,3435.714285714286,3220.99,3083.3,3684.83,120.99,150.0,335.71,1,601.53
wheat,APMC Kalyan,2026-06-10,4250.0,3050.0,4250.0,3450.0,3557.39,3142.21,4638.01,507.39,1200.0,400.0,0,1495.8
wheat,APMC Kalyan,2026-06-12,3100.0,3050.0,3100.0,3607.142857142858,3137.65,3011.71,3964.82,87.65,50.0,557.14,1,953.11
wheat,APMC Kalyan,2026-06-17,3050.0,3050.0,3050.0,3314.285714285714,3067.67,2971.65,3513.84,17.67,0.0,264.29,1,542.18
wheat,APMC Kalyan,2026-06-23,3050.0,3050.0,3050.0,3271.4285714285716,3034.22,2951.58,3408.48,15.78,0.0,221.43,1,456.89
wheat,APMC Kalyan,2026-06-28,3050.0,3250.0,3050.0,3064.285714285714,3042.06,2980.04,3355.33,207.94,200.0,185.71,1,375.29
wheat,APMC Kalyan,2026-06-30,3250.0,3250.0,3250.0,3050.0,3166.06,3043.05,3773.39,83.94,0.0,200.0,1,730.34
wheat,APMC Kalyan,2026-07-02,3250.0,3250.0,3250.0,3107.1428571428573,3212.4,3164.12,3695.59,37.6,0.0,142.86,1,531.47
wheat,APMC Kalyan,2026-07-06,3250.0,3300.0,3250.0,3164.285714285714,3227.39,3185.73,3360.91,72.61,50.0,135.71,1,175.18
wheat,APMC Kalyan,2026-07-08,3250.0,3250.0,3250.0,3221.4285714285716,3236.89,3197.91,3277.35,13.11,0.0,28.57,1,79.44
wheat,APMC Kalyan,2026-07-10,3300.0,3250.0,3300.0,3257.1428571428573,3275.72,3223.09,3422.28,25.72,50.0,7.14,1,199.2
wheat,APMC Kalyan,2026-07-13,3250.0,3150.0,3250.0,3264.285714285714,3235.46,3188.15,3329.22,85.46,100.0,114.29,0,141.07
wheat,APMC Kalyan,2026-07-15,3150.0,3100.0,3150.0,3264.285714285714,3169.97,3090.38,3290.62,69.97,50.0,164.29,1,200.24
wheat,APMC Kalyan,2026-07-17,3150.0,3600.0,3150.0,3235.714285714286,3140.77,3059.38,3235.93,459.23,450.0,364.29,0,176.55
wheat,APMC Kalyan,2026-07-21,3100.0,3100.0,3100.0,3185.714285714286,3063.44,3014.88,3229.0,36.56,0.0,85.71,1,214.12
wheat,APMC Kalyan,2026-07-23,3500.0,3300.0,3500.0,3214.285714285714,3287.5,3070.92,3757.78,12.5,200.0,85.71,1,686.86
wheat,APMC Kalyan,2026-07-27,3100.0,3300.0,3100.0,3242.8571428571427,3062.67,3008.03,3294.15,237.33,200.0,57.14,0,286.11
wheat,APMC Kalyan,2026-07-29,3300.0,3300.0,3300.0,3257.1428571428573,3229.86,3126.39,3408.25,70.14,0.0,42.86,1,281.86
wheat,APMC Kalyan,2026-07-31,3300.0,3300.0,3300.0,3314.285714285714,3279.92,3172.75,3426.23,20.08,0.0,14.29,1,253.48
wheat,APMC Kalyan,2026-08-03,3300.0,3300.0,3300.0,3242.8571428571427,3288.3,3214.46,3395.59,11.7,0.0,57.14,1,181.13
wheat,APMC Kalyan,2026-08-05,3300.0,3300.0,3300.0,3300.0,3305.68,3197.14,3409.24,5.68,0.0,0.0,1,212.1
wheat,APMC Kalyan,2026-08-09,3300.0,3300.0,3300.0,3300.0,3301.51,3157.3,3401.28,1.51,0.0,0.0,1,243.97
wheat,APMC Kalyan,2026-08-11,3300.0,3300.0,3300.0,3300.0,3303.02,3148.26,3387.11,3.02,0.0,0.0,1,238.85
wheat,APMC Kalyan,2026-08-13,3300.0,3300.0,3300.0,3300.0,3297.99,3159.02,3395.7,2.01,0.0,0.0,1,236.67
wheat,APMC Kalyan,2026-08-16,3300.0,3300.0,3300.0,3300.0,3303.22,3174.45,3367.76,3.22,0.0,0.0,1,193.31
wheat,APMC Kalyan,2026-08-19,3300.0,3300.0,3300.0,3300.0,3301.79,3115.97,3340.7,1.79,0.0,0.0,1,224.74
wheat,APMC Kalyan,2026-08-21,3300.0,3400.0,3300.0,3300.0,3306.01,3188.19,3338.54,93.99,100.0,100.0,0,150.35
wheat,APMC Kalyan,2026-08-24,3300.0,3400.0,3300.0,3300.0,3301.56,3209.7,3331.72,98.44,100.0,100.0,0,122.02
wheat,APMC Kalyan,2026-08-26,3400.0,3400.0,3400.0,3314.285714285714,3337.34,3153.12,3515.03,62.66,0.0,85.71,1,361.91
wheat,APMC Kalyan,2026-08-30,3400.0,3300.0,3400.0,3342.8571428571427,3366.92,3163.37,3559.94,66.92,100.0,42.86,1,396.57
wheat,APMC Kopargaon,2025-12-18,2712.0,2711.0,2712.0,2687.0,2629.99,2493.84,2801.16,81.01,1.0,24.0,1,307.32
wheat,APMC Kopargaon,2025-12-22,2585.0,2702.0,2585.0,2683.285714285714,2608.21,2503.73,2735.08,93.79,117.0,18.71,1,231.35
wheat,APMC Kopargaon,2025-12-24,2626.0,2700.0,2626.0,2674.0,2629.54,2509.14,2756.86,70.46,74.0,26.0,1,247.71
wheat,APMC Kopargaon,2025-12-27,2712.0,2731.0,2712.0,2670.8571428571427,2678.63,2556.82,2803.13,52.37,19.0,60.14,1,246.31
wheat,APMC Kopargaon,2025-12-30,2550.0,2650.0,2550.0,2670.8571428571427,2615.78,2487.25,2758.73,34.22,100.0,20.86,1,271.48
wheat,APMC Kopargaon,2026-01-01,2606.0,2583.0,2606.0,2676.0,2628.99,2513.82,2762.16,45.99,23.0,93.0,1,248.33
wheat,APMC Kopargaon,2026-01-03,2591.0,2609.0,2591.0,2664.4285714285716,2624.86,2523.32,2741.33,15.86,18.0,55.43,1,218.01
wheat,APMC Kopargaon,2026-01-06,2719.0,2606.0,2719.0,2630.1428571428573,2653.75,2538.96,2788.71,47.75,113.0,24.14,1,249.75
wheat,APMC Kopargaon,2026-01-08,2791.0,2500.0,2791.0,2641.285714285714,2688.16,2561.63,2837.73,188.16,291.0,141.29,0,276.09
wheat,APMC Kopargaon,2026-01-10,2525.0,2600.0,2525.0,2649.8571428571427,2620.52,2499.81,2764.11,20.52,75.0,49.86,1,264.29
wheat,APMC Kopargaon,2026-01-13,2629.0,2640.0,2629.0,2619.0,2605.66,2467.65,2767.69,34.34,11.0,21.0,1,300.04
wheat,APMC Kopargaon,2026-01-16,2650.0,2650.0,2650.0,2608.5714285714284,2626.86,2505.97,2770.11,23.14,0.0,41.43,1,264.14
wheat,APMC Kopargaon,2026-01-19,2625.0,2650.0,2625.0,2592.8571428571427,2644.92,2542.52,2768.48,5.08,25.0,57.14,1,225.95
wheat,APMC Kopargaon,2026-01-21,2651.0,2608.0,2651.0,2613.4285714285716,2648.46,2554.46,2758.72,40.46,43.0,5.43,1,204.26
wheat,APMC Kopargaon,2026-01-23,2550.0,2600.0,2550.0,2638.0,2628.18,2535.53,2736.45,28.18,50.0,38.0,1,200.92
wheat,APMC Kopargaon,2026-01-27,2660.0,2550.0,2660.0,2624.8571428571427,2630.85,2540.09,2737.36,80.85,110.0,74.86,1,197.27
wheat,APMC Kopargaon,2026-01-29,2540.0,2525.0,2540.0,2624.1428571428573,2585.91,2499.37,2691.15,60.91,15.0,99.14,1,191.79
wheat,APMC Kopargaon,2026-01-31,2541.0,2560.0,2541.0,2594.0,2549.59,2479.04,2640.76,10.41,19.0,34.0,1,161.72
wheat,APMC Kopargaon,2026-02-03,2626.0,2475.0,2626.0,2574.8571428571427,2561.15,2477.96,2666.42,86.15,151.0,99.86,0,188.46
wheat,APMC Kopargaon,2026-02-05,2550.0,2450.0,2550.0,2563.1428571428573,2560.73,2481.35,2670.02,110.73,100.0,113.14,0,188.67
wheat,APMC Kopargaon,2026-02-07,2430.0,2540.0,2430.0,2546.714285714286,2517.49,2443.7,2622.45,22.51,110.0,6.71,1,178.75
wheat,APMC Kopargaon,2026-02-10,2500.0,2500.0,2500.0,2516.5714285714284,2525.03,2449.62,2632.0,25.03,0.0,16.57,1,182.38
wheat,APMC Kopargaon,2026-02-13,2470.0,2526.0,2470.0,2500.714285714286,2536.04,2459.52,2641.87,10.04,56.0,25.29,1,182.35
wheat,APMC Kopargaon,2026-02-17,2550.0,2490.0,2550.0,2480.714285714286,2564.4,2481.29,2670.12,74.4,60.0,9.29,1,188.84
wheat,APMC Kopargaon,2026-02-20,2440.0,2585.0,2440.0,2505.1428571428573,2517.64,2439.55,2614.03,67.36,145.0,79.86,1,174.48
wheat,APMC Kopargaon,2026-02-28,2475.0,2595.0,2475.0,2502.285714285714,2503.35,2436.9,2587.58,91.65,120.0,92.71,0,150.68
wheat,APMC Kopargaon,2026-07-03,2590.0,2585.0,2590.0,2509.4285714285716,2549.85,2468.87,2643.43,35.15,5.0,75.57,1,174.56
wheat,APMC Kopargaon,2026-07-11,2600.0,2590.0,2600.0,2528.714285714286,2564.59,2481.11,2658.42,25.41,10.0,61.29,1,177.31
wheat,APMC Kopargaon,2026-07-14,2589.0,2585.0,2589.0,2560.0,2561.41,2485.16,2642.23,23.59,4.0,25.0,1,157.07
wheat,APMC Kopargaon,2026-07-16,2591.0,2601.0,2591.0,2590.5714285714284,2571.67,2504.59,2633.59,29.33,10.0,10.43,1,129.0
wheat,APMC Kopargaon,2026-07-18,2599.0,2641.0,2599.0,2590.714285714286,2586.28,2528.01,2627.73,54.72,42.0,50.29,0,99.72
wheat,APMC Kopargaon,2026-07-21,2600.0,2650.0,2600.0,2591.4285714285716,2593.51,2553.31,2618.98,56.49,50.0,58.57,0,65.67
wheat,APMC Kopargaon,2026-07-23,2639.0,2601.0,2639.0,2601.0,2623.75,2568.73,2675.41,22.75,38.0,0.0,1,106.68
wheat,APMC Kopargaon,2026-07-27,2600.0,2610.0,2600.0,2616.4285714285716,2606.53,2548.81,2665.74,3.47,10.0,6.43,1,116.93
wheat,APMC Kopargaon,2026-07-30,2680.0,2650.0,2680.0,2618.8571428571427,2611.98,2546.82,2689.37,38.02,30.0,31.14,1,142.55
wheat,APMC Kopargaon,2026-08-01,2653.0,2630.0,2653.0,2631.5714285714284,2620.78,2556.11,2693.92,9.22,23.0,1.57,1,137.82
wheat,APMC Kopargaon,2026-08-04,2675.0,2670.0,2675.0,2634.8571428571427,2647.02,2573.68,2726.22,22.98,5.0,35.14,1,152.54
wheat,APMC Kopargaon,2026-08-06,2675.0,2670.0,2675.0,2642.714285714286,2648.54,2577.48,2721.47,21.46,5.0,27.29,1,143.99
wheat,APMC Kopargaon,2026-08-08,2675.0,2713.0,2675.0,2651.8571428571427,2668.42,2608.77,2717.14,44.58,38.0,61.14,1,108.37
wheat,APMC Kopargaon,2026-08-11,2705.0,2630.0,2705.0,2663.5714285714284,2684.71,2607.79,2746.91,54.71,75.0,33.57,1,139.12
wheat,APMC Kopargaon,2026-08-13,2660.0,2681.0,2660.0,2676.8571428571427,2676.43,2607.49,2737.82,4.57,21.0,4.14,1,130.33
wheat,APMC Kopargaon,2026-08-17,2650.0,2674.0,2650.0,2674.714285714286,2641.38,2574.63,2711.0,32.62,24.0,0.71,1,136.37
wheat,APMC Kopargaon,2026-08-19,2677.0,2651.0,2677.0,2672.714285714286,2667.18,2603.98,2718.87,16.18,26.0,21.71,1,114.89
wheat,APMC Kopargaon,2026-08-21,2635.0,2617.0,2635.0,2669.285714285714,2654.47,2586.11,2713.79,37.47,18.0,52.29,1,127.68
wheat,APMC Kopargaon,2026-08-24,2644.0,2675.0,2644.0,2656.8571428571427,2638.49,2578.41,2686.74,36.51,31.0,18.14,1,108.33
wheat,APMC Kopargaon,2026-08-27,2675.0,2645.0,2675.0,2654.1428571428573,2650.08,2586.48,2699.39,5.08,30.0,9.14,1,112.92
wheat,APMC Majalgaon,2025-12-19,2700.0,2551.0,2700.0,2726.8571428571427,2753.7,2619.57,2891.28,202.7,149.0,175.86,0,271.71
wheat,APMC Majalgaon,2025-12-23,2551.0,2700.0,2551.0,2734.1428571428573,2632.84,2500.47,2822.76,67.16,149.0,34.14,1,322.29
wheat,APMC Majalgaon,2025-12-26,2500.0,2551.0,2500.0,2648.714285714286,2517.46,2493.06,2678.7,33.54,51.0,97.71,1,185.64
wheat,APMC Majalgaon,2025-12-30,2600.0,2680.0,2600.0,2650.4285714285716,2613.85,2500.21,2796.64,66.15,80.0,29.57,1,296.43
wheat,APMC Majalgaon,2026-01-02,2800.0,2800.0,2800.0,2614.8571428571427,2634.29,2499.18,2852.44,165.71,0.0,185.14,1,353.26
wheat,APMC Majalgaon,2026-01-05,2571.0,2700.0,2571.0,2626.0,2622.59,2501.72,2824.96,77.41,129.0,74.0,1,323.24
wheat,APMC Majalgaon,2026-01-07,2600.0,2700.0,2600.0,2671.714285714286,2654.58,2510.87,2855.7,45.42,100.0,28.29,1,344.83
wheat,APMC Majalgaon,2026-01-10,2600.0,2600.0,2600.0,2671.714285714286,2644.77,2513.93,2843.41,44.77,0.0,71.71,1,329.48
wheat,APMC Majalgaon,2026-01-13,2700.0,2700.0,2700.0,2664.4285714285716,2672.49,2542.77,2843.26,27.51,0.0,35.57,1,300.5
wheat,APMC Majalgaon,2026-01-16,2600.0,2700.0,2600.0,2671.4285714285716,2629.79,2526.82,2792.7,70.21,100.0,28.57,1,265.89
wheat,APMC Majalgaon,2026-01-19,2700.0,2700.0,2700.0,2657.1428571428573,2663.03,2551.45,2818.03,36.97,0.0,42.86,1,266.58
wheat,APMC Majalgaon,2026-01-21,2700.0,2600.0,2700.0,2671.4285714285716,2684.86,2583.94,2801.48,84.86,100.0,71.43,1,217.54
wheat,APMC Majalgaon,2026-01-27,2700.0,2500.0,2700.0,2671.4285714285716,2690.29,2597.55,2790.14,190.29,200.0,171.43,0,192.59
wheat,APMC Majalgaon,2026-01-31,2600.0,2500.0,2600.0,2685.714285714286,2628.03,2550.03,2729.78,128.03,100.0,185.71,0,179.75
wheat,APMC Majalgaon,2026-02-03,2490.0,2600.0,2490.0,2642.8571428571427,2532.96,2494.97,2678.67,67.04,110.0,42.86,1,183.71
wheat,APMC Majalgaon,2026-02-05,2500.0,2800.0,2500.0,2584.285714285714,2524.72,2497.83,2667.26,275.28,300.0,215.71,0,169.43
wheat,APMC Majalgaon,2026-02-07,2500.0,2600.0,2500.0,2541.4285714285716,2639.73,2516.59,2769.3,39.73,100.0,58.57,1,252.7
wheat,APMC Majalgaon,2026-02-10,2600.0,2525.0,2600.0,2555.714285714286,2633.14,2535.27,2762.47,108.14,75.0,30.71,0,227.2
wheat,APMC Majalgaon,2026-02-12,2500.0,2500.0,2500.0,2585.714285714286,2622.85,2516.45,2758.24,122.85,0.0,85.71,0,241.78
wheat,APMC Majalgaon,2026-02-14,2500.0,2500.0,2500.0,2589.285714285714,2564.4,2499.64,2718.07,64.4,0.0,89.29,1,218.44
wheat,APMC Majalgaon,2026-02-18,2500.0,2500.0,2500.0,2575.0,2534.26,2496.29,2701.98,34.26,0.0,75.0,1,205.69
wheat,APMC Majalgaon,2026-02-21,2500.0,2500.0,2500.0,2517.8571428571427,2508.58,2496.58,2668.19,8.58,0.0,17.86,1,171.61
wheat,APMC Majalgaon,2026-02-24,2500.0,2500.0,2500.0,2503.5714285714284,2500.46,2496.18,2614.27,0.46,0.0,3.57,1,118.09
wheat,APMC Majalgaon,2026-02-26,2500.0,2500.0,2500.0,2500.0,2500.8,2497.17,2557.34,0.8,0.0,0.0,1,60.16
wheat,APMC Majalgaon,2026-02-28,2500.0,2500.0,2500.0,2500.0,2500.51,2497.35,2523.85,0.51,0.0,0.0,1,26.49
wheat,APMC Majalgaon,2026-03-05,2500.0,2500.0,2500.0,2500.0,2500.31,2497.49,2510.91,0.31,0.0,0.0,1,13.42
wheat,APMC Majalgaon,2026-03-09,2500.0,2470.0,2500.0,2500.0,2500.2,2497.47,2528.02,30.2,30.0,30.0,0,30.55
wheat,APMC Majalgaon,2026-03-11,2551.0,2601.0,2551.0,2500.0,2516.87,2497.79,2723.46,84.13,50.0,101.0,1,225.67
wheat,APMC Majalgaon,2026-03-13,2500.0,2578.0,2500.0,2503.0,2506.47,2488.05,2649.55,71.53,78.0,75.0,1,161.5
wheat,APMC Majalgaon,2026-03-16,2500.0,2600.0,2500.0,2517.4285714285716,2497.34,2494.91,2581.47,102.66,100.0,82.57,0,86.56
wheat,APMC Majalgaon,2026-03-18,2500.0,2500.0,2500.0,2528.5714285714284,2502.54,2493.18,2642.41,2.54,0.0,28.57,1,149.22
wheat,APMC Majalgaon,2026-03-23,2640.0,2700.0,2640.0,2535.5714285714284,2592.91,2495.74,2739.83,107.09,60.0,164.43,1,244.09
wheat,APMC Majalgaon,2026-03-25,2700.0,2712.0,2700.0,2559.8571428571427,2587.14,2495.98,2758.78,124.86,12.0,152.14,1,262.79
wheat,APMC Majalgaon,2026-04-06,2700.0,2701.0,2700.0,2602.5714285714284,2691.33,2522.71,2827.94,9.67,1.0,98.43,1,305.23
wheat,APMC Majalgaon,2026-04-08,2700.0,2670.0,2700.0,2650.285714285714,2705.24,2558.58,2827.92,35.24,30.0,19.71,1,269.34
wheat,APMC Majalgaon,2026-04-10,2710.0,2700.0,2710.0,2673.285714285714,2662.41,2512.92,2789.51,37.59,10.0,26.71,1,276.59
wheat,APMC Majalgaon,2026-04-13,2800.0,2750.0,2800.0,2699.0,2564.27,2493.66,2735.5,185.73,50.0,51.0,0,241.84
wheat,APMC Majalgaon,2026-04-16,2861.0,2850.0,2861.0,2713.285714285714,2689.3,2519.92,2879.61,160.7,11.0,136.71,1,359.69
wheat,APMC Majalgaon,2026-04-20,2900.0,2851.0,2900.0,2741.714285714286,2810.98,2616.37,3009.12,40.02,49.0,109.29,1,392.75
wheat,APMC Majalgaon,2026-04-22,2811.0,2761.0,2811.0,2790.1428571428573,2805.33,2624.1,2956.44,44.33,50.0,29.14,1,332.34
wheat,APMC Majalgaon,2026-04-25,2800.0,2715.0,2800.0,2817.5714285714284,2808.67,2634.02,2936.23,93.67,85.0,102.57,1,302.21
wheat,APMC Majalgaon,2026-04-28,2711.0,2775.0,2711.0,2817.5714285714284,2724.17,2542.8,2874.59,50.83,64.0,42.57,1,331.78
wheat,APMC Majalgaon,2026-04-30,2700.0,2755.0,2700.0,2785.5714285714284,2709.42,2570.31,2848.64,45.58,55.0,30.57,1,278.33
wheat,APMC Majalgaon,2026-05-04,2651.0,2711.0,2651.0,2759.0,2699.09,2544.38,2853.61,11.91,60.0,48.0,1,309.23
wheat,APMC Majalgaon,2026-05-06,2801.0,2610.0,2801.0,2724.0,2713.22,2558.81,2861.27,103.22,191.0,114.0,1,302.45
wheat,APMC Majalgaon,2026-05-08,2661.0,2600.0,2661.0,2729.714285714286,2606.36,2497.56,2759.1,6.36,61.0,129.71,1,261.54
wheat,APMC Majalgaon,2026-05-11,2701.0,2651.0,2701.0,2709.1428571428573,2575.0,2496.65,2727.68,76.0,50.0,58.14,1,231.02
wheat,APMC Majalgaon,2026-05-13,2651.0,2600.0,2651.0,2691.285714285714,2618.84,2522.09,2726.22,18.84,51.0,91.29,1,204.13
wheat,APMC Majalgaon,2026-05-18,2701.0,2725.0,2701.0,2655.0,2633.69,2514.79,2769.66,91.31,24.0,70.0,1,254.86
wheat,APMC Majalgaon,2026-05-20,2681.0,2731.0,2681.0,2644.8571428571427,2608.71,2506.33,2724.92,122.29,50.0,86.14,0,218.59
wheat,APMC Majalgaon,2026-05-22,2651.0,2751.0,2651.0,2658.4285714285716,2659.29,2555.23,2753.01,91.71,100.0,92.57,1,197.78
wheat,APMC Majalgaon,2026-05-25,2711.0,2671.0,2711.0,2677.1428571428573,2700.93,2573.37,2791.74,29.93,40.0,6.14,1,218.37
wheat,APMC Majalgaon,2026-05-27,2671.0,2771.0,2671.0,2692.8571428571427,2703.28,2589.64,2792.81,67.72,100.0,78.14,1,203.16
wheat,APMC Majalgaon,2026-06-01,2715.0,2671.0,2715.0,2701.5714285714284,2709.92,2602.89,2800.69,38.92,44.0,30.57,1,197.8
wheat,APMC Majalgaon,2026-06-03,2600.0,2700.0,2600.0,2717.285714285714,2687.52,2573.35,2787.7,12.48,100.0,17.29,1,214.35
wheat,APMC Majalgaon,2026-06-09,2611.0,2600.0,2611.0,2692.8571428571427,2657.86,2560.36,2754.2,57.86,11.0,92.86,1,193.84
wheat,APMC Majalgaon,2026-06-12,2631.0,2611.0,2631.0,2677.0,2649.2,2537.76,2755.11,38.2,20.0,66.0,1,217.35
wheat,APMC Majalgaon,2026-06-19,2611.0,2595.0,2611.0,2654.8571428571427,2610.11,2524.45,2714.81,15.11,16.0,59.86,1,190.36
wheat,APMC Majalgaon,2026-06-30,2595.0,2681.0,2595.0,2633.5714285714284,2591.57,2526.25,2677.27,89.43,86.0,47.43,0,151.02
wheat,APMC Majalgaon,2026-07-03,2591.0,2651.0,2591.0,2620.4285714285716,2580.56,2532.38,2660.56,70.44,60.0,30.57,1,128.19
wheat,APMC Majalgaon,2026-07-07,2601.0,2700.0,2601.0,2612.0,2626.18,2560.56,2732.46,73.82,99.0,88.0,1,171.9
wheat,APMC Majalgaon,2026-07-09,2640.0,2637.0,2640.0,2617.8571428571427,2645.14,2571.12,2716.67,8.14,3.0,19.14,1,145.56
wheat,APMC Majalgaon,2026-07-11,2771.0,2618.0,2771.0,2637.0,2696.54,2577.09,2818.53,78.54,153.0,19.0,1,241.44
wheat,APMC Majalgaon,2026-07-15,2675.0,2600.0,2675.0,2668.714285714286,2663.76,2593.47,2753.79,63.76,75.0,68.71,1,160.32
wheat,APMC Majalgaon,2026-07-17,2651.0,2601.0,2651.0,2670.285714285714,2625.4,2561.0,2709.87,24.4,50.0,69.29,1,148.87
wheat,APMC Majalgaon,2026-07-20,2600.0,2661.0,2600.0,2664.5714285714284,2589.15,2537.58,2665.38,71.85,61.0,3.57,1,127.8
wheat,APMC Majalgaon,2026-07-24,2601.0,2621.0,2601.0,2626.0,2588.91,2549.06,2646.36,32.09,20.0,5.0,1,97.3
wheat,APMC Majalgaon,2026-07-28,2611.0,2631.0,2611.0,2618.8571428571427,2613.56,2566.27,2692.4,17.44,20.0,12.14,1,126.13
wheat,APMC Majalgaon,2026-07-31,2591.0,2600.0,2591.0,2613.5714285714284,2587.08,2543.35,2644.87,12.92,9.0,13.57,1,101.53
wheat,APMC Majalgaon,2026-08-03,2600.0,2631.0,2600.0,2616.714285714286,2598.92,2563.71,2651.67,32.08,31.0,14.29,1,87.97
wheat,APMC Majalgaon,2026-08-05,2611.0,2600.0,2611.0,2616.4285714285716,2604.79,2572.02,2657.77,4.79,11.0,16.43,1,85.75
wheat,APMC Majalgaon,2026-08-07,2671.0,2597.0,2671.0,2612.1428571428573,2633.98,2587.78,2715.46,36.98,74.0,15.14,1,127.68
wheat,APMC Majalgaon,2026-08-10,2601.0,2631.0,2601.0,2620.5714285714284,2620.71,2578.62,2698.84,10.29,30.0,10.43,1,120.22
wheat,APMC Majalgaon,2026-08-13,2600.0,2601.0,2600.0,2615.8571428571427,2607.42,2579.5,2663.3,6.42,1.0,14.86,1,83.8
wheat,APMC Majalgaon,2026-08-18,2597.0,2601.0,2597.0,2618.714285714286,2607.5,2582.28,2654.63,6.5,4.0,17.71,1,72.35
wheat,APMC Majalgaon,2026-08-20,2610.0,2591.0,2610.0,2603.8571428571427,2605.99,2588.95,2644.94,14.99,19.0,12.86,1,55.99
wheat,APMC Majalgaon,2026-08-22,2610.0,2600.0,2610.0,2605.285714285714,2603.24,2592.01,2637.72,3.24,10.0,5.29,1,45.71
wheat,APMC Majalgaon,2026-08-25,2610.0,2651.0,2610.0,2605.8571428571427,2600.31,2597.16,2639.7,50.69,41.0,45.14,0,42.54
wheat,APMC Malkapur,2025-12-18,2700.0,2750.0,2700.0,2605.1428571428573,2644.76,2518.34,2775.89,105.24,50.0,144.86,1,257.56
wheat,APMC Malkapur,2025-12-20,2615.0,2700.0,2615.0,2619.4285714285716,2619.5,2531.03,2710.85,80.5,85.0,80.57,1,179.81
wheat,APMC Malkapur,2025-12-23,2500.0,3090.0,2500.0,2627.1428571428573,2566.64,2475.29,2704.43,523.36,590.0,462.86,0,229.14
wheat,APMC Malkapur,2025-12-26,2700.0,2500.0,2700.0,2623.5714285714284,2625.33,2508.84,2765.37,125.33,200.0,123.57,0,256.53
wheat,APMC Malkapur,2025-12-29,2600.0,2700.0,2600.0,2707.8571428571427,2634.6,2510.7,2817.0,65.4,100.0,7.86,1,306.31
wheat,APMC Malkapur,2025-12-31,2600.0,2645.0,2600.0,2691.4285714285716,2571.41,2473.39,2733.76,73.59,45.0,46.43,1,260.36
wheat,APMC Malkapur,2026-01-02,2500.0,2800.0,2500.0,2698.5714285714284,2553.89,2461.64,2708.78,246.11,300.0,101.43,0,247.14
wheat,APMC Malkapur,2026-01-06,2600.0,2700.0,2600.0,2662.1428571428573,2579.39,2477.53,2729.14,120.61,100.0,37.86,1,251.61
wheat,APMC Malkapur,2026-01-08,2800.0,2700.0,2800.0,2620.714285714286,2655.05,2497.5,2886.44,44.95,100.0,79.29,1,388.94
wheat,APMC Malkapur,2026-01-10,2480.0,2615.0,2480.0,2677.8571428571427,2585.86,2457.99,2833.13,29.14,135.0,62.86,1,375.14
wheat,APMC Malkapur,2026-01-14,2640.0,2700.0,2640.0,2675.0,2621.37,2482.88,2822.69,78.63,60.0,25.0,1,339.8
wheat,APMC Malkapur,2026-01-16,2650.0,2800.0,2650.0,2676.4285714285716,2652.65,2513.13,2824.03,147.35,150.0,123.57,1,310.9
wheat,APMC Malkapur,2026-01-20,2590.0,2515.0,2590.0,2640.714285714286,2648.17,2525.09,2798.13,133.17,75.0,125.71,0,273.04
wheat,APMC Malkapur,2026-01-22,2800.0,2600.0,2800.0,2670.714285714286,2706.39,2550.88,2873.35,106.39,200.0,70.71,1,322.47
wheat,APMC Malkapur,2026-01-28,2600.0,2600.0,2600.0,2667.1428571428573,2663.16,2519.35,2842.6,63.16,0.0,67.14,1,323.25
wheat,APMC Malkapur,2026-01-31,2600.0,2500.0,2600.0,2657.8571428571427,2633.37,2515.98,2805.6,133.37,100.0,157.86,0,289.62
wheat,APMC Malkapur,2026-02-05,2500.0,2650.0,2500.0,2645.0,2597.69,2493.73,2769.38,52.31,150.0,5.0,1,275.65
wheat,APMC Malkapur,2026-02-09,2630.0,2905.0,2630.0,2559.285714285714,2585.0,2488.59,2757.79,320.0,275.0,345.71,0,269.19
wheat,APMC Malkapur,2026-02-11,2500.0,2590.0,2500.0,2582.8571428571427,2575.25,2485.66,2738.85,14.75,90.0,7.14,1,253.19
wheat,APMC Malkapur,2026-02-14,2600.0,2500.0,2600.0,2612.1428571428573,2602.46,2492.18,2805.43,102.46,100.0,112.14,1,313.26
wheat,APMC Malkapur,2026-02-17,2500.0,2551.0,2500.0,2625.0,2589.42,2490.9,2784.69,38.42,51.0,74.0,1,293.79
wheat,APMC Malkapur,2026-02-21,2820.0,2609.0,2820.0,2606.4285714285716,2605.36,2490.57,2834.58,3.64,211.0,2.57,1,344.01
wheat,APMC Malkapur,2026-02-24,2500.0,2550.0,2500.0,2638.0,2586.06,2488.02,2800.57,36.06,50.0,88.0,1,312.54
wheat,APMC Malkapur,2026-02-26,2875.0,2721.0,2875.0,2581.4285714285716,2628.22,2499.52,2873.43,92.78,154.0,139.57,1,373.91
wheat,APMC Malkapur,2026-02-28,2765.0,2700.0,2765.0,2629.285714285714,2642.22,2504.36,2876.03,57.78,65.0,70.71,1,371.67
wheat,APMC Malkapur,2026-03-06,2785.0,2685.0,2785.0,2653.0,2674.01,2516.14,2914.52,10.99,100.0,32.0,1,398.38
wheat,APMC Malkapur,2026-03-10,2530.0,2830.0,2530.0,2715.0,2643.27,2509.48,2877.91,186.73,300.0,115.0,1,368.42
wheat,APMC Malkapur,2026-03-12,2800.0,2675.0,2800.0,2676.5714285714284,2668.04,2518.52,2897.62,6.96,125.0,1.57,1,379.1
wheat,APMC Malkapur,2026-03-16,2650.0,3000.0,2650.0,2721.5714285714284,2678.53,2523.95,2913.85,321.47,350.0,278.43,0,389.9
wheat,APMC Malkapur,2026-03-18,2700.0,2900.0,2700.0,2695.714285714286,2675.44,2519.79,2909.73,224.56,200.0,204.29,1,389.93
wheat,APMC Malkapur,2026-03-23,2800.0,2905.0,2800.0,2762.8571428571427,2718.95,2545.73,2968.58,186.05,105.0,142.14,1,422.85
wheat,APMC Malkapur,2026-03-25,2800.0,2900.0,2800.0,2793.5714285714284,2736.05,2551.1,2980.68,163.95,100.0,106.43,1,429.58
wheat,APMC Malkapur,2026-04-07,3085.0,3000.0,3085.0,2825.714285714286,2788.88,2582.26,3081.45,211.12,85.0,174.29,1,499.19
wheat,APMC Malkapur,2026-04-09,3040.0,2660.0,3040.0,2912.8571428571427,2885.36,2644.69,3184.46,225.36,380.0,252.86,1,539.76
wheat,APMC Malkapur,2026-04-11,3135.0,2700.0,3135.0,2947.1428571428573,3068.27,2859.34,3286.71,368.27,435.0,247.14,0,427.37
wheat,APMC Malkapur,2026-04-16,2775.0,2760.0,2775.0,2960.714285714286,2805.25,2593.82,3085.31,45.25,15.0,200.71,1,491.49
wheat,APMC Malkapur,2026-04-18,2800.0,2735.0,2800.0,2887.1428571428573,2764.45,2573.17,3021.99,29.45,65.0,152.14,1,448.82
wheat,APMC Malkapur,2026-04-21,2740.0,2740.0,2740.0,2832.8571428571427,2745.18,2575.44,2984.74,5.18,0.0,92.86,1,409.3
wheat,APMC Malkapur,2026-04-23,2975.0,2605.0,2975.0,2738.5714285714284,2787.79,2596.13,3051.61,182.79,370.0,133.57,1,455.48
wheat,APMC Malkapur,2026-04-27,3050.0,2700.0,3050.0,2778.5714285714284,2825.1,2624.16,3093.06,125.1,350.0,78.57,1,468.91
wheat,APMC Malkapur,2026-04-30,2675.0,2595.0,2675.0,2800.714285714286,2720.41,2549.03,2985.2,125.41,80.0,205.71,1,436.17
wheat,APMC Malkapur,2026-05-05,2640.0,2700.0,2640.0,2782.8571428571427,2691.74,2547.68,2929.89,8.26,60.0,82.86,1,382.22
wheat,APMC Malkapur,2026-05-08,2810.0,2595.0,2810.0,2715.0,2703.68,2544.49,2960.34,108.68,215.0,120.0,1,415.86
wheat,APMC Malkapur,2026-05-13,2700.0,2725.0,2700.0,2675.0,2708.59,2559.88,2944.47,16.41,25.0,50.0,1,384.6
wheat,APMC Malkapur,2026-05-15,2675.0,2690.0,2675.0,2677.1428571428573,2689.02,2549.56,2921.85,0.98,15.0,12.86,1,372.28
wheat,APMC Malkapur,2026-05-22,2670.0,2720.0,2670.0,2685.714285714286,2696.67,2565.39,2914.52,23.33,50.0,34.29,1,349.14
wheat,APMC Malkapur,2026-06-02,2600.0,2590.0,2600.0,2679.285714285714,2689.2,2558.02,2911.04,99.2,10.0,89.29,1,353.02
wheat,APMC Malkapur,2026-06-04,2622.0,2711.0,2622.0,2667.8571428571427,2695.46,2566.67,2909.1,15.54,89.0,43.14,1,342.43
wheat,APMC Malkapur,2026-06-09,2655.0,2660.0,2655.0,2659.5714285714284,2680.94,2560.79,2886.75,20.94,5.0,0.43,1,325.95
wheat,APMC Malkapur,2026-06-22,2610.0,2595.0,2610.0,2655.4285714285716,2679.46,2558.22,2866.59,84.46,15.0,60.43,1,308.38
wheat,APMC Malkapur,2026-07-01,2630.0,2651.0,2630.0,2652.5714285714284,2668.66,2562.82,2828.88,17.66,21.0,1.57,1,266.06
wheat,APMC Malkapur,2026-07-03,2600.0,2640.0,2600.0,2635.8571428571427,2642.58,2541.32,2798.13,2.58,40.0,4.14,1,256.81
wheat,APMC Malkapur,2026-07-10,2585.0,2625.0,2585.0,2636.714285714286,2636.84,2545.97,2780.51,11.84,40.0,11.71,1,234.54
wheat,APMC Malkapur,2026-07-18,2650.0,2605.0,2650.0,2623.0,2645.89,2564.2,2770.61,40.89,45.0,18.0,1,206.41
wheat,APMC Malkapur,2026-07-23,2685.0,2712.0,2685.0,2620.8571428571427,2669.04,2596.06,2789.2,42.96,27.0,91.14,1,193.14
wheat,APMC Malkapur,2026-07-27,2610.0,2610.0,2610.0,2634.4285714285716,2633.17,2580.27,2720.61,23.17,0.0,24.43,1,140.34
wheat,APMC Malkapur,2026-07-29,2670.0,2660.0,2670.0,2646.714285714286,2658.0,2607.54,2736.96,2.0,10.0,13.29,1,129.42
wheat,APMC Malkapur,2026-08-03,2660.0,2630.0,2660.0,2645.285714285714,2651.03,2612.28,2718.63,21.03,30.0,15.29,1,106.35
wheat,APMC Malkapur,2026-08-05,2620.0,2620.0,2620.0,2646.714285714286,2642.87,2597.7,2704.83,22.87,0.0,26.71,1,107.14
wheat,APMC Malkapur,2026-08-07,2700.0,2650.0,2700.0,2651.714285714286,2657.9,2611.11,2729.76,7.9,50.0,1.71,1,118.65
wheat,APMC Malkapur,2026-08-10,2660.0,2610.0,2660.0,2642.8571428571427,2665.69,2630.96,2722.99,55.69,50.0,32.86,0,92.03
wheat,APMC Malkapur,2026-08-12,2625.0,2650.0,2625.0,2648.5714285714284,2643.8,2615.78,2691.48,6.2,25.0,1.43,1,75.7
wheat,APMC Malkapur,2026-08-14,2600.0,2600.0,2600.0,2642.1428571428573,2630.08,2597.48,2685.52,30.08,0.0,42.14,1,88.04
wheat,APMC Malkapur,2026-08-18,2600.0,2600.0,2600.0,2630.714285714286,2628.9,2602.39,2668.84,28.9,0.0,30.71,0,66.44
wheat,APMC Malkapur,2026-08-20,2650.0,2600.0,2650.0,2619.285714285714,2628.97,2601.29,2675.21,28.97,50.0,19.29,0,73.92
wheat,APMC Malkapur,2026-08-22,2630.0,2650.0,2630.0,2615.714285714286,2621.72,2597.03,2658.7,28.28,20.0,34.29,1,61.68
wheat,APMC Malkapur,2026-08-25,2650.0,2650.0,2650.0,2618.5714285714284,2623.93,2597.98,2666.73,26.07,0.0,31.43,1,68.74
wheat,APMC Malkapur,2026-08-29,2650.0,2700.0,2650.0,2625.714285714286,2629.54,2603.38,2670.52,70.46,50.0,74.29,0,67.14
wheat,APMC Mumbai,2025-12-18,3950.0,3950.0,3950.0,3950.0,3957.97,3930.74,4143.32,7.97,0.0,0.0,1,212.59
wheat,APMC Mumbai,2025-12-22,3950.0,3950.0,3950.0,3950.0,3957.47,3938.01,4106.96,7.47,0.0,0.0,1,168.95
wheat,APMC Mumbai,2025-12-24,3950.0,3950.0,3950.0,3950.0,3958.18,3943.14,4101.02,8.18,0.0,0.0,1,157.88
wheat,APMC Mumbai,2025-12-26,3950.0,3950.0,3950.0,3950.0,3954.64,3939.63,4116.39,4.64,0.0,0.0,1,176.76
wheat,APMC Mumbai,2025-12-30,3950.0,3950.0,3950.0,3950.0,3951.1,3935.63,4127.66,1.1,0.0,0.0,1,192.03
wheat,APMC Mumbai,2026-01-01,3950.0,3950.0,3950.0,3950.0,3953.27,3939.93,4104.77,3.27,0.0,0.0,1,164.85
wheat,APMC Mumbai,2026-01-05,3950.0,3950.0,3950.0,3950.0,3953.32,3941.5,4128.71,3.32,0.0,0.0,1,187.2
wheat,APMC Mumbai,2026-01-07,3950.0,3950.0,3950.0,3950.0,3954.01,3942.81,4117.71,4.01,0.0,0.0,1,174.91
wheat,APMC Mumbai,2026-01-09,3950.0,3950.0,3950.0,3950.0,3951.97,3943.53,4101.06,1.97,0.0,0.0,1,157.53
wheat,APMC Mumbai,2026-01-13,3950.0,3950.0,3950.0,3950.0,3953.39,3945.36,4092.32,3.39,0.0,0.0,1,146.96
wheat,APMC Mumbai,2026-01-16,3950.0,3950.0,3950.0,3950.0,3952.97,3946.09,4016.99,2.97,0.0,0.0,1,70.9
wheat,APMC Mumbai,2026-01-20,3950.0,3950.0,3950.0,3950.0,3950.89,3944.13,4018.99,0.89,0.0,0.0,1,74.86
wheat,APMC Mumbai,2026-01-22,3950.0,3950.0,3950.0,3950.0,3950.23,3942.9,4053.71,0.23,0.0,0.0,1,110.81
wheat,APMC Mumbai,2026-01-27,3950.0,3950.0,3950.0,3950.0,3952.01,3945.04,4055.49,2.01,0.0,0.0,1,110.45
wheat,APMC Mumbai,2026-01-29,3950.0,3950.0,3950.0,3950.0,3952.7,3945.16,4041.92,2.7,0.0,0.0,1,96.77
wheat,APMC Mumbai,2026-02-02,3950.0,3950.0,3950.0,3950.0,3953.14,3946.33,4029.28,3.14,0.0,0.0,1,82.95
wheat,APMC Mumbai,2026-02-04,3950.0,3950.0,3950.0,3950.0,3952.31,3946.33,4051.67,2.31,0.0,0.0,1,105.34
wheat,APMC Mumbai,2026-02-06,3950.0,4250.0,3950.0,3950.0,3952.06,3945.89,4042.28,297.94,300.0,300.0,0,96.4
wheat,APMC Mumbai,2026-02-10,4250.0,3950.0,4250.0,3950.0,4370.93,3956.39,4395.86,420.93,300.0,0.0,0,439.47
wheat,APMC Mumbai,2026-02-12,3950.0,3950.0,3950.0,4035.714285714286,3962.57,3936.71,4362.51,12.57,0.0,85.71,1,425.8
wheat,APMC Mumbai,2026-02-16,3950.0,3950.0,3950.0,4035.714285714286,3957.19,3947.75,4206.43,7.19,0.0,85.71,1,258.68
wheat,APMC Mumbai,2026-02-18,3950.0,4250.0,3950.0,4035.714285714286,3951.77,3940.52,4293.29,298.23,300.0,214.29,1,352.77
wheat,APMC Mumbai,2026-02-23,4250.0,4250.0,4250.0,3992.857142857142,4335.89,3939.97,4389.85,85.89,0.0,257.14,1,449.88
wheat,APMC Mumbai,2026-02-25,3950.0,3950.0,3950.0,4035.714285714286,3972.9,3940.38,4354.05,22.9,0.0,85.71,1,413.67
wheat,APMC Mumbai,2026-02-27,3950.0,3950.0,3950.0,4078.571428571429,3959.8,3944.16,4324.37,9.8,0.0,128.57,1,380.21
wheat,APMC Mumbai,2026-03-04,3950.0,3950.0,3950.0,4078.571428571429,3954.77,3945.82,4285.19,4.77,0.0,128.57,1,339.37
wheat,APMC Mumbai,2026-03-06,3950.0,3950.0,3950.0,4035.714285714286,3952.82,3948.08,4043.83,2.82,0.0,85.71,1,95.75
wheat,APMC Mumbai,2026-03-10,3950.0,4250.0,3950.0,3992.857142857142,3951.58,3947.51,3958.97,298.42,300.0,257.14,0,11.46
wheat,APMC Mumbai,2026-03-12,4250.0,4250.0,4250.0,3950.0,3951.38,3945.47,4180.46,298.62,0.0,300.0,0,235.0
wheat,APMC Mumbai,2026-03-16,4250.0,3950.0,4250.0,4035.714285714286,4094.33,3945.48,4309.93,144.33,300.0,85.71,1,364.45
wheat,APMC Mumbai,2026-03-18,4250.0,3950.0,4250.0,4121.428571428572,4234.82,3997.21,4275.72,284.82,300.0,171.43,0,278.5
wheat,APMC Mumbai,2026-03-21,4050.0,4250.0,4050.0,4164.285714285715,4060.33,3947.97,4240.4,189.67,200.0,85.71,0,292.43
wheat,APMC Mumbai,2026-03-25,3950.0,3950.0,3950.0,4135.714285714285,3952.67,3946.93,4199.79,2.67,0.0,185.71,1,252.87
wheat,APMC Mumbai,2026-03-27,3950.0,4250.0,3950.0,4092.857142857142,3953.78,3945.85,4201.17,296.22,300.0,157.14,0,255.32
wheat,APMC Mumbai,2026-03-30,4050.0,3950.0,4050.0,4007.142857142858,3955.56,3946.16,4213.31,5.56,100.0,57.14,1,267.16
wheat,APMC Mumbai,2026-04-01,4250.0,3950.0,4250.0,4050.0,3982.65,3938.84,4235.05,32.65,300.0,100.0,1,296.21
wheat,APMC Mumbai,2026-04-03,3950.0,4250.0,3950.0,4092.857142857142,3951.4,3949.22,4140.05,298.6,300.0,157.14,0,190.83
wheat,APMC Mumbai,2026-04-06,3950.0,3950.0,3950.0,4050.0,3950.24,3948.36,4133.24,0.24,0.0,100.0,1,184.88
wheat,APMC Mumbai,2026-04-08,3950.0,3950.0,3950.0,4078.571428571429,3956.09,3948.84,4246.53,6.09,0.0,128.57,1,297.68
wheat,APMC Mumbai,2026-04-10,3950.0,4250.0,3950.0,3992.857142857142,3974.75,3947.07,4292.48,275.25,300.0,257.14,1,345.41
wheat,APMC Mumbai,2026-04-13,3950.0,3950.0,3950.0,3992.857142857142,3952.44,3949.44,4307.32,2.44,0.0,42.86,1,357.87
wheat,APMC Mumbai,2026-04-15,3950.0,4250.0,3950.0,4035.714285714286,3950.99,3950.1,4245.87,299.01,300.0,214.29,0,295.77
wheat,APMC Mumbai,2026-04-17,4250.0,4250.0,4250.0,3992.857142857142,3951.7,3948.36,4246.33,298.3,0.0,257.14,0,297.97
wheat,APMC Mumbai,2026-04-20,3950.0,3950.0,3950.0,4078.571428571429,3949.7,3948.73,4255.68,0.3,0.0,128.57,1,306.95
wheat,APMC Mumbai,2026-04-22,3950.0,3950.0,3950.0,4121.428571428572,3952.08,3948.88,4263.17,2.08,0.0,171.43,1,314.29
wheat,APMC Mumbai,2026-04-24,3950.0,3950.0,3950.0,4078.571428571429,3954.92,3948.08,4300.81,4.92,0.0,128.57,1,352.73
wheat,APMC Mumbai,2026-04-27,3950.0,3950.0,3950.0,4035.714285714286,3950.46,3948.23,4310.18,0.46,0.0,85.71,1,361.95
wheat,APMC Mumbai,2026-04-29,3950.0,3950.0,3950.0,3992.857142857142,3950.39,3948.17,4264.69,0.39,0.0,42.86,1,316.52
wheat,APMC Mumbai,2026-05-04,3950.0,3950.0,3950.0,3950.0,3950.42,3948.59,4200.39,0.42,0.0,0.0,1,251.79
wheat,APMC Mumbai,2026-05-06,3950.0,4250.0,3950.0,3950.0,3950.48,3948.61,4100.55,299.52,300.0,300.0,0,151.95
wheat,APMC Mumbai,2026-05-08,3950.0,4250.0,3950.0,3950.0,3949.83,3948.12,4122.79,300.17,300.0,300.0,0,174.67
wheat,APMC Mumbai,2026-05-11,4250.0,3950.0,4250.0,3992.857142857142,3964.26,3947.79,4297.58,14.26,300.0,42.86,1,349.79
wheat,APMC Mumbai,2026-05-13,3950.0,3950.0,3950.0,4078.571428571429,3951.18,3949.54,4260.65,1.18,0.0,128.57,1,311.12
wheat,APMC Mumbai,2026-05-15,4250.0,3950.0,4250.0,4078.571428571429,3971.82,3948.33,4294.43,21.82,300.0,128.57,1,346.09
wheat,APMC Mumbai,2026-05-19,3950.0,3950.0,3950.0,4121.428571428572,3951.78,3949.06,4307.54,1.78,0.0,171.43,1,358.47
wheat,APMC Mumbai,2026-05-21,3950.0,3950.0,3950.0,4035.714285714286,3952.85,3949.46,4282.1,2.85,0.0,85.71,1,332.64
wheat,APMC Mumbai,2026-05-23,3950.0,3950.0,3950.0,3992.857142857142,3953.79,3950.15,4270.21,3.79,0.0,42.86,0,320.06
wheat,APMC Mumbai,2026-05-26,3950.0,4050.0,3950.0,3950.0,3952.91,3949.11,4255.78,97.09,100.0,100.0,1,306.67
wheat,APMC Mumbai,2026-05-28,3950.0,3950.0,3950.0,3950.0,3952.45,3948.8,4237.75,2.45,0.0,0.0,1,288.95
wheat,APMC Mumbai,2026-05-30,3950.0,3950.0,3950.0,3964.285714285714,3951.54,3949.25,4268.16,1.54,0.0,14.29,1,318.91
wheat,APMC Mumbai,2026-06-02,3950.0,3950.0,3950.0,3964.285714285714,3953.04,3949.5,4261.3,3.04,0.0,14.29,1,311.8
wheat,APMC Mumbai,2026-06-04,3950.0,3950.0,3950.0,3964.285714285714,3954.17,3950.28,4267.21,4.17,0.0,14.29,0,316.94
wheat,APMC Mumbai,2026-06-06,4250.0,3950.0,4250.0,3964.285714285714,3961.74,3948.67,4267.97,11.74,300.0,14.29,1,319.3
wheat,APMC Mumbai,2026-06-10,3950.0,3950.0,3950.0,3992.857142857142,3952.47,3949.51,4294.74,2.47,0.0,42.86,1,345.23
wheat,APMC Mumbai,2026-06-12,3950.0,3950.0,3950.0,3992.857142857142,3952.55,3949.78,4284.92,2.55,0.0,42.86,1,335.14
wheat,APMC Mumbai,2026-06-15,3950.0,4250.0,3950.0,3992.857142857142,3952.24,3949.99,4253.65,297.76,300.0,257.14,1,303.66
wheat,APMC Mumbai,2026-06-17,4250.0,4150.0,4250.0,3950.0,3952.37,3949.6,4291.79,197.63,100.0,200.0,1,342.19
wheat,APMC Mumbai,2026-06-19,4250.0,4150.0,4250.0,4035.714285714286,3950.8,3947.36,4255.86,199.2,100.0,114.29,1,308.5
wheat,APMC Mumbai,2026-06-23,4150.0,4150.0,4150.0,4107.142857142857,3952.1,3948.39,4240.36,197.9,0.0,42.86,1,291.97
wheat,APMC Mumbai,2026-06-25,4150.0,4150.0,4150.0,4164.285714285715,3963.19,3948.02,4256.23,186.81,0.0,14.29,1,308.2
wheat,APMC Mumbai,2026-06-27,4150.0,4150.0,4150.0,4178.571428571428,4119.03,3944.67,4237.68,30.97,0.0,28.57,1,293.01
wheat,APMC Mumbai,2026-06-30,4150.0,4150.0,4150.0,4150.0,4157.04,3989.75,4231.02,7.04,0.0,0.0,1,241.27
wheat,APMC Mumbai,2026-07-02,4150.0,4150.0,4150.0,4150.0,4154.12,4034.37,4218.55,4.12,0.0,0.0,1,184.18
wheat,APMC Mumbai,2026-07-04,4150.0,4150.0,4150.0,4150.0,4157.03,4036.37,4222.46,7.03,0.0,0.0,1,186.09
wheat,APMC Mumbai,2026-07-07,4150.0,4150.0,4150.0,4150.0,4154.2,4081.33,4199.83,4.2,0.0,0.0,1,118.49
wheat,APMC Mumbai,2026-07-09,4150.0,4150.0,4150.0,4150.0,4148.94,4033.09,4158.44,1.06,0.0,0.0,1,125.35
wheat,APMC Mumbai,2026-07-11,4150.0,4150.0,4150.0,4150.0,4146.73,4048.16,4156.24,3.27,0.0,0.0,1,108.08
wheat,APMC Mumbai,2026-07-14,4150.0,4150.0,4150.0,4150.0,4146.92,4071.92,4157.24,3.08,0.0,0.0,1,85.32
wheat,APMC Mumbai,2026-07-16,4150.0,4150.0,4150.0,4150.0,4148.56,4093.78,4158.03,1.44,0.0,0.0,1,64.25
wheat,APMC Mumbai,2026-07-20,4150.0,3700.0,4150.0,4150.0,4148.3,4109.47,4156.08,448.3,450.0,450.0,0,46.61
wheat,APMC Mumbai,2026-07-22,3800.0,3800.0,3800.0,4150.0,3909.62,3841.53,4106.22,109.62,0.0,350.0,0,264.69
wheat,APMC Mumbai,2026-07-24,3800.0,3800.0,3800.0,4035.714285714286,3791.39,3719.16,3939.86,8.61,0.0,235.71,1,220.7
wheat,APMC Mumbai,2026-07-28,3800.0,3800.0,3800.0,3935.714285714286,3775.51,3732.74,3919.71,24.49,0.0,135.71,1,186.97
wheat,APMC Mumbai,2026-07-30,3800.0,3800.0,3800.0,3835.714285714286,3785.93,3766.02,3893.22,14.07,0.0,35.71,1,127.2
wheat,APMC Mumbai,2026-08-01,3800.0,3700.0,3800.0,3785.714285714286,3801.5,3781.78,3966.46,101.5,100.0,85.71,0,184.69
wheat,APMC Mumbai,2026-08-04,3800.0,3750.0,3800.0,3800.0,3826.25,3776.29,4085.06,76.25,50.0,50.0,0,308.77
wheat,APMC Mumbai,2026-08-06,3750.0,3750.0,3750.0,3785.714285714286,3793.71,3688.51,4123.63,43.71,0.0,35.71,1,435.13
wheat,APMC Mumbai,2026-08-08,3750.0,3750.0,3750.0,3771.428571428571,3758.03,3713.39,3959.24,8.03,0.0,21.43,1,245.86
wheat,APMC Mumbai,2026-08-11,3750.0,3750.0,3750.0,3757.142857142858,3751.96,3710.35,3897.94,1.96,0.0,7.14,1,187.59
wheat,APMC Mumbai,2026-08-13,3750.0,3750.0,3750.0,3742.857142857142,3753.49,3723.8,3902.03,3.49,0.0,7.14,1,178.24
wheat,APMC Mumbai,2026-08-17,3750.0,3750.0,3750.0,3750.0,3755.88,3725.92,3964.73,5.88,0.0,0.0,1,238.81
wheat,APMC Mumbai,2026-08-19,3750.0,3750.0,3750.0,3750.0,3760.62,3736.57,3935.96,10.62,0.0,0.0,1,199.39
wheat,APMC Mumbai,2026-08-21,3750.0,3750.0,3750.0,3750.0,3756.1,3735.29,3897.98,6.1,0.0,0.0,1,162.69
wheat,APMC Mumbai,2026-08-24,3750.0,4200.0,3750.0,3750.0,3751.07,3728.42,3936.17,448.93,450.0,450.0,0,207.74
wheat,APMC Mumbai,2026-08-26,3750.0,4200.0,3750.0,3750.0,3748.61,3728.74,3847.38,451.39,450.0,450.0,0,118.64
wheat,APMC Mumbai,2026-08-29,4200.0,4200.0,4200.0,3814.285714285714,4137.93,3957.31,4185.25,62.07,0.0,385.71,0,227.94
wheat,APMC Nagpur,2025-12-18,3425.0,3425.0,3425.0,3346.4285714285716,3421.39,3223.37,3426.07,3.61,0.0,78.57,1,202.7
wheat,APMC Nagpur,2025-12-22,3425.0,3425.0,3425.0,3357.1428571428573,3424.05,3227.54,3426.82,0.95,0.0,67.86,1,199.28
wheat,APMC Nagpur,2025-12-26,3425.0,3375.0,3425.0,3403.5714285714284,3423.46,3249.78,3425.55,48.46,50.0,28.57,1,175.77
wheat,APMC Nagpur,2025-12-29,3375.0,3425.0,3375.0,3425.0,3423.13,3252.27,3425.28,1.87,50.0,0.0,1,173.01
wheat,APMC Nagpur,2026-01-01,3425.0,3425.0,3425.0,3410.714285714286,3423.02,3285.54,3425.02,1.98,0.0,14.29,1,139.48
wheat,APMC Nagpur,2026-01-03,3425.0,3425.0,3425.0,3410.714285714286,3422.75,3303.15,3424.38,2.25,0.0,14.29,0,121.23
wheat,APMC Nagpur,2026-01-06,3425.0,3425.0,3425.0,3410.714285714286,3423.18,3314.85,3424.6,1.82,0.0,14.29,0,109.75
wheat,APMC Nagpur,2026-01-08,3350.0,3275.0,3350.0,3417.8571428571427,3423.48,3294.33,3425.72,148.48,75.0,142.86,0,131.39
wheat,APMC Nagpur,2026-01-10,3425.0,3425.0,3425.0,3414.285714285714,3423.9,3308.23,3425.13,1.1,0.0,10.71,1,116.9
wheat,APMC Nagpur,2026-01-14,3425.0,3425.0,3425.0,3392.8571428571427,3423.8,3293.63,3425.56,1.2,0.0,32.14,1,131.93
wheat,APMC Nagpur,2026-01-20,3425.0,3350.0,3425.0,3392.8571428571427,3423.93,3296.35,3425.73,73.93,75.0,42.86,1,129.38
wheat,APMC Nagpur,2026-01-22,3425.0,3350.0,3425.0,3403.5714285714284,3423.23,3285.29,3425.42,73.23,75.0,53.57,1,140.13
wheat,APMC Nagpur,2026-01-24,3350.0,3350.0,3350.0,3392.8571428571427,3422.88,3254.3,3425.42,72.88,0.0,42.86,1,171.11
wheat,APMC Nagpur,2026-01-28,3425.0,3375.0,3425.0,3392.8571428571427,3421.84,3269.7,3424.37,46.84,50.0,17.86,1,154.67
wheat,APMC Nagpur,2026-01-30,3375.0,3425.0,3375.0,3382.1428571428573,3422.49,3246.36,3425.53,2.51,50.0,42.86,1,179.17
wheat,APMC Nagpur,2026-02-02,3425.0,3425.0,3425.0,3367.8571428571427,3422.89,3281.19,3425.89,2.11,0.0,57.14,1,144.7
wheat,APMC Nagpur,2026-02-04,3425.0,3425.0,3425.0,3389.285714285714,3422.75,3289.85,3425.15,2.25,0.0,35.71,1,135.3
wheat,APMC Nagpur,2026-02-06,3425.0,3425.0,3425.0,3400.0,3423.06,3328.56,3424.9,1.94,0.0,25.0,0,96.34
wheat,APMC Nagpur,2026-02-09,3425.0,3250.0,3425.0,3417.8571428571427,3424.55,3343.67,3426.03,174.55,175.0,167.86,0,82.36
wheat,APMC Nagpur,2026-02-11,3425.0,3425.0,3425.0,3425.0,3423.78,3350.32,3425.36,1.22,0.0,0.0,1,75.04
wheat,APMC Nagpur,2026-02-13,3250.0,3425.0,3250.0,3400.0,3422.47,3249.79,3425.45,2.53,175.0,25.0,1,175.66
wheat,APMC Nagpur,2026-02-16,3425.0,3425.0,3425.0,3375.0,3420.79,3257.56,3424.03,4.21,0.0,50.0,0,166.47
wheat,APMC Nagpur,2026-02-19,3425.0,3425.0,3425.0,3375.0,3422.67,3275.81,3425.47,2.33,0.0,50.0,1,149.66
wheat,APMC Nagpur,2026-02-21,3425.0,3425.0,3425.0,3375.0,3423.29,3298.06,3425.56,1.71,0.0,50.0,1,127.5
wheat,APMC Nagpur,2026-02-24,3425.0,3425.0,3425.0,3425.0,3423.13,3300.84,3425.27,1.87,0.0,0.0,1,124.43
wheat,APMC Nagpur,2026-02-26,3425.0,3375.0,3425.0,3425.0,3423.17,3327.48,3424.62,48.17,50.0,50.0,1,97.14
wheat,APMC Nagpur,2026-02-28,3376.0,3425.0,3376.0,3425.0,3423.45,3306.16,3425.64,1.55,49.0,0.0,1,119.48
wheat,APMC Nagpur,2026-03-09,3425.0,3250.0,3425.0,3410.8571428571427,3423.55,3324.27,3425.37,173.55,175.0,160.86,0,101.09
wheat,APMC Nagpur,2026-03-12,3250.0,3425.0,3250.0,3410.8571428571427,3422.46,3284.2,3424.98,2.54,175.0,14.14,0,140.78
wheat,APMC Nagpur,2026-03-16,3425.0,3425.0,3425.0,3360.8571428571427,3421.59,3277.32,3424.73,3.41,0.0,64.14,0,147.41
wheat,APMC Nagpur,2026-03-18,3425.0,3425.0,3425.0,3367.8571428571427,3422.62,3287.65,3425.34,2.38,0.0,57.14,1,137.69
wheat,APMC Nagpur,2026-03-23,3425.0,3350.0,3425.0,3375.0,3422.89,3308.75,3425.65,72.89,75.0,25.0,1,116.9
wheat,APMC Nagpur,2026-03-25,3425.0,3250.0,3425.0,3400.0,3421.96,3301.78,3424.54,171.96,175.0,150.0,0,122.77
wheat,APMC Nagpur,2026-03-28,3225.0,3425.0,3225.0,3414.285714285714,3421.83,3250.52,3424.62,3.17,200.0,10.71,0,174.1
wheat,APMC Nagpur,2026-04-02,3425.0,3425.0,3425.0,3360.714285714286,3422.47,3284.41,3425.29,2.53,0.0,64.29,1,140.88
wheat,APMC Nagpur,2026-04-06,3425.0,3425.0,3425.0,3360.714285714286,3421.33,3294.36,3424.57,3.67,0.0,64.29,0,130.22
wheat,APMC Nagpur,2026-04-08,3425.0,3425.0,3425.0,3360.714285714286,3401.47,3257.41,3426.73,23.53,0.0,64.29,1,169.32
wheat,APMC Nagpur,2026-04-10,3425.0,3425.0,3425.0,3400.0,3423.84,3368.53,3425.29,1.16,0.0,25.0,1,56.76
wheat,APMC Nagpur,2026-04-13,3275.0,3275.0,3275.0,3425.0,3424.53,3339.53,3426.25,149.53,0.0,150.0,0,86.72
wheat,APMC Nagpur,2026-04-16,3425.0,3325.0,3425.0,3403.5714285714284,3423.79,3292.49,3426.83,98.79,100.0,78.57,1,134.34
wheat,APMC Nagpur,2026-04-18,3425.0,3425.0,3425.0,3382.1428571428573,3424.12,3287.31,3425.36,0.88,0.0,42.86,1,138.05
wheat,APMC Nagpur,2026-04-22,3425.0,3425.0,3425.0,3367.8571428571427,3423.78,3302.97,3425.93,1.22,0.0,57.14,1,122.96
wheat,APMC Nagpur,2026-04-24,3425.0,3350.0,3425.0,3389.285714285714,3424.05,3292.27,3425.93,74.05,75.0,39.29,1,133.66
wheat,APMC Nagpur,2026-04-27,3425.0,3375.0,3425.0,3389.285714285714,3423.73,3300.69,3425.26,48.73,50.0,14.29,1,124.57
wheat,APMC Nagpur,2026-04-29,3425.0,3425.0,3425.0,3400.0,3423.64,3276.0,3425.22,1.36,0.0,25.0,1,149.22
wheat,APMC Nagpur,2026-05-02,3425.0,3425.0,3425.0,3407.1428571428573,3423.73,3284.58,3425.15,1.27,0.0,17.86,1,140.56
wheat,APMC Nagpur,2026-05-06,3425.0,3425.0,3425.0,3407.1428571428573,3424.24,3285.56,3425.6,0.76,0.0,17.86,1,140.04
wheat,APMC Nagpur,2026-05-08,3425.0,3425.0,3425.0,3407.1428571428573,3424.0,3300.59,3425.61,1.0,0.0,17.86,1,125.02
wheat,APMC Nagpur,2026-05-11,3425.0,3275.0,3425.0,3417.8571428571427,3423.54,3313.32,3425.08,148.54,150.0,142.86,0,111.76
wheat,APMC Nagpur,2026-05-13,3425.0,3425.0,3425.0,3425.0,3423.98,3326.86,3425.29,1.02,0.0,0.0,1,98.43
wheat,APMC Nagpur,2026-05-18,3425.0,3425.0,3425.0,3403.5714285714284,3424.5,3294.94,3425.97,0.5,0.0,21.43,1,131.03
wheat,APMC Nagpur,2026-05-20,3425.0,3425.0,3425.0,3403.5714285714284,3424.07,3290.45,3425.42,0.93,0.0,21.43,1,134.97
wheat,APMC Nagpur,2026-05-22,3425.0,3425.0,3425.0,3403.5714285714284,3423.66,3287.78,3425.28,1.34,0.0,21.43,1,137.5
wheat,APMC Nagpur,2026-05-25,3425.0,3225.0,3425.0,3403.5714285714284,3423.53,3279.68,3425.08,198.53,200.0,178.57,0,145.39
wheat,APMC Nagpur,2026-05-29,3425.0,3425.0,3425.0,3425.0,3424.12,3304.99,3425.34,0.88,0.0,0.0,1,120.35
wheat,APMC Nagpur,2026-06-01,3375.0,3425.0,3375.0,3396.4285714285716,3424.49,3283.54,3425.78,0.51,50.0,28.57,1,142.24
wheat,APMC Nagpur,2026-06-03,3425.0,3425.0,3425.0,3389.285714285714,3424.51,3305.52,3426.07,0.49,0.0,35.71,1,120.54
wheat,APMC Nagpur,2026-06-05,3425.0,3425.0,3425.0,3389.285714285714,3424.13,3302.57,3425.56,0.87,0.0,35.71,1,122.99
wheat,APMC Nagpur,2026-06-08,3425.0,3275.0,3425.0,3389.285714285714,3424.12,3288.15,3425.67,149.12,150.0,114.29,0,137.52
wheat,APMC Nagpur,2026-06-10,3425.0,3425.0,3425.0,3425.0,3424.32,3280.77,3425.38,0.68,0.0,0.0,1,144.6
wheat,APMC Nagpur,2026-06-12,3275.0,3275.0,3275.0,3403.5714285714284,3424.84,3317.11,3425.59,149.84,0.0,128.57,0,108.48
wheat,APMC Nagpur,2026-06-15,3425.0,3425.0,3425.0,3382.1428571428573,3424.35,3314.25,3425.31,0.65,0.0,42.86,1,111.06
wheat,APMC Nagpur,2026-06-17,3425.0,3425.0,3425.0,3360.714285714286,3424.49,3321.05,3425.49,0.51,0.0,64.29,1,104.44
wheat,APMC Nagpur,2026-06-19,3425.0,3425.0,3425.0,3360.714285714286,3423.07,3260.68,3425.68,1.93,0.0,64.29,1,165.0
wheat,APMC Nagpur,2026-06-22,3425.0,3425.0,3425.0,3403.5714285714284,3421.46,3237.04,3426.86,3.54,0.0,21.43,1,189.83
wheat,APMC Nagpur,2026-06-24,3425.0,3225.0,3425.0,3403.5714285714284,3413.7,3248.73,3426.47,188.7,200.0,178.57,0,177.73
wheat,APMC Nagpur,2026-06-27,3425.0,3425.0,3425.0,3425.0,3424.51,3357.44,3425.24,0.49,0.0,0.0,1,67.8
wheat,APMC Nagpur,2026-06-30,3375.0,3425.0,3375.0,3396.4285714285716,3423.68,3414.12,3426.05,1.32,50.0,28.57,1,11.93
wheat,APMC Nagpur,2026-07-02,3425.0,3425.0,3425.0,3389.285714285714,3424.77,3420.75,3426.57,0.23,0.0,35.71,1,5.82
wheat,APMC Nagpur,2026-07-04,3425.0,3425.0,3425.0,3389.285714285714,3425.1,3395.89,3428.49,0.1,0.0,35.71,1,32.6
wheat,APMC Nagpur,2026-07-07,3425.0,3425.0,3425.0,3389.285714285714,3307.75,3187.94,3426.2,117.25,0.0,35.71,1,238.25
wheat,APMC Nagpur,2026-07-09,3425.0,3275.0,3425.0,3425.0,3424.56,3398.4,3427.3,149.56,150.0,150.0,0,28.9
wheat,APMC Nagpur,2026-07-11,3275.0,3425.0,3275.0,3425.0,3424.37,3417.26,3426.07,0.63,150.0,0.0,1,8.81
wheat,APMC Nagpur,2026-07-14,3425.0,3425.0,3425.0,3382.1428571428573,3424.46,3416.66,3425.92,0.54,0.0,42.86,1,9.27
wheat,APMC Nagpur,2026-07-16,3275.0,3425.0,3275.0,3382.1428571428573,3424.77,3344.33,3426.16,0.23,150.0,42.86,1,81.83
wheat,APMC Nagpur,2026-07-18,3425.0,3425.0,3425.0,3360.714285714286,3421.03,3244.56,3426.39,3.97,0.0,64.29,1,181.83
wheat,APMC Nagpur,2026-07-21,3425.0,3425.0,3425.0,3382.1428571428573,3424.23,3295.74,3426.24,0.77,0.0,42.86,1,130.49
wheat,APMC Nagpur,2026-07-23,3425.0,2624.0,3425.0,3403.5714285714284,3423.2,3247.32,3425.64,799.2,801.0,779.57,0,178.32
wheat,APMC Nagpur,2026-07-25,3425.0,3225.0,3425.0,3425.0,3423.95,3291.1,3425.13,198.95,200.0,200.0,0,134.03
wheat,APMC Nagpur,2026-07-28,3425.0,3425.0,3425.0,3310.5714285714284,3423.21,3384.38,3424.73,1.79,0.0,114.43,0,40.35
wheat,APMC Nagpur,2026-07-31,3425.0,3425.0,3425.0,3282.0,3424.02,3391.58,3425.93,0.98,0.0,143.0,1,34.35
wheat,APMC Nagpur,2026-08-03,3425.0,3425.0,3425.0,3282.0,3424.17,3329.56,3425.02,0.83,0.0,143.0,1,95.46
wheat,APMC Nagpur,2026-08-06,3425.0,3425.0,3425.0,3282.0,3424.28,3277.29,3425.67,0.72,0.0,143.0,1,148.38
wheat,APMC Nagpur,2026-08-08,3425.0,3275.0,3425.0,3396.4285714285716,3418.9,3039.01,3425.98,143.9,150.0,121.43,1,386.97
wheat,APMC Nagpur,2026-08-11,3425.0,3425.0,3425.0,3425.0,3422.35,3210.58,3425.42,2.65,0.0,0.0,1,214.84
wheat,APMC Nagpur,2026-08-13,3275.0,3425.0,3275.0,3403.5714285714284,3424.18,3380.47,3426.84,0.82,150.0,21.43,1,46.36
wheat,APMC Nagpur,2026-08-17,3425.0,3425.0,3425.0,3382.1428571428573,3424.45,3421.48,3426.26,0.55,0.0,42.86,1,4.77
wheat,APMC Nagpur,2026-08-20,3425.0,3425.0,3425.0,3382.1428571428573,3424.53,3420.87,3426.51,0.47,0.0,42.86,1,5.64
wheat,APMC Nagpur,2026-08-22,3425.0,3425.0,3425.0,3382.1428571428573,3422.66,3322.99,3427.84,2.34,0.0,42.86,1,104.85
wheat,APMC Nagpur,2026-08-25,3425.0,3425.0,3425.0,3425.0,3394.31,3155.58,3426.16,30.69,0.0,0.0,1,270.57
wheat,APMC Nagpur,2026-08-28,3425.0,3425.0,3425.0,3425.0,3417.45,3239.64,3426.52,7.55,0.0,0.0,1,186.88
wheat,APMC Paithan,2025-12-18,2850.0,2670.0,2850.0,2630.5714285714284,2656.23,2538.91,2821.23,13.77,180.0,39.43,1,282.32
wheat,APMC Paithan,2025-12-20,2700.0,2650.0,2700.0,2662.714285714286,2641.64,2530.39,2787.52,8.36,50.0,12.71,1,257.12
wheat,APMC Paithan,2025-12-23,2521.0,2671.0,2521.0,2656.1428571428573,2609.65,2507.95,2751.71,61.35,150.0,14.86,1,243.76
wheat,APMC Paithan,2025-12-25,2620.0,2681.0,2620.0,2658.8571428571427,2614.64,2518.37,2745.14,66.36,61.0,22.14,1,226.78
wheat,APMC Paithan,2025-12-27,2600.0,2570.0,2600.0,2633.1428571428573,2621.19,2527.37,2737.51,51.19,30.0,63.14,1,210.14
wheat,APMC Paithan,2025-12-30,2600.0,2850.0,2600.0,2630.4285714285716,2624.57,2535.65,2738.16,225.43,250.0,219.57,0,202.51
wheat,APMC Paithan,2026-01-01,2551.0,2620.0,2551.0,2627.4285714285716,2602.6,2526.09,2714.91,17.4,69.0,7.43,1,188.82
wheat,APMC Paithan,2026-01-03,2550.0,2585.0,2550.0,2646.1428571428573,2625.51,2537.47,2760.48,40.51,35.0,61.14,1,223.01
wheat,APMC Paithan,2026-01-06,2691.0,2550.0,2691.0,2631.714285714286,2636.31,2543.23,2770.35,86.31,141.0,81.71,1,227.12
wheat,APMC Paithan,2026-01-08,2600.0,2851.0,2600.0,2631.0,2618.68,2534.53,2746.42,232.32,251.0,220.0,0,211.89
wheat,APMC Paithan,2026-01-10,2600.0,2551.0,2600.0,2635.1428571428573,2614.14,2538.82,2734.56,63.14,49.0,84.14,1,195.74
wheat,APMC Paithan,2026-01-13,2521.0,2830.0,2521.0,2642.4285714285716,2622.03,2532.56,2774.58,207.97,309.0,187.57,0,242.01
wheat,APMC Paithan,2026-01-15,2575.0,2600.0,2575.0,2608.285714285714,2608.36,2532.06,2738.8,8.36,25.0,8.29,1,206.74
wheat,APMC Paithan,2026-01-17,2600.0,2500.0,2600.0,2639.714285714286,2627.81,2539.35,2782.68,127.81,100.0,139.71,0,243.33
wheat,APMC Paithan,2026-01-20,2700.0,2651.0,2700.0,2646.8571428571427,2628.49,2539.95,2781.0,22.51,49.0,4.14,1,241.05
wheat,APMC Paithan,2026-01-22,2581.0,2665.0,2581.0,2622.285714285714,2606.26,2529.7,2746.42,58.74,84.0,42.71,1,216.73
wheat,APMC Paithan,2026-01-24,2581.0,2526.0,2581.0,2637.4285714285716,2613.08,2532.44,2756.13,87.08,55.0,111.43,0,223.69
wheat,APMC Paithan,2026-01-28,2675.0,2511.0,2675.0,2611.1428571428573,2620.96,2535.19,2766.37,109.96,164.0,100.14,0,231.17
wheat,APMC Paithan,2026-01-30,2540.0,2440.0,2540.0,2597.0,2603.22,2527.78,2740.44,163.22,100.0,157.0,0,212.66
wheat,APMC Paithan,2026-02-01,2838.0,2810.0,2838.0,2592.714285714286,2617.09,2525.72,2788.59,192.91,28.0,217.29,0,262.87
wheat,APMC Paithan,2026-02-04,2621.0,2586.0,2621.0,2599.285714285714,2603.61,2502.83,2762.4,17.61,35.0,13.29,1,259.57
wheat,APMC Paithan,2026-02-06,2640.0,2811.0,2640.0,2612.285714285714,2618.14,2508.86,2797.15,192.86,171.0,198.71,0,288.29
wheat,APMC Paithan,2026-02-10,2900.0,2650.0,2900.0,2635.1428571428573,2641.56,2514.45,2836.5,8.44,250.0,14.86,1,322.05
wheat,APMC Paithan,2026-02-12,2821.0,2600.0,2821.0,2686.8571428571427,2675.79,2534.51,2895.26,75.79,221.0,86.86,1,360.75
wheat,APMC Paithan,2026-02-14,2800.0,2770.0,2800.0,2745.4285714285716,2674.78,2534.76,2875.63,95.22,30.0,24.57,1,340.87
wheat,APMC Paithan,2026-02-17,2680.0,2781.0,2680.0,2738.285714285714,2644.53,2527.28,2844.85,136.47,101.0,42.71,1,317.57
wheat,APMC Paithan,2026-02-19,2550.0,2600.0,2550.0,2733.1428571428573,2638.81,2521.02,2840.54,38.81,50.0,133.14,1,319.53
wheat,APMC Paithan,2026-02-21,2600.0,2651.0,2600.0,2690.1428571428573,2643.55,2524.18,2852.85,7.45,51.0,39.14,1,328.67
wheat,APMC Paithan,2026-02-24,2736.0,2650.0,2736.0,2654.4285714285716,2639.4,2522.99,2837.87,10.6,86.0,4.43,1,314.88
wheat,APMC Paithan,2026-02-27,2500.0,2630.0,2500.0,2669.714285714286,2627.64,2499.28,2833.23,2.36,130.0,39.71,1,333.95
wheat,APMC Paithan,2026-03-06,2630.0,2700.0,2630.0,2645.4285714285716,2626.81,2511.0,2806.44,73.19,70.0,54.57,1,295.44
wheat,APMC Paithan,2026-03-26,2600.0,2600.0,2600.0,2628.1428571428573,2624.59,2526.81,2779.69,24.59,0.0,28.14,1,252.88
wheat,APMC Paithan,2026-04-07,2600.0,2600.0,2600.0,2623.0,2621.55,2523.96,2763.15,21.55,0.0,23.0,1,239.19
wheat,APMC Paithan,2026-04-11,2600.0,2651.0,2600.0,2630.0,2620.51,2525.49,2760.9,30.49,51.0,21.0,1,235.41
wheat,APMC Paithan,2026-04-16,2600.0,2591.0,2600.0,2618.5714285714284,2619.44,2533.55,2744.33,28.44,9.0,27.57,1,210.78
wheat,APMC Paithan,2026-04-23,2601.0,2600.0,2601.0,2621.5714285714284,2619.68,2557.1,2695.61,19.68,1.0,21.57,1,138.5
wheat,APMC Paithan,2026-06-05,2651.0,2600.0,2651.0,2606.1428571428573,2611.92,2548.11,2703.17,11.92,51.0,6.14,1,155.06
wheat,APMC Paithan,2026-06-10,2600.0,2600.0,2600.0,2613.4285714285716,2614.98,2565.47,2694.83,14.98,0.0,13.43,1,129.35
wheat,APMC Paithan,2026-07-03,2750.0,2750.0,2750.0,2613.4285714285716,2618.93,2554.31,2740.23,131.07,0.0,136.57,0,185.92
wheat,APMC Paithan,2026-07-07,2600.0,2715.0,2600.0,2627.4285714285716,2613.14,2562.45,2717.29,101.86,115.0,87.57,1,154.85
wheat,APMC Paithan,2026-07-09,2775.0,2600.0,2775.0,2642.8571428571427,2636.56,2546.49,2782.17,36.56,175.0,42.86,1,235.68
wheat,APMC Paithan,2026-07-12,2590.0,2591.0,2590.0,2684.285714285714,2627.9,2543.76,2781.72,36.9,1.0,93.29,1,237.95
wheat,APMC Paithan,2026-07-17,2611.0,2700.0,2611.0,2661.4285714285716,2621.6,2566.52,2752.7,78.4,89.0,38.57,1,186.18
wheat,APMC Paithan,2026-07-19,2751.0,2730.0,2751.0,2661.714285714286,2630.16,2558.79,2773.14,99.84,21.0,68.29,1,214.35
wheat,APMC Paithan,2026-07-28,2851.0,2690.0,2851.0,2651.1428571428573,2656.61,2554.44,2828.1,33.39,161.0,38.86,1,273.66
wheat,APMC Paithan,2026-07-30,2701.0,2600.0,2701.0,2690.5714285714284,2666.5,2573.09,2828.77,66.5,101.0,90.57,1,255.68
wheat,APMC Paithan,2026-08-05,2600.0,2700.0,2600.0,2716.285714285714,2653.12,2573.81,2807.38,46.88,100.0,16.29,1,233.57
wheat,APMC Paithan,2026-08-07,2625.0,2621.0,2625.0,2696.0,2640.34,2565.54,2793.34,19.34,4.0,75.0,1,227.81
wheat,APMC Paithan,2026-08-09,2600.0,2650.0,2600.0,2663.714285714286,2637.4,2582.76,2765.8,12.6,50.0,13.71,1,183.04
wheat,APMC Paithan,2026-08-12,2651.0,2620.0,2651.0,2633.714285714286,2638.26,2588.59,2738.55,18.26,31.0,13.71,1,149.96
wheat,APMC Paithan,2026-08-14,2600.0,2740.0,2600.0,2635.285714285714,2640.1,2596.08,2747.17,99.9,140.0,104.71,1,151.09
wheat,APMC Paithan,2026-08-16,2600.0,2615.0,2600.0,2634.5714285714284,2626.43,2592.68,2701.19,11.43,15.0,19.57,1,108.52
wheat,APMC Paithan,2026-08-19,2611.0,2600.0,2611.0,2640.285714285714,2626.56,2593.75,2713.1,26.56,11.0,40.29,1,119.35
wheat,APMC Paithan,2026-08-21,2600.0,2625.0,2600.0,2633.714285714286,2616.36,2591.49,2720.3,8.64,25.0,8.71,1,128.81
wheat,APMC Paithan,2026-08-23,2626.0,2650.0,2626.0,2626.5714285714284,2616.77,2595.01,2705.95,33.23,24.0,23.43,1,110.94
wheat,APMC Paithan,2026-08-26,2650.0,2680.0,2650.0,2631.0,2626.58,2603.1,2702.02,53.42,30.0,49.0,1,98.92
wheat,APMC Paithan,2026-08-28,2660.0,2700.0,2660.0,2623.714285714286,2634.69,2611.77,2688.27,65.31,40.0,76.29,0,76.49
wheat,APMC Paithan,2026-08-30,2685.0,2600.0,2685.0,2641.5714285714284,2651.57,2618.71,2707.45,51.57,85.0,41.57,0,88.75
wheat,APMC Rahata,2026-01-12,2675.0,2600.0,2675.0,2559.4285714285716,2637.01,2565.27,2706.29,37.01,75.0,40.57,1,141.03
wheat,APMC Rahata,2026-01-14,2636.0,2795.0,2636.0,2608.8571428571427,2643.34,2568.01,2726.98,151.66,159.0,186.14,0,158.98
wheat,APMC Rahata,2026-01-19,2700.0,2770.0,2700.0,2610.4285714285716,2666.8,2587.9,2746.22,103.2,70.0,159.57,0,158.32
wheat,APMC Rahata,2026-01-21,2770.0,2700.0,2770.0,2676.0,2705.6,2605.16,2811.21,5.6,70.0,24.0,1,206.04
wheat,APMC Rahata,2026-01-23,2600.0,2600.0,2600.0,2718.8571428571427,2683.49,2591.73,2795.44,83.49,0.0,118.86,1,203.71
wheat,APMC Rahata,2026-01-27,2700.0,2586.0,2700.0,2705.0,2700.75,2615.21,2794.52,114.75,114.0,119.0,0,179.31
wheat,APMC Rahata,2026-01-31,2640.0,2525.0,2640.0,2705.0,2641.46,2568.36,2728.32,116.46,115.0,180.0,0,159.96
wheat,APMC Rahata,2026-02-04,2600.0,2500.0,2600.0,2656.5714285714284,2609.33,2545.76,2689.29,109.33,100.0,156.57,0,143.53
wheat,APMC Rahata,2026-02-06,2550.0,2515.0,2550.0,2621.5714285714284,2581.41,2521.63,2661.31,66.41,35.0,106.57,0,139.68
wheat,APMC Rahata,2026-02-14,2556.0,2600.0,2556.0,2571.5714285714284,2562.7,2506.82,2640.92,37.3,44.0,28.43,1,134.09
wheat,APMC Rahata,2026-02-20,2500.0,2680.0,2500.0,2547.4285714285716,2522.77,2477.46,2591.92,157.23,180.0,132.57,0,114.46
wheat,APMC Rahata,2026-07-17,2600.0,2625.0,2600.0,2535.1428571428573,2581.61,2518.27,2668.87,43.39,25.0,89.86,1,150.61
wheat,APMC Rahata,2026-07-23,2630.0,2686.0,2630.0,2564.4285714285716,2612.79,2534.59,2714.67,73.21,56.0,121.57,1,180.08
wheat,APMC Rahata,2026-07-31,2625.0,2700.0,2625.0,2592.8571428571427,2610.72,2535.94,2700.09,89.28,75.0,107.14,1,164.15
wheat,APMC Rahata,2026-08-04,2675.0,2650.0,2675.0,2635.1428571428573,2636.37,2551.39,2731.77,13.63,25.0,14.86,1,180.37
wheat,APMC Rahata,2026-08-07,2715.0,2700.0,2715.0,2660.1428571428573,2664.01,2572.38,2763.68,35.99,15.0,39.86,1,191.31
wheat,APMC Rahata,2026-08-10,2700.0,2675.0,2700.0,2668.0,2660.48,2572.25,2754.17,14.52,25.0,7.0,1,181.91
wheat,APMC Rahata,2026-08-12,2700.0,2650.0,2700.0,2689.4285714285716,2652.04,2569.93,2739.89,2.04,50.0,39.43,1,169.95
wheat,APMC Rahata,2026-08-14,2675.0,2650.0,2675.0,2691.4285714285716,2640.05,2565.46,2717.11,9.95,25.0,41.43,1,151.65
wheat,APMC Rahata,2026-08-17,2700.0,2625.0,2700.0,2678.5714285714284,2655.78,2572.18,2744.14,30.78,75.0,53.57,1,171.96
wheat,APMC Rahata,2026-08-19,2650.0,2700.0,2650.0,2678.5714285714284,2632.64,2555.48,2709.71,67.36,50.0,21.43,1,154.23
wheat,APMC Rahata,2026-08-21,2625.0,2640.0,2625.0,2660.714285714286,2621.02,2552.52,2694.51,18.98,15.0,20.71,1,141.98
wheat,APMC Rahata,2026-08-24,2650.0,2621.0,2650.0,2657.1428571428573,2678.57,2599.98,2763.17,57.57,29.0,36.14,1,163.19
wheat,APMC Rahata,2026-08-26,2600.0,2730.0,2600.0,2648.5714285714284,2669.53,2590.11,2754.5,60.47,130.0,81.43,1,164.39
wheat,APMC Sangli,2025-12-18,3600.0,3600.0,3600.0,3628.571428571429,3620.35,3544.6,3888.42,20.35,0.0,28.57,1,343.83
wheat,APMC Sangli,2025-12-20,3600.0,3600.0,3600.0,3614.285714285714,3636.37,3560.55,3824.33,36.37,0.0,14.29,1,263.78
wheat,APMC Sangli,2025-12-23,3700.0,3700.0,3700.0,3614.285714285714,3660.73,3578.73,3887.52,39.27,0.0,85.71,1,308.8
wheat,APMC Sangli,2025-12-27,3700.0,3500.0,3700.0,3628.571428571429,3678.53,3597.61,3919.86,178.53,200.0,128.57,0,322.26
wheat,APMC Sangli,2025-12-31,3500.0,3700.0,3500.0,3657.142857142858,3651.31,3543.85,3822.35,48.69,200.0,42.86,1,278.51
wheat,APMC Sangli,2026-01-02,3700.0,3700.0,3700.0,3614.285714285714,3661.58,3542.37,3829.17,38.42,0.0,85.71,1,286.8
wheat,APMC Sangli,2026-01-05,3700.0,3600.0,3700.0,3628.571428571429,3688.62,3576.33,3821.53,88.62,100.0,28.57,1,245.2
wheat,APMC Sangli,2026-01-07,3700.0,3500.0,3700.0,3642.857142857142,3707.03,3600.29,3876.39,207.03,200.0,142.86,0,276.1
wheat,APMC Sangli,2026-01-09,3700.0,3700.0,3700.0,3657.142857142858,3694.51,3592.59,3864.58,5.49,0.0,42.86,1,271.99
wheat,APMC Sangli,2026-01-12,3700.0,3700.0,3700.0,3657.142857142858,3685.36,3570.33,3858.31,14.64,0.0,42.86,1,287.98
wheat,APMC Sangli,2026-01-14,3700.0,3700.0,3700.0,3657.142857142858,3698.5,3581.53,3840.42,1.5,0.0,42.86,1,258.89
wheat,APMC Sangli,2026-01-17,3500.0,3500.0,3500.0,3657.142857142858,3673.76,3534.26,3910.41,173.76,0.0,157.14,0,376.15
wheat,APMC Sangli,2026-01-20,3550.0,3550.0,3550.0,3642.857142857142,3669.86,3540.08,3851.29,119.86,0.0,92.86,1,311.22
wheat,APMC Sangli,2026-01-22,3700.0,3500.0,3700.0,3621.428571428571,3656.57,3516.99,3801.11,156.57,200.0,121.43,0,284.12
wheat,APMC Sangli,2026-01-27,3700.0,3700.0,3700.0,3600.0,3652.48,3524.34,3763.59,47.52,0.0,100.0,1,239.25
wheat,APMC Sangli,2026-01-29,3550.0,3700.0,3550.0,3600.0,3619.56,3495.62,3739.41,80.44,150.0,100.0,1,243.79
wheat,APMC Sangli,2026-02-02,3700.0,3700.0,3700.0,3600.0,3651.79,3531.37,3770.06,48.21,0.0,100.0,1,238.69
wheat,APMC Sangli,2026-02-05,3500.0,3550.0,3500.0,3628.571428571429,3634.87,3512.81,3753.72,84.87,50.0,78.57,1,240.91
wheat,APMC Sangli,2026-02-09,3700.0,3550.0,3700.0,3621.428571428571,3662.56,3531.18,3782.11,112.56,150.0,71.43,1,250.92
wheat,APMC Sangli,2026-02-12,3700.0,3700.0,3700.0,3650.0,3652.93,3524.19,3773.85,47.07,0.0,50.0,1,249.66
wheat,APMC Sangli,2026-02-17,3700.0,3550.0,3700.0,3628.571428571429,3660.81,3524.89,3732.24,110.81,150.0,78.57,1,207.35
wheat,APMC Sangli,2026-02-20,3700.0,3550.0,3700.0,3657.142857142858,3690.12,3513.85,3704.84,140.12,150.0,107.14,1,190.99
wheat,APMC Sangli,2026-02-23,3700.0,3500.0,3700.0,3635.714285714286,3654.1,3510.15,3720.43,154.1,200.0,135.71,0,210.27
wheat,APMC Sangli,2026-02-26,3500.0,3600.0,3500.0,3635.714285714286,3628.09,3497.47,3714.54,28.09,100.0,35.71,1,217.07
wheat,APMC Sangli,2026-02-28,3500.0,3500.0,3500.0,3600.0,3589.24,3490.42,3718.65,89.24,0.0,100.0,1,228.23
wheat,APMC Sangli,2026-03-04,3500.0,3500.0,3500.0,3557.1428571428573,3587.92,3481.78,3718.9,87.92,0.0,57.14,1,237.11
wheat,APMC Sangli,2026-03-06,3500.0,3500.0,3500.0,3521.4285714285716,3562.76,3474.45,3711.78,62.76,0.0,21.43,1,237.33
wheat,APMC Sangli,2026-03-09,3500.0,3300.0,3500.0,3514.285714285714,3519.35,3466.14,3687.32,219.35,200.0,214.29,0,221.17
wheat,APMC Sangli,2026-03-11,3500.0,3400.0,3500.0,3514.285714285714,3505.33,3485.54,3642.17,105.33,100.0,114.29,0,156.63
wheat,APMC Sangli,2026-03-13,3300.0,3500.0,3300.0,3471.4285714285716,3327.93,3193.65,3471.56,172.07,200.0,28.57,0,277.9
wheat,APMC Sangli,2026-03-16,3300.0,3400.0,3300.0,3428.5714285714284,3311.74,3209.32,3428.89,88.26,100.0,28.57,1,219.57
wheat,APMC Sangli,2026-03-18,3400.0,3500.0,3400.0,3400.0,3384.34,3256.42,3511.05,115.66,100.0,100.0,1,254.63
wheat,APMC Sangli,2026-03-23,3500.0,3500.0,3500.0,3371.4285714285716,3468.87,3338.04,3596.63,31.13,0.0,128.57,1,258.59
wheat,APMC Sangli,2026-03-25,3450.0,3500.0,3450.0,3428.5714285714284,3444.25,3325.14,3557.05,55.75,50.0,71.43,1,231.91
wheat,APMC Sangli,2026-03-28,3500.0,3500.0,3500.0,3464.285714285714,3476.71,3385.13,3565.83,23.29,0.0,35.71,1,180.7
wheat,APMC Sangli,2026-04-08,3500.0,3500.0,3500.0,3478.5714285714284,3489.42,3417.31,3578.21,10.58,0.0,21.43,1,160.89
wheat,APMC Sangli,2026-04-15,3500.0,3750.0,3500.0,3492.8571428571427,3493.76,3445.56,3552.34,256.24,250.0,257.14,0,106.78
wheat,APMC Sangli,2026-04-17,3500.0,3400.0,3500.0,3500.0,3493.39,3457.97,3540.17,93.39,100.0,100.0,0,82.2
wheat,APMC Sangli,2026-04-21,3500.0,3400.0,3500.0,3535.714285714286,3547.88,3473.05,3694.58,147.88,100.0,135.71,0,221.53
wheat,APMC Sangli,2026-04-24,3500.0,3450.0,3500.0,3521.4285714285716,3494.46,3406.65,3630.97,44.46,50.0,71.43,1,224.32
wheat,APMC Sangli,2026-04-28,3400.0,3500.0,3400.0,3507.1428571428573,3437.71,3341.64,3574.26,62.29,100.0,7.14,1,232.61
wheat,APMC Sangli,2026-05-06,3500.0,3450.0,3500.0,3485.714285714286,3465.79,3382.08,3591.35,15.79,50.0,35.71,1,209.27
wheat,APMC Sangli,2026-05-08,3450.0,3450.0,3450.0,3450.0,3482.17,3373.06,3636.97,32.17,0.0,0.0,1,263.91
wheat,APMC Sangli,2026-05-12,3500.0,3400.0,3500.0,3450.0,3492.07,3402.01,3632.62,92.07,100.0,50.0,0,230.61
wheat,APMC Sangli,2026-05-15,3450.0,3400.0,3450.0,3471.4285714285716,3479.68,3390.6,3573.4,79.68,50.0,71.43,1,182.8
wheat,APMC Sangli,2026-05-19,3500.0,3500.0,3500.0,3457.1428571428573,3475.53,3405.18,3582.06,24.47,0.0,42.86,1,176.88
wheat,APMC Sangli,2026-05-21,3500.0,3500.0,3500.0,3450.0,3472.7,3388.87,3581.06,27.3,0.0,50.0,1,192.2
wheat,APMC Sangli,2026-05-25,3450.0,3400.0,3450.0,3457.1428571428573,3474.44,3389.24,3572.34,74.44,50.0,57.14,1,183.1
wheat,APMC Sangli,2026-06-02,3500.0,3500.0,3500.0,3464.285714285714,3488.83,3413.81,3578.98,11.17,0.0,35.71,1,165.17
wheat,APMC Sangli,2026-06-06,3500.0,3450.0,3500.0,3464.285714285714,3474.22,3394.31,3556.29,24.22,50.0,14.29,1,161.98
wheat,APMC Sangli,2026-06-13,3450.0,3400.0,3450.0,3478.5714285714284,3476.21,3397.39,3547.27,76.21,50.0,78.57,1,149.88
wheat,APMC Sangli,2026-06-17,3450.0,3450.0,3450.0,3471.4285714285716,3461.36,3380.8,3540.5,11.36,0.0,21.43,1,159.69
wheat,APMC Sangli,2026-06-22,3400.0,3500.0,3400.0,3450.0,3417.69,3331.94,3507.05,82.31,100.0,50.0,1,175.11
wheat,APMC Sangli,2026-06-25,3500.0,3400.0,3500.0,3442.8571428571427,3469.53,3382.1,3560.75,69.53,100.0,42.86,1,178.65
wheat,APMC Sangli,2026-06-30,3500.0,3500.0,3500.0,3450.0,3463.45,3386.92,3537.25,36.55,0.0,50.0,1,150.33
wheat,APMC Sangli,2026-07-04,3400.0,3600.0,3400.0,3450.0,3432.88,3358.07,3516.93,167.12,200.0,150.0,0,158.86
wheat,APMC Sangli,2026-07-07,3500.0,3400.0,3500.0,3464.285714285714,3475.71,3397.53,3554.15,75.71,100.0,64.29,1,156.62
wheat,APMC Sangli,2026-07-09,3500.0,3500.0,3500.0,3485.714285714286,3512.1,3425.4,3621.28,12.1,0.0,14.29,1,195.88
wheat,APMC Sangli,2026-07-11,3550.0,3500.0,3550.0,3471.4285714285716,3518.48,3427.6,3637.81,18.48,50.0,28.57,1,210.21
wheat,APMC Sangli,2026-07-14,3500.0,3400.0,3500.0,3507.1428571428573,3505.25,3422.72,3602.82,105.25,100.0,107.14,0,180.1
wheat,APMC Sangli,2026-07-21,3600.0,3500.0,3600.0,3507.1428571428573,3525.32,3432.01,3626.66,25.32,100.0,7.14,1,194.65
wheat,APMC Sangli,2026-07-23,3500.0,3500.0,3500.0,3492.8571428571427,3487.63,3397.62,3583.31,12.37,0.0,7.14,1,185.7
wheat,APMC Sangli,2026-07-25,3500.0,3500.0,3500.0,3500.0,3490.86,3412.0,3571.79,9.14,0.0,0.0,1,159.79
wheat,APMC Sangli,2026-07-29,3600.0,3400.0,3600.0,3500.0,3509.21,3416.56,3615.35,109.21,200.0,100.0,0,198.78
wheat,APMC Sangli,2026-08-06,3600.0,3600.0,3600.0,3500.0,3521.71,3427.52,3624.29,78.29,0.0,100.0,1,196.77
wheat,APMC Sangli,2026-08-08,3600.0,3400.0,3600.0,3514.285714285714,3502.93,3403.63,3615.52,102.93,200.0,114.29,0,211.89
wheat,APMC Sangli,2026-08-19,3400.0,3750.0,3400.0,3542.8571428571427,3491.53,3391.34,3581.88,258.47,350.0,207.14,0,190.54
wheat,APMC Sangli,2026-08-21,3600.0,3500.0,3600.0,3500.0,3500.53,3395.77,3601.76,0.53,100.0,0.0,1,205.99
wheat,APMC Sangli,2026-08-25,3600.0,3750.0,3600.0,3535.714285714286,3543.46,3419.25,3682.24,206.54,150.0,214.29,0,262.99
wheat,APMC Shevgaon,2025-12-29,2500.0,2700.0,2500.0,2635.714285714286,2596.96,2473.4,2694.79,103.04,200.0,64.29,0,221.39
wheat,APMC Shevgaon,2026-01-05,2500.0,2700.0,2500.0,2585.714285714286,2598.89,2472.38,2699.79,101.11,200.0,114.29,0,227.41
wheat,APMC Shevgaon,2026-01-10,2750.0,2850.0,2750.0,2571.4285714285716,2699.6,2607.84,2703.21,150.4,100.0,278.57,0,95.37
wheat,APMC Shevgaon,2026-01-16,2700.0,2700.0,2700.0,2614.285714285714,2700.5,2632.37,2703.82,0.5,0.0,85.71,1,71.45
wheat,APMC Shevgaon,2026-01-19,2800.0,2500.0,2800.0,2671.4285714285716,2796.32,2684.45,2845.55,296.32,300.0,171.43,0,161.1
wheat,APMC Shevgaon,2026-01-23,2800.0,2500.0,2800.0,2742.8571428571427,2779.29,2620.21,2837.71,279.29,300.0,242.86,0,217.49
wheat,APMC Shevgaon,2026-01-27,2500.0,2750.0,2500.0,2721.4285714285716,2602.13,2460.45,2785.78,147.87,250.0,28.57,1,325.33
wheat,APMC Shevgaon,2026-02-01,2700.0,2500.0,2700.0,2664.285714285714,2714.29,2488.78,2830.7,214.29,200.0,164.29,1,341.91
wheat,APMC Shevgaon,2026-02-07,2750.0,2500.0,2750.0,2635.714285714286,2758.13,2554.38,2815.85,258.13,250.0,135.71,0,261.48
wheat,APMC Shevgaon,2026-02-16,2500.0,2500.0,2500.0,2600.0,2614.53,2456.67,2816.07,114.53,0.0,100.0,1,359.4
wheat,APMC Shevgaon,2026-02-18,2500.0,2600.0,2500.0,2600.0,2589.73,2474.63,2784.11,10.27,100.0,0.0,1,309.48
wheat,APMC Shevgaon,2026-02-21,2500.0,2600.0,2500.0,2571.4285714285716,2569.71,2473.69,2751.84,30.29,100.0,28.57,1,278.15
wheat,APMC Shevgaon,2026-07-20,2650.0,2600.0,2650.0,2514.285714285714,2673.65,2491.15,2767.2,73.65,50.0,85.71,1,276.05
wheat,APMC Shevgaon,2026-07-22,2600.0,2600.0,2600.0,2550.0,2681.38,2512.48,2771.6,81.38,0.0,50.0,1,259.12
wheat,APMC Shevgaon,2026-07-27,2600.0,2600.0,2600.0,2578.5714285714284,2635.01,2496.01,2744.38,35.01,0.0,21.43,1,248.37
wheat,APMC Shevgaon,2026-07-31,2600.0,2650.0,2600.0,2607.1428571428573,2615.5,2518.33,2711.69,34.5,50.0,42.86,1,193.36
wheat,APMC Shevgaon,2026-08-03,2650.0,2600.0,2650.0,2600.0,2630.11,2511.84,2713.44,30.11,50.0,0.0,1,201.6
wheat,APMC Shevgaon,2026-08-05,2650.0,2600.0,2650.0,2614.285714285714,2633.68,2507.43,2696.08,33.68,50.0,14.29,1,188.65
wheat,APMC Shevgaon,2026-08-09,2600.0,2675.0,2600.0,2621.4285714285716,2604.52,2509.75,2675.77,70.48,75.0,53.57,1,166.02
wheat,APMC Shevgaon,2026-08-12,2600.0,2600.0,2600.0,2621.4285714285716,2605.14,2551.06,2656.54,5.14,0.0,21.43,1,105.48
wheat,APMC Shevgaon,2026-08-16,2600.0,2650.0,2600.0,2625.0,2610.15,2522.75,2698.12,39.85,50.0,25.0,1,175.37
wheat,APMC Shevgaon,2026-08-18,2700.0,2650.0,2700.0,2610.714285714286,2635.45,2527.13,2760.15,14.55,50.0,39.29,1,233.01
wheat,APMC Shevgaon,2026-08-21,2600.0,2700.0,2600.0,2632.1428571428573,2617.96,2544.8,2710.52,82.04,100.0,67.86,1,165.72
wheat,APMC Shevgaon,2026-08-24,2650.0,2600.0,2650.0,2639.285714285714,2642.3,2577.79,2707.58,42.3,50.0,39.29,1,129.78
wheat,APMC Shevgaon,2026-08-29,2700.0,2700.0,2700.0,2650.0,2677.7,2587.09,2760.77,22.3,0.0,50.0,1,173.69
wheat,APMC Sillod,2025-12-21,2550.0,2500.0,2550.0,2500.0,2500.71,2499.43,2562.65,0.71,50.0,0.0,1,63.22
wheat,APMC Sillod,2025-12-23,2550.0,2500.0,2550.0,2514.285714285714,2519.56,2500.11,2581.89,19.56,50.0,14.29,0,81.78
wheat,APMC Sillod,2025-12-28,2500.0,2550.0,2500.0,2521.4285714285716,2502.52,2500.77,2576.42,47.48,50.0,28.57,1,75.65
wheat,APMC Sillod,2025-12-30,2500.0,2550.0,2500.0,2521.4285714285716,2502.97,2499.47,2586.21,47.03,50.0,28.57,1,86.74
wheat,APMC Sillod,2026-01-01,2500.0,2550.0,2500.0,2521.4285714285716,2503.66,2499.98,2584.59,46.34,50.0,28.57,1,84.61
wheat,APMC Sillod,2026-01-04,2500.0,2600.0,2500.0,2514.285714285714,2504.22,2500.15,2572.45,95.78,100.0,85.71,0,72.3
wheat,APMC Sillod,2026-01-11,2600.0,2550.0,2600.0,2521.4285714285716,2543.49,2493.87,2597.57,6.51,50.0,28.57,1,103.71
wheat,APMC Sillod,2026-01-13,2600.0,2600.0,2600.0,2550.0,2596.21,2507.66,2599.62,3.79,0.0,50.0,0,91.95
wheat,APMC Sillod,2026-01-15,2600.0,2500.0,2600.0,2564.285714285714,2597.45,2513.5,2599.96,97.45,100.0,64.29,0,86.46
wheat,APMC Sillod,2026-01-25,2600.0,2600.0,2600.0,2585.714285714286,2598.65,2548.53,2600.44,1.35,0.0,14.29,1,51.9
wheat,APMC Sillod,2026-01-28,2600.0,2550.0,2600.0,2578.5714285714284,2596.94,2505.87,2599.93,46.94,50.0,28.57,1,94.07
wheat,APMC Sillod,2026-01-30,2600.0,2600.0,2600.0,2578.5714285714284,2598.79,2525.83,2601.15,1.21,0.0,21.43,1,75.32
wheat,APMC Sillod,2026-02-04,2550.0,2550.0,2550.0,2578.5714285714284,2586.73,2502.67,2599.56,36.73,0.0,28.57,1,96.89
wheat,APMC Sillod,2026-02-09,2550.0,2550.0,2550.0,2571.4285714285716,2586.91,2507.6,2599.5,36.91,0.0,21.43,1,91.9
wheat,APMC Sillod,2026-02-11,2600.0,2550.0,2600.0,2571.4285714285716,2594.63,2518.18,2599.32,44.63,50.0,21.43,1,81.14
wheat,APMC Sillod,2026-02-16,2550.0,2600.0,2550.0,2564.285714285714,2581.35,2515.6,2598.81,18.65,50.0,35.71,0,83.21
wheat,APMC Sillod,2026-02-18,2550.0,2500.0,2550.0,2564.285714285714,2561.59,2518.33,2598.34,61.59,50.0,64.29,0,80.01
wheat,APMC Sillod,2026-02-25,2550.0,2600.0,2550.0,2564.285714285714,2574.22,2510.83,2599.45,25.78,50.0,35.71,0,88.62
wheat,APMC Sillod,2026-02-27,2500.0,2650.0,2500.0,2550.0,2505.5,2498.96,2586.95,144.5,150.0,100.0,0,88.0
wheat,APMC Sillod,2026-08-19,2600.0,2600.0,2600.0,2550.0,2532.64,2499.25,2609.88,67.36,0.0,50.0,1,110.63
wheat,APMC Sillod,2026-08-21,2600.0,2600.0,2600.0,2571.4285714285716,2598.24,2508.76,2641.25,1.76,0.0,28.57,1,132.49
wheat,APMC Sillod,2026-08-24,2600.0,2600.0,2600.0,2578.5714285714284,2595.6,2516.37,2628.12,4.4,0.0,21.43,1,111.75
wheat,APMC Sillod,2026-08-26,2600.0,2600.0,2600.0,2607.1428571428573,2597.6,2521.37,2622.67,2.4,0.0,7.14,1,101.29
wheat,APMC Sillod,2026-08-30,2600.0,2600.0,2600.0,2607.1428571428573,2595.83,2529.8,2620.53,4.17,0.0,7.14,1,90.72
wheat,APMC Solapur,2025-12-18,3470.0,3490.0,3470.0,3450.0,3474.89,3454.14,3496.25,15.11,20.0,40.0,1,42.11
wheat,APMC Solapur,2025-12-23,3485.0,3500.0,3485.0,3460.714285714286,3497.62,3475.61,3519.76,2.38,15.0,39.29,1,44.15
wheat,APMC Solapur,2025-12-25,3495.0,3515.0,3495.0,3472.1428571428573,3502.96,3478.77,3522.31,12.04,20.0,42.86,1,43.54
wheat,APMC Solapur,2025-12-27,3505.0,3510.0,3505.0,3483.5714285714284,3514.96,3492.87,3531.81,4.96,5.0,26.43,1,38.94
wheat,APMC Solapur,2025-12-30,3520.0,3520.0,3520.0,3495.714285714286,3533.44,3513.23,3550.41,13.44,0.0,24.29,1,37.17
wheat,APMC Solapur,2026-01-01,3515.0,3530.0,3515.0,3505.0,3510.6,3486.06,3528.74,19.4,15.0,25.0,0,42.68
wheat,APMC Solapur,2026-01-03,3525.0,3535.0,3525.0,3512.1428571428573,3527.37,3504.72,3544.34,7.63,10.0,22.86,1,39.62
wheat,APMC Solapur,2026-01-06,3530.0,3550.0,3530.0,3519.285714285714,3535.02,3515.96,3548.58,14.98,20.0,30.71,0,32.62
wheat,APMC Solapur,2026-01-08,3545.0,3560.0,3545.0,3523.5714285714284,3551.81,3531.39,3567.2,8.19,15.0,36.43,1,35.82
wheat,APMC Solapur,2026-01-10,3555.0,3595.0,3555.0,3533.5714285714284,3566.01,3548.44,3579.68,28.99,40.0,61.43,0,31.24
wheat,APMC Solapur,2026-01-20,3590.0,3605.0,3590.0,3543.5714285714284,3595.83,3565.39,3623.9,9.17,15.0,61.43,1,58.5
wheat,APMC Solapur,2026-01-22,3600.0,3615.0,3600.0,3561.4285714285716,3613.55,3585.95,3635.18,1.45,15.0,53.57,1,49.23
wheat,APMC Solapur,2026-01-24,3610.0,3625.0,3610.0,3579.285714285714,3618.95,3591.45,3639.23,6.05,15.0,45.71,1,47.78
wheat,APMC Solapur,2026-01-28,3620.0,3635.0,3620.0,3596.4285714285716,3633.64,3605.36,3653.39,1.36,15.0,38.57,1,48.03
wheat,APMC Solapur,2026-01-30,3630.0,3640.0,3630.0,3610.0,3636.6,3608.57,3656.3,3.4,10.0,30.0,1,47.74
wheat,APMC Solapur,2026-02-02,3640.0,3650.0,3640.0,3620.0,3652.27,3626.7,3671.42,2.27,10.0,30.0,1,44.72
wheat,APMC Solapur,2026-02-04,3645.0,3665.0,3645.0,3629.285714285714,3650.41,3624.5,3668.21,14.59,20.0,35.71,1,43.71
wheat,APMC Solapur,2026-02-09,3660.0,3760.0,3660.0,3637.857142857142,3677.21,3656.66,3692.32,82.79,100.0,122.14,0,35.66
wheat,APMC Solapur,2026-02-11,3670.0,3760.0,3670.0,3647.857142857142,3687.12,3673.0,3698.67,72.88,90.0,112.14,0,25.68
wheat,APMC Solapur,2026-02-13,3755.0,3700.0,3755.0,3670.0,3748.77,3696.59,3809.9,48.77,55.0,30.0,1,113.31
wheat,APMC Solapur,2026-02-16,3765.0,3675.0,3765.0,3702.857142857142,3775.21,3727.96,3811.02,100.21,90.0,27.86,0,83.06
wheat,APMC Solapur,2026-02-18,3690.0,3650.0,3690.0,3725.0,3698.59,3646.9,3743.25,48.59,40.0,75.0,1,96.35
wheat,APMC Solapur,2026-02-21,3660.0,3630.0,3660.0,3729.285714285714,3660.91,3610.56,3705.59,30.91,30.0,99.29,1,95.03
wheat,APMC Solapur,2026-02-24,3640.0,3580.0,3640.0,3700.0,3634.76,3589.36,3677.69,54.76,60.0,120.0,0,88.33
wheat,APMC Solapur,2026-02-26,3600.0,3545.0,3600.0,3663.571428571429,3574.85,3534.29,3621.04,29.85,55.0,118.57,1,86.75
wheat,APMC Solapur,2026-02-28,3560.0,3510.0,3560.0,3633.571428571429,3536.29,3500.89,3577.3,26.29,50.0,123.57,1,76.42
wheat,APMC Solapur,2026-03-04,3530.0,3490.0,3530.0,3600.714285714286,3493.21,3466.07,3521.82,3.21,40.0,110.71,1,55.74
wheat,APMC Solapur,2026-03-06,3500.0,3450.0,3500.0,3565.0,3465.47,3436.0,3494.57,15.47,50.0,115.0,1,58.57
wheat,APMC Solapur,2026-03-09,3465.0,3420.0,3465.0,3530.714285714286,3410.76,3385.83,3438.36,9.24,45.0,110.71,1,52.53
wheat,APMC Solapur,2026-03-11,3440.0,3460.0,3440.0,3498.5714285714284,3391.41,3366.33,3415.76,68.59,20.0,38.57,0,49.43
wheat,APMC Solapur,2026-03-13,3410.0,3380.0,3410.0,3467.8571428571427,3357.38,3331.59,3385.55,22.62,30.0,87.86,1,53.96
wheat,APMC Solapur,2026-03-16,3390.0,3365.0,3390.0,3447.8571428571427,3352.91,3305.89,3421.46,12.09,25.0,82.86,1,115.57
wheat,APMC Solapur,2026-03-18,3370.0,3345.0,3370.0,3421.4285714285716,3323.31,3286.56,3383.86,21.69,25.0,76.43,1,97.3
wheat,APMC Solapur,2026-03-23,3360.0,3320.0,3360.0,3399.285714285714,3346.44,3296.29,3389.82,26.44,40.0,79.29,1,93.53
wheat,APMC Solapur,2026-03-25,3335.0,3305.0,3335.0,3381.4285714285716,3302.9,3274.08,3350.69,2.1,30.0,76.43,1,76.61
wheat,APMC Solapur,2026-03-28,3300.0,3290.0,3300.0,3353.5714285714284,3265.86,3228.49,3327.66,24.14,10.0,63.57,1,99.18
wheat,APMC Solapur,2026-03-31,3300.0,3270.0,3300.0,3332.8571428571427,3270.95,3235.49,3320.1,0.95,30.0,62.86,1,84.6
wheat,APMC Solapur,2026-04-02,3275.0,3260.0,3275.0,3313.5714285714284,3243.47,3215.33,3281.71,16.53,15.0,53.57,1,66.38
wheat,APMC Solapur,2026-04-04,3265.0,3255.0,3265.0,3294.285714285714,3236.12,3208.47,3266.73,18.88,10.0,39.29,1,58.26
wheat,APMC Solapur,2026-04-07,3250.0,3265.0,3250.0,3280.714285714286,3229.91,3206.35,3251.43,35.09,15.0,15.71,0,45.07
wheat,APMC Solapur,2026-04-09,3260.0,3275.0,3260.0,3266.4285714285716,3260.01,3242.06,3275.73,14.99,15.0,8.57,1,33.67
wheat,APMC Solapur,2026-04-11,3270.0,3285.0,3270.0,3260.714285714286,3284.24,3265.42,3300.69,0.76,15.0,24.29,1,35.27
wheat,APMC Solapur,2026-04-15,3280.0,3310.0,3280.0,3262.1428571428573,3295.56,3277.82,3312.02,14.44,30.0,47.86,1,34.2
wheat,APMC Solapur,2026-04-17,3300.0,3325.0,3300.0,3270.0,3313.97,3293.42,3336.5,11.03,25.0,55.0,1,43.09
wheat,APMC Solapur,2026-04-20,3315.0,3340.0,3315.0,3283.5714285714284,3333.82,3313.52,3354.14,6.18,25.0,56.43,1,40.63
wheat,APMC Solapur,2026-04-22,3330.0,3355.0,3330.0,3298.5714285714284,3352.82,3331.95,3373.34,2.18,25.0,56.43,1,41.39
wheat,APMC Solapur,2026-04-24,3350.0,3375.0,3350.0,3315.0,3376.59,3357.99,3398.42,1.59,25.0,60.0,1,40.43
wheat,APMC Solapur,2026-04-27,3365.0,3385.0,3365.0,3332.1428571428573,3388.69,3373.84,3406.08,3.69,20.0,52.86,1,32.25
wheat,APMC Solapur,2026-04-29,3380.0,3395.0,3380.0,3348.5714285714284,3403.32,3390.47,3418.32,8.32,15.0,46.43,1,27.84
wheat,APMC Solapur,2026-05-02,3390.0,3410.0,3390.0,3364.285714285714,3414.86,3402.3,3427.28,4.86,20.0,45.71,1,24.99
wheat,APMC Solapur,2026-05-05,3400.0,3425.0,3400.0,3377.8571428571427,3417.11,3401.7,3431.52,7.89,25.0,47.14,1,29.82
wheat,APMC Solapur,2026-05-07,3415.0,3440.0,3415.0,3390.714285714286,3430.73,3417.43,3444.19,9.27,25.0,49.29,1,26.77
wheat,APMC Solapur,2026-05-09,3430.0,3455.0,3430.0,3402.8571428571427,3450.31,3436.21,3463.8,4.69,25.0,52.14,1,27.59
wheat,APMC Solapur,2026-05-12,3450.0,3465.0,3450.0,3416.4285714285716,3477.19,3461.11,3495.21,12.19,15.0,48.57,1,34.1
wheat,APMC Solapur,2026-05-14,3460.0,3475.0,3460.0,3432.1428571428573,3482.5,3469.97,3494.96,7.5,15.0,42.86,1,24.98
wheat,APMC Solapur,2026-05-16,3470.0,3485.0,3470.0,3446.4285714285716,3489.18,3474.8,3503.41,4.18,15.0,38.57,1,28.61
wheat,APMC Solapur,2026-05-19,3480.0,3495.0,3480.0,3459.285714285714,3493.81,3482.25,3504.44,1.19,15.0,35.71,1,22.19
wheat,APMC Solapur,2026-05-21,3490.0,3485.0,3490.0,3470.0,3503.42,3492.63,3512.81,18.42,5.0,15.0,0,20.19
wheat,APMC Solapur,2026-05-23,3480.0,3495.0,3480.0,3480.0,3487.48,3462.28,3511.08,7.52,15.0,15.0,1,48.81
wheat,APMC Solapur,2026-05-26,3490.0,3495.0,3490.0,3484.285714285714,3503.1,3474.24,3529.95,8.1,5.0,10.71,1,55.71
wheat,APMC Solapur,2026-05-29,3490.0,3495.0,3490.0,3488.5714285714284,3502.32,3479.97,3525.15,7.32,5.0,6.43,1,45.18
wheat,APMC Solapur,2026-06-01,3490.0,3475.0,3490.0,3490.0,3496.17,3479.81,3515.16,21.17,15.0,15.0,0,35.36
wheat,APMC Solapur,2026-06-04,3480.0,3485.0,3480.0,3491.4285714285716,3486.12,3469.58,3502.11,1.12,5.0,6.43,1,32.53
wheat,APMC Solapur,2026-06-06,3480.0,3495.0,3480.0,3488.5714285714284,3479.38,3461.2,3497.83,15.62,15.0,6.43,1,36.63
wheat,APMC Solapur,2026-06-09,3490.0,3505.0,3490.0,3485.714285714286,3490.47,3471.85,3508.77,14.53,15.0,19.29,1,36.93
wheat,APMC Solapur,2026-06-11,3500.0,3515.0,3500.0,3485.714285714286,3509.18,3486.92,3531.22,5.82,15.0,29.29,1,44.3
wheat,APMC Solapur,2026-06-13,3510.0,3520.0,3510.0,3490.0,3526.18,3503.74,3551.8,6.18,10.0,30.0,1,48.06
wheat,APMC Solapur,2026-06-16,3520.0,3530.0,3520.0,3500.0,3536.69,3516.58,3556.51,6.69,10.0,30.0,1,39.92
wheat,APMC Solapur,2026-06-18,3525.0,3540.0,3525.0,3509.285714285714,3533.43,3516.83,3551.2,6.57,15.0,30.71,1,34.37
wheat,APMC Solapur,2026-06-20,3535.0,3550.0,3535.0,3517.8571428571427,3545.64,3530.66,3556.9,4.36,15.0,32.14,1,26.24
wheat,APMC Solapur,2026-06-23,3545.0,3560.0,3545.0,3526.4285714285716,3563.0,3551.45,3570.52,3.0,15.0,33.57,1,19.07
wheat,APMC Solapur,2026-06-25,3555.0,3570.0,3555.0,3535.0,3576.17,3564.34,3583.36,6.17,15.0,35.0,1,19.02
wheat,APMC Solapur,2026-06-29,3565.0,3570.0,3565.0,3545.0,3583.0,3573.86,3588.39,13.0,5.0,25.0,0,14.53
wheat,APMC Solapur,2026-07-01,3565.0,3580.0,3565.0,3555.0,3584.38,3566.27,3594.54,4.38,15.0,25.0,1,28.27
wheat,APMC Solapur,2026-07-03,3575.0,3590.0,3575.0,3562.1428571428573,3592.47,3578.5,3601.44,2.47,15.0,27.86,1,22.95
wheat,APMC Solapur,2026-07-06,3585.0,3600.0,3585.0,3569.285714285714,3599.95,3588.1,3607.84,0.05,15.0,30.71,1,19.74
wheat,APMC Solapur,2026-07-08,3595.0,3610.0,3595.0,3576.4285714285716,3612.67,3601.54,3620.15,2.67,15.0,33.57,1,18.61
wheat,APMC Solapur,2026-07-10,3605.0,3620.0,3605.0,3585.0,3620.39,3611.73,3626.61,0.39,15.0,35.0,1,14.88
wheat,APMC Solapur,2026-07-13,3615.0,3630.0,3615.0,3595.0,3628.3,3618.73,3635.17,1.7,15.0,35.0,1,16.44
wheat,APMC Solapur,2026-07-15,3625.0,3640.0,3625.0,3605.0,3637.98,3628.45,3644.71,2.02,15.0,35.0,1,16.26
wheat,APMC Solapur,2026-07-17,3635.0,3650.0,3635.0,3615.0,3646.73,3635.66,3654.41,3.27,15.0,35.0,1,18.75
wheat,APMC Solapur,2026-07-20,3645.0,3665.0,3645.0,3625.0,3660.87,3647.48,3670.35,4.13,20.0,40.0,1,22.86
wheat,APMC Solapur,2026-07-22,3655.0,3675.0,3655.0,3635.0,3674.77,3667.62,3680.84,0.23,20.0,40.0,1,13.22
wheat,APMC Solapur,2026-07-24,3670.0,3685.0,3670.0,3645.714285714286,3689.77,3682.52,3695.91,4.77,15.0,39.29,1,13.4
wheat,APMC Solapur,2026-07-27,3680.0,3695.0,3680.0,3657.142857142858,3700.94,3694.06,3706.78,5.94,15.0,37.86,1,12.72
wheat,APMC Solapur,2026-07-29,3690.0,3705.0,3690.0,3668.571428571429,3710.97,3704.62,3716.23,5.97,15.0,36.43,1,11.61
wheat,APMC Solapur,2026-07-31,3700.0,3715.0,3700.0,3680.0,3719.2,3712.66,3724.44,4.2,15.0,35.0,1,11.77
wheat,APMC Solapur,2026-08-03,3710.0,3705.0,3710.0,3690.0,3727.66,3721.17,3732.83,22.66,5.0,15.0,0,11.66
wheat,APMC Solapur,2026-08-05,3720.0,3715.0,3720.0,3700.0,3735.16,3727.0,3740.89,20.16,5.0,15.0,0,13.89
wheat,APMC Solapur,2026-08-07,3710.0,3725.0,3710.0,3707.142857142858,3716.12,3699.45,3726.44,8.88,15.0,17.86,1,26.98
wheat,APMC Solapur,2026-08-10,3720.0,3735.0,3720.0,3711.428571428571,3726.94,3714.28,3736.1,8.06,15.0,23.57,1,21.82
wheat,APMC Solapur,2026-08-12,3730.0,3745.0,3730.0,3715.714285714286,3738.08,3725.29,3747.74,6.92,15.0,29.29,1,22.45
wheat,APMC Solapur,2026-08-14,3740.0,3735.0,3740.0,3720.0,3749.49,3737.52,3758.87,14.49,5.0,15.0,0,21.35
wheat,APMC Solapur,2026-08-18,3740.0,3720.0,3740.0,3730.0,3751.0,3738.39,3761.01,31.0,20.0,10.0,0,22.63
wheat,APMC Solapur,2026-08-20,3725.0,3700.0,3725.0,3735.714285714286,3729.36,3707.73,3747.15,29.36,25.0,35.71,0,39.42
wheat,APMC Solapur,2026-08-22,3710.0,3695.0,3710.0,3734.285714285714,3693.29,3672.76,3712.2,1.71,15.0,39.29,1,39.44
wheat,APMC Solapur,2026-08-25,3690.0,3680.0,3690.0,3725.0,3665.58,3646.13,3683.8,14.42,10.0,45.0,1,37.67
wheat,APMC Solapur,2026-08-28,3690.0,3675.0,3690.0,3710.714285714286,3685.82,3665.66,3707.96,10.82,15.0,35.71,1,42.29
wheat,APMC Solapur,2026-08-31,3670.0,3665.0,3670.0,3697.857142857142,3653.04,3632.44,3674.45,11.96,5.0,32.86,1,42.01
wheat,APMC Ulhasnagar,2025-12-19,3400.0,3300.0,3400.0,3250.0,3261.39,3148.15,3384.6,38.61,100.0,50.0,1,236.45
wheat,APMC Ulhasnagar,2025-12-22,3250.0,3200.0,3250.0,3278.5714285714284,3262.12,3149.12,3380.77,62.12,50.0,78.57,1,231.65
wheat,APMC Ulhasnagar,2025-12-25,3250.0,3250.0,3250.0,3285.714285714286,3261.15,3148.73,3377.97,11.15,0.0,35.71,1,229.23
wheat,APMC Ulhasnagar,2025-12-30,3400.0,3200.0,3400.0,3285.714285714286,3265.79,3151.85,3388.64,65.79,200.0,85.71,1,236.79
wheat,APMC Ulhasnagar,2026-01-01,3300.0,3000.0,3300.0,3278.5714285714284,3259.29,3154.15,3372.6,259.29,300.0,278.57,0,218.45
wheat,APMC Ulhasnagar,2026-01-06,3250.0,3000.0,3250.0,3271.4285714285716,3249.37,3145.64,3359.53,249.37,250.0,271.43,0,213.89
wheat,APMC Ulhasnagar,2026-01-08,2800.0,3000.0,2800.0,3228.5714285714284,3073.11,2703.88,3298.44,73.11,200.0,228.57,1,594.57
wheat,APMC Ulhasnagar,2026-01-11,3000.0,3000.0,3000.0,3114.285714285714,3037.56,2784.87,3238.15,37.56,0.0,114.29,1,453.28
wheat,APMC Ulhasnagar,2026-01-13,3200.0,3000.0,3200.0,3035.714285714286,3166.97,2936.11,3297.19,166.97,200.0,35.71,1,361.09
wheat,APMC Ulhasnagar,2026-01-18,3000.0,3000.0,3000.0,3000.0,3027.59,2867.97,3191.91,27.59,0.0,0.0,1,323.94
wheat,APMC Ulhasnagar,2026-01-20,2800.0,3000.0,2800.0,3028.5714285714284,2945.81,2755.21,3135.25,54.19,200.0,28.57,1,380.04
wheat,APMC Ulhasnagar,2026-01-22,3200.0,2800.0,3200.0,3000.0,3047.23,2856.5,3214.47,247.23,400.0,200.0,0,357.98
wheat,APMC Ulhasnagar,2026-01-27,2800.0,2900.0,2800.0,3000.0,2974.14,2775.11,3175.38,74.14,100.0,100.0,1,400.27
wheat,APMC Ulhasnagar,2026-01-29,2800.0,2800.0,2800.0,2942.8571428571427,2910.32,2768.91,3095.43,110.32,0.0,142.86,1,326.52
wheat,APMC Ulhasnagar,2026-02-01,3000.0,3000.0,3000.0,2928.5714285714284,2941.07,2793.35,3105.98,58.93,0.0,71.43,1,312.63
wheat,APMC Ulhasnagar,2026-02-03,2900.0,2800.0,2900.0,2871.4285714285716,2911.65,2751.6,3087.13,111.65,100.0,71.43,1,335.53
wheat,APMC Ulhasnagar,2026-02-05,3000.0,3000.0,3000.0,2885.714285714286,2938.55,2783.13,3093.79,61.45,0.0,114.29,1,310.66
wheat,APMC Ulhasnagar,2026-02-09,3000.0,2800.0,3000.0,2914.285714285714,2924.1,2776.37,3090.25,124.1,200.0,114.29,1,313.88
wheat,APMC Ulhasnagar,2026-02-12,3100.0,2800.0,3100.0,2928.5714285714284,2968.73,2798.18,3148.61,168.73,300.0,128.57,1,350.43
wheat,APMC Ulhasnagar,2026-02-15,3000.0,3000.0,3000.0,2957.1428571428573,2950.49,2789.27,3147.05,49.51,0.0,42.86,1,357.78
wheat,APMC Ulhasnagar,2026-02-17,3200.0,2800.0,3200.0,2928.5714285714284,2978.99,2790.45,3232.59,178.99,400.0,128.57,1,442.14
wheat,APMC Ulhasnagar,2026-02-22,3000.0,3200.0,3000.0,2985.714285714286,2978.42,2818.5,3205.65,221.58,200.0,214.29,1,387.15
wheat,APMC Ulhasnagar,2026-02-24,3200.0,3200.0,3200.0,2942.8571428571427,2984.47,2801.05,3227.02,215.53,0.0,257.14,1,425.97
wheat,APMC Ulhasnagar,2026-02-26,3400.0,3300.0,3400.0,3028.5714285714284,3284.43,2988.96,3431.24,15.57,100.0,271.43,1,442.28
wheat,APMC Ulhasnagar,2026-03-01,2900.0,3200.0,2900.0,3114.285714285714,3065.42,2813.64,3328.23,134.58,300.0,85.71,1,514.59
wheat,APMC Ulhasnagar,2026-03-04,3200.0,3000.0,3200.0,3142.8571428571427,3205.59,2943.85,3379.58,205.59,200.0,142.86,1,435.73
wheat,APMC Ulhasnagar,2026-03-06,3000.0,3000.0,3000.0,3200.0,3173.04,2888.36,3342.89,173.04,0.0,200.0,1,454.53
wheat,APMC Ulhasnagar,2026-03-09,3000.0,3200.0,3000.0,3114.285714285714,3077.92,2863.02,3311.1,122.08,200.0,85.71,1,448.09
wheat,APMC Ulhasnagar,2026-03-13,3200.0,3200.0,3200.0,3100.0,3117.77,2888.1,3318.79,82.23,0.0,100.0,1,430.69
wheat,APMC Ulhasnagar,2026-04-01,3300.0,3200.0,3300.0,3085.714285714286,3210.61,2994.38,3369.12,10.61,100.0,114.29,1,374.75
wheat,APMC Ulhasnagar,2026-04-05,3200.0,3100.0,3200.0,3128.5714285714284,3186.06,2975.5,3348.43,86.06,100.0,28.57,1,372.93
wheat,APMC Ulhasnagar,2026-04-07,3200.0,3000.0,3200.0,3185.714285714286,3184.08,2986.35,3323.46,184.08,200.0,185.71,1,337.11
wheat,APMC Ulhasnagar,2026-04-09,3200.0,3000.0,3200.0,3200.0,3185.01,3008.72,3331.93,185.01,200.0,200.0,0,323.21
wheat,APMC Ulhasnagar,2026-04-12,3250.0,3250.0,3250.0,3157.1428571428573,3171.7,2969.83,3331.24,78.3,0.0,92.86,1,361.41
wheat,APMC Ulhasnagar,2026-04-14,3200.0,3200.0,3200.0,3135.714285714286,3146.0,2929.08,3283.44,54.0,0.0,64.29,1,354.37
wheat,APMC Ulhasnagar,2026-04-16,3200.0,3200.0,3200.0,3142.8571428571427,3163.33,2936.88,3328.81,36.67,0.0,57.14,1,391.94
wheat,APMC Ulhasnagar,2026-04-19,3200.0,3100.0,3200.0,3157.1428571428573,3188.5,2996.8,3317.17,88.5,100.0,57.14,1,320.37
wheat,APMC Ulhasnagar,2026-04-21,3100.0,3000.0,3100.0,3178.5714285714284,3173.44,2990.93,3280.12,173.44,100.0,178.57,1,289.18
wheat,APMC Ulhasnagar,2026-04-24,3200.0,3000.0,3200.0,3178.5714285714284,3170.36,2996.12,3290.61,170.36,200.0,178.57,1,294.49
wheat,APMC Ulhasnagar,2026-04-27,3100.0,3250.0,3100.0,3142.8571428571427,3117.39,2908.66,3258.91,132.61,150.0,107.14,1,350.25
wheat,APMC Ulhasnagar,2026-04-29,3200.0,3200.0,3200.0,3100.0,3134.78,2937.47,3278.78,65.22,0.0,100.0,1,341.32
wheat,APMC Ulhasnagar,2026-05-08,3100.0,3100.0,3100.0,3121.4285714285716,3144.12,2952.03,3283.95,44.12,0.0,21.43,1,331.92
wheat,APMC Ulhasnagar,2026-05-12,3100.0,3100.0,3100.0,3121.4285714285716,3139.04,2944.03,3265.17,39.04,0.0,21.43,1,321.14
wheat,APMC Ulhasnagar,2026-05-14,3100.0,3200.0,3100.0,3135.714285714286,3086.63,2906.99,3229.99,113.37,100.0,64.29,1,323.0
wheat,APMC Ulhasnagar,2026-05-17,3100.0,3100.0,3100.0,3135.714285714286,3060.35,2903.06,3192.2,39.65,0.0,35.71,1,289.14
wheat,APMC Ulhasnagar,2026-05-20,3100.0,3100.0,3100.0,3128.5714285714284,3118.63,2953.72,3212.36,18.63,0.0,28.57,1,258.64
wheat,APMC Ulhasnagar,2026-05-22,3100.0,3200.0,3100.0,3114.285714285714,3106.38,3006.81,3184.52,93.62,100.0,85.71,0,177.71
wheat,APMC Ulhasnagar,2026-05-25,3200.0,3100.0,3200.0,3114.285714285714,3120.87,3029.45,3198.29,20.87,100.0,14.29,1,168.85
wheat,APMC Ulhasnagar,2026-05-28,3200.0,3100.0,3200.0,3142.8571428571427,3167.3,3121.8,3217.77,67.3,100.0,42.86,0,95.98
wheat,APMC Ulhasnagar,2026-05-31,3200.0,3400.0,3200.0,3142.8571428571427,3154.98,3103.45,3204.68,245.02,200.0,257.14,0,101.23
wheat,APMC Ulhasnagar,2026-06-02,3300.0,3400.0,3300.0,3157.1428571428573,3179.19,3064.01,3294.54,220.81,100.0,242.86,0,230.53
wheat,APMC Ulhasnagar,2026-06-04,3400.0,3400.0,3400.0,3214.285714285714,3296.52,3126.04,3438.39,103.48,0.0,185.71,1,312.35
wheat,APMC Ulhasnagar,2026-06-07,3400.0,3400.0,3400.0,3271.4285714285716,3353.04,3203.31,3439.31,46.96,0.0,128.57,1,236.0
wheat,APMC Ulhasnagar,2026-06-09,3400.0,3300.0,3400.0,3342.8571428571427,3389.34,3294.17,3405.84,89.34,100.0,42.86,1,111.67
wheat,APMC Ulhasnagar,2026-06-11,3600.0,3200.0,3600.0,3400.0,3518.7,3278.29,3760.7,318.7,400.0,200.0,0,482.41
wheat,APMC Ulhasnagar,2026-06-16,3400.0,3400.0,3400.0,3414.285714285714,3408.04,3224.08,3558.03,8.04,0.0,14.29,1,333.95
wheat,APMC Ulhasnagar,2026-06-18,3200.0,3400.0,3200.0,3385.714285714286,3309.98,3138.53,3476.72,90.02,200.0,14.29,1,338.19
wheat,APMC Ulhasnagar,2026-06-29,3250.0,3200.0,3250.0,3357.1428571428573,3394.64,3258.19,3513.58,194.64,50.0,157.14,0,255.39
wheat,APMC Ulhasnagar,2026-07-01,3250.0,4000.0,3250.0,3307.1428571428573,3341.69,3231.57,3438.74,658.31,750.0,692.86,0,207.17
wheat,APMC Ulhasnagar,2026-07-03,3200.0,3300.0,3200.0,3271.4285714285716,3225.06,3081.13,3366.12,74.94,100.0,28.57,1,285.0
wheat,APMC Ulhasnagar,2026-07-23,3250.0,3200.0,3250.0,3385.714285714286,3293.13,3096.48,3542.96,93.13,50.0,185.71,1,446.48
wheat,APMC Ulhasnagar,2026-07-27,3250.0,3400.0,3250.0,3371.4285714285716,3270.7,3131.37,3499.32,129.3,150.0,28.57,1,367.96
wheat,APMC Ulhasnagar,2026-07-29,3250.0,3250.0,3250.0,3342.8571428571427,3256.58,3126.16,3468.25,6.58,0.0,92.86,1,342.09
wheat,APMC Ulhasnagar,2026-07-31,3250.0,3200.0,3250.0,3378.5714285714284,3240.89,3107.73,3433.3,40.89,50.0,178.57,1,325.57
wheat,APMC Ulhasnagar,2026-08-03,3400.0,3250.0,3400.0,3271.4285714285716,3328.13,3164.03,3563.85,78.13,150.0,21.43,1,399.81
wheat,APMC Ulhasnagar,2026-08-05,3300.0,3400.0,3300.0,3278.5714285714284,3278.24,3144.31,3467.43,121.76,100.0,121.43,1,323.12
wheat,APMC Ulhasnagar,2026-08-07,3200.0,3250.0,3200.0,3292.8571428571427,3220.8,3110.25,3366.94,29.2,50.0,42.86,1,256.69
wheat,APMC Ulhasnagar,2026-08-10,3200.0,3400.0,3200.0,3285.714285714286,3253.75,3137.33,3420.18,146.25,200.0,114.29,1,282.86
wheat,APMC Ulhasnagar,2026-08-12,3400.0,3400.0,3400.0,3257.1428571428573,3274.4,3159.13,3458.25,125.6,0.0,142.86,1,299.12
wheat,APMC Ulhasnagar,2026-08-16,3250.0,3400.0,3250.0,3300.0,3274.77,3163.18,3450.05,125.23,150.0,100.0,1,286.87
wheat,APMC Ulhasnagar,2026-08-18,3400.0,3400.0,3400.0,3328.5714285714284,3326.61,3176.95,3518.51,73.39,0.0,71.43,1,341.55
wheat,APMC Ulhasnagar,2026-08-20,3400.0,3600.0,3400.0,3357.1428571428573,3377.38,3220.68,3555.14,222.62,200.0,242.86,0,334.45
wheat,APMC Ulhasnagar,2026-08-23,3600.0,3400.0,3600.0,3378.5714285714284,3441.0,3236.93,3681.76,41.0,200.0,21.43,1,444.83
wheat,APMC Ulhasnagar,2026-08-25,3400.0,3600.0,3400.0,3457.1428571428573,3452.67,3255.62,3665.39,147.33,200.0,142.86,1,409.77
wheat,APMC Ulhasnagar,2026-08-27,3500.0,3400.0,3500.0,3457.1428571428573,3476.25,3292.05,3670.12,76.25,100.0,57.14,1,378.07
wheat,APMC Ulhasnagar,2026-08-31,3400.0,3000.0,3400.0,3500.0,3467.1,3290.68,3664.43,467.1,400.0,500.0,0,373.74
wheat,Lasalgaon(Niphad),2025-12-18,2600.0,2612.0,2600.0,2638.285714285714,2635.69,2572.13,2701.09,23.69,12.0,26.29,1,128.96
wheat,Lasalgaon(Niphad),2025-12-20,2600.0,2630.0,2600.0,2633.4285714285716,2609.33,2548.7,2674.05,20.67,30.0,3.43,1,125.35
wheat,Lasalgaon(Niphad),2025-12-23,2640.0,2610.0,2640.0,2612.1428571428573,2621.0,2557.13,2687.2,11.0,30.0,2.14,1,130.07
wheat,Lasalgaon(Niphad),2025-12-25,2680.0,2640.0,2680.0,2609.1428571428573,2642.48,2583.83,2708.18,2.48,40.0,30.86,1,124.35
wheat,Lasalgaon(Niphad),2025-12-27,2591.0,2695.0,2591.0,2620.4285714285716,2621.04,2563.49,2684.14,73.96,104.0,74.57,0,120.65
wheat,Lasalgaon(Niphad),2025-12-30,2611.0,2620.0,2611.0,2629.0,2628.18,2573.3,2682.95,8.18,9.0,9.0,1,109.64
wheat,Lasalgaon(Niphad),2026-01-01,2625.0,2641.0,2625.0,2636.714285714286,2639.91,2580.34,2700.04,1.09,16.0,4.29,1,119.7
wheat,Lasalgaon(Niphad),2026-01-03,2751.0,2691.0,2751.0,2627.4285714285716,2651.18,2584.41,2741.65,39.82,60.0,63.57,1,157.24
wheat,Lasalgaon(Niphad),2026-01-06,2681.0,2650.0,2681.0,2654.714285714286,2661.37,2604.94,2730.08,11.37,31.0,4.71,1,125.15
wheat,Lasalgaon(Niphad),2026-01-08,2650.0,2681.0,2650.0,2672.0,2671.3,2622.55,2732.16,9.7,31.0,9.0,1,109.61
wheat,Lasalgaon(Niphad),2026-01-10,2691.0,2663.0,2691.0,2669.1428571428573,2681.33,2629.51,2745.92,18.33,28.0,6.14,1,116.41
wheat,Lasalgaon(Niphad),2026-01-13,2697.0,2671.0,2697.0,2669.285714285714,2693.45,2644.42,2757.87,22.45,26.0,1.71,1,113.45
wheat,Lasalgaon(Niphad),2026-01-15,2632.0,2641.0,2632.0,2674.714285714286,2669.62,2618.03,2733.76,28.62,9.0,33.71,1,115.72
wheat,Lasalgaon(Niphad),2026-01-19,2671.0,2700.0,2671.0,2669.285714285714,2678.46,2628.45,2731.08,21.54,29.0,30.71,1,102.63
wheat,Lasalgaon(Niphad),2026-01-21,2650.0,2650.0,2650.0,2665.1428571428573,2661.71,2608.07,2720.47,11.71,0.0,15.14,1,112.4
wheat,Lasalgaon(Niphad),2026-01-23,2690.0,2681.0,2690.0,2661.1428571428573,2682.09,2624.81,2733.97,1.09,9.0,19.86,1,109.15
wheat,Lasalgaon(Niphad),2026-01-30,2681.0,2661.0,2681.0,2667.5714285714284,2682.83,2627.26,2736.6,21.83,20.0,6.57,1,109.34
wheat,Lasalgaon(Niphad),2026-02-02,2590.0,2591.0,2590.0,2670.4285714285716,2649.44,2579.13,2719.4,58.44,1.0,79.43,1,140.27
wheat,Lasalgaon(Niphad),2026-02-04,2590.0,2680.0,2590.0,2664.714285714286,2632.69,2564.56,2705.53,47.31,90.0,15.29,1,140.96
wheat,Lasalgaon(Niphad),2026-02-06,2581.0,2600.0,2581.0,2634.8571428571427,2598.54,2544.13,2670.46,1.46,19.0,34.86,1,126.34
wheat,Lasalgaon(Niphad),2026-02-09,2660.0,2576.0,2660.0,2624.8571428571427,2625.7,2570.49,2706.05,49.7,84.0,48.86,1,135.56
wheat,Lasalgaon(Niphad),2026-02-11,2581.0,2560.0,2581.0,2623.285714285714,2601.62,2549.21,2675.52,41.62,21.0,63.29,1,126.31
wheat,Lasalgaon(Niphad),2026-02-13,2600.0,2490.0,2600.0,2609.8571428571427,2603.81,2550.77,2680.45,113.81,110.0,119.86,0,129.68
wheat,Lasalgaon(Niphad),2026-02-16,2460.0,2525.0,2460.0,2608.1428571428573,2530.68,2435.21,2623.11,5.68,65.0,83.14,1,187.91
wheat,Lasalgaon(Niphad),2026-02-18,2451.0,2450.0,2451.0,2552.4285714285716,2466.3,2367.65,2552.3,16.3,1.0,102.43,1,184.66
wheat,Lasalgaon(Niphad),2026-02-21,2525.0,2426.0,2525.0,2523.1428571428573,2516.18,2451.42,2582.1,90.18,99.0,97.14,0,130.69
wheat,Lasalgaon(Niphad),2026-02-24,2541.0,2450.0,2541.0,2494.4285714285716,2507.51,2425.91,2594.9,57.51,91.0,44.43,1,169.0
wheat,Lasalgaon(Niphad),2026-02-26,2445.0,2451.0,2445.0,2486.8571428571427,2414.48,2348.82,2491.82,36.52,6.0,35.86,1,143.0
wheat,Lasalgaon(Niphad),2026-03-02,2450.0,2451.0,2450.0,2480.285714285714,2419.36,2355.84,2490.36,31.64,1.0,29.29,1,134.52
wheat,Lasalgaon(Niphad),2026-03-11,2441.0,2600.0,2441.0,2459.0,2441.42,2383.54,2500.33,158.58,159.0,141.0,0,116.79
wheat,Lasalgaon(Niphad),2026-04-02,2611.0,2700.0,2611.0,2444.8571428571427,2476.1,2423.45,2594.28,223.9,89.0,255.14,0,170.82
wheat,Lasalgaon(Niphad),2026-06-24,2600.0,2601.0,2600.0,2493.4285714285716,2587.24,2490.6,2671.34,13.76,1.0,107.57,1,180.73
wheat,Lasalgaon(Niphad),2026-07-01,2600.0,2601.0,2600.0,2550.5714285714284,2594.52,2496.56,2696.11,6.48,1.0,50.43,1,199.55
wheat,Lasalgaon(Niphad),2026-07-03,2600.0,2585.0,2600.0,2594.714285714286,2599.27,2517.31,2680.67,14.27,15.0,9.71,1,163.35
wheat,Lasalgaon(Niphad),2026-07-06,2600.0,2601.0,2600.0,2614.5714285714284,2605.67,2530.15,2677.4,4.67,1.0,13.57,1,147.25
wheat,Lasalgaon(Niphad),2026-07-08,2600.0,2628.0,2600.0,2612.4285714285716,2597.16,2531.59,2662.88,30.84,28.0,15.57,1,131.29
wheat,Lasalgaon(Niphad),2026-07-10,2587.0,2610.0,2587.0,2598.285714285714,2596.94,2534.82,2653.51,13.06,23.0,11.71,1,118.69
wheat,Lasalgaon(Niphad),2026-07-14,2600.0,2600.0,2600.0,2600.285714285714,2613.44,2570.98,2661.52,13.44,0.0,0.29,1,90.54
wheat,Lasalgaon(Niphad),2026-07-16,2600.0,2595.0,2600.0,2601.5714285714284,2604.91,2575.51,2644.57,9.91,5.0,6.57,1,69.06
wheat,Lasalgaon(Niphad),2026-07-18,2595.0,2646.0,2595.0,2603.714285714286,2599.15,2574.4,2631.24,46.85,51.0,42.29,0,56.84
wheat,Lasalgaon(Niphad),2026-07-21,2600.0,2631.0,2600.0,2604.0,2597.69,2571.83,2628.76,33.31,31.0,27.0,0,56.93
wheat,Lasalgaon(Niphad),2026-07-23,2619.0,2681.0,2619.0,2606.5714285714284,2613.9,2577.02,2668.85,67.1,62.0,74.43,0,91.83
wheat,Lasalgaon(Niphad),2026-07-27,2621.0,2695.0,2621.0,2612.285714285714,2616.82,2579.54,2663.71,78.18,74.0,82.71,0,84.17
wheat,Lasalgaon(Niphad),2026-07-29,2690.0,2700.0,2690.0,2627.5714285714284,2646.56,2591.79,2714.56,53.44,10.0,72.43,1,122.78
wheat,Lasalgaon(Niphad),2026-08-01,2691.0,2700.0,2691.0,2654.714285714286,2661.87,2601.18,2717.22,38.13,9.0,45.29,1,116.04
wheat,Lasalgaon(Niphad),2026-08-04,2700.0,2696.0,2700.0,2672.714285714286,2685.32,2618.64,2738.72,10.68,4.0,23.29,1,120.08
wheat,Lasalgaon(Niphad),2026-08-06,2710.0,2710.0,2710.0,2693.8571428571427,2705.07,2649.69,2717.75,4.93,0.0,16.14,1,68.06
wheat,Lasalgaon(Niphad),2026-08-08,2701.0,2725.0,2701.0,2698.8571428571427,2700.86,2648.77,2714.26,24.14,24.0,26.14,0,65.49
wheat,Lasalgaon(Niphad),2026-08-11,2715.0,2700.0,2715.0,2702.4285714285716,2710.46,2661.83,2739.96,10.46,15.0,2.43,1,78.12
wheat,Lasalgaon(Niphad),2026-08-13,2725.0,2700.0,2725.0,2708.1428571428573,2734.09,2716.34,2749.93,34.09,25.0,8.14,0,33.59
wheat,Lasalgaon(Niphad),2026-08-17,2690.0,2700.0,2690.0,2710.285714285714,2687.02,2636.72,2727.74,12.98,10.0,10.29,1,91.02
wheat,Lasalgaon(Niphad),2026-08-19,2700.0,2711.0,2700.0,2709.285714285714,2698.28,2658.24,2729.52,12.72,11.0,1.71,1,71.28
wheat,Lasalgaon(Niphad),2026-08-21,2710.0,2700.0,2710.0,2705.714285714286,2711.57,2681.32,2735.33,11.57,10.0,5.71,1,54.01
wheat,Lasalgaon(Niphad),2026-08-24,2700.0,2600.0,2700.0,2701.5714285714284,2709.72,2686.62,2728.91,109.72,100.0,101.57,0,42.29
wheat,Lasalgaon(Niphad),2026-08-26,2600.0,2712.0,2600.0,2703.0,2654.22,2550.18,2705.06,57.78,112.0,9.0,0,154.89
wheat,Lasalgaon(Niphad),2026-08-29,2660.0,2671.0,2660.0,2674.4285714285716,2642.61,2545.75,2701.18,28.39,11.0,3.43,1,155.43
wheat,Shevgaon(Bodhegaon),2025-12-18,2500.0,2500.0,2500.0,2521.4285714285716,2501.78,2500.28,2629.22,1.78,0.0,21.43,0,128.94
wheat,Shevgaon(Bodhegaon),2025-12-20,2500.0,2600.0,2500.0,2521.4285714285716,2500.77,2499.32,2616.86,99.23,100.0,78.57,1,117.53
wheat,Shevgaon(Bodhegaon),2025-12-23,2600.0,2500.0,2600.0,2514.285714285714,2500.55,2499.22,2603.22,0.55,100.0,14.29,1,104.01
wheat,Shevgaon(Bodhegaon),2025-12-25,2500.0,2500.0,2500.0,2542.8571428571427,2500.92,2498.99,2616.47,0.92,0.0,42.86,1,117.48
wheat,Shevgaon(Bodhegaon),2025-12-27,2500.0,2600.0,2500.0,2528.5714285714284,2501.41,2500.02,2600.04,98.59,100.0,71.43,1,100.02
wheat,Shevgaon(Bodhegaon),2025-12-30,2500.0,2600.0,2500.0,2528.5714285714284,2500.56,2499.35,2581.12,99.44,100.0,71.43,0,81.77
wheat,Shevgaon(Bodhegaon),2026-01-01,2500.0,2600.0,2500.0,2528.5714285714284,2501.17,2499.81,2588.44,98.83,100.0,71.43,0,88.63
wheat,Shevgaon(Bodhegaon),2026-01-03,2500.0,2500.0,2500.0,2528.5714285714284,2502.22,2500.69,2605.29,2.22,0.0,28.57,0,104.6
wheat,Shevgaon(Bodhegaon),2026-01-07,2550.0,2600.0,2550.0,2542.8571428571427,2500.89,2499.17,2598.2,99.11,50.0,57.14,0,99.03
wheat,Shevgaon(Bodhegaon),2026-01-09,2500.0,2500.0,2500.0,2550.0,2500.4,2499.34,2594.52,0.4,0.0,50.0,1,95.18
wheat,Shevgaon(Bodhegaon),2026-01-12,2500.0,2500.0,2500.0,2550.0,2500.94,2499.27,2585.53,0.94,0.0,50.0,1,86.26
wheat,Shevgaon(Bodhegaon),2026-01-14,2500.0,2500.0,2500.0,2535.714285714286,2501.03,2499.88,2589.47,1.03,0.0,35.71,1,89.58
wheat,Shevgaon(Bodhegaon),2026-01-16,2700.0,2500.0,2700.0,2514.285714285714,2501.5,2499.94,2641.15,1.5,200.0,14.29,1,141.21
wheat,Shevgaon(Bodhegaon),2026-01-19,2500.0,2500.0,2500.0,2542.8571428571427,2500.99,2499.84,2645.75,0.99,0.0,42.86,1,145.91
wheat,Shevgaon(Bodhegaon),2026-01-21,2600.0,2600.0,2600.0,2528.5714285714284,2501.11,2500.43,2624.21,98.89,0.0,71.43,1,123.78
wheat,Shevgaon(Bodhegaon),2026-01-23,2600.0,2700.0,2600.0,2542.8571428571427,2501.74,2500.41,2633.54,198.26,100.0,157.14,0,133.14
wheat,Shevgaon(Bodhegaon),2026-01-27,2600.0,2600.0,2600.0,2542.8571428571427,2503.14,2498.8,2632.19,96.86,0.0,57.14,1,133.39
wheat,Shevgaon(Bodhegaon),2026-01-30,2600.0,2800.0,2600.0,2585.714285714286,2513.08,2499.49,2667.59,286.92,200.0,214.29,0,168.1
wheat,Shevgaon(Bodhegaon),2026-02-02,2600.0,2500.0,2600.0,2600.0,2603.75,2508.94,2692.16,103.75,100.0,100.0,0,183.22
wheat,Shevgaon(Bodhegaon),2026-02-05,2600.0,2700.0,2600.0,2642.8571428571427,2622.71,2503.51,2784.46,77.29,100.0,57.14,1,280.94
wheat,Shevgaon(Bodhegaon),2026-02-07,2500.0,2500.0,2500.0,2628.5714285714284,2500.58,2499.39,2643.76,0.58,0.0,128.57,1,144.37
wheat,Shevgaon(Bodhegaon),2026-02-10,2500.0,2500.0,2500.0,2614.285714285714,2499.07,2499.72,2637.67,0.93,0.0,114.29,1,137.96
wheat,Shevgaon(Bodhegaon),2026-02-12,2500.0,2500.0,2500.0,2585.714285714286,2498.63,2500.17,2637.67,1.37,0.0,85.71,0,137.51
wheat,Shevgaon(Bodhegaon),2026-02-14,2500.0,2500.0,2500.0,2528.5714285714284,2499.05,2499.26,2632.47,0.95,0.0,28.57,1,133.21
wheat,Shevgaon(Bodhegaon),2026-02-17,2500.0,2425.0,2500.0,2528.5714285714284,2500.21,2498.64,2664.48,75.21,75.0,103.57,0,165.84
wheat,Shevgaon(Bodhegaon),2026-02-19,2500.0,2550.0,2500.0,2500.0,2500.26,2498.82,2666.94,49.74,50.0,50.0,1,168.12
wheat,Shevgaon(Bodhegaon),2026-02-21,2800.0,2500.0,2800.0,2489.285714285714,2510.56,2473.4,2803.06,10.56,300.0,10.71,1,329.66
wheat,Shevgaon(Bodhegaon),2026-02-24,2500.0,2450.0,2500.0,2539.285714285714,2507.85,2486.14,2689.98,57.85,50.0,89.29,0,203.84
wheat,Shevgaon(Bodhegaon),2026-02-27,2450.0,2600.0,2450.0,2539.285714285714,2490.09,2429.59,2657.48,109.91,150.0,60.71,1,227.89
wheat,Shevgaon(Bodhegaon),2026-08-07,2600.0,2600.0,2600.0,2525.0,2512.25,2451.78,2708.98,87.75,0.0,75.0,1,257.2
wheat,Shevgaon(Bodhegaon),2026-08-10,2600.0,2600.0,2600.0,2521.4285714285716,2521.01,2481.71,2694.63,78.99,0.0,78.57,1,212.92
wheat,Shevgaon(Bodhegaon),2026-08-13,2600.0,2600.0,2600.0,2542.8571428571427,2515.72,2493.13,2666.23,84.28,0.0,57.14,1,173.11
wheat,Shevgaon(Bodhegaon),2026-08-17,2600.0,2600.0,2600.0,2578.5714285714284,2509.78,2493.1,2638.93,90.22,0.0,21.43,1,145.83
wheat,Shevgaon(Bodhegaon),2026-08-19,2600.0,2600.0,2600.0,2600.0,2546.5,2487.79,2648.07,53.5,0.0,0.0,1,160.27
wheat,Shevgaon(Bodhegaon),2026-08-22,2600.0,2600.0,2600.0,2600.0,2598.93,2507.69,2621.14,1.07,0.0,0.0,1,113.45
wheat,Shevgaon(Bodhegaon),2026-08-25,2600.0,2650.0,2600.0,2600.0,2599.58,2535.42,2618.49,50.42,50.0,50.0,0,83.06
wheat,Shevgaon(Bodhegaon),2026-08-28,2600.0,2600.0,2600.0,2600.0,2600.59,2540.2,2605.56,0.59,0.0,0.0,1,65.35
wheat,Shevgaon(Bodhegaon),2026-08-31,2625.0,2725.0,2625.0,2607.1428571428573,2611.04,2546.85,2658.72,113.96,100.0,117.86,0,111.87
cotton,APMC Hinganghat,2026-02-13,7900.0,7790.0,7900.0,7878.571428571428,7918.59,7797.61,7997.83,128.59,110.0,88.57,0,200.22
cotton,APMC Hinganghat,2026-02-16,7880.0,7780.0,7880.0,7878.571428571428,7861.64,7608.81,7971.69,81.64,100.0,98.57,1,362.88
cotton,APMC Hinganghat,2026-02-17,7890.0,7885.0,7890.0,7875.714285714285,7898.47,7741.96,7977.74,13.47,5.0,9.29,1,235.78
cotton,APMC Hinganghat,2026-02-18,7790.0,7800.0,7790.0,7874.285714285715,7687.92,7422.59,7902.36,112.08,10.0,74.29,1,479.76
cotton,APMC Hinganghat,2026-02-19,7780.0,7780.0,7780.0,7855.714285714285,7610.02,7418.91,7793.31,169.98,0.0,75.71,1,374.4
cotton,APMC Hinganghat,2026-02-20,7885.0,7820.0,7885.0,7852.857142857143,7725.27,7442.83,7933.8,94.73,65.0,32.86,1,490.97
cotton,APMC Hinganghat,2026-02-21,7800.0,7800.0,7800.0,7853.571428571428,7636.9,7505.14,7770.69,163.1,0.0,53.57,0,265.55
cotton,APMC Hinganghat,2026-02-23,7780.0,7830.0,7780.0,7846.428571428572,7595.01,7419.78,7759.78,234.99,50.0,16.43,0,340.0
cotton,APMC Hinganghat,2026-02-24,7820.0,7860.0,7820.0,7829.285714285715,7689.63,7458.48,7836.72,170.37,40.0,30.71,0,378.25
cotton,APMC Hinganghat,2026-02-25,7800.0,7800.0,7800.0,7820.714285714285,7748.72,7528.75,7845.8,51.28,0.0,20.71,1,317.04
cotton,APMC Hinganghat,2026-02-26,7830.0,7850.0,7830.0,7807.857142857143,7770.09,7476.6,7881.49,79.91,20.0,42.14,1,404.89
cotton,APMC Hinganghat,2026-02-27,7860.0,7870.0,7860.0,7813.571428571428,7828.89,7596.58,7895.97,41.11,10.0,56.43,1,299.39
cotton,APMC Hinganghat,2026-02-28,7800.0,7900.0,7800.0,7825.0,7799.62,7643.92,7868.91,100.38,100.0,75.0,0,224.99
cotton,APMC Hinganghat,2026-03-05,7850.0,7830.0,7850.0,7812.857142857143,7834.56,7727.78,7925.67,4.56,20.0,17.14,1,197.9
cotton,APMC Hinganghat,2026-03-06,7870.0,7800.0,7870.0,7820.0,7841.99,7732.57,7918.23,41.99,70.0,20.0,1,185.66
cotton,APMC Hinganghat,2026-03-09,7900.0,7830.0,7900.0,7832.857142857143,7876.82,7792.62,7949.93,46.82,70.0,2.86,1,157.31
cotton,APMC Hinganghat,2026-03-10,7830.0,7800.0,7830.0,7844.285714285715,7830.13,7684.4,7914.69,30.13,30.0,44.29,1,230.3
cotton,APMC Hinganghat,2026-03-11,7800.0,7800.0,7800.0,7848.571428571428,7779.9,7594.25,7886.26,20.1,0.0,48.57,1,292.01
cotton,APMC Hinganghat,2026-03-12,7830.0,7900.0,7830.0,7844.285714285715,7803.79,7679.12,7886.29,96.21,70.0,55.71,0,207.17
cotton,APMC Hinganghat,2026-03-13,7800.0,8000.0,7800.0,7840.0,7790.8,7657.78,7870.62,209.2,200.0,160.0,0,212.83
cotton,APMC Hinganghat,2026-03-16,7800.0,7900.0,7800.0,7840.0,7795.02,7684.62,7879.15,104.98,100.0,60.0,0,194.53
cotton,APMC Hinganghat,2026-03-17,7900.0,7900.0,7900.0,7832.857142857143,7871.46,7744.58,7958.66,28.54,0.0,67.14,1,214.08
cotton,APMC Hinganghat,2026-03-18,8000.0,7900.0,8000.0,7837.142857142857,7970.11,7782.6,8019.29,70.11,100.0,62.86,1,236.69
cotton,APMC Hinganghat,2026-03-20,7900.0,7950.0,7900.0,7851.428571428572,7894.11,7760.55,7991.11,55.89,50.0,98.57,1,230.56
cotton,APMC Hinganghat,2026-03-21,7900.0,7900.0,7900.0,7861.428571428572,7915.76,7799.15,8006.02,15.76,0.0,38.57,1,206.88
cotton,APMC Hinganghat,2026-03-23,7900.0,7900.0,7900.0,7875.714285714285,7920.12,7810.73,7999.29,20.12,0.0,24.29,1,188.57
cotton,APMC Hinganghat,2026-03-24,7950.0,8000.0,7950.0,7885.714285714285,7938.44,7841.13,8018.33,61.56,50.0,114.29,1,177.21
cotton,APMC Hinganghat,2026-03-25,7900.0,8000.0,7900.0,7907.142857142857,7929.44,7838.45,8004.34,70.56,100.0,92.86,1,165.9
cotton,APMC Hinganghat,2026-03-27,7900.0,8100.0,7900.0,7921.428571428572,7938.14,7838.54,8025.14,161.86,200.0,178.57,0,186.6
cotton,APMC Hinganghat,2026-03-28,8000.0,8000.0,8000.0,7921.428571428572,7990.23,7890.84,8067.61,9.77,0.0,78.57,1,176.77
cotton,APMC Hinganghat,2026-03-30,8000.0,8000.0,8000.0,7921.428571428572,7988.71,7895.13,8072.16,11.29,0.0,78.57,1,177.03
cotton,APMC Hinganghat,2026-03-31,8100.0,8100.0,8100.0,7935.714285714285,8044.33,7927.67,8171.29,55.67,0.0,164.29,1,243.62
cotton,APMC Hinganghat,2026-04-01,8000.0,8100.0,8000.0,7964.285714285715,8015.69,7904.49,8116.94,84.31,100.0,135.71,1,212.45
cotton,APMC Hinganghat,2026-04-02,8000.0,8200.0,8000.0,7978.571428571428,8007.74,7889.68,8109.87,192.26,200.0,221.43,0,220.18
cotton,APMC Hinganghat,2026-04-03,8100.0,8200.0,8100.0,7985.714285714285,8060.37,7935.52,8174.76,139.63,100.0,214.29,0,239.24
cotton,APMC Hinganghat,2026-04-04,8100.0,8000.0,8100.0,8014.285714285715,8070.17,7966.01,8163.71,70.17,100.0,14.29,1,197.7
cotton,APMC Hinganghat,2026-04-06,8200.0,8000.0,8200.0,8042.857142857143,8125.59,8008.83,8260.2,125.59,200.0,42.86,0,251.37
cotton,APMC Hinganghat,2026-04-07,8200.0,8000.0,8200.0,8071.428571428572,8168.53,8059.34,8286.66,168.53,200.0,71.43,0,227.32
cotton,APMC Hinganghat,2026-04-08,8000.0,8000.0,8000.0,8100.0,8034.92,7933.6,8154.71,34.92,0.0,100.0,1,221.11
cotton,APMC Hinganghat,2026-04-09,8000.0,8000.0,8000.0,8085.714285714285,8008.89,7907.06,8124.87,8.89,0.0,85.71,1,217.81
cotton,APMC Hinganghat,2026-04-10,8000.0,8100.0,8000.0,8085.714285714285,7974.26,7882.86,8074.22,125.74,100.0,14.29,0,191.36
cotton,APMC Hinganghat,2026-04-11,8000.0,8000.0,8000.0,8085.714285714285,7950.59,7876.96,8029.75,49.41,0.0,85.71,1,152.79
cotton,APMC Hinganghat,2026-04-13,8000.0,8200.0,8000.0,8071.428571428572,7961.9,7883.91,8048.49,238.1,200.0,128.57,0,164.59
cotton,APMC Hinganghat,2026-04-15,8100.0,8000.0,8100.0,8057.142857142857,8009.53,7915.66,8112.68,9.53,100.0,57.14,1,197.02
cotton,APMC Hinganghat,2026-04-16,8000.0,8200.0,8000.0,8042.857142857143,7974.47,7887.09,8065.15,225.53,200.0,157.14,0,178.05
cotton,APMC Hinganghat,2026-04-20,8200.0,8200.0,8200.0,8014.285714285715,7993.79,7883.37,8136.75,206.21,0.0,185.71,0,253.38
cotton,APMC Hinganghat,2026-04-21,8000.0,8200.0,8000.0,8042.857142857143,7961.46,7871.07,8062.87,238.54,200.0,157.14,0,191.8
cotton,APMC Hinganghat,2026-04-23,8200.0,8200.0,8200.0,8042.857142857143,7972.08,7855.43,8131.98,227.92,0.0,157.14,0,276.55
cotton,APMC Hinganghat,2026-04-24,8200.0,8200.0,8200.0,8071.428571428572,8044.13,7886.19,8259.81,155.87,0.0,128.57,1,373.63
cotton,APMC Hinganghat,2026-04-25,8200.0,8300.0,8200.0,8100.0,8103.69,7923.15,8300.9,196.31,100.0,200.0,1,377.75
cotton,APMC Hinganghat,2026-04-27,8200.0,8300.0,8200.0,8128.571428571428,8143.07,7968.56,8302.5,156.93,100.0,171.43,1,333.94
cotton,APMC Hinganghat,2026-04-28,8200.0,8000.0,8200.0,8142.857142857143,8159.65,7994.63,8282.76,159.65,200.0,142.86,1,288.13
cotton,APMC Hinganghat,2026-04-29,8300.0,8200.0,8300.0,8171.428571428572,8238.95,8036.33,8419.7,38.95,100.0,28.57,1,383.37
cotton,APMC Hinganghat,2026-04-30,8300.0,8000.0,8300.0,8185.714285714285,8272.59,8092.38,8423.14,272.59,300.0,185.71,0,330.76
cotton,APMC Hinganghat,2026-05-01,8000.0,8500.0,8000.0,8228.57142857143,8080.76,7904.21,8285.5,419.24,500.0,271.43,0,381.3
cotton,APMC Hinganghat,2026-05-02,8200.0,8200.0,8200.0,8200.0,8147.35,7949.1,8343.86,52.65,0.0,0.0,1,394.77
cotton,APMC Hinganghat,2026-05-05,8000.0,8500.0,8000.0,8200.0,8056.3,7895.88,8259.69,443.7,500.0,300.0,0,363.81
cotton,APMC Hinganghat,2026-05-06,8500.0,8500.0,8500.0,8171.428571428572,8208.32,7934.01,8585.81,291.68,0.0,328.57,1,651.8
cotton,APMC Hinganghat,2026-05-07,8200.0,8500.0,8200.0,8214.285714285714,8189.46,7949.58,8438.39,310.54,300.0,285.71,0,488.81
cotton,APMC Hinganghat,2026-05-11,8500.0,8500.0,8500.0,8214.285714285714,8289.58,8012.96,8576.64,210.42,0.0,285.71,1,563.68
cotton,APMC Hinganghat,2026-05-12,8500.0,8500.0,8500.0,8242.857142857143,8356.41,8049.68,8624.12,143.59,0.0,257.14,1,574.44
cotton,APMC Hinganghat,2026-05-13,8500.0,8500.0,8500.0,8271.42857142857,8399.39,8087.55,8647.94,100.61,0.0,228.57,1,560.39
cotton,APMC Hinganghat,2026-05-14,8500.0,8500.0,8500.0,8342.857142857143,8438.16,8115.43,8672.8,61.84,0.0,157.14,1,557.38
cotton,APMC Hinganghat,2026-05-15,8500.0,8000.0,8500.0,8385.714285714286,8456.97,8145.36,8563.59,456.97,500.0,385.71,0,418.22
cotton,APMC Hinganghat,2026-05-16,8500.0,8200.0,8500.0,8457.142857142857,8469.89,8235.18,8518.24,269.89,300.0,257.14,0,283.05
cotton,APMC Hinganghat,2026-05-18,8500.0,8200.0,8500.0,8457.142857142857,8480.74,8289.14,8520.43,280.74,300.0,257.14,0,231.29
cotton,APMC Hinganghat,2026-05-19,8000.0,8500.0,8000.0,8500.0,8296.1,7962.09,8587.84,203.9,500.0,0.0,1,625.75
cotton,APMC Hinganghat,2026-05-20,8200.0,8200.0,8200.0,8428.57142857143,8302.08,8020.07,8559.8,102.08,0.0,228.57,1,539.73
cotton,APMC Hinganghat,2026-05-21,8200.0,8210.0,8200.0,8385.714285714286,8357.55,8059.85,8521.36,147.55,10.0,175.71,1,461.51
cotton,APMC Hinganghat,2026-05-23,8500.0,8400.0,8500.0,8342.857142857143,8453.21,8147.32,8572.31,53.21,100.0,57.14,1,424.99
cotton,APMC Hinganghat,2026-05-25,8200.0,8200.0,8200.0,8342.857142857143,8342.97,8064.0,8558.27,142.97,0.0,142.86,1,494.27
cotton,APMC Hinganghat,2026-05-26,8210.0,8200.0,8210.0,8300.0,8250.87,8018.66,8503.28,50.87,10.0,100.0,1,484.62
cotton,APMC Hinganghat,2026-05-27,8400.0,8100.0,8400.0,8258.57142857143,8361.65,8083.31,8518.3,261.65,300.0,158.57,1,434.99
cotton,APMC Hinganghat,2026-05-29,8200.0,8000.0,8200.0,8244.285714285714,8275.21,8026.58,8516.39,275.21,200.0,244.29,0,489.81
cotton,APMC Hinganghat,2026-05-30,8200.0,8200.0,8200.0,8272.857142857143,8208.05,8017.42,8453.0,8.05,0.0,72.86,1,435.58
cotton,APMC Hinganghat,2026-06-02,8100.0,8000.0,8100.0,8272.857142857143,8155.37,7974.88,8401.81,155.37,100.0,272.86,1,426.92
cotton,APMC Hinganghat,2026-06-03,8000.0,8200.0,8000.0,8258.57142857143,8079.38,7911.99,8312.16,120.62,200.0,58.57,1,400.17
cotton,APMC Hinganghat,2026-06-04,8200.0,8000.0,8200.0,8187.142857142857,8174.36,7987.63,8438.27,174.36,200.0,187.14,1,450.64
cotton,APMC Hinganghat,2026-06-05,8000.0,8000.0,8000.0,8187.142857142857,8134.12,7960.1,8393.74,134.12,0.0,187.14,1,433.63
cotton,APMC Hinganghat,2026-06-06,8200.0,8000.0,8200.0,8157.142857142857,8260.0,8033.09,8492.0,260.0,200.0,157.14,0,458.91
