crop,market,price_date,current_price,future_price_3,actual_label,predicted_label,actual_direction,predicted_direction,confidence,prob_decrease,prob_stable,prob_increase,model_used
rice,APMC Alibagh,2026-05-12,2600.0,2600.0,0,0,STABLE,STABLE,0.9927,0.004,0.9927,0.0033,gradient_boosting
rice,APMC Alibagh,2026-05-13,2600.0,2600.0,0,0,STABLE,STABLE,0.9927,0.004,0.9927,0.0033,gradient_boosting
rice,APMC Alibagh,2026-05-14,2600.0,2600.0,0,0,STABLE,STABLE,0.9927,0.004,0.9927,0.0033,gradient_boosting
rice,APMC Alibagh,2026-05-15,2600.0,2600.0,0,0,STABLE,STABLE,0.9927,0.004,0.9927,0.0033,gradient_boosting
rice,APMC Alibagh,2026-05-16,2600.0,2600.0,0,0,STABLE,STABLE,0.9927,0.004,0.9927,0.0033,gradient_boosting
rice,APMC Alibagh,2026-05-17,2600.0,2600.0,0,0,STABLE,STABLE,0.9927,0.004,0.9927,0.0033,gradient_boosting
rice,APMC Alibagh,2026-05-18,2600.0,2600.0,0,0,STABLE,STABLE,0.9927,0.004,0.9927,0.0033,gradient_boosting
rice,APMC Alibagh,2026-05-19,2600.0,2600.0,0,0,STABLE,STABLE,0.9927,0.004,0.9927,0.0033,gradient_boosting
rice,APMC Alibagh,2026-05-20,2600.0,2600.0,0,0,STABLE,STABLE,0.9927,0.004,0.9927,0.0033,gradient_boosting
rice,APMC Alibagh,2026-05-21,2600.0,2600.0,0,0,STABLE,STABLE,0.9927,0.004,0.9927,0.0033,gradient_boosting
rice,APMC Alibagh,2026-05-22,2600.0,2600.0,0,0,STABLE,STABLE,0.9927,0.004,0.9927,0.0033,gradient_boosting
rice,APMC Alibagh,2026-05-23,2600.0,2600.0,0,0,STABLE,STABLE,0.9927,0.004,0.9927,0.0033,gradient_boosting
rice,APMC Alibagh,2026-05-24,2600.0,2600.0,0,0,STABLE,STABLE,0.9927,0.004,0.9927,0.0033,gradient_boosting
rice,APMC Alibagh,2026-05-25,2600.0,2600.0,0,0,STABLE,STABLE,0.9927,0.004,0.9927,0.0033,gradient_boosting
rice,APMC Alibagh,2026-05-26,2600.0,2600.0,0,0,STABLE,STABLE,0.9935,0.004,0.9935,0.0025,gradient_boosting
rice,APMC Alibagh,2026-05-27,2600.0,2600.0,0,0,STABLE,STABLE,0.9927,0.004,0.9927,0.0033,gradient_boosting
rice,APMC Alibagh,2026-05-28,2600.0,2600.0,0,0,STABLE,STABLE,0.9927,0.004,0.9927,0.0033,gradient_boosting
rice,APMC Alibagh,2026-05-29,2600.0,2600.0,0,0,STABLE,STABLE,0.9927,0.004,0.9927,0.0033,gradient_boosting
rice,APMC Alibagh,2026-05-30,2600.0,2600.0,0,0,STABLE,STABLE,0.9927,0.004,0.9927,0.0033,gradient_boosting
rice,APMC Alibagh,2026-05-31,2600.0,2600.0,0,0,STABLE,STABLE,0.9927,0.004,0.9927,0.0033,gradient_boosting
rice,APMC Alibagh,2026-06-01,2600.0,2600.0,0,0,STABLE,STABLE,0.9927,0.004,0.9927,0.0033,gradient_boosting
rice,APMC Alibagh,2026-06-02,2600.0,2600.0,0,0,STABLE,STABLE,0.9927,0.004,0.9927,0.0033,gradient_boosting
rice,APMC Alibagh,2026-06-03,2600.0,2600.0,0,0,STABLE,STABLE,0.9927,0.004,0.9927,0.0033,gradient_boosting
rice,APMC Alibagh,2026-06-04,2600.0,2600.0,0,0,STABLE,STABLE,0.9927,0.004,0.9927,0.0033,gradient_boosting
rice,APMC Alibagh,2026-06-05,2600.0,2600.0,0,0,STABLE,STABLE,0.9927,0.004,0.9927,0.0033,gradient_boosting
rice,APMC Alibagh,2026-06-06,2600.0,2600.0,0,0,STABLE,STABLE,0.9927,0.004,0.9927,0.0033,gradient_boosting
rice,APMC Alibagh,2026-06-07,2600.0,2600.0,0,0,STABLE,STABLE,0.9927,0.004,0.9927,0.0033,gradient_boosting
rice,APMC Alibagh,2026-06-08,2600.0,2600.0,0,0,STABLE,STABLE,0.9927,0.004,0.9927,0.0033,gradient_boosting
rice,APMC Alibagh,2026-06-09,2600.0,4250.0,1,0,INCREASE,STABLE,0.9927,0.004,0.9927,0.0033,gradient_boosting
rice,APMC Alibagh,2026-06-10,2600.0,4250.0,1,0,INCREASE,STABLE,0.9927,0.004,0.9927,0.0033,gradient_boosting
rice,APMC Alibagh,2026-06-11,2600.0,4250.0,1,0,INCREASE,STABLE,0.9927,0.004,0.9927,0.0033,gradient_boosting
rice,APMC Alibagh,2026-06-12,4250.0,4250.0,0,-1,STABLE,DECREASE,0.6526,0.6526,0.293,0.0544,gradient_boosting
rice,APMC Alibagh,2026-06-13,4250.0,4250.0,0,-1,STABLE,DECREASE,0.7068,0.7068,0.0964,0.1969,gradient_boosting
rice,APMC Alibagh,2026-06-14,4250.0,4250.0,0,-1,STABLE,DECREASE,0.7835,0.7835,0.0475,0.169,gradient_boosting
rice,APMC Alibagh,2026-06-15,4250.0,4250.0,0,1,STABLE,INCREASE,0.6286,0.1938,0.1776,0.6286,gradient_boosting
rice,APMC Alibagh,2026-06-16,4250.0,4250.0,0,1,STABLE,INCREASE,0.6356,0.1901,0.1742,0.6356,gradient_boosting
rice,APMC Alibagh,2026-06-17,4250.0,4250.0,0,1,STABLE,INCREASE,0.6656,0.1991,0.1353,0.6656,gradient_boosting
rice,APMC Alibagh,2026-06-18,4250.0,4250.0,0,1,STABLE,INCREASE,0.6944,0.1877,0.1179,0.6944,gradient_boosting
rice,APMC Alibagh,2026-06-19,4250.0,4250.0,0,1,STABLE,INCREASE,0.6289,0.2159,0.1551,0.6289,gradient_boosting
rice,APMC Alibagh,2026-06-20,4250.0,4250.0,0,1,STABLE,INCREASE,0.676,0.1573,0.1667,0.676,gradient_boosting
rice,APMC Alibagh,2026-06-21,4250.0,4250.0,0,1,STABLE,INCREASE,0.6289,0.2159,0.1551,0.6289,gradient_boosting
rice,APMC Alibagh,2026-06-22,4250.0,4250.0,0,1,STABLE,INCREASE,0.6413,0.2087,0.15,0.6413,gradient_boosting
rice,APMC Alibagh,2026-06-23,4250.0,4250.0,0,1,STABLE,INCREASE,0.564,0.1993,0.2367,0.564,gradient_boosting
rice,APMC Alibagh,2026-06-24,4250.0,4250.0,0,1,STABLE,INCREASE,0.5152,0.2686,0.2162,0.5152,gradient_boosting
rice,APMC Alibagh,2026-06-25,4250.0,4250.0,0,1,STABLE,INCREASE,0.4572,0.3138,0.2291,0.4572,gradient_boosting
rice,APMC Alibagh,2026-06-26,4250.0,4250.0,0,1,STABLE,INCREASE,0.4147,0.2849,0.3004,0.4147,gradient_boosting
rice,APMC Alibagh,2026-06-27,4250.0,4250.0,0,1,STABLE,INCREASE,0.3774,0.2929,0.3297,0.3774,gradient_boosting
rice,APMC Alibagh,2026-06-28,4250.0,4250.0,0,1,STABLE,INCREASE,0.4167,0.2192,0.364,0.4167,gradient_boosting
rice,APMC Alibagh,2026-06-29,4250.0,4250.0,0,1,STABLE,INCREASE,0.4113,0.2163,0.3724,0.4113,gradient_boosting
rice,APMC Alibagh,2026-06-30,4250.0,4250.0,0,1,STABLE,INCREASE,0.4022,0.2197,0.3781,0.4022,gradient_boosting
rice,APMC Alibagh,2026-07-01,4250.0,4250.0,0,1,STABLE,INCREASE,0.3717,0.2749,0.3535,0.3717,gradient_boosting
rice,APMC Alibagh,2026-07-02,4250.0,4250.0,0,0,STABLE,STABLE,0.4218,0.2222,0.4218,0.356,gradient_boosting
rice,APMC Alibagh,2026-07-03,4250.0,4250.0,0,0,STABLE,STABLE,0.4218,0.2222,0.4218,0.356,gradient_boosting
rice,APMC Alibagh,2026-07-04,4250.0,4250.0,0,0,STABLE,STABLE,0.4743,0.2128,0.4743,0.3128,gradient_boosting
rice,APMC Alibagh,2026-07-05,4250.0,4250.0,0,0,STABLE,STABLE,0.3468,0.3132,0.3468,0.34,gradient_boosting
rice,APMC Alibagh,2026-07-06,4250.0,4250.0,0,1,STABLE,INCREASE,0.4147,0.382,0.2033,0.4147,gradient_boosting
rice,APMC Alibagh,2026-07-07,4250.0,4250.0,0,1,STABLE,INCREASE,0.4147,0.382,0.2033,0.4147,gradient_boosting
rice,APMC Alibagh,2026-07-08,4250.0,4250.0,0,1,STABLE,INCREASE,0.4151,0.2824,0.3025,0.4151,gradient_boosting
rice,APMC Alibagh,2026-07-09,4250.0,4250.0,0,1,STABLE,INCREASE,0.4151,0.2824,0.3025,0.4151,gradient_boosting
rice,APMC Alibagh,2026-07-10,4250.0,4250.0,0,1,STABLE,INCREASE,0.3779,0.2571,0.3649,0.3779,gradient_boosting
rice,APMC Alibagh,2026-07-11,4250.0,4250.0,0,-1,STABLE,DECREASE,0.3381,0.3381,0.3252,0.3367,gradient_boosting
rice,APMC Alibagh,2026-07-12,4250.0,4250.0,0,0,STABLE,STABLE,0.3754,0.2645,0.3754,0.3601,gradient_boosting
rice,APMC Alibagh,2026-07-13,4250.0,4250.0,0,0,STABLE,STABLE,0.3754,0.2645,0.3754,0.3601,gradient_boosting
rice,APMC Alibagh,2026-07-14,4250.0,4250.0,0,0,STABLE,STABLE,0.3754,0.2645,0.3754,0.3601,gradient_boosting
rice,APMC Alibagh,2026-07-15,4250.0,4250.0,0,0,STABLE,STABLE,0.3754,0.2645,0.3754,0.3601,gradient_boosting
rice,APMC Alibagh,2026-07-16,4250.0,4250.0,0,0,STABLE,STABLE,0.3754,0.2645,0.3754,0.3601,gradient_boosting
rice,APMC Alibagh,2026-07-18,4250.0,4250.0,0,-1,STABLE,DECREASE,0.4134,0.4134,0.1939,0.3927,gradient_boosting
rice,APMC Alibagh,2026-07-19,4250.0,4250.0,0,1,STABLE,INCREASE,0.4063,0.4041,0.1896,0.4063,gradient_boosting
rice,APMC Alibagh,2026-07-20,4250.0,4250.0,0,1,STABLE,INCREASE,0.4063,0.4041,0.1896,0.4063,gradient_boosting
rice,APMC Alibagh,2026-07-21,4250.0,4250.0,0,1,STABLE,INCREASE,0.4118,0.3025,0.2856,0.4118,gradient_boosting
rice,APMC Alibagh,2026-07-22,4250.0,4250.0,0,1,STABLE,INCREASE,0.4118,0.3025,0.2856,0.4118,gradient_boosting
rice,APMC Alibagh,2026-07-23,4250.0,4250.0,0,1,STABLE,INCREASE,0.4118,0.3025,0.2856,0.4118,gradient_boosting
rice,APMC Alibagh,2026-07-24,4250.0,4250.0,0,1,STABLE,INCREASE,0.4118,0.3025,0.2856,0.4118,gradient_boosting
rice,APMC Alibagh,2026-07-25,4250.0,4250.0,0,-1,STABLE,DECREASE,0.3982,0.3982,0.2547,0.3471,gradient_boosting
rice,APMC Alibagh,2026-07-26,4250.0,4250.0,0,1,STABLE,INCREASE,0.4118,0.3025,0.2856,0.4118,gradient_boosting
rice,APMC Alibagh,2026-07-27,4250.0,4250.0,0,-1,STABLE,DECREASE,0.4134,0.4134,0.1939,0.3927,gradient_boosting
rice,APMC Alibagh,2026-07-28,4250.0,4250.0,0,1,STABLE,INCREASE,0.4792,0.2972,0.2236,0.4792,gradient_boosting
rice,APMC Alibagh,2026-07-29,4250.0,4250.0,0,1,STABLE,INCREASE,0.4198,0.3843,0.1959,0.4198,gradient_boosting
rice,APMC Alibagh,2026-07-30,4250.0,4250.0,0,1,STABLE,INCREASE,0.422,0.2853,0.2927,0.422,gradient_boosting
rice,APMC Alibagh,2026-07-31,4250.0,4250.0,0,1,STABLE,INCREASE,0.422,0.2853,0.2927,0.422,gradient_boosting
rice,APMC Alibagh,2026-08-01,4250.0,4250.0,0,0,STABLE,STABLE,0.3835,0.2486,0.3835,0.3678,gradient_boosting
rice,APMC Alibagh,2026-08-02,4250.0,4250.0,0,0,STABLE,STABLE,0.3835,0.2486,0.3835,0.3678,gradient_boosting
rice,APMC Alibagh,2026-08-03,4250.0,4250.0,0,1,STABLE,INCREASE,0.4307,0.2671,0.3021,0.4307,gradient_boosting
rice,APMC Alibagh,2026-08-04,4250.0,4250.0,0,1,STABLE,INCREASE,0.3822,0.3498,0.2681,0.3822,gradient_boosting
rice,APMC Alibagh,2026-08-05,4250.0,4250.0,0,1,STABLE,INCREASE,0.3822,0.3498,0.2681,0.3822,gradient_boosting
rice,APMC Alibagh,2026-08-06,4250.0,4250.0,0,0,STABLE,STABLE,0.3835,0.2486,0.3835,0.3678,gradient_boosting
rice,APMC Alibagh,2026-08-07,4250.0,4250.0,0,0,STABLE,STABLE,0.3835,0.2486,0.3835,0.3678,gradient_boosting
rice,APMC Alibagh,2026-08-08,4250.0,4250.0,0,0,STABLE,STABLE,0.3963,0.2236,0.3963,0.3801,gradient_boosting
rice,APMC Alibagh,2026-08-09,4250.0,4250.0,0,1,STABLE,INCREASE,0.4003,0.3189,0.2808,0.4003,gradient_boosting
rice,APMC Alibagh,2026-08-10,4250.0,4250.0,0,1,STABLE,INCREASE,0.3868,0.326,0.2871,0.3868,gradient_boosting
rice,APMC Alibagh,2026-08-11,4250.0,4250.0,0,1,STABLE,INCREASE,0.4003,0.3189,0.2808,0.4003,gradient_boosting
rice,APMC Alibagh,2026-08-12,4250.0,4250.0,0,1,STABLE,INCREASE,0.4462,0.2408,0.313,0.4462,gradient_boosting
rice,APMC Alibagh,2026-08-13,4250.0,4250.0,0,0,STABLE,STABLE,0.4009,0.2145,0.4009,0.3846,gradient_boosting
rice,APMC Alibagh,2026-08-14,4250.0,4250.0,0,0,STABLE,STABLE,0.4009,0.2145,0.4009,0.3846,gradient_boosting
rice,APMC Alibagh,2026-08-15,4250.0,4250.0,0,0,STABLE,STABLE,0.3709,0.2929,0.3709,0.3362,gradient_boosting
rice,APMC Alibagh,2026-08-16,4250.0,4250.0,0,1,STABLE,INCREASE,0.407,0.3074,0.2855,0.407,gradient_boosting
rice,APMC Alibagh,2026-08-17,4250.0,4250.0,0,1,STABLE,INCREASE,0.3974,0.3271,0.2756,0.3974,gradient_boosting
rice,APMC Alibagh,2026-08-18,4250.0,4250.0,0,1,STABLE,INCREASE,0.4913,0.2661,0.2426,0.4913,gradient_boosting
rice,APMC Alibagh,2026-08-19,4250.0,4250.0,0,1,STABLE,INCREASE,0.4442,0.2478,0.308,0.4442,gradient_boosting
rice,APMC Alibagh,2026-08-20,4250.0,4250.0,0,1,STABLE,INCREASE,0.4501,0.3399,0.21,0.4501,gradient_boosting
rice,APMC Alibagh,2026-08-21,4250.0,4250.0,0,1,STABLE,INCREASE,0.4339,0.3637,0.2024,0.4339,gradient_boosting
rice,APMC Alibagh,2026-08-22,4250.0,4250.0,0,1,STABLE,INCREASE,0.3836,0.3504,0.266,0.3836,gradient_boosting
rice,APMC Alibagh,2026-08-23,4250.0,4250.0,0,1,STABLE,INCREASE,0.4339,0.3637,0.2024,0.4339,gradient_boosting
rice,APMC Alibagh,2026-08-24,4250.0,4250.0,0,1,STABLE,INCREASE,0.4915,0.2792,0.2293,0.4915,gradient_boosting
rice,APMC Alibagh,2026-08-25,4250.0,4250.0,0,1,STABLE,INCREASE,0.4324,0.2677,0.2999,0.4324,gradient_boosting
rice,APMC Alibagh,2026-08-26,4250.0,4250.0,0,1,STABLE,INCREASE,0.4324,0.2677,0.2999,0.4324,gradient_boosting
rice,APMC Alibagh,2026-08-27,4250.0,4250.0,0,1,STABLE,INCREASE,0.4324,0.2677,0.2999,0.4324,gradient_boosting
rice,APMC Alibagh,2026-08-28,4250.0,4250.0,0,1,STABLE,INCREASE,0.4324,0.2677,0.2999,0.4324,gradient_boosting
rice,APMC Alibagh,2026-08-29,4250.0,4250.0,0,1,STABLE,INCREASE,0.4324,0.2677,0.2999,0.4324,gradient_boosting
rice,APMC Alibagh,2026-08-30,4250.0,4250.0,0,1,STABLE,INCREASE,0.4201,0.3726,0.2074,0.4201,gradient_boosting
rice,APMC Alibagh,2026-08-31,4250.0,4250.0,0,1,STABLE,INCREASE,0.4339,0.3637,0.2024,0.4339,gradient_boosting
rice,APMC Murud,2026-05-12,2600.0,2600.0,0,0,STABLE,STABLE,0.9927,0.004,0.9927,0.0033,gradient_boosting
rice,APMC Murud,2026-05-13,2600.0,2600.0,0,0,STABLE,STABLE,0.9927,0.004,0.9927,0.0033,gradient_boosting
rice,APMC Murud,2026-05-14,2600.0,2600.0,0,0,STABLE,STABLE,0.9927,0.004,0.9927,0.0033,gradient_boosting
rice,APMC Murud,2026-05-15,2600.0,2600.0,0,0,STABLE,STABLE,0.9927,0.004,0.9927,0.0033,gradient_boosting
rice,APMC Murud,2026-05-16,2600.0,2600.0,0,0,STABLE,STABLE,0.9927,0.004,0.9927,0.0033,gradient_boosting
rice,APMC Murud,2026-05-17,2600.0,2600.0,0,0,STABLE,STABLE,0.9927,0.004,0.9927,0.0033,gradient_boosting
rice,APMC Murud,2026-05-18,2600.0,2600.0,0,0,STABLE,STABLE,0.9927,0.004,0.9927,0.0033,gradient_boosting
rice,APMC Murud,2026-05-19,2600.0,2600.0,0,0,STABLE,STABLE,0.9927,0.004,0.9927,0.0033,gradient_boosting
rice,APMC Murud,2026-05-20,2600.0,2600.0,0,0,STABLE,STABLE,0.9927,0.004,0.9927,0.0033,gradient_boosting
rice,APMC Murud,2026-05-21,2600.0,2600.0,0,0,STABLE,STABLE,0.9927,0.004,0.9927,0.0033,gradient_boosting
rice,APMC Murud,2026-05-22,2600.0,2600.0,0,0,STABLE,STABLE,0.9927,0.004,0.9927,0.0033,gradient_boosting
rice,APMC Murud,2026-05-23,2600.0,2600.0,0,0,STABLE,STABLE,0.9927,0.004,0.9927,0.0033,gradient_boosting
rice,APMC Murud,2026-05-24,2600.0,2600.0,0,0,STABLE,STABLE,0.9927,0.004,0.9927,0.0033,gradient_boosting
rice,APMC Murud,2026-05-25,2600.0,2600.0,0,0,STABLE,STABLE,0.9927,0.004,0.9927,0.0033,gradient_boosting
rice,APMC Murud,2026-05-26,2600.0,2600.0,0,0,STABLE,STABLE,0.9935,0.004,0.9935,0.0025,gradient_boosting
rice,APMC Murud,2026-05-27,2600.0,2600.0,0,0,STABLE,STABLE,0.9927,0.004,0.9927,0.0033,gradient_boosting
rice,APMC Murud,2026-05-28,2600.0,2600.0,0,0,STABLE,STABLE,0.9927,0.004,0.9927,0.0033,gradient_boosting
rice,APMC Murud,2026-05-29,2600.0,2600.0,0,0,STABLE,STABLE,0.9927,0.004,0.9927,0.0033,gradient_boosting
rice,APMC Murud,2026-05-30,2600.0,2600.0,0,0,STABLE,STABLE,0.9927,0.004,0.9927,0.0033,gradient_boosting
rice,APMC Murud,2026-05-31,2600.0,2600.0,0,0,STABLE,STABLE,0.9927,0.004,0.9927,0.0033,gradient_boosting
rice,APMC Murud,2026-06-01,2600.0,2600.0,0,0,STABLE,STABLE,0.9927,0.004,0.9927,0.0033,gradient_boosting
rice,APMC Murud,2026-06-02,2600.0,2600.0,0,0,STABLE,STABLE,0.9927,0.004,0.9927,0.0033,gradient_boosting
rice,APMC Murud,2026-06-03,2600.0,2600.0,0,0,STABLE,STABLE,0.9927,0.004,0.9927,0.0033,gradient_boosting
rice,APMC Murud,2026-06-04,2600.0,2600.0,0,0,STABLE,STABLE,0.9927,0.004,0.9927,0.0033,gradient_boosting
rice,APMC Murud,2026-06-05,2600.0,2600.0,0,0,STABLE,STABLE,0.9927,0.004,0.9927,0.0033,gradient_boosting
rice,APMC Murud,2026-06-06,2600.0,2600.0,0,0,STABLE,STABLE,0.9927,0.004,0.9927,0.0033,gradient_boosting
rice,APMC Murud,2026-06-07,2600.0,2600.0,0,0,STABLE,STABLE,0.9927,0.004,0.9927,0.0033,gradient_boosting
rice,APMC Murud,2026-06-08,2600.0,2600.0,0,0,STABLE,STABLE,0.9927,0.004,0.9927,0.0033,gradient_boosting
rice,APMC Murud,2026-06-09,2600.0,4250.0,1,0,INCREASE,STABLE,0.9927,0.004,0.9927,0.0033,gradient_boosting
rice,APMC Murud,2026-06-10,2600.0,4250.0,1,0,INCREASE,STABLE,0.9927,0.004,0.9927,0.0033,gradient_boosting
rice,APMC Murud,2026-06-11,2600.0,4250.0,1,0,INCREASE,STABLE,0.9927,0.004,0.9927,0.0033,gradient_boosting
rice,APMC Murud,2026-06-12,4250.0,4250.0,0,-1,STABLE,DECREASE,0.6526,0.6526,0.293,0.0544,gradient_boosting
rice,APMC Murud,2026-06-13,4250.0,4250.0,0,-1,STABLE,DECREASE,0.7068,0.7068,0.0964,0.1969,gradient_boosting
rice,APMC Murud,2026-06-14,4250.0,4250.0,0,-1,STABLE,DECREASE,0.7835,0.7835,0.0475,0.169,gradient_boosting
rice,APMC Murud,2026-06-15,4250.0,4250.0,0,1,STABLE,INCREASE,0.6286,0.1938,0.1776,0.6286,gradient_boosting
rice,APMC Murud,2026-06-16,4250.0,4250.0,0,1,STABLE,INCREASE,0.6356,0.1901,0.1742,0.6356,gradient_boosting
rice,APMC Murud,2026-06-17,4250.0,4250.0,0,1,STABLE,INCREASE,0.6656,0.1991,0.1353,0.6656,gradient_boosting
rice,APMC Murud,2026-06-18,4250.0,4250.0,0,1,STABLE,INCREASE,0.6944,0.1877,0.1179,0.6944,gradient_boosting
rice,APMC Murud,2026-06-19,4250.0,4250.0,0,1,STABLE,INCREASE,0.6289,0.2159,0.1551,0.6289,gradient_boosting
rice,APMC Murud,2026-06-20,4250.0,4250.0,0,1,STABLE,INCREASE,0.676,0.1573,0.1667,0.676,gradient_boosting
rice,APMC Murud,2026-06-21,4250.0,4250.0,0,1,STABLE,INCREASE,0.6289,0.2159,0.1551,0.6289,gradient_boosting
rice,APMC Murud,2026-06-22,4250.0,4250.0,0,1,STABLE,INCREASE,0.6413,0.2087,0.15,0.6413,gradient_boosting
rice,APMC Murud,2026-06-23,4250.0,4250.0,0,1,STABLE,INCREASE,0.564,0.1993,0.2367,0.564,gradient_boosting
rice,APMC Murud,2026-06-24,4250.0,4250.0,0,1,STABLE,INCREASE,0.5152,0.2686,0.2162,0.5152,gradient_boosting
rice,APMC Murud,2026-06-25,4250.0,4250.0,0,1,STABLE,INCREASE,0.4572,0.3138,0.2291,0.4572,gradient_boosting
rice,APMC Murud,2026-06-26,4250.0,4250.0,0,1,STABLE,INCREASE,0.4147,0.2849,0.3004,0.4147,gradient_boosting
rice,APMC Murud,2026-06-27,4250.0,4250.0,0,1,STABLE,INCREASE,0.3774,0.2929,0.3297,0.3774,gradient_boosting
rice,APMC Murud,2026-06-28,4250.0,4250.0,0,1,STABLE,INCREASE,0.4167,0.2192,0.364,0.4167,gradient_boosting
rice,APMC Murud,2026-06-29,4250.0,4250.0,0,1,STABLE,INCREASE,0.4113,0.2163,0.3724,0.4113,gradient_boosting
rice,APMC Murud,2026-06-30,4250.0,4250.0,0,1,STABLE,INCREASE,0.4022,0.2197,0.3781,0.4022,gradient_boosting
rice,APMC Murud,2026-07-01,4250.0,4250.0,0,1,STABLE,INCREASE,0.3717,0.2749,0.3535,0.3717,gradient_boosting
rice,APMC Murud,2026-07-02,4250.0,4250.0,0,0,STABLE,STABLE,0.4218,0.2222,0.4218,0.356,gradient_boosting
rice,APMC Murud,2026-07-03,4250.0,4250.0,0,0,STABLE,STABLE,0.4218,0.2222,0.4218,0.356,gradient_boosting
rice,APMC Murud,2026-07-04,4250.0,4250.0,0,0,STABLE,STABLE,0.4743,0.2128,0.4743,0.3128,gradient_boosting
rice,APMC Murud,2026-07-05,4250.0,4250.0,0,0,STABLE,STABLE,0.3468,0.3132,0.3468,0.34,gradient_boosting
rice,APMC Murud,2026-07-06,4250.0,4250.0,0,1,STABLE,INCREASE,0.4147,0.382,0.2033,0.4147,gradient_boosting
rice,APMC Murud,2026-07-07,4250.0,4250.0,0,1,STABLE,INCREASE,0.4147,0.382,0.2033,0.4147,gradient_boosting
rice,APMC Murud,2026-07-08,4250.0,4250.0,0,1,STABLE,INCREASE,0.4151,0.2824,0.3025,0.4151,gradient_boosting
rice,APMC Murud,2026-07-09,4250.0,4250.0,0,1,STABLE,INCREASE,0.4151,0.2824,0.3025,0.4151,gradient_boosting
rice,APMC Murud,2026-07-10,4250.0,4250.0,0,1,STABLE,INCREASE,0.3779,0.2571,0.3649,0.3779,gradient_boosting
rice,APMC Murud,2026-07-11,4250.0,4250.0,0,-1,STABLE,DECREASE,0.3381,0.3381,0.3252,0.3367,gradient_boosting
rice,APMC Murud,2026-07-12,4250.0,4250.0,0,0,STABLE,STABLE,0.3754,0.2645,0.3754,0.3601,gradient_boosting
rice,APMC Murud,2026-07-13,4250.0,4250.0,0,0,STABLE,STABLE,0.3754,0.2645,0.3754,0.3601,gradient_boosting
rice,APMC Murud,2026-07-14,4250.0,4250.0,0,0,STABLE,STABLE,0.3754,0.2645,0.3754,0.3601,gradient_boosting
rice,APMC Murud,2026-07-15,4250.0,4250.0,0,0,STABLE,STABLE,0.3754,0.2645,0.3754,0.3601,gradient_boosting
rice,APMC Murud,2026-07-16,4250.0,4250.0,0,0,STABLE,STABLE,0.3754,0.2645,0.3754,0.3601,gradient_boosting
rice,APMC Murud,2026-07-18,4250.0,4250.0,0,-1,STABLE,DECREASE,0.4134,0.4134,0.1939,0.3927,gradient_boosting
rice,APMC Murud,2026-07-19,4250.0,4250.0,0,1,STABLE,INCREASE,0.4063,0.4041,0.1896,0.4063,gradient_boosting
rice,APMC Murud,2026-07-20,4250.0,4250.0,0,1,STABLE,INCREASE,0.4063,0.4041,0.1896,0.4063,gradient_boosting
rice,APMC Murud,2026-07-21,4250.0,4250.0,0,1,STABLE,INCREASE,0.4118,0.3025,0.2856,0.4118,gradient_boosting
rice,APMC Murud,2026-07-22,4250.0,4250.0,0,1,STABLE,INCREASE,0.4118,0.3025,0.2856,0.4118,gradient_boosting
rice,APMC Murud,2026-07-23,4250.0,4250.0,0,1,STABLE,INCREASE,0.4118,0.3025,0.2856,0.4118,gradient_boosting
rice,APMC Murud,2026-07-24,4250.0,4250.0,0,1,STABLE,INCREASE,0.4118,0.3025,0.2856,0.4118,gradient_boosting
rice,APMC Murud,2026-07-25,4250.0,4250.0,0,-1,STABLE,DECREASE,0.3982,0.3982,0.2547,0.3471,gradient_boosting
rice,APMC Murud,2026-07-26,4250.0,4250.0,0,1,STABLE,INCREASE,0.4118,0.3025,0.2856,0.4118,gradient_boosting
rice,APMC Murud,2026-07-27,4250.0,4250.0,0,-1,STABLE,DECREASE,0.4134,0.4134,0.1939,0.3927,gradient_boosting
rice,APMC Murud,2026-07-28,4250.0,4250.0,0,1,STABLE,INCREASE,0.4792,0.2972,0.2236,0.4792,gradient_boosting
rice,APMC Murud,2026-07-29,4250.0,4250.0,0,1,STABLE,INCREASE,0.4198,0.3843,0.1959,0.4198,gradient_boosting
rice,APMC Murud,2026-07-30,4250.0,4250.0,0,1,STABLE,INCREASE,0.422,0.2853,0.2927,0.422,gradient_boosting
rice,APMC Murud,2026-07-31,4250.0,4250.0,0,1,STABLE,INCREASE,0.422,0.2853,0.2927,0.422,gradient_boosting
rice,APMC Murud,2026-08-01,4250.0,4250.0,0,0,STABLE,STABLE,0.3835,0.2486,0.3835,0.3678,gradient_boosting
rice,APMC Murud,2026-08-02,4250.0,4250.0,0,0,STABLE,STABLE,0.3835,0.2486,0.3835,0.3678,gradient_boosting
rice,APMC Murud,2026-08-03,4250.0,4250.0,0,1,STABLE,INCREASE,0.4307,0.2671,0.3021,0.4307,gradient_boosting
rice,APMC Murud,2026-08-04,4250.0,4250.0,0,1,STABLE,INCREASE,0.3822,0.3498,0.2681,0.3822,gradient_boosting
rice,APMC Murud,2026-08-05,4250.0,4250.0,0,1,STABLE,INCREASE,0.3822,0.3498,0.2681,0.3822,gradient_boosting
rice,APMC Murud,2026-08-06,4250.0,4250.0,0,0,STABLE,STABLE,0.3835,0.2486,0.3835,0.3678,gradient_boosting
rice,APMC Murud,2026-08-07,4250.0,4250.0,0,0,STABLE,STABLE,0.3835,0.2486,0.3835,0.3678,gradient_boosting
rice,APMC Murud,2026-08-08,4250.0,4250.0,0,0,STABLE,STABLE,0.3963,0.2236,0.3963,0.3801,gradient_boosting
rice,APMC Murud,2026-08-09,4250.0,4250.0,0,1,STABLE,INCREASE,0.4003,0.3189,0.2808,0.4003,gradient_boosting
rice,APMC Murud,2026-08-10,4250.0,4250.0,0,1,STABLE,INCREASE,0.3868,0.326,0.2871,0.3868,gradient_boosting
rice,APMC Murud,2026-08-11,4250.0,4250.0,0,1,STABLE,INCREASE,0.4003,0.3189,0.2808,0.4003,gradient_boosting
rice,APMC Murud,2026-08-12,4250.0,4250.0,0,1,STABLE,INCREASE,0.4462,0.2408,0.313,0.4462,gradient_boosting
rice,APMC Murud,2026-08-13,4250.0,4250.0,0,0,STABLE,STABLE,0.4009,0.2145,0.4009,0.3846,gradient_boosting
rice,APMC Murud,2026-08-14,4250.0,4250.0,0,0,STABLE,STABLE,0.4009,0.2145,0.4009,0.3846,gradient_boosting
rice,APMC Murud,2026-08-15,4250.0,4250.0,0,0,STABLE,STABLE,0.3709,0.2929,0.3709,0.3362,gradient_boosting
rice,APMC Murud,2026-08-16,4250.0,4250.0,0,1,STABLE,INCREASE,0.407,0.3074,0.2855,0.407,gradient_boosting
rice,APMC Murud,2026-08-17,4250.0,4250.0,0,1,STABLE,INCREASE,0.3974,0.3271,0.2756,0.3974,gradient_boosting
rice,APMC Murud,2026-08-18,4250.0,4250.0,0,1,STABLE,INCREASE,0.4913,0.2661,0.2426,0.4913,gradient_boosting
rice,APMC Murud,2026-08-19,4250.0,4250.0,0,1,STABLE,INCREASE,0.4442,0.2478,0.308,0.4442,gradient_boosting
rice,APMC Murud,2026-08-20,4250.0,4250.0,0,1,STABLE,INCREASE,0.4501,0.3399,0.21,0.4501,gradient_boosting
rice,APMC Murud,2026-08-21,4250.0,4250.0,0,1,STABLE,INCREASE,0.4339,0.3637,0.2024,0.4339,gradient_boosting
rice,APMC Murud,2026-08-22,4250.0,4250.0,0,1,STABLE,INCREASE,0.3836,0.3504,0.266,0.3836,gradient_boosting
rice,APMC Murud,2026-08-23,4250.0,4250.0,0,1,STABLE,INCREASE,0.4339,0.3637,0.2024,0.4339,gradient_boosting
rice,APMC Murud,2026-08-24,4250.0,4250.0,0,1,STABLE,INCREASE,0.4915,0.2792,0.2293,0.4915,gradient_boosting
rice,APMC Murud,2026-08-25,4250.0,4250.0,0,1,STABLE,INCREASE,0.4324,0.2677,0.2999,0.4324,gradient_boosting
rice,APMC Murud,2026-08-26,4250.0,4250.0,0,1,STABLE,INCREASE,0.4324,0.2677,0.2999,0.4324,gradient_boosting
rice,APMC Murud,2026-08-27,4250.0,4250.0,0,1,STABLE,INCREASE,0.4324,0.2677,0.2999,0.4324,gradient_boosting
rice,APMC Murud,2026-08-28,4250.0,4250.0,0,1,STABLE,INCREASE,0.4324,0.2677,0.2999,0.4324,gradient_boosting
rice,APMC Murud,2026-08-29,4250.0,4250.0,0,1,STABLE,INCREASE,0.4324,0.2677,0.2999,0.4324,gradient_boosting
rice,APMC Murud,2026-08-30,4250.0,4250.0,0,1,STABLE,INCREASE,0.4201,0.3726,0.2074,0.4201,gradient_boosting
rice,APMC Murud,2026-08-31,4250.0,4250.0,0,1,STABLE,INCREASE,0.4339,0.3637,0.2024,0.4339,gradient_boosting
rice,APMC Palghar,2026-05-12,4600.0,4125.0,-1,-1,DECREASE,DECREASE,0.4372,0.4372,0.1697,0.3931,gradient_boosting
rice,APMC Palghar,2026-05-13,4550.0,4500.0,0,-1,STABLE,DECREASE,0.4766,0.4766,0.1699,0.3535,gradient_boosting
rice,APMC Palghar,2026-05-14,4305.0,4500.0,1,1,INCREASE,INCREASE,0.4526,0.4006,0.1468,0.4526,gradient_boosting
rice,APMC Palghar,2026-05-15,4125.0,4550.0,1,1,INCREASE,INCREASE,0.8318,0.0938,0.0743,0.8318,gradient_boosting
rice,APMC Palghar,2026-05-16,4500.0,4350.0,-1,1,DECREASE,INCREASE,0.7224,0.203,0.0746,0.7224,gradient_boosting
rice,APMC Palghar,2026-05-17,4500.0,4305.0,-1,1,DECREASE,INCREASE,0.6611,0.249,0.0899,0.6611,gradient_boosting
rice,APMC Palghar,2026-05-18,4550.0,4275.0,-1,1,DECREASE,INCREASE,0.5105,0.3782,0.1113,0.5105,gradient_boosting
rice,APMC Palghar,2026-05-19,4350.0,4400.0,0,1,STABLE,INCREASE,0.6997,0.219,0.0813,0.6997,gradient_boosting
rice,APMC Palghar,2026-05-20,4305.0,4550.0,1,1,INCREASE,INCREASE,0.7393,0.1783,0.0823,0.7393,gradient_boosting
rice,APMC Palghar,2026-05-21,4275.0,4575.0,1,1,INCREASE,INCREASE,0.4595,0.3422,0.1983,0.4595,gradient_boosting
rice,APMC Palghar,2026-05-22,4400.0,4725.0,1,1,INCREASE,INCREASE,0.4562,0.387,0.1568,0.4562,gradient_boosting
rice,APMC Palghar,2026-05-24,4550.0,4601.0,0,-1,STABLE,DECREASE,0.5302,0.5302,0.1478,0.322,gradient_boosting
rice,APMC Palghar,2026-05-25,4575.0,4851.0,1,-1,INCREASE,DECREASE,0.5893,0.5893,0.1507,0.2601,gradient_boosting
rice,APMC Palghar,2026-05-26,4725.0,4901.0,1,-1,INCREASE,DECREASE,0.7512,0.7512,0.0613,0.1875,gradient_boosting
rice,APMC Palghar,2026-05-27,4601.0,4850.0,1,-1,INCREASE,DECREASE,0.762,0.762,0.0827,0.1552,gradient_boosting
rice,APMC Palghar,2026-05-28,4851.0,4600.0,-1,-1,DECREASE,DECREASE,0.6584,0.6584,0.0857,0.2558,gradient_boosting
rice,APMC Palghar,2026-05-29,4901.0,4700.0,-1,-1,DECREASE,DECREASE,0.6977,0.6977,0.0883,0.214,gradient_boosting
rice,APMC Palghar,2026-05-30,4850.0,4901.0,0,-1,STABLE,DECREASE,0.6643,0.6643,0.087,0.2488,gradient_boosting
rice,APMC Palghar,2026-05-31,4600.0,4550.0,0,-1,STABLE,DECREASE,0.5967,0.5967,0.0894,0.314,gradient_boosting
rice,APMC Palghar,2026-06-01,4700.0,4600.0,-1,-1,DECREASE,DECREASE,0.6061,0.6061,0.1186,0.2753,gradient_boosting
rice,APMC Palghar,2026-06-02,4901.0,4825.0,-1,-1,DECREASE,DECREASE,0.6879,0.6879,0.0753,0.2368,gradient_boosting
rice,APMC Palghar,2026-06-03,4550.0,4851.0,1,-1,INCREASE,DECREASE,0.6926,0.6926,0.1043,0.2031,gradient_boosting
rice,APMC Palghar,2026-06-04,4600.0,4540.0,0,-1,STABLE,DECREASE,0.5973,0.5973,0.2024,0.2004,gradient_boosting
rice,APMC Palghar,2026-06-05,4825.0,4500.0,-1,-1,DECREASE,DECREASE,0.741,0.741,0.1445,0.1145,gradient_boosting
rice,APMC Palghar,2026-06-06,4851.0,4035.0,-1,-1,DECREASE,DECREASE,0.6604,0.6604,0.1978,0.1418,gradient_boosting
rice,APMC Palghar,2026-06-07,4540.0,4305.0,-1,-1,DECREASE,DECREASE,0.6817,0.6817,0.1567,0.1616,gradient_boosting
rice,APMC Palghar,2026-06-08,4500.0,4295.0,-1,-1,DECREASE,DECREASE,0.5522,0.5522,0.2364,0.2114,gradient_boosting
rice,APMC Palghar,2026-06-09,4035.0,4400.0,1,1,INCREASE,INCREASE,0.7813,0.128,0.0907,0.7813,gradient_boosting
rice,APMC Palghar,2026-06-10,4305.0,4450.0,1,1,INCREASE,INCREASE,0.7484,0.2139,0.0377,0.7484,gradient_boosting
rice,APMC Palghar,2026-06-11,4295.0,4600.0,1,1,INCREASE,INCREASE,0.7705,0.1743,0.0553,0.7705,gradient_boosting
rice,APMC Palghar,2026-06-12,4400.0,4550.0,1,1,INCREASE,INCREASE,0.7676,0.1602,0.0722,0.7676,gradient_boosting
rice,APMC Palghar,2026-06-13,4450.0,4700.0,1,1,INCREASE,INCREASE,0.5953,0.3366,0.0681,0.5953,gradient_boosting
rice,APMC Palghar,2026-06-14,4600.0,4605.0,0,-1,STABLE,DECREASE,0.5129,0.5129,0.0601,0.427,gradient_boosting
rice,APMC Palghar,2026-06-15,4550.0,4851.0,1,-1,INCREASE,DECREASE,0.5809,0.5809,0.0629,0.3562,gradient_boosting
rice,APMC Palghar,2026-06-16,4700.0,4545.0,-1,-1,DECREASE,DECREASE,0.7529,0.7529,0.0471,0.2,gradient_boosting
rice,APMC Palghar,2026-06-17,4605.0,4601.0,0,-1,STABLE,DECREASE,0.6872,0.6872,0.0478,0.265,gradient_boosting
rice,APMC Palghar,2026-06-18,4851.0,4540.0,-1,-1,DECREASE,DECREASE,0.8228,0.8228,0.0318,0.1454,gradient_boosting
rice,APMC Palghar,2026-06-19,4545.0,4450.0,-1,-1,DECREASE,DECREASE,0.664,0.664,0.0613,0.2747,gradient_boosting
rice,APMC Palghar,2026-06-20,4601.0,4575.0,0,-1,STABLE,DECREASE,0.6483,0.6483,0.1126,0.2391,gradient_boosting
rice,APMC Palghar,2026-06-21,4540.0,4350.0,-1,-1,DECREASE,DECREASE,0.5474,0.5474,0.0698,0.3829,gradient_boosting
rice,APMC Palghar,2026-06-22,4450.0,4295.0,-1,-1,DECREASE,DECREASE,0.4725,0.4725,0.0615,0.466,gradient_boosting
rice,APMC Palghar,2026-06-23,4575.0,4650.0,1,-1,INCREASE,DECREASE,0.5764,0.5764,0.0955,0.3281,gradient_boosting
rice,APMC Palghar,2026-06-24,4350.0,4550.0,1,-1,INCREASE,DECREASE,0.6285,0.6285,0.0978,0.2738,gradient_boosting
rice,APMC Palghar,2026-06-25,4295.0,4601.0,1,1,INCREASE,INCREASE,0.4286,0.413,0.1584,0.4286,gradient_boosting
rice,APMC Palghar,2026-06-28,4650.0,4305.0,-1,-1,DECREASE,DECREASE,0.4581,0.4581,0.1556,0.3863,gradient_boosting
rice,APMC Palghar,2026-06-29,4550.0,4500.0,0,-1,STABLE,DECREASE,0.6296,0.6296,0.0661,0.3043,gradient_boosting
rice,APMC Palghar,2026-06-30,4601.0,4551.0,0,-1,STABLE,DECREASE,0.623,0.623,0.058,0.319,gradient_boosting
rice,APMC Palghar,2026-07-01,4305.0,4540.0,1,-1,INCREASE,DECREASE,0.5822,0.5822,0.0867,0.3312,gradient_boosting
rice,APMC Palghar,2026-07-02,4500.0,4350.0,-1,-1,DECREASE,DECREASE,0.4726,0.4726,0.1069,0.4205,gradient_boosting
rice,APMC Palghar,2026-07-03,4551.0,4275.0,-1,-1,DECREASE,DECREASE,0.6409,0.6409,0.0728,0.2862,gradient_boosting
rice,APMC Palghar,2026-07-04,4540.0,4350.0,-1,-1,DECREASE,DECREASE,0.7087,0.7087,0.0625,0.2289,gradient_boosting
rice,APMC Palghar,2026-07-05,4350.0,4400.0,0,-1,STABLE,DECREASE,0.4728,0.4728,0.095,0.4321,gradient_boosting
rice,APMC Palghar,2026-07-06,4275.0,4450.0,1,1,INCREASE,INCREASE,0.4622,0.4023,0.1355,0.4622,gradient_boosting
rice,APMC Palghar,2026-07-07,4350.0,4575.0,1,1,INCREASE,INCREASE,0.4718,0.363,0.1652,0.4718,gradient_boosting
rice,APMC Palghar,2026-07-08,4400.0,4600.0,1,1,INCREASE,INCREASE,0.5136,0.3511,0.1353,0.5136,gradient_boosting
rice,APMC Palghar,2026-07-09,4450.0,4605.0,1,-1,INCREASE,DECREASE,0.6015,0.6015,0.0885,0.3101,gradient_boosting
rice,APMC Palghar,2026-07-10,4575.0,4850.0,1,-1,INCREASE,DECREASE,0.6557,0.6557,0.0687,0.2756,gradient_boosting
rice,APMC Palghar,2026-07-12,4600.0,5275.0,1,-1,INCREASE,DECREASE,0.7287,0.7287,0.0748,0.1965,gradient_boosting
rice,APMC Palghar,2026-07-13,4605.0,5151.0,1,-1,INCREASE,DECREASE,0.7285,0.7285,0.0914,0.1802,gradient_boosting
rice,APMC Palghar,2026-07-14,4850.0,5250.0,1,-1,INCREASE,DECREASE,0.8574,0.8574,0.0464,0.0962,gradient_boosting
rice,APMC Palghar,2026-07-15,5275.0,4825.0,-1,-1,DECREASE,DECREASE,0.5632,0.5632,0.0482,0.3886,gradient_boosting
rice,APMC Palghar,2026-07-16,5151.0,4831.0,-1,1,DECREASE,INCREASE,0.6361,0.2994,0.0645,0.6361,gradient_boosting
rice,APMC Palghar,2026-07-17,5250.0,5001.0,-1,-1,DECREASE,DECREASE,0.7356,0.7356,0.0372,0.2272,gradient_boosting
rice,APMC Palghar,2026-07-18,4825.0,5245.0,1,-1,INCREASE,DECREASE,0.5781,0.5781,0.0579,0.364,gradient_boosting
rice,APMC Palghar,2026-07-19,4831.0,5410.0,1,-1,INCREASE,DECREASE,0.6657,0.6657,0.0681,0.2662,gradient_boosting
rice,APMC Palghar,2026-07-20,5001.0,5320.0,1,-1,INCREASE,DECREASE,0.6578,0.6578,0.0817,0.2605,gradient_boosting
rice,APMC Palghar,2026-07-21,5245.0,5650.0,1,-1,INCREASE,DECREASE,0.8761,0.8761,0.0515,0.0724,gradient_boosting
rice,APMC Palghar,2026-07-22,5410.0,5500.0,1,-1,INCREASE,DECREASE,0.849,0.849,0.0547,0.0963,gradient_boosting
rice,APMC Palghar,2026-07-23,5320.0,5101.0,-1,-1,DECREASE,DECREASE,0.9536,0.9536,0.0171,0.0293,gradient_boosting
rice,APMC Palghar,2026-07-24,5650.0,4950.0,-1,-1,DECREASE,DECREASE,0.9449,0.9449,0.0189,0.0362,gradient_boosting
rice,APMC Palghar,2026-07-26,5500.0,4700.0,-1,-1,DECREASE,DECREASE,0.9506,0.9506,0.0238,0.0257,gradient_boosting
rice,APMC Palghar,2026-07-27,5101.0,5270.0,1,-1,INCREASE,DECREASE,0.9256,0.9256,0.0401,0.0344,gradient_boosting
rice,APMC Palghar,2026-07-28,4950.0,5320.0,1,-1,INCREASE,DECREASE,0.8903,0.8903,0.0461,0.0637,gradient_boosting
rice,APMC Palghar,2026-07-29,4700.0,5410.0,1,-1,INCREASE,DECREASE,0.8373,0.8373,0.074,0.0887,gradient_boosting
rice,APMC Palghar,2026-07-30,5270.0,5501.0,1,-1,INCREASE,DECREASE,0.8538,0.8538,0.0724,0.0738,gradient_boosting
rice,APMC Palghar,2026-07-31,5320.0,5300.0,0,-1,STABLE,DECREASE,0.7183,0.7183,0.1523,0.1294,gradient_boosting
rice,APMC Palghar,2026-08-01,5410.0,4950.0,-1,-1,DECREASE,DECREASE,0.9623,0.9623,0.0257,0.012,gradient_boosting
rice,APMC Palghar,2026-08-02,5501.0,4700.0,-1,-1,DECREASE,DECREASE,0.97,0.97,0.0215,0.0084,gradient_boosting
rice,APMC Palghar,2026-08-03,5300.0,5345.0,0,-1,STABLE,DECREASE,0.9741,0.9741,0.0151,0.0107,gradient_boosting
rice,APMC Palghar,2026-08-04,4950.0,5240.0,1,-1,INCREASE,DECREASE,0.9532,0.9532,0.0347,0.0121,gradient_boosting
rice,APMC Palghar,2026-08-05,4700.0,5270.0,1,-1,INCREASE,DECREASE,0.955,0.955,0.0329,0.0121,gradient_boosting
rice,APMC Palghar,2026-08-06,5345.0,5201.0,-1,-1,DECREASE,DECREASE,0.9146,0.9146,0.0712,0.0142,gradient_boosting
rice,APMC Palghar,2026-08-07,5240.0,4801.0,-1,-1,DECREASE,DECREASE,0.9348,0.9348,0.0531,0.0121,gradient_boosting
rice,APMC Palghar,2026-08-08,5270.0,4700.0,-1,-1,DECREASE,DECREASE,0.9649,0.9649,0.0249,0.0102,gradient_boosting
rice,APMC Palghar,2026-08-09,5201.0,5151.0,0,-1,STABLE,DECREASE,0.9281,0.9281,0.0498,0.0222,gradient_boosting
rice,APMC Palghar,2026-08-10,4801.0,4801.0,0,-1,STABLE,DECREASE,0.9301,0.9301,0.0522,0.0178,gradient_boosting
rice,APMC Palghar,2026-08-11,4700.0,5275.0,1,-1,INCREASE,DECREASE,0.79,0.79,0.0855,0.1245,gradient_boosting
rice,APMC Palghar,2026-08-12,5151.0,4700.0,-1,-1,DECREASE,DECREASE,0.8742,0.8742,0.0549,0.0709,gradient_boosting
rice,APMC Palghar,2026-08-13,4801.0,4850.0,0,-1,STABLE,DECREASE,0.8585,0.8585,0.0885,0.053,gradient_boosting
rice,APMC Palghar,2026-08-14,5275.0,4500.0,-1,-1,DECREASE,DECREASE,0.8942,0.8942,0.0528,0.053,gradient_boosting
rice,APMC Palghar,2026-08-16,4700.0,4800.0,1,-1,INCREASE,DECREASE,0.7747,0.7747,0.1187,0.1065,gradient_boosting
rice,APMC Palghar,2026-08-17,4850.0,4700.0,-1,-1,DECREASE,DECREASE,0.852,0.852,0.0798,0.0682,gradient_boosting
rice,APMC Palghar,2026-08-18,4500.0,4400.0,-1,-1,DECREASE,DECREASE,0.8503,0.8503,0.0951,0.0546,gradient_boosting
rice,APMC Palghar,2026-08-19,4800.0,4600.0,-1,-1,DECREASE,DECREASE,0.8255,0.8255,0.0993,0.0752,gradient_boosting
rice,APMC Palghar,2026-08-20,4700.0,4500.0,-1,-1,DECREASE,DECREASE,0.8444,0.8444,0.083,0.0726,gradient_boosting
rice,APMC Palghar,2026-08-21,4400.0,4700.0,1,-1,INCREASE,DECREASE,0.7543,0.7543,0.1861,0.0597,gradient_boosting
rice,APMC Palghar,2026-08-23,4600.0,4825.0,1,-1,INCREASE,DECREASE,0.7898,0.7898,0.1072,0.103,gradient_boosting
rice,APMC Palghar,2026-08-24,4500.0,4850.0,1,-1,INCREASE,DECREASE,0.7862,0.7862,0.0689,0.1449,gradient_boosting
rice,APMC Palghar,2026-08-25,4700.0,5151.0,1,-1,INCREASE,DECREASE,0.8585,0.8585,0.0458,0.0957,gradient_boosting
rice,APMC Palghar,2026-08-26,4825.0,5501.0,1,-1,INCREASE,DECREASE,0.6446,0.6446,0.0685,0.2869,gradient_boosting
rice,APMC Palghar,2026-08-27,4850.0,4400.0,-1,-1,DECREASE,DECREASE,0.7708,0.7708,0.0652,0.164,gradient_boosting
rice,APMC Palghar,2026-08-28,5151.0,4500.0,-1,-1,DECREASE,DECREASE,0.8599,0.8599,0.0418,0.0984,gradient_boosting
rice,APMC Palghar,2026-08-29,5501.0,4801.0,-1,-1,DECREASE,DECREASE,0.7992,0.7992,0.0582,0.1426,gradient_boosting
rice,APMC Palghar,2026-08-30,4400.0,4975.0,1,-1,INCREASE,DECREASE,0.8026,0.8026,0.0502,0.1472,gradient_boosting
rice,APMC Palghar,2026-08-31,4500.0,4600.0,1,-1,INCREASE,DECREASE,0.6501,0.6501,0.0466,0.3033,gradient_boosting
tomato,APMC Kamthi,2026-05-14,2770.0,3310.0,1,-1,INCREASE,DECREASE,0.5,0.5,0.2788,0.2212,random_forest
tomato,APMC Panvel,2026-05-14,4500.0,4500.0,0,-1,STABLE,DECREASE,0.7081,0.7081,0.1734,0.1184,random_forest
tomato,Pune(Manjri),2026-05-14,3500.0,2800.0,-1,-1,DECREASE,DECREASE,0.6644,0.6644,0.1841,0.1515,random_forest
tomato,Pune(Pimpri),2026-05-14,1850.0,2000.0,1,1,INCREASE,INCREASE,0.5998,0.1527,0.2475,0.5998,random_forest
tomato,Pune(Pimpri),2026-05-15,2000.0,2700.0,1,-1,INCREASE,DECREASE,0.39,0.39,0.3386,0.2715,random_forest
tomato,Pune(Manjri),2026-05-15,2500.0,3500.0,1,-1,INCREASE,DECREASE,0.362,0.362,0.2934,0.3445,random_forest
tomato,APMC Kamthi,2026-05-15,2770.0,3310.0,1,-1,INCREASE,DECREASE,0.4072,0.4072,0.3392,0.2536,random_forest
tomato,APMC Panvel,2026-05-15,4500.0,4500.0,0,-1,STABLE,DECREASE,0.6791,0.6791,0.206,0.1149,random_forest
tomato,APMC Kamthi,2026-05-16,3770.0,3270.0,-1,-1,DECREASE,DECREASE,0.7278,0.7278,0.1539,0.1183,random_forest
tomato,APMC Panvel,2026-05-16,4500.0,4500.0,0,-1,STABLE,DECREASE,0.6718,0.6718,0.203,0.1252,random_forest
tomato,Pune(Manjri),2026-05-16,2500.0,3000.0,1,1,INCREASE,INCREASE,0.4443,0.2757,0.2801,0.4443,random_forest
tomato,Pune(Pimpri),2026-05-16,2050.0,2700.0,1,1,INCREASE,INCREASE,0.3853,0.2379,0.3768,0.3853,random_forest
tomato,APMC Kamthi,2026-05-17,3310.0,3310.0,0,-1,STABLE,DECREASE,0.4155,0.4155,0.2949,0.2895,random_forest
tomato,Pune(Pimpri),2026-05-17,2000.0,2300.0,1,0,INCREASE,STABLE,0.3938,0.341,0.3938,0.2652,random_forest
tomato,Pune(Pimpri),2026-05-18,2700.0,2350.0,-1,-1,DECREASE,DECREASE,0.5026,0.5026,0.2451,0.2523,random_forest
tomato,Pune(Manjri),2026-05-18,2800.0,2500.0,-1,-1,DECREASE,DECREASE,0.4229,0.4229,0.2562,0.3208,random_forest
tomato,APMC Kamthi,2026-05-18,3310.0,3270.0,0,-1,STABLE,DECREASE,0.4756,0.4756,0.2695,0.2549,random_forest
tomato,APMC Panvel,2026-05-18,4500.0,4500.0,0,-1,STABLE,DECREASE,0.4964,0.4964,0.2931,0.2105,random_forest
tomato,APMC Kamthi,2026-05-19,3270.0,3270.0,0,0,STABLE,STABLE,0.3725,0.361,0.3725,0.2666,random_forest
tomato,APMC Panvel,2026-05-19,4500.0,4500.0,0,-1,STABLE,DECREASE,0.4415,0.4415,0.3039,0.2547,random_forest
tomato,Pune(Manjri),2026-05-19,3500.0,2500.0,-1,-1,DECREASE,DECREASE,0.6556,0.6556,0.1801,0.1642,random_forest
tomato,Pune(Pimpri),2026-05-19,2700.0,2300.0,-1,-1,DECREASE,DECREASE,0.3865,0.3865,0.3164,0.2971,random_forest
tomato,Pune(Pimpri),2026-05-20,2300.0,2350.0,0,1,STABLE,INCREASE,0.3986,0.316,0.2853,0.3986,random_forest
tomato,Pune(Manjri),2026-05-20,3000.0,2500.0,-1,-1,DECREASE,DECREASE,0.3802,0.3802,0.309,0.3108,random_forest
tomato,APMC Panvel,2026-05-20,4500.0,4500.0,0,-1,STABLE,DECREASE,0.4841,0.4841,0.3167,0.1992,random_forest
tomato,APMC Kamthi,2026-05-20,3310.0,3310.0,0,-1,STABLE,DECREASE,0.4299,0.4299,0.3268,0.2433,random_forest
tomato,APMC Kamthi,2026-05-21,3270.0,3310.0,0,-1,STABLE,DECREASE,0.4058,0.4058,0.3371,0.2571,random_forest
tomato,APMC Panvel,2026-05-21,4500.0,4780.0,1,-1,INCREASE,DECREASE,0.5266,0.5266,0.3052,0.1682,random_forest
tomato,Pune(Manjri),2026-05-21,2500.0,3000.0,1,1,INCREASE,INCREASE,0.4937,0.2102,0.2961,0.4937,random_forest
tomato,Pune(Pimpri),2026-05-21,2350.0,2300.0,0,0,STABLE,STABLE,0.41,0.3214,0.41,0.2686,random_forest
tomato,APMC Kamthi,2026-05-22,3270.0,3270.0,0,-1,STABLE,DECREASE,0.4272,0.4272,0.3188,0.254,random_forest
tomato,APMC Panvel,2026-05-22,4500.0,4500.0,0,-1,STABLE,DECREASE,0.5075,0.5075,0.2977,0.1948,random_forest
tomato,Pune(Manjri),2026-05-22,2500.0,3000.0,1,1,INCREASE,INCREASE,0.489,0.2234,0.2877,0.489,random_forest
tomato,Pune(Pimpri),2026-05-22,2300.0,2250.0,0,0,STABLE,STABLE,0.3695,0.3125,0.3695,0.3181,random_forest
tomato,APMC Kamthi,2026-05-23,3310.0,3270.0,0,-1,STABLE,DECREASE,0.3945,0.3945,0.2831,0.3224,random_forest
tomato,APMC Panvel,2026-05-23,4500.0,3500.0,-1,-1,DECREASE,DECREASE,0.51,0.51,0.2889,0.2012,random_forest
tomato,Pune(Manjri),2026-05-23,2500.0,2500.0,0,1,STABLE,INCREASE,0.4743,0.237,0.2887,0.4743,random_forest
tomato,Pune(Pimpri),2026-05-23,2350.0,2200.0,-1,0,DECREASE,STABLE,0.3663,0.338,0.3663,0.2957,random_forest
tomato,Pune(Pimpri),2026-05-24,2300.0,2100.0,-1,0,DECREASE,STABLE,0.3565,0.2934,0.3565,0.3501,random_forest
tomato,Pune(Manjri),2026-05-24,3000.0,3500.0,1,-1,INCREASE,DECREASE,0.5154,0.5154,0.2265,0.2581,random_forest
tomato,APMC Panvel,2026-05-24,4780.0,3500.0,-1,-1,DECREASE,DECREASE,0.6967,0.6967,0.1888,0.1145,random_forest
tomato,APMC Kamthi,2026-05-24,3310.0,3270.0,0,-1,STABLE,DECREASE,0.412,0.412,0.2846,0.3034,random_forest
tomato,APMC Kamthi,2026-05-25,3270.0,2770.0,-1,-1,DECREASE,DECREASE,0.3785,0.3785,0.3057,0.3158,random_forest
tomato,APMC Panvel,2026-05-25,4500.0,3500.0,-1,-1,DECREASE,DECREASE,0.4553,0.4553,0.3242,0.2205,random_forest
tomato,Pune(Manjri),2026-05-25,3000.0,3500.0,1,-1,INCREASE,DECREASE,0.4559,0.4559,0.2884,0.2557,random_forest
tomato,Pune(Pimpri),2026-05-25,2250.0,2000.0,-1,1,DECREASE,INCREASE,0.4242,0.2483,0.3276,0.4242,random_forest
tomato,APMC Kamthi,2026-05-26,3270.0,3310.0,0,-1,STABLE,DECREASE,0.3416,0.3416,0.3235,0.3349,random_forest
tomato,APMC Panvel,2026-05-26,3500.0,3500.0,0,1,STABLE,INCREASE,0.4632,0.2568,0.28,0.4632,random_forest
tomato,Pune(Manjri),2026-05-26,2500.0,3000.0,1,1,INCREASE,INCREASE,0.4693,0.2616,0.2692,0.4693,random_forest
tomato,Pune(Pimpri),2026-05-26,2200.0,2300.0,0,1,STABLE,INCREASE,0.3943,0.244,0.3616,0.3943,random_forest
tomato,APMC Kamthi,2026-05-27,3270.0,2770.0,-1,1,DECREASE,INCREASE,0.347,0.3343,0.3187,0.347,random_forest
tomato,APMC Panvel,2026-05-27,3500.0,4500.0,1,1,INCREASE,INCREASE,0.3414,0.3183,0.3403,0.3414,random_forest
tomato,Pune(Manjri),2026-05-27,3500.0,3000.0,-1,-1,DECREASE,DECREASE,0.6175,0.6175,0.2006,0.1819,random_forest
tomato,Pune(Pimpri),2026-05-27,2100.0,1900.0,-1,1,DECREASE,INCREASE,0.4337,0.2049,0.3614,0.4337,random_forest
tomato,Pune(Manjri),2026-05-28,3500.0,3500.0,0,-1,STABLE,DECREASE,0.4805,0.4805,0.2979,0.2216,random_forest
tomato,Pune(Pimpri),2026-05-28,2000.0,2250.0,1,1,INCREASE,INCREASE,0.4406,0.2237,0.3357,0.4406,random_forest
tomato,APMC Panvel,2026-05-28,3500.0,4500.0,1,1,INCREASE,INCREASE,0.3548,0.307,0.3382,0.3548,random_forest
tomato,APMC Kamthi,2026-05-29,2770.0,2770.0,0,1,STABLE,INCREASE,0.4943,0.1784,0.3272,0.4943,random_forest
tomato,APMC Panvel,2026-05-29,3500.0,4500.0,1,1,INCREASE,INCREASE,0.3792,0.3355,0.2853,0.3792,random_forest
tomato,Pune(Manjri),2026-05-29,3000.0,3500.0,1,-1,INCREASE,DECREASE,0.4325,0.4325,0.271,0.2965,random_forest
tomato,Pune(Pimpri),2026-05-29,2300.0,2600.0,1,-1,INCREASE,DECREASE,0.3779,0.3779,0.3603,0.2618,random_forest
tomato,Pune(Pimpri),2026-05-30,1900.0,2400.0,1,1,INCREASE,INCREASE,0.5858,0.1642,0.25,0.5858,random_forest
tomato,APMC Kamthi,2026-05-30,3310.0,2310.0,-1,-1,DECREASE,DECREASE,0.4831,0.4831,0.2765,0.2404,random_forest
tomato,APMC Panvel,2026-05-30,4500.0,4500.0,0,-1,STABLE,DECREASE,0.7185,0.7185,0.1321,0.1493,random_forest
tomato,Pune(Manjri),2026-05-30,3000.0,2500.0,-1,-1,DECREASE,DECREASE,0.3974,0.3974,0.3087,0.2938,random_forest
tomato,APMC Kamthi,2026-05-31,2770.0,2770.0,0,1,STABLE,INCREASE,0.5235,0.1886,0.2879,0.5235,random_forest
tomato,Pune(Manjri),2026-05-31,3500.0,2500.0,-1,-1,DECREASE,DECREASE,0.5232,0.5232,0.2725,0.2043,random_forest
tomato,Pune(Pimpri),2026-05-31,2250.0,2100.0,-1,-1,DECREASE,DECREASE,0.3832,0.3832,0.3537,0.2631,random_forest
tomato,Pune(Manjri),2026-06-01,3500.0,2500.0,-1,-1,DECREASE,DECREASE,0.4785,0.4785,0.2694,0.2521,random_forest
tomato,APMC Panvel,2026-06-01,4500.0,4500.0,0,-1,STABLE,DECREASE,0.518,0.518,0.2218,0.2602,random_forest
tomato,APMC Kamthi,2026-06-01,2770.0,2770.0,0,1,STABLE,INCREASE,0.4391,0.2623,0.2985,0.4391,random_forest
tomato,Pune(Pimpri),2026-06-02,2600.0,2300.0,-1,-1,DECREASE,DECREASE,0.4726,0.4726,0.311,0.2164,random_forest
tomato,Pune(Manjri),2026-06-02,2500.0,2500.0,0,1,STABLE,INCREASE,0.483,0.2446,0.2724,0.483,random_forest
tomato,APMC Kamthi,2026-06-02,2310.0,2770.0,1,1,INCREASE,INCREASE,0.569,0.1825,0.2485,0.569,random_forest
tomato,APMC Panvel,2026-06-02,4500.0,4500.0,0,-1,STABLE,DECREASE,0.6459,0.6459,0.1732,0.1809,random_forest
tomato,APMC Kamthi,2026-06-03,2770.0,2770.0,0,1,STABLE,INCREASE,0.3633,0.3356,0.3011,0.3633,random_forest
tomato,APMC Panvel,2026-06-03,4500.0,3500.0,-1,-1,DECREASE,DECREASE,0.5657,0.5657,0.238,0.1963,random_forest
tomato,Pune(Manjri),2026-06-03,2500.0,2500.0,0,1,STABLE,INCREASE,0.4773,0.2483,0.2744,0.4773,random_forest
tomato,Pune(Pimpri),2026-06-03,2400.0,2350.0,0,-1,STABLE,DECREASE,0.368,0.368,0.3027,0.3293,random_forest
tomato,Pune(Pimpri),2026-06-04,2100.0,2000.0,0,1,STABLE,INCREASE,0.4674,0.2225,0.3101,0.4674,random_forest
tomato,APMC Kamthi,2026-06-04,2770.0,5310.0,1,1,INCREASE,INCREASE,0.3687,0.3382,0.2931,0.3687,random_forest
tomato,APMC Panvel,2026-06-04,4500.0,4500.0,0,-1,STABLE,DECREASE,0.5396,0.5396,0.264,0.1964,random_forest
tomato,Pune(Manjri),2026-06-04,2500.0,2500.0,0,1,STABLE,INCREASE,0.4787,0.2371,0.2842,0.4787,random_forest
tomato,Pune(Manjri),2026-06-05,2500.0,2500.0,0,1,STABLE,INCREASE,0.4229,0.2932,0.2839,0.4229,random_forest
tomato,Pune(Pimpri),2026-06-05,2300.0,1600.0,-1,0,DECREASE,STABLE,0.3875,0.3758,0.3875,0.2367,random_forest
tomato,APMC Kamthi,2026-06-05,2770.0,4320.0,1,-1,INCREASE,DECREASE,0.4204,0.4204,0.2781,0.3015,random_forest
tomato,APMC Panvel,2026-06-05,4500.0,4500.0,0,-1,STABLE,DECREASE,0.5611,0.5611,0.248,0.191,random_forest
tomato,Pune(Manjri),2026-06-06,2500.0,4000.0,1,1,INCREASE,INCREASE,0.4114,0.3038,0.2848,0.4114,random_forest
tomato,Pune(Pimpri),2026-06-06,2350.0,2550.0,1,0,INCREASE,STABLE,0.3964,0.3023,0.3964,0.3012,random_forest
tomato,APMC Kamthi,2026-06-06,2770.0,4300.0,1,1,INCREASE,INCREASE,0.3891,0.3103,0.3007,0.3891,random_forest
tomato,APMC Panvel,2026-06-06,3500.0,4500.0,1,1,INCREASE,INCREASE,0.4736,0.2759,0.2506,0.4736,random_forest
tomato,APMC Kamthi,2026-06-07,5310.0,4770.0,-1,-1,DECREASE,DECREASE,0.8795,0.8795,0.0495,0.071,random_forest
tomato,APMC Panvel,2026-06-07,4500.0,5500.0,1,-1,INCREASE,DECREASE,0.5757,0.5757,0.1647,0.2596,random_forest
tomato,Pune(Manjri),2026-06-07,2500.0,4000.0,1,1,INCREASE,INCREASE,0.5116,0.2773,0.2111,0.5116,random_forest
tomato,Pune(Pimpri),2026-06-07,2000.0,2400.0,1,1,INCREASE,INCREASE,0.4539,0.2431,0.3029,0.4539,random_forest
tomato,APMC Kamthi,2026-06-08,4320.0,4770.0,1,-1,INCREASE,DECREASE,0.6295,0.6295,0.2221,0.1484,random_forest
tomato,APMC Panvel,2026-06-08,4500.0,5500.0,1,-1,INCREASE,DECREASE,0.5109,0.5109,0.2153,0.2738,random_forest
tomato,Pune(Manjri),2026-06-08,2500.0,2500.0,0,1,STABLE,INCREASE,0.4371,0.3078,0.2551,0.4371,random_forest
tomato,Pune(Pimpri),2026-06-08,1600.0,3500.0,1,1,INCREASE,INCREASE,0.7019,0.1277,0.1704,0.7019,random_forest
tomato,APMC Kamthi,2026-06-09,4300.0,4810.0,1,-1,INCREASE,DECREASE,0.5743,0.5743,0.2478,0.1778,random_forest
tomato,APMC Panvel,2026-06-09,4500.0,4500.0,0,-1,STABLE,DECREASE,0.5474,0.5474,0.2188,0.2338,random_forest
tomato,Pune(Manjri),2026-06-09,4000.0,2500.0,-1,-1,DECREASE,DECREASE,0.6796,0.6796,0.1645,0.1559,random_forest
tomato,Pune(Pimpri),2026-06-09,2550.0,3250.0,1,-1,INCREASE,DECREASE,0.4355,0.4355,0.2715,0.293,random_forest
tomato,Pune(Pimpri),2026-06-10,2400.0,2500.0,0,1,STABLE,INCREASE,0.4061,0.3079,0.2859,0.4061,random_forest
tomato,Pune(Manjri),2026-06-10,4000.0,2500.0,-1,-1,DECREASE,DECREASE,0.5517,0.5517,0.237,0.2113,random_forest
tomato,APMC Panvel,2026-06-10,5500.0,3250.0,-1,-1,DECREASE,DECREASE,0.6973,0.6973,0.1926,0.1102,random_forest
tomato,APMC Kamthi,2026-06-10,4770.0,4780.0,0,-1,STABLE,DECREASE,0.56,0.56,0.2847,0.1552,random_forest
tomato,APMC Kamthi,2026-06-11,4770.0,4310.0,-1,-1,DECREASE,DECREASE,0.4708,0.4708,0.3593,0.17,random_forest
tomato,APMC Panvel,2026-06-11,5500.0,4500.0,-1,-1,DECREASE,DECREASE,0.5437,0.5437,0.3296,0.1267,random_forest
tomato,Pune(Manjri),2026-06-11,2500.0,2500.0,0,1,STABLE,INCREASE,0.4634,0.3103,0.2264,0.4634,random_forest
tomato,Pune(Pimpri),2026-06-11,3500.0,2600.0,-1,-1,DECREASE,DECREASE,0.5859,0.5859,0.1983,0.2158,random_forest
tomato,APMC Kamthi,2026-06-12,4810.0,4300.0,-1,-1,DECREASE,DECREASE,0.4934,0.4934,0.3421,0.1645,random_forest
tomato,APMC Panvel,2026-06-12,4500.0,4500.0,0,-1,STABLE,DECREASE,0.3836,0.3836,0.3414,0.275,random_forest
tomato,Pune(Manjri),2026-06-12,2500.0,4000.0,1,1,INCREASE,INCREASE,0.4702,0.2987,0.2311,0.4702,random_forest
tomato,Pune(Pimpri),2026-06-12,3250.0,2500.0,-1,-1,DECREASE,DECREASE,0.4431,0.4431,0.3063,0.2506,random_forest
tomato,APMC Kamthi,2026-06-13,4780.0,4320.0,-1,-1,DECREASE,DECREASE,0.4594,0.4594,0.3754,0.1651,random_forest
tomato,APMC Panvel,2026-06-13,3250.0,4500.0,1,1,INCREASE,INCREASE,0.4593,0.2761,0.2646,0.4593,random_forest
tomato,Pune(Manjri),2026-06-13,2500.0,3500.0,1,1,INCREASE,INCREASE,0.4063,0.3356,0.2581,0.4063,random_forest
tomato,Pune(Pimpri),2026-06-13,2500.0,2300.0,-1,1,DECREASE,INCREASE,0.3625,0.3289,0.3085,0.3625,random_forest
tomato,Pune(Manjri),2026-06-14,2500.0,3000.0,1,1,INCREASE,INCREASE,0.4278,0.3433,0.2288,0.4278,random_forest
tomato,Pune(Pimpri),2026-06-14,2600.0,2500.0,0,0,STABLE,STABLE,0.368,0.3306,0.368,0.3014,random_forest
tomato,APMC Kamthi,2026-06-14,4310.0,4780.0,1,0,INCREASE,STABLE,0.367,0.2937,0.367,0.3393,random_forest
tomato,APMC Panvel,2026-06-14,4500.0,4500.0,0,-1,STABLE,DECREASE,0.4883,0.4883,0.2358,0.2759,random_forest
tomato,APMC Kamthi,2026-06-15,4300.0,4300.0,0,0,STABLE,STABLE,0.3945,0.3229,0.3945,0.2825,random_forest
tomato,APMC Panvel,2026-06-15,4500.0,4500.0,0,-1,STABLE,DECREASE,0.4237,0.4237,0.29,0.2863,random_forest
tomato,Pune(Manjri),2026-06-15,4000.0,3000.0,-1,-1,DECREASE,DECREASE,0.6779,0.6779,0.1566,0.1654,random_forest
tomato,Pune(Pimpri),2026-06-15,2500.0,2000.0,-1,1,DECREASE,INCREASE,0.4177,0.2772,0.3051,0.4177,random_forest
tomato,APMC Panvel,2026-06-16,4500.0,4500.0,0,-1,STABLE,DECREASE,0.5619,0.5619,0.2353,0.2029,random_forest
tomato,Pune(Manjri),2026-06-16,3500.0,3000.0,-1,-1,DECREASE,DECREASE,0.5175,0.5175,0.2417,0.2408,random_forest
tomato,Pune(Pimpri),2026-06-16,2300.0,2850.0,1,1,INCREASE,INCREASE,0.5463,0.2112,0.2425,0.5463,random_forest
tomato,Pune(Pimpri),2026-06-17,2500.0,2500.0,0,-1,STABLE,DECREASE,0.3619,0.3619,0.2815,0.3565,random_forest
tomato,Pune(Manjri),2026-06-17,3000.0,3000.0,0,-1,STABLE,DECREASE,0.3774,0.3774,0.2677,0.3548,random_forest
tomato,APMC Kamthi,2026-06-17,4320.0,3770.0,-1,0,DECREASE,STABLE,0.3898,0.3529,0.3898,0.2573,random_forest
tomato,APMC Panvel,2026-06-17,4500.0,3500.0,-1,-1,DECREASE,DECREASE,0.3856,0.3856,0.3185,0.2959,random_forest
tomato,APMC Kamthi,2026-06-18,4780.0,4310.0,-1,-1,DECREASE,DECREASE,0.6228,0.6228,0.2138,0.1633,random_forest
tomato,APMC Panvel,2026-06-18,4500.0,3750.0,-1,-1,DECREASE,DECREASE,0.3973,0.3973,0.3125,0.2902,random_forest
tomato,Pune(Manjri),2026-06-18,3000.0,2500.0,-1,-1,DECREASE,DECREASE,0.4109,0.4109,0.3283,0.2608,random_forest
tomato,Pune(Pimpri),2026-06-18,2000.0,1600.0,-1,1,DECREASE,INCREASE,0.6308,0.1359,0.2333,0.6308,random_forest
tomato,Pune(Pimpri),2026-06-19,2850.0,2500.0,-1,-1,DECREASE,DECREASE,0.4391,0.4391,0.2643,0.2965,random_forest
tomato,Pune(Manjri),2026-06-19,3000.0,2500.0,-1,-1,DECREASE,DECREASE,0.3838,0.3838,0.3212,0.295,random_forest
tomato,APMC Kamthi,2026-06-19,4300.0,4310.0,0,0,STABLE,STABLE,0.348,0.3399,0.348,0.3121,random_forest
tomato,APMC Panvel,2026-06-19,4500.0,4500.0,0,-1,STABLE,DECREASE,0.3899,0.3899,0.3053,0.3048,random_forest
tomato,APMC Kamthi,2026-06-20,3770.0,3770.0,0,1,STABLE,INCREASE,0.4177,0.2656,0.3167,0.4177,random_forest
tomato,APMC Panvel,2026-06-20,3500.0,4500.0,1,1,INCREASE,INCREASE,0.3844,0.2963,0.3192,0.3844,random_forest
tomato,Pune(Manjri),2026-06-20,3000.0,2500.0,-1,-1,DECREASE,DECREASE,0.4247,0.4247,0.3225,0.2528,random_forest
tomato,Pune(Pimpri),2026-06-20,2500.0,2400.0,0,1,STABLE,INCREASE,0.4262,0.271,0.3028,0.4262,random_forest
tomato,APMC Kamthi,2026-06-21,4310.0,3260.0,-1,-1,DECREASE,DECREASE,0.4905,0.4905,0.2812,0.2284,random_forest
tomato,APMC Panvel,2026-06-21,3750.0,3500.0,-1,-1,DECREASE,DECREASE,0.3948,0.3948,0.2279,0.3773,random_forest
tomato,Pune(Manjri),2026-06-21,2500.0,2000.0,-1,1,DECREASE,INCREASE,0.4881,0.2425,0.2693,0.4881,random_forest
tomato,Pune(Pimpri),2026-06-21,1600.0,3000.0,1,1,INCREASE,INCREASE,0.6523,0.1594,0.1883,0.6523,random_forest
tomato,APMC Kamthi,2026-06-22,4310.0,2770.0,-1,-1,DECREASE,DECREASE,0.4528,0.4528,0.2399,0.3074,random_forest
tomato,APMC Panvel,2026-06-22,4500.0,3500.0,-1,-1,DECREASE,DECREASE,0.5489,0.5489,0.198,0.253,random_forest
tomato,Pune(Manjri),2026-06-22,2500.0,2000.0,-1,1,DECREASE,INCREASE,0.5315,0.2332,0.2354,0.5315,random_forest
tomato,Pune(Pimpri),2026-06-22,2500.0,3000.0,1,1,INCREASE,INCREASE,0.3607,0.3565,0.2829,0.3607,random_forest
tomato,Pune(Pimpri),2026-06-23,2400.0,2000.0,-1,1,DECREASE,INCREASE,0.4047,0.3113,0.2841,0.4047,random_forest
tomato,APMC Panvel,2026-06-23,4500.0,3750.0,-1,-1,DECREASE,DECREASE,0.5555,0.5555,0.2409,0.2036,random_forest
tomato,APMC Kamthi,2026-06-23,3770.0,2770.0,-1,1,DECREASE,INCREASE,0.3907,0.3433,0.266,0.3907,random_forest
tomato,Pune(Manjri),2026-06-23,2500.0,1500.0,-1,1,DECREASE,INCREASE,0.5006,0.2413,0.2581,0.5006,random_forest
tomato,APMC Kamthi,2026-06-24,3260.0,2770.0,-1,1,DECREASE,INCREASE,0.4818,0.2069,0.3113,0.4818,random_forest
tomato,APMC Panvel,2026-06-24,3500.0,2750.0,-1,1,DECREASE,INCREASE,0.4657,0.2669,0.2673,0.4657,random_forest
tomato,Pune(Manjri),2026-06-24,2000.0,1500.0,-1,1,DECREASE,INCREASE,0.6262,0.1575,0.2163,0.6262,random_forest
tomato,Pune(Pimpri),2026-06-24,3000.0,2000.0,-1,-1,DECREASE,DECREASE,0.5822,0.5822,0.2327,0.1851,random_forest
tomato,APMC Kamthi,2026-06-25,2770.0,2310.0,-1,1,DECREASE,INCREASE,0.491,0.1998,0.3092,0.491,random_forest
tomato,APMC Panvel,2026-06-25,3500.0,3500.0,0,1,STABLE,INCREASE,0.4143,0.3031,0.2825,0.4143,random_forest
tomato,Pune(Manjri),2026-06-25,2000.0,1500.0,-1,1,DECREASE,INCREASE,0.5251,0.2193,0.2556,0.5251,random_forest
tomato,Pune(Pimpri),2026-06-26,3000.0,2250.0,-1,-1,DECREASE,DECREASE,0.4393,0.4393,0.3052,0.2556,random_forest
tomato,Pune(Manjri),2026-06-26,1500.0,2500.0,1,1,INCREASE,INCREASE,0.71,0.1311,0.1588,0.71,random_forest
tomato,APMC Kamthi,2026-06-26,2770.0,2290.0,-1,1,DECREASE,INCREASE,0.4583,0.2465,0.2953,0.4583,random_forest
tomato,APMC Panvel,2026-06-26,3750.0,3500.0,-1,-1,DECREASE,DECREASE,0.4001,0.4001,0.236,0.3639,random_forest
tomato,APMC Kamthi,2026-06-27,2770.0,2770.0,0,1,STABLE,INCREASE,0.4478,0.2458,0.3064,0.4478,random_forest
tomato,APMC Panvel,2026-06-27,2750.0,2750.0,0,1,STABLE,INCREASE,0.4983,0.2094,0.2923,0.4983,random_forest
tomato,Pune(Manjri),2026-06-27,1500.0,3000.0,1,1,INCREASE,INCREASE,0.5464,0.2144,0.2392,0.5464,random_forest
tomato,Pune(Pimpri),2026-06-27,2000.0,2000.0,0,1,STABLE,INCREASE,0.5663,0.1694,0.2644,0.5663,random_forest
tomato,Pune(Pimpri),2026-06-28,2000.0,2250.0,1,1,INCREASE,INCREASE,0.4237,0.2324,0.3439,0.4237,random_forest
tomato,Pune(Manjri),2026-06-28,1500.0,2500.0,1,1,INCREASE,INCREASE,0.5501,0.2159,0.234,0.5501,random_forest
tomato,APMC Kamthi,2026-06-28,2310.0,3270.0,1,1,INCREASE,INCREASE,0.505,0.1817,0.3133,0.505,random_forest
tomato,APMC Panvel,2026-06-28,3500.0,2750.0,-1,-1,DECREASE,DECREASE,0.4151,0.4151,0.2236,0.3613,random_forest
tomato,APMC Kamthi,2026-06-29,2290.0,3310.0,1,1,INCREASE,INCREASE,0.4831,0.226,0.2909,0.4831,random_forest
tomato,APMC Panvel,2026-06-29,3500.0,2750.0,-1,1,DECREASE,INCREASE,0.4179,0.296,0.2861,0.4179,random_forest
tomato,Pune(Manjri),2026-06-29,2500.0,2000.0,-1,-1,DECREASE,DECREASE,0.5792,0.5792,0.1921,0.2287,random_forest
tomato,APMC Kamthi,2026-06-30,2770.0,3260.0,1,1,INCREASE,INCREASE,0.426,0.3439,0.2301,0.426,random_forest
tomato,APMC Panvel,2026-06-30,2750.0,2650.0,0,1,STABLE,INCREASE,0.5147,0.211,0.2744,0.5147,random_forest
tomato,Pune(Manjri),2026-06-30,3000.0,2000.0,-1,-1,DECREASE,DECREASE,0.582,0.582,0.2548,0.1632,random_forest
tomato,Pune(Pimpri),2026-06-30,2250.0,2500.0,1,-1,INCREASE,DECREASE,0.391,0.391,0.3155,0.2935,random_forest
tomato,APMC Kamthi,2026-07-01,3270.0,3310.0,0,-1,STABLE,DECREASE,0.4936,0.4936,0.1761,0.3303,random_forest
tomato,APMC Panvel,2026-07-01,2750.0,4500.0,1,1,INCREASE,INCREASE,0.443,0.2518,0.3052,0.443,random_forest
tomato,Pune(Manjri),2026-07-01,2500.0,2000.0,-1,-1,DECREASE,DECREASE,0.4529,0.4529,0.2971,0.25,random_forest
tomato,Pune(Pimpri),2026-07-01,2000.0,2250.0,1,1,INCREASE,INCREASE,0.4788,0.2502,0.271,0.4788,random_forest
tomato,Pune(Pimpri),2026-07-02,2250.0,2000.0,-1,-1,DECREASE,DECREASE,0.3876,0.3876,0.3119,0.3005,random_forest
tomato,Pune(Manjri),2026-07-02,2000.0,3500.0,1,1,INCREASE,INCREASE,0.5291,0.1957,0.2752,0.5291,random_forest
tomato,APMC Panvel,2026-07-02,2750.0,4250.0,1,1,INCREASE,INCREASE,0.4298,0.2661,0.3041,0.4298,random_forest
tomato,APMC Kamthi,2026-07-02,3310.0,2810.0,-1,-1,DECREASE,DECREASE,0.5096,0.5096,0.2147,0.2757,random_forest
tomato,APMC Kamthi,2026-07-03,3260.0,2290.0,-1,-1,DECREASE,DECREASE,0.4309,0.4309,0.2556,0.3135,random_forest
tomato,APMC Panvel,2026-07-03,2650.0,3500.0,1,1,INCREASE,INCREASE,0.4687,0.2513,0.28,0.4687,random_forest
tomato,Pune(Manjri),2026-07-03,2000.0,3000.0,1,0,INCREASE,STABLE,0.378,0.26,0.378,0.3619,random_forest
tomato,Pune(Pimpri),2026-07-03,2500.0,1900.0,-1,-1,DECREASE,DECREASE,0.4084,0.4084,0.3253,0.2663,random_forest
tomato,APMC Kamthi,2026-07-04,3310.0,2770.0,-1,-1,DECREASE,DECREASE,0.4825,0.4825,0.2367,0.2808,random_forest
tomato,APMC Panvel,2026-07-04,4500.0,2750.0,-1,-1,DECREASE,DECREASE,0.8214,0.8214,0.0847,0.0939,random_forest
tomato,Pune(Manjri),2026-07-04,2000.0,2500.0,1,1,INCREASE,INCREASE,0.4098,0.2848,0.3054,0.4098,random_forest
tomato,Pune(Pimpri),2026-07-04,2250.0,2000.0,-1,1,DECREASE,INCREASE,0.3799,0.3382,0.2819,0.3799,random_forest
tomato,APMC Kamthi,2026-07-05,2810.0,2280.0,-1,1,DECREASE,INCREASE,0.402,0.2971,0.3009,0.402,random_forest
tomato,APMC Panvel,2026-07-05,4250.0,3500.0,-1,-1,DECREASE,DECREASE,0.5558,0.5558,0.2377,0.2065,random_forest
tomato,Pune(Manjri),2026-07-05,3500.0,3500.0,0,-1,STABLE,DECREASE,0.6772,0.6772,0.1812,0.1416,random_forest
tomato,Pune(Pimpri),2026-07-05,2000.0,2100.0,0,1,STABLE,INCREASE,0.4973,0.196,0.3067,0.4973,random_forest
tomato,APMC Panvel,2026-07-06,3500.0,3500.0,0,-1,STABLE,DECREASE,0.4007,0.4007,0.2295,0.3698,random_forest
tomato,Pune(Manjri),2026-07-06,3000.0,3000.0,0,-1,STABLE,DECREASE,0.4893,0.4893,0.2714,0.2393,random_forest
tomato,APMC Kamthi,2026-07-06,2290.0,2310.0,0,1,STABLE,INCREASE,0.5312,0.1957,0.2731,0.5312,random_forest
tomato,APMC Kamthi,2026-07-07,2770.0,2770.0,0,1,STABLE,INCREASE,0.4284,0.2794,0.2922,0.4284,random_forest
tomato,APMC Panvel,2026-07-07,2750.0,3500.0,1,1,INCREASE,INCREASE,0.5454,0.2034,0.2512,0.5454,random_forest
tomato,Pune(Manjri),2026-07-07,2500.0,3000.0,1,-1,INCREASE,DECREASE,0.387,0.387,0.2627,0.3503,random_forest
tomato,APMC Kamthi,2026-07-08,2280.0,3270.0,1,1,INCREASE,INCREASE,0.5463,0.1659,0.2878,0.5463,random_forest
tomato,APMC Panvel,2026-07-08,3500.0,3250.0,-1,-1,DECREASE,DECREASE,0.4277,0.4277,0.275,0.2973,random_forest
tomato,Pune(Manjri),2026-07-08,3500.0,2000.0,-1,-1,DECREASE,DECREASE,0.5225,0.5225,0.2591,0.2184,random_forest
tomato,Pune(Pimpri),2026-07-08,1900.0,2100.0,1,1,INCREASE,INCREASE,0.4663,0.22,0.3137,0.4663,random_forest
tomato,APMC Kamthi,2026-07-09,2310.0,3310.0,1,1,INCREASE,INCREASE,0.4158,0.2394,0.3449,0.4158,random_forest
tomato,APMC Panvel,2026-07-09,3500.0,3500.0,0,-1,STABLE,DECREASE,0.377,0.377,0.3331,0.2898,random_forest
tomato,Pune(Manjri),2026-07-09,3000.0,2000.0,-1,-1,DECREASE,DECREASE,0.3445,0.3445,0.3434,0.3121,random_forest
tomato,Pune(Pimpri),2026-07-09,2000.0,2000.0,0,1,STABLE,INCREASE,0.3475,0.347,0.3055,0.3475,random_forest
tomato,Pune(Manjri),2026-07-10,3000.0,2000.0,-1,-1,DECREASE,DECREASE,0.4736,0.4736,0.2946,0.2318,random_forest
tomato,APMC Panvel,2026-07-10,3500.0,3500.0,0,-1,STABLE,DECREASE,0.4534,0.4534,0.2522,0.2944,random_forest
tomato,APMC Kamthi,2026-07-10,2770.0,2770.0,0,1,STABLE,INCREASE,0.3688,0.3225,0.3087,0.3688,random_forest
tomato,Pune(Pimpri),2026-07-11,2100.0,2000.0,0,-1,STABLE,DECREASE,0.3824,0.3824,0.3287,0.2889,random_forest
tomato,Pune(Manjri),2026-07-11,2000.0,1500.0,-1,1,DECREASE,INCREASE,0.537,0.185,0.278,0.537,random_forest
tomato,APMC Panvel,2026-07-11,3250.0,2750.0,-1,1,DECREASE,INCREASE,0.417,0.2409,0.3421,0.417,random_forest
tomato,APMC Kamthi,2026-07-11,3270.0,2780.0,-1,-1,DECREASE,DECREASE,0.5242,0.5242,0.2156,0.2603,random_forest
tomato,APMC Kamthi,2026-07-12,3310.0,2770.0,-1,-1,DECREASE,DECREASE,0.5596,0.5596,0.2379,0.2025,random_forest
tomato,APMC Panvel,2026-07-12,3500.0,3500.0,0,-1,STABLE,DECREASE,0.3843,0.3843,0.2666,0.3492,random_forest
tomato,Pune(Manjri),2026-07-12,2000.0,1500.0,-1,1,DECREASE,INCREASE,0.5194,0.2141,0.2665,0.5194,random_forest
tomato,Pune(Pimpri),2026-07-12,2100.0,2050.0,0,0,STABLE,STABLE,0.3451,0.3229,0.3451,0.332,random_forest
tomato,APMC Kamthi,2026-07-13,2770.0,2770.0,0,1,STABLE,INCREASE,0.343,0.3367,0.3203,0.343,random_forest
tomato,APMC Panvel,2026-07-13,3500.0,2750.0,-1,-1,DECREASE,DECREASE,0.3779,0.3779,0.2584,0.3637,random_forest
tomato,Pune(Manjri),2026-07-13,2000.0,2000.0,0,1,STABLE,INCREASE,0.5378,0.2184,0.2438,0.5378,random_forest
tomato,APMC Panvel,2026-07-14,2750.0,3500.0,1,1,INCREASE,INCREASE,0.495,0.1918,0.3132,0.495,random_forest
tomato,Pune(Manjri),2026-07-14,1500.0,2500.0,1,1,INCREASE,INCREASE,0.6633,0.1426,0.1941,0.6633,random_forest
tomato,APMC Panvel,2026-07-15,3500.0,3250.0,-1,-1,DECREASE,DECREASE,0.5545,0.5545,0.2203,0.2252,random_forest
tomato,Pune(Manjri),2026-07-15,1500.0,2500.0,1,1,INCREASE,INCREASE,0.575,0.1925,0.2325,0.575,random_forest
tomato,Pune(Pimpri),2026-07-15,2000.0,2000.0,0,1,STABLE,INCREASE,0.3921,0.2494,0.3585,0.3921,random_forest
tomato,Pune(Pimpri),2026-07-16,2000.0,2000.0,0,0,STABLE,STABLE,0.4033,0.2338,0.4033,0.3629,random_forest
tomato,Pune(Manjri),2026-07-16,2000.0,1500.0,-1,-1,DECREASE,DECREASE,0.3638,0.3638,0.2871,0.3491,random_forest
tomato,APMC Panvel,2026-07-16,2750.0,3750.0,1,1,INCREASE,INCREASE,0.4941,0.1956,0.3104,0.4941,random_forest
tomato,APMC Kamthi,2026-07-16,2780.0,2310.0,-1,1,DECREASE,INCREASE,0.4233,0.219,0.3578,0.4233,random_forest
tomato,APMC Kamthi,2026-07-17,2770.0,2280.0,-1,0,DECREASE,STABLE,0.3867,0.2698,0.3867,0.3436,random_forest
tomato,APMC Panvel,2026-07-17,3500.0,3500.0,0,-1,STABLE,DECREASE,0.5183,0.5183,0.2167,0.265,random_forest
tomato,Pune(Manjri),2026-07-17,2500.0,2000.0,-1,-1,DECREASE,DECREASE,0.5173,0.5173,0.2248,0.258,random_forest
tomato,Pune(Pimpri),2026-07-17,2050.0,2200.0,1,0,INCREASE,STABLE,0.4107,0.2672,0.4107,0.3221,random_forest
tomato,APMC Kamthi,2026-07-18,2770.0,2310.0,-1,0,DECREASE,STABLE,0.3753,0.3035,0.3753,0.3212,random_forest
tomato,APMC Panvel,2026-07-18,3250.0,2750.0,-1,1,DECREASE,INCREASE,0.4655,0.2565,0.278,0.4655,random_forest
tomato,Pune(Manjri),2026-07-18,2500.0,1500.0,-1,-1,DECREASE,DECREASE,0.471,0.471,0.3001,0.2289,random_forest
tomato,Pune(Pimpri),2026-07-18,2000.0,2000.0,0,0,STABLE,STABLE,0.4204,0.3018,0.4204,0.2778,random_forest
tomato,APMC Kamthi,2026-07-19,2310.0,1920.0,-1,1,DECREASE,INCREASE,0.513,0.1817,0.3053,0.513,random_forest
tomato,APMC Panvel,2026-07-19,3750.0,3250.0,-1,-1,DECREASE,DECREASE,0.6698,0.6698,0.1575,0.1727,random_forest
tomato,Pune(Pimpri),2026-07-19,2000.0,2000.0,0,0,STABLE,STABLE,0.4529,0.2357,0.4529,0.3114,random_forest
tomato,Pune(Manjri),2026-07-19,1500.0,1500.0,0,1,STABLE,INCREASE,0.6519,0.1332,0.2149,0.6519,random_forest
tomato,Pune(Pimpri),2026-07-20,2200.0,2150.0,0,-1,STABLE,DECREASE,0.4336,0.4336,0.3432,0.2232,random_forest
tomato,APMC Panvel,2026-07-20,3500.0,3500.0,0,-1,STABLE,DECREASE,0.3495,0.3495,0.3077,0.3428,random_forest
tomato,Pune(Manjri),2026-07-20,2000.0,1500.0,-1,1,DECREASE,INCREASE,0.3527,0.3418,0.3055,0.3527,random_forest
tomato,APMC Kamthi,2026-07-21,2280.0,1920.0,-1,1,DECREASE,INCREASE,0.4701,0.1817,0.3483,0.4701,random_forest
tomato,APMC Panvel,2026-07-21,2750.0,2750.0,0,1,STABLE,INCREASE,0.5264,0.1767,0.2969,0.5264,random_forest
tomato,Pune(Manjri),2026-07-21,1500.0,1500.0,0,1,STABLE,INCREASE,0.5504,0.1907,0.2589,0.5504,random_forest
tomato,Pune(Pimpri),2026-07-21,2000.0,2000.0,0,1,STABLE,INCREASE,0.4079,0.2075,0.3847,0.4079,random_forest
tomato,APMC Kamthi,2026-07-22,2310.0,1920.0,-1,1,DECREASE,INCREASE,0.449,0.1953,0.3557,0.449,random_forest
tomato,APMC Panvel,2026-07-22,3250.0,2750.0,-1,1,DECREASE,INCREASE,0.3666,0.3089,0.3245,0.3666,random_forest
tomato,Pune(Manjri),2026-07-22,1500.0,1500.0,0,1,STABLE,INCREASE,0.4298,0.2413,0.3289,0.4298,random_forest
tomato,Pune(Pimpri),2026-07-22,2000.0,2000.0,0,0,STABLE,STABLE,0.448,0.2325,0.448,0.3195,random_forest
tomato,Pune(Pimpri),2026-07-23,2150.0,2000.0,-1,0,DECREASE,STABLE,0.4302,0.3611,0.4302,0.2087,random_forest
tomato,Pune(Manjri),2026-07-23,1500.0,2000.0,1,1,INCREASE,INCREASE,0.5143,0.2156,0.2701,0.5143,random_forest
tomato,APMC Panvel,2026-07-23,3500.0,2750.0,-1,-1,DECREASE,DECREASE,0.5383,0.5383,0.2294,0.2323,random_forest
tomato,APMC Kamthi,2026-07-23,1920.0,2280.0,1,1,INCREASE,INCREASE,0.5557,0.1717,0.2725,0.5557,random_forest
tomato,APMC Kamthi,2026-07-24,1920.0,2310.0,1,1,INCREASE,INCREASE,0.4656,0.2114,0.3229,0.4656,random_forest
tomato,APMC Panvel,2026-07-24,2750.0,2750.0,0,1,STABLE,INCREASE,0.4828,0.2173,0.2998,0.4828,random_forest
tomato,Pune(Manjri),2026-07-24,1500.0,1500.0,0,1,STABLE,INCREASE,0.5154,0.241,0.2435,0.5154,random_forest
tomato,APMC Kamthi,2026-07-25,1920.0,2310.0,1,1,INCREASE,INCREASE,0.4601,0.2303,0.3096,0.4601,random_forest
tomato,APMC Panvel,2026-07-25,2750.0,3750.0,1,1,INCREASE,INCREASE,0.4505,0.2144,0.335,0.4505,random_forest
tomato,Pune(Manjri),2026-07-25,1500.0,1500.0,0,1,STABLE,INCREASE,0.5123,0.217,0.2707,0.5123,random_forest
tomato,Pune(Pimpri),2026-07-25,2000.0,2000.0,0,0,STABLE,STABLE,0.4533,0.212,0.4533,0.3347,random_forest
tomato,Pune(Manjri),2026-07-26,2000.0,1800.0,-1,-1,DECREASE,DECREASE,0.5387,0.5387,0.2465,0.2148,random_forest
tomato,Pune(Pimpri),2026-07-26,2000.0,2000.0,0,0,STABLE,STABLE,0.4612,0.2418,0.4612,0.2969,random_forest
tomato,APMC Kamthi,2026-07-26,2280.0,2310.0,0,-1,STABLE,DECREASE,0.4401,0.4401,0.2877,0.2722,random_forest
tomato,APMC Panvel,2026-07-26,2750.0,3100.0,1,1,INCREASE,INCREASE,0.4565,0.253,0.2905,0.4565,random_forest
tomato,APMC Panvel,2026-07-27,2750.0,2750.0,0,1,STABLE,INCREASE,0.4247,0.2591,0.3162,0.4247,random_forest
tomato,Pune(Manjri),2026-07-27,1500.0,1800.0,1,1,INCREASE,INCREASE,0.5586,0.1978,0.2437,0.5586,random_forest
tomato,APMC Kamthi,2026-07-27,2310.0,2310.0,0,-1,STABLE,DECREASE,0.3785,0.3785,0.3333,0.2882,random_forest
tomato,Pune(Pimpri),2026-07-28,2000.0,2000.0,0,0,STABLE,STABLE,0.4573,0.2313,0.4573,0.3114,random_forest
tomato,Pune(Manjri),2026-07-28,1500.0,1200.0,-1,1,DECREASE,INCREASE,0.4387,0.2214,0.3398,0.4387,random_forest
tomato,APMC Kamthi,2026-07-28,2310.0,1770.0,-1,-1,DECREASE,DECREASE,0.3647,0.3647,0.3396,0.2957,random_forest
tomato,APMC Panvel,2026-07-28,3750.0,2500.0,-1,-1,DECREASE,DECREASE,0.764,0.764,0.1234,0.1127,random_forest
tomato,Pune(Pimpri),2026-07-29,2000.0,2100.0,0,0,STABLE,STABLE,0.4388,0.2415,0.4388,0.3198,random_forest
tomato,Pune(Manjri),2026-07-29,1800.0,2000.0,1,-1,INCREASE,DECREASE,0.4271,0.4271,0.34,0.2329,random_forest
tomato,APMC Kamthi,2026-07-29,2310.0,2310.0,0,0,STABLE,STABLE,0.3958,0.2808,0.3958,0.3234,random_forest
tomato,APMC Panvel,2026-07-29,3100.0,2750.0,-1,1,DECREASE,INCREASE,0.4095,0.3302,0.2603,0.4095,random_forest
tomato,APMC Kamthi,2026-07-30,2310.0,2310.0,0,0,STABLE,STABLE,0.4146,0.3417,0.4146,0.2436,random_forest
tomato,APMC Panvel,2026-07-30,2750.0,2750.0,0,1,STABLE,INCREASE,0.4394,0.2455,0.3152,0.4394,random_forest
tomato,Pune(Manjri),2026-07-30,1800.0,2000.0,1,-1,INCREASE,DECREASE,0.3607,0.3607,0.3411,0.2982,random_forest
tomato,Pune(Pimpri),2026-07-30,2000.0,1750.0,-1,0,DECREASE,STABLE,0.453,0.2441,0.453,0.3029,random_forest
tomato,APMC Kamthi,2026-07-31,1770.0,2290.0,1,1,INCREASE,INCREASE,0.556,0.1524,0.2915,0.556,random_forest
tomato,APMC Panvel,2026-07-31,2500.0,3500.0,1,1,INCREASE,INCREASE,0.5294,0.1982,0.2725,0.5294,random_forest
tomato,Pune(Manjri),2026-07-31,1200.0,2000.0,1,1,INCREASE,INCREASE,0.6469,0.1747,0.1785,0.6469,random_forest
tomato,APMC Kamthi,2026-08-01,2310.0,2290.0,0,0,STABLE,STABLE,0.3848,0.3735,0.3848,0.2418,random_forest
tomato,APMC Panvel,2026-08-01,2750.0,2750.0,0,1,STABLE,INCREASE,0.4042,0.3078,0.288,0.4042,random_forest
tomato,Pune(Manjri),2026-08-01,2000.0,2000.0,0,-1,STABLE,DECREASE,0.4944,0.4944,0.2727,0.2328,random_forest
tomato,Pune(Pimpri),2026-08-01,2000.0,1500.0,-1,0,DECREASE,STABLE,0.4592,0.2369,0.4592,0.3038,random_forest
tomato,Pune(Manjri),2026-08-02,2000.0,1500.0,-1,-1,DECREASE,DECREASE,0.3717,0.3717,0.3575,0.2708,random_forest
tomato,Pune(Pimpri),2026-08-02,2100.0,1500.0,-1,0,DECREASE,STABLE,0.3896,0.3543,0.3896,0.2561,random_forest
tomato,APMC Kamthi,2026-08-02,2310.0,2280.0,0,0,STABLE,STABLE,0.4275,0.272,0.4275,0.3005,random_forest
tomato,APMC Panvel,2026-08-02,2750.0,3500.0,1,1,INCREASE,INCREASE,0.4153,0.2722,0.3125,0.4153,random_forest
tomato,APMC Kamthi,2026-08-03,2290.0,2310.0,0,0,STABLE,STABLE,0.3677,0.3478,0.3677,0.2845,random_forest
tomato,APMC Panvel,2026-08-03,3500.0,4500.0,1,-1,INCREASE,DECREASE,0.5961,0.5961,0.2017,0.2022,random_forest
tomato,Pune(Manjri),2026-08-03,2000.0,1000.0,-1,-1,DECREASE,DECREASE,0.3681,0.3681,0.3143,0.3176,random_forest
tomato,APMC Kamthi,2026-08-04,2290.0,2310.0,0,0,STABLE,STABLE,0.4467,0.2574,0.4467,0.2958,random_forest
tomato,APMC Panvel,2026-08-04,2750.0,2750.0,0,1,STABLE,INCREASE,0.4538,0.2252,0.321,0.4538,random_forest
tomato,Pune(Manjri),2026-08-04,2000.0,1200.0,-1,0,DECREASE,STABLE,0.4036,0.344,0.4036,0.2524,random_forest
tomato,Pune(Pimpri),2026-08-05,1750.0,1500.0,-1,1,DECREASE,INCREASE,0.5431,0.1674,0.2895,0.5431,random_forest
tomato,Pune(Manjri),2026-08-05,1500.0,1500.0,0,1,STABLE,INCREASE,0.5825,0.1653,0.2522,0.5825,random_forest
tomato,APMC Kamthi,2026-08-05,2280.0,2310.0,0,0,STABLE,STABLE,0.4542,0.2415,0.4542,0.3043,random_forest
tomato,APMC Panvel,2026-08-05,3500.0,3250.0,-1,-1,DECREASE,DECREASE,0.6014,0.6014,0.2275,0.1711,random_forest
tomato,APMC Kamthi,2026-08-06,2310.0,2290.0,0,0,STABLE,STABLE,0.4434,0.2841,0.4434,0.2725,random_forest
tomato,APMC Panvel,2026-08-06,4500.0,3750.0,-1,-1,DECREASE,DECREASE,0.7923,0.7923,0.1161,0.0915,random_forest
tomato,Pune(Pimpri),2026-08-06,1500.0,1500.0,0,1,STABLE,INCREASE,0.5909,0.1593,0.2498,0.5909,random_forest
tomato,Pune(Manjri),2026-08-06,1000.0,1500.0,1,1,INCREASE,INCREASE,0.7501,0.1055,0.1444,0.7501,random_forest
tomato,Pune(Manjri),2026-08-07,1200.0,1200.0,0,1,STABLE,INCREASE,0.4084,0.3097,0.2819,0.4084,random_forest
tomato,Pune(Pimpri),2026-08-07,1500.0,1500.0,0,1,STABLE,INCREASE,0.4597,0.1834,0.3569,0.4597,random_forest
tomato,APMC Panvel,2026-08-07,2750.0,3500.0,1,1,INCREASE,INCREASE,0.3791,0.3155,0.3054,0.3791,random_forest
tomato,APMC Kamthi,2026-08-07,2310.0,2290.0,0,0,STABLE,STABLE,0.4919,0.2759,0.4919,0.2322,random_forest
tomato,APMC Kamthi,2026-08-08,2310.0,2310.0,0,0,STABLE,STABLE,0.491,0.2464,0.491,0.2626,random_forest
tomato,APMC Panvel,2026-08-08,3250.0,2750.0,-1,-1,DECREASE,DECREASE,0.4421,0.4421,0.2688,0.2891,random_forest
tomato,Pune(Manjri),2026-08-08,1500.0,1500.0,0,1,STABLE,INCREASE,0.4465,0.2944,0.2591,0.4465,random_forest
tomato,APMC Kamthi,2026-08-09,2290.0,2280.0,0,0,STABLE,STABLE,0.4911,0.2107,0.4911,0.2982,random_forest
tomato,APMC Panvel,2026-08-09,3750.0,3500.0,-1,-1,DECREASE,DECREASE,0.6316,0.6316,0.236,0.1324,random_forest
tomato,Pune(Manjri),2026-08-09,1500.0,1500.0,0,1,STABLE,INCREASE,0.4237,0.2765,0.2998,0.4237,random_forest
tomato,Pune(Pimpri),2026-08-09,1500.0,1350.0,-1,1,DECREASE,INCREASE,0.4685,0.2258,0.3057,0.4685,random_forest
tomato,Pune(Pimpri),2026-08-10,1500.0,1250.0,-1,1,DECREASE,INCREASE,0.4319,0.2338,0.3342,0.4319,random_forest
tomato,Pune(Manjri),2026-08-10,1200.0,1500.0,1,1,INCREASE,INCREASE,0.6321,0.1732,0.1946,0.6321,random_forest
tomato,APMC Panvel,2026-08-10,3500.0,2750.0,-1,-1,DECREASE,DECREASE,0.552,0.552,0.2518,0.1962,random_forest
tomato,APMC Kamthi,2026-08-10,2290.0,2310.0,0,0,STABLE,STABLE,0.4922,0.2131,0.4922,0.2946,random_forest
tomato,APMC Kamthi,2026-08-11,2310.0,2310.0,0,0,STABLE,STABLE,0.4947,0.206,0.4947,0.2994,random_forest
tomato,APMC Panvel,2026-08-11,2750.0,2750.0,0,1,STABLE,INCREASE,0.5152,0.1928,0.2919,0.5152,random_forest
tomato,Pune(Manjri),2026-08-11,1500.0,1500.0,0,1,STABLE,INCREASE,0.4388,0.2777,0.2835,0.4388,random_forest
tomato,APMC Kamthi,2026-08-12,2280.0,2280.0,0,0,STABLE,STABLE,0.4889,0.2082,0.4889,0.303,random_forest
tomato,APMC Panvel,2026-08-12,3500.0,3500.0,0,-1,STABLE,DECREASE,0.5514,0.5514,0.2258,0.2229,random_forest
tomato,Pune(Manjri),2026-08-12,1500.0,2000.0,1,1,INCREASE,INCREASE,0.413,0.2187,0.3683,0.413,random_forest
tomato,Pune(Pimpri),2026-08-12,1500.0,1350.0,-1,1,DECREASE,INCREASE,0.4354,0.2116,0.353,0.4354,random_forest
tomato,Pune(Manjri),2026-08-13,1500.0,2000.0,1,0,INCREASE,STABLE,0.4003,0.3075,0.4003,0.2922,random_forest
tomato,Pune(Pimpri),2026-08-13,1350.0,1350.0,0,1,STABLE,INCREASE,0.5974,0.1677,0.2349,0.5974,random_forest
tomato,APMC Kamthi,2026-08-13,2310.0,2290.0,0,0,STABLE,STABLE,0.4938,0.2036,0.4938,0.3026,random_forest
tomato,APMC Panvel,2026-08-13,2750.0,2750.0,0,1,STABLE,INCREASE,0.4947,0.1875,0.3178,0.4947,random_forest
tomato,Pune(Manjri),2026-08-14,1500.0,1500.0,0,0,STABLE,STABLE,0.4258,0.2785,0.4258,0.2957,random_forest
tomato,Pune(Pimpri),2026-08-14,1250.0,1800.0,1,1,INCREASE,INCREASE,0.5839,0.1785,0.2375,0.5839,random_forest
tomato,APMC Kamthi,2026-08-14,2310.0,2770.0,1,0,INCREASE,STABLE,0.5038,0.1999,0.5038,0.2962,random_forest
tomato,APMC Panvel,2026-08-14,2750.0,3500.0,1,1,INCREASE,INCREASE,0.3828,0.2897,0.3275,0.3828,random_forest
tomato,Pune(Pimpri),2026-08-15,1350.0,1450.0,1,0,INCREASE,STABLE,0.4058,0.2613,0.4058,0.3328,random_forest
tomato,Pune(Pimpri),2026-08-16,1350.0,1200.0,-1,1,DECREASE,INCREASE,0.4184,0.2372,0.3444,0.4184,random_forest
tomato,Pune(Manjri),2026-08-16,2000.0,1500.0,-1,-1,DECREASE,DECREASE,0.5303,0.5303,0.2654,0.2042,random_forest
tomato,APMC Kamthi,2026-08-16,2280.0,2290.0,0,0,STABLE,STABLE,0.4874,0.1978,0.4874,0.3148,random_forest
tomato,APMC Panvel,2026-08-16,3500.0,3500.0,0,-1,STABLE,DECREASE,0.6085,0.6085,0.19,0.2015,random_forest
tomato,APMC Kamthi,2026-08-17,2290.0,2270.0,0,0,STABLE,STABLE,0.4907,0.19,0.4907,0.3193,random_forest
tomato,APMC Panvel,2026-08-17,2750.0,3500.0,1,1,INCREASE,INCREASE,0.4458,0.2583,0.2959,0.4458,random_forest
tomato,Pune(Manjri),2026-08-17,2000.0,1000.0,-1,0,DECREASE,STABLE,0.4032,0.3954,0.4032,0.2014,random_forest
tomato,Pune(Pimpri),2026-08-17,1800.0,1000.0,-1,-1,DECREASE,DECREASE,0.4631,0.4631,0.3112,0.2257,random_forest
tomato,APMC Kamthi,2026-08-18,2770.0,2310.0,-1,-1,DECREASE,DECREASE,0.5403,0.5403,0.2541,0.2056,random_forest
tomato,APMC Panvel,2026-08-18,3500.0,1750.0,-1,-1,DECREASE,DECREASE,0.6153,0.6153,0.2028,0.182,random_forest
tomato,Pune(Manjri),2026-08-18,1500.0,1000.0,-1,1,DECREASE,INCREASE,0.3884,0.2629,0.3487,0.3884,random_forest
tomato,Pune(Pimpri),2026-08-18,1450.0,1350.0,-1,1,DECREASE,INCREASE,0.388,0.2757,0.3363,0.388,random_forest
tomato,Pune(Manjri),2026-08-19,1500.0,1000.0,-1,1,DECREASE,INCREASE,0.4249,0.1998,0.3753,0.4249,random_forest
tomato,Pune(Pimpri),2026-08-19,1200.0,1350.0,1,1,INCREASE,INCREASE,0.6405,0.1491,0.2104,0.6405,random_forest
tomato,APMC Kamthi,2026-08-19,2290.0,2770.0,1,0,INCREASE,STABLE,0.4192,0.2625,0.4192,0.3184,random_forest
tomato,APMC Panvel,2026-08-19,3500.0,2750.0,-1,-1,DECREASE,DECREASE,0.5543,0.5543,0.2629,0.1828,random_forest
tomato,APMC Kamthi,2026-08-20,2270.0,2290.0,0,0,STABLE,STABLE,0.4775,0.2468,0.4775,0.2757,random_forest
tomato,APMC Panvel,2026-08-20,3500.0,2750.0,-1,-1,DECREASE,DECREASE,0.586,0.586,0.2218,0.1922,random_forest
tomato,Pune(Manjri),2026-08-20,1000.0,1000.0,0,1,STABLE,INCREASE,0.7037,0.1239,0.1723,0.7037,random_forest
tomato,Pune(Pimpri),2026-08-20,1000.0,1500.0,1,1,INCREASE,INCREASE,0.6393,0.1333,0.2273,0.6393,random_forest
tomato,APMC Kamthi,2026-08-21,2310.0,2310.0,0,0,STABLE,STABLE,0.4857,0.1932,0.4857,0.3211,random_forest
tomato,APMC Panvel,2026-08-21,1750.0,2750.0,1,1,INCREASE,INCREASE,0.5949,0.1579,0.2471,0.5949,random_forest
tomato,Pune(Manjri),2026-08-21,1000.0,1000.0,0,1,STABLE,INCREASE,0.5509,0.168,0.281,0.5509,random_forest
tomato,Pune(Pimpri),2026-08-21,1350.0,1200.0,-1,0,DECREASE,STABLE,0.4262,0.3392,0.4262,0.2346,random_forest
tomato,Pune(Pimpri),2026-08-22,1350.0,1200.0,-1,0,DECREASE,STABLE,0.3823,0.2821,0.3823,0.3356,random_forest
tomato,APMC Kamthi,2026-08-22,2770.0,1800.0,-1,-1,DECREASE,DECREASE,0.5251,0.5251,0.2871,0.1878,random_forest
tomato,APMC Panvel,2026-08-22,2750.0,2250.0,-1,1,DECREASE,INCREASE,0.3852,0.3057,0.3091,0.3852,random_forest
tomato,Pune(Manjri),2026-08-22,1000.0,1000.0,0,1,STABLE,INCREASE,0.6253,0.1571,0.2176,0.6253,random_forest
tomato,Pune(Pimpri),2026-08-23,1500.0,1200.0,-1,-1,DECREASE,DECREASE,0.4581,0.4581,0.3317,0.2103,random_forest
tomato,APMC Kamthi,2026-08-23,2290.0,2450.0,1,0,INCREASE,STABLE,0.408,0.2575,0.408,0.3345,random_forest
tomato,Pune(Manjri),2026-08-23,1000.0,1000.0,0,1,STABLE,INCREASE,0.5134,0.2087,0.2779,0.5134,random_forest
tomato,APMC Kamthi,2026-08-24,2310.0,2400.0,0,0,STABLE,STABLE,0.4975,0.2389,0.4975,0.2636,random_forest
tomato,APMC Panvel,2026-08-24,2750.0,2750.0,0,1,STABLE,INCREASE,0.3776,0.2675,0.3549,0.3776,random_forest
tomato,Pune(Manjri),2026-08-24,1000.0,1000.0,0,1,STABLE,INCREASE,0.5472,0.1976,0.2552,0.5472,random_forest
tomato,Pune(Pimpri),2026-08-24,1200.0,1100.0,-1,1,DECREASE,INCREASE,0.654,0.1354,0.2105,0.654,random_forest
tomato,APMC Kamthi,2026-08-25,1800.0,2450.0,1,1,INCREASE,INCREASE,0.5642,0.1511,0.2847,0.5642,random_forest
tomato,APMC Panvel,2026-08-25,2750.0,2750.0,0,-1,STABLE,DECREASE,0.4253,0.4253,0.2819,0.2927,random_forest
tomato,Pune(Manjri),2026-08-25,1000.0,1000.0,0,1,STABLE,INCREASE,0.521,0.1943,0.2847,0.521,random_forest
tomato,Pune(Manjri),2026-08-26,1000.0,1500.0,1,1,INCREASE,INCREASE,0.5393,0.1924,0.2683,0.5393,random_forest
tomato,APMC Kamthi,2026-08-26,2450.0,2350.0,0,-1,STABLE,DECREASE,0.483,0.483,0.3307,0.1863,random_forest
tomato,APMC Panvel,2026-08-26,2250.0,3500.0,1,1,INCREASE,INCREASE,0.5589,0.1705,0.2706,0.5589,random_forest
tomato,Pune(Pimpri),2026-08-26,1200.0,1100.0,-1,1,DECREASE,INCREASE,0.4413,0.2079,0.3508,0.4413,random_forest
tomato,Pune(Pimpri),2026-08-27,1200.0,1300.0,1,1,INCREASE,INCREASE,0.4519,0.1734,0.3748,0.4519,random_forest
tomato,Pune(Manjri),2026-08-27,1000.0,1500.0,1,1,INCREASE,INCREASE,0.4271,0.1973,0.3757,0.4271,random_forest
tomato,APMC Kamthi,2026-08-27,2400.0,2350.0,0,0,STABLE,STABLE,0.4393,0.3345,0.4393,0.2262,random_forest
tomato,APMC Panvel,2026-08-27,2750.0,2500.0,-1,0,DECREASE,STABLE,0.3537,0.3041,0.3537,0.3421,random_forest
tomato,Pune(Pimpri),2026-08-28,1100.0,1350.0,1,0,INCREASE,STABLE,0.4135,0.2224,0.4135,0.3641,random_forest
tomato,APMC Kamthi,2026-08-28,2450.0,2350.0,0,-1,STABLE,DECREASE,0.4001,0.4001,0.3951,0.2048,random_forest
tomato,APMC Panvel,2026-08-28,2750.0,2750.0,0,0,STABLE,STABLE,0.373,0.282,0.373,0.3451,random_forest
tomato,Pune(Manjri),2026-08-28,1000.0,1000.0,0,1,STABLE,INCREASE,0.4173,0.2005,0.3822,0.4173,random_forest
tomato,Pune(Manjri),2026-08-29,1500.0,1500.0,0,-1,STABLE,DECREASE,0.4242,0.4242,0.2714,0.3044,random_forest
tomato,Pune(Pimpri),2026-08-29,1100.0,1100.0,0,1,STABLE,INCREASE,0.5149,0.1788,0.3063,0.5149,random_forest
tomato,APMC Kamthi,2026-08-29,2350.0,2350.0,0,0,STABLE,STABLE,0.4265,0.2386,0.4265,0.3349,random_forest
tomato,APMC Panvel,2026-08-29,3500.0,3250.0,-1,-1,DECREASE,DECREASE,0.7452,0.7452,0.1415,0.1134,random_forest
tomato,Pune(Manjri),2026-08-30,1500.0,1500.0,0,0,STABLE,STABLE,0.4188,0.3058,0.4188,0.2754,random_forest
tomato,Pune(Pimpri),2026-08-30,1300.0,1100.0,-1,0,DECREASE,STABLE,0.3525,0.343,0.3525,0.3045,random_forest
tomato,APMC Kamthi,2026-08-30,2350.0,2350.0,0,0,STABLE,STABLE,0.5191,0.2421,0.5191,0.2387,random_forest
tomato,APMC Panvel,2026-08-30,2500.0,2750.0,1,1,INCREASE,INCREASE,0.4939,0.2139,0.2923,0.4939,random_forest
tomato,Pune(Pimpri),2026-08-31,1350.0,1400.0,0,0,STABLE,STABLE,0.3947,0.2776,0.3947,0.3277,random_forest
tomato,APMC Kamthi,2026-08-31,2350.0,2350.0,0,0,STABLE,STABLE,0.5038,0.2389,0.5038,0.2573,random_forest
tomato,APMC Panvel,2026-08-31,2750.0,3500.0,1,-1,INCREASE,DECREASE,0.3599,0.3599,0.2849,0.3552,random_forest
wheat,Shevgaon(Bodhegaon),2025-12-18,2500.0,2500.0,0,1,STABLE,INCREASE,0.4994,0.1699,0.3307,0.4994,random_forest
wheat,Lasalgaon(Niphad),2025-12-18,2600.0,2612.0,0,1,STABLE,INCREASE,0.4503,0.1933,0.3564,0.4503,random_forest
wheat,APMC Solapur,2025-12-18,3470.0,3490.0,0,0,STABLE,STABLE,0.9088,0.0506,0.9088,0.0406,random_forest
wheat,APMC Nagpur,2025-12-18,3425.0,3425.0,0,0,STABLE,STABLE,0.442,0.3667,0.442,0.1913,random_forest
wheat,APMC Sangli,2025-12-18,3600.0,3600.0,0,0,STABLE,STABLE,0.4296,0.2158,0.4296,0.3546,random_forest
wheat,APMC Paithan,2025-12-18,2850.0,2670.0,-1,-1,DECREASE,DECREASE,0.7653,0.7653,0.1121,0.1226,random_forest
wheat,APMC Mumbai,2025-12-18,3950.0,3950.0,0,0,STABLE,STABLE,0.8314,0.1,0.8314,0.0686,random_forest
wheat,APMC Chattrapati Sambhajinagar,2025-12-18,2675.0,2616.0,-1,0,DECREASE,STABLE,0.4889,0.261,0.4889,0.2501,random_forest
wheat,APMC Kopargaon,2025-12-18,2712.0,2711.0,0,-1,STABLE,DECREASE,0.4597,0.4597,0.2614,0.2789,random_forest
wheat,APMC Kalyan,2025-12-18,3250.0,3000.0,-1,1,DECREASE,INCREASE,0.4163,0.2362,0.3476,0.4163,random_forest
wheat,APMC Jalana,2025-12-18,2600.0,2625.0,0,1,STABLE,INCREASE,0.4358,0.1757,0.3885,0.4358,random_forest
wheat,APMC Hinganghat,2025-12-18,2470.0,2445.0,0,0,STABLE,STABLE,0.6365,0.1289,0.6365,0.2346,random_forest
wheat,APMC Amarawati,2025-12-18,2750.0,2750.0,0,1,STABLE,INCREASE,0.3834,0.3504,0.2663,0.3834,random_forest
wheat,APMC Akola,2025-12-18,2515.0,2530.0,0,0,STABLE,STABLE,0.4599,0.3079,0.4599,0.2321,random_forest
wheat,APMC Malkapur,2025-12-18,2700.0,2750.0,1,-1,INCREASE,DECREASE,0.6546,0.6546,0.1559,0.1895,random_forest
wheat,Shevgaon(Bodhegaon),2025-12-19,2500.0,2600.0,1,0,INCREASE,STABLE,0.4636,0.1999,0.4636,0.3365,random_forest
wheat,Lasalgaon(Niphad),2025-12-19,2571.0,2640.0,1,1,INCREASE,INCREASE,0.4326,0.2044,0.363,0.4326,random_forest
wheat,APMC Ulhasnagar,2025-12-19,3400.0,3300.0,-1,-1,DECREASE,DECREASE,0.7458,0.7458,0.1449,0.1094,random_forest
wheat,APMC Sangli,2025-12-19,3700.0,3700.0,0,-1,STABLE,DECREASE,0.4963,0.4963,0.3411,0.1625,random_forest
wheat,APMC Paithan,2025-12-19,2600.0,2521.0,-1,1,DECREASE,INCREASE,0.4473,0.3027,0.25,0.4473,random_forest
wheat,APMC Nagpur,2025-12-19,3425.0,3425.0,0,0,STABLE,STABLE,0.6052,0.2516,0.6052,0.1432,random_forest
wheat,APMC Malkapur,2025-12-19,2600.0,2500.0,-1,1,DECREASE,INCREASE,0.4637,0.2646,0.2718,0.4637,random_forest
wheat,APMC Mumbai,2025-12-19,3950.0,3950.0,0,0,STABLE,STABLE,0.8575,0.0878,0.8575,0.0548,random_forest
wheat,APMC Kopargaon,2025-12-19,2660.0,2626.0,0,1,STABLE,INCREASE,0.4287,0.3243,0.247,0.4287,random_forest
wheat,APMC Kalyan,2025-12-19,3250.0,3000.0,-1,0,DECREASE,STABLE,0.3504,0.3003,0.3504,0.3494,random_forest
wheat,APMC Hinganghat,2025-12-19,2445.0,2460.0,0,0,STABLE,STABLE,0.6455,0.1296,0.6455,0.2249,random_forest
wheat,APMC Dhule,2025-12-19,2675.0,2650.0,0,-1,STABLE,DECREASE,0.6383,0.6383,0.2068,0.1549,random_forest
wheat,APMC Chattrapati Sambhajinagar,2025-12-19,2650.0,2625.0,0,0,STABLE,STABLE,0.5314,0.2337,0.5314,0.235,random_forest
wheat,APMC Amarawati,2025-12-19,2750.0,2750.0,0,-1,STABLE,DECREASE,0.3677,0.3677,0.3285,0.3038,random_forest
wheat,APMC Akola,2025-12-19,2495.0,2540.0,1,0,INCREASE,STABLE,0.4894,0.1336,0.4894,0.377,random_forest
wheat,APMC Majalgaon,2025-12-19,2700.0,2551.0,-1,-1,DECREASE,DECREASE,0.4198,0.4198,0.2756,0.3045,random_forest
wheat,Lasalgaon(Niphad),2025-12-20,2600.0,2630.0,0,0,STABLE,STABLE,0.3846,0.2987,0.3846,0.3168,random_forest
wheat,APMC Sangli,2025-12-20,3600.0,3600.0,0,0,STABLE,STABLE,0.3794,0.2592,0.3794,0.3614,random_forest
wheat,APMC Paithan,2025-12-20,2700.0,2650.0,-1,-1,DECREASE,DECREASE,0.5799,0.5799,0.1872,0.2329,random_forest
wheat,APMC Malkapur,2025-12-20,2615.0,2700.0,1,-1,INCREASE,DECREASE,0.3845,0.3845,0.2653,0.3502,random_forest
wheat,APMC Amarawati,2025-12-20,2725.0,2750.0,0,1,STABLE,INCREASE,0.4406,0.3072,0.2522,0.4406,random_forest
wheat,APMC Dhule,2025-12-20,2600.0,2550.0,-1,1,DECREASE,INCREASE,0.4111,0.2477,0.3412,0.4111,random_forest
wheat,APMC Chattrapati Sambhajinagar,2025-12-20,2500.0,2638.0,1,1,INCREASE,INCREASE,0.7352,0.1031,0.1617,0.7352,random_forest
wheat,APMC Akola,2025-12-20,2475.0,2470.0,0,0,STABLE,STABLE,0.4878,0.1907,0.4878,0.3215,random_forest
wheat,Shevgaon(Bodhegaon),2025-12-20,2500.0,2600.0,1,1,INCREASE,INCREASE,0.5038,0.1473,0.3489,0.5038,random_forest
wheat,APMC Jalana,2025-12-20,2600.0,2650.0,1,0,INCREASE,STABLE,0.5022,0.2569,0.5022,0.2409,random_forest
wheat,APMC Sillod,2025-12-21,2550.0,2500.0,-1,-1,DECREASE,DECREASE,0.4685,0.4685,0.3398,0.1918,random_forest
wheat,APMC Ulhasnagar,2025-12-21,3300.0,3250.0,-1,1,DECREASE,INCREASE,0.4005,0.3619,0.2376,0.4005,random_forest
wheat,APMC Kalyan,2025-12-21,3250.0,3000.0,-1,0,DECREASE,STABLE,0.3666,0.3561,0.3666,0.2774,random_forest
wheat,APMC Paithan,2025-12-21,2670.0,2620.0,-1,1,DECREASE,INCREASE,0.5123,0.2591,0.2286,0.5123,random_forest
wheat,Shevgaon(Bodhegaon),2025-12-22,2500.0,2500.0,0,0,STABLE,STABLE,0.4657,0.1983,0.4657,0.336,random_forest
wheat,Lasalgaon(Niphad),2025-12-22,2612.0,2680.0,1,0,INCREASE,STABLE,0.4403,0.2823,0.4403,0.2774,random_forest
wheat,APMC Nagpur,2025-12-22,3425.0,3425.0,0,0,STABLE,STABLE,0.4629,0.3143,0.4629,0.2228,random_forest
wheat,APMC Ulhasnagar,2025-12-22,3250.0,3200.0,-1,1,DECREASE,INCREASE,0.4253,0.2856,0.2891,0.4253,random_forest
wheat,APMC Solapur,2025-12-22,3480.0,3495.0,0,0,STABLE,STABLE,0.9303,0.0408,0.9303,0.0289,random_forest
wheat,APMC Sillod,2025-12-22,2550.0,2500.0,-1,0,DECREASE,STABLE,0.5253,0.2628,0.5253,0.2119,random_forest
wheat,APMC Sangli,2025-12-22,3600.0,3700.0,1,0,INCREASE,STABLE,0.518,0.3038,0.518,0.1782,random_forest
wheat,APMC Mumbai,2025-12-22,3950.0,3950.0,0,0,STABLE,STABLE,0.8314,0.1,0.8314,0.0686,random_forest
wheat,APMC Amarawati,2025-12-22,2750.0,2750.0,0,-1,STABLE,DECREASE,0.3583,0.3583,0.335,0.3067,random_forest
wheat,APMC Majalgaon,2025-12-22,2851.0,2500.0,-1,-1,DECREASE,DECREASE,0.6902,0.6902,0.1453,0.1645,random_forest
wheat,APMC Kopargaon,2025-12-22,2585.0,2702.0,1,1,INCREASE,INCREASE,0.6332,0.1812,0.1856,0.6332,random_forest
wheat,APMC Kalyan,2025-12-22,3000.0,3000.0,0,1,STABLE,INCREASE,0.6104,0.2041,0.1856,0.6104,random_forest
wheat,APMC Jalana,2025-12-22,2611.0,2600.0,0,0,STABLE,STABLE,0.5057,0.2271,0.5057,0.2672,random_forest
wheat,APMC Hinganghat,2025-12-22,2450.0,2500.0,1,0,INCREASE,STABLE,0.6242,0.1232,0.6242,0.2526,random_forest
wheat,APMC Chattrapati Sambhajinagar,2025-12-22,2616.0,2620.0,0,-1,STABLE,DECREASE,0.3874,0.3874,0.2331,0.3795,random_forest
wheat,APMC Akola,2025-12-22,2530.0,2540.0,0,0,STABLE,STABLE,0.4101,0.3853,0.4101,0.2045,random_forest
wheat,APMC Malkapur,2025-12-22,2750.0,2700.0,-1,-1,DECREASE,DECREASE,0.6781,0.6781,0.1609,0.161,random_forest
wheat,Shevgaon(Bodhegaon),2025-12-23,2600.0,2500.0,-1,-1,DECREASE,DECREASE,0.5741,0.5741,0.2396,0.1864,random_forest
wheat,Lasalgaon(Niphad),2025-12-23,2640.0,2610.0,0,0,STABLE,STABLE,0.4029,0.3681,0.4029,0.229,random_forest
wheat,APMC Ulhasnagar,2025-12-23,3300.0,3400.0,1,-1,INCREASE,DECREASE,0.446,0.446,0.237,0.317,random_forest
wheat,APMC Sillod,2025-12-23,2550.0,2500.0,-1,0,DECREASE,STABLE,0.511,0.2603,0.511,0.2287,random_forest
wheat,APMC Sangli,2025-12-23,3700.0,3700.0,0,0,STABLE,STABLE,0.4356,0.366,0.4356,0.1985,random_forest
wheat,APMC Paithan,2025-12-23,2521.0,2671.0,1,1,INCREASE,INCREASE,0.7403,0.1147,0.1449,0.7403,random_forest
wheat,APMC Nagpur,2025-12-23,3425.0,3375.0,0,0,STABLE,STABLE,0.5348,0.2937,0.5348,0.1715,random_forest
wheat,APMC Mumbai,2025-12-23,3950.0,3950.0,0,0,STABLE,STABLE,0.8502,0.0954,0.8502,0.0545,random_forest
wheat,APMC Solapur,2025-12-23,3485.0,3500.0,0,0,STABLE,STABLE,0.904,0.0536,0.904,0.0425,random_forest
wheat,APMC Majalgaon,2025-12-23,2551.0,2700.0,1,1,INCREASE,INCREASE,0.7235,0.1408,0.1357,0.7235,random_forest
wheat,APMC Kopargaon,2025-12-23,2711.0,2712.0,0,-1,STABLE,DECREASE,0.6489,0.6489,0.1716,0.1795,random_forest
wheat,APMC Jalana,2025-12-23,2625.0,2575.0,-1,0,DECREASE,STABLE,0.5083,0.2518,0.5083,0.24,random_forest
wheat,APMC Hinganghat,2025-12-23,2445.0,2480.0,0,0,STABLE,STABLE,0.6363,0.1295,0.6363,0.2341,random_forest
wheat,APMC Chattrapati Sambhajinagar,2025-12-23,2625.0,2651.0,0,1,STABLE,INCREASE,0.3681,0.3227,0.3091,0.3681,random_forest
wheat,APMC Amarawati,2025-12-23,2750.0,2750.0,0,-1,STABLE,DECREASE,0.3435,0.3435,0.338,0.3185,random_forest
wheat,APMC Akola,2025-12-23,2540.0,2482.0,-1,0,DECREASE,STABLE,0.5282,0.2235,0.5282,0.2484,random_forest
wheat,APMC Malkapur,2025-12-23,2500.0,3090.0,1,1,INCREASE,INCREASE,0.724,0.1234,0.1526,0.724,random_forest
wheat,Shevgaon(Bodhegaon),2025-12-24,2600.0,2500.0,-1,-1,DECREASE,DECREASE,0.384,0.384,0.3408,0.2752,random_forest
wheat,Lasalgaon(Niphad),2025-12-24,2630.0,2591.0,0,0,STABLE,STABLE,0.5218,0.259,0.5218,0.2192,random_forest
wheat,APMC Solapur,2025-12-24,3490.0,3505.0,0,0,STABLE,STABLE,0.9266,0.0428,0.9266,0.0306,random_forest
wheat,APMC Sillod,2025-12-24,2500.0,2500.0,0,1,STABLE,INCREASE,0.5868,0.107,0.3062,0.5868,random_forest
wheat,APMC Paithan,2025-12-24,2650.0,2600.0,-1,-1,DECREASE,DECREASE,0.5698,0.5698,0.1676,0.2626,random_forest
wheat,APMC Mumbai,2025-12-24,3950.0,3950.0,0,0,STABLE,STABLE,0.8353,0.0964,0.8353,0.0682,random_forest
wheat,APMC Malkapur,2025-12-24,2700.0,2600.0,-1,-1,DECREASE,DECREASE,0.7389,0.7389,0.13,0.1311,random_forest
wheat,APMC Jalana,2025-12-24,2650.0,2600.0,-1,0,DECREASE,STABLE,0.4473,0.3236,0.4473,0.2291,random_forest
wheat,APMC Kopargaon,2025-12-24,2626.0,2700.0,1,1,INCREASE,INCREASE,0.4237,0.301,0.2753,0.4237,random_forest
wheat,APMC Hinganghat,2025-12-24,2460.0,2500.0,1,0,INCREASE,STABLE,0.6353,0.1468,0.6353,0.2179,random_forest
wheat,APMC Chattrapati Sambhajinagar,2025-12-24,2638.0,2625.0,0,-1,STABLE,DECREASE,0.4059,0.4059,0.3003,0.2937,random_forest
wheat,APMC Amarawati,2025-12-24,2750.0,2750.0,0,-1,STABLE,DECREASE,0.3675,0.3675,0.3331,0.2995,random_forest
wheat,APMC Akola,2025-12-24,2470.0,2480.0,0,1,STABLE,INCREASE,0.5012,0.1355,0.3633,0.5012,random_forest
wheat,APMC Majalgaon,2025-12-24,2551.0,2600.0,1,1,INCREASE,INCREASE,0.5739,0.2199,0.2062,0.5739,random_forest
wheat,APMC Ulhasnagar,2025-12-25,3250.0,3250.0,0,1,STABLE,INCREASE,0.4324,0.2666,0.301,0.4324,random_forest
wheat,Lasalgaon(Niphad),2025-12-25,2680.0,2640.0,0,-1,STABLE,DECREASE,0.5702,0.5702,0.2683,0.1615,random_forest
wheat,Shevgaon(Bodhegaon),2025-12-25,2500.0,2500.0,0,1,STABLE,INCREASE,0.5292,0.1639,0.3068,0.5292,random_forest
wheat,APMC Solapur,2025-12-25,3495.0,3515.0,0,0,STABLE,STABLE,0.9072,0.0506,0.9072,0.0423,random_forest
wheat,APMC Kalyan,2025-12-25,3000.0,3000.0,0,1,STABLE,INCREASE,0.4776,0.2873,0.2351,0.4776,random_forest
wheat,APMC Mumbai,2025-12-25,3950.0,3950.0,0,0,STABLE,STABLE,0.8582,0.089,0.8582,0.0528,random_forest
wheat,APMC Akola,2025-12-25,2540.0,2500.0,-1,0,DECREASE,STABLE,0.3927,0.3839,0.3927,0.2234,random_forest
wheat,APMC Paithan,2025-12-25,2620.0,2681.0,1,1,INCREASE,INCREASE,0.4799,0.2471,0.273,0.4799,random_forest
wheat,Shevgaon(Bodhegaon),2025-12-26,2500.0,2500.0,0,1,STABLE,INCREASE,0.5206,0.1296,0.3498,0.5206,random_forest
wheat,APMC Ulhasnagar,2025-12-26,3200.0,3300.0,1,1,INCREASE,INCREASE,0.5146,0.2541,0.2313,0.5146,random_forest
wheat,APMC Solapur,2025-12-26,3500.0,3520.0,0,0,STABLE,STABLE,0.9303,0.0408,0.9303,0.0289,random_forest
wheat,APMC Sangli,2025-12-26,3600.0,3500.0,-1,0,DECREASE,STABLE,0.4402,0.3025,0.4402,0.2573,random_forest
wheat,APMC Paithan,2025-12-26,2671.0,2600.0,-1,-1,DECREASE,DECREASE,0.5361,0.5361,0.1914,0.2724,random_forest
wheat,APMC Nagpur,2025-12-26,3425.0,3375.0,0,0,STABLE,STABLE,0.4713,0.3126,0.4713,0.2161,random_forest
wheat,APMC Mumbai,2025-12-26,3950.0,3950.0,0,0,STABLE,STABLE,0.8371,0.0962,0.8371,0.0667,random_forest
wheat,APMC Malkapur,2025-12-26,2700.0,2500.0,-1,-1,DECREASE,DECREASE,0.3998,0.3998,0.2307,0.3695,random_forest
wheat,Lasalgaon(Niphad),2025-12-26,2610.0,2611.0,0,0,STABLE,STABLE,0.3919,0.2252,0.3919,0.3829,random_forest
wheat,APMC Kopargaon,2025-12-26,2702.0,2550.0,-1,-1,DECREASE,DECREASE,0.5941,0.5941,0.1874,0.2185,random_forest
wheat,APMC Kalyan,2025-12-26,3000.0,3000.0,0,1,STABLE,INCREASE,0.5769,0.2226,0.2004,0.5769,random_forest
wheat,APMC Jalana,2025-12-26,2600.0,2575.0,0,0,STABLE,STABLE,0.4469,0.1982,0.4469,0.3549,random_forest
wheat,APMC Hinganghat,2025-12-26,2500.0,2480.0,0,0,STABLE,STABLE,0.4362,0.3748,0.4362,0.189,random_forest
wheat,APMC Chattrapati Sambhajinagar,2025-12-26,2620.0,2725.0,1,1,INCREASE,INCREASE,0.3648,0.3076,0.3276,0.3648,random_forest
wheat,APMC Amarawati,2025-12-26,2750.0,2750.0,0,1,STABLE,INCREASE,0.3595,0.3347,0.3057,0.3595,random_forest
wheat,APMC Akola,2025-12-26,2482.0,2575.0,1,1,INCREASE,INCREASE,0.6282,0.0809,0.2909,0.6282,random_forest
wheat,APMC Majalgaon,2025-12-26,2500.0,2551.0,1,1,INCREASE,INCREASE,0.7236,0.1173,0.1592,0.7236,random_forest
wheat,Shevgaon(Bodhegaon),2025-12-27,2500.0,2600.0,1,1,INCREASE,INCREASE,0.4915,0.1366,0.3719,0.4915,random_forest
wheat,Lasalgaon(Niphad),2025-12-27,2591.0,2695.0,1,0,INCREASE,STABLE,0.4482,0.2174,0.4482,0.3344,random_forest
wheat,APMC Solapur,2025-12-27,3505.0,3510.0,0,0,STABLE,STABLE,0.9014,0.0549,0.9014,0.0438,random_forest
wheat,APMC Sangli,2025-12-27,3700.0,3500.0,-1,-1,DECREASE,DECREASE,0.5798,0.5798,0.2469,0.1733,random_forest
wheat,APMC Paithan,2025-12-27,2600.0,2570.0,0,1,STABLE,INCREASE,0.5514,0.2244,0.2243,0.5514,random_forest
wheat,APMC Nagpur,2025-12-27,3425.0,3425.0,0,0,STABLE,STABLE,0.7313,0.1736,0.7313,0.0951,random_forest
wheat,APMC Kopargaon,2025-12-27,2712.0,2731.0,0,-1,STABLE,DECREASE,0.3676,0.3676,0.324,0.3085,random_forest
wheat,APMC Majalgaon,2025-12-27,2700.0,2800.0,1,-1,INCREASE,DECREASE,0.6555,0.6555,0.1466,0.1979,random_forest
wheat,APMC Jalana,2025-12-27,2575.0,2600.0,0,0,STABLE,STABLE,0.4491,0.16,0.4491,0.3909,random_forest
wheat,APMC Chattrapati Sambhajinagar,2025-12-27,2651.0,2625.0,0,-1,STABLE,DECREASE,0.378,0.378,0.348,0.274,random_forest
wheat,APMC Amarawati,2025-12-27,2750.0,2750.0,0,0,STABLE,STABLE,0.4589,0.2874,0.4589,0.2537,random_forest
wheat,APMC Akola,2025-12-27,2480.0,2500.0,0,0,STABLE,STABLE,0.5426,0.1701,0.5426,0.2874,random_forest
wheat,APMC Malkapur,2025-12-27,3090.0,2600.0,-1,-1,DECREASE,DECREASE,0.8087,0.8087,0.0934,0.0979,random_forest
wheat,APMC Kalyan,2025-12-28,3000.0,3400.0,1,1,INCREASE,INCREASE,0.397,0.3408,0.2623,0.397,random_forest
wheat,APMC Paithan,2025-12-28,2681.0,2551.0,-1,-1,DECREASE,DECREASE,0.5657,0.5657,0.2083,0.2261,random_forest
wheat,APMC Sillod,2025-12-28,2500.0,2550.0,1,1,INCREASE,INCREASE,0.4602,0.128,0.4118,0.4602,random_forest
wheat,APMC Sangli,2025-12-29,3700.0,3700.0,0,0,STABLE,STABLE,0.5368,0.2926,0.5368,0.1706,random_forest
wheat,APMC Shevgaon,2025-12-29,2500.0,2700.0,1,1,INCREASE,INCREASE,0.6714,0.1638,0.1648,0.6714,random_forest
wheat,APMC Mumbai,2025-12-29,3950.0,3950.0,0,0,STABLE,STABLE,0.8644,0.0817,0.8644,0.0539,random_forest
wheat,APMC Solapur,2025-12-29,3515.0,3515.0,0,0,STABLE,STABLE,0.9217,0.0429,0.9217,0.0354,random_forest
wheat,Lasalgaon(Niphad),2025-12-29,2640.0,2625.0,0,-1,STABLE,DECREASE,0.417,0.417,0.3357,0.2473,random_forest
wheat,Shevgaon(Bodhegaon),2025-12-29,2500.0,2500.0,0,0,STABLE,STABLE,0.4414,0.2001,0.4414,0.3584,random_forest
wheat,APMC Malkapur,2025-12-29,2600.0,2700.0,1,1,INCREASE,INCREASE,0.5559,0.2439,0.2002,0.5559,random_forest
wheat,APMC Sillod,2025-12-29,2500.0,2500.0,0,0,STABLE,STABLE,0.4776,0.1233,0.4776,0.3991,random_forest
wheat,APMC Kalyan,2025-12-29,3000.0,3000.0,0,1,STABLE,INCREASE,0.4112,0.3402,0.2486,0.4112,random_forest
wheat,APMC Kopargaon,2025-12-29,2700.0,2606.0,-1,-1,DECREASE,DECREASE,0.4101,0.4101,0.2873,0.3027,random_forest
wheat,APMC Akola,2025-12-29,2500.0,2550.0,1,0,INCREASE,STABLE,0.4568,0.1491,0.4568,0.3941,random_forest
wheat,APMC Amarawati,2025-12-29,2750.0,2750.0,0,0,STABLE,STABLE,0.4587,0.2884,0.4587,0.2529,random_forest
wheat,APMC Chattrapati Sambhajinagar,2025-12-29,2625.0,2600.0,0,0,STABLE,STABLE,0.3753,0.3193,0.3753,0.3054,random_forest
wheat,APMC Nagpur,2025-12-29,3375.0,3425.0,0,0,STABLE,STABLE,0.56,0.1799,0.56,0.2601,random_forest
wheat,APMC Hinganghat,2025-12-29,2480.0,2500.0,0,0,STABLE,STABLE,0.5978,0.1575,0.5978,0.2448,random_forest
wheat,APMC Jalana,2025-12-29,2600.0,2600.0,0,0,STABLE,STABLE,0.4075,0.222,0.4075,0.3705,random_forest
wheat,APMC Dhule,2025-12-29,2600.0,2650.0,1,0,INCREASE,STABLE,0.4609,0.2508,0.4609,0.2882,random_forest
wheat,Shevgaon(Bodhegaon),2025-12-30,2500.0,2600.0,1,0,INCREASE,STABLE,0.4609,0.2189,0.4609,0.3202,random_forest
wheat,Lasalgaon(Niphad),2025-12-30,2611.0,2620.0,0,0,STABLE,STABLE,0.5008,0.2466,0.5008,0.2526,random_forest
wheat,APMC Ulhasnagar,2025-12-30,3400.0,3200.0,-1,-1,DECREASE,DECREASE,0.6793,0.6793,0.1682,0.1525,random_forest
wheat,APMC Solapur,2025-12-30,3520.0,3520.0,0,0,STABLE,STABLE,0.8912,0.0543,0.8912,0.0545,random_forest
wheat,APMC Sillod,2025-12-30,2500.0,2550.0,1,0,INCREASE,STABLE,0.5597,0.1746,0.5597,0.2656,random_forest
wheat,APMC Paithan,2025-12-30,2600.0,2850.0,1,1,INCREASE,INCREASE,0.6067,0.2077,0.1855,0.6067,random_forest
wheat,APMC Nagpur,2025-12-30,3375.0,3425.0,0,0,STABLE,STABLE,0.6561,0.1685,0.6561,0.1755,random_forest
wheat,APMC Mumbai,2025-12-30,3950.0,3950.0,0,0,STABLE,STABLE,0.8373,0.0904,0.8373,0.0723,random_forest
wheat,APMC Malkapur,2025-12-30,2500.0,2500.0,0,1,STABLE,INCREASE,0.7648,0.1011,0.1342,0.7648,random_forest
wheat,APMC Shevgaon,2025-12-30,2500.0,2750.0,1,1,INCREASE,INCREASE,0.4009,0.2751,0.3239,0.4009,random_forest
wheat,APMC Kopargaon,2025-12-30,2550.0,2650.0,1,1,INCREASE,INCREASE,0.6596,0.1843,0.1562,0.6596,random_forest
wheat,APMC Majalgaon,2025-12-30,2600.0,2680.0,1,1,INCREASE,INCREASE,0.4863,0.3064,0.2073,0.4863,random_forest
wheat,APMC Amarawati,2025-12-30,2750.0,2750.0,0,0,STABLE,STABLE,0.4813,0.2867,0.4813,0.232,random_forest
wheat,APMC Chattrapati Sambhajinagar,2025-12-30,2725.0,2625.0,-1,-1,DECREASE,DECREASE,0.646,0.646,0.1766,0.1774,random_forest
wheat,APMC Dhule,2025-12-30,2650.0,2595.0,-1,-1,DECREASE,DECREASE,0.4956,0.4956,0.326,0.1784,random_forest
wheat,APMC Akola,2025-12-30,2575.0,2500.0,-1,-1,DECREASE,DECREASE,0.5063,0.5063,0.3002,0.1936,random_forest
wheat,APMC Jalana,2025-12-30,2575.0,2650.0,1,0,INCREASE,STABLE,0.5243,0.2197,0.5243,0.256,random_forest
wheat,APMC Kalyan,2025-12-30,3000.0,3000.0,0,1,STABLE,INCREASE,0.4134,0.3404,0.2461,0.4134,random_forest
wheat,APMC Hinganghat,2025-12-30,2500.0,2500.0,0,0,STABLE,STABLE,0.559,0.2091,0.559,0.2319,random_forest
wheat,APMC Mumbai,2025-12-31,3950.0,3950.0,0,0,STABLE,STABLE,0.8679,0.0793,0.8679,0.0528,random_forest
wheat,Shevgaon(Bodhegaon),2025-12-31,2600.0,2500.0,-1,-1,DECREASE,DECREASE,0.5516,0.5516,0.2483,0.2001,random_forest
wheat,Lasalgaon(Niphad),2025-12-31,2695.0,2751.0,1,-1,INCREASE,DECREASE,0.5613,0.5613,0.2615,0.1772,random_forest
wheat,APMC Ulhasnagar,2025-12-31,3250.0,3250.0,0,1,STABLE,INCREASE,0.4497,0.3134,0.2369,0.4497,random_forest
wheat,APMC Solapur,2025-12-31,3510.0,3525.0,0,0,STABLE,STABLE,0.9219,0.0427,0.9219,0.0354,random_forest
wheat,APMC Sillod,2025-12-31,2550.0,2500.0,-1,-1,DECREASE,DECREASE,0.5124,0.5124,0.3043,0.1834,random_forest
wheat,APMC Sangli,2025-12-31,3500.0,3700.0,1,1,INCREASE,INCREASE,0.6296,0.1615,0.2089,0.6296,random_forest
wheat,APMC Paithan,2025-12-31,2570.0,2550.0,0,1,STABLE,INCREASE,0.4059,0.2732,0.3209,0.4059,random_forest
wheat,APMC Malkapur,2025-12-31,2600.0,2645.0,1,1,INCREASE,INCREASE,0.4326,0.3871,0.1803,0.4326,random_forest
wheat,APMC Chattrapati Sambhajinagar,2025-12-31,2625.0,2625.0,0,1,STABLE,INCREASE,0.4087,0.3008,0.2905,0.4087,random_forest
wheat,APMC Kopargaon,2025-12-31,2731.0,2591.0,-1,-1,DECREASE,DECREASE,0.5996,0.5996,0.1837,0.2167,random_forest
wheat,APMC Kalyan,2025-12-31,3400.0,3000.0,-1,-1,DECREASE,DECREASE,0.7246,0.7246,0.1609,0.1144,random_forest
wheat,APMC Jalana,2025-12-31,2600.0,2600.0,0,0,STABLE,STABLE,0.5084,0.2573,0.5084,0.2342,random_forest
wheat,APMC Hinganghat,2025-12-31,2480.0,2500.0,0,0,STABLE,STABLE,0.5697,0.1656,0.5697,0.2646,random_forest
wheat,APMC Dhule,2025-12-31,2550.0,2600.0,1,1,INCREASE,INCREASE,0.6531,0.1357,0.2112,0.6531,random_forest
wheat,APMC Amarawati,2025-12-31,2750.0,2750.0,0,0,STABLE,STABLE,0.5152,0.2475,0.5152,0.2373,random_forest
wheat,APMC Akola,2025-12-31,2500.0,2500.0,0,1,STABLE,INCREASE,0.469,0.1552,0.3758,0.469,random_forest
wheat,APMC Majalgaon,2025-12-31,2551.0,2571.0,0,1,STABLE,INCREASE,0.4998,0.2495,0.2507,0.4998,random_forest
wheat,APMC Nagpur,2026-01-01,3425.0,3425.0,0,0,STABLE,STABLE,0.5804,0.2813,0.5804,0.1383,random_forest
wheat,Shevgaon(Bodhegaon),2026-01-01,2500.0,2600.0,1,1,INCREASE,INCREASE,0.5242,0.1733,0.3025,0.5242,random_forest
wheat,Lasalgaon(Niphad),2026-01-01,2625.0,2641.0,0,0,STABLE,STABLE,0.3829,0.2512,0.3829,0.3659,random_forest
wheat,APMC Ulhasnagar,2026-01-01,3300.0,3000.0,-1,-1,DECREASE,DECREASE,0.5864,0.5864,0.2209,0.1927,random_forest
wheat,APMC Solapur,2026-01-01,3515.0,3530.0,0,0,STABLE,STABLE,0.8946,0.0531,0.8946,0.0523,random_forest
wheat,APMC Sillod,2026-01-01,2500.0,2550.0,1,1,INCREASE,INCREASE,0.4989,0.1493,0.3518,0.4989,random_forest
wheat,APMC Sangli,2026-01-01,3500.0,3700.0,1,1,INCREASE,INCREASE,0.4365,0.2139,0.3496,0.4365,random_forest
wheat,APMC Mumbai,2026-01-01,3950.0,3950.0,0,0,STABLE,STABLE,0.8478,0.0841,0.8478,0.0681,random_forest
wheat,APMC Paithan,2026-01-01,2551.0,2620.0,1,1,INCREASE,INCREASE,0.5109,0.2293,0.2598,0.5109,random_forest
wheat,APMC Kopargaon,2026-01-01,2606.0,2583.0,0,1,STABLE,INCREASE,0.5931,0.2153,0.1917,0.5931,random_forest
wheat,APMC Akola,2026-01-01,2550.0,2565.0,0,-1,STABLE,DECREASE,0.4754,0.4754,0.2928,0.2319,random_forest
wheat,APMC Amarawati,2026-01-01,2750.0,2750.0,0,0,STABLE,STABLE,0.5155,0.2448,0.5155,0.2397,random_forest
wheat,APMC Chattrapati Sambhajinagar,2026-01-01,2600.0,2678.0,1,0,INCREASE,STABLE,0.3897,0.2782,0.3897,0.3321,random_forest
wheat,APMC Malkapur,2026-01-01,2700.0,2600.0,-1,-1,DECREASE,DECREASE,0.6044,0.6044,0.1679,0.2277,random_forest
wheat,APMC Jalana,2026-01-01,2600.0,2625.0,0,0,STABLE,STABLE,0.4748,0.2264,0.4748,0.2988,random_forest
wheat,APMC Kalyan,2026-01-01,3000.0,3000.0,0,1,STABLE,INCREASE,0.4377,0.3163,0.246,0.4377,random_forest
wheat,APMC Dhule,2026-01-01,2650.0,2650.0,0,-1,STABLE,DECREASE,0.5437,0.5437,0.2509,0.2054,random_forest
wheat,Lasalgaon(Niphad),2026-01-02,2620.0,2681.0,1,0,INCREASE,STABLE,0.4325,0.2543,0.4325,0.3132,random_forest
wheat,APMC Solapur,2026-01-02,3520.0,3530.0,0,0,STABLE,STABLE,0.9207,0.0417,0.9207,0.0376,random_forest
wheat,APMC Sangli,2026-01-02,3700.0,3700.0,0,-1,STABLE,DECREASE,0.5106,0.5106,0.3369,0.1524,random_forest
wheat,APMC Paithan,2026-01-02,2850.0,2691.0,-1,-1,DECREASE,DECREASE,0.7363,0.7363,0.1219,0.1419,random_forest
wheat,APMC Nagpur,2026-01-02,3425.0,3425.0,0,0,STABLE,STABLE,0.614,0.2679,0.614,0.118,random_forest
wheat,APMC Mumbai,2026-01-02,3950.0,3950.0,0,0,STABLE,STABLE,0.8633,0.0769,0.8633,0.0598,random_forest
wheat,APMC Malkapur,2026-01-02,2500.0,2800.0,1,1,INCREASE,INCREASE,0.6045,0.1937,0.2018,0.6045,random_forest
wheat,Shevgaon(Bodhegaon),2026-01-02,2600.0,2550.0,-1,-1,DECREASE,DECREASE,0.5602,0.5602,0.213,0.2267,random_forest
wheat,APMC Kopargaon,2026-01-02,2650.0,2719.0,1,-1,INCREASE,DECREASE,0.5174,0.5174,0.2255,0.257,random_forest
wheat,APMC Majalgaon,2026-01-02,2800.0,2800.0,0,-1,STABLE,DECREASE,0.569,0.569,0.1862,0.2448,random_forest
wheat,APMC Akola,2026-01-02,2500.0,2500.0,0,1,STABLE,INCREASE,0.6156,0.1173,0.2672,0.6156,random_forest
wheat,APMC Amarawati,2026-01-02,2750.0,2800.0,1,0,INCREASE,STABLE,0.5266,0.2398,0.5266,0.2336,random_forest
wheat,APMC Sillod,2026-01-02,2550.0,2600.0,1,-1,INCREASE,DECREASE,0.5086,0.5086,0.3115,0.1799,random_forest
wheat,APMC Hinganghat,2026-01-02,2500.0,2500.0,0,0,STABLE,STABLE,0.5463,0.1969,0.5463,0.2568,random_forest
wheat,APMC Jalana,2026-01-02,2650.0,2625.0,0,-1,STABLE,DECREASE,0.5224,0.5224,0.2945,0.1831,random_forest
wheat,APMC Kalyan,2026-01-02,3000.0,3000.0,0,1,STABLE,INCREASE,0.3539,0.3487,0.2974,0.3539,random_forest
wheat,APMC Chattrapati Sambhajinagar,2026-01-02,2625.0,2680.0,1,1,INCREASE,INCREASE,0.4604,0.2612,0.2784,0.4604,random_forest
wheat,APMC Nagpur,2026-01-03,3425.0,3425.0,0,0,STABLE,STABLE,0.6005,0.2757,0.6005,0.1238,random_forest
wheat,Shevgaon(Bodhegaon),2026-01-03,2500.0,2500.0,0,1,STABLE,INCREASE,0.6239,0.1436,0.2325,0.6239,random_forest
wheat,Lasalgaon(Niphad),2026-01-03,2751.0,2691.0,-1,-1,DECREASE,DECREASE,0.6226,0.6226,0.2056,0.1717,random_forest
wheat,APMC Solapur,2026-01-03,3525.0,3535.0,0,0,STABLE,STABLE,0.8988,0.0499,0.8988,0.0513,random_forest
wheat,APMC Sangli,2026-01-03,3700.0,3700.0,0,0,STABLE,STABLE,0.4654,0.3822,0.4654,0.1524,random_forest
wheat,APMC Paithan,2026-01-03,2550.0,2585.0,0,1,STABLE,INCREASE,0.5682,0.2283,0.2035,0.5682,random_forest
wheat,APMC Jalana,2026-01-03,2600.0,2600.0,0,0,STABLE,STABLE,0.4571,0.2084,0.4571,0.3344,random_forest
wheat,APMC Kopargaon,2026-01-03,2591.0,2609.0,0,1,STABLE,INCREASE,0.6208,0.2068,0.1724,0.6208,random_forest
wheat,APMC Hinganghat,2026-01-03,2500.0,2530.0,0,0,STABLE,STABLE,0.5471,0.1859,0.5471,0.267,random_forest
wheat,APMC Dhule,2026-01-03,2595.0,2650.0,1,1,INCREASE,INCREASE,0.5537,0.2011,0.2452,0.5537,random_forest
wheat,APMC Amarawati,2026-01-03,2750.0,2750.0,0,0,STABLE,STABLE,0.4488,0.2496,0.4488,0.3016,random_forest
wheat,APMC Akola,2026-01-03,2500.0,2500.0,0,0,STABLE,STABLE,0.4868,0.2025,0.4868,0.3107,random_forest
wheat,APMC Majalgaon,2026-01-03,2680.0,2600.0,-1,-1,DECREASE,DECREASE,0.43,0.43,0.1886,0.3814,random_forest
wheat,APMC Kalyan,2026-01-04,3000.0,3200.0,1,1,INCREASE,INCREASE,0.4878,0.2788,0.2334,0.4878,random_forest
wheat,APMC Paithan,2026-01-04,2620.0,2600.0,0,-1,STABLE,DECREASE,0.5595,0.5595,0.2002,0.2403,random_forest
wheat,APMC Sillod,2026-01-04,2500.0,2600.0,1,1,INCREASE,INCREASE,0.545,0.1469,0.3081,0.545,random_forest
wheat,APMC Shevgaon,2026-01-05,2500.0,2700.0,1,1,INCREASE,INCREASE,0.5382,0.2236,0.2382,0.5382,random_forest
wheat,APMC Sillod,2026-01-05,2550.0,2600.0,1,-1,INCREASE,DECREASE,0.5281,0.5281,0.2948,0.1771,random_forest
wheat,APMC Solapur,2026-01-05,3530.0,3545.0,0,0,STABLE,STABLE,0.9207,0.0417,0.9207,0.0376,random_forest
wheat,APMC Hinganghat,2026-01-05,2500.0,2510.0,0,0,STABLE,STABLE,0.5837,0.1637,0.5837,0.2526,random_forest
wheat,Lasalgaon(Niphad),2026-01-05,2641.0,2650.0,0,1,STABLE,INCREASE,0.3665,0.3137,0.3197,0.3665,random_forest
wheat,Shevgaon(Bodhegaon),2026-01-05,2600.0,2500.0,-1,-1,DECREASE,DECREASE,0.557,0.557,0.2126,0.2304,random_forest
wheat,APMC Sangli,2026-01-05,3700.0,3600.0,-1,-1,DECREASE,DECREASE,0.507,0.507,0.3245,0.1685,random_forest
wheat,APMC Ulhasnagar,2026-01-05,3200.0,2800.0,-1,1,DECREASE,INCREASE,0.5559,0.2517,0.1924,0.5559,random_forest
wheat,APMC Nagpur,2026-01-05,3425.0,3350.0,-1,0,DECREASE,STABLE,0.7221,0.2204,0.7221,0.0576,random_forest
wheat,APMC Chattrapati Sambhajinagar,2026-01-05,2625.0,2675.0,1,0,INCREASE,STABLE,0.3746,0.3105,0.3746,0.3148,random_forest
wheat,APMC Malkapur,2026-01-05,2645.0,2800.0,1,-1,INCREASE,DECREASE,0.5382,0.5382,0.1989,0.2629,random_forest
wheat,APMC Majalgaon,2026-01-05,2571.0,2700.0,1,1,INCREASE,INCREASE,0.4924,0.2756,0.232,0.4924,random_forest
wheat,APMC Kopargaon,2026-01-05,2583.0,2791.0,1,1,INCREASE,INCREASE,0.4233,0.2939,0.2828,0.4233,random_forest
wheat,APMC Kalyan,2026-01-05,3000.0,3200.0,1,-1,INCREASE,DECREASE,0.3543,0.3543,0.2961,0.3496,random_forest
wheat,APMC Jalana,2026-01-05,2625.0,2600.0,0,0,STABLE,STABLE,0.5272,0.2494,0.5272,0.2234,random_forest
wheat,APMC Mumbai,2026-01-05,3950.0,3950.0,0,0,STABLE,STABLE,0.8406,0.0853,0.8406,0.0741,random_forest
wheat,APMC Amarawati,2026-01-05,2750.0,2750.0,0,0,STABLE,STABLE,0.593,0.2069,0.593,0.2,random_forest
wheat,APMC Akola,2026-01-05,2565.0,2522.0,-1,-1,DECREASE,DECREASE,0.5075,0.5075,0.2967,0.1958,random_forest
wheat,APMC Nagpur,2026-01-06,3425.0,3425.0,0,0,STABLE,STABLE,0.7568,0.1495,0.7568,0.0938,random_forest
wheat,APMC Paithan,2026-01-06,2691.0,2550.0,-1,-1,DECREASE,DECREASE,0.4001,0.4001,0.2013,0.3986,random_forest
wheat,APMC Sangli,2026-01-06,3700.0,3700.0,0,0,STABLE,STABLE,0.5899,0.2493,0.5899,0.1608,random_forest
wheat,Lasalgaon(Niphad),2026-01-06,2681.0,2650.0,0,-1,STABLE,DECREASE,0.4577,0.4577,0.2964,0.2459,random_forest
wheat,APMC Solapur,2026-01-06,3530.0,3550.0,0,0,STABLE,STABLE,0.8988,0.0499,0.8988,0.0513,random_forest
wheat,APMC Ulhasnagar,2026-01-06,3250.0,3000.0,-1,-1,DECREASE,DECREASE,0.4737,0.4737,0.2848,0.2415,random_forest
wheat,APMC Mumbai,2026-01-06,3950.0,3950.0,0,0,STABLE,STABLE,0.8601,0.0794,0.8601,0.0604,random_forest
wheat,APMC Shevgaon,2026-01-06,2700.0,2700.0,0,-1,STABLE,DECREASE,0.5844,0.5844,0.1842,0.2315,random_forest
wheat,APMC Malkapur,2026-01-06,2600.0,2700.0,1,1,INCREASE,INCREASE,0.6337,0.1939,0.1724,0.6337,random_forest
wheat,APMC Majalgaon,2026-01-06,2800.0,2600.0,-1,-1,DECREASE,DECREASE,0.6587,0.6587,0.1557,0.1856,random_forest
wheat,APMC Kopargaon,2026-01-06,2719.0,2606.0,-1,-1,DECREASE,DECREASE,0.5237,0.5237,0.2173,0.259,random_forest
wheat,APMC Kalyan,2026-01-06,3000.0,3200.0,1,1,INCREASE,INCREASE,0.3534,0.3516,0.295,0.3534,random_forest
wheat,APMC Jalana,2026-01-06,2625.0,2600.0,0,0,STABLE,STABLE,0.5256,0.2108,0.5256,0.2635,random_forest
wheat,APMC Hinganghat,2026-01-06,2500.0,2475.0,0,0,STABLE,STABLE,0.5852,0.1592,0.5852,0.2556,random_forest
wheat,APMC Dhule,2026-01-06,2600.0,2810.0,1,0,INCREASE,STABLE,0.3857,0.2928,0.3857,0.3214,random_forest
wheat,APMC Chattrapati Sambhajinagar,2026-01-06,2678.0,2650.0,0,-1,STABLE,DECREASE,0.4561,0.4561,0.2885,0.2555,random_forest
wheat,APMC Amarawati,2026-01-06,2800.0,2750.0,-1,-1,DECREASE,DECREASE,0.5386,0.5386,0.3019,0.1594,random_forest
wheat,APMC Akola,2026-01-06,2500.0,2600.0,1,1,INCREASE,INCREASE,0.4729,0.1617,0.3654,0.4729,random_forest
wheat,Shevgaon(Bodhegaon),2026-01-07,2550.0,2600.0,1,1,INCREASE,INCREASE,0.5541,0.2024,0.2435,0.5541,random_forest
wheat,APMC Ulhasnagar,2026-01-07,3000.0,3000.0,0,1,STABLE,INCREASE,0.6859,0.1746,0.1395,0.6859,random_forest
wheat,APMC Solapur,2026-01-07,3535.0,3555.0,0,0,STABLE,STABLE,0.9106,0.0508,0.9106,0.0386,random_forest
wheat,APMC Sangli,2026-01-07,3700.0,3500.0,-1,0,DECREASE,STABLE,0.56,0.2591,0.56,0.1809,random_forest
wheat,APMC Paithan,2026-01-07,2585.0,2600.0,0,1,STABLE,INCREASE,0.5215,0.239,0.2396,0.5215,random_forest
wheat,APMC Nagpur,2026-01-07,3425.0,3425.0,0,0,STABLE,STABLE,0.8009,0.1452,0.8009,0.0538,random_forest
wheat,APMC Mumbai,2026-01-07,3950.0,3950.0,0,0,STABLE,STABLE,0.8548,0.0808,0.8548,0.0644,random_forest
wheat,APMC Malkapur,2026-01-07,2800.0,2480.0,-1,-1,DECREASE,DECREASE,0.724,0.724,0.1266,0.1494,random_forest
wheat,Lasalgaon(Niphad),2026-01-07,2691.0,2691.0,0,-1,STABLE,DECREASE,0.3414,0.3414,0.3334,0.3253,random_forest
wheat,APMC Kopargaon,2026-01-07,2609.0,2525.0,-1,1,DECREASE,INCREASE,0.4449,0.2906,0.2645,0.4449,random_forest
wheat,APMC Kalyan,2026-01-07,3200.0,3200.0,0,-1,STABLE,DECREASE,0.7103,0.7103,0.1306,0.1591,random_forest
wheat,APMC Jalana,2026-01-07,2600.0,2600.0,0,0,STABLE,STABLE,0.5199,0.2262,0.5199,0.2539,random_forest
wheat,APMC Hinganghat,2026-01-07,2530.0,2600.0,1,0,INCREASE,STABLE,0.5019,0.2772,0.5019,0.2209,random_forest
wheat,APMC Dhule,2026-01-07,2650.0,2700.0,1,-1,INCREASE,DECREASE,0.4488,0.4488,0.3429,0.2083,random_forest
wheat,APMC Chattrapati Sambhajinagar,2026-01-07,2680.0,2675.0,0,-1,STABLE,DECREASE,0.379,0.379,0.3439,0.2771,random_forest
wheat,APMC Amarawati,2026-01-07,2750.0,2750.0,0,0,STABLE,STABLE,0.4803,0.2133,0.4803,0.3064,random_forest
wheat,APMC Akola,2026-01-07,2500.0,2465.0,0,0,STABLE,STABLE,0.4642,0.1818,0.4642,0.354,random_forest
wheat,APMC Majalgaon,2026-01-07,2600.0,2700.0,1,1,INCREASE,INCREASE,0.6158,0.2137,0.1705,0.6158,random_forest
wheat,Lasalgaon(Niphad),2026-01-08,2650.0,2681.0,0,1,STABLE,INCREASE,0.3789,0.2551,0.3659,0.3789,random_forest
wheat,APMC Ulhasnagar,2026-01-08,2800.0,3000.0,1,1,INCREASE,INCREASE,0.6712,0.1852,0.1436,0.6712,random_forest
wheat,APMC Solapur,2026-01-08,3545.0,3560.0,0,0,STABLE,STABLE,0.898,0.0504,0.898,0.0515,random_forest
wheat,APMC Sangli,2026-01-08,3600.0,3700.0,1,1,INCREASE,INCREASE,0.4453,0.2622,0.2925,0.4453,random_forest
wheat,APMC Paithan,2026-01-08,2600.0,2851.0,1,1,INCREASE,INCREASE,0.3554,0.3241,0.3204,0.3554,random_forest
wheat,APMC Nagpur,2026-01-08,3350.0,3275.0,-1,1,DECREASE,INCREASE,0.5401,0.1107,0.3492,0.5401,random_forest
wheat,APMC Mumbai,2026-01-08,3950.0,3950.0,0,0,STABLE,STABLE,0.9136,0.0487,0.9136,0.0377,random_forest
wheat,Shevgaon(Bodhegaon),2026-01-08,2500.0,2500.0,0,1,STABLE,INCREASE,0.5058,0.1877,0.3064,0.5058,random_forest
wheat,APMC Kopargaon,2026-01-08,2791.0,2500.0,-1,-1,DECREASE,DECREASE,0.6151,0.6151,0.1778,0.2071,random_forest
wheat,APMC Akola,2026-01-08,2522.0,2575.0,1,0,INCREASE,STABLE,0.4328,0.1737,0.4328,0.3934,random_forest
wheat,APMC Amarawati,2026-01-08,2750.0,2750.0,0,0,STABLE,STABLE,0.5663,0.2136,0.5663,0.2201,random_forest
wheat,APMC Chattrapati Sambhajinagar,2026-01-08,2675.0,2626.0,-1,-1,DECREASE,DECREASE,0.3778,0.3778,0.3414,0.2808,random_forest
wheat,APMC Malkapur,2026-01-08,2800.0,2700.0,-1,-1,DECREASE,DECREASE,0.5499,0.5499,0.2144,0.2357,random_forest
wheat,APMC Jalana,2026-01-08,2600.0,2625.0,0,0,STABLE,STABLE,0.5507,0.1977,0.5507,0.2517,random_forest
wheat,APMC Kalyan,2026-01-08,3200.0,3200.0,0,-1,STABLE,DECREASE,0.4052,0.4052,0.2791,0.3157,random_forest
wheat,APMC Dhule,2026-01-08,2650.0,2650.0,0,0,STABLE,STABLE,0.4138,0.3111,0.4138,0.2751,random_forest
wheat,Shevgaon(Bodhegaon),2026-01-09,2500.0,2500.0,0,1,STABLE,INCREASE,0.5898,0.1401,0.2701,0.5898,random_forest
wheat,APMC Malkapur,2026-01-09,2700.0,2640.0,-1,-1,DECREASE,DECREASE,0.4415,0.4415,0.1999,0.3586,random_forest
wheat,APMC Ulhasnagar,2026-01-09,3000.0,3200.0,1,1,INCREASE,INCREASE,0.4337,0.4056,0.1607,0.4337,random_forest
wheat,APMC Solapur,2026-01-09,3550.0,3590.0,0,0,STABLE,STABLE,0.918,0.0433,0.918,0.0388,random_forest
wheat,APMC Sangli,2026-01-09,3700.0,3700.0,0,-1,STABLE,DECREASE,0.5455,0.5455,0.3067,0.1478,random_forest
wheat,APMC Paithan,2026-01-09,2550.0,2521.0,0,1,STABLE,INCREASE,0.6149,0.1883,0.1968,0.6149,random_forest
wheat,APMC Nagpur,2026-01-09,3425.0,3425.0,0,0,STABLE,STABLE,0.803,0.1545,0.803,0.0424,random_forest
wheat,APMC Mumbai,2026-01-09,3950.0,3950.0,0,0,STABLE,STABLE,0.8945,0.0552,0.8945,0.0503,random_forest
wheat,Lasalgaon(Niphad),2026-01-09,2650.0,2697.0,1,0,INCREASE,STABLE,0.4244,0.2894,0.4244,0.2861,random_forest
wheat,APMC Majalgaon,2026-01-09,2700.0,2700.0,0,-1,STABLE,DECREASE,0.631,0.631,0.1573,0.2116,random_forest
wheat,APMC Kalyan,2026-01-09,3200.0,3200.0,0,-1,STABLE,DECREASE,0.5552,0.5552,0.209,0.2358,random_forest
wheat,APMC Jalana,2026-01-09,2600.0,2625.0,0,0,STABLE,STABLE,0.5468,0.2148,0.5468,0.2383,random_forest
wheat,APMC Hinganghat,2026-01-09,2510.0,2500.0,0,0,STABLE,STABLE,0.5691,0.1651,0.5691,0.2658,random_forest
wheat,APMC Dhule,2026-01-09,2810.0,2600.0,-1,-1,DECREASE,DECREASE,0.6989,0.6989,0.1642,0.1369,random_forest
wheat,APMC Chattrapati Sambhajinagar,2026-01-09,2650.0,2811.0,1,0,INCREASE,STABLE,0.4887,0.2545,0.4887,0.2568,random_forest
wheat,APMC Amarawati,2026-01-09,2750.0,2900.0,1,0,INCREASE,STABLE,0.4671,0.22,0.4671,0.313,random_forest
wheat,APMC Akola,2026-01-09,2600.0,2470.0,-1,-1,DECREASE,DECREASE,0.5606,0.5606,0.261,0.1784,random_forest
wheat,APMC Kopargaon,2026-01-09,2606.0,2629.0,0,1,STABLE,INCREASE,0.5963,0.2238,0.1799,0.5963,random_forest
wheat,APMC Nagpur,2026-01-10,3425.0,3425.0,0,0,STABLE,STABLE,0.7387,0.1588,0.7387,0.1024,random_forest
wheat,Lasalgaon(Niphad),2026-01-10,2691.0,2663.0,0,-1,STABLE,DECREASE,0.4654,0.4654,0.3161,0.2185,random_forest
wheat,APMC Solapur,2026-01-10,3555.0,3595.0,0,0,STABLE,STABLE,0.8957,0.0518,0.8957,0.0524,random_forest
wheat,APMC Shevgaon,2026-01-10,2750.0,2850.0,1,-1,INCREASE,DECREASE,0.7031,0.7031,0.1318,0.1651,random_forest
wheat,APMC Sangli,2026-01-10,3500.0,3700.0,1,1,INCREASE,INCREASE,0.6006,0.1737,0.2257,0.6006,random_forest
wheat,APMC Paithan,2026-01-10,2600.0,2551.0,-1,-1,DECREASE,DECREASE,0.4152,0.4152,0.2436,0.3411,random_forest
wheat,Shevgaon(Bodhegaon),2026-01-10,2600.0,2500.0,-1,-1,DECREASE,DECREASE,0.5744,0.5744,0.2159,0.2096,random_forest
wheat,APMC Malkapur,2026-01-10,2480.0,2615.0,1,1,INCREASE,INCREASE,0.7019,0.1574,0.1407,0.7019,random_forest
wheat,APMC Kopargaon,2026-01-10,2525.0,2600.0,1,1,INCREASE,INCREASE,0.6485,0.1878,0.1637,0.6485,random_forest
wheat,APMC Jalana,2026-01-10,2600.0,2600.0,0,0,STABLE,STABLE,0.5154,0.2002,0.5154,0.2844,random_forest
wheat,APMC Hinganghat,2026-01-10,2475.0,2500.0,0,0,STABLE,STABLE,0.5486,0.172,0.5486,0.2794,random_forest
wheat,APMC Dhule,2026-01-10,2700.0,2650.0,-1,-1,DECREASE,DECREASE,0.4539,0.4539,0.2356,0.3105,random_forest
wheat,APMC Chattrapati Sambhajinagar,2026-01-10,2675.0,2900.0,1,0,INCREASE,STABLE,0.4759,0.2816,0.4759,0.2425,random_forest
wheat,APMC Amarawati,2026-01-10,2750.0,2750.0,0,0,STABLE,STABLE,0.5721,0.2119,0.5721,0.2161,random_forest
wheat,APMC Akola,2026-01-10,2465.0,2475.0,0,1,STABLE,INCREASE,0.5556,0.1372,0.3072,0.5556,random_forest
wheat,APMC Majalgaon,2026-01-10,2600.0,2600.0,0,1,STABLE,INCREASE,0.5394,0.282,0.1786,0.5394,random_forest
wheat,APMC Ulhasnagar,2026-01-11,3000.0,3000.0,0,1,STABLE,INCREASE,0.39,0.3336,0.2764,0.39,random_forest
wheat,APMC Sillod,2026-01-11,2600.0,2550.0,-1,-1,DECREASE,DECREASE,0.5001,0.5001,0.2901,0.2098,random_forest
wheat,APMC Paithan,2026-01-11,2851.0,2575.0,-1,-1,DECREASE,DECREASE,0.67,0.67,0.1343,0.1957,random_forest
wheat,APMC Kalyan,2026-01-11,3200.0,3100.0,-1,-1,DECREASE,DECREASE,0.465,0.465,0.2764,0.2585,random_forest
wheat,Shevgaon(Bodhegaon),2026-01-12,2500.0,2500.0,0,1,STABLE,INCREASE,0.5211,0.1758,0.3031,0.5211,random_forest
wheat,APMC Ulhasnagar,2026-01-12,3000.0,3000.0,0,-1,STABLE,DECREASE,0.3953,0.3953,0.2149,0.3898,random_forest
wheat,APMC Solapur,2026-01-12,3560.0,3600.0,0,0,STABLE,STABLE,0.9182,0.0432,0.9182,0.0386,random_forest
wheat,APMC Sillod,2026-01-12,2600.0,2600.0,0,0,STABLE,STABLE,0.382,0.3411,0.382,0.2769,random_forest
wheat,APMC Sangli,2026-01-12,3700.0,3700.0,0,-1,STABLE,DECREASE,0.4786,0.4786,0.3656,0.1558,random_forest
wheat,APMC Rahata,2026-01-12,2675.0,2600.0,-1,-1,DECREASE,DECREASE,0.6386,0.6386,0.1955,0.1658,random_forest
wheat,APMC Nagpur,2026-01-12,3275.0,3425.0,1,1,INCREASE,INCREASE,0.7503,0.1242,0.1255,0.7503,random_forest
wheat,Lasalgaon(Niphad),2026-01-12,2681.0,2632.0,-1,0,DECREASE,STABLE,0.3959,0.3112,0.3959,0.2929,random_forest
wheat,APMC Majalgaon,2026-01-12,2700.0,2600.0,-1,-1,DECREASE,DECREASE,0.5331,0.5331,0.1839,0.283,random_forest
wheat,APMC Chattrapati Sambhajinagar,2026-01-12,2626.0,2736.0,1,1,INCREASE,INCREASE,0.4725,0.2083,0.3192,0.4725,random_forest
wheat,APMC Dhule,2026-01-12,2650.0,2700.0,1,1,INCREASE,INCREASE,0.3858,0.2959,0.3183,0.3858,random_forest
wheat,APMC Hinganghat,2026-01-12,2600.0,2570.0,0,-1,STABLE,DECREASE,0.5576,0.5576,0.2614,0.181,random_forest
wheat,APMC Mumbai,2026-01-12,3950.0,3950.0,0,0,STABLE,STABLE,0.9138,0.0487,0.9138,0.0375,random_forest
wheat,APMC Kalyan,2026-01-12,3200.0,3100.0,-1,-1,DECREASE,DECREASE,0.4689,0.4689,0.2611,0.2699,random_forest
wheat,APMC Kopargaon,2026-01-12,2500.0,2650.0,1,1,INCREASE,INCREASE,0.6475,0.1404,0.2121,0.6475,random_forest
wheat,APMC Jalana,2026-01-12,2625.0,2625.0,0,0,STABLE,STABLE,0.5868,0.195,0.5868,0.2182,random_forest
wheat,Shevgaon(Bodhegaon),2026-01-13,2500.0,2700.0,1,0,INCREASE,STABLE,0.4138,0.2343,0.4138,0.3518,random_forest
wheat,APMC Mumbai,2026-01-13,3950.0,3950.0,0,0,STABLE,STABLE,0.8945,0.0552,0.8945,0.0503,random_forest
wheat,APMC Ulhasnagar,2026-01-13,3200.0,3000.0,-1,-1,DECREASE,DECREASE,0.6091,0.6091,0.1818,0.2091,random_forest
wheat,APMC Sillod,2026-01-13,2600.0,2600.0,0,0,STABLE,STABLE,0.4299,0.2941,0.4299,0.276,random_forest
wheat,APMC Shevgaon,2026-01-13,2700.0,2800.0,1,-1,INCREASE,DECREASE,0.4817,0.4817,0.2208,0.2975,random_forest
wheat,APMC Sangli,2026-01-13,3700.0,3500.0,-1,0,DECREASE,STABLE,0.5888,0.2509,0.5888,0.1602,random_forest
wheat,APMC Rahata,2026-01-13,2761.0,2700.0,-1,-1,DECREASE,DECREASE,0.7504,0.7504,0.1338,0.1158,random_forest
wheat,APMC Paithan,2026-01-13,2521.0,2830.0,1,1,INCREASE,INCREASE,0.5821,0.2039,0.214,0.5821,random_forest
wheat,Lasalgaon(Niphad),2026-01-13,2697.0,2671.0,0,0,STABLE,STABLE,0.4519,0.3203,0.4519,0.2278,random_forest
wheat,APMC Majalgaon,2026-01-13,2700.0,2700.0,0,-1,STABLE,DECREASE,0.3837,0.3837,0.3223,0.2939,random_forest
wheat,APMC Kopargaon,2026-01-13,2629.0,2640.0,0,-1,STABLE,DECREASE,0.4811,0.4811,0.2305,0.2884,random_forest
wheat,APMC Kalyan,2026-01-13,3200.0,3100.0,-1,-1,DECREASE,DECREASE,0.4589,0.4589,0.2906,0.2505,random_forest
wheat,APMC Jalana,2026-01-13,2625.0,2600.0,0,0,STABLE,STABLE,0.5925,0.1966,0.5925,0.2108,random_forest
wheat,APMC Hinganghat,2026-01-13,2500.0,2500.0,0,1,STABLE,INCREASE,0.4726,0.165,0.3625,0.4726,random_forest
wheat,APMC Dhule,2026-01-13,2600.0,2670.0,1,1,INCREASE,INCREASE,0.5211,0.2337,0.2452,0.5211,random_forest
wheat,APMC Chattrapati Sambhajinagar,2026-01-13,2811.0,2562.0,-1,-1,DECREASE,DECREASE,0.7113,0.7113,0.1684,0.1203,random_forest
wheat,APMC Amarawati,2026-01-13,2750.0,2750.0,0,0,STABLE,STABLE,0.5763,0.2139,0.5763,0.2098,random_forest
wheat,APMC Akola,2026-01-13,2575.0,2465.0,-1,-1,DECREASE,DECREASE,0.5173,0.5173,0.2676,0.2151,random_forest
wheat,APMC Malkapur,2026-01-13,2700.0,2650.0,-1,-1,DECREASE,DECREASE,0.5845,0.5845,0.1563,0.2592,random_forest
wheat,APMC Sangli,2026-01-14,3700.0,3700.0,0,0,STABLE,STABLE,0.4346,0.3864,0.4346,0.179,random_forest
wheat,Shevgaon(Bodhegaon),2026-01-14,2500.0,2500.0,0,1,STABLE,INCREASE,0.5237,0.1649,0.3114,0.5237,random_forest
wheat,Lasalgaon(Niphad),2026-01-14,2663.0,2671.0,0,0,STABLE,STABLE,0.5123,0.2461,0.5123,0.2416,random_forest
wheat,APMC Ulhasnagar,2026-01-14,3000.0,2800.0,-1,1,DECREASE,INCREASE,0.5118,0.2861,0.2021,0.5118,random_forest
wheat,APMC Sillod,2026-01-14,2550.0,2600.0,1,1,INCREASE,INCREASE,0.5108,0.2239,0.2654,0.5108,random_forest
wheat,APMC Rahata,2026-01-14,2636.0,2795.0,1,1,INCREASE,INCREASE,0.3647,0.349,0.2863,0.3647,random_forest
wheat,APMC Amarawati,2026-01-14,2900.0,2750.0,-1,-1,DECREASE,DECREASE,0.7367,0.7367,0.1643,0.099,random_forest
wheat,APMC Nagpur,2026-01-14,3425.0,3425.0,0,0,STABLE,STABLE,0.6795,0.2382,0.6795,0.0823,random_forest
wheat,APMC Hinganghat,2026-01-14,2500.0,2600.0,1,0,INCREASE,STABLE,0.4727,0.2069,0.4727,0.3204,random_forest
wheat,APMC Jalana,2026-01-14,2600.0,2600.0,0,0,STABLE,STABLE,0.586,0.1944,0.586,0.2195,random_forest
wheat,APMC Paithan,2026-01-14,2551.0,2600.0,1,1,INCREASE,INCREASE,0.4772,0.2896,0.2333,0.4772,random_forest
wheat,APMC Mumbai,2026-01-14,3950.0,3950.0,0,0,STABLE,STABLE,0.9138,0.0487,0.9138,0.0375,random_forest
wheat,APMC Malkapur,2026-01-14,2640.0,2700.0,1,1,INCREASE,INCREASE,0.5031,0.2729,0.224,0.5031,random_forest
wheat,Shevgaon(Bodhegaon),2026-01-15,2500.0,2500.0,0,0,STABLE,STABLE,0.41,0.2374,0.41,0.3527,random_forest
wheat,APMC Sillod,2026-01-15,2600.0,2500.0,-1,-1,DECREASE,DECREASE,0.4547,0.4547,0.3303,0.215,random_forest
wheat,APMC Malkapur,2026-01-15,2615.0,2590.0,0,-1,STABLE,DECREASE,0.3955,0.3955,0.25,0.3546,random_forest
wheat,Lasalgaon(Niphad),2026-01-15,2632.0,2641.0,0,1,STABLE,INCREASE,0.4119,0.2161,0.372,0.4119,random_forest
wheat,APMC Kopargaon,2026-01-15,2600.0,2625.0,0,1,STABLE,INCREASE,0.3807,0.3573,0.262,0.3807,random_forest
wheat,APMC Kalyan,2026-01-15,3100.0,3100.0,0,1,STABLE,INCREASE,0.4239,0.3955,0.1806,0.4239,random_forest
wheat,APMC Majalgaon,2026-01-15,2600.0,2700.0,1,1,INCREASE,INCREASE,0.4015,0.3275,0.271,0.4015,random_forest
wheat,APMC Paithan,2026-01-15,2575.0,2600.0,0,1,STABLE,INCREASE,0.4837,0.2831,0.2332,0.4837,random_forest
wheat,APMC Malkapur,2026-01-16,2650.0,2800.0,1,1,INCREASE,INCREASE,0.4077,0.3672,0.2251,0.4077,random_forest
wheat,Shevgaon(Bodhegaon),2026-01-16,2700.0,2500.0,-1,-1,DECREASE,DECREASE,0.6881,0.6881,0.172,0.1399,random_forest
wheat,Lasalgaon(Niphad),2026-01-16,2671.0,2650.0,0,0,STABLE,STABLE,0.4311,0.3663,0.4311,0.2026,random_forest
wheat,APMC Shevgaon,2026-01-16,2700.0,2700.0,0,-1,STABLE,DECREASE,0.3618,0.3618,0.3245,0.3137,random_forest
wheat,APMC Sangli,2026-01-16,3700.0,3550.0,-1,0,DECREASE,STABLE,0.604,0.2347,0.604,0.1614,random_forest
wheat,APMC Paithan,2026-01-16,2830.0,2700.0,-1,-1,DECREASE,DECREASE,0.7893,0.7893,0.0976,0.1132,random_forest
wheat,APMC Mumbai,2026-01-16,3950.0,3950.0,0,0,STABLE,STABLE,0.8945,0.0552,0.8945,0.0503,random_forest
wheat,APMC Majalgaon,2026-01-16,2600.0,2700.0,1,1,INCREASE,INCREASE,0.4878,0.285,0.2272,0.4878,random_forest
wheat,APMC Kalyan,2026-01-16,3100.0,3100.0,0,1,STABLE,INCREASE,0.4275,0.3158,0.2568,0.4275,random_forest
wheat,APMC Jalana,2026-01-16,2625.0,2625.0,0,0,STABLE,STABLE,0.5799,0.1978,0.5799,0.2223,random_forest
wheat,APMC Hinganghat,2026-01-16,2570.0,2480.0,-1,-1,DECREASE,DECREASE,0.4649,0.4649,0.3226,0.2125,random_forest
wheat,APMC Amarawati,2026-01-16,2750.0,2737.0,0,1,STABLE,INCREASE,0.3792,0.2893,0.3315,0.3792,random_forest
wheat,APMC Akola,2026-01-16,2470.0,2575.0,1,1,INCREASE,INCREASE,0.6637,0.1174,0.2188,0.6637,random_forest
wheat,APMC Kopargaon,2026-01-16,2650.0,2650.0,0,-1,STABLE,DECREASE,0.5084,0.5084,0.2158,0.2758,random_forest
wheat,Shevgaon(Bodhegaon),2026-01-17,2500.0,2600.0,1,1,INCREASE,INCREASE,0.5412,0.1816,0.2772,0.5412,random_forest
wheat,APMC Sangli,2026-01-17,3500.0,3500.0,0,1,STABLE,INCREASE,0.5519,0.1781,0.27,0.5519,random_forest
wheat,APMC Rahata,2026-01-17,2600.0,2770.0,1,1,INCREASE,INCREASE,0.4456,0.2671,0.2873,0.4456,random_forest
wheat,APMC Paithan,2026-01-17,2600.0,2500.0,-1,1,DECREASE,INCREASE,0.4116,0.3569,0.2314,0.4116,random_forest
wheat,APMC Malkapur,2026-01-17,2700.0,2800.0,1,-1,INCREASE,DECREASE,0.6002,0.6002,0.1668,0.233,random_forest
wheat,APMC Hinganghat,2026-01-17,2500.0,2500.0,0,1,STABLE,INCREASE,0.4549,0.1784,0.3667,0.4549,random_forest
wheat,APMC Kopargaon,2026-01-17,2640.0,2651.0,0,1,STABLE,INCREASE,0.3863,0.3416,0.2721,0.3863,random_forest
wheat,APMC Chattrapati Sambhajinagar,2026-01-17,2900.0,2700.0,-1,-1,DECREASE,DECREASE,0.7609,0.7609,0.1193,0.1198,random_forest
wheat,APMC Amarawati,2026-01-17,2750.0,2725.0,0,0,STABLE,STABLE,0.431,0.302,0.431,0.267,random_forest
wheat,APMC Akola,2026-01-17,2475.0,2495.0,0,0,STABLE,STABLE,0.438,0.2361,0.438,0.3259,random_forest
wheat,APMC Majalgaon,2026-01-17,2700.0,2700.0,0,-1,STABLE,DECREASE,0.6587,0.6587,0.1678,0.1735,random_forest
wheat,APMC Ulhasnagar,2026-01-18,3000.0,3000.0,0,-1,STABLE,DECREASE,0.3548,0.3548,0.2906,0.3546,random_forest
wheat,APMC Sillod,2026-01-18,2600.0,2600.0,0,0,STABLE,STABLE,0.3821,0.3337,0.3821,0.2842,random_forest
wheat,APMC Paithan,2026-01-18,2600.0,2581.0,0,1,STABLE,INCREASE,0.3908,0.3124,0.2968,0.3908,random_forest
wheat,APMC Shevgaon,2026-01-18,2850.0,2800.0,-1,-1,DECREASE,DECREASE,0.7287,0.7287,0.1118,0.1595,random_forest
wheat,APMC Shevgaon,2026-01-19,2800.0,2500.0,-1,-1,DECREASE,DECREASE,0.525,0.525,0.1964,0.2786,random_forest
wheat,Shevgaon(Bodhegaon),2026-01-19,2500.0,2500.0,0,1,STABLE,INCREASE,0.3888,0.2386,0.3726,0.3888,random_forest
wheat,Lasalgaon(Niphad),2026-01-19,2671.0,2700.0,0,0,STABLE,STABLE,0.5151,0.2449,0.5151,0.24,random_forest
wheat,APMC Ulhasnagar,2026-01-19,3000.0,3200.0,1,1,INCREASE,INCREASE,0.4089,0.4037,0.1874,0.4089,random_forest
wheat,APMC Sangli,2026-01-19,3700.0,3700.0,0,0,STABLE,STABLE,0.4335,0.4281,0.4335,0.1384,random_forest
wheat,APMC Rahata,2026-01-19,2700.0,2770.0,1,-1,INCREASE,DECREASE,0.5576,0.5576,0.1786,0.2639,random_forest
wheat,APMC Mumbai,2026-01-19,3950.0,3950.0,0,0,STABLE,STABLE,0.9161,0.0486,0.9161,0.0352,random_forest
wheat,APMC Nagpur,2026-01-19,3425.0,3425.0,0,0,STABLE,STABLE,0.7601,0.1662,0.7601,0.0737,random_forest
wheat,APMC Kopargaon,2026-01-19,2625.0,2650.0,0,1,STABLE,INCREASE,0.3464,0.3129,0.3407,0.3464,random_forest
wheat,APMC Jalana,2026-01-19,2600.0,2600.0,0,0,STABLE,STABLE,0.5916,0.1956,0.5916,0.2128,random_forest
wheat,APMC Hinganghat,2026-01-19,2600.0,2500.0,-1,-1,DECREASE,DECREASE,0.6159,0.6159,0.2149,0.1692,random_forest
wheat,APMC Dhule,2026-01-19,2650.0,2600.0,-1,-1,DECREASE,DECREASE,0.3873,0.3873,0.2451,0.3675,random_forest
wheat,APMC Amarawati,2026-01-19,2750.0,2725.0,0,1,STABLE,INCREASE,0.4247,0.2509,0.3244,0.4247,random_forest
wheat,APMC Akola,2026-01-19,2465.0,2695.0,1,1,INCREASE,INCREASE,0.5508,0.1505,0.2987,0.5508,random_forest
wheat,APMC Majalgaon,2026-01-19,2700.0,2700.0,0,-1,STABLE,DECREASE,0.4355,0.4355,0.2721,0.2924,random_forest
wheat,APMC Sangli,2026-01-20,3550.0,3550.0,0,1,STABLE,INCREASE,0.5132,0.2139,0.2729,0.5132,random_forest
wheat,APMC Rahata,2026-01-20,2795.0,2600.0,-1,-1,DECREASE,DECREASE,0.7779,0.7779,0.1152,0.1069,random_forest
wheat,APMC Solapur,2026-01-20,3590.0,3605.0,0,0,STABLE,STABLE,0.8567,0.0952,0.8567,0.0481,random_forest
wheat,APMC Jalana,2026-01-20,2600.0,2600.0,0,0,STABLE,STABLE,0.5873,0.1879,0.5873,0.2248,random_forest
wheat,Lasalgaon(Niphad),2026-01-20,2641.0,2690.0,1,0,INCREASE,STABLE,0.4989,0.2291,0.4989,0.272,random_forest
wheat,Shevgaon(Bodhegaon),2026-01-20,2500.0,2600.0,1,1,INCREASE,INCREASE,0.5673,0.1488,0.2839,0.5673,random_forest
wheat,APMC Paithan,2026-01-20,2700.0,2651.0,-1,-1,DECREASE,DECREASE,0.4349,0.4349,0.1825,0.3825,random_forest
wheat,APMC Ulhasnagar,2026-01-20,2800.0,3000.0,1,1,INCREASE,INCREASE,0.646,0.205,0.1491,0.646,random_forest
wheat,APMC Nagpur,2026-01-20,3425.0,3350.0,-1,0,DECREASE,STABLE,0.6139,0.2662,0.6139,0.1199,random_forest
wheat,APMC Chattrapati Sambhajinagar,2026-01-20,2736.0,2686.0,-1,-1,DECREASE,DECREASE,0.4383,0.4383,0.2133,0.3483,random_forest
wheat,APMC Malkapur,2026-01-20,2590.0,2515.0,-1,1,DECREASE,INCREASE,0.5067,0.2549,0.2384,0.5067,random_forest
wheat,APMC Majalgaon,2026-01-20,2700.0,2700.0,0,-1,STABLE,DECREASE,0.5133,0.5133,0.2254,0.2613,random_forest
wheat,APMC Kopargaon,2026-01-20,2650.0,2550.0,-1,-1,DECREASE,DECREASE,0.41,0.41,0.2817,0.3083,random_forest
wheat,APMC Hinganghat,2026-01-20,2480.0,2500.0,0,1,STABLE,INCREASE,0.6621,0.1144,0.2235,0.6621,random_forest
wheat,APMC Dhule,2026-01-20,2700.0,2675.0,0,-1,STABLE,DECREASE,0.5757,0.5757,0.2205,0.2039,random_forest
wheat,APMC Amarawati,2026-01-20,2737.0,2850.0,1,0,INCREASE,STABLE,0.4106,0.3045,0.4106,0.2848,random_forest
wheat,APMC Akola,2026-01-20,2575.0,2500.0,-1,-1,DECREASE,DECREASE,0.5488,0.5488,0.2471,0.2041,random_forest
wheat,APMC Mumbai,2026-01-20,3950.0,3950.0,0,0,STABLE,STABLE,0.8952,0.057,0.8952,0.0478,random_forest
wheat,APMC Sangli,2026-01-21,3500.0,3700.0,1,0,INCREASE,STABLE,0.4705,0.2186,0.4705,0.3109,random_forest
wheat,APMC Paithan,2026-01-21,2500.0,2581.0,1,1,INCREASE,INCREASE,0.7127,0.1237,0.1635,0.7127,random_forest
wheat,APMC Rahata,2026-01-21,2770.0,2700.0,-1,-1,DECREASE,DECREASE,0.5491,0.5491,0.2169,0.234,random_forest
wheat,APMC Shevgaon,2026-01-21,2700.0,2500.0,-1,-1,DECREASE,DECREASE,0.4109,0.4109,0.2329,0.3562,random_forest
wheat,APMC Nagpur,2026-01-21,3425.0,3350.0,-1,0,DECREASE,STABLE,0.752,0.171,0.752,0.077,random_forest
wheat,APMC Ulhasnagar,2026-01-21,3000.0,2800.0,-1,-1,DECREASE,DECREASE,0.538,0.538,0.2057,0.2563,random_forest
wheat,Lasalgaon(Niphad),2026-01-21,2650.0,2650.0,0,0,STABLE,STABLE,0.4862,0.2214,0.4862,0.2925,random_forest
wheat,Shevgaon(Bodhegaon),2026-01-21,2600.0,2600.0,0,-1,STABLE,DECREASE,0.5546,0.5546,0.228,0.2174,random_forest
wheat,APMC Solapur,2026-01-21,3595.0,3610.0,0,0,STABLE,STABLE,0.8987,0.0571,0.8987,0.0442,random_forest
wheat,APMC Mumbai,2026-01-21,3950.0,3950.0,0,0,STABLE,STABLE,0.9161,0.0486,0.9161,0.0352,random_forest
wheat,APMC Malkapur,2026-01-21,2800.0,2600.0,-1,-1,DECREASE,DECREASE,0.7385,0.7385,0.1215,0.14,random_forest
wheat,APMC Majalgaon,2026-01-21,2700.0,2600.0,-1,1,DECREASE,INCREASE,0.3662,0.3399,0.294,0.3662,random_forest
wheat,APMC Kopargaon,2026-01-21,2651.0,2608.0,-1,-1,DECREASE,DECREASE,0.4057,0.4057,0.2895,0.3048,random_forest
wheat,APMC Kalyan,2026-01-21,3100.0,3650.0,1,1,INCREASE,INCREASE,0.5365,0.2622,0.2013,0.5365,random_forest
wheat,APMC Jalana,2026-01-21,2625.0,2575.0,-1,0,DECREASE,STABLE,0.5946,0.1984,0.5946,0.207,random_forest
wheat,APMC Hinganghat,2026-01-21,2500.0,2500.0,0,0,STABLE,STABLE,0.4266,0.2251,0.4266,0.3483,random_forest
wheat,APMC Dhule,2026-01-21,2670.0,2700.0,0,-1,STABLE,DECREASE,0.3636,0.3636,0.3252,0.3111,random_forest
wheat,APMC Chattrapati Sambhajinagar,2026-01-21,2562.0,2625.0,1,1,INCREASE,INCREASE,0.7127,0.153,0.1343,0.7127,random_forest
wheat,APMC Amarawati,2026-01-21,2725.0,2725.0,0,0,STABLE,STABLE,0.4072,0.2976,0.4072,0.2952,random_forest
wheat,APMC Akola,2026-01-21,2495.0,2500.0,0,1,STABLE,INCREASE,0.5673,0.1607,0.272,0.5673,random_forest
wheat,Shevgaon(Bodhegaon),2026-01-22,2500.0,2600.0,1,1,INCREASE,INCREASE,0.5389,0.1757,0.2854,0.5389,random_forest
wheat,Lasalgaon(Niphad),2026-01-22,2700.0,2681.0,0,-1,STABLE,DECREASE,0.4638,0.4638,0.3742,0.162,random_forest
wheat,APMC Solapur,2026-01-22,3600.0,3615.0,0,0,STABLE,STABLE,0.8417,0.0862,0.8417,0.0721,random_forest
wheat,APMC Sangli,2026-01-22,3700.0,3500.0,-1,0,DECREASE,STABLE,0.4663,0.377,0.4663,0.1568,random_forest
wheat,APMC Rahata,2026-01-22,2770.0,2700.0,-1,-1,DECREASE,DECREASE,0.5035,0.5035,0.2535,0.243,random_forest
wheat,APMC Paithan,2026-01-22,2581.0,2665.0,1,-1,INCREASE,DECREASE,0.3932,0.3932,0.2577,0.3491,random_forest
wheat,APMC Nagpur,2026-01-22,3425.0,3350.0,-1,0,DECREASE,STABLE,0.6896,0.1929,0.6896,0.1174,random_forest
wheat,APMC Ulhasnagar,2026-01-22,3200.0,2800.0,-1,-1,DECREASE,DECREASE,0.7106,0.7106,0.1315,0.1579,random_forest
wheat,APMC Malkapur,2026-01-22,2800.0,2600.0,-1,-1,DECREASE,DECREASE,0.5377,0.5377,0.219,0.2433,random_forest
wheat,APMC Kopargaon,2026-01-22,2650.0,2660.0,0,0,STABLE,STABLE,0.4494,0.2729,0.4494,0.2778,random_forest
wheat,APMC Kalyan,2026-01-22,3100.0,3650.0,1,-1,INCREASE,DECREASE,0.3842,0.3842,0.2816,0.3342,random_forest
wheat,APMC Jalana,2026-01-22,2600.0,2550.0,-1,0,DECREASE,STABLE,0.5859,0.1757,0.5859,0.2384,random_forest
wheat,APMC Hinganghat,2026-01-22,2500.0,2450.0,-1,1,DECREASE,INCREASE,0.5033,0.1473,0.3494,0.5033,random_forest
wheat,APMC Amarawati,2026-01-22,2725.0,2750.0,0,0,STABLE,STABLE,0.4132,0.3032,0.4132,0.2837,random_forest
wheat,APMC Mumbai,2026-01-22,3950.0,3950.0,0,0,STABLE,STABLE,0.8973,0.0551,0.8973,0.0477,random_forest
wheat,Shevgaon(Bodhegaon),2026-01-23,2600.0,2700.0,1,-1,INCREASE,DECREASE,0.5539,0.5539,0.2264,0.2198,random_forest
wheat,Lasalgaon(Niphad),2026-01-23,2690.0,2681.0,0,0,STABLE,STABLE,0.5101,0.2775,0.5101,0.2124,random_forest
wheat,APMC Ulhasnagar,2026-01-23,3000.0,2800.0,-1,1,DECREASE,INCREASE,0.4728,0.3552,0.172,0.4728,random_forest
wheat,APMC Solapur,2026-01-23,3605.0,3620.0,0,0,STABLE,STABLE,0.8684,0.0763,0.8684,0.0554,random_forest
wheat,APMC Shevgaon,2026-01-23,2800.0,2500.0,-1,-1,DECREASE,DECREASE,0.5737,0.5737,0.157,0.2693,random_forest
wheat,APMC Sangli,2026-01-23,3550.0,3550.0,0,1,STABLE,INCREASE,0.3848,0.2368,0.3784,0.3848,random_forest
wheat,APMC Rahata,2026-01-23,2600.0,2600.0,0,1,STABLE,INCREASE,0.6443,0.192,0.1637,0.6443,random_forest
wheat,APMC Paithan,2026-01-23,2651.0,2675.0,0,-1,STABLE,DECREASE,0.479,0.479,0.2053,0.3157,random_forest
wheat,APMC Jalana,2026-01-23,2600.0,2550.0,-1,0,DECREASE,STABLE,0.5916,0.1956,0.5916,0.2128,random_forest
wheat,APMC Mumbai,2026-01-23,3950.0,3950.0,0,0,STABLE,STABLE,0.9161,0.0486,0.9161,0.0352,random_forest
wheat,APMC Kopargaon,2026-01-23,2550.0,2600.0,1,1,INCREASE,INCREASE,0.6709,0.1566,0.1725,0.6709,random_forest
wheat,APMC Hinganghat,2026-01-23,2500.0,2450.0,-1,0,DECREASE,STABLE,0.4489,0.2108,0.4489,0.3404,random_forest
wheat,APMC Dhule,2026-01-23,2600.0,2650.0,1,1,INCREASE,INCREASE,0.573,0.2048,0.2222,0.573,random_forest
wheat,APMC Chattrapati Sambhajinagar,2026-01-23,2700.0,2650.0,-1,-1,DECREASE,DECREASE,0.4598,0.4598,0.1936,0.3466,random_forest
wheat,APMC Amarawati,2026-01-23,2850.0,2750.0,-1,-1,DECREASE,DECREASE,0.5882,0.5882,0.225,0.1867,random_forest
wheat,APMC Akola,2026-01-23,2695.0,2500.0,-1,-1,DECREASE,DECREASE,0.7511,0.7511,0.1323,0.1166,random_forest
wheat,APMC Nagpur,2026-01-23,3350.0,3425.0,1,1,INCREASE,INCREASE,0.6301,0.177,0.1929,0.6301,random_forest
wheat,APMC Paithan,2026-01-24,2581.0,2526.0,-1,1,DECREASE,INCREASE,0.4851,0.2883,0.2266,0.4851,random_forest
wheat,APMC Rahata,2026-01-24,2700.0,2640.0,-1,-1,DECREASE,DECREASE,0.4818,0.4818,0.1897,0.3285,random_forest
wheat,Lasalgaon(Niphad),2026-01-24,2650.0,2590.0,-1,0,DECREASE,STABLE,0.4795,0.2363,0.4795,0.2842,random_forest
wheat,APMC Solapur,2026-01-24,3610.0,3625.0,0,0,STABLE,STABLE,0.8357,0.0917,0.8357,0.0726,random_forest
wheat,Shevgaon(Bodhegaon),2026-01-24,2600.0,2600.0,0,0,STABLE,STABLE,0.368,0.3275,0.368,0.3045,random_forest
wheat,APMC Majalgaon,2026-01-24,2700.0,2600.0,-1,-1,DECREASE,DECREASE,0.3656,0.3656,0.3312,0.3031,random_forest
wheat,APMC Shevgaon,2026-01-24,2500.0,2700.0,1,1,INCREASE,INCREASE,0.8086,0.0818,0.1095,0.8086,random_forest
wheat,APMC Jalana,2026-01-24,2575.0,2525.0,-1,0,DECREASE,STABLE,0.4227,0.1681,0.4227,0.4091,random_forest
wheat,APMC Kopargaon,2026-01-24,2608.0,2540.0,-1,-1,DECREASE,DECREASE,0.4665,0.4665,0.2321,0.3015,random_forest
wheat,APMC Akola,2026-01-24,2500.0,2520.0,0,1,STABLE,INCREASE,0.6745,0.1202,0.2053,0.6745,random_forest
wheat,APMC Nagpur,2026-01-24,3350.0,3350.0,0,1,STABLE,INCREASE,0.3947,0.2283,0.377,0.3947,random_forest
wheat,APMC Dhule,2026-01-24,2675.0,2661.0,0,-1,STABLE,DECREASE,0.4898,0.4898,0.2862,0.224,random_forest
wheat,APMC Amarawati,2026-01-24,2725.0,2750.0,0,1,STABLE,INCREASE,0.411,0.294,0.2951,0.411,random_forest
wheat,APMC Hinganghat,2026-01-24,2500.0,2500.0,0,0,STABLE,STABLE,0.43,0.2243,0.43,0.3457,random_forest
wheat,APMC Sillod,2026-01-25,2600.0,2600.0,0,0,STABLE,STABLE,0.3974,0.3537,0.3974,0.2489,random_forest
wheat,APMC Kalyan,2026-01-26,3100.0,3650.0,1,-1,INCREASE,DECREASE,0.386,0.386,0.2827,0.3313,random_forest
wheat,Shevgaon(Bodhegaon),2026-01-27,2600.0,2600.0,0,-1,STABLE,DECREASE,0.3692,0.3692,0.3154,0.3154,random_forest
wheat,APMC Ulhasnagar,2026-01-27,2800.0,2900.0,1,1,INCREASE,INCREASE,0.6438,0.2055,0.1507,0.6438,random_forest
wheat,APMC Sillod,2026-01-27,2500.0,2600.0,1,1,INCREASE,INCREASE,0.6846,0.0957,0.2196,0.6846,random_forest
wheat,APMC Shevgaon,2026-01-27,2500.0,2750.0,1,1,INCREASE,INCREASE,0.5451,0.2292,0.2256,0.5451,random_forest
wheat,APMC Sangli,2026-01-27,3700.0,3700.0,0,-1,STABLE,DECREASE,0.5064,0.5064,0.3429,0.1507,random_forest
wheat,APMC Rahata,2026-01-27,2700.0,2586.0,-1,-1,DECREASE,DECREASE,0.3859,0.3859,0.2288,0.3853,random_forest
wheat,APMC Paithan,2026-01-27,2665.0,2540.0,-1,-1,DECREASE,DECREASE,0.5998,0.5998,0.1954,0.2048,random_forest
wheat,APMC Nagpur,2026-01-27,3350.0,3375.0,0,1,STABLE,INCREASE,0.5094,0.189,0.3016,0.5094,random_forest
wheat,APMC Mumbai,2026-01-27,3950.0,3950.0,0,0,STABLE,STABLE,0.8913,0.0615,0.8913,0.0472,random_forest
wheat,APMC Solapur,2026-01-27,3615.0,3630.0,0,0,STABLE,STABLE,0.8885,0.073,0.8885,0.0385,random_forest
wheat,APMC Majalgaon,2026-01-27,2700.0,2500.0,-1,-1,DECREASE,DECREASE,0.436,0.436,0.2798,0.2842,random_forest
wheat,APMC Malkapur,2026-01-27,2515.0,2600.0,1,1,INCREASE,INCREASE,0.7561,0.1052,0.1387,0.7561,random_forest
wheat,APMC Akola,2026-01-27,2500.0,2485.0,0,1,STABLE,INCREASE,0.4051,0.2323,0.3626,0.4051,random_forest
wheat,APMC Chattrapati Sambhajinagar,2026-01-27,2686.0,2562.0,-1,1,DECREASE,INCREASE,0.4105,0.3286,0.2609,0.4105,random_forest
wheat,APMC Dhule,2026-01-27,2700.0,2600.0,-1,0,DECREASE,STABLE,0.36,0.3597,0.36,0.2803,random_forest
wheat,APMC Amarawati,2026-01-27,2750.0,2750.0,0,0,STABLE,STABLE,0.3879,0.3246,0.3879,0.2875,random_forest
wheat,APMC Jalana,2026-01-27,2550.0,2500.0,-1,1,DECREASE,INCREASE,0.4579,0.1546,0.3875,0.4579,random_forest
wheat,APMC Kalyan,2026-01-27,3650.0,3650.0,0,-1,STABLE,DECREASE,0.8028,0.8028,0.1209,0.0763,random_forest
wheat,APMC Kopargaon,2026-01-27,2660.0,2550.0,-1,-1,DECREASE,DECREASE,0.4354,0.4354,0.281,0.2835,random_forest
wheat,APMC Hinganghat,2026-01-27,2450.0,2480.0,0,1,STABLE,INCREASE,0.6638,0.1091,0.2271,0.6638,random_forest
wheat,APMC Ulhasnagar,2026-01-28,2800.0,3000.0,1,1,INCREASE,INCREASE,0.5553,0.252,0.1926,0.5553,random_forest
wheat,APMC Nagpur,2026-01-28,3425.0,3375.0,0,0,STABLE,STABLE,0.5984,0.2961,0.5984,0.1055,random_forest
wheat,APMC Solapur,2026-01-28,3620.0,3635.0,0,0,STABLE,STABLE,0.8791,0.0711,0.8791,0.0499,random_forest
wheat,APMC Sillod,2026-01-28,2600.0,2550.0,-1,-1,DECREASE,DECREASE,0.4308,0.4308,0.3301,0.239,random_forest
wheat,APMC Sangli,2026-01-28,3500.0,3700.0,1,1,INCREASE,INCREASE,0.5219,0.2097,0.2684,0.5219,random_forest
wheat,APMC Paithan,2026-01-28,2675.0,2511.0,-1,-1,DECREASE,DECREASE,0.3687,0.3687,0.3266,0.3047,random_forest
wheat,APMC Mumbai,2026-01-28,3950.0,3950.0,0,0,STABLE,STABLE,0.9021,0.0558,0.9021,0.0421,random_forest
wheat,APMC Jalana,2026-01-28,2550.0,2511.0,-1,1,DECREASE,INCREASE,0.4899,0.1432,0.3669,0.4899,random_forest
wheat,APMC Kopargaon,2026-01-28,2600.0,2541.0,-1,1,DECREASE,INCREASE,0.425,0.2981,0.2769,0.425,random_forest
wheat,APMC Kalyan,2026-01-28,3650.0,3650.0,0,-1,STABLE,DECREASE,0.5804,0.5804,0.3136,0.106,random_forest
wheat,APMC Hinganghat,2026-01-28,2450.0,2450.0,0,1,STABLE,INCREASE,0.521,0.1613,0.3177,0.521,random_forest
wheat,APMC Dhule,2026-01-28,2650.0,2550.0,-1,-1,DECREASE,DECREASE,0.3562,0.3562,0.2895,0.3543,random_forest
wheat,APMC Amarawati,2026-01-28,2750.0,2700.0,-1,1,DECREASE,INCREASE,0.4063,0.2821,0.3116,0.4063,random_forest
wheat,APMC Akola,2026-01-28,2500.0,2485.0,0,1,STABLE,INCREASE,0.542,0.166,0.292,0.542,random_forest
wheat,APMC Malkapur,2026-01-28,2600.0,2600.0,0,1,STABLE,INCREASE,0.4041,0.3715,0.2244,0.4041,random_forest
wheat,APMC Sangli,2026-01-29,3550.0,3700.0,1,0,INCREASE,STABLE,0.4832,0.2754,0.4832,0.2414,random_forest
wheat,Shevgaon(Bodhegaon),2026-01-29,2700.0,2600.0,-1,-1,DECREASE,DECREASE,0.6664,0.6664,0.1751,0.1585,random_forest
wheat,APMC Ulhasnagar,2026-01-29,2800.0,2800.0,0,1,STABLE,INCREASE,0.5021,0.2806,0.2174,0.5021,random_forest
wheat,APMC Solapur,2026-01-29,3625.0,3640.0,0,0,STABLE,STABLE,0.9227,0.0454,0.9227,0.0319,random_forest
wheat,APMC Paithan,2026-01-29,2526.0,2838.0,1,1,INCREASE,INCREASE,0.7251,0.1311,0.1438,0.7251,random_forest
wheat,APMC Sillod,2026-01-29,2600.0,2550.0,-1,0,DECREASE,STABLE,0.4291,0.2586,0.4291,0.3122,random_forest
wheat,APMC Mumbai,2026-01-29,3950.0,3950.0,0,0,STABLE,STABLE,0.8982,0.0551,0.8982,0.0466,random_forest
wheat,APMC Kopargaon,2026-01-29,2540.0,2525.0,0,1,STABLE,INCREASE,0.6074,0.1819,0.2107,0.6074,random_forest
wheat,APMC Kalyan,2026-01-29,3650.0,3650.0,0,-1,STABLE,DECREASE,0.524,0.524,0.3322,0.1437,random_forest
wheat,APMC Dhule,2026-01-29,2661.0,2500.0,-1,0,DECREASE,STABLE,0.4149,0.2962,0.4149,0.2889,random_forest
wheat,APMC Chattrapati Sambhajinagar,2026-01-29,2625.0,2675.0,1,1,INCREASE,INCREASE,0.4327,0.311,0.2563,0.4327,random_forest
wheat,APMC Nagpur,2026-01-29,3350.0,3425.0,1,0,INCREASE,STABLE,0.3722,0.2646,0.3722,0.3632,random_forest
wheat,Shevgaon(Bodhegaon),2026-01-30,2600.0,2800.0,1,1,INCREASE,INCREASE,0.3919,0.3532,0.2549,0.3919,random_forest
wheat,APMC Ulhasnagar,2026-01-30,2900.0,2900.0,0,-1,STABLE,DECREASE,0.6697,0.6697,0.1392,0.1911,random_forest
wheat,APMC Solapur,2026-01-30,3630.0,3640.0,0,0,STABLE,STABLE,0.8812,0.0676,0.8812,0.0513,random_forest
wheat,APMC Sillod,2026-01-30,2600.0,2600.0,0,0,STABLE,STABLE,0.3783,0.355,0.3783,0.2667,random_forest
wheat,APMC Shevgaon,2026-01-30,2500.0,2750.0,1,1,INCREASE,INCREASE,0.6344,0.1442,0.2214,0.6344,random_forest
wheat,APMC Sangli,2026-01-30,3700.0,3500.0,-1,-1,DECREASE,DECREASE,0.5646,0.5646,0.3042,0.1313,random_forest
wheat,APMC Rahata,2026-01-30,2600.0,2600.0,0,1,STABLE,INCREASE,0.4363,0.3065,0.2572,0.4363,random_forest
wheat,APMC Paithan,2026-01-30,2540.0,2440.0,-1,1,DECREASE,INCREASE,0.4424,0.2925,0.2651,0.4424,random_forest
wheat,APMC Nagpur,2026-01-30,3375.0,3425.0,0,0,STABLE,STABLE,0.6384,0.2136,0.6384,0.148,random_forest
wheat,APMC Mumbai,2026-01-30,3950.0,3950.0,0,0,STABLE,STABLE,0.9118,0.0483,0.9118,0.0399,random_forest
wheat,Lasalgaon(Niphad),2026-01-30,2681.0,2661.0,0,0,STABLE,STABLE,0.5249,0.2764,0.5249,0.1987,random_forest
wheat,APMC Majalgaon,2026-01-30,2600.0,2490.0,-1,1,DECREASE,INCREASE,0.5367,0.2504,0.2129,0.5367,random_forest
wheat,APMC Kopargaon,2026-01-30,2550.0,2626.0,1,1,INCREASE,INCREASE,0.4791,0.2618,0.2592,0.4791,random_forest
wheat,APMC Kalyan,2026-01-30,3650.0,3600.0,0,0,STABLE,STABLE,0.4713,0.3558,0.4713,0.1729,random_forest
wheat,APMC Jalana,2026-01-30,2525.0,2450.0,-1,1,DECREASE,INCREASE,0.4825,0.1481,0.3694,0.4825,random_forest
wheat,APMC Hinganghat,2026-01-30,2500.0,2450.0,-1,0,DECREASE,STABLE,0.3926,0.3534,0.3926,0.254,random_forest
wheat,APMC Dhule,2026-01-30,2600.0,2450.0,-1,1,DECREASE,INCREASE,0.5922,0.1921,0.2157,0.5922,random_forest
wheat,APMC Chattrapati Sambhajinagar,2026-01-30,2650.0,2610.0,-1,1,DECREASE,INCREASE,0.4367,0.317,0.2463,0.4367,random_forest
wheat,APMC Amarawati,2026-01-30,2750.0,2750.0,0,0,STABLE,STABLE,0.3927,0.3156,0.3927,0.2917,random_forest
wheat,APMC Akola,2026-01-30,2520.0,2500.0,0,0,STABLE,STABLE,0.3666,0.2826,0.3666,0.3508,random_forest
wheat,APMC Malkapur,2026-01-30,2600.0,2500.0,-1,1,DECREASE,INCREASE,0.4951,0.2752,0.2297,0.4951,random_forest
wheat,Shevgaon(Bodhegaon),2026-01-31,2600.0,2600.0,0,-1,STABLE,DECREASE,0.3629,0.3629,0.336,0.301,random_forest
wheat,Lasalgaon(Niphad),2026-01-31,2681.0,2590.0,-1,0,DECREASE,STABLE,0.5602,0.2271,0.5602,0.2127,random_forest
wheat,APMC Solapur,2026-01-31,3635.0,3645.0,0,0,STABLE,STABLE,0.907,0.0587,0.907,0.0344,random_forest
wheat,APMC Rahata,2026-01-31,2640.0,2525.0,-1,-1,DECREASE,DECREASE,0.4462,0.4462,0.1901,0.3637,random_forest
wheat,APMC Paithan,2026-01-31,2511.0,2621.0,1,1,INCREASE,INCREASE,0.5791,0.204,0.2169,0.5791,random_forest
wheat,APMC Nagpur,2026-01-31,3375.0,3425.0,0,0,STABLE,STABLE,0.652,0.1789,0.652,0.1691,random_forest
wheat,APMC Malkapur,2026-01-31,2600.0,2500.0,-1,1,DECREASE,INCREASE,0.3728,0.3723,0.2549,0.3728,random_forest
wheat,APMC Kopargaon,2026-01-31,2541.0,2560.0,0,1,STABLE,INCREASE,0.5503,0.1915,0.2582,0.5503,random_forest
wheat,APMC Jalana,2026-01-31,2500.0,2450.0,-1,1,DECREASE,INCREASE,0.524,0.1611,0.3149,0.524,random_forest
wheat,APMC Hinganghat,2026-01-31,2480.0,2500.0,0,0,STABLE,STABLE,0.4236,0.209,0.4236,0.3674,random_forest
wheat,APMC Chattrapati Sambhajinagar,2026-01-31,2562.0,2651.0,1,1,INCREASE,INCREASE,0.6237,0.2123,0.1641,0.6237,random_forest
wheat,APMC Amarawati,2026-01-31,2750.0,2750.0,0,0,STABLE,STABLE,0.403,0.317,0.403,0.28,random_forest
wheat,APMC Akola,2026-01-31,2485.0,2520.0,0,1,STABLE,INCREASE,0.4228,0.2354,0.3417,0.4228,random_forest
wheat,APMC Majalgaon,2026-01-31,2600.0,2500.0,-1,1,DECREASE,INCREASE,0.4933,0.2721,0.2346,0.4933,random_forest
wheat,APMC Ulhasnagar,2026-02-01,3000.0,3000.0,0,-1,STABLE,DECREASE,0.6228,0.6228,0.1681,0.209,random_forest
wheat,APMC Shevgaon,2026-02-01,2700.0,2500.0,-1,-1,DECREASE,DECREASE,0.5305,0.5305,0.1912,0.2783,random_forest
wheat,APMC Paithan,2026-02-01,2838.0,2810.0,0,-1,STABLE,DECREASE,0.7414,0.7414,0.1125,0.1461,random_forest
wheat,APMC Kalyan,2026-02-01,3650.0,3200.0,-1,0,DECREASE,STABLE,0.4331,0.3758,0.4331,0.1911,random_forest
wheat,APMC Nagpur,2026-02-02,3425.0,3425.0,0,0,STABLE,STABLE,0.5889,0.3085,0.5889,0.1025,random_forest
wheat,Shevgaon(Bodhegaon),2026-02-02,2600.0,2500.0,-1,1,DECREASE,INCREASE,0.4007,0.3392,0.2601,0.4007,random_forest
wheat,Lasalgaon(Niphad),2026-02-02,2590.0,2591.0,0,1,STABLE,INCREASE,0.5886,0.175,0.2364,0.5886,random_forest
wheat,APMC Ulhasnagar,2026-02-02,2800.0,3000.0,1,1,INCREASE,INCREASE,0.4912,0.2964,0.2124,0.4912,random_forest
wheat,APMC Solapur,2026-02-02,3640.0,3650.0,0,0,STABLE,STABLE,0.8941,0.0604,0.8941,0.0455,random_forest
wheat,APMC Sangli,2026-02-02,3700.0,3700.0,0,-1,STABLE,DECREASE,0.4442,0.4442,0.3895,0.1664,random_forest
wheat,APMC Mumbai,2026-02-02,3950.0,3950.0,0,0,STABLE,STABLE,0.8995,0.0555,0.8995,0.045,random_forest
wheat,APMC Kopargaon,2026-02-02,2525.0,2550.0,0,1,STABLE,INCREASE,0.3903,0.2436,0.3661,0.3903,random_forest
wheat,APMC Kalyan,2026-02-02,3650.0,3200.0,-1,0,DECREASE,STABLE,0.4803,0.3518,0.4803,0.168,random_forest
wheat,APMC Jalana,2026-02-02,2511.0,2450.0,-1,1,DECREASE,INCREASE,0.4615,0.1719,0.3667,0.4615,random_forest
wheat,APMC Hinganghat,2026-02-02,2450.0,2520.0,1,0,INCREASE,STABLE,0.4374,0.1722,0.4374,0.3903,random_forest
wheat,APMC Chattrapati Sambhajinagar,2026-02-02,2675.0,2580.0,-1,-1,DECREASE,DECREASE,0.5562,0.5562,0.2047,0.2391,random_forest
wheat,APMC Amarawati,2026-02-02,2700.0,2750.0,1,1,INCREASE,INCREASE,0.4683,0.2518,0.2799,0.4683,random_forest
wheat,APMC Akola,2026-02-02,2485.0,2500.0,0,1,STABLE,INCREASE,0.3921,0.2302,0.3776,0.3921,random_forest
wheat,APMC Majalgaon,2026-02-02,2500.0,2500.0,0,1,STABLE,INCREASE,0.7297,0.1274,0.1429,0.7297,random_forest
wheat,Lasalgaon(Niphad),2026-02-03,2661.0,2581.0,-1,-1,DECREASE,DECREASE,0.4686,0.4686,0.3394,0.192,random_forest
wheat,Shevgaon(Bodhegaon),2026-02-03,2800.0,2500.0,-1,-1,DECREASE,DECREASE,0.7931,0.7931,0.106,0.1009,random_forest
wheat,APMC Ulhasnagar,2026-02-03,2900.0,2800.0,-1,-1,DECREASE,DECREASE,0.5373,0.5373,0.1997,0.263,random_forest
wheat,APMC Solapur,2026-02-03,3640.0,3660.0,0,0,STABLE,STABLE,0.9046,0.0629,0.9046,0.0325,random_forest
wheat,APMC Sillod,2026-02-03,2550.0,2550.0,0,1,STABLE,INCREASE,0.5352,0.1994,0.2654,0.5352,random_forest
wheat,APMC Rahata,2026-02-03,2586.0,2550.0,0,1,STABLE,INCREASE,0.5257,0.2739,0.2005,0.5257,random_forest
wheat,APMC Paithan,2026-02-03,2440.0,2640.0,1,1,INCREASE,INCREASE,0.778,0.096,0.1261,0.778,random_forest
wheat,APMC Mumbai,2026-02-03,3950.0,3950.0,0,0,STABLE,STABLE,0.9043,0.062,0.9043,0.0337,random_forest
wheat,APMC Nagpur,2026-02-03,3425.0,3425.0,0,0,STABLE,STABLE,0.6527,0.2563,0.6527,0.091,random_forest
wheat,APMC Kopargaon,2026-02-03,2626.0,2475.0,-1,-1,DECREASE,DECREASE,0.5437,0.5437,0.2201,0.2362,random_forest
wheat,APMC Kalyan,2026-02-03,3600.0,3200.0,-1,0,DECREASE,STABLE,0.396,0.3763,0.396,0.2277,random_forest
wheat,APMC Jalana,2026-02-03,2450.0,2450.0,0,1,STABLE,INCREASE,0.6996,0.1186,0.1818,0.6996,random_forest
wheat,APMC Hinganghat,2026-02-03,2450.0,2500.0,1,1,INCREASE,INCREASE,0.4951,0.1441,0.3608,0.4951,random_forest
wheat,APMC Chattrapati Sambhajinagar,2026-02-03,2610.0,2606.0,0,1,STABLE,INCREASE,0.4385,0.3189,0.2426,0.4385,random_forest
wheat,APMC Amarawati,2026-02-03,2750.0,2750.0,0,-1,STABLE,DECREASE,0.4733,0.4733,0.2541,0.2726,random_forest
wheat,APMC Akola,2026-02-03,2500.0,2500.0,0,0,STABLE,STABLE,0.3752,0.2532,0.3752,0.3716,random_forest
wheat,APMC Majalgaon,2026-02-03,2490.0,2600.0,1,1,INCREASE,INCREASE,0.5685,0.2044,0.2271,0.5685,random_forest
wheat,APMC Paithan,2026-02-04,2621.0,2586.0,0,-1,STABLE,DECREASE,0.555,0.555,0.1968,0.2482,random_forest
wheat,APMC Rahata,2026-02-04,2600.0,2500.0,-1,1,DECREASE,INCREASE,0.3765,0.3219,0.3016,0.3765,random_forest
wheat,APMC Sangli,2026-02-04,3700.0,3700.0,0,0,STABLE,STABLE,0.4762,0.374,0.4762,0.1498,random_forest
wheat,APMC Shevgaon,2026-02-04,2750.0,2500.0,-1,-1,DECREASE,DECREASE,0.638,0.638,0.1627,0.1993,random_forest
wheat,Lasalgaon(Niphad),2026-02-04,2590.0,2680.0,1,1,INCREASE,INCREASE,0.6098,0.1862,0.2041,0.6098,random_forest
wheat,APMC Solapur,2026-02-04,3645.0,3665.0,0,0,STABLE,STABLE,0.8868,0.0649,0.8868,0.0483,random_forest
wheat,APMC Ulhasnagar,2026-02-04,3000.0,3000.0,0,-1,STABLE,DECREASE,0.6853,0.6853,0.1572,0.1575,random_forest
wheat,APMC Sillod,2026-02-04,2550.0,2550.0,0,1,STABLE,INCREASE,0.4684,0.1888,0.3428,0.4684,random_forest
wheat,APMC Nagpur,2026-02-04,3425.0,3425.0,0,0,STABLE,STABLE,0.6876,0.1976,0.6876,0.1148,random_forest
wheat,APMC Amarawati,2026-02-04,2750.0,2750.0,0,0,STABLE,STABLE,0.5388,0.2318,0.5388,0.2294,random_forest
wheat,APMC Malkapur,2026-02-04,2600.0,2630.0,0,1,STABLE,INCREASE,0.3609,0.3281,0.3109,0.3609,random_forest
wheat,APMC Majalgaon,2026-02-04,2500.0,2500.0,0,1,STABLE,INCREASE,0.607,0.1665,0.2264,0.607,random_forest
wheat,APMC Kopargaon,2026-02-04,2560.0,2430.0,-1,1,DECREASE,INCREASE,0.5063,0.2258,0.2678,0.5063,random_forest
wheat,APMC Kalyan,2026-02-04,3200.0,3200.0,0,1,STABLE,INCREASE,0.67,0.1726,0.1574,0.67,random_forest
wheat,APMC Jalana,2026-02-04,2450.0,2450.0,0,1,STABLE,INCREASE,0.5622,0.1511,0.2867,0.5622,random_forest
wheat,APMC Chattrapati Sambhajinagar,2026-02-04,2651.0,2550.0,-1,-1,DECREASE,DECREASE,0.5362,0.5362,0.2146,0.2492,random_forest
wheat,APMC Akola,2026-02-04,2520.0,2475.0,-1,0,DECREASE,STABLE,0.4665,0.1983,0.4665,0.3352,random_forest
wheat,APMC Mumbai,2026-02-04,3950.0,3950.0,0,0,STABLE,STABLE,0.897,0.056,0.897,0.047,random_forest
wheat,APMC Rahata,2026-02-05,2525.0,2556.0,0,1,STABLE,INCREASE,0.6595,0.1663,0.1742,0.6595,random_forest
wheat,APMC Sangli,2026-02-05,3500.0,3550.0,0,1,STABLE,INCREASE,0.5713,0.1824,0.2463,0.5713,random_forest
wheat,APMC Sillod,2026-02-05,2600.0,2600.0,0,-1,STABLE,DECREASE,0.4909,0.4909,0.3312,0.1779,random_forest
wheat,APMC Kalyan,2026-02-05,3200.0,3200.0,0,1,STABLE,INCREASE,0.4355,0.2604,0.304,0.4355,random_forest
wheat,APMC Ulhasnagar,2026-02-05,3000.0,3000.0,0,-1,STABLE,DECREASE,0.521,0.521,0.2274,0.2517,random_forest
wheat,Lasalgaon(Niphad),2026-02-05,2591.0,2660.0,1,0,INCREASE,STABLE,0.4202,0.2618,0.4202,0.3179,random_forest
wheat,Shevgaon(Bodhegaon),2026-02-05,2600.0,2700.0,1,1,INCREASE,INCREASE,0.4365,0.313,0.2505,0.4365,random_forest
wheat,APMC Paithan,2026-02-05,2810.0,2900.0,1,-1,INCREASE,DECREASE,0.7073,0.7073,0.136,0.1567,random_forest
wheat,APMC Solapur,2026-02-05,3650.0,3670.0,0,0,STABLE,STABLE,0.9139,0.0521,0.9139,0.034,random_forest
wheat,APMC Nagpur,2026-02-05,3425.0,3425.0,0,0,STABLE,STABLE,0.795,0.1499,0.795,0.0552,random_forest
wheat,APMC Chattrapati Sambhajinagar,2026-02-05,2580.0,2488.0,-1,1,DECREASE,INCREASE,0.5759,0.233,0.191,0.5759,random_forest
wheat,APMC Malkapur,2026-02-05,2500.0,2650.0,1,1,INCREASE,INCREASE,0.5996,0.2134,0.187,0.5996,random_forest
wheat,APMC Majalgaon,2026-02-05,2500.0,2800.0,1,1,INCREASE,INCREASE,0.457,0.2581,0.2849,0.457,random_forest
wheat,APMC Kopargaon,2026-02-05,2550.0,2450.0,-1,1,DECREASE,INCREASE,0.3768,0.2745,0.3487,0.3768,random_forest
wheat,APMC Jalana,2026-02-05,2450.0,2450.0,0,1,STABLE,INCREASE,0.5877,0.1404,0.2719,0.5877,random_forest
wheat,APMC Hinganghat,2026-02-05,2500.0,2460.0,-1,0,DECREASE,STABLE,0.3694,0.3544,0.3694,0.2762,random_forest
wheat,APMC Amarawati,2026-02-05,2750.0,2750.0,0,0,STABLE,STABLE,0.4884,0.2978,0.4884,0.2138,random_forest
wheat,APMC Akola,2026-02-05,2500.0,2435.0,-1,0,DECREASE,STABLE,0.491,0.1952,0.491,0.3138,random_forest
wheat,APMC Mumbai,2026-02-05,3950.0,4250.0,1,0,INCREASE,STABLE,0.916,0.0496,0.916,0.0344,random_forest
wheat,Shevgaon(Bodhegaon),2026-02-06,2500.0,2500.0,0,1,STABLE,INCREASE,0.6598,0.1609,0.1793,0.6598,random_forest
wheat,Lasalgaon(Niphad),2026-02-06,2581.0,2600.0,0,1,STABLE,INCREASE,0.4612,0.212,0.3268,0.4612,random_forest
wheat,APMC Sangli,2026-02-06,3700.0,3700.0,0,0,STABLE,STABLE,0.4538,0.393,0.4538,0.1532,random_forest
wheat,APMC Paithan,2026-02-06,2640.0,2811.0,1,-1,INCREASE,DECREASE,0.4508,0.4508,0.1994,0.3499,random_forest
wheat,APMC Nagpur,2026-02-06,3425.0,3425.0,0,0,STABLE,STABLE,0.7306,0.165,0.7306,0.1044,random_forest
wheat,APMC Mumbai,2026-02-06,3950.0,4250.0,1,0,INCREASE,STABLE,0.8985,0.0554,0.8985,0.0461,random_forest
wheat,APMC Rahata,2026-02-06,2550.0,2515.0,0,1,STABLE,INCREASE,0.4231,0.3002,0.2767,0.4231,random_forest
wheat,APMC Majalgaon,2026-02-06,2600.0,2600.0,0,-1,STABLE,DECREASE,0.546,0.546,0.2002,0.2539,random_forest
wheat,APMC Kopargaon,2026-02-06,2475.0,2500.0,0,1,STABLE,INCREASE,0.7152,0.1222,0.1626,0.7152,random_forest
wheat,APMC Kalyan,2026-02-06,3200.0,3200.0,0,1,STABLE,INCREASE,0.4441,0.3107,0.2451,0.4441,random_forest
wheat,APMC Jalana,2026-02-06,2450.0,2445.0,0,1,STABLE,INCREASE,0.4497,0.2074,0.3429,0.4497,random_forest
wheat,APMC Amarawati,2026-02-06,2750.0,2750.0,0,0,STABLE,STABLE,0.5397,0.231,0.5397,0.2294,random_forest
wheat,APMC Akola,2026-02-06,2500.0,2485.0,0,0,STABLE,STABLE,0.4932,0.1935,0.4932,0.3133,random_forest
wheat,APMC Malkapur,2026-02-06,2500.0,2500.0,0,1,STABLE,INCREASE,0.6111,0.1691,0.2198,0.6111,random_forest
wheat,Shevgaon(Bodhegaon),2026-02-07,2500.0,2500.0,0,1,STABLE,INCREASE,0.5528,0.2285,0.2187,0.5528,random_forest
wheat,Lasalgaon(Niphad),2026-02-07,2680.0,2581.0,-1,-1,DECREASE,DECREASE,0.5334,0.5334,0.2817,0.1848,random_forest
wheat,APMC Shevgaon,2026-02-07,2750.0,2500.0,-1,-1,DECREASE,DECREASE,0.4866,0.4866,0.2553,0.2581,random_forest
wheat,APMC Nagpur,2026-02-07,3425.0,3425.0,0,0,STABLE,STABLE,0.7987,0.1436,0.7987,0.0577,random_forest
wheat,APMC Kopargaon,2026-02-07,2430.0,2540.0,1,1,INCREASE,INCREASE,0.6959,0.149,0.155,0.6959,random_forest
wheat,APMC Jalana,2026-02-07,2450.0,2450.0,0,1,STABLE,INCREASE,0.4305,0.242,0.3275,0.4305,random_forest
wheat,APMC Amarawati,2026-02-07,2750.0,2750.0,0,0,STABLE,STABLE,0.5561,0.2253,0.5561,0.2185,random_forest
wheat,APMC Akola,2026-02-07,2475.0,2440.0,0,1,STABLE,INCREASE,0.4075,0.1902,0.4024,0.4075,random_forest
wheat,APMC Majalgaon,2026-02-07,2500.0,2600.0,1,1,INCREASE,INCREASE,0.496,0.2768,0.2272,0.496,random_forest
wheat,APMC Kalyan,2026-02-08,3200.0,3200.0,0,0,STABLE,STABLE,0.4395,0.3149,0.4395,0.2456,random_forest
wheat,APMC Paithan,2026-02-08,2586.0,2821.0,1,1,INCREASE,INCREASE,0.4277,0.3087,0.2636,0.4277,random_forest
wheat,APMC Ulhasnagar,2026-02-08,2800.0,3100.0,1,1,INCREASE,INCREASE,0.5762,0.254,0.1697,0.5762,random_forest
wheat,APMC Shevgaon,2026-02-09,2500.0,2500.0,0,1,STABLE,INCREASE,0.8226,0.08,0.0975,0.8226,random_forest
wheat,APMC Sangli,2026-02-09,3700.0,3550.0,-1,0,DECREASE,STABLE,0.4587,0.369,0.4587,0.1723,random_forest
wheat,APMC Sillod,2026-02-09,2550.0,2550.0,0,1,STABLE,INCREASE,0.4167,0.2401,0.3432,0.4167,random_forest
wheat,APMC Rahata,2026-02-09,2500.0,2500.0,0,1,STABLE,INCREASE,0.6942,0.1338,0.172,0.6942,random_forest
wheat,APMC Solapur,2026-02-09,3660.0,3760.0,1,0,INCREASE,STABLE,0.9071,0.0496,0.9071,0.0432,random_forest
wheat,Lasalgaon(Niphad),2026-02-09,2660.0,2576.0,-1,0,DECREASE,STABLE,0.3928,0.3388,0.3928,0.2685,random_forest
wheat,APMC Ulhasnagar,2026-02-09,3000.0,2800.0,-1,-1,DECREASE,DECREASE,0.6883,0.6883,0.153,0.1587,random_forest
wheat,Shevgaon(Bodhegaon),2026-02-09,2700.0,2500.0,-1,-1,DECREASE,DECREASE,0.7069,0.7069,0.1407,0.1524,random_forest
wheat,APMC Nagpur,2026-02-09,3425.0,3250.0,-1,0,DECREASE,STABLE,0.8046,0.1151,0.8046,0.0803,random_forest
wheat,APMC Jalana,2026-02-09,2450.0,2475.0,0,1,STABLE,INCREASE,0.4419,0.2032,0.3548,0.4419,random_forest
wheat,APMC Malkapur,2026-02-09,2630.0,2905.0,1,-1,INCREASE,DECREASE,0.6005,0.6005,0.1986,0.201,random_forest
wheat,APMC Mumbai,2026-02-09,3950.0,3950.0,0,0,STABLE,STABLE,0.9176,0.049,0.9176,0.0334,random_forest
wheat,APMC Akola,2026-02-09,2435.0,2440.0,0,1,STABLE,INCREASE,0.6966,0.1025,0.2009,0.6966,random_forest
wheat,APMC Hinganghat,2026-02-09,2520.0,2440.0,-1,0,DECREASE,STABLE,0.448,0.2815,0.448,0.2705,random_forest
wheat,APMC Amarawati,2026-02-09,2750.0,2750.0,0,0,STABLE,STABLE,0.5408,0.2311,0.5408,0.2281,random_forest
wheat,APMC Kopargaon,2026-02-09,2450.0,2470.0,0,1,STABLE,INCREASE,0.603,0.1579,0.2391,0.603,random_forest
wheat,APMC Kalyan,2026-02-09,3200.0,3200.0,0,-1,STABLE,DECREASE,0.3582,0.3582,0.3143,0.3275,random_forest
wheat,APMC Majalgaon,2026-02-09,2800.0,2500.0,-1,-1,DECREASE,DECREASE,0.7431,0.7431,0.1206,0.1363,random_forest
wheat,Shevgaon(Bodhegaon),2026-02-10,2500.0,2500.0,0,1,STABLE,INCREASE,0.6161,0.1725,0.2115,0.6161,random_forest
wheat,Lasalgaon(Niphad),2026-02-10,2600.0,2600.0,0,1,STABLE,INCREASE,0.3881,0.2583,0.3536,0.3881,random_forest
wheat,APMC Ulhasnagar,2026-02-10,3000.0,3000.0,0,-1,STABLE,DECREASE,0.3733,0.3733,0.3289,0.2978,random_forest
wheat,APMC Solapur,2026-02-10,3665.0,3755.0,1,0,INCREASE,STABLE,0.9172,0.0499,0.9172,0.0329,random_forest
wheat,APMC Sillod,2026-02-10,2550.0,2550.0,0,0,STABLE,STABLE,0.4539,0.2172,0.4539,0.3289,random_forest
wheat,APMC Paithan,2026-02-10,2900.0,2650.0,-1,-1,DECREASE,DECREASE,0.753,0.753,0.1181,0.1289,random_forest
wheat,APMC Nagpur,2026-02-10,3425.0,3250.0,-1,0,DECREASE,STABLE,0.8576,0.1039,0.8576,0.0385,random_forest
wheat,APMC Sangli,2026-02-10,3550.0,3700.0,1,0,INCREASE,STABLE,0.3922,0.2615,0.3922,0.3464,random_forest
wheat,APMC Malkapur,2026-02-10,2650.0,2600.0,-1,-1,DECREASE,DECREASE,0.4243,0.4243,0.2819,0.2938,random_forest
wheat,APMC Majalgaon,2026-02-10,2600.0,2525.0,-1,1,DECREASE,INCREASE,0.4587,0.3274,0.2138,0.4587,random_forest
wheat,APMC Kopargaon,2026-02-10,2500.0,2500.0,0,-1,STABLE,DECREASE,0.371,0.371,0.314,0.3151,random_forest
wheat,APMC Kalyan,2026-02-10,3200.0,3200.0,0,0,STABLE,STABLE,0.369,0.3453,0.369,0.2857,random_forest
wheat,APMC Jalana,2026-02-10,2445.0,2450.0,0,1,STABLE,INCREASE,0.45,0.201,0.349,0.45,random_forest
wheat,APMC Amarawati,2026-02-10,2750.0,2750.0,0,0,STABLE,STABLE,0.5182,0.2516,0.5182,0.2302,random_forest
wheat,APMC Akola,2026-02-10,2485.0,2435.0,-1,-1,DECREASE,DECREASE,0.3903,0.3903,0.3389,0.2709,random_forest
wheat,APMC Mumbai,2026-02-10,4250.0,3950.0,-1,-1,DECREASE,DECREASE,0.6136,0.6136,0.3498,0.0366,random_forest
wheat,APMC Mumbai,2026-02-11,4250.0,3950.0,-1,-1,DECREASE,DECREASE,0.4658,0.4658,0.4491,0.0852,random_forest
wheat,Shevgaon(Bodhegaon),2026-02-11,2500.0,2500.0,0,1,STABLE,INCREASE,0.411,0.2689,0.3201,0.411,random_forest
wheat,Lasalgaon(Niphad),2026-02-11,2581.0,2560.0,0,1,STABLE,INCREASE,0.4979,0.2155,0.2865,0.4979,random_forest
wheat,APMC Solapur,2026-02-11,3670.0,3760.0,1,0,INCREASE,STABLE,0.9099,0.0488,0.9099,0.0413,random_forest
wheat,APMC Sillod,2026-02-11,2600.0,2550.0,-1,-1,DECREASE,DECREASE,0.4496,0.4496,0.3647,0.1856,random_forest
wheat,APMC Paithan,2026-02-11,2811.0,2800.0,0,-1,STABLE,DECREASE,0.4612,0.4612,0.2153,0.3235,random_forest
wheat,APMC Nagpur,2026-02-11,3425.0,3425.0,0,0,STABLE,STABLE,0.8175,0.1125,0.8175,0.07,random_forest
wheat,APMC Malkapur,2026-02-11,2500.0,2590.0,1,1,INCREASE,INCREASE,0.5644,0.2223,0.2134,0.5644,random_forest
wheat,APMC Amarawati,2026-02-11,2750.0,2750.0,0,0,STABLE,STABLE,0.5006,0.2323,0.5006,0.267,random_forest
wheat,APMC Kopargaon,2026-02-11,2540.0,2550.0,0,-1,STABLE,DECREASE,0.4021,0.4021,0.2667,0.3312,random_forest
wheat,APMC Kalyan,2026-02-11,3200.0,3200.0,0,-1,STABLE,DECREASE,0.3612,0.3612,0.3174,0.3215,random_forest
wheat,APMC Jalana,2026-02-11,2450.0,2450.0,0,0,STABLE,STABLE,0.4124,0.2059,0.4124,0.3817,random_forest
wheat,APMC Hinganghat,2026-02-11,2500.0,2480.0,0,0,STABLE,STABLE,0.442,0.2353,0.442,0.3227,random_forest
wheat,APMC Dhule,2026-02-11,2550.0,2425.0,-1,1,DECREASE,INCREASE,0.5968,0.2018,0.2014,0.5968,random_forest
wheat,APMC Chattrapati Sambhajinagar,2026-02-11,2606.0,2550.0,-1,-1,DECREASE,DECREASE,0.3541,0.3541,0.3483,0.2976,random_forest
wheat,APMC Akola,2026-02-11,2440.0,2480.0,1,1,INCREASE,INCREASE,0.5928,0.1441,0.263,0.5928,random_forest
wheat,APMC Majalgaon,2026-02-11,2600.0,2500.0,-1,-1,DECREASE,DECREASE,0.4532,0.4532,0.2209,0.326,random_forest
wheat,APMC Paithan,2026-02-12,2821.0,2600.0,-1,-1,DECREASE,DECREASE,0.5622,0.5622,0.2204,0.2174,random_forest
wheat,Shevgaon(Bodhegaon),2026-02-12,2500.0,2500.0,0,1,STABLE,INCREASE,0.6112,0.1713,0.2174,0.6112,random_forest
wheat,Lasalgaon(Niphad),2026-02-12,2576.0,2460.0,-1,1,DECREASE,INCREASE,0.5019,0.2075,0.2907,0.5019,random_forest
wheat,APMC Ulhasnagar,2026-02-12,3100.0,2800.0,-1,-1,DECREASE,DECREASE,0.6973,0.6973,0.1367,0.166,random_forest
wheat,APMC Solapur,2026-02-12,3760.0,3765.0,0,-1,STABLE,DECREASE,0.6247,0.6247,0.2983,0.0769,random_forest
wheat,APMC Nagpur,2026-02-12,3250.0,3425.0,1,1,INCREASE,INCREASE,0.7534,0.1293,0.1173,0.7534,random_forest
wheat,APMC Sangli,2026-02-12,3700.0,3700.0,0,-1,STABLE,DECREASE,0.4281,0.4281,0.427,0.1449,random_forest
wheat,APMC Majalgaon,2026-02-12,2500.0,2500.0,0,1,STABLE,INCREASE,0.6116,0.2013,0.187,0.6116,random_forest
wheat,APMC Kalyan,2026-02-12,3200.0,3200.0,0,0,STABLE,STABLE,0.5255,0.2463,0.5255,0.2282,random_forest
wheat,APMC Mumbai,2026-02-12,3950.0,3950.0,0,0,STABLE,STABLE,0.4766,0.2163,0.4766,0.3071,random_forest
wheat,APMC Jalana,2026-02-12,2475.0,2475.0,0,0,STABLE,STABLE,0.4132,0.2309,0.4132,0.3559,random_forest
wheat,APMC Hinganghat,2026-02-12,2460.0,2430.0,0,1,STABLE,INCREASE,0.5103,0.1446,0.3451,0.5103,random_forest
wheat,APMC Amarawati,2026-02-12,2750.0,2900.0,1,0,INCREASE,STABLE,0.5864,0.2079,0.5864,0.2057,random_forest
wheat,APMC Akola,2026-02-12,2440.0,2475.0,0,0,STABLE,STABLE,0.4604,0.17,0.4604,0.3695,random_forest
wheat,Shevgaon(Bodhegaon),2026-02-13,2500.0,2500.0,0,1,STABLE,INCREASE,0.4359,0.2537,0.3104,0.4359,random_forest
wheat,Lasalgaon(Niphad),2026-02-13,2600.0,2490.0,-1,0,DECREASE,STABLE,0.3797,0.2919,0.3797,0.3285,random_forest
wheat,APMC Ulhasnagar,2026-02-13,2800.0,3200.0,1,1,INCREASE,INCREASE,0.6245,0.2181,0.1574,0.6245,random_forest
wheat,APMC Solapur,2026-02-13,3755.0,3700.0,0,0,STABLE,STABLE,0.481,0.4078,0.481,0.1112,random_forest
wheat,APMC Paithan,2026-02-13,2650.0,2680.0,0,1,STABLE,INCREASE,0.5448,0.2638,0.1914,0.5448,random_forest
wheat,APMC Nagpur,2026-02-13,3250.0,3425.0,1,1,INCREASE,INCREASE,0.5258,0.2156,0.2586,0.5258,random_forest
wheat,APMC Mumbai,2026-02-13,3950.0,3950.0,0,0,STABLE,STABLE,0.4857,0.1994,0.4857,0.3149,random_forest
wheat,APMC Malkapur,2026-02-13,2905.0,2500.0,-1,-1,DECREASE,DECREASE,0.7955,0.7955,0.0952,0.1093,random_forest
wheat,APMC Majalgaon,2026-02-13,2525.0,2500.0,0,1,STABLE,INCREASE,0.5263,0.2346,0.2391,0.5263,random_forest
wheat,APMC Kopargaon,2026-02-13,2470.0,2526.0,1,1,INCREASE,INCREASE,0.5555,0.2008,0.2437,0.5555,random_forest
wheat,APMC Kalyan,2026-02-13,3200.0,3200.0,0,0,STABLE,STABLE,0.4673,0.2703,0.4673,0.2624,random_forest
wheat,APMC Jalana,2026-02-13,2450.0,2425.0,0,0,STABLE,STABLE,0.4497,0.1775,0.4497,0.3729,random_forest
wheat,APMC Hinganghat,2026-02-13,2440.0,2435.0,0,0,STABLE,STABLE,0.4161,0.1931,0.4161,0.3908,random_forest
wheat,APMC Chattrapati Sambhajinagar,2026-02-13,2550.0,2638.0,1,1,INCREASE,INCREASE,0.5927,0.2234,0.1839,0.5927,random_forest
wheat,APMC Amarawati,2026-02-13,2750.0,2750.0,0,0,STABLE,STABLE,0.5954,0.2058,0.5954,0.1988,random_forest
wheat,APMC Akola,2026-02-13,2435.0,2427.0,0,1,STABLE,INCREASE,0.5233,0.1355,0.3412,0.5233,random_forest
wheat,Lasalgaon(Niphad),2026-02-14,2560.0,2451.0,-1,1,DECREASE,INCREASE,0.4073,0.2532,0.3395,0.4073,random_forest
wheat,Shevgaon(Bodhegaon),2026-02-14,2500.0,2500.0,0,1,STABLE,INCREASE,0.3854,0.2863,0.3283,0.3854,random_forest
wheat,APMC Solapur,2026-02-14,3760.0,3690.0,-1,0,DECREASE,STABLE,0.4848,0.4113,0.4848,0.1039,random_forest
wheat,APMC Rahata,2026-02-14,2556.0,2600.0,1,-1,INCREASE,DECREASE,0.4353,0.4353,0.2587,0.306,random_forest
wheat,APMC Paithan,2026-02-14,2800.0,2770.0,0,-1,STABLE,DECREASE,0.5864,0.5864,0.2139,0.1996,random_forest
wheat,APMC Nagpur,2026-02-14,3425.0,3425.0,0,0,STABLE,STABLE,0.5678,0.3136,0.5678,0.1186,random_forest
wheat,APMC Malkapur,2026-02-14,2600.0,2500.0,-1,1,DECREASE,INCREASE,0.5143,0.2826,0.2031,0.5143,random_forest
wheat,APMC Amarawati,2026-02-14,2750.0,2750.0,0,0,STABLE,STABLE,0.6196,0.1931,0.6196,0.1873,random_forest
wheat,APMC Kopargaon,2026-02-14,2500.0,2440.0,-1,1,DECREASE,INCREASE,0.3889,0.3019,0.3093,0.3889,random_forest
wheat,APMC Jalana,2026-02-14,2450.0,2575.0,1,0,INCREASE,STABLE,0.4767,0.1872,0.4767,0.3361,random_forest
wheat,APMC Dhule,2026-02-14,2500.0,2450.0,-1,1,DECREASE,INCREASE,0.6254,0.1873,0.1873,0.6254,random_forest
wheat,APMC Chattrapati Sambhajinagar,2026-02-14,2488.0,2600.0,1,1,INCREASE,INCREASE,0.6959,0.141,0.1631,0.6959,random_forest
wheat,APMC Akola,2026-02-14,2480.0,2440.0,-1,0,DECREASE,STABLE,0.3868,0.3799,0.3868,0.2333,random_forest
wheat,APMC Majalgaon,2026-02-14,2500.0,2500.0,0,1,STABLE,INCREASE,0.5474,0.2456,0.207,0.5474,random_forest
wheat,APMC Sillod,2026-02-15,2550.0,2550.0,0,1,STABLE,INCREASE,0.4267,0.2015,0.3717,0.4267,random_forest
wheat,APMC Ulhasnagar,2026-02-15,3000.0,3000.0,0,-1,STABLE,DECREASE,0.6106,0.6106,0.2017,0.1877,random_forest
wheat,APMC Paithan,2026-02-15,2600.0,2550.0,-1,1,DECREASE,INCREASE,0.5385,0.2675,0.1939,0.5385,random_forest
wheat,APMC Nagpur,2026-02-16,3425.0,3425.0,0,0,STABLE,STABLE,0.5374,0.3171,0.5374,0.1455,random_forest
wheat,APMC Ulhasnagar,2026-02-16,2800.0,3000.0,1,1,INCREASE,INCREASE,0.5821,0.2506,0.1673,0.5821,random_forest
wheat,APMC Solapur,2026-02-16,3765.0,3675.0,-1,0,DECREASE,STABLE,0.5649,0.2936,0.5649,0.1415,random_forest
wheat,APMC Sillod,2026-02-16,2550.0,2600.0,1,0,INCREASE,STABLE,0.4856,0.2274,0.4856,0.287,random_forest
wheat,Lasalgaon(Niphad),2026-02-16,2460.0,2525.0,1,1,INCREASE,INCREASE,0.7201,0.1158,0.1641,0.7201,random_forest
wheat,APMC Shevgaon,2026-02-16,2500.0,2500.0,0,1,STABLE,INCREASE,0.5038,0.2451,0.2511,0.5038,random_forest
wheat,Shevgaon(Bodhegaon),2026-02-16,2500.0,2500.0,0,1,STABLE,INCREASE,0.3993,0.2675,0.3331,0.3993,random_forest
wheat,APMC Sangli,2026-02-16,3550.0,3700.0,1,1,INCREASE,INCREASE,0.4734,0.2326,0.294,0.4734,random_forest
wheat,APMC Mumbai,2026-02-16,3950.0,3950.0,0,0,STABLE,STABLE,0.4575,0.2101,0.4575,0.3324,random_forest
wheat,APMC Jalana,2026-02-16,2475.0,2575.0,1,0,INCREASE,STABLE,0.4912,0.1931,0.4912,0.3157,random_forest
wheat,APMC Majalgaon,2026-02-16,2500.0,2500.0,0,1,STABLE,INCREASE,0.4083,0.2671,0.3246,0.4083,random_forest
wheat,APMC Malkapur,2026-02-16,2590.0,2820.0,1,-1,INCREASE,DECREASE,0.4281,0.4281,0.2387,0.3332,random_forest
wheat,APMC Akola,2026-02-16,2475.0,2430.0,-1,0,DECREASE,STABLE,0.4987,0.1964,0.4987,0.3049,random_forest
wheat,APMC Amarawati,2026-02-16,2900.0,2750.0,-1,-1,DECREASE,DECREASE,0.7185,0.7185,0.1689,0.1126,random_forest
wheat,APMC Dhule,2026-02-16,2450.0,2450.0,0,1,STABLE,INCREASE,0.7388,0.1093,0.1519,0.7388,random_forest
wheat,APMC Hinganghat,2026-02-16,2480.0,2590.0,1,0,INCREASE,STABLE,0.3992,0.3554,0.3992,0.2454,random_forest
wheat,APMC Chattrapati Sambhajinagar,2026-02-16,2550.0,2515.0,0,1,STABLE,INCREASE,0.397,0.3486,0.2544,0.397,random_forest
wheat,APMC Kalyan,2026-02-16,3200.0,3200.0,0,0,STABLE,STABLE,0.4353,0.2468,0.4353,0.3179,random_forest
wheat,APMC Amarawati,2026-02-17,2750.0,2775.0,0,1,STABLE,INCREASE,0.3611,0.2928,0.3461,0.3611,random_forest
wheat,Shevgaon(Bodhegaon),2026-02-17,2500.0,2425.0,-1,1,DECREASE,INCREASE,0.4455,0.244,0.3105,0.4455,random_forest
wheat,Lasalgaon(Niphad),2026-02-17,2490.0,2525.0,0,1,STABLE,INCREASE,0.5441,0.2127,0.2432,0.5441,random_forest
wheat,APMC Ulhasnagar,2026-02-17,3200.0,2800.0,-1,-1,DECREASE,DECREASE,0.8023,0.8023,0.0962,0.1014,random_forest
wheat,APMC Sillod,2026-02-17,2550.0,2550.0,0,0,STABLE,STABLE,0.4305,0.2029,0.4305,0.3667,random_forest
wheat,APMC Shevgaon,2026-02-17,2500.0,2500.0,0,1,STABLE,INCREASE,0.58,0.1752,0.2448,0.58,random_forest
wheat,APMC Sangli,2026-02-17,3700.0,3550.0,-1,-1,DECREASE,DECREASE,0.4992,0.4992,0.3561,0.1447,random_forest
wheat,APMC Solapur,2026-02-17,3700.0,3660.0,0,0,STABLE,STABLE,0.4844,0.2248,0.4844,0.2909,random_forest
wheat,APMC Mumbai,2026-02-17,3950.0,4250.0,1,0,INCREASE,STABLE,0.6521,0.208,0.6521,0.1399,random_forest
wheat,APMC Malkapur,2026-02-17,2500.0,2551.0,1,1,INCREASE,INCREASE,0.7141,0.1263,0.1596,0.7141,random_forest
wheat,APMC Kopargaon,2026-02-17,2550.0,2490.0,-1,-1,DECREASE,DECREASE,0.5128,0.5128,0.2642,0.223,random_forest
wheat,APMC Kalyan,2026-02-17,3200.0,3200.0,0,0,STABLE,STABLE,0.4363,0.2476,0.4363,0.3161,random_forest
wheat,APMC Dhule,2026-02-17,2425.0,2525.0,1,1,INCREASE,INCREASE,0.6518,0.1463,0.2019,0.6518,random_forest
wheat,APMC Chattrapati Sambhajinagar,2026-02-17,2638.0,2425.0,-1,-1,DECREASE,DECREASE,0.537,0.537,0.2176,0.2454,random_forest
wheat,APMC Paithan,2026-02-17,2680.0,2781.0,1,-1,INCREASE,DECREASE,0.6314,0.6314,0.1731,0.1954,random_forest
wheat,APMC Rahata,2026-02-18,2515.0,2600.0,1,1,INCREASE,INCREASE,0.4577,0.2981,0.2442,0.4577,random_forest
wheat,Shevgaon(Bodhegaon),2026-02-18,2500.0,2800.0,1,0,INCREASE,STABLE,0.4166,0.2283,0.4166,0.3551,random_forest
wheat,Lasalgaon(Niphad),2026-02-18,2451.0,2450.0,0,1,STABLE,INCREASE,0.6959,0.1243,0.1797,0.6959,random_forest
wheat,APMC Ulhasnagar,2026-02-18,3000.0,3200.0,1,1,INCREASE,INCREASE,0.4412,0.3134,0.2453,0.4412,random_forest
wheat,APMC Solapur,2026-02-18,3690.0,3650.0,0,0,STABLE,STABLE,0.5091,0.2281,0.5091,0.2628,random_forest
wheat,APMC Sillod,2026-02-18,2550.0,2500.0,-1,0,DECREASE,STABLE,0.5122,0.2299,0.5122,0.2579,random_forest
wheat,APMC Shevgaon,2026-02-18,2500.0,2600.0,1,1,INCREASE,INCREASE,0.4136,0.2769,0.3095,0.4136,random_forest
wheat,APMC Sangli,2026-02-18,3700.0,3700.0,0,0,STABLE,STABLE,0.4059,0.3848,0.4059,0.2093,random_forest
wheat,APMC Paithan,2026-02-18,2770.0,2600.0,-1,-1,DECREASE,DECREASE,0.5818,0.5818,0.1908,0.2274,random_forest
wheat,APMC Chattrapati Sambhajinagar,2026-02-18,2600.0,2502.0,-1,1,DECREASE,INCREASE,0.3918,0.3395,0.2687,0.3918,random_forest
wheat,APMC Mumbai,2026-02-18,3950.0,4250.0,1,0,INCREASE,STABLE,0.5077,0.2612,0.5077,0.231,random_forest
wheat,APMC Majalgaon,2026-02-18,2500.0,2500.0,0,0,STABLE,STABLE,0.3618,0.2955,0.3618,0.3427,random_forest
wheat,APMC Kopargaon,2026-02-18,2526.0,2475.0,-1,-1,DECREASE,DECREASE,0.403,0.403,0.2865,0.3105,random_forest
wheat,APMC Jalana,2026-02-18,2425.0,2575.0,1,1,INCREASE,INCREASE,0.485,0.1393,0.3757,0.485,random_forest
wheat,APMC Dhule,2026-02-18,2450.0,2650.0,1,1,INCREASE,INCREASE,0.5791,0.1781,0.2428,0.5791,random_forest
wheat,APMC Amarawati,2026-02-18,2750.0,2750.0,0,0,STABLE,STABLE,0.4081,0.316,0.4081,0.2759,random_forest
wheat,APMC Nagpur,2026-02-18,3425.0,3425.0,0,0,STABLE,STABLE,0.5002,0.3185,0.5002,0.1813,random_forest
wheat,APMC Akola,2026-02-18,2427.0,2505.0,1,1,INCREASE,INCREASE,0.4931,0.1339,0.3731,0.4931,random_forest
wheat,Shevgaon(Bodhegaon),2026-02-19,2500.0,2550.0,1,0,INCREASE,STABLE,0.3999,0.2158,0.3999,0.3844,random_forest
wheat,APMC Paithan,2026-02-19,2550.0,2600.0,1,1,INCREASE,INCREASE,0.6812,0.1623,0.1566,0.6812,random_forest
wheat,APMC Sillod,2026-02-19,2600.0,2500.0,-1,-1,DECREASE,DECREASE,0.5979,0.5979,0.2617,0.1404,random_forest
wheat,APMC Nagpur,2026-02-19,3425.0,3425.0,0,0,STABLE,STABLE,0.7129,0.1902,0.7129,0.0969,random_forest
wheat,APMC Kalyan,2026-02-19,3200.0,3200.0,0,0,STABLE,STABLE,0.4908,0.2535,0.4908,0.2557,random_forest
wheat,Shevgaon(Bodhegaon),2026-02-20,2425.0,2500.0,1,1,INCREASE,INCREASE,0.6379,0.1809,0.1812,0.6379,random_forest
wheat,Lasalgaon(Niphad),2026-02-20,2525.0,2541.0,0,-1,STABLE,DECREASE,0.4423,0.4423,0.2631,0.2947,random_forest
wheat,APMC Solapur,2026-02-20,3675.0,3640.0,0,0,STABLE,STABLE,0.4968,0.2032,0.4968,0.3,random_forest
wheat,APMC Shevgaon,2026-02-20,2500.0,2650.0,1,1,INCREASE,INCREASE,0.4356,0.2596,0.3047,0.4356,random_forest
wheat,APMC Sangli,2026-02-20,3700.0,3550.0,-1,0,DECREASE,STABLE,0.4759,0.3778,0.4759,0.1463,random_forest
wheat,APMC Rahata,2026-02-20,2500.0,2680.0,1,1,INCREASE,INCREASE,0.3697,0.2799,0.3504,0.3697,random_forest
wheat,APMC Nagpur,2026-02-20,3425.0,3425.0,0,0,STABLE,STABLE,0.5629,0.2243,0.5629,0.2128,random_forest
wheat,APMC Paithan,2026-02-20,2781.0,2736.0,-1,-1,DECREASE,DECREASE,0.6628,0.6628,0.1634,0.1739,random_forest
wheat,APMC Malkapur,2026-02-20,2500.0,2500.0,0,1,STABLE,INCREASE,0.5348,0.2116,0.2536,0.5348,random_forest
wheat,APMC Majalgaon,2026-02-20,2500.0,2500.0,0,1,STABLE,INCREASE,0.4078,0.2742,0.318,0.4078,random_forest
wheat,APMC Kopargaon,2026-02-20,2440.0,2585.0,1,1,INCREASE,INCREASE,0.6761,0.125,0.1989,0.6761,random_forest
wheat,APMC Kalyan,2026-02-20,3200.0,3200.0,0,0,STABLE,STABLE,0.4264,0.2414,0.4264,0.3322,random_forest
wheat,APMC Jalana,2026-02-20,2575.0,2500.0,-1,-1,DECREASE,DECREASE,0.6666,0.6666,0.1997,0.1337,random_forest
wheat,APMC Dhule,2026-02-20,2450.0,2525.0,1,1,INCREASE,INCREASE,0.459,0.2301,0.3108,0.459,random_forest
wheat,APMC Amarawati,2026-02-20,2750.0,2750.0,0,1,STABLE,INCREASE,0.4722,0.2153,0.3125,0.4722,random_forest
wheat,APMC Mumbai,2026-02-20,3950.0,3950.0,0,0,STABLE,STABLE,0.6407,0.184,0.6407,0.1753,random_forest
wheat,APMC Sangli,2026-02-21,3550.0,3500.0,0,1,STABLE,INCREASE,0.4728,0.2207,0.3065,0.4728,random_forest
wheat,Lasalgaon(Niphad),2026-02-21,2525.0,2426.0,-1,1,DECREASE,INCREASE,0.3892,0.2914,0.3194,0.3892,random_forest
wheat,APMC Solapur,2026-02-21,3660.0,3630.0,0,0,STABLE,STABLE,0.5001,0.2069,0.5001,0.2931,random_forest
wheat,Shevgaon(Bodhegaon),2026-02-21,2800.0,2500.0,-1,-1,DECREASE,DECREASE,0.7825,0.7825,0.132,0.0855,random_forest
wheat,APMC Shevgaon,2026-02-21,2500.0,2600.0,1,1,INCREASE,INCREASE,0.4243,0.2933,0.2824,0.4243,random_forest
wheat,APMC Paithan,2026-02-21,2600.0,2651.0,1,1,INCREASE,INCREASE,0.5527,0.2579,0.1895,0.5527,random_forest
wheat,APMC Chattrapati Sambhajinagar,2026-02-21,2515.0,2550.0,0,1,STABLE,INCREASE,0.5212,0.2498,0.2291,0.5212,random_forest
wheat,APMC Malkapur,2026-02-21,2820.0,2609.0,-1,-1,DECREASE,DECREASE,0.8033,0.8033,0.0942,0.1025,random_forest
wheat,APMC Majalgaon,2026-02-21,2500.0,2500.0,0,1,STABLE,INCREASE,0.3809,0.2905,0.3286,0.3809,random_forest
wheat,APMC Jalana,2026-02-21,2575.0,2500.0,-1,-1,DECREASE,DECREASE,0.3974,0.3974,0.3159,0.2867,random_forest
wheat,APMC Amarawati,2026-02-21,2775.0,2750.0,0,0,STABLE,STABLE,0.4262,0.2798,0.4262,0.2939,random_forest
wheat,APMC Akola,2026-02-21,2440.0,2465.0,0,0,STABLE,STABLE,0.4156,0.1922,0.4156,0.3922,random_forest
wheat,APMC Nagpur,2026-02-21,3425.0,3425.0,0,0,STABLE,STABLE,0.6312,0.2579,0.6312,0.1109,random_forest
wheat,APMC Kalyan,2026-02-22,3200.0,3200.0,0,0,STABLE,STABLE,0.4661,0.2694,0.4661,0.2645,random_forest
wheat,APMC Paithan,2026-02-22,2600.0,2500.0,-1,1,DECREASE,INCREASE,0.4257,0.3196,0.2548,0.4257,random_forest
wheat,APMC Ulhasnagar,2026-02-22,3000.0,3200.0,1,-1,INCREASE,DECREASE,0.4495,0.4495,0.2674,0.2831,random_forest
wheat,Shevgaon(Bodhegaon),2026-02-23,2550.0,2450.0,-1,1,DECREASE,INCREASE,0.3954,0.3414,0.2632,0.3954,random_forest
wheat,Lasalgaon(Niphad),2026-02-23,2450.0,2445.0,0,1,STABLE,INCREASE,0.5977,0.1649,0.2373,0.5977,random_forest
wheat,APMC Ulhasnagar,2026-02-23,2800.0,3400.0,1,1,INCREASE,INCREASE,0.5637,0.2696,0.1668,0.5637,random_forest
wheat,APMC Solapur,2026-02-23,3650.0,3600.0,0,0,STABLE,STABLE,0.6194,0.1838,0.6194,0.1968,random_forest
wheat,APMC Sangli,2026-02-23,3700.0,3500.0,-1,-1,DECREASE,DECREASE,0.5454,0.5454,0.3232,0.1314,random_forest
wheat,APMC Nagpur,2026-02-23,3425.0,3425.0,0,0,STABLE,STABLE,0.584,0.2754,0.584,0.1406,random_forest
wheat,APMC Mumbai,2026-02-23,4250.0,4250.0,0,-1,STABLE,DECREASE,0.5309,0.5309,0.3821,0.087,random_forest
wheat,APMC Malkapur,2026-02-23,2551.0,2875.0,1,1,INCREASE,INCREASE,0.3621,0.34,0.2979,0.3621,random_forest
wheat,APMC Kalyan,2026-02-23,3200.0,3200.0,0,0,STABLE,STABLE,0.6647,0.1755,0.6647,0.1598,random_forest
wheat,APMC Akola,2026-02-23,2430.0,2490.0,1,1,INCREASE,INCREASE,0.4302,0.1512,0.4186,0.4302,random_forest
wheat,APMC Amarawati,2026-02-23,2750.0,2700.0,-1,0,DECREASE,STABLE,0.4296,0.2557,0.4296,0.3147,random_forest
wheat,APMC Majalgaon,2026-02-23,2500.0,2500.0,0,0,STABLE,STABLE,0.4354,0.2287,0.4354,0.3359,random_forest
wheat,APMC Dhule,2026-02-23,2525.0,2500.0,0,-1,STABLE,DECREASE,0.4106,0.4106,0.2564,0.333,random_forest
wheat,APMC Chattrapati Sambhajinagar,2026-02-23,2425.0,2550.0,1,1,INCREASE,INCREASE,0.7617,0.105,0.1333,0.7617,random_forest
wheat,APMC Jalana,2026-02-23,2575.0,2549.0,0,-1,STABLE,DECREASE,0.4399,0.4399,0.267,0.2931,random_forest
wheat,Shevgaon(Bodhegaon),2026-02-24,2500.0,2450.0,-1,1,DECREASE,INCREASE,0.4871,0.251,0.2619,0.4871,random_forest
wheat,Lasalgaon(Niphad),2026-02-24,2541.0,2450.0,-1,-1,DECREASE,DECREASE,0.4381,0.4381,0.2931,0.2688,random_forest
wheat,APMC Ulhasnagar,2026-02-24,3200.0,3200.0,0,-1,STABLE,DECREASE,0.7727,0.7727,0.105,0.1223,random_forest
wheat,APMC Solapur,2026-02-24,3640.0,3580.0,-1,0,DECREASE,STABLE,0.5636,0.1901,0.5636,0.2463,random_forest
wheat,APMC Sangli,2026-02-24,3550.0,3500.0,0,1,STABLE,INCREASE,0.5495,0.2055,0.245,0.5495,random_forest
wheat,APMC Nagpur,2026-02-24,3425.0,3425.0,0,0,STABLE,STABLE,0.8242,0.1216,0.8242,0.0543,random_forest
wheat,APMC Mumbai,2026-02-24,4250.0,3950.0,-1,-1,DECREASE,DECREASE,0.4964,0.4964,0.3617,0.142,random_forest
wheat,APMC Paithan,2026-02-24,2736.0,2650.0,-1,-1,DECREASE,DECREASE,0.6151,0.6151,0.1643,0.2206,random_forest
wheat,APMC Majalgaon,2026-02-24,2500.0,2500.0,0,0,STABLE,STABLE,0.4476,0.2467,0.4476,0.3057,random_forest
wheat,APMC Kalyan,2026-02-24,3200.0,3200.0,0,0,STABLE,STABLE,0.62,0.1865,0.62,0.1936,random_forest
wheat,APMC Jalana,2026-02-24,2500.0,2560.0,1,1,INCREASE,INCREASE,0.5105,0.2555,0.234,0.5105,random_forest
wheat,APMC Dhule,2026-02-24,2650.0,2500.0,-1,-1,DECREASE,DECREASE,0.6295,0.6295,0.1703,0.2003,random_forest
wheat,APMC Chattrapati Sambhajinagar,2026-02-24,2502.0,2466.0,0,1,STABLE,INCREASE,0.4398,0.3147,0.2455,0.4398,random_forest
wheat,APMC Amarawati,2026-02-24,2750.0,2700.0,-1,0,DECREASE,STABLE,0.437,0.2934,0.437,0.2696,random_forest
wheat,APMC Malkapur,2026-02-24,2500.0,2550.0,1,1,INCREASE,INCREASE,0.5109,0.2463,0.2429,0.5109,random_forest
wheat,APMC Nagpur,2026-02-25,3425.0,3376.0,0,0,STABLE,STABLE,0.6769,0.1735,0.6769,0.1496,random_forest
wheat,Lasalgaon(Niphad),2026-02-25,2426.0,2450.0,0,1,STABLE,INCREASE,0.7308,0.1045,0.1647,0.7308,random_forest
wheat,APMC Ulhasnagar,2026-02-25,3200.0,2900.0,-1,-1,DECREASE,DECREASE,0.5654,0.5654,0.2114,0.2231,random_forest
wheat,APMC Solapur,2026-02-25,3630.0,3560.0,-1,0,DECREASE,STABLE,0.6814,0.1429,0.6814,0.1757,random_forest
wheat,APMC Paithan,2026-02-25,2651.0,2630.0,0,1,STABLE,INCREASE,0.3813,0.3749,0.2438,0.3813,random_forest
wheat,APMC Mumbai,2026-02-25,3950.0,3950.0,0,0,STABLE,STABLE,0.4597,0.2224,0.4597,0.3179,random_forest
wheat,APMC Sillod,2026-02-25,2550.0,2600.0,1,0,INCREASE,STABLE,0.488,0.1874,0.488,0.3247,random_forest
wheat,APMC Majalgaon,2026-02-25,2500.0,2500.0,0,0,STABLE,STABLE,0.3866,0.2298,0.3866,0.3836,random_forest
wheat,APMC Kalyan,2026-02-25,3200.0,3200.0,0,0,STABLE,STABLE,0.6677,0.1737,0.6677,0.1586,random_forest
wheat,APMC Jalana,2026-02-25,2500.0,2500.0,0,1,STABLE,INCREASE,0.4898,0.2418,0.2684,0.4898,random_forest
wheat,APMC Dhule,2026-02-25,2525.0,2425.0,-1,1,DECREASE,INCREASE,0.5293,0.2511,0.2196,0.5293,random_forest
wheat,APMC Chattrapati Sambhajinagar,2026-02-25,2550.0,2512.0,0,-1,STABLE,DECREASE,0.468,0.468,0.2584,0.2736,random_forest
wheat,APMC Amarawati,2026-02-25,2750.0,2750.0,0,0,STABLE,STABLE,0.4,0.259,0.4,0.3409,random_forest
wheat,APMC Malkapur,2026-02-25,2609.0,2765.0,1,-1,INCREASE,DECREASE,0.441,0.441,0.2062,0.3528,random_forest
wheat,Shevgaon(Bodhegaon),2026-02-26,2500.0,2600.0,1,1,INCREASE,INCREASE,0.5777,0.1779,0.2444,0.5777,random_forest
wheat,Lasalgaon(Niphad),2026-02-26,2445.0,2451.0,0,1,STABLE,INCREASE,0.4203,0.2388,0.3409,0.4203,random_forest
wheat,APMC Ulhasnagar,2026-02-26,3400.0,3300.0,-1,-1,DECREASE,DECREASE,0.7667,0.7667,0.1243,0.1089,random_forest
wheat,APMC Solapur,2026-02-26,3600.0,3545.0,-1,0,DECREASE,STABLE,0.5687,0.1557,0.5687,0.2756,random_forest
wheat,APMC Sillod,2026-02-26,2500.0,2600.0,1,1,INCREASE,INCREASE,0.5463,0.1846,0.2692,0.5463,random_forest
wheat,APMC Sangli,2026-02-26,3500.0,3600.0,1,0,INCREASE,STABLE,0.455,0.2303,0.455,0.3147,random_forest
wheat,APMC Nagpur,2026-02-26,3425.0,3375.0,0,0,STABLE,STABLE,0.7791,0.1416,0.7791,0.0793,random_forest
wheat,APMC Mumbai,2026-02-26,4250.0,3950.0,-1,-1,DECREASE,DECREASE,0.4777,0.4777,0.4239,0.0984,random_forest
wheat,APMC Majalgaon,2026-02-26,2500.0,2500.0,0,0,STABLE,STABLE,0.4326,0.2303,0.4326,0.3371,random_forest
wheat,APMC Kalyan,2026-02-26,3200.0,3200.0,0,0,STABLE,STABLE,0.6193,0.1924,0.6193,0.1883,random_forest
wheat,APMC Jalana,2026-02-26,2549.0,2500.0,-1,-1,DECREASE,DECREASE,0.4903,0.4903,0.2785,0.2312,random_forest
wheat,APMC Dhule,2026-02-26,2500.0,2430.0,-1,1,DECREASE,INCREASE,0.4283,0.2629,0.3088,0.4283,random_forest
wheat,APMC Chattrapati Sambhajinagar,2026-02-26,2550.0,2500.0,-1,-1,DECREASE,DECREASE,0.3572,0.3572,0.2861,0.3567,random_forest
wheat,APMC Amarawati,2026-02-26,2700.0,2800.0,1,1,INCREASE,INCREASE,0.3903,0.2304,0.3793,0.3903,random_forest
wheat,APMC Malkapur,2026-02-26,2875.0,2721.0,-1,-1,DECREASE,DECREASE,0.7793,0.7793,0.1034,0.1174,random_forest
wheat,APMC Nagpur,2026-02-27,3425.0,3425.0,0,0,STABLE,STABLE,0.7016,0.1662,0.7016,0.1322,random_forest
wheat,Shevgaon(Bodhegaon),2026-02-27,2450.0,2600.0,1,1,INCREASE,INCREASE,0.6847,0.1316,0.1837,0.6847,random_forest
wheat,APMC Ulhasnagar,2026-02-27,3200.0,3200.0,0,1,STABLE,INCREASE,0.435,0.3296,0.2353,0.435,random_forest
wheat,APMC Solapur,2026-02-27,3580.0,3530.0,0,0,STABLE,STABLE,0.5569,0.1561,0.5569,0.287,random_forest
wheat,APMC Sillod,2026-02-27,2500.0,2650.0,1,1,INCREASE,INCREASE,0.5483,0.13,0.3217,0.5483,random_forest
wheat,APMC Sangli,2026-02-27,3500.0,3500.0,0,1,STABLE,INCREASE,0.5067,0.2215,0.2719,0.5067,random_forest
wheat,APMC Paithan,2026-02-27,2500.0,2630.0,1,1,INCREASE,INCREASE,0.7592,0.1082,0.1326,0.7592,random_forest
wheat,APMC Mumbai,2026-02-27,3950.0,3950.0,0,1,STABLE,INCREASE,0.5023,0.2316,0.266,0.5023,random_forest
wheat,APMC Jalana,2026-02-27,2560.0,2541.0,0,-1,STABLE,DECREASE,0.4356,0.4356,0.3525,0.212,random_forest
wheat,APMC Majalgaon,2026-02-27,2500.0,2500.0,0,0,STABLE,STABLE,0.4036,0.2264,0.4036,0.37,random_forest
wheat,APMC Kopargaon,2026-02-27,2490.0,2590.0,1,1,INCREASE,INCREASE,0.4376,0.2959,0.2665,0.4376,random_forest
wheat,APMC Kalyan,2026-02-27,3200.0,3200.0,0,0,STABLE,STABLE,0.6615,0.1796,0.6615,0.1588,random_forest
wheat,APMC Dhule,2026-02-27,2500.0,2450.0,-1,1,DECREASE,INCREASE,0.5074,0.2353,0.2573,0.5074,random_forest
wheat,APMC Chattrapati Sambhajinagar,2026-02-27,2466.0,2454.0,0,1,STABLE,INCREASE,0.6268,0.1592,0.214,0.6268,random_forest
wheat,APMC Amarawati,2026-02-27,2700.0,2900.0,1,1,INCREASE,INCREASE,0.4269,0.2206,0.3526,0.4269,random_forest
wheat,APMC Malkapur,2026-02-27,2550.0,2785.0,1,1,INCREASE,INCREASE,0.4276,0.3335,0.2389,0.4276,random_forest
wheat,Lasalgaon(Niphad),2026-02-28,2450.0,2441.0,0,1,STABLE,INCREASE,0.5495,0.1843,0.2662,0.5495,random_forest
wheat,APMC Solapur,2026-02-28,3560.0,3510.0,0,0,STABLE,STABLE,0.4861,0.1708,0.4861,0.3431,random_forest
wheat,APMC Sangli,2026-02-28,3500.0,3500.0,0,0,STABLE,STABLE,0.4692,0.2298,0.4692,0.3011,random_forest
wheat,APMC Nagpur,2026-02-28,3376.0,3425.0,0,0,STABLE,STABLE,0.6755,0.1407,0.6755,0.1838,random_forest
wheat,APMC Malkapur,2026-02-28,2765.0,2700.0,-1,-1,DECREASE,DECREASE,0.7588,0.7588,0.1282,0.1131,random_forest
wheat,APMC Majalgaon,2026-02-28,2500.0,2500.0,0,0,STABLE,STABLE,0.49,0.2433,0.49,0.2667,random_forest
wheat,APMC Dhule,2026-02-28,2425.0,2450.0,0,1,STABLE,INCREASE,0.6536,0.155,0.1914,0.6536,random_forest
wheat,APMC Chattrapati Sambhajinagar,2026-02-28,2512.0,2505.0,0,1,STABLE,INCREASE,0.4079,0.3528,0.2393,0.4079,random_forest
wheat,APMC Amarawati,2026-02-28,2750.0,2750.0,0,-1,STABLE,DECREASE,0.4893,0.4893,0.3282,0.1825,random_forest
wheat,APMC Kopargaon,2026-02-28,2475.0,2595.0,1,1,INCREASE,INCREASE,0.5059,0.2372,0.257,0.5059,random_forest
wheat,APMC Kalyan,2026-03-01,3200.0,3200.0,0,0,STABLE,STABLE,0.5927,0.2081,0.5927,0.1992,random_forest
wheat,APMC Ulhasnagar,2026-03-01,2900.0,3200.0,1,1,INCREASE,INCREASE,0.6273,0.2141,0.1586,0.6273,random_forest
wheat,Shevgaon(Bodhegaon),2026-03-02,2450.0,2600.0,1,1,INCREASE,INCREASE,0.4463,0.262,0.2917,0.4463,random_forest
wheat,Lasalgaon(Niphad),2026-03-02,2450.0,2451.0,0,1,STABLE,INCREASE,0.4436,0.2252,0.3312,0.4436,random_forest
wheat,APMC Ulhasnagar,2026-03-02,3300.0,3000.0,-1,-1,DECREASE,DECREASE,0.6063,0.6063,0.1386,0.2551,random_forest
wheat,APMC Solapur,2026-03-02,3545.0,3500.0,0,0,STABLE,STABLE,0.5151,0.1663,0.5151,0.3186,random_forest
wheat,APMC Mumbai,2026-03-02,3950.0,3950.0,0,0,STABLE,STABLE,0.6302,0.2292,0.6302,0.1406,random_forest
wheat,APMC Nagpur,2026-03-02,3375.0,3250.0,-1,0,DECREASE,STABLE,0.6605,0.1925,0.6605,0.147,random_forest
wheat,APMC Chattrapati Sambhajinagar,2026-03-02,2500.0,2526.0,0,1,STABLE,INCREASE,0.4989,0.1953,0.3059,0.4989,random_forest
wheat,APMC Amarawati,2026-03-02,2800.0,2575.0,-1,-1,DECREASE,DECREASE,0.5046,0.5046,0.2712,0.2242,random_forest
wheat,APMC Sangli,2026-03-02,3600.0,3500.0,-1,0,DECREASE,STABLE,0.4121,0.3999,0.4121,0.1881,random_forest
wheat,APMC Kalyan,2026-03-03,3200.0,3200.0,0,0,STABLE,STABLE,0.6198,0.2036,0.6198,0.1766,random_forest
wheat,APMC Ulhasnagar,2026-03-04,3200.0,3000.0,-1,-1,DECREASE,DECREASE,0.4646,0.4646,0.2156,0.3199,random_forest
wheat,APMC Solapur,2026-03-04,3530.0,3490.0,0,0,STABLE,STABLE,0.4758,0.1721,0.4758,0.3521,random_forest
wheat,APMC Sangli,2026-03-04,3500.0,3500.0,0,0,STABLE,STABLE,0.3787,0.2564,0.3787,0.3648,random_forest
wheat,APMC Mumbai,2026-03-04,3950.0,3950.0,0,0,STABLE,STABLE,0.4211,0.2103,0.4211,0.3686,random_forest
wheat,APMC Majalgaon,2026-03-04,2500.0,2500.0,0,0,STABLE,STABLE,0.5466,0.2017,0.5466,0.2517,random_forest
wheat,APMC Jalana,2026-03-04,2500.0,2651.0,1,1,INCREASE,INCREASE,0.5041,0.1933,0.3026,0.5041,random_forest
wheat,APMC Dhule,2026-03-04,2430.0,2435.0,0,1,STABLE,INCREASE,0.5314,0.1937,0.2749,0.5314,random_forest
wheat,APMC Amarawati,2026-03-04,2900.0,2612.0,-1,-1,DECREASE,DECREASE,0.6966,0.6966,0.1581,0.1453,random_forest
wheat,APMC Kalyan,2026-03-04,3200.0,3200.0,0,0,STABLE,STABLE,0.6253,0.2004,0.6253,0.1743,random_forest
wheat,APMC Paithan,2026-03-05,2650.0,2600.0,-1,-1,DECREASE,DECREASE,0.4863,0.4863,0.2087,0.305,random_forest
wheat,APMC Ulhasnagar,2026-03-05,3200.0,3000.0,-1,-1,DECREASE,DECREASE,0.4934,0.4934,0.2518,0.2548,random_forest
wheat,APMC Solapur,2026-03-05,3510.0,3465.0,0,0,STABLE,STABLE,0.5726,0.162,0.5726,0.2654,random_forest
wheat,APMC Sangli,2026-03-05,3500.0,3500.0,0,0,STABLE,STABLE,0.5696,0.2138,0.5696,0.2166,random_forest
wheat,APMC Mumbai,2026-03-05,3950.0,3950.0,0,0,STABLE,STABLE,0.6292,0.1744,0.6292,0.1965,random_forest
wheat,APMC Amarawati,2026-03-05,2750.0,2725.0,0,1,STABLE,INCREASE,0.3797,0.2925,0.3278,0.3797,random_forest
wheat,APMC Majalgaon,2026-03-05,2500.0,2500.0,0,0,STABLE,STABLE,0.5265,0.1896,0.5265,0.2839,random_forest
wheat,APMC Kalyan,2026-03-05,3200.0,3200.0,0,0,STABLE,STABLE,0.6131,0.1972,0.6131,0.1897,random_forest
wheat,APMC Jalana,2026-03-05,2500.0,2475.0,0,1,STABLE,INCREASE,0.4853,0.2023,0.3123,0.4853,random_forest
wheat,APMC Malkapur,2026-03-05,2721.0,2530.0,-1,1,DECREASE,INCREASE,0.4776,0.3143,0.2081,0.4776,random_forest
wheat,APMC Ulhasnagar,2026-03-06,3000.0,3000.0,0,1,STABLE,INCREASE,0.5894,0.2448,0.1658,0.5894,random_forest
wheat,APMC Solapur,2026-03-06,3500.0,3450.0,0,0,STABLE,STABLE,0.4535,0.2065,0.4535,0.34,random_forest
wheat,APMC Sangli,2026-03-06,3500.0,3500.0,0,1,STABLE,INCREASE,0.4022,0.2385,0.3593,0.4022,random_forest
wheat,APMC Paithan,2026-03-06,2630.0,2700.0,1,1,INCREASE,INCREASE,0.3564,0.297,0.3466,0.3564,random_forest
wheat,APMC Malkapur,2026-03-06,2785.0,2685.0,-1,-1,DECREASE,DECREASE,0.7474,0.7474,0.1186,0.134,random_forest
wheat,APMC Mumbai,2026-03-06,3950.0,3950.0,0,0,STABLE,STABLE,0.4839,0.2545,0.4839,0.2615,random_forest
wheat,APMC Kalyan,2026-03-06,3200.0,3000.0,-1,0,DECREASE,STABLE,0.6848,0.1952,0.6848,0.12,random_forest
wheat,APMC Jalana,2026-03-06,2541.0,2500.0,-1,0,DECREASE,STABLE,0.3788,0.3563,0.3788,0.265,random_forest
wheat,APMC Chattrapati Sambhajinagar,2026-03-06,2454.0,2493.0,1,1,INCREASE,INCREASE,0.5122,0.2226,0.2652,0.5122,random_forest
wheat,APMC Amarawati,2026-03-06,2575.0,2725.0,1,1,INCREASE,INCREASE,0.6352,0.1831,0.1816,0.6352,random_forest
wheat,APMC Majalgaon,2026-03-06,2500.0,2551.0,1,0,INCREASE,STABLE,0.5642,0.1879,0.5642,0.2479,random_forest
wheat,APMC Solapur,2026-03-07,3490.0,3440.0,0,0,STABLE,STABLE,0.5587,0.1836,0.5587,0.2578,random_forest
wheat,APMC Amarawati,2026-03-07,2612.0,2750.0,1,1,INCREASE,INCREASE,0.4292,0.3362,0.2347,0.4292,random_forest
wheat,APMC Chattrapati Sambhajinagar,2026-03-07,2505.0,2467.0,-1,-1,DECREASE,DECREASE,0.409,0.409,0.3041,0.2869,random_forest
wheat,APMC Dhule,2026-03-07,2450.0,2590.0,1,1,INCREASE,INCREASE,0.5572,0.1949,0.2479,0.5572,random_forest
wheat,APMC Jalana,2026-03-07,2651.0,2450.0,-1,-1,DECREASE,DECREASE,0.6689,0.6689,0.1912,0.1399,random_forest
wheat,APMC Sangli,2026-03-07,3500.0,3500.0,0,0,STABLE,STABLE,0.6007,0.2261,0.6007,0.1733,random_forest
wheat,Lasalgaon(Niphad),2026-03-07,2451.0,2611.0,1,1,INCREASE,INCREASE,0.4479,0.2362,0.3159,0.4479,random_forest
wheat,APMC Ulhasnagar,2026-03-08,3000.0,3200.0,1,1,INCREASE,INCREASE,0.442,0.3556,0.2025,0.442,random_forest
wheat,APMC Kalyan,2026-03-08,3200.0,3000.0,-1,0,DECREASE,STABLE,0.6346,0.2013,0.6346,0.164,random_forest
wheat,APMC Ulhasnagar,2026-03-09,3000.0,3200.0,1,1,INCREASE,INCREASE,0.5042,0.2903,0.2055,0.5042,random_forest
wheat,APMC Amarawati,2026-03-09,2725.0,2800.0,1,-1,INCREASE,DECREASE,0.4595,0.4595,0.2496,0.2909,random_forest
wheat,APMC Kalyan,2026-03-09,3200.0,3000.0,-1,0,DECREASE,STABLE,0.6137,0.2059,0.6137,0.1804,random_forest
wheat,APMC Majalgaon,2026-03-09,2500.0,2470.0,0,0,STABLE,STABLE,0.5868,0.1852,0.5868,0.2279,random_forest
wheat,APMC Malkapur,2026-03-09,2700.0,2800.0,1,1,INCREASE,INCREASE,0.5786,0.2468,0.1746,0.5786,random_forest
wheat,APMC Mumbai,2026-03-09,3950.0,4250.0,1,0,INCREASE,STABLE,0.6302,0.2248,0.6302,0.145,random_forest
wheat,APMC Nagpur,2026-03-09,3425.0,3250.0,-1,0,DECREASE,STABLE,0.6845,0.2439,0.6845,0.0716,random_forest
wheat,APMC Sangli,2026-03-09,3500.0,3300.0,-1,0,DECREASE,STABLE,0.474,0.2508,0.474,0.2752,random_forest
wheat,APMC Solapur,2026-03-09,3465.0,3420.0,0,0,STABLE,STABLE,0.5218,0.1841,0.5218,0.2941,random_forest
wheat,APMC Sangli,2026-03-10,3500.0,3300.0,-1,0,DECREASE,STABLE,0.4782,0.2544,0.4782,0.2674,random_forest
wheat,APMC Mumbai,2026-03-10,3950.0,4250.0,1,0,INCREASE,STABLE,0.6191,0.2029,0.6191,0.178,random_forest
wheat,APMC Malkapur,2026-03-10,2530.0,2830.0,1,1,INCREASE,INCREASE,0.6098,0.2058,0.1844,0.6098,random_forest
wheat,APMC Majalgaon,2026-03-10,2500.0,2500.0,0,0,STABLE,STABLE,0.5492,0.201,0.5492,0.2497,random_forest
wheat,APMC Chattrapati Sambhajinagar,2026-03-10,2526.0,2466.0,-1,0,DECREASE,STABLE,0.3631,0.2794,0.3631,0.3574,random_forest
wheat,APMC Dhule,2026-03-10,2450.0,2585.0,1,1,INCREASE,INCREASE,0.4397,0.2378,0.3226,0.4397,random_forest
wheat,APMC Amarawati,2026-03-10,2725.0,2512.0,-1,-1,DECREASE,DECREASE,0.4182,0.4182,0.283,0.2988,random_forest
wheat,APMC Solapur,2026-03-10,3450.0,3410.0,0,0,STABLE,STABLE,0.5388,0.183,0.5388,0.2782,random_forest
wheat,APMC Kalyan,2026-03-10,3000.0,3000.0,0,1,STABLE,INCREASE,0.6755,0.1513,0.1732,0.6755,random_forest
wheat,APMC Sangli,2026-03-11,3500.0,3400.0,-1,0,DECREASE,STABLE,0.5283,0.2136,0.5283,0.2581,random_forest
wheat,APMC Nagpur,2026-03-11,3425.0,3425.0,0,0,STABLE,STABLE,0.7546,0.1639,0.7546,0.0815,random_forest
wheat,APMC Solapur,2026-03-11,3440.0,3460.0,0,0,STABLE,STABLE,0.5406,0.1745,0.5406,0.2849,random_forest
wheat,Lasalgaon(Niphad),2026-03-11,2441.0,2600.0,1,1,INCREASE,INCREASE,0.3895,0.2495,0.361,0.3895,random_forest
wheat,APMC Mumbai,2026-03-11,3950.0,4250.0,1,0,INCREASE,STABLE,0.6427,0.1764,0.6427,0.1809,random_forest
wheat,APMC Chattrapati Sambhajinagar,2026-03-11,2493.0,2504.0,0,1,STABLE,INCREASE,0.4259,0.231,0.3431,0.4259,random_forest
wheat,APMC Majalgaon,2026-03-11,2551.0,2601.0,1,-1,INCREASE,DECREASE,0.4771,0.4771,0.3123,0.2105,random_forest
wheat,APMC Kalyan,2026-03-11,3000.0,3000.0,0,1,STABLE,INCREASE,0.5583,0.2321,0.2096,0.5583,random_forest
wheat,APMC Amarawati,2026-03-11,2750.0,2642.0,-1,-1,DECREASE,DECREASE,0.4233,0.4233,0.2911,0.2856,random_forest
wheat,APMC Malkapur,2026-03-11,2685.0,2650.0,0,1,STABLE,INCREASE,0.4025,0.3885,0.209,0.4025,random_forest
wheat,APMC Amarawati,2026-03-12,2800.0,2617.0,-1,-1,DECREASE,DECREASE,0.5076,0.5076,0.2054,0.287,random_forest
wheat,APMC Chattrapati Sambhajinagar,2026-03-12,2467.0,2525.0,1,1,INCREASE,INCREASE,0.492,0.1796,0.3284,0.492,random_forest
wheat,APMC Majalgaon,2026-03-12,2470.0,2500.0,0,1,STABLE,INCREASE,0.4773,0.1432,0.3795,0.4773,random_forest
wheat,APMC Malkapur,2026-03-12,2800.0,2675.0,-1,-1,DECREASE,DECREASE,0.6982,0.6982,0.1426,0.1591,random_forest
wheat,APMC Mumbai,2026-03-12,4250.0,4250.0,0,-1,STABLE,DECREASE,0.6406,0.6406,0.2959,0.0635,random_forest
wheat,APMC Nagpur,2026-03-12,3250.0,3425.0,1,1,INCREASE,INCREASE,0.6886,0.1386,0.1727,0.6886,random_forest
wheat,APMC Sangli,2026-03-12,3300.0,3300.0,0,1,STABLE,INCREASE,0.7149,0.1351,0.15,0.7149,random_forest
wheat,APMC Solapur,2026-03-12,3420.0,3390.0,0,0,STABLE,STABLE,0.5434,0.1874,0.5434,0.2692,random_forest
wheat,APMC Ulhasnagar,2026-03-12,3000.0,3300.0,1,-1,INCREASE,DECREASE,0.4286,0.4286,0.2856,0.2858,random_forest
wheat,APMC Ulhasnagar,2026-03-13,3200.0,3200.0,0,-1,STABLE,DECREASE,0.6614,0.6614,0.1387,0.1999,random_forest
wheat,APMC Sangli,2026-03-13,3300.0,3500.0,1,1,INCREASE,INCREASE,0.5025,0.2421,0.2554,0.5025,random_forest
wheat,APMC Nagpur,2026-03-13,3250.0,3425.0,1,1,INCREASE,INCREASE,0.5122,0.2242,0.2636,0.5122,random_forest
wheat,APMC Solapur,2026-03-13,3410.0,3380.0,0,0,STABLE,STABLE,0.5142,0.2113,0.5142,0.2745,random_forest
wheat,APMC Malkapur,2026-03-13,2830.0,2700.0,-1,-1,DECREASE,DECREASE,0.4665,0.4665,0.2682,0.2653,random_forest
wheat,APMC Majalgaon,2026-03-13,2500.0,2578.0,1,0,INCREASE,STABLE,0.4697,0.2465,0.4697,0.2838,random_forest
wheat,APMC Kalyan,2026-03-13,3000.0,3000.0,0,1,STABLE,INCREASE,0.5762,0.2204,0.2034,0.5762,random_forest
wheat,APMC Mumbai,2026-03-13,4250.0,4250.0,0,-1,STABLE,DECREASE,0.4975,0.4975,0.4157,0.0869,random_forest
wheat,APMC Akola,2026-03-14,2505.0,2545.0,1,-1,INCREASE,DECREASE,0.458,0.458,0.312,0.23,random_forest
wheat,APMC Chattrapati Sambhajinagar,2026-03-14,2466.0,2451.0,0,1,STABLE,INCREASE,0.5505,0.1529,0.2966,0.5505,random_forest
wheat,APMC Majalgaon,2026-03-14,2601.0,2500.0,-1,-1,DECREASE,DECREASE,0.5784,0.5784,0.2412,0.1803,random_forest
wheat,APMC Sangli,2026-03-14,3400.0,3400.0,0,1,STABLE,INCREASE,0.3641,0.3189,0.317,0.3641,random_forest
wheat,APMC Solapur,2026-03-14,3460.0,3370.0,-1,0,DECREASE,STABLE,0.575,0.2499,0.575,0.1751,random_forest
wheat,APMC Solapur,2026-03-16,3390.0,3365.0,0,0,STABLE,STABLE,0.4467,0.2071,0.4467,0.3462,random_forest
wheat,APMC Sangli,2026-03-16,3300.0,3400.0,1,1,INCREASE,INCREASE,0.4878,0.2607,0.2515,0.4878,random_forest
wheat,APMC Nagpur,2026-03-16,3425.0,3425.0,0,0,STABLE,STABLE,0.4698,0.3758,0.4698,0.1544,random_forest
wheat,APMC Mumbai,2026-03-16,4250.0,3950.0,-1,0,DECREASE,STABLE,0.4287,0.3855,0.4287,0.1857,random_forest
wheat,APMC Malkapur,2026-03-16,2650.0,3000.0,1,1,INCREASE,INCREASE,0.4234,0.2819,0.2946,0.4234,random_forest
wheat,APMC Jalana,2026-03-16,2475.0,2500.0,0,1,STABLE,INCREASE,0.4456,0.2504,0.304,0.4456,random_forest
wheat,APMC Kalyan,2026-03-16,3000.0,3000.0,0,1,STABLE,INCREASE,0.4362,0.2954,0.2684,0.4362,random_forest
wheat,APMC Hinganghat,2026-03-16,2430.0,2600.0,1,1,INCREASE,INCREASE,0.4405,0.1933,0.3662,0.4405,random_forest
wheat,APMC Chattrapati Sambhajinagar,2026-03-16,2504.0,2548.0,1,0,INCREASE,STABLE,0.4671,0.3316,0.4671,0.2013,random_forest
wheat,APMC Majalgaon,2026-03-16,2500.0,2600.0,1,1,INCREASE,INCREASE,0.4857,0.192,0.3223,0.4857,random_forest
wheat,APMC Nagpur,2026-03-17,3425.0,3425.0,0,0,STABLE,STABLE,0.4527,0.312,0.4527,0.2353,random_forest
wheat,APMC Solapur,2026-03-17,3380.0,3360.0,0,0,STABLE,STABLE,0.6193,0.177,0.6193,0.2037,random_forest
wheat,APMC Sangli,2026-03-17,3500.0,3500.0,0,-1,STABLE,DECREASE,0.5247,0.5247,0.341,0.1344,random_forest
wheat,APMC Mumbai,2026-03-17,4250.0,4050.0,-1,0,DECREASE,STABLE,0.5782,0.292,0.5782,0.1298,random_forest
wheat,APMC Malkapur,2026-03-17,2675.0,2800.0,1,1,INCREASE,INCREASE,0.4522,0.2978,0.25,0.4522,random_forest
wheat,APMC Majalgaon,2026-03-17,2578.0,2640.0,1,-1,INCREASE,DECREASE,0.5586,0.5586,0.255,0.1863,random_forest
wheat,APMC Kalyan,2026-03-17,3000.0,3000.0,0,1,STABLE,INCREASE,0.3894,0.3424,0.2681,0.3894,random_forest
wheat,APMC Jalana,2026-03-17,2500.0,2600.0,1,1,INCREASE,INCREASE,0.449,0.2163,0.3347,0.449,random_forest
wheat,APMC Akola,2026-03-17,2465.0,2500.0,0,1,STABLE,INCREASE,0.4463,0.1709,0.3828,0.4463,random_forest
wheat,APMC Solapur,2026-03-18,3370.0,3345.0,0,1,STABLE,INCREASE,0.5166,0.2024,0.281,0.5166,random_forest
wheat,APMC Sangli,2026-03-18,3400.0,3500.0,1,1,INCREASE,INCREASE,0.3939,0.258,0.3481,0.3939,random_forest
wheat,APMC Nagpur,2026-03-18,3425.0,3425.0,0,0,STABLE,STABLE,0.5448,0.2964,0.5448,0.1589,random_forest
wheat,APMC Mumbai,2026-03-18,4250.0,3950.0,-1,0,DECREASE,STABLE,0.4703,0.3484,0.4703,0.1813,random_forest
wheat,APMC Majalgaon,2026-03-18,2500.0,2500.0,0,1,STABLE,INCREASE,0.4658,0.2116,0.3226,0.4658,random_forest
wheat,APMC Kalyan,2026-03-18,3000.0,3000.0,0,1,STABLE,INCREASE,0.43,0.2976,0.2724,0.43,random_forest
wheat,APMC Akola,2026-03-18,2490.0,2505.0,0,0,STABLE,STABLE,0.4626,0.2844,0.4626,0.253,random_forest
wheat,APMC Malkapur,2026-03-18,2700.0,2900.0,1,1,INCREASE,INCREASE,0.4351,0.3062,0.2587,0.4351,random_forest
wheat,APMC Kalyan,2026-03-19,3000.0,3000.0,0,1,STABLE,INCREASE,0.3851,0.3309,0.284,0.3851,random_forest
wheat,APMC Nagpur,2026-03-20,3425.0,3425.0,0,0,STABLE,STABLE,0.6902,0.1982,0.6902,0.1116,random_forest
wheat,APMC Solapur,2026-03-20,3365.0,3335.0,0,0,STABLE,STABLE,0.6026,0.1807,0.6026,0.2167,random_forest
wheat,APMC Sangli,2026-03-20,3400.0,3450.0,0,0,STABLE,STABLE,0.4594,0.3104,0.4594,0.2302,random_forest
wheat,APMC Malkapur,2026-03-20,3000.0,2800.0,-1,-1,DECREASE,DECREASE,0.7745,0.7745,0.1054,0.1201,random_forest
wheat,APMC Mumbai,2026-03-20,3950.0,3950.0,0,1,STABLE,INCREASE,0.4808,0.1787,0.3405,0.4808,random_forest
wheat,APMC Kalyan,2026-03-20,3000.0,3000.0,0,0,STABLE,STABLE,0.4089,0.3096,0.4089,0.2815,random_forest
wheat,APMC Chattrapati Sambhajinagar,2026-03-20,2525.0,2644.0,1,0,INCREASE,STABLE,0.423,0.3088,0.423,0.2682,random_forest
wheat,APMC Amarawati,2026-03-20,2512.0,2617.0,1,1,INCREASE,INCREASE,0.8265,0.0756,0.098,0.8265,random_forest
wheat,APMC Akola,2026-03-20,2545.0,2625.0,1,-1,INCREASE,DECREASE,0.4949,0.4949,0.3224,0.1826,random_forest
wheat,APMC Majalgaon,2026-03-20,2600.0,2700.0,1,-1,INCREASE,DECREASE,0.517,0.517,0.2461,0.2369,random_forest
wheat,APMC Mumbai,2026-03-21,4050.0,4250.0,1,0,INCREASE,STABLE,0.3726,0.3425,0.3726,0.2849,random_forest
wheat,APMC Kalyan,2026-03-22,3000.0,3000.0,0,0,STABLE,STABLE,0.4504,0.2876,0.4504,0.262,random_forest
wheat,APMC Solapur,2026-03-23,3360.0,3320.0,0,0,STABLE,STABLE,0.6105,0.1959,0.6105,0.1936,random_forest
wheat,APMC Sangli,2026-03-23,3500.0,3500.0,0,-1,STABLE,DECREASE,0.4793,0.4793,0.3514,0.1693,random_forest
wheat,APMC Nagpur,2026-03-23,3425.0,3350.0,-1,0,DECREASE,STABLE,0.6421,0.2162,0.6421,0.1417,random_forest
wheat,APMC Malkapur,2026-03-23,2800.0,2905.0,1,-1,INCREASE,DECREASE,0.4319,0.4319,0.2132,0.3549,random_forest
wheat,APMC Kalyan,2026-03-23,3000.0,3000.0,0,0,STABLE,STABLE,0.4406,0.2886,0.4406,0.2707,random_forest
wheat,APMC Jalana,2026-03-23,2450.0,2817.0,1,1,INCREASE,INCREASE,0.5366,0.2355,0.2278,0.5366,random_forest
wheat,APMC Chattrapati Sambhajinagar,2026-03-23,2451.0,2690.0,1,1,INCREASE,INCREASE,0.5527,0.144,0.3033,0.5527,random_forest
wheat,APMC Akola,2026-03-23,2500.0,2655.0,1,1,INCREASE,INCREASE,0.4378,0.2079,0.3542,0.4378,random_forest
wheat,APMC Majalgaon,2026-03-23,2640.0,2700.0,1,-1,INCREASE,DECREASE,0.5891,0.5891,0.2191,0.1918,random_forest
wheat,APMC Malkapur,2026-03-24,2900.0,3085.0,1,-1,INCREASE,DECREASE,0.7487,0.7487,0.1221,0.1292,random_forest
wheat,APMC Solapur,2026-03-24,3345.0,3300.0,0,0,STABLE,STABLE,0.5985,0.1865,0.5985,0.215,random_forest
wheat,APMC Sangli,2026-03-24,3500.0,3500.0,0,-1,STABLE,DECREASE,0.4449,0.4449,0.414,0.141,random_forest
wheat,APMC Nagpur,2026-03-24,3425.0,3225.0,-1,0,DECREASE,STABLE,0.5983,0.2662,0.5983,0.1355,random_forest
wheat,APMC Mumbai,2026-03-24,3950.0,3950.0,0,1,STABLE,INCREASE,0.47,0.1957,0.3343,0.47,random_forest
wheat,APMC Majalgaon,2026-03-24,2500.0,2700.0,1,1,INCREASE,INCREASE,0.5368,0.2011,0.2621,0.5368,random_forest
wheat,Lasalgaon(Niphad),2026-03-24,2451.0,2600.0,1,1,INCREASE,INCREASE,0.4368,0.2133,0.3498,0.4368,random_forest
wheat,APMC Jalana,2026-03-24,2500.0,2695.0,1,-1,INCREASE,DECREASE,0.3536,0.3536,0.3139,0.3325,random_forest
wheat,APMC Hinganghat,2026-03-24,2435.0,2595.0,1,0,INCREASE,STABLE,0.4282,0.178,0.4282,0.3938,random_forest
wheat,APMC Dhule,2026-03-24,2435.0,2600.0,1,1,INCREASE,INCREASE,0.4365,0.2179,0.3456,0.4365,random_forest
wheat,APMC Chattrapati Sambhajinagar,2026-03-24,2548.0,2978.0,1,-1,INCREASE,DECREASE,0.4334,0.4334,0.4023,0.1643,random_forest
wheat,APMC Akola,2026-03-24,2505.0,2640.0,1,0,INCREASE,STABLE,0.4462,0.244,0.4462,0.3098,random_forest
wheat,APMC Kalyan,2026-03-24,3000.0,3000.0,0,0,STABLE,STABLE,0.4085,0.2692,0.4085,0.3223,random_forest
wheat,APMC Solapur,2026-03-25,3335.0,3305.0,0,0,STABLE,STABLE,0.4117,0.21,0.4117,0.3783,random_forest
wheat,APMC Sangli,2026-03-25,3450.0,3500.0,0,0,STABLE,STABLE,0.5381,0.2637,0.5381,0.1981,random_forest
wheat,APMC Nagpur,2026-03-25,3425.0,3250.0,-1,0,DECREASE,STABLE,0.4904,0.2931,0.4904,0.2165,random_forest
wheat,APMC Mumbai,2026-03-25,3950.0,3950.0,0,0,STABLE,STABLE,0.574,0.216,0.574,0.21,random_forest
wheat,APMC Paithan,2026-03-25,2630.0,2600.0,0,-1,STABLE,DECREASE,0.3559,0.3559,0.3345,0.3096,random_forest
wheat,APMC Majalgaon,2026-03-25,2700.0,2712.0,0,-1,STABLE,DECREASE,0.6661,0.6661,0.2027,0.1312,random_forest
wheat,APMC Chattrapati Sambhajinagar,2026-03-25,2644.0,2687.0,1,-1,INCREASE,DECREASE,0.6184,0.6184,0.201,0.1806,random_forest
wheat,APMC Akola,2026-03-25,2625.0,2650.0,0,-1,STABLE,DECREASE,0.6323,0.6323,0.2047,0.163,random_forest
wheat,APMC Malkapur,2026-03-25,2800.0,2900.0,1,1,INCREASE,INCREASE,0.503,0.2981,0.1989,0.503,random_forest
wheat,APMC Kalyan,2026-03-26,3000.0,3000.0,0,0,STABLE,STABLE,0.4142,0.3033,0.4142,0.2825,random_forest
wheat,APMC Mumbai,2026-03-26,4250.0,4050.0,-1,-1,DECREASE,DECREASE,0.5428,0.5428,0.3407,0.1165,random_forest
wheat,APMC Paithan,2026-03-26,2600.0,2600.0,0,1,STABLE,INCREASE,0.4804,0.2517,0.268,0.4804,random_forest
wheat,APMC Kalyan,2026-03-27,3000.0,3000.0,0,0,STABLE,STABLE,0.3914,0.2839,0.3914,0.3248,random_forest
wheat,APMC Mumbai,2026-03-27,3950.0,4250.0,1,1,INCREASE,INCREASE,0.4368,0.2437,0.3195,0.4368,random_forest
wheat,APMC Nagpur,2026-03-27,3350.0,3425.0,1,1,INCREASE,INCREASE,0.6611,0.1546,0.1843,0.6611,random_forest
wheat,APMC Sangli,2026-03-27,3500.0,3500.0,0,-1,STABLE,DECREASE,0.435,0.435,0.3954,0.1696,random_forest
wheat,APMC Solapur,2026-03-27,3320.0,3300.0,0,0,STABLE,STABLE,0.5183,0.178,0.5183,0.3037,random_forest
wheat,APMC Solapur,2026-03-28,3300.0,3290.0,0,0,STABLE,STABLE,0.4549,0.2008,0.4549,0.3443,random_forest
wheat,APMC Nagpur,2026-03-28,3225.0,3425.0,1,1,INCREASE,INCREASE,0.6776,0.1758,0.1466,0.6776,random_forest
wheat,APMC Sangli,2026-03-28,3500.0,3500.0,0,0,STABLE,STABLE,0.49,0.2744,0.49,0.2356,random_forest
wheat,APMC Dhule,2026-03-28,2590.0,2601.0,0,-1,STABLE,DECREASE,0.6312,0.6312,0.2009,0.168,random_forest
wheat,APMC Mumbai,2026-03-28,3950.0,4250.0,1,0,INCREASE,STABLE,0.5771,0.2177,0.5771,0.2052,random_forest
wheat,APMC Kalyan,2026-03-29,3000.0,3000.0,0,0,STABLE,STABLE,0.4066,0.3039,0.4066,0.2895,random_forest
wheat,APMC Kalyan,2026-03-30,3000.0,3000.0,0,0,STABLE,STABLE,0.5559,0.2328,0.5559,0.2113,random_forest
wheat,APMC Mumbai,2026-03-30,4050.0,3950.0,-1,-1,DECREASE,DECREASE,0.396,0.396,0.3328,0.2712,random_forest
wheat,APMC Nagpur,2026-03-30,3250.0,3425.0,1,1,INCREASE,INCREASE,0.5557,0.2432,0.2012,0.5557,random_forest
wheat,APMC Solapur,2026-03-30,3305.0,3275.0,0,0,STABLE,STABLE,0.5491,0.2153,0.5491,0.2356,random_forest
wheat,APMC Ulhasnagar,2026-03-30,3200.0,3200.0,0,-1,STABLE,DECREASE,0.4536,0.4536,0.2555,0.2909,random_forest
wheat,APMC Kalyan,2026-03-31,3000.0,3000.0,0,0,STABLE,STABLE,0.5516,0.2267,0.5516,0.2217,random_forest
wheat,APMC Mumbai,2026-03-31,4250.0,3950.0,-1,-1,DECREASE,DECREASE,0.5766,0.5766,0.3591,0.0643,random_forest
wheat,APMC Solapur,2026-03-31,3300.0,3270.0,0,0,STABLE,STABLE,0.4198,0.2484,0.4198,0.3318,random_forest
wheat,APMC Ulhasnagar,2026-04-01,3300.0,3200.0,-1,-1,DECREASE,DECREASE,0.7071,0.7071,0.1362,0.1567,random_forest
wheat,APMC Solapur,2026-04-01,3290.0,3265.0,0,0,STABLE,STABLE,0.4527,0.2296,0.4527,0.3177,random_forest
wheat,APMC Mumbai,2026-04-01,4250.0,3950.0,-1,0,DECREASE,STABLE,0.4311,0.3923,0.4311,0.1766,random_forest
wheat,APMC Kalyan,2026-04-01,3000.0,3000.0,0,0,STABLE,STABLE,0.58,0.2291,0.58,0.191,random_forest
wheat,APMC Akola,2026-04-01,2655.0,2650.0,0,-1,STABLE,DECREASE,0.493,0.493,0.3222,0.1848,random_forest
wheat,APMC Jalana,2026-04-01,2600.0,2600.0,0,-1,STABLE,DECREASE,0.5685,0.5685,0.2324,0.1991,random_forest
wheat,APMC Mumbai,2026-04-02,3950.0,3950.0,0,1,STABLE,INCREASE,0.6111,0.1666,0.2223,0.6111,random_forest
wheat,APMC Nagpur,2026-04-02,3425.0,3425.0,0,-1,STABLE,DECREASE,0.4572,0.4572,0.3155,0.2273,random_forest
wheat,APMC Solapur,2026-04-02,3275.0,3260.0,0,0,STABLE,STABLE,0.4567,0.2285,0.4567,0.3148,random_forest
wheat,APMC Ulhasnagar,2026-04-02,3200.0,3200.0,0,-1,STABLE,DECREASE,0.4089,0.4089,0.2451,0.346,random_forest
wheat,Lasalgaon(Niphad),2026-04-02,2611.0,2700.0,1,-1,INCREASE,DECREASE,0.6455,0.6455,0.217,0.1374,random_forest
wheat,APMC Mumbai,2026-04-03,3950.0,4250.0,1,0,INCREASE,STABLE,0.4532,0.1775,0.4532,0.3693,random_forest
wheat,APMC Solapur,2026-04-03,3270.0,3250.0,0,1,STABLE,INCREASE,0.3918,0.2271,0.381,0.3918,random_forest
wheat,APMC Nagpur,2026-04-04,3425.0,3425.0,0,0,STABLE,STABLE,0.474,0.3559,0.474,0.1701,random_forest
wheat,APMC Solapur,2026-04-04,3265.0,3255.0,0,0,STABLE,STABLE,0.5885,0.1798,0.5885,0.2317,random_forest
wheat,APMC Mumbai,2026-04-04,3950.0,3950.0,0,0,STABLE,STABLE,0.487,0.1866,0.487,0.3264,random_forest
wheat,APMC Majalgaon,2026-04-04,2700.0,2700.0,0,-1,STABLE,DECREASE,0.4159,0.4159,0.3169,0.2672,random_forest
wheat,APMC Jalana,2026-04-04,2817.0,2700.0,-1,-1,DECREASE,DECREASE,0.7243,0.7243,0.1382,0.1375,random_forest
wheat,APMC Akola,2026-04-04,2640.0,2625.0,0,-1,STABLE,DECREASE,0.4544,0.4544,0.2489,0.2968,random_forest
wheat,APMC Paithan,2026-04-05,2700.0,2600.0,-1,-1,DECREASE,DECREASE,0.5563,0.5563,0.2071,0.2366,random_forest
wheat,APMC Ulhasnagar,2026-04-05,3200.0,3100.0,-1,-1,DECREASE,DECREASE,0.4153,0.4153,0.2436,0.3411,random_forest
wheat,Lasalgaon(Niphad),2026-04-06,2600.0,2600.0,0,-1,STABLE,DECREASE,0.4333,0.4333,0.2447,0.322,random_forest
wheat,APMC Ulhasnagar,2026-04-06,3200.0,3200.0,0,-1,STABLE,DECREASE,0.3918,0.3918,0.2326,0.3756,random_forest
wheat,APMC Solapur,2026-04-06,3260.0,3260.0,0,0,STABLE,STABLE,0.6499,0.1676,0.6499,0.1825,random_forest
wheat,APMC Nagpur,2026-04-06,3425.0,3425.0,0,0,STABLE,STABLE,0.4945,0.3835,0.4945,0.122,random_forest
wheat,APMC Mumbai,2026-04-06,3950.0,3950.0,0,0,STABLE,STABLE,0.6215,0.2026,0.6215,0.1759,random_forest
wheat,APMC Malkapur,2026-04-06,2905.0,3040.0,1,-1,INCREASE,DECREASE,0.7088,0.7088,0.1435,0.1476,random_forest
wheat,APMC Majalgaon,2026-04-06,2700.0,2701.0,0,-1,STABLE,DECREASE,0.4968,0.4968,0.2873,0.2159,random_forest
wheat,APMC Jalana,2026-04-06,2695.0,2701.0,0,1,STABLE,INCREASE,0.4198,0.3617,0.2185,0.4198,random_forest
wheat,APMC Akola,2026-04-06,2650.0,2605.0,-1,-1,DECREASE,DECREASE,0.3806,0.3806,0.3322,0.2872,random_forest
wheat,APMC Ulhasnagar,2026-04-07,3200.0,3000.0,-1,-1,DECREASE,DECREASE,0.4787,0.4787,0.2669,0.2544,random_forest
wheat,APMC Solapur,2026-04-07,3250.0,3265.0,0,0,STABLE,STABLE,0.5606,0.1824,0.5606,0.257,random_forest
wheat,APMC Sangli,2026-04-07,3500.0,3500.0,0,0,STABLE,STABLE,0.461,0.3238,0.461,0.2152,random_forest
wheat,APMC Paithan,2026-04-07,2600.0,2600.0,0,1,STABLE,INCREASE,0.5121,0.2239,0.264,0.5121,random_forest
wheat,APMC Nagpur,2026-04-07,3425.0,3425.0,0,0,STABLE,STABLE,0.6084,0.2608,0.6084,0.1308,random_forest
wheat,APMC Akola,2026-04-07,2650.0,2710.0,1,-1,INCREASE,DECREASE,0.3682,0.3682,0.3044,0.3274,random_forest
wheat,APMC Malkapur,2026-04-07,3085.0,3000.0,-1,-1,DECREASE,DECREASE,0.7372,0.7372,0.1159,0.1469,random_forest
wheat,APMC Majalgaon,2026-04-07,2712.0,2710.0,0,-1,STABLE,DECREASE,0.4265,0.4265,0.2794,0.2941,random_forest
wheat,APMC Kalyan,2026-04-07,3000.0,3200.0,1,0,INCREASE,STABLE,0.5723,0.2334,0.5723,0.1944,random_forest
wheat,APMC Mumbai,2026-04-07,4250.0,3950.0,-1,-1,DECREASE,DECREASE,0.5684,0.5684,0.3693,0.0623,random_forest
wheat,APMC Paithan,2026-04-08,2600.0,2600.0,0,1,STABLE,INCREASE,0.4155,0.3127,0.2717,0.4155,random_forest
wheat,APMC Ulhasnagar,2026-04-08,3100.0,3250.0,1,1,INCREASE,INCREASE,0.6333,0.2035,0.1632,0.6333,random_forest
wheat,APMC Solapur,2026-04-08,3255.0,3270.0,0,0,STABLE,STABLE,0.6256,0.1751,0.6256,0.1994,random_forest
wheat,APMC Sangli,2026-04-08,3500.0,3500.0,0,0,STABLE,STABLE,0.572,0.2595,0.572,0.1686,random_forest
wheat,APMC Nagpur,2026-04-08,3425.0,3425.0,0,0,STABLE,STABLE,0.6613,0.2126,0.6613,0.1261,random_forest
wheat,APMC Akola,2026-04-08,2625.0,2680.0,1,-1,INCREASE,DECREASE,0.3648,0.3648,0.3575,0.2777,random_forest
wheat,APMC Malkapur,2026-04-08,2900.0,3135.0,1,-1,INCREASE,DECREASE,0.5176,0.5176,0.187,0.2954,random_forest
wheat,APMC Majalgaon,2026-04-08,2700.0,2670.0,0,-1,STABLE,DECREASE,0.3941,0.3941,0.281,0.3249,random_forest
wheat,APMC Kalyan,2026-04-08,3000.0,3250.0,1,0,INCREASE,STABLE,0.5958,0.2251,0.5958,0.1791,random_forest
wheat,APMC Jalana,2026-04-08,2600.0,3700.0,1,1,INCREASE,INCREASE,0.4249,0.3408,0.2343,0.4249,random_forest
wheat,APMC Mumbai,2026-04-08,3950.0,3950.0,0,0,STABLE,STABLE,0.4459,0.1882,0.4459,0.3659,random_forest
wheat,APMC Ulhasnagar,2026-04-09,3200.0,3000.0,-1,-1,DECREASE,DECREASE,0.5522,0.5522,0.2315,0.2163,random_forest
wheat,APMC Solapur,2026-04-09,3260.0,3275.0,0,0,STABLE,STABLE,0.7026,0.1552,0.7026,0.1423,random_forest
wheat,APMC Sangli,2026-04-09,3500.0,3500.0,0,0,STABLE,STABLE,0.6561,0.1867,0.6561,0.1572,random_forest
wheat,APMC Nagpur,2026-04-09,3425.0,3275.0,-1,0,DECREASE,STABLE,0.4451,0.3145,0.4451,0.2404,random_forest
wheat,APMC Mumbai,2026-04-09,3950.0,3950.0,0,0,STABLE,STABLE,0.6261,0.2004,0.6261,0.1735,random_forest
wheat,APMC Malkapur,2026-04-09,3040.0,2660.0,-1,-1,DECREASE,DECREASE,0.6677,0.6677,0.1521,0.1802,random_forest
wheat,APMC Kalyan,2026-04-09,3000.0,3200.0,1,0,INCREASE,STABLE,0.5877,0.2227,0.5877,0.1896,random_forest
wheat,APMC Jalana,2026-04-09,2700.0,2738.0,0,-1,STABLE,DECREASE,0.5557,0.5557,0.1621,0.2823,random_forest
wheat,APMC Akola,2026-04-09,2605.0,2640.0,0,1,STABLE,INCREASE,0.3786,0.3508,0.2706,0.3786,random_forest
wheat,APMC Majalgaon,2026-04-09,2701.0,2800.0,1,-1,INCREASE,DECREASE,0.3432,0.3432,0.3136,0.3432,random_forest
wheat,APMC Nagpur,2026-04-10,3425.0,3425.0,0,0,STABLE,STABLE,0.5916,0.2642,0.5916,0.1443,random_forest
wheat,APMC Ulhasnagar,2026-04-10,3000.0,3200.0,1,1,INCREASE,INCREASE,0.6727,0.1907,0.1366,0.6727,random_forest
wheat,APMC Solapur,2026-04-10,3265.0,3280.0,0,0,STABLE,STABLE,0.7036,0.1522,0.7036,0.1442,random_forest
wheat,APMC Mumbai,2026-04-10,3950.0,4250.0,1,0,INCREASE,STABLE,0.48,0.2213,0.48,0.2987,random_forest
wheat,APMC Majalgaon,2026-04-10,2710.0,2700.0,0,-1,STABLE,DECREASE,0.4305,0.4305,0.274,0.2955,random_forest
wheat,APMC Malkapur,2026-04-10,3000.0,2775.0,-1,-1,DECREASE,DECREASE,0.4391,0.4391,0.2682,0.2927,random_forest
wheat,APMC Jalana,2026-04-10,2701.0,2625.0,-1,-1,DECREASE,DECREASE,0.4009,0.4009,0.2786,0.3205,random_forest
wheat,APMC Dhule,2026-04-10,2585.0,2600.0,0,-1,STABLE,DECREASE,0.419,0.419,0.2658,0.3152,random_forest
wheat,APMC Jalana,2026-04-11,3700.0,2700.0,-1,-1,DECREASE,DECREASE,0.8097,0.8097,0.1111,0.0793,random_forest
wheat,APMC Majalgaon,2026-04-11,2670.0,2861.0,1,0,INCREASE,STABLE,0.4067,0.2282,0.4067,0.3651,random_forest
wheat,APMC Malkapur,2026-04-11,3135.0,2700.0,-1,-1,DECREASE,DECREASE,0.7095,0.7095,0.1317,0.1588,random_forest
wheat,APMC Mumbai,2026-04-11,3950.0,3950.0,0,0,STABLE,STABLE,0.6171,0.2139,0.6171,0.169,random_forest
wheat,APMC Nagpur,2026-04-11,3425.0,3425.0,0,0,STABLE,STABLE,0.6536,0.1866,0.6536,0.1597,random_forest
wheat,APMC Paithan,2026-04-11,2600.0,2651.0,1,1,INCREASE,INCREASE,0.4745,0.2413,0.2842,0.4745,random_forest
wheat,APMC Solapur,2026-04-11,3270.0,3285.0,0,0,STABLE,STABLE,0.6747,0.1655,0.6747,0.1597,random_forest
wheat,APMC Ulhasnagar,2026-04-12,3250.0,3250.0,0,-1,STABLE,DECREASE,0.6635,0.6635,0.1441,0.1924,random_forest
wheat,APMC Akola,2026-04-13,2710.0,2635.0,-1,-1,DECREASE,DECREASE,0.6133,0.6133,0.2109,0.1758,random_forest
wheat,APMC Majalgaon,2026-04-13,2800.0,2750.0,-1,-1,DECREASE,DECREASE,0.661,0.661,0.1656,0.1734,random_forest
wheat,APMC Mumbai,2026-04-13,3950.0,3950.0,0,0,STABLE,STABLE,0.5165,0.2618,0.5165,0.2217,random_forest
wheat,APMC Nagpur,2026-04-13,3275.0,3275.0,0,1,STABLE,INCREASE,0.7401,0.121,0.1389,0.7401,random_forest
wheat,APMC Solapur,2026-04-13,3275.0,3300.0,0,0,STABLE,STABLE,0.7728,0.1355,0.7728,0.0918,random_forest
wheat,APMC Ulhasnagar,2026-04-13,3000.0,3200.0,1,1,INCREASE,INCREASE,0.6151,0.2068,0.1781,0.6151,random_forest
wheat,APMC Jalana,2026-04-13,2738.0,2600.0,-1,-1,DECREASE,DECREASE,0.4022,0.4022,0.2135,0.3843,random_forest
wheat,APMC Mumbai,2026-04-14,4250.0,4250.0,0,-1,STABLE,DECREASE,0.5729,0.5729,0.3631,0.064,random_forest
wheat,APMC Ulhasnagar,2026-04-14,3200.0,3200.0,0,-1,STABLE,DECREASE,0.6187,0.6187,0.1628,0.2184,random_forest
wheat,APMC Sangli,2026-04-15,3500.0,3750.0,1,0,INCREASE,STABLE,0.7397,0.1566,0.7397,0.1037,random_forest
wheat,APMC Solapur,2026-04-15,3280.0,3310.0,0,0,STABLE,STABLE,0.7459,0.1343,0.7459,0.1198,random_forest
wheat,APMC Jalana,2026-04-15,2625.0,2602.0,0,1,STABLE,INCREASE,0.549,0.2482,0.2029,0.549,random_forest
wheat,APMC Paithan,2026-04-15,2600.0,2601.0,0,1,STABLE,INCREASE,0.3966,0.2631,0.3404,0.3966,random_forest
wheat,APMC Ulhasnagar,2026-04-15,3250.0,3200.0,-1,-1,DECREASE,DECREASE,0.5856,0.5856,0.2035,0.2109,random_forest
wheat,APMC Nagpur,2026-04-15,3425.0,3425.0,0,0,STABLE,STABLE,0.5848,0.3047,0.5848,0.1104,random_forest
wheat,APMC Akola,2026-04-15,2680.0,2600.0,-1,-1,DECREASE,DECREASE,0.358,0.358,0.3331,0.3089,random_forest
wheat,APMC Malkapur,2026-04-15,2660.0,2800.0,1,1,INCREASE,INCREASE,0.6921,0.1642,0.1437,0.6921,random_forest
wheat,APMC Majalgaon,2026-04-15,2700.0,2900.0,1,1,INCREASE,INCREASE,0.4018,0.3307,0.2675,0.4018,random_forest
wheat,APMC Kalyan,2026-04-15,3200.0,3200.0,0,-1,STABLE,DECREASE,0.74,0.74,0.1475,0.1125,random_forest
wheat,APMC Mumbai,2026-04-15,3950.0,4250.0,1,0,INCREASE,STABLE,0.4521,0.1885,0.4521,0.3593,random_forest
wheat,APMC Solapur,2026-04-16,3285.0,3315.0,0,0,STABLE,STABLE,0.7609,0.1317,0.7609,0.1074,random_forest
wheat,APMC Akola,2026-04-16,2640.0,2800.0,1,0,INCREASE,STABLE,0.3851,0.2838,0.3851,0.3311,random_forest
wheat,APMC Dhule,2026-04-16,2600.0,2600.0,0,-1,STABLE,DECREASE,0.4533,0.4533,0.242,0.3047,random_forest
wheat,APMC Majalgaon,2026-04-16,2861.0,2850.0,0,-1,STABLE,DECREASE,0.7224,0.7224,0.1243,0.1533,random_forest
wheat,APMC Malkapur,2026-04-16,2775.0,2760.0,0,-1,STABLE,DECREASE,0.423,0.423,0.1919,0.385,random_forest
wheat,APMC Mumbai,2026-04-16,3950.0,3950.0,0,0,STABLE,STABLE,0.5138,0.2428,0.5138,0.2434,random_forest
wheat,APMC Nagpur,2026-04-16,3425.0,3325.0,-1,0,DECREASE,STABLE,0.5355,0.2569,0.5355,0.2076,random_forest
wheat,APMC Paithan,2026-04-16,2600.0,2591.0,0,1,STABLE,INCREASE,0.3578,0.2896,0.3526,0.3578,random_forest
wheat,APMC Sangli,2026-04-16,3500.0,3500.0,0,0,STABLE,STABLE,0.688,0.1857,0.688,0.1263,random_forest
wheat,APMC Ulhasnagar,2026-04-16,3200.0,3200.0,0,-1,STABLE,DECREASE,0.4588,0.4588,0.2162,0.325,random_forest
wheat,APMC Sangli,2026-04-17,3500.0,3400.0,-1,0,DECREASE,STABLE,0.7744,0.1432,0.7744,0.0824,random_forest
wheat,APMC Solapur,2026-04-17,3300.0,3325.0,0,0,STABLE,STABLE,0.7415,0.135,0.7415,0.1235,random_forest
wheat,APMC Ulhasnagar,2026-04-17,3200.0,3100.0,-1,0,DECREASE,STABLE,0.4019,0.307,0.4019,0.2911,random_forest
wheat,APMC Nagpur,2026-04-17,3275.0,3425.0,1,1,INCREASE,INCREASE,0.4658,0.2814,0.2528,0.4658,random_forest
wheat,APMC Malkapur,2026-04-17,2700.0,2740.0,0,1,STABLE,INCREASE,0.5874,0.2129,0.1997,0.5874,random_forest
wheat,APMC Kalyan,2026-04-17,3250.0,3200.0,-1,-1,DECREASE,DECREASE,0.7003,0.7003,0.134,0.1657,random_forest
wheat,APMC Dhule,2026-04-17,2601.0,2601.0,0,-1,STABLE,DECREASE,0.3817,0.3817,0.2806,0.3377,random_forest
wheat,APMC Mumbai,2026-04-17,4250.0,4250.0,0,-1,STABLE,DECREASE,0.4612,0.4612,0.4101,0.1287,random_forest
wheat,APMC Jalana,2026-04-18,2700.0,2692.0,0,1,STABLE,INCREASE,0.443,0.3399,0.2171,0.443,random_forest
wheat,APMC Majalgaon,2026-04-18,2750.0,2811.0,1,1,INCREASE,INCREASE,0.3994,0.3398,0.2608,0.3994,random_forest
wheat,APMC Malkapur,2026-04-18,2800.0,2735.0,-1,-1,DECREASE,DECREASE,0.559,0.559,0.1792,0.2618,random_forest
wheat,APMC Mumbai,2026-04-18,4250.0,3950.0,-1,-1,DECREASE,DECREASE,0.4972,0.4972,0.4138,0.089,random_forest
wheat,APMC Nagpur,2026-04-18,3425.0,3425.0,0,-1,STABLE,DECREASE,0.4846,0.4846,0.3468,0.1686,random_forest
wheat,APMC Paithan,2026-04-18,2651.0,2651.0,0,-1,STABLE,DECREASE,0.4866,0.4866,0.2645,0.2489,random_forest
wheat,APMC Sangli,2026-04-18,3750.0,3500.0,-1,-1,DECREASE,DECREASE,0.7004,0.7004,0.2304,0.0691,random_forest
wheat,APMC Solapur,2026-04-18,3310.0,3330.0,0,0,STABLE,STABLE,0.8165,0.1099,0.8165,0.0736,random_forest
wheat,APMC Ulhasnagar,2026-04-19,3200.0,3100.0,-1,1,DECREASE,INCREASE,0.3885,0.3848,0.2267,0.3885,random_forest
wheat,APMC Kalyan,2026-04-19,3200.0,3200.0,0,-1,STABLE,DECREASE,0.5512,0.5512,0.1948,0.2539,random_forest
wheat,APMC Jalana,2026-04-20,2600.0,2650.0,1,1,INCREASE,INCREASE,0.5123,0.2703,0.2174,0.5123,random_forest
wheat,APMC Kalyan,2026-04-20,3200.0,3200.0,0,-1,STABLE,DECREASE,0.4626,0.4626,0.2692,0.2683,random_forest
wheat,APMC Majalgaon,2026-04-20,2900.0,2851.0,-1,-1,DECREASE,DECREASE,0.7063,0.7063,0.1321,0.1616,random_forest
wheat,APMC Malkapur,2026-04-20,2760.0,2975.0,1,1,INCREASE,INCREASE,0.4448,0.2921,0.2631,0.4448,random_forest
wheat,APMC Mumbai,2026-04-20,3950.0,3950.0,0,0,STABLE,STABLE,0.3914,0.2648,0.3914,0.3438,random_forest
wheat,APMC Solapur,2026-04-20,3315.0,3340.0,0,0,STABLE,STABLE,0.8481,0.089,0.8481,0.0628,random_forest
wheat,APMC Ulhasnagar,2026-04-20,3200.0,3200.0,0,0,STABLE,STABLE,0.4158,0.3176,0.4158,0.2666,random_forest
wheat,APMC Ulhasnagar,2026-04-21,3100.0,3000.0,-1,1,DECREASE,INCREASE,0.5001,0.3044,0.1955,0.5001,random_forest
wheat,APMC Solapur,2026-04-21,3325.0,3350.0,0,0,STABLE,STABLE,0.8998,0.0609,0.8998,0.0393,random_forest
wheat,APMC Sangli,2026-04-21,3500.0,3400.0,-1,0,DECREASE,STABLE,0.3659,0.2852,0.3659,0.3489,random_forest
wheat,APMC Nagpur,2026-04-21,3325.0,3425.0,1,1,INCREASE,INCREASE,0.5118,0.2312,0.257,0.5118,random_forest
wheat,APMC Mumbai,2026-04-21,4250.0,3950.0,-1,0,DECREASE,STABLE,0.459,0.4398,0.459,0.1012,random_forest
wheat,APMC Dhule,2026-04-21,2600.0,2610.0,0,-1,STABLE,DECREASE,0.3659,0.3659,0.2879,0.3461,random_forest
wheat,APMC Majalgaon,2026-04-21,2850.0,2800.0,-1,-1,DECREASE,DECREASE,0.4693,0.4693,0.2281,0.3025,random_forest
wheat,APMC Kalyan,2026-04-21,3200.0,3200.0,0,-1,STABLE,DECREASE,0.4358,0.4358,0.2458,0.3184,random_forest
wheat,APMC Jalana,2026-04-21,2602.0,2600.0,0,1,STABLE,INCREASE,0.3919,0.302,0.3061,0.3919,random_forest
wheat,APMC Malkapur,2026-04-21,2740.0,2740.0,0,1,STABLE,INCREASE,0.396,0.3054,0.2986,0.396,random_forest
wheat,APMC Jalana,2026-04-22,2692.0,2600.0,-1,-1,DECREASE,DECREASE,0.4779,0.4779,0.2365,0.2856,random_forest
wheat,APMC Kalyan,2026-04-22,3200.0,3200.0,0,-1,STABLE,DECREASE,0.465,0.465,0.2834,0.2516,random_forest
wheat,APMC Majalgaon,2026-04-22,2811.0,2761.0,-1,-1,DECREASE,DECREASE,0.4365,0.4365,0.2387,0.3248,random_forest
wheat,APMC Malkapur,2026-04-22,2735.0,3050.0,1,1,INCREASE,INCREASE,0.5439,0.2302,0.2259,0.5439,random_forest
wheat,APMC Mumbai,2026-04-22,3950.0,3950.0,0,1,STABLE,INCREASE,0.57,0.1908,0.2392,0.57,random_forest
wheat,APMC Nagpur,2026-04-22,3425.0,3425.0,0,0,STABLE,STABLE,0.4702,0.4147,0.4702,0.115,random_forest
wheat,APMC Solapur,2026-04-22,3330.0,3355.0,0,0,STABLE,STABLE,0.8637,0.0868,0.8637,0.0495,random_forest
wheat,APMC Ulhasnagar,2026-04-22,3100.0,3100.0,0,1,STABLE,INCREASE,0.5437,0.2265,0.2298,0.5437,random_forest
wheat,APMC Solapur,2026-04-23,3340.0,3365.0,0,0,STABLE,STABLE,0.8536,0.096,0.8536,0.0504,random_forest
wheat,APMC Sangli,2026-04-23,3400.0,3400.0,0,1,STABLE,INCREASE,0.5056,0.1839,0.3105,0.5056,random_forest
wheat,APMC Paithan,2026-04-23,2601.0,2600.0,0,1,STABLE,INCREASE,0.5069,0.2471,0.246,0.5069,random_forest
wheat,APMC Mumbai,2026-04-23,3950.0,3950.0,0,0,STABLE,STABLE,0.6278,0.1996,0.6278,0.1727,random_forest
wheat,APMC Nagpur,2026-04-23,3425.0,3425.0,0,0,STABLE,STABLE,0.4231,0.3285,0.4231,0.2484,random_forest
wheat,APMC Majalgaon,2026-04-23,2851.0,2711.0,-1,-1,DECREASE,DECREASE,0.4502,0.4502,0.2215,0.3284,random_forest
wheat,APMC Kalyan,2026-04-23,3200.0,3200.0,0,-1,STABLE,DECREASE,0.459,0.459,0.2746,0.2664,random_forest
wheat,APMC Jalana,2026-04-23,2650.0,2700.0,1,1,INCREASE,INCREASE,0.4366,0.3238,0.2396,0.4366,random_forest
wheat,APMC Dhule,2026-04-23,2600.0,2590.0,0,1,STABLE,INCREASE,0.3719,0.3415,0.2866,0.3719,random_forest
wheat,APMC Malkapur,2026-04-23,2975.0,2605.0,-1,-1,DECREASE,DECREASE,0.7364,0.7364,0.1207,0.1429,random_forest
wheat,APMC Ulhasnagar,2026-04-24,3200.0,3000.0,-1,-1,DECREASE,DECREASE,0.495,0.495,0.232,0.273,random_forest
wheat,APMC Sangli,2026-04-24,3500.0,3450.0,0,-1,STABLE,DECREASE,0.3864,0.3864,0.3174,0.2962,random_forest
wheat,APMC Nagpur,2026-04-24,3425.0,3350.0,-1,0,DECREASE,STABLE,0.474,0.3229,0.474,0.2031,random_forest
wheat,APMC Mumbai,2026-04-24,3950.0,3950.0,0,0,STABLE,STABLE,0.4417,0.2201,0.4417,0.3382,random_forest
wheat,APMC Solapur,2026-04-24,3350.0,3375.0,0,0,STABLE,STABLE,0.8345,0.1104,0.8345,0.0552,random_forest
wheat,APMC Kalyan,2026-04-24,3200.0,3200.0,0,0,STABLE,STABLE,0.5514,0.2721,0.5514,0.1764,random_forest
wheat,APMC Jalana,2026-04-24,2600.0,2700.0,1,1,INCREASE,INCREASE,0.4682,0.2579,0.2739,0.4682,random_forest
wheat,APMC Chattrapati Sambhajinagar,2026-04-24,2690.0,2693.0,0,-1,STABLE,DECREASE,0.6455,0.6455,0.1708,0.1837,random_forest
wheat,APMC Malkapur,2026-04-24,2740.0,2675.0,-1,1,DECREASE,INCREASE,0.5353,0.2455,0.2192,0.5353,random_forest
wheat,APMC Jalana,2026-04-25,2600.0,2650.0,1,1,INCREASE,INCREASE,0.5743,0.17,0.2557,0.5743,random_forest
wheat,APMC Majalgaon,2026-04-25,2800.0,2715.0,-1,1,DECREASE,INCREASE,0.4168,0.354,0.2293,0.4168,random_forest
wheat,APMC Mumbai,2026-04-25,3950.0,3950.0,0,0,STABLE,STABLE,0.6051,0.2143,0.6051,0.1806,random_forest
wheat,APMC Nagpur,2026-04-25,3425.0,3425.0,0,0,STABLE,STABLE,0.5033,0.2727,0.5033,0.224,random_forest
wheat,APMC Sangli,2026-04-25,3400.0,3500.0,1,1,INCREASE,INCREASE,0.524,0.2048,0.2712,0.524,random_forest
wheat,APMC Solapur,2026-04-25,3355.0,3380.0,0,0,STABLE,STABLE,0.867,0.0811,0.867,0.0518,random_forest
wheat,APMC Kalyan,2026-04-26,3200.0,3250.0,1,0,INCREASE,STABLE,0.4276,0.3087,0.4276,0.2638,random_forest
wheat,APMC Ulhasnagar,2026-04-26,3000.0,3200.0,1,1,INCREASE,INCREASE,0.6679,0.1889,0.1432,0.6679,random_forest
wheat,APMC Ulhasnagar,2026-04-27,3100.0,3250.0,1,-1,INCREASE,DECREASE,0.485,0.485,0.2169,0.2981,random_forest
wheat,APMC Solapur,2026-04-27,3365.0,3385.0,0,0,STABLE,STABLE,0.8819,0.0762,0.8819,0.042,random_forest
wheat,APMC Nagpur,2026-04-27,3425.0,3375.0,0,0,STABLE,STABLE,0.441,0.3301,0.441,0.2289,random_forest
wheat,APMC Malkapur,2026-04-27,3050.0,2700.0,-1,-1,DECREASE,DECREASE,0.6079,0.6079,0.1777,0.2144,random_forest
wheat,APMC Majalgaon,2026-04-27,2761.0,2700.0,-1,1,DECREASE,INCREASE,0.458,0.2672,0.2749,0.458,random_forest
wheat,APMC Mumbai,2026-04-27,3950.0,3950.0,0,0,STABLE,STABLE,0.4991,0.2526,0.4991,0.2483,random_forest
wheat,APMC Solapur,2026-04-28,3375.0,3390.0,0,0,STABLE,STABLE,0.8942,0.0658,0.8942,0.04,random_forest
wheat,APMC Sangli,2026-04-28,3400.0,3500.0,1,0,INCREASE,STABLE,0.5926,0.2097,0.5926,0.1977,random_forest
wheat,APMC Nagpur,2026-04-28,3350.0,3425.0,1,1,INCREASE,INCREASE,0.5934,0.1943,0.2123,0.5934,random_forest
wheat,APMC Mumbai,2026-04-28,3950.0,3950.0,0,0,STABLE,STABLE,0.5978,0.2291,0.5978,0.1732,random_forest
wheat,APMC Ulhasnagar,2026-04-28,3000.0,3100.0,1,1,INCREASE,INCREASE,0.5856,0.2376,0.1768,0.5856,random_forest
wheat,APMC Majalgaon,2026-04-28,2711.0,2775.0,1,1,INCREASE,INCREASE,0.5025,0.2708,0.2268,0.5025,random_forest
wheat,APMC Kalyan,2026-04-28,3200.0,3250.0,1,0,INCREASE,STABLE,0.4972,0.2939,0.4972,0.2089,random_forest
wheat,APMC Dhule,2026-04-28,2601.0,2600.0,0,-1,STABLE,DECREASE,0.3757,0.3757,0.3004,0.3239,random_forest
wheat,APMC Malkapur,2026-04-28,2605.0,2640.0,0,1,STABLE,INCREASE,0.6983,0.1561,0.1456,0.6983,random_forest
wheat,APMC Jalana,2026-04-29,2700.0,2674.0,0,-1,STABLE,DECREASE,0.4759,0.4759,0.2425,0.2816,random_forest
wheat,APMC Kalyan,2026-04-29,3200.0,3250.0,1,0,INCREASE,STABLE,0.4919,0.2926,0.4919,0.2155,random_forest
wheat,APMC Majalgaon,2026-04-29,2715.0,2651.0,-1,1,DECREASE,INCREASE,0.5055,0.2429,0.2516,0.5055,random_forest
wheat,APMC Mumbai,2026-04-29,3950.0,3950.0,0,0,STABLE,STABLE,0.6285,0.2058,0.6285,0.1657,random_forest
wheat,APMC Nagpur,2026-04-29,3425.0,3425.0,0,0,STABLE,STABLE,0.5674,0.3266,0.5674,0.1059,random_forest
wheat,APMC Sangli,2026-04-29,3450.0,3450.0,0,0,STABLE,STABLE,0.5042,0.2947,0.5042,0.2011,random_forest
wheat,APMC Solapur,2026-04-29,3380.0,3395.0,0,0,STABLE,STABLE,0.8421,0.103,0.8421,0.0549,random_forest
wheat,APMC Ulhasnagar,2026-04-29,3200.0,3200.0,0,-1,STABLE,DECREASE,0.578,0.578,0.1886,0.2334,random_forest
wheat,APMC Solapur,2026-04-30,3385.0,3400.0,0,0,STABLE,STABLE,0.8621,0.0851,0.8621,0.0528,random_forest
wheat,APMC Paithan,2026-04-30,2591.0,2600.0,0,0,STABLE,STABLE,0.4763,0.2337,0.4763,0.29,random_forest
wheat,APMC Mumbai,2026-04-30,3950.0,3950.0,0,0,STABLE,STABLE,0.7617,0.1354,0.7617,0.1029,random_forest
wheat,APMC Nagpur,2026-04-30,3375.0,3425.0,0,0,STABLE,STABLE,0.5863,0.1895,0.5863,0.2243,random_forest
wheat,APMC Majalgaon,2026-04-30,2700.0,2755.0,1,1,INCREASE,INCREASE,0.4928,0.2594,0.2479,0.4928,random_forest
wheat,APMC Malkapur,2026-04-30,2675.0,2595.0,-1,1,DECREASE,INCREASE,0.4701,0.3146,0.2153,0.4701,random_forest
wheat,APMC Kalyan,2026-04-30,3250.0,3220.0,0,-1,STABLE,DECREASE,0.6288,0.6288,0.2231,0.1481,random_forest
wheat,APMC Majalgaon,2026-05-02,2775.0,2801.0,0,-1,STABLE,DECREASE,0.5628,0.5628,0.2125,0.2247,random_forest
wheat,APMC Malkapur,2026-05-02,2700.0,2810.0,1,1,INCREASE,INCREASE,0.5027,0.2592,0.2381,0.5027,random_forest
wheat,APMC Nagpur,2026-05-02,3425.0,3425.0,0,0,STABLE,STABLE,0.5551,0.3346,0.5551,0.1103,random_forest
wheat,APMC Solapur,2026-05-02,3390.0,3410.0,0,0,STABLE,STABLE,0.8782,0.0799,0.8782,0.0419,random_forest
wheat,APMC Nagpur,2026-05-04,3425.0,3425.0,0,0,STABLE,STABLE,0.6137,0.2334,0.6137,0.153,random_forest
wheat,APMC Jalana,2026-05-04,2700.0,3176.0,1,-1,INCREASE,DECREASE,0.448,0.448,0.2995,0.2525,random_forest
wheat,APMC Majalgaon,2026-05-04,2651.0,2711.0,1,1,INCREASE,INCREASE,0.6682,0.1643,0.1675,0.6682,random_forest
wheat,APMC Mumbai,2026-05-04,3950.0,3950.0,0,0,STABLE,STABLE,0.7646,0.1512,0.7646,0.0843,random_forest
wheat,APMC Solapur,2026-05-04,3395.0,3415.0,0,0,STABLE,STABLE,0.7922,0.1078,0.7922,0.1,random_forest
wheat,APMC Solapur,2026-05-05,3400.0,3425.0,0,0,STABLE,STABLE,0.8819,0.0715,0.8819,0.0466,random_forest
wheat,APMC Mumbai,2026-05-05,3950.0,3950.0,0,0,STABLE,STABLE,0.7532,0.1622,0.7532,0.0846,random_forest
wheat,APMC Malkapur,2026-05-05,2640.0,2700.0,1,1,INCREASE,INCREASE,0.4774,0.2715,0.2512,0.4774,random_forest
wheat,APMC Majalgaon,2026-05-05,2755.0,2661.0,-1,-1,DECREASE,DECREASE,0.5557,0.5557,0.2111,0.2332,random_forest
wheat,APMC Sangli,2026-05-06,3500.0,3450.0,0,-1,STABLE,DECREASE,0.4195,0.4195,0.3684,0.2121,random_forest
wheat,APMC Solapur,2026-05-06,3410.0,3430.0,0,0,STABLE,STABLE,0.8693,0.0824,0.8693,0.0483,random_forest
wheat,APMC Nagpur,2026-05-06,3425.0,3425.0,0,0,STABLE,STABLE,0.6291,0.2318,0.6291,0.1391,random_forest
wheat,APMC Ulhasnagar,2026-05-06,3250.0,3100.0,-1,-1,DECREASE,DECREASE,0.65,0.65,0.1417,0.2083,random_forest
wheat,APMC Majalgaon,2026-05-06,2801.0,2610.0,-1,-1,DECREASE,DECREASE,0.3976,0.3976,0.2958,0.3066,random_forest
wheat,APMC Kalyan,2026-05-06,3250.0,3250.0,0,0,STABLE,STABLE,0.3858,0.3788,0.3858,0.2353,random_forest
wheat,APMC Mumbai,2026-05-06,3950.0,4250.0,1,0,INCREASE,STABLE,0.6125,0.1738,0.6125,0.2138,random_forest
wheat,APMC Solapur,2026-05-07,3415.0,3440.0,0,0,STABLE,STABLE,0.8869,0.0705,0.8869,0.0425,random_forest
wheat,APMC Sangli,2026-05-07,3500.0,3500.0,0,0,STABLE,STABLE,0.4376,0.3804,0.4376,0.182,random_forest
wheat,APMC Nagpur,2026-05-07,3425.0,3425.0,0,0,STABLE,STABLE,0.5747,0.2696,0.5747,0.1557,random_forest
wheat,APMC Kalyan,2026-05-07,3250.0,3200.0,-1,-1,DECREASE,DECREASE,0.4257,0.4257,0.3443,0.23,random_forest
wheat,APMC Malkapur,2026-05-07,2595.0,2700.0,1,1,INCREASE,INCREASE,0.6121,0.1929,0.195,0.6121,random_forest
wheat,APMC Majalgaon,2026-05-07,2711.0,2701.0,0,1,STABLE,INCREASE,0.4238,0.3167,0.2595,0.4238,random_forest
wheat,APMC Mumbai,2026-05-07,3950.0,4250.0,1,0,INCREASE,STABLE,0.7496,0.1378,0.7496,0.1126,random_forest
wheat,APMC Ulhasnagar,2026-05-08,3100.0,3100.0,0,1,STABLE,INCREASE,0.46,0.33,0.21,0.46,random_forest
wheat,APMC Sangli,2026-05-08,3450.0,3450.0,0,0,STABLE,STABLE,0.5432,0.2465,0.5432,0.2103,random_forest
wheat,APMC Nagpur,2026-05-08,3425.0,3425.0,0,0,STABLE,STABLE,0.6444,0.2035,0.6444,0.1521,random_forest
wheat,APMC Solapur,2026-05-08,3425.0,3450.0,0,0,STABLE,STABLE,0.8741,0.0724,0.8741,0.0535,random_forest
wheat,APMC Malkapur,2026-05-08,2810.0,2595.0,-1,-1,DECREASE,DECREASE,0.4975,0.4975,0.2422,0.2604,random_forest
wheat,APMC Majalgaon,2026-05-08,2661.0,2600.0,-1,1,DECREASE,INCREASE,0.6132,0.1937,0.1931,0.6132,random_forest
wheat,APMC Kalyan,2026-05-08,3220.0,3200.0,0,0,STABLE,STABLE,0.5158,0.2693,0.5158,0.2149,random_forest
wheat,APMC Mumbai,2026-05-08,3950.0,4250.0,1,0,INCREASE,STABLE,0.6592,0.18,0.6592,0.1608,random_forest
wheat,APMC Majalgaon,2026-05-09,2610.0,2651.0,1,1,INCREASE,INCREASE,0.6144,0.1837,0.2019,0.6144,random_forest
wheat,APMC Mumbai,2026-05-09,4250.0,3950.0,-1,-1,DECREASE,DECREASE,0.5457,0.5457,0.3679,0.0864,random_forest
wheat,APMC Nagpur,2026-05-09,3425.0,3425.0,0,0,STABLE,STABLE,0.7937,0.1391,0.7937,0.0672,random_forest
wheat,APMC Solapur,2026-05-09,3430.0,3455.0,0,0,STABLE,STABLE,0.8783,0.0737,0.8783,0.048,random_forest
wheat,APMC Kalyan,2026-05-10,3250.0,3200.0,-1,0,DECREASE,STABLE,0.4941,0.2954,0.4941,0.2105,random_forest
wheat,APMC Sangli,2026-05-11,3450.0,3450.0,0,0,STABLE,STABLE,0.4806,0.2326,0.4806,0.2868,random_forest
wheat,APMC Solapur,2026-05-11,3440.0,3460.0,0,0,STABLE,STABLE,0.8195,0.0955,0.8195,0.085,random_forest
wheat,APMC Ulhasnagar,2026-05-11,3200.0,3100.0,-1,-1,DECREASE,DECREASE,0.5182,0.5182,0.2262,0.2556,random_forest
wheat,APMC Nagpur,2026-05-11,3425.0,3275.0,-1,0,DECREASE,STABLE,0.8093,0.1242,0.8093,0.0664,random_forest
wheat,APMC Malkapur,2026-05-11,2700.0,2675.0,0,1,STABLE,INCREASE,0.5001,0.2736,0.2262,0.5001,random_forest
wheat,APMC Majalgaon,2026-05-11,2701.0,2651.0,-1,-1,DECREASE,DECREASE,0.3748,0.3748,0.293,0.3322,random_forest
wheat,APMC Mumbai,2026-05-11,4250.0,3950.0,-1,-1,DECREASE,DECREASE,0.4966,0.4966,0.4135,0.0898,random_forest
wheat,APMC Kalyan,2026-05-12,3200.0,3200.0,0,1,STABLE,INCREASE,0.4054,0.24,0.3546,0.4054,random_forest
wheat,APMC Majalgaon,2026-05-12,2600.0,2701.0,1,1,INCREASE,INCREASE,0.5527,0.2078,0.2395,0.5527,random_forest
wheat,APMC Mumbai,2026-05-12,4250.0,4250.0,0,-1,STABLE,DECREASE,0.4976,0.4976,0.412,0.0905,random_forest
wheat,APMC Nagpur,2026-05-12,3425.0,3425.0,0,0,STABLE,STABLE,0.8425,0.1011,0.8425,0.0564,random_forest
wheat,APMC Sangli,2026-05-12,3500.0,3400.0,-1,0,DECREASE,STABLE,0.4825,0.3694,0.4825,0.1481,random_forest
wheat,APMC Solapur,2026-05-12,3450.0,3465.0,0,0,STABLE,STABLE,0.8588,0.0912,0.8588,0.05,random_forest
wheat,APMC Ulhasnagar,2026-05-12,3100.0,3100.0,0,1,STABLE,INCREASE,0.4793,0.3043,0.2164,0.4793,random_forest
wheat,APMC Ulhasnagar,2026-05-13,3100.0,3100.0,0,0,STABLE,STABLE,0.3647,0.3143,0.3647,0.321,random_forest
wheat,APMC Solapur,2026-05-13,3455.0,3470.0,0,0,STABLE,STABLE,0.7763,0.1124,0.7763,0.1113,random_forest
wheat,APMC Sangli,2026-05-13,3450.0,3500.0,0,0,STABLE,STABLE,0.545,0.2486,0.545,0.2064,random_forest
wheat,APMC Nagpur,2026-05-13,3425.0,3425.0,0,0,STABLE,STABLE,0.8693,0.0904,0.8693,0.0403,random_forest
wheat,APMC Dhule,2026-05-13,2610.0,2605.0,0,0,STABLE,STABLE,0.4483,0.2686,0.4483,0.2831,random_forest
wheat,APMC Malkapur,2026-05-13,2700.0,2725.0,0,-1,STABLE,DECREASE,0.3991,0.3991,0.2872,0.3137,random_forest
wheat,APMC Majalgaon,2026-05-13,2651.0,2600.0,-1,1,DECREASE,INCREASE,0.374,0.3628,0.2632,0.374,random_forest
wheat,APMC Kalyan,2026-05-13,3200.0,3200.0,0,0,STABLE,STABLE,0.5706,0.2351,0.5706,0.1943,random_forest
wheat,APMC Mumbai,2026-05-13,3950.0,3950.0,0,1,STABLE,INCREASE,0.5562,0.1982,0.2457,0.5562,random_forest
wheat,APMC Ulhasnagar,2026-05-14,3100.0,3200.0,1,1,INCREASE,INCREASE,0.4422,0.33,0.2278,0.4422,random_forest
wheat,APMC Solapur,2026-05-14,3460.0,3475.0,0,0,STABLE,STABLE,0.8535,0.0883,0.8535,0.0583,random_forest
wheat,APMC Mumbai,2026-05-14,3950.0,3950.0,0,0,STABLE,STABLE,0.3811,0.2493,0.3811,0.3697,random_forest
wheat,APMC Nagpur,2026-05-14,3275.0,3425.0,1,1,INCREASE,INCREASE,0.7496,0.1227,0.1277,0.7496,random_forest
wheat,APMC Kalyan,2026-05-14,3200.0,3200.0,0,0,STABLE,STABLE,0.4292,0.2237,0.4292,0.3471,random_forest
wheat,APMC Akola,2026-05-14,2635.0,2590.0,-1,1,DECREASE,INCREASE,0.4277,0.2684,0.3039,0.4277,random_forest
wheat,APMC Malkapur,2026-05-14,2595.0,2670.0,1,1,INCREASE,INCREASE,0.6877,0.1585,0.1538,0.6877,random_forest
wheat,APMC Dhule,2026-05-15,2590.0,2595.0,0,0,STABLE,STABLE,0.451,0.2615,0.451,0.2875,random_forest
wheat,APMC Kalyan,2026-05-15,3200.0,3250.0,1,0,INCREASE,STABLE,0.5189,0.2382,0.5189,0.2429,random_forest
wheat,APMC Majalgaon,2026-05-15,2651.0,2681.0,0,1,STABLE,INCREASE,0.4922,0.2493,0.2585,0.4922,random_forest
wheat,APMC Malkapur,2026-05-15,2675.0,2690.0,0,-1,STABLE,DECREASE,0.4115,0.4115,0.2737,0.3148,random_forest
wheat,APMC Mumbai,2026-05-15,4250.0,3950.0,-1,0,DECREASE,STABLE,0.488,0.4233,0.488,0.0887,random_forest
wheat,APMC Sangli,2026-05-15,3450.0,3400.0,0,0,STABLE,STABLE,0.5621,0.242,0.5621,0.1959,random_forest
wheat,APMC Solapur,2026-05-15,3465.0,3480.0,0,0,STABLE,STABLE,0.8772,0.0812,0.8772,0.0415,random_forest
wheat,APMC Ulhasnagar,2026-05-15,3100.0,3100.0,0,1,STABLE,INCREASE,0.3517,0.3116,0.3367,0.3517,random_forest
wheat,APMC Solapur,2026-05-16,3470.0,3485.0,0,0,STABLE,STABLE,0.8556,0.088,0.8556,0.0564,random_forest
wheat,APMC Malkapur,2026-05-16,2725.0,2600.0,-1,-1,DECREASE,DECREASE,0.5447,0.5447,0.2171,0.2383,random_forest
wheat,APMC Kalyan,2026-05-17,3200.0,3200.0,0,0,STABLE,STABLE,0.5276,0.2335,0.5276,0.2389,random_forest
wheat,APMC Ulhasnagar,2026-05-17,3100.0,3100.0,0,-1,STABLE,DECREASE,0.3514,0.3514,0.306,0.3426,random_forest
wheat,APMC Kalyan,2026-05-18,3200.0,3200.0,0,0,STABLE,STABLE,0.5936,0.2089,0.5936,0.1975,random_forest
wheat,APMC Majalgaon,2026-05-18,2701.0,2725.0,0,-1,STABLE,DECREASE,0.4745,0.4745,0.2414,0.2841,random_forest
wheat,APMC Mumbai,2026-05-18,3950.0,3950.0,0,0,STABLE,STABLE,0.3859,0.2613,0.3859,0.3528,random_forest
wheat,APMC Nagpur,2026-05-18,3425.0,3425.0,0,0,STABLE,STABLE,0.597,0.2657,0.597,0.1373,random_forest
wheat,APMC Sangli,2026-05-18,3400.0,3500.0,1,1,INCREASE,INCREASE,0.5117,0.1679,0.3205,0.5117,random_forest
wheat,APMC Solapur,2026-05-18,3475.0,3490.0,0,0,STABLE,STABLE,0.8229,0.0985,0.8229,0.0786,random_forest
wheat,APMC Ulhasnagar,2026-05-18,3200.0,3100.0,-1,-1,DECREASE,DECREASE,0.5805,0.5805,0.1771,0.2424,random_forest
wheat,APMC Solapur,2026-05-19,3480.0,3495.0,0,0,STABLE,STABLE,0.8598,0.0912,0.8598,0.049,random_forest
wheat,APMC Nagpur,2026-05-19,3425.0,3425.0,0,0,STABLE,STABLE,0.7257,0.1893,0.7257,0.085,random_forest
wheat,APMC Sangli,2026-05-19,3500.0,3500.0,0,0,STABLE,STABLE,0.5457,0.323,0.5457,0.1313,random_forest
wheat,APMC Majalgaon,2026-05-19,2600.0,2651.0,1,1,INCREASE,INCREASE,0.6191,0.1814,0.1995,0.6191,random_forest
wheat,APMC Mumbai,2026-05-19,3950.0,3950.0,0,0,STABLE,STABLE,0.5737,0.2206,0.5737,0.2057,random_forest
wheat,APMC Kalyan,2026-05-19,3250.0,3050.0,-1,-1,DECREASE,DECREASE,0.447,0.447,0.369,0.184,random_forest
wheat,APMC Kalyan,2026-05-20,3200.0,4150.0,1,0,INCREASE,STABLE,0.5452,0.2358,0.5452,0.219,random_forest
wheat,APMC Majalgaon,2026-05-20,2681.0,2731.0,1,-1,INCREASE,DECREASE,0.4745,0.4745,0.2599,0.2656,random_forest
wheat,APMC Mumbai,2026-05-20,3950.0,3950.0,0,1,STABLE,INCREASE,0.4495,0.2034,0.3472,0.4495,random_forest
wheat,APMC Nagpur,2026-05-20,3425.0,3425.0,0,0,STABLE,STABLE,0.5679,0.2565,0.5679,0.1755,random_forest
wheat,APMC Sangli,2026-05-20,3400.0,3450.0,0,0,STABLE,STABLE,0.5181,0.1999,0.5181,0.282,random_forest
wheat,APMC Solapur,2026-05-20,3485.0,3480.0,0,0,STABLE,STABLE,0.8313,0.0933,0.8313,0.0754,random_forest
wheat,APMC Ulhasnagar,2026-05-20,3100.0,3100.0,0,1,STABLE,INCREASE,0.5046,0.2714,0.224,0.5046,random_forest
wheat,APMC Kalyan,2026-05-21,3200.0,4050.0,1,0,INCREASE,STABLE,0.6215,0.2061,0.6215,0.1724,random_forest
wheat,APMC Dhule,2026-05-21,2600.0,2600.0,0,0,STABLE,STABLE,0.4499,0.2786,0.4499,0.2715,random_forest
wheat,APMC Majalgaon,2026-05-21,2725.0,2711.0,0,-1,STABLE,DECREASE,0.4175,0.4175,0.2783,0.3042,random_forest
wheat,APMC Mumbai,2026-05-21,3950.0,3950.0,0,0,STABLE,STABLE,0.4682,0.2577,0.4682,0.2741,random_forest
wheat,APMC Nagpur,2026-05-21,3425.0,3425.0,0,0,STABLE,STABLE,0.7519,0.1689,0.7519,0.0793,random_forest
wheat,APMC Sangli,2026-05-21,3500.0,3500.0,0,0,STABLE,STABLE,0.503,0.3709,0.503,0.1262,random_forest
wheat,APMC Solapur,2026-05-21,3490.0,3485.0,0,0,STABLE,STABLE,0.8828,0.0739,0.8828,0.0432,random_forest
wheat,APMC Ulhasnagar,2026-05-21,3100.0,3200.0,1,0,INCREASE,STABLE,0.4178,0.3072,0.4178,0.275,random_forest
wheat,APMC Ulhasnagar,2026-05-22,3100.0,3200.0,1,1,INCREASE,INCREASE,0.4012,0.2575,0.3413,0.4012,random_forest
wheat,APMC Nagpur,2026-05-22,3425.0,3425.0,0,0,STABLE,STABLE,0.7745,0.1568,0.7745,0.0688,random_forest
wheat,APMC Mumbai,2026-05-22,3950.0,3950.0,0,0,STABLE,STABLE,0.5169,0.262,0.5169,0.2212,random_forest
wheat,APMC Solapur,2026-05-22,3495.0,3490.0,0,0,STABLE,STABLE,0.8641,0.0732,0.8641,0.0627,random_forest
wheat,APMC Majalgaon,2026-05-22,2651.0,2751.0,1,1,INCREASE,INCREASE,0.4361,0.3107,0.2532,0.4361,random_forest
wheat,APMC Kalyan,2026-05-22,3050.0,3150.0,1,1,INCREASE,INCREASE,0.6804,0.1449,0.1747,0.6804,random_forest
wheat,APMC Malkapur,2026-05-22,2670.0,2720.0,1,1,INCREASE,INCREASE,0.4353,0.3367,0.228,0.4353,random_forest
wheat,APMC Jalana,2026-05-23,2650.0,3101.0,1,1,INCREASE,INCREASE,0.4057,0.3361,0.2581,0.4057,random_forest
wheat,APMC Majalgaon,2026-05-23,2731.0,2671.0,-1,-1,DECREASE,DECREASE,0.5251,0.5251,0.2248,0.2501,random_forest
wheat,APMC Mumbai,2026-05-23,3950.0,3950.0,0,0,STABLE,STABLE,0.5052,0.2632,0.5052,0.2316,random_forest
wheat,APMC Nagpur,2026-05-23,3425.0,3425.0,0,0,STABLE,STABLE,0.7578,0.1645,0.7578,0.0777,random_forest
wheat,APMC Sangli,2026-05-23,3500.0,3500.0,0,0,STABLE,STABLE,0.6486,0.2124,0.6486,0.1389,random_forest
wheat,APMC Solapur,2026-05-23,3480.0,3495.0,0,0,STABLE,STABLE,0.8865,0.069,0.8865,0.0444,random_forest
wheat,APMC Ulhasnagar,2026-05-24,3100.0,3200.0,1,-1,INCREASE,DECREASE,0.3604,0.3604,0.3563,0.2833,random_forest
wheat,APMC Ulhasnagar,2026-05-25,3200.0,3100.0,-1,-1,DECREASE,DECREASE,0.5454,0.5454,0.2204,0.2342,random_forest
wheat,APMC Solapur,2026-05-25,3485.0,3490.0,0,0,STABLE,STABLE,0.874,0.0792,0.874,0.0468,random_forest
wheat,APMC Sangli,2026-05-25,3450.0,3400.0,0,0,STABLE,STABLE,0.5089,0.2568,0.5089,0.2343,random_forest
wheat,APMC Mumbai,2026-05-25,3950.0,3950.0,0,0,STABLE,STABLE,0.6183,0.2134,0.6183,0.1683,random_forest
wheat,APMC Majalgaon,2026-05-25,2711.0,2671.0,0,0,STABLE,STABLE,0.3728,0.2688,0.3728,0.3584,random_forest
wheat,APMC Kalyan,2026-05-25,4150.0,3250.0,-1,-1,DECREASE,DECREASE,0.8101,0.8101,0.1189,0.071,random_forest
wheat,APMC Nagpur,2026-05-25,3425.0,3225.0,-1,0,DECREASE,STABLE,0.5252,0.2833,0.5252,0.1916,random_forest
wheat,APMC Ulhasnagar,2026-05-26,3200.0,3200.0,0,-1,STABLE,DECREASE,0.4145,0.4145,0.2798,0.3058,random_forest
wheat,APMC Kalyan,2026-05-26,4050.0,3300.0,-1,-1,DECREASE,DECREASE,0.553,0.553,0.2433,0.2037,random_forest
wheat,APMC Majalgaon,2026-05-26,2751.0,2715.0,0,-1,STABLE,DECREASE,0.444,0.444,0.2786,0.2774,random_forest
wheat,APMC Mumbai,2026-05-26,3950.0,4050.0,1,0,INCREASE,STABLE,0.759,0.1482,0.759,0.0927,random_forest
wheat,APMC Nagpur,2026-05-26,3425.0,3375.0,0,0,STABLE,STABLE,0.8207,0.1168,0.8207,0.0625,random_forest
wheat,APMC Sangli,2026-05-26,3500.0,3500.0,0,0,STABLE,STABLE,0.6396,0.2489,0.6396,0.1115,random_forest
wheat,APMC Solapur,2026-05-26,3490.0,3495.0,0,0,STABLE,STABLE,0.8901,0.0653,0.8901,0.0446,random_forest
wheat,APMC Solapur,2026-05-27,3495.0,3490.0,0,0,STABLE,STABLE,0.8952,0.0641,0.8952,0.0407,random_forest
wheat,APMC Mumbai,2026-05-27,3950.0,3950.0,0,0,STABLE,STABLE,0.6966,0.158,0.6966,0.1454,random_forest
wheat,APMC Kalyan,2026-05-27,3150.0,4250.0,1,1,INCREASE,INCREASE,0.4125,0.3623,0.2252,0.4125,random_forest
wheat,APMC Majalgaon,2026-05-27,2671.0,2771.0,1,1,INCREASE,INCREASE,0.5198,0.243,0.2373,0.5198,random_forest
wheat,APMC Mumbai,2026-05-28,3950.0,3950.0,0,0,STABLE,STABLE,0.68,0.173,0.68,0.1471,random_forest
wheat,APMC Ulhasnagar,2026-05-28,3200.0,3100.0,-1,-1,DECREASE,DECREASE,0.4043,0.4043,0.2957,0.3,random_forest
wheat,APMC Dhule,2026-05-29,2605.0,2600.0,0,0,STABLE,STABLE,0.494,0.2728,0.494,0.2332,random_forest
wheat,APMC Mumbai,2026-05-29,4050.0,3950.0,-1,-1,DECREASE,DECREASE,0.4939,0.4939,0.3516,0.1545,random_forest
wheat,APMC Nagpur,2026-05-29,3425.0,3425.0,0,0,STABLE,STABLE,0.8416,0.1011,0.8416,0.0573,random_forest
wheat,APMC Solapur,2026-05-29,3490.0,3495.0,0,0,STABLE,STABLE,0.9038,0.0515,0.9038,0.0448,random_forest
wheat,APMC Ulhasnagar,2026-05-29,3100.0,3300.0,1,1,INCREASE,INCREASE,0.5755,0.2231,0.2014,0.5755,random_forest
wheat,APMC Mumbai,2026-05-30,3950.0,3950.0,0,0,STABLE,STABLE,0.4767,0.2493,0.4767,0.274,random_forest
wheat,APMC Solapur,2026-05-30,3495.0,3480.0,0,0,STABLE,STABLE,0.9089,0.0508,0.9089,0.0403,random_forest
wheat,APMC Majalgaon,2026-05-30,2671.0,2600.0,-1,0,DECREASE,STABLE,0.4069,0.2849,0.4069,0.3082,random_forest
wheat,APMC Nagpur,2026-05-30,3225.0,3425.0,1,1,INCREASE,INCREASE,0.7687,0.0943,0.137,0.7687,random_forest
wheat,APMC Ulhasnagar,2026-05-31,3200.0,3400.0,1,-1,INCREASE,DECREASE,0.6323,0.6323,0.1991,0.1686,random_forest
wheat,APMC Majalgaon,2026-06-01,2715.0,2671.0,-1,-1,DECREASE,DECREASE,0.4257,0.4257,0.2944,0.2799,random_forest
wheat,APMC Malkapur,2026-06-01,2690.0,2622.0,-1,1,DECREASE,INCREASE,0.4003,0.2954,0.3043,0.4003,random_forest
wheat,APMC Mumbai,2026-06-01,3950.0,3950.0,0,0,STABLE,STABLE,0.5289,0.2499,0.5289,0.2212,random_forest
wheat,APMC Nagpur,2026-06-01,3375.0,3425.0,0,0,STABLE,STABLE,0.5178,0.3025,0.5178,0.1798,random_forest
wheat,APMC Solapur,2026-06-01,3490.0,3475.0,0,0,STABLE,STABLE,0.9282,0.0412,0.9282,0.0305,random_forest
wheat,APMC Ulhasnagar,2026-06-01,3100.0,3400.0,1,1,INCREASE,INCREASE,0.5115,0.2351,0.2534,0.5115,random_forest
wheat,APMC Sangli,2026-06-02,3500.0,3500.0,0,0,STABLE,STABLE,0.615,0.2328,0.615,0.1522,random_forest
wheat,APMC Ulhasnagar,2026-06-02,3300.0,3400.0,1,-1,INCREASE,DECREASE,0.7052,0.7052,0.1361,0.1587,random_forest
wheat,APMC Solapur,2026-06-02,3495.0,3480.0,0,0,STABLE,STABLE,0.8954,0.0549,0.8954,0.0497,random_forest
wheat,APMC Nagpur,2026-06-02,3425.0,3425.0,0,0,STABLE,STABLE,0.5346,0.3055,0.5346,0.1599,random_forest
wheat,APMC Malkapur,2026-06-02,2600.0,2590.0,0,1,STABLE,INCREASE,0.6472,0.1705,0.1823,0.6472,random_forest
wheat,APMC Majalgaon,2026-06-02,2771.0,2611.0,-1,-1,DECREASE,DECREASE,0.5994,0.5994,0.198,0.2027,random_forest
wheat,APMC Dhule,2026-06-02,2595.0,2605.0,0,0,STABLE,STABLE,0.474,0.2663,0.474,0.2597,random_forest
wheat,APMC Mumbai,2026-06-02,3950.0,3950.0,0,0,STABLE,STABLE,0.48,0.1806,0.48,0.3393,random_forest
wheat,APMC Majalgaon,2026-06-03,2600.0,2700.0,1,1,INCREASE,INCREASE,0.7241,0.1159,0.16,0.7241,random_forest
wheat,APMC Malkapur,2026-06-03,2720.0,2655.0,-1,-1,DECREASE,DECREASE,0.4701,0.4701,0.3111,0.2188,random_forest
wheat,APMC Mumbai,2026-06-03,3950.0,4250.0,1,0,INCREASE,STABLE,0.6284,0.1889,0.6284,0.1827,random_forest
wheat,APMC Nagpur,2026-06-03,3425.0,3425.0,0,0,STABLE,STABLE,0.6181,0.2739,0.6181,0.108,random_forest
wheat,APMC Ulhasnagar,2026-06-03,3400.0,3400.0,0,-1,STABLE,DECREASE,0.757,0.757,0.1447,0.0983,random_forest
wheat,APMC Ulhasnagar,2026-06-04,3400.0,3400.0,0,-1,STABLE,DECREASE,0.5226,0.5226,0.2813,0.1961,random_forest
wheat,APMC Solapur,2026-06-04,3480.0,3485.0,0,0,STABLE,STABLE,0.9083,0.0522,0.9083,0.0395,random_forest
wheat,APMC Sangli,2026-06-04,3400.0,3450.0,0,1,STABLE,INCREASE,0.4997,0.196,0.3043,0.4997,random_forest
wheat,APMC Nagpur,2026-06-04,3425.0,3425.0,0,0,STABLE,STABLE,0.5879,0.2747,0.5879,0.1374,random_forest
wheat,APMC Malkapur,2026-06-04,2622.0,2711.0,1,1,INCREASE,INCREASE,0.5947,0.1969,0.2084,0.5947,random_forest
wheat,APMC Kalyan,2026-06-04,3250.0,3100.0,-1,-1,DECREASE,DECREASE,0.388,0.388,0.2396,0.3724,random_forest
wheat,APMC Mumbai,2026-06-04,3950.0,3950.0,0,0,STABLE,STABLE,0.6593,0.1841,0.6593,0.1567,random_forest
wheat,APMC Kalyan,2026-06-05,3300.0,3100.0,-1,-1,DECREASE,DECREASE,0.4925,0.4925,0.2376,0.2698,random_forest
wheat,APMC Majalgaon,2026-06-05,2671.0,2631.0,0,-1,STABLE,DECREASE,0.4047,0.4047,0.3415,0.2538,random_forest
wheat,APMC Mumbai,2026-06-05,3950.0,3950.0,0,0,STABLE,STABLE,0.726,0.164,0.726,0.11,random_forest
wheat,APMC Nagpur,2026-06-05,3425.0,3425.0,0,0,STABLE,STABLE,0.7066,0.1992,0.7066,0.0942,random_forest
wheat,APMC Paithan,2026-06-05,2651.0,2600.0,-1,-1,DECREASE,DECREASE,0.4905,0.4905,0.3007,0.2088,random_forest
wheat,APMC Solapur,2026-06-05,3475.0,3490.0,0,0,STABLE,STABLE,0.8868,0.0539,0.8868,0.0593,random_forest
wheat,APMC Ulhasnagar,2026-06-05,3400.0,3400.0,0,-1,STABLE,DECREASE,0.4992,0.4992,0.2787,0.2221,random_forest
wheat,APMC Solapur,2026-06-06,3480.0,3495.0,0,0,STABLE,STABLE,0.8214,0.1035,0.8214,0.0751,random_forest
wheat,APMC Sangli,2026-06-06,3500.0,3450.0,0,0,STABLE,STABLE,0.477,0.3846,0.477,0.1384,random_forest
wheat,APMC Mumbai,2026-06-06,4250.0,3950.0,-1,-1,DECREASE,DECREASE,0.5707,0.5707,0.3378,0.0915,random_forest
wheat,APMC Nagpur,2026-06-06,3425.0,3425.0,0,0,STABLE,STABLE,0.599,0.2245,0.599,0.1765,random_forest
wheat,APMC Paithan,2026-06-07,2600.0,2750.0,1,0,INCREASE,STABLE,0.4207,0.2482,0.4207,0.3311,random_forest
wheat,APMC Ulhasnagar,2026-06-07,3400.0,3400.0,0,0,STABLE,STABLE,0.4824,0.327,0.4824,0.1906,random_forest
wheat,APMC Malkapur,2026-06-08,2590.0,2610.0,0,1,STABLE,INCREASE,0.4563,0.2593,0.2844,0.4563,random_forest
wheat,APMC Mumbai,2026-06-08,3950.0,3950.0,0,0,STABLE,STABLE,0.3955,0.2495,0.3955,0.355,random_forest
wheat,APMC Nagpur,2026-06-08,3425.0,3275.0,-1,0,DECREASE,STABLE,0.6209,0.2617,0.6209,0.1174,random_forest
wheat,APMC Solapur,2026-06-08,3485.0,3500.0,0,0,STABLE,STABLE,0.9059,0.055,0.9059,0.0391,random_forest
wheat,APMC Ulhasnagar,2026-06-08,3400.0,3600.0,1,0,INCREASE,STABLE,0.4079,0.371,0.4079,0.2211,random_forest
wheat,APMC Majalgaon,2026-06-09,2611.0,2600.0,0,1,STABLE,INCREASE,0.6662,0.144,0.1898,0.6662,random_forest
wheat,APMC Malkapur,2026-06-09,2655.0,2660.0,0,1,STABLE,INCREASE,0.4342,0.3189,0.2468,0.4342,random_forest
wheat,APMC Nagpur,2026-06-09,3425.0,3275.0,-1,0,DECREASE,STABLE,0.6433,0.1885,0.6433,0.1683,random_forest
wheat,APMC Sangli,2026-06-09,3500.0,3450.0,0,0,STABLE,STABLE,0.5822,0.2089,0.5822,0.209,random_forest
wheat,APMC Solapur,2026-06-09,3490.0,3505.0,0,0,STABLE,STABLE,0.9099,0.05,0.9099,0.0401,random_forest
wheat,APMC Ulhasnagar,2026-06-09,3400.0,3300.0,-1,0,DECREASE,STABLE,0.4752,0.3308,0.4752,0.194,random_forest
wheat,APMC Ulhasnagar,2026-06-10,3400.0,3400.0,0,0,STABLE,STABLE,0.4592,0.3123,0.4592,0.2286,random_forest
wheat,APMC Paithan,2026-06-10,2600.0,2600.0,0,0,STABLE,STABLE,0.489,0.2466,0.489,0.2644,random_forest
wheat,APMC Nagpur,2026-06-10,3425.0,3425.0,0,0,STABLE,STABLE,0.8113,0.1271,0.8113,0.0616,random_forest
wheat,APMC Solapur,2026-06-10,3495.0,3510.0,0,0,STABLE,STABLE,0.8152,0.0834,0.8152,0.1014,random_forest
wheat,APMC Malkapur,2026-06-10,2711.0,2630.0,-1,-1,DECREASE,DECREASE,0.4964,0.4964,0.2666,0.2369,random_forest
wheat,APMC Majalgaon,2026-06-10,2700.0,2611.0,-1,-1,DECREASE,DECREASE,0.5084,0.5084,0.2628,0.2288,random_forest
wheat,APMC Kalyan,2026-06-10,4250.0,3050.0,-1,-1,DECREASE,DECREASE,0.7648,0.7648,0.1566,0.0786,random_forest
wheat,APMC Mumbai,2026-06-10,3950.0,3950.0,0,0,STABLE,STABLE,0.6265,0.2289,0.6265,0.1445,random_forest
wheat,APMC Kalyan,2026-06-11,3100.0,3050.0,-1,1,DECREASE,INCREASE,0.5449,0.2565,0.1986,0.5449,random_forest
wheat,APMC Mumbai,2026-06-11,3950.0,3950.0,0,0,STABLE,STABLE,0.4776,0.2133,0.4776,0.3091,random_forest
wheat,APMC Nagpur,2026-06-11,3275.0,3425.0,1,1,INCREASE,INCREASE,0.7507,0.1133,0.1361,0.7507,random_forest
wheat,APMC Solapur,2026-06-11,3500.0,3515.0,0,0,STABLE,STABLE,0.8421,0.0853,0.8421,0.0726,random_forest
wheat,APMC Ulhasnagar,2026-06-11,3600.0,3200.0,-1,-1,DECREASE,DECREASE,0.7096,0.7096,0.2148,0.0756,random_forest
wheat,APMC Ulhasnagar,2026-06-12,3300.0,3200.0,-1,1,DECREASE,INCREASE,0.5562,0.2217,0.2221,0.5562,random_forest
wheat,APMC Solapur,2026-06-12,3505.0,3520.0,0,0,STABLE,STABLE,0.9304,0.0403,0.9304,0.0293,random_forest
wheat,APMC Paithan,2026-06-12,2600.0,2600.0,0,1,STABLE,INCREASE,0.4074,0.2178,0.3748,0.4074,random_forest
wheat,APMC Mumbai,2026-06-12,3950.0,3950.0,0,0,STABLE,STABLE,0.6306,0.2272,0.6306,0.1421,random_forest
wheat,APMC Majalgaon,2026-06-12,2631.0,2611.0,0,1,STABLE,INCREASE,0.4926,0.2198,0.2875,0.4926,random_forest
wheat,APMC Kalyan,2026-06-12,3100.0,3050.0,-1,1,DECREASE,INCREASE,0.4868,0.2249,0.2883,0.4868,random_forest
wheat,APMC Nagpur,2026-06-12,3275.0,3275.0,0,1,STABLE,INCREASE,0.559,0.1911,0.2499,0.559,random_forest
wheat,APMC Mumbai,2026-06-13,3950.0,4250.0,1,0,INCREASE,STABLE,0.5518,0.247,0.5518,0.2012,random_forest
wheat,APMC Nagpur,2026-06-13,3425.0,3425.0,0,0,STABLE,STABLE,0.4683,0.3174,0.4683,0.2143,random_forest
wheat,APMC Sangli,2026-06-13,3450.0,3400.0,0,0,STABLE,STABLE,0.5473,0.2401,0.5473,0.2126,random_forest
wheat,APMC Solapur,2026-06-13,3510.0,3520.0,0,0,STABLE,STABLE,0.8037,0.1166,0.8037,0.0798,random_forest
wheat,APMC Nagpur,2026-06-15,3425.0,3425.0,0,0,STABLE,STABLE,0.5274,0.2728,0.5274,0.1998,random_forest
wheat,APMC Mumbai,2026-06-15,3950.0,4250.0,1,0,INCREASE,STABLE,0.547,0.2433,0.547,0.2097,random_forest
wheat,APMC Solapur,2026-06-15,3515.0,3525.0,0,0,STABLE,STABLE,0.792,0.1117,0.792,0.0963,random_forest
wheat,APMC Solapur,2026-06-16,3520.0,3530.0,0,0,STABLE,STABLE,0.8988,0.0516,0.8988,0.0496,random_forest
wheat,APMC Ulhasnagar,2026-06-16,3400.0,3400.0,0,-1,STABLE,DECREASE,0.5013,0.5013,0.341,0.1577,random_forest
wheat,APMC Sangli,2026-06-16,3450.0,3400.0,0,0,STABLE,STABLE,0.6039,0.1881,0.6039,0.2081,random_forest
wheat,APMC Nagpur,2026-06-16,3275.0,3425.0,1,0,INCREASE,STABLE,0.4091,0.273,0.4091,0.3178,random_forest
wheat,APMC Mumbai,2026-06-16,3950.0,4250.0,1,0,INCREASE,STABLE,0.6153,0.1867,0.6153,0.198,random_forest
wheat,APMC Kalyan,2026-06-16,3050.0,3050.0,0,1,STABLE,INCREASE,0.6413,0.1906,0.1681,0.6413,random_forest
wheat,APMC Akola,2026-06-16,2600.0,2600.0,0,1,STABLE,INCREASE,0.4862,0.2256,0.2882,0.4862,random_forest
wheat,APMC Kalyan,2026-06-17,3050.0,3050.0,0,1,STABLE,INCREASE,0.5053,0.2709,0.2238,0.5053,random_forest
wheat,APMC Majalgaon,2026-06-17,2600.0,2595.0,0,1,STABLE,INCREASE,0.4651,0.236,0.2988,0.4651,random_forest
wheat,APMC Mumbai,2026-06-17,4250.0,4150.0,-1,-1,DECREASE,DECREASE,0.5924,0.5924,0.3353,0.0723,random_forest
wheat,APMC Nagpur,2026-06-17,3425.0,3425.0,0,0,STABLE,STABLE,0.571,0.3225,0.571,0.1066,random_forest
wheat,APMC Sangli,2026-06-17,3450.0,3450.0,0,0,STABLE,STABLE,0.6315,0.1743,0.6315,0.1942,random_forest
wheat,APMC Solapur,2026-06-17,3520.0,3535.0,0,0,STABLE,STABLE,0.877,0.0615,0.877,0.0615,random_forest
wheat,APMC Ulhasnagar,2026-06-17,3200.0,3250.0,1,1,INCREASE,INCREASE,0.5865,0.2181,0.1954,0.5865,random_forest
wheat,APMC Ulhasnagar,2026-06-18,3200.0,3400.0,1,1,INCREASE,INCREASE,0.5427,0.228,0.2293,0.5427,random_forest
wheat,APMC Solapur,2026-06-18,3525.0,3540.0,0,0,STABLE,STABLE,0.8803,0.065,0.8803,0.0546,random_forest
wheat,APMC Sangli,2026-06-18,3400.0,3500.0,1,0,INCREASE,STABLE,0.4797,0.1715,0.4797,0.3488,random_forest
wheat,APMC Nagpur,2026-06-18,3425.0,3425.0,0,0,STABLE,STABLE,0.6016,0.2385,0.6016,0.1599,random_forest
wheat,APMC Mumbai,2026-06-18,4250.0,4150.0,-1,-1,DECREASE,DECREASE,0.5,0.5,0.4034,0.0966,random_forest
wheat,APMC Kalyan,2026-06-18,3050.0,3050.0,0,1,STABLE,INCREASE,0.5317,0.242,0.2264,0.5317,random_forest
wheat,APMC Majalgaon,2026-06-19,2611.0,2595.0,0,1,STABLE,INCREASE,0.4864,0.1957,0.3179,0.4864,random_forest
wheat,APMC Mumbai,2026-06-19,4250.0,4150.0,-1,-1,DECREASE,DECREASE,0.4973,0.4973,0.4057,0.097,random_forest
wheat,APMC Nagpur,2026-06-19,3425.0,3425.0,0,-1,STABLE,DECREASE,0.3799,0.3799,0.3664,0.2536,random_forest
wheat,APMC Solapur,2026-06-19,3530.0,3545.0,0,0,STABLE,STABLE,0.8864,0.0582,0.8864,0.0554,random_forest
wheat,APMC Nagpur,2026-06-20,3425.0,3425.0,0,0,STABLE,STABLE,0.4677,0.299,0.4677,0.2333,random_forest
wheat,APMC Solapur,2026-06-20,3535.0,3550.0,0,0,STABLE,STABLE,0.8358,0.0932,0.8358,0.0711,random_forest
wheat,APMC Solapur,2026-06-22,3540.0,3555.0,0,0,STABLE,STABLE,0.9095,0.0494,0.9095,0.0412,random_forest
wheat,APMC Sangli,2026-06-22,3400.0,3500.0,1,0,INCREASE,STABLE,0.5693,0.1707,0.5693,0.26,random_forest
wheat,APMC Nagpur,2026-06-22,3425.0,3425.0,0,0,STABLE,STABLE,0.6383,0.2361,0.6383,0.1256,random_forest
wheat,APMC Dhule,2026-06-22,2600.0,2600.0,0,0,STABLE,STABLE,0.4956,0.2626,0.4956,0.2418,random_forest
wheat,APMC Malkapur,2026-06-22,2610.0,2595.0,0,1,STABLE,INCREASE,0.4988,0.2588,0.2424,0.4988,random_forest
wheat,APMC Mumbai,2026-06-22,4150.0,4150.0,0,1,STABLE,INCREASE,0.3612,0.3325,0.3063,0.3612,random_forest
wheat,APMC Kalyan,2026-06-23,3050.0,3050.0,0,1,STABLE,INCREASE,0.4607,0.2983,0.241,0.4607,random_forest
wheat,APMC Mumbai,2026-06-23,4150.0,4150.0,0,0,STABLE,STABLE,0.4004,0.2918,0.4004,0.3078,random_forest
wheat,APMC Nagpur,2026-06-23,3425.0,3425.0,0,0,STABLE,STABLE,0.5229,0.2675,0.5229,0.2095,random_forest
wheat,APMC Solapur,2026-06-23,3545.0,3560.0,0,0,STABLE,STABLE,0.8566,0.0763,0.8566,0.0671,random_forest
wheat,Lasalgaon(Niphad),2026-06-24,2600.0,2601.0,0,-1,STABLE,DECREASE,0.4354,0.4354,0.2503,0.3143,random_forest
wheat,APMC Solapur,2026-06-24,3550.0,3565.0,0,0,STABLE,STABLE,0.8799,0.0662,0.8799,0.054,random_forest
wheat,APMC Sangli,2026-06-24,3450.0,3500.0,0,0,STABLE,STABLE,0.5175,0.3113,0.5175,0.1712,random_forest
wheat,APMC Mumbai,2026-06-24,4150.0,4150.0,0,0,STABLE,STABLE,0.4087,0.2967,0.4087,0.2946,random_forest
wheat,APMC Kalyan,2026-06-24,3050.0,3250.0,1,1,INCREASE,INCREASE,0.4447,0.3082,0.2472,0.4447,random_forest
wheat,APMC Nagpur,2026-06-24,3425.0,3225.0,-1,0,DECREASE,STABLE,0.6091,0.254,0.6091,0.1369,random_forest
wheat,APMC Mumbai,2026-06-25,4150.0,4150.0,0,0,STABLE,STABLE,0.5343,0.2704,0.5343,0.1953,random_forest
wheat,APMC Nagpur,2026-06-25,3425.0,3375.0,0,0,STABLE,STABLE,0.6442,0.1987,0.6442,0.1571,random_forest
wheat,APMC Sangli,2026-06-25,3500.0,3400.0,-1,0,DECREASE,STABLE,0.5442,0.3386,0.5442,0.1173,random_forest
wheat,APMC Solapur,2026-06-25,3555.0,3570.0,0,0,STABLE,STABLE,0.808,0.1153,0.808,0.0767,random_forest
wheat,APMC Mumbai,2026-06-26,4150.0,4150.0,0,0,STABLE,STABLE,0.5085,0.2602,0.5085,0.2313,random_forest
wheat,APMC Sangli,2026-06-27,3500.0,3400.0,-1,0,DECREASE,STABLE,0.6572,0.2309,0.6572,0.112,random_forest
wheat,APMC Nagpur,2026-06-27,3425.0,3425.0,0,0,STABLE,STABLE,0.7756,0.139,0.7756,0.0855,random_forest
wheat,APMC Solapur,2026-06-27,3560.0,3565.0,0,0,STABLE,STABLE,0.9015,0.057,0.9015,0.0416,random_forest
wheat,APMC Jalana,2026-06-27,2674.0,2711.0,0,0,STABLE,STABLE,0.373,0.2981,0.373,0.3289,random_forest
wheat,APMC Mumbai,2026-06-27,4150.0,4150.0,0,0,STABLE,STABLE,0.6153,0.2309,0.6153,0.1538,random_forest
wheat,APMC Ulhasnagar,2026-06-28,3400.0,3250.0,-1,-1,DECREASE,DECREASE,0.5502,0.5502,0.2956,0.1542,random_forest
wheat,APMC Kalyan,2026-06-28,3050.0,3250.0,1,0,INCREASE,STABLE,0.4375,0.3004,0.4375,0.2621,random_forest
wheat,APMC Jalana,2026-06-29,3176.0,2675.0,-1,-1,DECREASE,DECREASE,0.6371,0.6371,0.1662,0.1968,random_forest
wheat,APMC Kalyan,2026-06-29,3050.0,3250.0,1,0,INCREASE,STABLE,0.3921,0.2843,0.3921,0.3237,random_forest
wheat,APMC Majalgaon,2026-06-29,2611.0,2591.0,0,0,STABLE,STABLE,0.3784,0.2644,0.3784,0.3572,random_forest
wheat,APMC Mumbai,2026-06-29,4150.0,4150.0,0,0,STABLE,STABLE,0.6229,0.2344,0.6229,0.1427,random_forest
wheat,APMC Nagpur,2026-06-29,3225.0,3425.0,1,1,INCREASE,INCREASE,0.6793,0.1241,0.1966,0.6793,random_forest
wheat,APMC Solapur,2026-06-29,3565.0,3570.0,0,0,STABLE,STABLE,0.9289,0.0411,0.9289,0.0299,random_forest
wheat,APMC Ulhasnagar,2026-06-29,3250.0,3200.0,-1,1,DECREASE,INCREASE,0.4679,0.3368,0.1953,0.4679,random_forest
wheat,Lasalgaon(Niphad),2026-06-29,2700.0,2600.0,-1,-1,DECREASE,DECREASE,0.6656,0.6656,0.1859,0.1485,random_forest
wheat,APMC Ulhasnagar,2026-06-30,3400.0,3200.0,-1,-1,DECREASE,DECREASE,0.5508,0.5508,0.2561,0.1931,random_forest
wheat,APMC Solapur,2026-06-30,3570.0,3575.0,0,0,STABLE,STABLE,0.9142,0.0502,0.9142,0.0357,random_forest
wheat,APMC Sangli,2026-06-30,3500.0,3500.0,0,0,STABLE,STABLE,0.7608,0.153,0.7608,0.0861,random_forest
wheat,APMC Nagpur,2026-06-30,3375.0,3425.0,0,0,STABLE,STABLE,0.4213,0.3907,0.4213,0.188,random_forest
wheat,APMC Majalgaon,2026-06-30,2595.0,2681.0,1,1,INCREASE,INCREASE,0.3841,0.2361,0.3798,0.3841,random_forest
wheat,APMC Malkapur,2026-06-30,2660.0,2600.0,-1,-1,DECREASE,DECREASE,0.4329,0.4329,0.3205,0.2466,random_forest
wheat,APMC Kalyan,2026-06-30,3250.0,3250.0,0,-1,STABLE,DECREASE,0.5913,0.5913,0.1919,0.2168,random_forest
wheat,APMC Jalana,2026-06-30,3101.0,2678.0,-1,-1,DECREASE,DECREASE,0.5071,0.5071,0.1855,0.3074,random_forest
wheat,APMC Mumbai,2026-06-30,4150.0,4150.0,0,0,STABLE,STABLE,0.7315,0.1564,0.7315,0.112,random_forest
wheat,APMC Nagpur,2026-07-01,3425.0,3425.0,0,0,STABLE,STABLE,0.6348,0.2596,0.6348,0.1056,random_forest
wheat,Lasalgaon(Niphad),2026-07-01,2600.0,2601.0,0,1,STABLE,INCREASE,0.3834,0.3288,0.2878,0.3834,random_forest
wheat,APMC Ulhasnagar,2026-07-01,3250.0,4000.0,1,1,INCREASE,INCREASE,0.6791,0.1653,0.1555,0.6791,random_forest
wheat,APMC Solapur,2026-07-01,3565.0,3580.0,0,0,STABLE,STABLE,0.8276,0.0771,0.8276,0.0953,random_forest
wheat,APMC Mumbai,2026-07-01,4150.0,4150.0,0,0,STABLE,STABLE,0.7024,0.1755,0.7024,0.1221,random_forest
wheat,APMC Majalgaon,2026-07-01,2595.0,2601.0,0,0,STABLE,STABLE,0.4265,0.2236,0.4265,0.3499,random_forest
wheat,APMC Kalyan,2026-07-01,3250.0,3250.0,0,-1,STABLE,DECREASE,0.5179,0.5179,0.2254,0.2567,random_forest
wheat,APMC Jalana,2026-07-01,2711.0,2621.0,-1,-1,DECREASE,DECREASE,0.4043,0.4043,0.2287,0.367,random_forest
wheat,APMC Dhule,2026-07-01,2600.0,2600.0,0,0,STABLE,STABLE,0.4704,0.2538,0.4704,0.2758,random_forest
wheat,APMC Malkapur,2026-07-01,2630.0,2651.0,0,1,STABLE,INCREASE,0.5133,0.2126,0.2741,0.5133,random_forest
wheat,APMC Nagpur,2026-07-02,3425.0,3425.0,0,0,STABLE,STABLE,0.4476,0.3145,0.4476,0.2379,random_forest
wheat,APMC Jalana,2026-07-02,2675.0,2625.0,-1,1,DECREASE,INCREASE,0.5074,0.2407,0.2519,0.5074,random_forest
wheat,APMC Kalyan,2026-07-02,3250.0,3250.0,0,-1,STABLE,DECREASE,0.4676,0.4676,0.2804,0.252,random_forest
wheat,APMC Kopargaon,2026-07-02,2585.0,2600.0,0,-1,STABLE,DECREASE,0.596,0.596,0.2234,0.1805,random_forest
wheat,APMC Malkapur,2026-07-02,2595.0,2585.0,0,0,STABLE,STABLE,0.441,0.2478,0.441,0.3113,random_forest
wheat,APMC Mumbai,2026-07-02,4150.0,4150.0,0,0,STABLE,STABLE,0.7662,0.1446,0.7662,0.0892,random_forest
wheat,APMC Sangli,2026-07-02,3400.0,3500.0,1,1,INCREASE,INCREASE,0.5213,0.1281,0.3506,0.5213,random_forest
wheat,APMC Solapur,2026-07-02,3570.0,3585.0,0,0,STABLE,STABLE,0.9071,0.0504,0.9071,0.0425,random_forest
wheat,APMC Ulhasnagar,2026-07-02,3200.0,3250.0,1,1,INCREASE,INCREASE,0.5771,0.2273,0.1956,0.5771,random_forest
wheat,Lasalgaon(Niphad),2026-07-02,2601.0,2600.0,0,-1,STABLE,DECREASE,0.3874,0.3874,0.2778,0.3349,random_forest
wheat,APMC Paithan,2026-07-03,2750.0,2750.0,0,-1,STABLE,DECREASE,0.7046,0.7046,0.1619,0.1335,random_forest
wheat,APMC Nagpur,2026-07-03,3425.0,3425.0,0,0,STABLE,STABLE,0.6186,0.2641,0.6186,0.1174,random_forest
wheat,APMC Ulhasnagar,2026-07-03,3200.0,3300.0,1,1,INCREASE,INCREASE,0.5358,0.2428,0.2213,0.5358,random_forest
wheat,APMC Solapur,2026-07-03,3575.0,3590.0,0,0,STABLE,STABLE,0.9237,0.0424,0.9237,0.0339,random_forest
wheat,APMC Mumbai,2026-07-03,4150.0,4150.0,0,0,STABLE,STABLE,0.6832,0.185,0.6832,0.1318,random_forest
wheat,Lasalgaon(Niphad),2026-07-03,2600.0,2585.0,0,1,STABLE,INCREASE,0.3556,0.3228,0.3216,0.3556,random_forest
wheat,APMC Majalgaon,2026-07-03,2591.0,2651.0,1,1,INCREASE,INCREASE,0.404,0.231,0.365,0.404,random_forest
wheat,APMC Jalana,2026-07-03,2678.0,2626.0,-1,1,DECREASE,INCREASE,0.4808,0.261,0.2582,0.4808,random_forest
wheat,APMC Malkapur,2026-07-03,2600.0,2640.0,1,1,INCREASE,INCREASE,0.4917,0.2121,0.2962,0.4917,random_forest
wheat,APMC Kopargaon,2026-07-03,2590.0,2585.0,0,-1,STABLE,DECREASE,0.3747,0.3747,0.2987,0.3266,random_forest
wheat,APMC Kalyan,2026-07-03,3250.0,3250.0,0,-1,STABLE,DECREASE,0.4337,0.4337,0.2806,0.2857,random_forest
wheat,APMC Jalana,2026-07-04,2621.0,2700.0,1,1,INCREASE,INCREASE,0.5821,0.2014,0.2165,0.5821,random_forest
wheat,APMC Malkapur,2026-07-04,2651.0,2650.0,0,-1,STABLE,DECREASE,0.4349,0.4349,0.2981,0.267,random_forest
wheat,APMC Mumbai,2026-07-04,4150.0,4150.0,0,0,STABLE,STABLE,0.7938,0.1059,0.7938,0.1002,random_forest
wheat,APMC Nagpur,2026-07-04,3425.0,3425.0,0,0,STABLE,STABLE,0.6575,0.2207,0.6575,0.1217,random_forest
wheat,APMC Sangli,2026-07-04,3400.0,3600.0,1,0,INCREASE,STABLE,0.4704,0.1622,0.4704,0.3674,random_forest
wheat,APMC Solapur,2026-07-04,3580.0,3595.0,0,0,STABLE,STABLE,0.8922,0.0513,0.8922,0.0565,random_forest
wheat,Lasalgaon(Niphad),2026-07-04,2601.0,2600.0,0,0,STABLE,STABLE,0.3947,0.3075,0.3947,0.2977,random_forest
wheat,APMC Paithan,2026-07-05,2600.0,2775.0,1,1,INCREASE,INCREASE,0.4493,0.2878,0.2629,0.4493,random_forest
wheat,APMC Kopargaon,2026-07-06,2595.0,2589.0,0,-1,STABLE,DECREASE,0.3757,0.3757,0.3069,0.3174,random_forest
wheat,APMC Majalgaon,2026-07-06,2681.0,2640.0,-1,-1,DECREASE,DECREASE,0.5145,0.5145,0.2909,0.1946,random_forest
wheat,APMC Mumbai,2026-07-06,4150.0,4150.0,0,0,STABLE,STABLE,0.7921,0.0981,0.7921,0.1099,random_forest
wheat,APMC Nagpur,2026-07-06,3425.0,3425.0,0,0,STABLE,STABLE,0.652,0.2241,0.652,0.1239,random_forest
wheat,APMC Sangli,2026-07-06,3500.0,3500.0,0,0,STABLE,STABLE,0.5135,0.3886,0.5135,0.0979,random_forest
wheat,APMC Solapur,2026-07-06,3585.0,3600.0,0,0,STABLE,STABLE,0.9074,0.0582,0.9074,0.0344,random_forest
wheat,Lasalgaon(Niphad),2026-07-06,2600.0,2601.0,0,0,STABLE,STABLE,0.3553,0.3028,0.3553,0.3419,random_forest
wheat,APMC Kalyan,2026-07-06,3250.0,3300.0,1,-1,INCREASE,DECREASE,0.3782,0.3782,0.3359,0.2859,random_forest
wheat,Lasalgaon(Niphad),2026-07-07,2585.0,2587.0,0,0,STABLE,STABLE,0.3578,0.2905,0.3578,0.3517,random_forest
wheat,APMC Solapur,2026-07-07,3590.0,3605.0,0,0,STABLE,STABLE,0.8782,0.0539,0.8782,0.0679,random_forest
wheat,APMC Sangli,2026-07-07,3500.0,3400.0,-1,0,DECREASE,STABLE,0.6319,0.2641,0.6319,0.104,random_forest
wheat,APMC Paithan,2026-07-07,2600.0,2715.0,1,0,INCREASE,STABLE,0.3839,0.2815,0.3839,0.3346,random_forest
wheat,APMC Nagpur,2026-07-07,3425.0,3425.0,0,0,STABLE,STABLE,0.591,0.2638,0.591,0.1452,random_forest
wheat,APMC Majalgaon,2026-07-07,2601.0,2700.0,1,1,INCREASE,INCREASE,0.4678,0.2178,0.3145,0.4678,random_forest
wheat,APMC Kalyan,2026-07-07,3250.0,3300.0,1,-1,INCREASE,DECREASE,0.4331,0.4331,0.3097,0.2572,random_forest
wheat,APMC Jalana,2026-07-07,2625.0,2675.0,1,1,INCREASE,INCREASE,0.4705,0.26,0.2695,0.4705,random_forest
wheat,APMC Mumbai,2026-07-07,4150.0,4150.0,0,0,STABLE,STABLE,0.8411,0.0785,0.8411,0.0804,random_forest
wheat,APMC Solapur,2026-07-08,3595.0,3610.0,0,0,STABLE,STABLE,0.8162,0.0887,0.8162,0.0951,random_forest
wheat,APMC Sangli,2026-07-08,3600.0,3550.0,0,-1,STABLE,DECREASE,0.5395,0.5395,0.3428,0.1178,random_forest
wheat,APMC Paithan,2026-07-08,2750.0,2590.0,-1,-1,DECREASE,DECREASE,0.5366,0.5366,0.2831,0.1803,random_forest
wheat,APMC Nagpur,2026-07-08,3425.0,3275.0,-1,0,DECREASE,STABLE,0.7951,0.1333,0.7951,0.0716,random_forest
wheat,Lasalgaon(Niphad),2026-07-08,2600.0,2628.0,0,1,STABLE,INCREASE,0.3759,0.2898,0.3342,0.3759,random_forest
wheat,APMC Majalgaon,2026-07-08,2651.0,2771.0,1,-1,INCREASE,DECREASE,0.4618,0.4618,0.2855,0.2526,random_forest
wheat,APMC Kalyan,2026-07-08,3250.0,3250.0,0,-1,STABLE,DECREASE,0.4198,0.4198,0.2979,0.2823,random_forest
wheat,APMC Jalana,2026-07-08,2626.0,2650.0,0,1,STABLE,INCREASE,0.495,0.2326,0.2724,0.495,random_forest
wheat,APMC Mumbai,2026-07-08,4150.0,4150.0,0,0,STABLE,STABLE,0.7946,0.1019,0.7946,0.1034,random_forest
wheat,Lasalgaon(Niphad),2026-07-09,2601.0,2600.0,0,0,STABLE,STABLE,0.4528,0.2689,0.4528,0.2784,random_forest
wheat,APMC Solapur,2026-07-09,3600.0,3615.0,0,0,STABLE,STABLE,0.9313,0.0395,0.9313,0.0292,random_forest
wheat,APMC Sangli,2026-07-09,3500.0,3500.0,0,0,STABLE,STABLE,0.6,0.1922,0.6,0.2078,random_forest
wheat,APMC Paithan,2026-07-09,2775.0,2600.0,-1,-1,DECREASE,DECREASE,0.5051,0.5051,0.2535,0.2414,random_forest
wheat,APMC Nagpur,2026-07-09,3425.0,3275.0,-1,0,DECREASE,STABLE,0.7893,0.1329,0.7893,0.0779,random_forest
wheat,APMC Majalgaon,2026-07-09,2640.0,2637.0,0,0,STABLE,STABLE,0.4187,0.1967,0.4187,0.3846,random_forest
wheat,APMC Kalyan,2026-07-09,3300.0,3250.0,-1,-1,DECREASE,DECREASE,0.5459,0.5459,0.3079,0.1462,random_forest
wheat,APMC Jalana,2026-07-09,2700.0,2680.0,0,-1,STABLE,DECREASE,0.4051,0.4051,0.2282,0.3667,random_forest
wheat,APMC Mumbai,2026-07-09,4150.0,4150.0,0,0,STABLE,STABLE,0.8548,0.0865,0.8548,0.0587,random_forest
wheat,APMC Sangli,2026-07-10,3400.0,3500.0,1,1,INCREASE,INCREASE,0.5862,0.1384,0.2754,0.5862,random_forest
wheat,Lasalgaon(Niphad),2026-07-10,2587.0,2610.0,0,0,STABLE,STABLE,0.5075,0.2519,0.5075,0.2405,random_forest
wheat,APMC Solapur,2026-07-10,3605.0,3620.0,0,0,STABLE,STABLE,0.9306,0.0401,0.9306,0.0294,random_forest
wheat,APMC Nagpur,2026-07-10,3425.0,3425.0,0,0,STABLE,STABLE,0.6759,0.1527,0.6759,0.1715,random_forest
wheat,APMC Mumbai,2026-07-10,4150.0,4150.0,0,0,STABLE,STABLE,0.8363,0.0906,0.8363,0.0731,random_forest
wheat,APMC Malkapur,2026-07-10,2585.0,2625.0,1,1,INCREASE,INCREASE,0.5177,0.2091,0.2731,0.5177,random_forest
wheat,APMC Majalgaon,2026-07-10,2700.0,2675.0,0,-1,STABLE,DECREASE,0.5928,0.5928,0.2357,0.1715,random_forest
wheat,APMC Kalyan,2026-07-10,3300.0,3250.0,-1,0,DECREASE,STABLE,0.4209,0.3653,0.4209,0.2138,random_forest
wheat,APMC Jalana,2026-07-10,2675.0,2670.0,0,-1,STABLE,DECREASE,0.3507,0.3507,0.3177,0.3316,random_forest
wheat,APMC Kopargaon,2026-07-11,2600.0,2590.0,0,-1,STABLE,DECREASE,0.3492,0.3492,0.342,0.3089,random_forest
wheat,APMC Majalgaon,2026-07-11,2771.0,2618.0,-1,-1,DECREASE,DECREASE,0.6547,0.6547,0.1935,0.1518,random_forest
wheat,APMC Mumbai,2026-07-11,4150.0,4150.0,0,0,STABLE,STABLE,0.7755,0.1037,0.7755,0.1208,random_forest
wheat,APMC Nagpur,2026-07-11,3275.0,3425.0,1,1,INCREASE,INCREASE,0.7185,0.1074,0.1741,0.7185,random_forest
wheat,APMC Paithan,2026-07-11,2715.0,2611.0,-1,-1,DECREASE,DECREASE,0.4219,0.4219,0.2798,0.2983,random_forest
wheat,APMC Sangli,2026-07-11,3550.0,3500.0,0,-1,STABLE,DECREASE,0.4408,0.4408,0.4295,0.1297,random_forest
wheat,APMC Solapur,2026-07-11,3610.0,3625.0,0,0,STABLE,STABLE,0.9313,0.0395,0.9313,0.0292,random_forest
wheat,APMC Paithan,2026-07-12,2590.0,2591.0,0,1,STABLE,INCREASE,0.5152,0.2136,0.2712,0.5152,random_forest
wheat,APMC Kalyan,2026-07-12,3250.0,3150.0,-1,0,DECREASE,STABLE,0.3549,0.3422,0.3549,0.3029,random_forest
wheat,APMC Jalana,2026-07-13,2650.0,2600.0,-1,0,DECREASE,STABLE,0.3776,0.3049,0.3776,0.3175,random_forest
wheat,APMC Kalyan,2026-07-13,3250.0,3150.0,-1,0,DECREASE,STABLE,0.3983,0.2729,0.3983,0.3289,random_forest
wheat,APMC Kopargaon,2026-07-13,2585.0,2591.0,0,-1,STABLE,DECREASE,0.3637,0.3637,0.3004,0.3359,random_forest
wheat,APMC Majalgaon,2026-07-13,2637.0,2651.0,0,1,STABLE,INCREASE,0.4344,0.2498,0.3158,0.4344,random_forest
wheat,APMC Mumbai,2026-07-13,4150.0,4150.0,0,0,STABLE,STABLE,0.8636,0.0806,0.8636,0.0558,random_forest
wheat,APMC Nagpur,2026-07-13,3275.0,3275.0,0,1,STABLE,INCREASE,0.5751,0.1971,0.2278,0.5751,random_forest
wheat,APMC Rahata,2026-07-13,2600.0,2630.0,0,-1,STABLE,DECREASE,0.4283,0.4283,0.2647,0.307,random_forest
wheat,APMC Sangli,2026-07-13,3500.0,3600.0,1,0,INCREASE,STABLE,0.6129,0.265,0.6129,0.1221,random_forest
wheat,APMC Solapur,2026-07-13,3615.0,3630.0,0,0,STABLE,STABLE,0.93,0.0413,0.93,0.0288,random_forest
wheat,Lasalgaon(Niphad),2026-07-13,2628.0,2600.0,0,-1,STABLE,DECREASE,0.4311,0.4311,0.3507,0.2182,random_forest
wheat,APMC Solapur,2026-07-14,3620.0,3635.0,0,0,STABLE,STABLE,0.8981,0.0549,0.8981,0.047,random_forest
wheat,Lasalgaon(Niphad),2026-07-14,2600.0,2600.0,0,0,STABLE,STABLE,0.5212,0.2135,0.5212,0.2653,random_forest
wheat,APMC Sangli,2026-07-14,3500.0,3400.0,-1,0,DECREASE,STABLE,0.5686,0.3293,0.5686,0.1022,random_forest
wheat,APMC Mumbai,2026-07-14,4150.0,4150.0,0,0,STABLE,STABLE,0.7708,0.1097,0.7708,0.1195,random_forest
wheat,APMC Kopargaon,2026-07-14,2589.0,2585.0,0,0,STABLE,STABLE,0.3907,0.3392,0.3907,0.2701,random_forest
wheat,APMC Kalyan,2026-07-14,3250.0,3150.0,-1,0,DECREASE,STABLE,0.4018,0.2792,0.4018,0.3191,random_forest
wheat,APMC Nagpur,2026-07-14,3425.0,3425.0,0,0,STABLE,STABLE,0.4224,0.3769,0.4224,0.2007,random_forest
wheat,APMC Solapur,2026-07-15,3625.0,3640.0,0,0,STABLE,STABLE,0.9183,0.0533,0.9183,0.0284,random_forest
wheat,APMC Dhule,2026-07-15,2605.0,2610.0,0,0,STABLE,STABLE,0.6017,0.2008,0.6017,0.1975,random_forest
wheat,APMC Kalyan,2026-07-15,3150.0,3100.0,-1,1,DECREASE,INCREASE,0.5652,0.2093,0.2255,0.5652,random_forest
wheat,APMC Kopargaon,2026-07-15,2590.0,2599.0,0,1,STABLE,INCREASE,0.339,0.3301,0.3308,0.339,random_forest
wheat,APMC Majalgaon,2026-07-15,2675.0,2600.0,-1,-1,DECREASE,DECREASE,0.3985,0.3985,0.3451,0.2564,random_forest
wheat,APMC Mumbai,2026-07-15,4150.0,4150.0,0,0,STABLE,STABLE,0.8505,0.0915,0.8505,0.058,random_forest
wheat,APMC Nagpur,2026-07-15,3425.0,3425.0,0,-1,STABLE,DECREASE,0.4137,0.4137,0.3927,0.1936,random_forest
wheat,APMC Sangli,2026-07-15,3500.0,3500.0,0,0,STABLE,STABLE,0.6807,0.1715,0.6807,0.1477,random_forest
wheat,Lasalgaon(Niphad),2026-07-15,2610.0,2595.0,0,0,STABLE,STABLE,0.5339,0.219,0.5339,0.2471,random_forest
wheat,APMC Solapur,2026-07-16,3630.0,3645.0,0,0,STABLE,STABLE,0.9323,0.0402,0.9323,0.0275,random_forest
wheat,APMC Paithan,2026-07-16,2600.0,2751.0,1,1,INCREASE,INCREASE,0.5248,0.2054,0.2698,0.5248,random_forest
wheat,APMC Nagpur,2026-07-16,3275.0,3425.0,1,1,INCREASE,INCREASE,0.51,0.2637,0.2263,0.51,random_forest
wheat,APMC Kalyan,2026-07-16,3150.0,3100.0,-1,1,DECREASE,INCREASE,0.4674,0.2838,0.2487,0.4674,random_forest
wheat,APMC Majalgaon,2026-07-16,2618.0,2600.0,0,1,STABLE,INCREASE,0.5099,0.2111,0.279,0.5099,random_forest
wheat,APMC Kopargaon,2026-07-16,2591.0,2601.0,0,0,STABLE,STABLE,0.4851,0.2448,0.4851,0.2702,random_forest
wheat,Lasalgaon(Niphad),2026-07-16,2600.0,2595.0,0,0,STABLE,STABLE,0.5298,0.2145,0.5298,0.2558,random_forest
wheat,APMC Mumbai,2026-07-16,4150.0,4150.0,0,0,STABLE,STABLE,0.7746,0.1065,0.7746,0.1188,random_forest
wheat,APMC Shevgaon,2026-07-17,2600.0,2600.0,0,-1,STABLE,DECREASE,0.3727,0.3727,0.2554,0.3719,random_forest
wheat,APMC Rahata,2026-07-17,2600.0,2625.0,0,0,STABLE,STABLE,0.3967,0.3287,0.3967,0.2746,random_forest
wheat,Lasalgaon(Niphad),2026-07-17,2600.0,2600.0,0,0,STABLE,STABLE,0.4872,0.2138,0.4872,0.299,random_forest
wheat,APMC Solapur,2026-07-17,3635.0,3650.0,0,0,STABLE,STABLE,0.8371,0.0709,0.8371,0.092,random_forest
wheat,APMC Paithan,2026-07-17,2611.0,2700.0,1,1,INCREASE,INCREASE,0.4339,0.2833,0.2828,0.4339,random_forest
wheat,APMC Jalana,2026-07-17,2680.0,3200.0,1,0,INCREASE,STABLE,0.4363,0.3286,0.4363,0.2351,random_forest
wheat,APMC Malkapur,2026-07-17,2640.0,2685.0,1,-1,INCREASE,DECREASE,0.4831,0.4831,0.2862,0.2307,random_forest
wheat,APMC Majalgaon,2026-07-17,2651.0,2601.0,-1,-1,DECREASE,DECREASE,0.4252,0.4252,0.3343,0.2405,random_forest
wheat,APMC Kopargaon,2026-07-17,2585.0,2600.0,0,0,STABLE,STABLE,0.4808,0.2442,0.4808,0.275,random_forest
wheat,APMC Kalyan,2026-07-17,3150.0,3600.0,1,1,INCREASE,INCREASE,0.5866,0.1986,0.2148,0.5866,random_forest
wheat,APMC Nagpur,2026-07-17,3425.0,3425.0,0,0,STABLE,STABLE,0.5687,0.318,0.5687,0.1133,random_forest
wheat,Lasalgaon(Niphad),2026-07-18,2595.0,2646.0,1,0,INCREASE,STABLE,0.5762,0.1934,0.5762,0.2303,random_forest
wheat,APMC Solapur,2026-07-18,3640.0,3655.0,0,0,STABLE,STABLE,0.93,0.0415,0.93,0.0284,random_forest
wheat,APMC Paithan,2026-07-18,2591.0,2851.0,1,1,INCREASE,INCREASE,0.379,0.2701,0.3508,0.379,random_forest
wheat,APMC Nagpur,2026-07-18,3425.0,3425.0,0,0,STABLE,STABLE,0.6503,0.2272,0.6503,0.1225,random_forest
wheat,APMC Malkapur,2026-07-18,2650.0,2605.0,-1,0,DECREASE,STABLE,0.4294,0.2989,0.4294,0.2718,random_forest
wheat,APMC Majalgaon,2026-07-18,2600.0,2601.0,0,1,STABLE,INCREASE,0.4994,0.2036,0.297,0.4994,random_forest
wheat,APMC Kopargaon,2026-07-18,2599.0,2641.0,1,0,INCREASE,STABLE,0.4953,0.2372,0.4953,0.2676,random_forest
wheat,APMC Jalana,2026-07-18,2670.0,2650.0,0,0,STABLE,STABLE,0.3866,0.328,0.3866,0.2854,random_forest
wheat,APMC Mumbai,2026-07-18,4150.0,3800.0,-1,0,DECREASE,STABLE,0.7742,0.1074,0.7742,0.1184,random_forest
wheat,APMC Paithan,2026-07-19,2751.0,2730.0,0,-1,STABLE,DECREASE,0.6034,0.6034,0.1815,0.2151,random_forest
wheat,Lasalgaon(Niphad),2026-07-20,2595.0,2619.0,0,0,STABLE,STABLE,0.5629,0.2002,0.5629,0.2369,random_forest
wheat,APMC Solapur,2026-07-20,3645.0,3665.0,0,0,STABLE,STABLE,0.8322,0.0755,0.8322,0.0924,random_forest
wheat,APMC Nagpur,2026-07-20,3425.0,3425.0,0,0,STABLE,STABLE,0.5233,0.347,0.5233,0.1297,random_forest
wheat,APMC Shevgaon,2026-07-20,2650.0,2600.0,-1,-1,DECREASE,DECREASE,0.588,0.588,0.2165,0.1955,random_forest
wheat,APMC Majalgaon,2026-07-20,2600.0,2661.0,1,0,INCREASE,STABLE,0.3977,0.2485,0.3977,0.3538,random_forest
wheat,APMC Kopargaon,2026-07-20,2601.0,2639.0,0,0,STABLE,STABLE,0.5128,0.2374,0.5128,0.2498,random_forest
wheat,APMC Kalyan,2026-07-20,3100.0,3500.0,1,1,INCREASE,INCREASE,0.6148,0.1917,0.1935,0.6148,random_forest
wheat,APMC Mumbai,2026-07-20,4150.0,3700.0,-1,0,DECREASE,STABLE,0.8587,0.0852,0.8587,0.0561,random_forest
wheat,Lasalgaon(Niphad),2026-07-21,2600.0,2631.0,0,0,STABLE,STABLE,0.5629,0.2002,0.5629,0.237,random_forest
wheat,APMC Solapur,2026-07-21,3650.0,3670.0,0,0,STABLE,STABLE,0.9078,0.051,0.9078,0.0412,random_forest
wheat,APMC Shevgaon,2026-07-21,2600.0,2600.0,0,1,STABLE,INCREASE,0.4049,0.3588,0.2362,0.4049,random_forest
wheat,APMC Sangli,2026-07-21,3600.0,3500.0,-1,0,DECREASE,STABLE,0.482,0.4151,0.482,0.1029,random_forest
wheat,APMC Rahata,2026-07-21,2680.0,2625.0,-1,-1,DECREASE,DECREASE,0.665,0.665,0.1608,0.1742,random_forest
wheat,APMC Mumbai,2026-07-21,4150.0,3800.0,-1,0,DECREASE,STABLE,0.8621,0.0741,0.8621,0.0637,random_forest
wheat,APMC Nagpur,2026-07-21,3425.0,3425.0,0,0,STABLE,STABLE,0.5919,0.2585,0.5919,0.1496,random_forest
wheat,APMC Kopargaon,2026-07-21,2600.0,2650.0,1,0,INCREASE,STABLE,0.5119,0.2352,0.5119,0.2529,random_forest
wheat,APMC Kalyan,2026-07-21,3100.0,3100.0,0,1,STABLE,INCREASE,0.4829,0.2421,0.275,0.4829,random_forest
wheat,APMC Jalana,2026-07-21,2600.0,2700.0,1,1,INCREASE,INCREASE,0.6233,0.1601,0.2166,0.6233,random_forest
wheat,APMC Dhule,2026-07-21,2600.0,2620.0,0,0,STABLE,STABLE,0.5775,0.2009,0.5775,0.2216,random_forest
wheat,APMC Akola,2026-07-21,2800.0,2635.0,-1,-1,DECREASE,DECREASE,0.7612,0.7612,0.1193,0.1195,random_forest
wheat,APMC Majalgaon,2026-07-21,2601.0,2611.0,0,1,STABLE,INCREASE,0.4718,0.2057,0.3225,0.4718,random_forest
wheat,APMC Sangli,2026-07-22,3400.0,3500.0,1,1,INCREASE,INCREASE,0.6181,0.1254,0.2565,0.6181,random_forest
wheat,Lasalgaon(Niphad),2026-07-22,2646.0,2621.0,0,-1,STABLE,DECREASE,0.5035,0.5035,0.3301,0.1664,random_forest
wheat,APMC Ulhasnagar,2026-07-22,4000.0,3250.0,-1,-1,DECREASE,DECREASE,0.8098,0.8098,0.1176,0.0726,random_forest
wheat,APMC Solapur,2026-07-22,3655.0,3675.0,0,0,STABLE,STABLE,0.9152,0.0474,0.9152,0.0373,random_forest
wheat,APMC Shevgaon,2026-07-22,2600.0,2600.0,0,1,STABLE,INCREASE,0.3614,0.342,0.2966,0.3614,random_forest
wheat,APMC Nagpur,2026-07-22,3425.0,3425.0,0,0,STABLE,STABLE,0.6087,0.2382,0.6087,0.1531,random_forest
wheat,APMC Kalyan,2026-07-22,3600.0,3100.0,-1,-1,DECREASE,DECREASE,0.7658,0.7658,0.1214,0.1127,random_forest
wheat,APMC Malkapur,2026-07-22,2625.0,2610.0,0,0,STABLE,STABLE,0.3807,0.2587,0.3807,0.3605,random_forest
wheat,APMC Chattrapati Sambhajinagar,2026-07-22,2978.0,2692.0,-1,-1,DECREASE,DECREASE,0.7445,0.7445,0.1095,0.146,random_forest
wheat,APMC Dhule,2026-07-22,2600.0,2590.0,0,0,STABLE,STABLE,0.5606,0.2016,0.5606,0.2378,random_forest
wheat,APMC Mumbai,2026-07-22,3800.0,3800.0,0,1,STABLE,INCREASE,0.6729,0.0715,0.2556,0.6729,random_forest
wheat,APMC Kopargaon,2026-07-22,2641.0,2600.0,-1,-1,DECREASE,DECREASE,0.4742,0.4742,0.3375,0.1884,random_forest
wheat,Lasalgaon(Niphad),2026-07-23,2619.0,2681.0,1,0,INCREASE,STABLE,0.5984,0.2051,0.5984,0.1965,random_forest
wheat,APMC Ulhasnagar,2026-07-23,3250.0,3200.0,-1,1,DECREASE,INCREASE,0.5112,0.3049,0.1839,0.5112,random_forest
wheat,APMC Solapur,2026-07-23,3665.0,3680.0,0,0,STABLE,STABLE,0.8403,0.0702,0.8403,0.0895,random_forest
wheat,APMC Rahata,2026-07-23,2630.0,2686.0,1,1,INCREASE,INCREASE,0.3634,0.3359,0.3008,0.3634,random_forest
wheat,APMC Nagpur,2026-07-23,3425.0,2624.0,-1,0,DECREASE,STABLE,0.7035,0.1953,0.7035,0.1012,random_forest
wheat,APMC Sangli,2026-07-23,3500.0,3500.0,0,-1,STABLE,DECREASE,0.421,0.421,0.3923,0.1866,random_forest
wheat,APMC Malkapur,2026-07-23,2685.0,2712.0,0,-1,STABLE,DECREASE,0.4913,0.4913,0.3158,0.1929,random_forest
wheat,APMC Kopargaon,2026-07-23,2639.0,2601.0,0,0,STABLE,STABLE,0.5483,0.2577,0.5483,0.194,random_forest
wheat,APMC Kalyan,2026-07-23,3500.0,3300.0,-1,-1,DECREASE,DECREASE,0.5376,0.5376,0.2133,0.2491,random_forest
wheat,APMC Chattrapati Sambhajinagar,2026-07-23,2687.0,2763.0,1,-1,INCREASE,DECREASE,0.4381,0.4381,0.2035,0.3584,random_forest
wheat,APMC Mumbai,2026-07-23,3700.0,3800.0,1,1,INCREASE,INCREASE,0.5724,0.1409,0.2867,0.5724,random_forest
wheat,APMC Paithan,2026-07-24,2700.0,2701.0,0,-1,STABLE,DECREASE,0.3831,0.3831,0.2743,0.3426,random_forest
wheat,APMC Ulhasnagar,2026-07-24,3300.0,3250.0,-1,-1,DECREASE,DECREASE,0.5163,0.5163,0.2246,0.2591,random_forest
wheat,APMC Solapur,2026-07-24,3670.0,3685.0,0,0,STABLE,STABLE,0.9323,0.0402,0.9323,0.0275,random_forest
wheat,APMC Shevgaon,2026-07-24,2600.0,2600.0,0,1,STABLE,INCREASE,0.4321,0.2968,0.2711,0.4321,random_forest
wheat,APMC Sangli,2026-07-24,3500.0,3600.0,1,0,INCREASE,STABLE,0.5287,0.1847,0.5287,0.2866,random_forest
wheat,APMC Nagpur,2026-07-24,3425.0,3425.0,0,0,STABLE,STABLE,0.6271,0.2446,0.6271,0.1283,random_forest
wheat,Lasalgaon(Niphad),2026-07-24,2631.0,2690.0,1,0,INCREASE,STABLE,0.5499,0.225,0.5499,0.2251,random_forest
wheat,APMC Malkapur,2026-07-24,2605.0,2670.0,1,1,INCREASE,INCREASE,0.4889,0.1816,0.3295,0.4889,random_forest
wheat,APMC Majalgaon,2026-07-24,2601.0,2621.0,0,0,STABLE,STABLE,0.4498,0.2476,0.4498,0.3027,random_forest
wheat,APMC Kopargaon,2026-07-24,2650.0,2680.0,0,0,STABLE,STABLE,0.4723,0.2979,0.4723,0.2298,random_forest
wheat,APMC Kalyan,2026-07-24,3100.0,3300.0,1,1,INCREASE,INCREASE,0.518,0.2731,0.2089,0.518,random_forest
wheat,APMC Chattrapati Sambhajinagar,2026-07-24,2693.0,2735.0,1,-1,INCREASE,DECREASE,0.4582,0.4582,0.264,0.2778,random_forest
wheat,APMC Mumbai,2026-07-24,3800.0,3800.0,0,0,STABLE,STABLE,0.368,0.2828,0.368,0.3492,random_forest
wheat,APMC Nagpur,2026-07-25,3425.0,3225.0,-1,0,DECREASE,STABLE,0.6979,0.1808,0.6979,0.1213,random_forest
wheat,APMC Sangli,2026-07-25,3500.0,3500.0,0,0,STABLE,STABLE,0.4479,0.3698,0.4479,0.1823,random_forest
wheat,APMC Solapur,2026-07-25,3675.0,3690.0,0,0,STABLE,STABLE,0.798,0.1181,0.798,0.0839,random_forest
wheat,Lasalgaon(Niphad),2026-07-27,2621.0,2695.0,1,0,INCREASE,STABLE,0.6122,0.2082,0.6122,0.1796,random_forest
wheat,APMC Ulhasnagar,2026-07-27,3250.0,3400.0,1,1,INCREASE,INCREASE,0.632,0.186,0.1819,0.632,random_forest
wheat,APMC Solapur,2026-07-27,3680.0,3695.0,0,0,STABLE,STABLE,0.8341,0.0771,0.8341,0.0888,random_forest
wheat,APMC Shevgaon,2026-07-27,2600.0,2600.0,0,-1,STABLE,DECREASE,0.346,0.346,0.3096,0.3444,random_forest
wheat,APMC Rahata,2026-07-27,2625.0,2675.0,1,0,INCREASE,STABLE,0.4281,0.318,0.4281,0.2539,random_forest
wheat,APMC Nagpur,2026-07-27,2624.0,3425.0,1,1,INCREASE,INCREASE,0.7305,0.0917,0.1778,0.7305,random_forest
wheat,APMC Malkapur,2026-07-27,2610.0,2610.0,0,0,STABLE,STABLE,0.491,0.242,0.491,0.267,random_forest
wheat,APMC Majalgaon,2026-07-27,2661.0,2591.0,-1,-1,DECREASE,DECREASE,0.5326,0.5326,0.2701,0.1973,random_forest
wheat,APMC Kopargaon,2026-07-27,2600.0,2610.0,0,1,STABLE,INCREASE,0.4685,0.1973,0.3342,0.4685,random_forest
wheat,APMC Kalyan,2026-07-27,3100.0,3300.0,1,1,INCREASE,INCREASE,0.5337,0.2379,0.2284,0.5337,random_forest
wheat,APMC Hinganghat,2026-07-27,2590.0,2600.0,0,-1,STABLE,DECREASE,0.525,0.525,0.2854,0.1896,random_forest
wheat,APMC Chattrapati Sambhajinagar,2026-07-27,2692.0,3134.0,1,-1,INCREASE,DECREASE,0.4075,0.4075,0.2148,0.3777,random_forest
wheat,APMC Mumbai,2026-07-27,3800.0,3800.0,0,0,STABLE,STABLE,0.59,0.1836,0.59,0.2264,random_forest
wheat,APMC Nagpur,2026-07-28,3425.0,3425.0,0,-1,STABLE,DECREASE,0.5253,0.5253,0.2916,0.1831,random_forest
wheat,Lasalgaon(Niphad),2026-07-28,2681.0,2691.0,0,-1,STABLE,DECREASE,0.5926,0.5926,0.2611,0.1463,random_forest
wheat,APMC Ulhasnagar,2026-07-28,3200.0,3250.0,1,1,INCREASE,INCREASE,0.5497,0.2215,0.2289,0.5497,random_forest
wheat,APMC Solapur,2026-07-28,3685.0,3700.0,0,0,STABLE,STABLE,0.9309,0.0408,0.9309,0.0283,random_forest
wheat,APMC Shevgaon,2026-07-28,2600.0,2650.0,1,1,INCREASE,INCREASE,0.4218,0.2936,0.2846,0.4218,random_forest
wheat,APMC Sangli,2026-07-28,3500.0,3600.0,1,0,INCREASE,STABLE,0.7045,0.1769,0.7045,0.1185,random_forest
wheat,APMC Paithan,2026-07-28,2851.0,2690.0,-1,-1,DECREASE,DECREASE,0.7532,0.7532,0.1197,0.1272,random_forest
wheat,APMC Mumbai,2026-07-28,3800.0,3800.0,0,0,STABLE,STABLE,0.509,0.2753,0.509,0.2157,random_forest
wheat,APMC Dhule,2026-07-28,2610.0,2750.0,1,0,INCREASE,STABLE,0.5697,0.205,0.5697,0.2252,random_forest
wheat,APMC Majalgaon,2026-07-28,2611.0,2631.0,0,0,STABLE,STABLE,0.439,0.2193,0.439,0.3417,random_forest
wheat,APMC Malkapur,2026-07-28,2712.0,2660.0,-1,-1,DECREASE,DECREASE,0.5216,0.5216,0.3152,0.1632,random_forest
wheat,APMC Chattrapati Sambhajinagar,2026-07-28,2763.0,3164.0,1,-1,INCREASE,DECREASE,0.6828,0.6828,0.1459,0.1712,random_forest
wheat,APMC Akola,2026-07-28,2590.0,2600.0,0,1,STABLE,INCREASE,0.5569,0.2163,0.2267,0.5569,random_forest
wheat,APMC Kalyan,2026-07-28,3300.0,3300.0,0,-1,STABLE,DECREASE,0.5805,0.5805,0.165,0.2545,random_forest
wheat,APMC Hinganghat,2026-07-28,2600.0,2600.0,0,-1,STABLE,DECREASE,0.3765,0.3765,0.3427,0.2808,random_forest
wheat,APMC Kopargaon,2026-07-28,2601.0,2653.0,1,0,INCREASE,STABLE,0.4988,0.2078,0.4988,0.2934,random_forest
wheat,APMC Ulhasnagar,2026-07-29,3250.0,3250.0,0,1,STABLE,INCREASE,0.4092,0.3852,0.2056,0.4092,random_forest
wheat,Lasalgaon(Niphad),2026-07-29,2690.0,2700.0,0,0,STABLE,STABLE,0.4203,0.3268,0.4203,0.2529,random_forest
wheat,APMC Solapur,2026-07-29,3690.0,3705.0,0,0,STABLE,STABLE,0.9035,0.0506,0.9035,0.0459,random_forest
wheat,APMC Sangli,2026-07-29,3600.0,3400.0,-1,-1,DECREASE,DECREASE,0.5279,0.5279,0.3205,0.1516,random_forest
wheat,APMC Paithan,2026-07-29,2730.0,2600.0,-1,-1,DECREASE,DECREASE,0.3992,0.3992,0.2835,0.3173,random_forest
wheat,APMC Mumbai,2026-07-29,3800.0,3800.0,0,0,STABLE,STABLE,0.5748,0.1852,0.5748,0.24,random_forest
wheat,APMC Nagpur,2026-07-29,3225.0,3425.0,1,1,INCREASE,INCREASE,0.6447,0.1996,0.1557,0.6447,random_forest
wheat,APMC Majalgaon,2026-07-29,2621.0,2600.0,0,0,STABLE,STABLE,0.4577,0.2461,0.4577,0.2962,random_forest
wheat,APMC Kalyan,2026-07-29,3300.0,3300.0,0,-1,STABLE,DECREASE,0.4967,0.4967,0.2416,0.2617,random_forest
wheat,APMC Chattrapati Sambhajinagar,2026-07-29,2735.0,2712.0,0,-1,STABLE,DECREASE,0.4788,0.4788,0.2473,0.2739,random_forest
wheat,APMC Akola,2026-07-29,2600.0,2625.0,0,1,STABLE,INCREASE,0.3785,0.2958,0.3257,0.3785,random_forest
wheat,APMC Malkapur,2026-07-29,2670.0,2660.0,0,0,STABLE,STABLE,0.3741,0.281,0.3741,0.3448,random_forest
wheat,APMC Paithan,2026-07-30,2701.0,2600.0,-1,-1,DECREASE,DECREASE,0.4151,0.4151,0.2818,0.3031,random_forest
wheat,Lasalgaon(Niphad),2026-07-30,2695.0,2700.0,0,0,STABLE,STABLE,0.4084,0.3508,0.4084,0.2408,random_forest
wheat,APMC Ulhasnagar,2026-07-30,3400.0,3400.0,0,-1,STABLE,DECREASE,0.7266,0.7266,0.1537,0.1196,random_forest
wheat,APMC Solapur,2026-07-30,3695.0,3710.0,0,0,STABLE,STABLE,0.9288,0.039,0.9288,0.0322,random_forest
wheat,APMC Mumbai,2026-07-30,3800.0,3800.0,0,0,STABLE,STABLE,0.6028,0.1799,0.6028,0.2173,random_forest
wheat,APMC Akola,2026-07-30,2635.0,2630.0,0,1,STABLE,INCREASE,0.4164,0.3077,0.2759,0.4164,random_forest
wheat,APMC Kopargaon,2026-07-30,2680.0,2650.0,0,-1,STABLE,DECREASE,0.4774,0.4774,0.3706,0.1521,random_forest
wheat,APMC Kalyan,2026-07-30,3300.0,3300.0,0,-1,STABLE,DECREASE,0.4638,0.4638,0.2454,0.2908,random_forest
wheat,APMC Hinganghat,2026-07-30,2595.0,2600.0,0,-1,STABLE,DECREASE,0.3831,0.3831,0.307,0.3098,random_forest
wheat,APMC Chattrapati Sambhajinagar,2026-07-30,3134.0,2716.0,-1,-1,DECREASE,DECREASE,0.7998,0.7998,0.093,0.1072,random_forest
wheat,APMC Malkapur,2026-07-30,2610.0,2620.0,0,1,STABLE,INCREASE,0.437,0.2111,0.3518,0.437,random_forest
wheat,APMC Mumbai,2026-07-31,3800.0,3800.0,0,0,STABLE,STABLE,0.6086,0.202,0.6086,0.1894,random_forest
wheat,APMC Solapur,2026-07-31,3700.0,3715.0,0,0,STABLE,STABLE,0.9254,0.0416,0.9254,0.0331,random_forest
wheat,APMC Shevgaon,2026-07-31,2600.0,2650.0,1,0,INCREASE,STABLE,0.3907,0.2471,0.3907,0.3623,random_forest
wheat,APMC Rahata,2026-07-31,2625.0,2700.0,1,1,INCREASE,INCREASE,0.371,0.2966,0.3324,0.371,random_forest
wheat,APMC Nagpur,2026-07-31,3425.0,3425.0,0,-1,STABLE,DECREASE,0.5235,0.5235,0.2727,0.2038,random_forest
wheat,APMC Ulhasnagar,2026-07-31,3250.0,3200.0,-1,1,DECREASE,INCREASE,0.4832,0.3126,0.2042,0.4832,random_forest
wheat,APMC Majalgaon,2026-07-31,2591.0,2600.0,0,1,STABLE,INCREASE,0.4068,0.1925,0.4007,0.4068,random_forest
wheat,APMC Kalyan,2026-07-31,3300.0,3300.0,0,-1,STABLE,DECREASE,0.3376,0.3376,0.3282,0.3342,random_forest
wheat,APMC Hinganghat,2026-07-31,2600.0,2600.0,0,0,STABLE,STABLE,0.3489,0.328,0.3489,0.3231,random_forest
wheat,APMC Chattrapati Sambhajinagar,2026-07-31,3164.0,2725.0,-1,-1,DECREASE,DECREASE,0.6098,0.6098,0.1965,0.1937,random_forest
wheat,APMC Amarawati,2026-07-31,2642.0,2617.0,0,1,STABLE,INCREASE,0.4304,0.3598,0.2098,0.4304,random_forest
wheat,APMC Akola,2026-07-31,2600.0,2600.0,0,0,STABLE,STABLE,0.3893,0.2766,0.3893,0.334,random_forest
wheat,APMC Kopargaon,2026-07-31,2610.0,2675.0,1,1,INCREASE,INCREASE,0.3865,0.2415,0.372,0.3865,random_forest
wheat,Lasalgaon(Niphad),2026-08-01,2691.0,2700.0,0,0,STABLE,STABLE,0.4852,0.2719,0.4852,0.2428,random_forest
wheat,APMC Solapur,2026-08-01,3705.0,3720.0,0,0,STABLE,STABLE,0.9232,0.0421,0.9232,0.0347,random_forest
wheat,APMC Shevgaon,2026-08-01,2600.0,2650.0,1,0,INCREASE,STABLE,0.417,0.2455,0.417,0.3375,random_forest
wheat,APMC Sangli,2026-08-01,3500.0,3600.0,1,0,INCREASE,STABLE,0.3929,0.2441,0.3929,0.363,random_forest
wheat,APMC Nagpur,2026-08-01,3425.0,3425.0,0,0,STABLE,STABLE,0.5652,0.2831,0.5652,0.1517,random_forest
wheat,APMC Mumbai,2026-08-01,3800.0,3700.0,-1,0,DECREASE,STABLE,0.5633,0.2464,0.5633,0.1903,random_forest
wheat,APMC Paithan,2026-08-01,2690.0,2625.0,-1,1,DECREASE,INCREASE,0.4125,0.3263,0.2612,0.4125,random_forest
wheat,APMC Kopargaon,2026-08-01,2653.0,2630.0,0,0,STABLE,STABLE,0.4173,0.4117,0.4173,0.1709,random_forest
wheat,APMC Jalana,2026-08-01,3200.0,2625.0,-1,-1,DECREASE,DECREASE,0.7362,0.7362,0.1219,0.142,random_forest
wheat,APMC Chattrapati Sambhajinagar,2026-08-01,2712.0,2713.0,0,1,STABLE,INCREASE,0.4088,0.3336,0.2576,0.4088,random_forest
wheat,APMC Amarawati,2026-08-01,2617.0,2643.0,0,1,STABLE,INCREASE,0.5121,0.2215,0.2664,0.5121,random_forest
wheat,APMC Akola,2026-08-01,2625.0,2610.0,0,0,STABLE,STABLE,0.3506,0.3001,0.3506,0.3493,random_forest
wheat,APMC Majalgaon,2026-08-01,2631.0,2611.0,0,-1,STABLE,DECREASE,0.3755,0.3755,0.3687,0.2558,random_forest
wheat,APMC Kalyan,2026-08-02,3300.0,3300.0,0,1,STABLE,INCREASE,0.3545,0.3412,0.3043,0.3545,random_forest
wheat,APMC Ulhasnagar,2026-08-02,3250.0,3300.0,1,1,INCREASE,INCREASE,0.3773,0.3322,0.2904,0.3773,random_forest
wheat,APMC Mumbai,2026-08-03,3800.0,3750.0,0,0,STABLE,STABLE,0.7473,0.1342,0.7473,0.1185,random_forest
wheat,Lasalgaon(Niphad),2026-08-03,2700.0,2710.0,0,0,STABLE,STABLE,0.4561,0.3099,0.4561,0.234,random_forest
wheat,APMC Ulhasnagar,2026-08-03,3400.0,3250.0,-1,-1,DECREASE,DECREASE,0.5607,0.5607,0.2871,0.1522,random_forest
wheat,APMC Solapur,2026-08-03,3710.0,3705.0,0,0,STABLE,STABLE,0.923,0.0421,0.923,0.0349,random_forest
wheat,APMC Shevgaon,2026-08-03,2650.0,2600.0,-1,-1,DECREASE,DECREASE,0.4972,0.4972,0.3167,0.1861,random_forest
wheat,APMC Rahata,2026-08-03,2686.0,2715.0,0,-1,STABLE,DECREASE,0.5998,0.5998,0.2361,0.1641,random_forest
wheat,APMC Nagpur,2026-08-03,3425.0,3425.0,0,-1,STABLE,DECREASE,0.4191,0.4191,0.3748,0.2061,random_forest
wheat,APMC Malkapur,2026-08-03,2660.0,2630.0,0,-1,STABLE,DECREASE,0.3695,0.3695,0.3102,0.3204,random_forest
wheat,APMC Akola,2026-08-03,2630.0,2630.0,0,0,STABLE,STABLE,0.3884,0.2911,0.3884,0.3205,random_forest
wheat,APMC Kopargaon,2026-08-03,2650.0,2675.0,0,0,STABLE,STABLE,0.4779,0.2533,0.4779,0.2688,random_forest
wheat,APMC Kalyan,2026-08-03,3300.0,3300.0,0,-1,STABLE,DECREASE,0.4264,0.4264,0.3043,0.2693,random_forest
wheat,APMC Jalana,2026-08-03,2650.0,2625.0,0,1,STABLE,INCREASE,0.5308,0.2495,0.2197,0.5308,random_forest
wheat,APMC Hinganghat,2026-08-03,2600.0,2600.0,0,0,STABLE,STABLE,0.3561,0.3408,0.3561,0.3031,random_forest
wheat,APMC Chattrapati Sambhajinagar,2026-08-03,2716.0,2670.0,-1,1,DECREASE,INCREASE,0.4306,0.3189,0.2505,0.4306,random_forest
wheat,APMC Amarawati,2026-08-03,2617.0,2642.0,0,1,STABLE,INCREASE,0.4268,0.2936,0.2796,0.4268,random_forest
wheat,APMC Majalgaon,2026-08-03,2600.0,2631.0,0,0,STABLE,STABLE,0.4629,0.2213,0.4629,0.3158,random_forest
wheat,Lasalgaon(Niphad),2026-08-04,2700.0,2696.0,0,0,STABLE,STABLE,0.4649,0.2921,0.4649,0.2429,random_forest
wheat,APMC Ulhasnagar,2026-08-04,3200.0,3200.0,0,1,STABLE,INCREASE,0.6378,0.1928,0.1694,0.6378,random_forest
wheat,APMC Solapur,2026-08-04,3715.0,3710.0,0,0,STABLE,STABLE,0.8423,0.0702,0.8423,0.0875,random_forest
wheat,APMC Shevgaon,2026-08-04,2650.0,2600.0,-1,0,DECREASE,STABLE,0.3843,0.3563,0.3843,0.2595,random_forest
wheat,APMC Rahata,2026-08-04,2675.0,2650.0,0,-1,STABLE,DECREASE,0.3887,0.3887,0.3323,0.279,random_forest
wheat,APMC Nagpur,2026-08-04,3425.0,3425.0,0,0,STABLE,STABLE,0.5886,0.2674,0.5886,0.1439,random_forest
wheat,APMC Malkapur,2026-08-04,2660.0,2700.0,1,0,INCREASE,STABLE,0.4659,0.2529,0.4659,0.2812,random_forest
wheat,APMC Mumbai,2026-08-04,3800.0,3750.0,0,0,STABLE,STABLE,0.7489,0.1336,0.7489,0.1175,random_forest
wheat,APMC Kopargaon,2026-08-04,2675.0,2670.0,0,0,STABLE,STABLE,0.4206,0.3429,0.4206,0.2365,random_forest
wheat,APMC Kalyan,2026-08-04,3300.0,3300.0,0,-1,STABLE,DECREASE,0.4041,0.4041,0.3851,0.2109,random_forest
wheat,APMC Jalana,2026-08-04,2700.0,2625.0,-1,-1,DECREASE,DECREASE,0.5333,0.5333,0.2099,0.2568,random_forest
wheat,APMC Hinganghat,2026-08-04,2600.0,2600.0,0,-1,STABLE,DECREASE,0.3424,0.3424,0.329,0.3286,random_forest
wheat,APMC Chattrapati Sambhajinagar,2026-08-04,2725.0,2678.0,-1,1,DECREASE,INCREASE,0.4481,0.3146,0.2373,0.4481,random_forest
wheat,APMC Akola,2026-08-04,2600.0,2600.0,0,1,STABLE,INCREASE,0.4368,0.255,0.3083,0.4368,random_forest
wheat,APMC Majalgaon,2026-08-04,2600.0,2671.0,1,0,INCREASE,STABLE,0.5296,0.2124,0.5296,0.258,random_forest
wheat,Lasalgaon(Niphad),2026-08-05,2700.0,2701.0,0,0,STABLE,STABLE,0.459,0.284,0.459,0.2571,random_forest
wheat,APMC Ulhasnagar,2026-08-05,3300.0,3400.0,1,-1,INCREASE,DECREASE,0.6068,0.6068,0.2046,0.1886,random_forest
wheat,APMC Solapur,2026-08-05,3720.0,3715.0,0,0,STABLE,STABLE,0.9229,0.0413,0.9229,0.0358,random_forest
wheat,APMC Shevgaon,2026-08-05,2650.0,2600.0,-1,-1,DECREASE,DECREASE,0.4248,0.4248,0.352,0.2233,random_forest
wheat,APMC Paithan,2026-08-05,2600.0,2700.0,1,1,INCREASE,INCREASE,0.5233,0.2198,0.2569,0.5233,random_forest
wheat,APMC Mumbai,2026-08-05,3700.0,3750.0,0,1,STABLE,INCREASE,0.6632,0.121,0.2157,0.6632,random_forest
wheat,APMC Malkapur,2026-08-05,2620.0,2620.0,0,0,STABLE,STABLE,0.401,0.2697,0.401,0.3293,random_forest
wheat,APMC Majalgaon,2026-08-05,2611.0,2600.0,0,0,STABLE,STABLE,0.4892,0.2135,0.4892,0.2973,random_forest
wheat,APMC Kalyan,2026-08-05,3300.0,3300.0,0,0,STABLE,STABLE,0.5206,0.2704,0.5206,0.209,random_forest
wheat,APMC Jalana,2026-08-05,2625.0,2635.0,0,1,STABLE,INCREASE,0.6078,0.2036,0.1886,0.6078,random_forest
wheat,APMC Hinganghat,2026-08-05,2600.0,2600.0,0,0,STABLE,STABLE,0.3767,0.3291,0.3767,0.2942,random_forest
wheat,APMC Chattrapati Sambhajinagar,2026-08-05,2713.0,2698.0,0,-1,STABLE,DECREASE,0.3706,0.3706,0.3117,0.3177,random_forest
wheat,APMC Amarawati,2026-08-05,2617.0,2642.0,0,1,STABLE,INCREASE,0.435,0.2806,0.2844,0.435,random_forest
wheat,APMC Akola,2026-08-05,2610.0,2625.0,0,0,STABLE,STABLE,0.4618,0.2646,0.4618,0.2736,random_forest
wheat,APMC Kopargaon,2026-08-05,2630.0,2675.0,1,0,INCREASE,STABLE,0.3929,0.2789,0.3929,0.3281,random_forest
wheat,APMC Nagpur,2026-08-06,3425.0,3425.0,0,0,STABLE,STABLE,0.5078,0.3296,0.5078,0.1627,random_forest
wheat,Lasalgaon(Niphad),2026-08-06,2710.0,2710.0,0,0,STABLE,STABLE,0.5251,0.2525,0.5251,0.2224,random_forest
wheat,APMC Ulhasnagar,2026-08-06,3250.0,3200.0,-1,1,DECREASE,INCREASE,0.4886,0.2368,0.2746,0.4886,random_forest
wheat,APMC Solapur,2026-08-06,3705.0,3720.0,0,0,STABLE,STABLE,0.8386,0.075,0.8386,0.0864,random_forest
wheat,APMC Sangli,2026-08-06,3600.0,3600.0,0,-1,STABLE,DECREASE,0.5823,0.5823,0.329,0.0887,random_forest
wheat,APMC Rahata,2026-08-06,2700.0,2700.0,0,-1,STABLE,DECREASE,0.4723,0.4723,0.2781,0.2495,random_forest
wheat,APMC Paithan,2026-08-06,2600.0,2600.0,0,1,STABLE,INCREASE,0.5582,0.1898,0.2521,0.5582,random_forest
wheat,APMC Mumbai,2026-08-06,3750.0,3750.0,0,0,STABLE,STABLE,0.4786,0.2647,0.4786,0.2567,random_forest
wheat,APMC Akola,2026-08-06,2630.0,2615.0,0,0,STABLE,STABLE,0.4222,0.2569,0.4222,0.3209,random_forest
wheat,APMC Majalgaon,2026-08-06,2631.0,2601.0,0,0,STABLE,STABLE,0.6544,0.1943,0.6544,0.1513,random_forest
wheat,APMC Kopargaon,2026-08-06,2675.0,2670.0,0,-1,STABLE,DECREASE,0.4793,0.4793,0.3291,0.1916,random_forest
wheat,APMC Kalyan,2026-08-06,3300.0,3300.0,0,0,STABLE,STABLE,0.5503,0.2656,0.5503,0.1841,random_forest
wheat,APMC Jalana,2026-08-06,2625.0,2640.0,0,1,STABLE,INCREASE,0.4359,0.2607,0.3034,0.4359,random_forest
wheat,APMC Hinganghat,2026-08-06,2600.0,2595.0,0,0,STABLE,STABLE,0.4668,0.2565,0.4668,0.2766,random_forest
wheat,APMC Chattrapati Sambhajinagar,2026-08-06,2670.0,2698.0,0,1,STABLE,INCREASE,0.489,0.2645,0.2465,0.489,random_forest
wheat,APMC Malkapur,2026-08-06,2630.0,2660.0,0,0,STABLE,STABLE,0.4826,0.2216,0.4826,0.2958,random_forest
wheat,APMC Paithan,2026-08-07,2625.0,2621.0,0,1,STABLE,INCREASE,0.5443,0.2213,0.2345,0.5443,random_forest
wheat,Shevgaon(Bodhegaon),2026-08-07,2600.0,2600.0,0,-1,STABLE,DECREASE,0.6142,0.6142,0.1735,0.2124,random_forest
wheat,Lasalgaon(Niphad),2026-08-07,2696.0,2715.0,0,0,STABLE,STABLE,0.5313,0.2425,0.5313,0.2261,random_forest
wheat,APMC Ulhasnagar,2026-08-07,3200.0,3250.0,1,1,INCREASE,INCREASE,0.4628,0.2826,0.2546,0.4628,random_forest
wheat,APMC Solapur,2026-08-07,3710.0,3725.0,0,0,STABLE,STABLE,0.9252,0.0399,0.9252,0.0349,random_forest
wheat,APMC Shevgaon,2026-08-07,2600.0,2600.0,0,1,STABLE,INCREASE,0.5005,0.2374,0.2621,0.5005,random_forest
wheat,APMC Rahata,2026-08-07,2715.0,2700.0,0,0,STABLE,STABLE,0.4434,0.3264,0.4434,0.2302,random_forest
wheat,APMC Nagpur,2026-08-07,3425.0,3425.0,0,0,STABLE,STABLE,0.5941,0.2615,0.5941,0.1444,random_forest
wheat,APMC Sangli,2026-08-07,3400.0,3400.0,0,1,STABLE,INCREASE,0.6549,0.1562,0.1889,0.6549,random_forest
wheat,APMC Malkapur,2026-08-07,2700.0,2650.0,-1,-1,DECREASE,DECREASE,0.5212,0.5212,0.303,0.1758,random_forest
wheat,APMC Majalgaon,2026-08-07,2671.0,2597.0,-1,-1,DECREASE,DECREASE,0.4732,0.4732,0.3614,0.1654,random_forest
wheat,APMC Mumbai,2026-08-07,3750.0,3750.0,0,0,STABLE,STABLE,0.4264,0.2204,0.4264,0.3532,random_forest
wheat,APMC Kopargaon,2026-08-07,2670.0,2705.0,0,0,STABLE,STABLE,0.4951,0.2557,0.4951,0.2492,random_forest
wheat,APMC Jalana,2026-08-07,2625.0,2630.0,0,1,STABLE,INCREASE,0.4686,0.2632,0.2682,0.4686,random_forest
wheat,APMC Hinganghat,2026-08-07,2600.0,2600.0,0,0,STABLE,STABLE,0.4673,0.2625,0.4673,0.2702,random_forest
wheat,APMC Chattrapati Sambhajinagar,2026-08-07,2678.0,2752.0,1,1,INCREASE,INCREASE,0.4559,0.2854,0.2587,0.4559,random_forest
wheat,APMC Akola,2026-08-07,2600.0,2600.0,0,0,STABLE,STABLE,0.422,0.2291,0.422,0.3489,random_forest
wheat,Lasalgaon(Niphad),2026-08-08,2701.0,2725.0,0,0,STABLE,STABLE,0.5414,0.2369,0.5414,0.2217,random_forest
wheat,APMC Solapur,2026-08-08,3715.0,3730.0,0,0,STABLE,STABLE,0.9244,0.0404,0.9244,0.0352,random_forest
wheat,APMC Sangli,2026-08-08,3600.0,3400.0,-1,-1,DECREASE,DECREASE,0.5404,0.5404,0.3002,0.1594,random_forest
wheat,APMC Rahata,2026-08-08,2650.0,2700.0,1,1,INCREASE,INCREASE,0.3787,0.3314,0.2899,0.3787,random_forest
wheat,APMC Paithan,2026-08-08,2700.0,2651.0,-1,-1,DECREASE,DECREASE,0.5291,0.5291,0.2409,0.23,random_forest
wheat,APMC Nagpur,2026-08-08,3425.0,3275.0,-1,0,DECREASE,STABLE,0.5131,0.3043,0.5131,0.1825,random_forest
wheat,APMC Mumbai,2026-08-08,3750.0,3750.0,0,0,STABLE,STABLE,0.6562,0.2046,0.6562,0.1392,random_forest
wheat,APMC Jalana,2026-08-08,2635.0,2625.0,0,0,STABLE,STABLE,0.367,0.3233,0.367,0.3097,random_forest
wheat,APMC Majalgaon,2026-08-08,2600.0,2600.0,0,0,STABLE,STABLE,0.4513,0.2189,0.4513,0.3298,random_forest
wheat,APMC Kopargaon,2026-08-08,2675.0,2713.0,0,0,STABLE,STABLE,0.457,0.315,0.457,0.228,random_forest
wheat,Shevgaon(Bodhegaon),2026-08-08,2600.0,2600.0,0,1,STABLE,INCREASE,0.3843,0.3429,0.2728,0.3843,random_forest
wheat,APMC Chattrapati Sambhajinagar,2026-08-08,2698.0,2730.0,0,1,STABLE,INCREASE,0.4167,0.3176,0.2657,0.4167,random_forest
wheat,APMC Amarawati,2026-08-08,2643.0,2642.0,0,1,STABLE,INCREASE,0.4037,0.3109,0.2854,0.4037,random_forest
wheat,APMC Akola,2026-08-08,2625.0,2620.0,0,0,STABLE,STABLE,0.4665,0.2494,0.4665,0.2842,random_forest
wheat,APMC Malkapur,2026-08-08,2620.0,2625.0,0,1,STABLE,INCREASE,0.4108,0.2047,0.3846,0.4108,random_forest
wheat,APMC Ulhasnagar,2026-08-09,3400.0,3400.0,0,-1,STABLE,DECREASE,0.5911,0.5911,0.194,0.2149,random_forest
wheat,APMC Shevgaon,2026-08-09,2600.0,2675.0,1,1,INCREASE,INCREASE,0.4186,0.2324,0.349,0.4186,random_forest
wheat,APMC Kalyan,2026-08-09,3300.0,3300.0,0,0,STABLE,STABLE,0.5358,0.2721,0.5358,0.1921,random_forest
wheat,APMC Paithan,2026-08-09,2600.0,2650.0,1,1,INCREASE,INCREASE,0.5182,0.2294,0.2524,0.5182,random_forest
wheat,APMC Rahata,2026-08-10,2700.0,2675.0,0,-1,STABLE,DECREASE,0.5433,0.5433,0.2525,0.2042,random_forest
wheat,Shevgaon(Bodhegaon),2026-08-10,2600.0,2600.0,0,-1,STABLE,DECREASE,0.3773,0.3773,0.2892,0.3335,random_forest
wheat,Lasalgaon(Niphad),2026-08-10,2710.0,2725.0,0,0,STABLE,STABLE,0.5669,0.2217,0.5669,0.2114,random_forest
wheat,APMC Ulhasnagar,2026-08-10,3200.0,3400.0,1,1,INCREASE,INCREASE,0.5711,0.2184,0.2105,0.5711,random_forest
wheat,APMC Solapur,2026-08-10,3720.0,3735.0,0,0,STABLE,STABLE,0.9244,0.0404,0.9244,0.0352,random_forest
wheat,APMC Shevgaon,2026-08-10,2600.0,2600.0,0,0,STABLE,STABLE,0.3823,0.2547,0.3823,0.363,random_forest
wheat,APMC Nagpur,2026-08-10,3425.0,3275.0,-1,0,DECREASE,STABLE,0.6955,0.1925,0.6955,0.112,random_forest
wheat,APMC Mumbai,2026-08-10,3750.0,3750.0,0,0,STABLE,STABLE,0.7087,0.1668,0.7087,0.1245,random_forest
wheat,APMC Malkapur,2026-08-10,2660.0,2610.0,-1,-1,DECREASE,DECREASE,0.4478,0.4478,0.3611,0.1911,random_forest
wheat,APMC Majalgaon,2026-08-10,2601.0,2631.0,0,0,STABLE,STABLE,0.5077,0.2316,0.5077,0.2607,random_forest
wheat,APMC Kopargaon,2026-08-10,2670.0,2660.0,0,0,STABLE,STABLE,0.551,0.2279,0.551,0.2212,random_forest
wheat,APMC Kalyan,2026-08-10,3300.0,3300.0,0,0,STABLE,STABLE,0.4848,0.2324,0.4848,0.2828,random_forest
wheat,APMC Jalana,2026-08-10,2640.0,2625.0,0,1,STABLE,INCREASE,0.3857,0.3038,0.3105,0.3857,random_forest
wheat,APMC Hinganghat,2026-08-10,2600.0,2600.0,0,0,STABLE,STABLE,0.4614,0.2667,0.4614,0.2719,random_forest
wheat,APMC Chattrapati Sambhajinagar,2026-08-10,2698.0,2746.0,1,0,INCREASE,STABLE,0.4423,0.2909,0.4423,0.2668,random_forest
wheat,APMC Amarawati,2026-08-10,2642.0,2642.0,0,1,STABLE,INCREASE,0.4229,0.2909,0.2863,0.4229,random_forest
wheat,APMC Akola,2026-08-10,2615.0,2600.0,0,0,STABLE,STABLE,0.4732,0.2434,0.4732,0.2835,random_forest
wheat,APMC Paithan,2026-08-11,2621.0,2600.0,0,1,STABLE,INCREASE,0.3828,0.297,0.3202,0.3828,random_forest
wheat,APMC Rahata,2026-08-11,2700.0,2675.0,0,0,STABLE,STABLE,0.381,0.3426,0.381,0.2765,random_forest
wheat,APMC Solapur,2026-08-11,3725.0,3740.0,0,0,STABLE,STABLE,0.9244,0.0404,0.9244,0.0352,random_forest
wheat,APMC Nagpur,2026-08-11,3425.0,3425.0,0,0,STABLE,STABLE,0.7181,0.1861,0.7181,0.0958,random_forest
wheat,Lasalgaon(Niphad),2026-08-11,2715.0,2700.0,0,0,STABLE,STABLE,0.5679,0.2224,0.5679,0.2097,random_forest
wheat,Shevgaon(Bodhegaon),2026-08-11,2600.0,2600.0,0,-1,STABLE,DECREASE,0.3497,0.3497,0.3371,0.3132,random_forest
wheat,APMC Ulhasnagar,2026-08-11,3250.0,3250.0,0,-1,STABLE,DECREASE,0.4935,0.4935,0.2471,0.2595,random_forest
wheat,APMC Mumbai,2026-08-11,3750.0,3750.0,0,0,STABLE,STABLE,0.7051,0.16,0.7051,0.1349,random_forest
wheat,APMC Kopargaon,2026-08-11,2705.0,2630.0,-1,0,DECREASE,STABLE,0.4179,0.4067,0.4179,0.1754,random_forest
wheat,APMC Majalgaon,2026-08-11,2597.0,2597.0,0,0,STABLE,STABLE,0.4435,0.2138,0.4435,0.3427,random_forest
wheat,APMC Malkapur,2026-08-11,2650.0,2600.0,-1,1,DECREASE,INCREASE,0.397,0.2175,0.3855,0.397,random_forest
wheat,APMC Kalyan,2026-08-11,3300.0,3300.0,0,0,STABLE,STABLE,0.503,0.2401,0.503,0.2569,random_forest
wheat,APMC Jalana,2026-08-11,2630.0,2600.0,0,0,STABLE,STABLE,0.3657,0.2775,0.3657,0.3568,random_forest
wheat,APMC Hinganghat,2026-08-11,2595.0,2590.0,0,0,STABLE,STABLE,0.4846,0.2747,0.4846,0.2406,random_forest
wheat,APMC Chattrapati Sambhajinagar,2026-08-11,2752.0,2700.0,-1,-1,DECREASE,DECREASE,0.5992,0.5992,0.2112,0.1897,random_forest
wheat,APMC Amarawati,2026-08-11,2642.0,2643.0,0,-1,STABLE,DECREASE,0.3852,0.3852,0.2718,0.343,random_forest
wheat,APMC Akola,2026-08-11,2600.0,2630.0,0,0,STABLE,STABLE,0.4718,0.2413,0.4718,0.2869,random_forest
wheat,Lasalgaon(Niphad),2026-08-12,2725.0,2690.0,0,0,STABLE,STABLE,0.5669,0.2266,0.5669,0.2065,random_forest
wheat,APMC Ulhasnagar,2026-08-12,3400.0,3400.0,0,-1,STABLE,DECREASE,0.6384,0.6384,0.2014,0.1601,random_forest
wheat,APMC Solapur,2026-08-12,3730.0,3745.0,0,0,STABLE,STABLE,0.9244,0.0404,0.9244,0.0352,random_forest
wheat,APMC Shevgaon,2026-08-12,2600.0,2600.0,0,0,STABLE,STABLE,0.4805,0.2442,0.4805,0.2752,random_forest
wheat,APMC Rahata,2026-08-12,2700.0,2650.0,-1,0,DECREASE,STABLE,0.4425,0.3669,0.4425,0.1906,random_forest
wheat,APMC Paithan,2026-08-12,2651.0,2620.0,0,1,STABLE,INCREASE,0.4531,0.2731,0.2738,0.4531,random_forest
wheat,APMC Nagpur,2026-08-12,3275.0,3425.0,1,1,INCREASE,INCREASE,0.734,0.1227,0.1432,0.734,random_forest
wheat,APMC Mumbai,2026-08-12,3750.0,3750.0,0,0,STABLE,STABLE,0.6445,0.1859,0.6445,0.1696,random_forest
wheat,APMC Malkapur,2026-08-12,2625.0,2650.0,0,0,STABLE,STABLE,0.4909,0.2328,0.4909,0.2763,random_forest
wheat,APMC Kopargaon,2026-08-12,2713.0,2650.0,-1,0,DECREASE,STABLE,0.5293,0.2614,0.5293,0.2093,random_forest
wheat,APMC Kalyan,2026-08-12,3300.0,3300.0,0,0,STABLE,STABLE,0.5267,0.2683,0.5267,0.2051,random_forest
wheat,APMC Hinganghat,2026-08-12,2600.0,2590.0,0,0,STABLE,STABLE,0.4644,0.2603,0.4644,0.2753,random_forest
wheat,APMC Chattrapati Sambhajinagar,2026-08-12,2730.0,2712.0,0,0,STABLE,STABLE,0.3722,0.3422,0.3722,0.2856,random_forest
wheat,APMC Amarawati,2026-08-12,2642.0,2642.0,0,0,STABLE,STABLE,0.4631,0.2528,0.4631,0.2841,random_forest
wheat,APMC Akola,2026-08-12,2620.0,2620.0,0,0,STABLE,STABLE,0.4042,0.2573,0.4042,0.3386,random_forest
wheat,Shevgaon(Bodhegaon),2026-08-13,2600.0,2600.0,0,-1,STABLE,DECREASE,0.3509,0.3509,0.3014,0.3477,random_forest
wheat,Lasalgaon(Niphad),2026-08-13,2725.0,2700.0,0,0,STABLE,STABLE,0.5634,0.2262,0.5634,0.2103,random_forest
wheat,APMC Ulhasnagar,2026-08-13,3400.0,3400.0,0,-1,STABLE,DECREASE,0.4874,0.4874,0.289,0.2237,random_forest
wheat,APMC Solapur,2026-08-13,3735.0,3740.0,0,0,STABLE,STABLE,0.8439,0.0731,0.8439,0.0829,random_forest
wheat,APMC Rahata,2026-08-13,2675.0,2700.0,0,0,STABLE,STABLE,0.4922,0.2626,0.4922,0.2452,random_forest
wheat,APMC Paithan,2026-08-13,2650.0,2600.0,-1,-1,DECREASE,DECREASE,0.3906,0.3906,0.3149,0.2945,random_forest
wheat,APMC Nagpur,2026-08-13,3275.0,3425.0,1,1,INCREASE,INCREASE,0.5873,0.2027,0.21,0.5873,random_forest
wheat,APMC Mumbai,2026-08-13,3750.0,3750.0,0,0,STABLE,STABLE,0.8214,0.1096,0.8214,0.069,random_forest
wheat,APMC Akola,2026-08-13,2600.0,2660.0,1,0,INCREASE,STABLE,0.6262,0.1857,0.6262,0.1881,random_forest
wheat,APMC Majalgaon,2026-08-13,2600.0,2601.0,0,0,STABLE,STABLE,0.5603,0.2281,0.5603,0.2116,random_forest
wheat,APMC Kopargaon,2026-08-13,2660.0,2681.0,0,0,STABLE,STABLE,0.4153,0.2321,0.4153,0.3526,random_forest
wheat,APMC Kalyan,2026-08-13,3300.0,3300.0,0,0,STABLE,STABLE,0.5259,0.2585,0.5259,0.2155,random_forest
wheat,APMC Jalana,2026-08-13,2625.0,2600.0,0,1,STABLE,INCREASE,0.3815,0.2711,0.3475,0.3815,random_forest
wheat,APMC Hinganghat,2026-08-13,2600.0,2590.0,0,0,STABLE,STABLE,0.4766,0.2776,0.4766,0.2458,random_forest
wheat,APMC Chattrapati Sambhajinagar,2026-08-13,2746.0,2698.0,-1,-1,DECREASE,DECREASE,0.3967,0.3967,0.3405,0.2628,random_forest
wheat,APMC Amarawati,2026-08-13,2642.0,2642.0,0,0,STABLE,STABLE,0.471,0.2722,0.471,0.2568,random_forest
wheat,APMC Malkapur,2026-08-13,2610.0,2600.0,0,0,STABLE,STABLE,0.3998,0.2144,0.3998,0.3858,random_forest
wheat,APMC Nagpur,2026-08-14,3425.0,3425.0,0,-1,STABLE,DECREASE,0.4688,0.4688,0.4009,0.1303,random_forest
wheat,Shevgaon(Bodhegaon),2026-08-14,2600.0,2600.0,0,-1,STABLE,DECREASE,0.3674,0.3674,0.2941,0.3385,random_forest
wheat,Lasalgaon(Niphad),2026-08-14,2700.0,2700.0,0,0,STABLE,STABLE,0.5914,0.213,0.5914,0.1956,random_forest
wheat,APMC Solapur,2026-08-14,3740.0,3735.0,0,0,STABLE,STABLE,0.9244,0.0404,0.9244,0.0352,random_forest
wheat,APMC Shevgaon,2026-08-14,2675.0,2700.0,0,-1,STABLE,DECREASE,0.5533,0.5533,0.2628,0.1839,random_forest
wheat,APMC Rahata,2026-08-14,2675.0,2650.0,0,0,STABLE,STABLE,0.5746,0.2345,0.5746,0.1909,random_forest
wheat,APMC Paithan,2026-08-14,2600.0,2740.0,1,1,INCREASE,INCREASE,0.4751,0.2529,0.272,0.4751,random_forest
wheat,APMC Mumbai,2026-08-14,3750.0,3750.0,0,0,STABLE,STABLE,0.7659,0.1269,0.7659,0.1072,random_forest
wheat,APMC Jalana,2026-08-14,2625.0,2585.0,-1,0,DECREASE,STABLE,0.4527,0.2514,0.4527,0.2959,random_forest
wheat,APMC Majalgaon,2026-08-14,2631.0,2610.0,0,0,STABLE,STABLE,0.4538,0.3387,0.4538,0.2076,random_forest
wheat,APMC Kopargaon,2026-08-14,2630.0,2677.0,1,1,INCREASE,INCREASE,0.4121,0.186,0.4019,0.4121,random_forest
wheat,APMC Kalyan,2026-08-14,3300.0,3300.0,0,0,STABLE,STABLE,0.6908,0.1682,0.6908,0.141,random_forest
wheat,APMC Malkapur,2026-08-14,2600.0,2600.0,0,0,STABLE,STABLE,0.4014,0.2102,0.4014,0.3884,random_forest
wheat,APMC Hinganghat,2026-08-14,2590.0,2590.0,0,0,STABLE,STABLE,0.4835,0.2557,0.4835,0.2608,random_forest
wheat,APMC Chattrapati Sambhajinagar,2026-08-14,2700.0,2680.0,0,1,STABLE,INCREASE,0.5074,0.2424,0.2502,0.5074,random_forest
wheat,APMC Amarawati,2026-08-14,2643.0,2642.0,0,0,STABLE,STABLE,0.4151,0.2631,0.4151,0.3218,random_forest
wheat,APMC Akola,2026-08-14,2630.0,2665.0,0,0,STABLE,STABLE,0.5521,0.2554,0.5521,0.1925,random_forest
wheat,APMC Rahata,2026-08-15,2650.0,2650.0,0,1,STABLE,INCREASE,0.4385,0.198,0.3635,0.4385,random_forest
wheat,APMC Paithan,2026-08-15,2620.0,2611.0,0,1,STABLE,INCREASE,0.3438,0.3204,0.3358,0.3438,random_forest
wheat,APMC Kalyan,2026-08-16,3300.0,3300.0,0,0,STABLE,STABLE,0.6674,0.1848,0.6674,0.1477,random_forest
wheat,APMC Paithan,2026-08-16,2600.0,2615.0,0,1,STABLE,INCREASE,0.5129,0.2178,0.2692,0.5129,random_forest
wheat,APMC Shevgaon,2026-08-16,2600.0,2650.0,1,1,INCREASE,INCREASE,0.3999,0.2383,0.3618,0.3999,random_forest
wheat,APMC Ulhasnagar,2026-08-16,3250.0,3400.0,1,1,INCREASE,INCREASE,0.4216,0.3172,0.2612,0.4216,random_forest
wheat,APMC Shevgaon,2026-08-17,2600.0,2600.0,0,0,STABLE,STABLE,0.457,0.2278,0.457,0.3152,random_forest
wheat,Shevgaon(Bodhegaon),2026-08-17,2600.0,2600.0,0,-1,STABLE,DECREASE,0.3697,0.3697,0.3167,0.3136,random_forest
wheat,Lasalgaon(Niphad),2026-08-17,2690.0,2700.0,0,0,STABLE,STABLE,0.5706,0.2052,0.5706,0.2241,random_forest
wheat,APMC Ulhasnagar,2026-08-17,3400.0,3400.0,0,-1,STABLE,DECREASE,0.5584,0.5584,0.248,0.1936,random_forest
wheat,APMC Solapur,2026-08-17,3745.0,3725.0,0,0,STABLE,STABLE,0.8385,0.075,0.8385,0.0865,random_forest
wheat,APMC Rahata,2026-08-17,2700.0,2625.0,-1,-1,DECREASE,DECREASE,0.5259,0.5259,0.3037,0.1704,random_forest
wheat,APMC Kopargaon,2026-08-17,2650.0,2674.0,0,0,STABLE,STABLE,0.4029,0.2132,0.4029,0.3839,random_forest
wheat,APMC Mumbai,2026-08-17,3750.0,3750.0,0,0,STABLE,STABLE,0.7714,0.1234,0.7714,0.1052,random_forest
wheat,APMC Malkapur,2026-08-17,2650.0,2650.0,0,-1,STABLE,DECREASE,0.3805,0.3805,0.3745,0.245,random_forest
wheat,APMC Jalana,2026-08-17,2600.0,2595.0,0,0,STABLE,STABLE,0.4619,0.2114,0.4619,0.3267,random_forest
wheat,APMC Chattrapati Sambhajinagar,2026-08-17,2712.0,2720.0,0,0,STABLE,STABLE,0.3409,0.3298,0.3409,0.3293,random_forest
wheat,APMC Akola,2026-08-17,2620.0,2630.0,0,0,STABLE,STABLE,0.5961,0.1951,0.5961,0.2088,random_forest
wheat,APMC Nagpur,2026-08-17,3425.0,3425.0,0,0,STABLE,STABLE,0.5307,0.3373,0.5307,0.132,random_forest
wheat,APMC Rahata,2026-08-18,2650.0,2625.0,0,0,STABLE,STABLE,0.4055,0.2193,0.4055,0.3752,random_forest
wheat,Shevgaon(Bodhegaon),2026-08-18,2600.0,2600.0,0,0,STABLE,STABLE,0.4857,0.2653,0.4857,0.249,random_forest
wheat,Lasalgaon(Niphad),2026-08-18,2700.0,2710.0,0,0,STABLE,STABLE,0.5953,0.2079,0.5953,0.1967,random_forest
wheat,APMC Ulhasnagar,2026-08-18,3400.0,3400.0,0,0,STABLE,STABLE,0.5173,0.3174,0.5173,0.1653,random_forest
wheat,APMC Solapur,2026-08-18,3740.0,3720.0,0,0,STABLE,STABLE,0.9141,0.0497,0.9141,0.0362,random_forest
wheat,APMC Sillod,2026-08-18,2600.0,2600.0,0,-1,STABLE,DECREASE,0.5029,0.5029,0.3451,0.152,random_forest
wheat,APMC Shevgaon,2026-08-18,2700.0,2650.0,-1,-1,DECREASE,DECREASE,0.5577,0.5577,0.2992,0.143,random_forest
wheat,APMC Sangli,2026-08-18,3600.0,3600.0,0,0,STABLE,STABLE,0.5398,0.3052,0.5398,0.155,random_forest
wheat,APMC Paithan,2026-08-18,2740.0,2600.0,-1,-1,DECREASE,DECREASE,0.6648,0.6648,0.1762,0.1591,random_forest
wheat,APMC Akola,2026-08-18,2660.0,2600.0,-1,-1,DECREASE,DECREASE,0.48,0.48,0.353,0.167,random_forest
wheat,APMC Malkapur,2026-08-18,2600.0,2600.0,0,0,STABLE,STABLE,0.4019,0.2021,0.4019,0.396,random_forest
wheat,APMC Majalgaon,2026-08-18,2597.0,2601.0,0,0,STABLE,STABLE,0.5143,0.2178,0.5143,0.268,random_forest
wheat,APMC Kopargaon,2026-08-18,2681.0,2635.0,-1,0,DECREASE,STABLE,0.4662,0.3043,0.4662,0.2295,random_forest
wheat,APMC Kalyan,2026-08-18,3300.0,3300.0,0,0,STABLE,STABLE,0.6548,0.171,0.6548,0.1742,random_forest
wheat,APMC Jalana,2026-08-18,2600.0,2600.0,0,0,STABLE,STABLE,0.4181,0.248,0.4181,0.3339,random_forest
wheat,APMC Hinganghat,2026-08-18,2590.0,2600.0,0,0,STABLE,STABLE,0.5722,0.2056,0.5722,0.2222,random_forest
wheat,APMC Chattrapati Sambhajinagar,2026-08-18,2698.0,2693.0,0,1,STABLE,INCREASE,0.4688,0.2423,0.2888,0.4688,random_forest
wheat,APMC Amarawati,2026-08-18,2642.0,2642.0,0,0,STABLE,STABLE,0.4232,0.2568,0.4232,0.32,random_forest
wheat,APMC Mumbai,2026-08-18,3750.0,3750.0,0,0,STABLE,STABLE,0.7693,0.1254,0.7693,0.1054,random_forest
wheat,APMC Rahata,2026-08-19,2650.0,2700.0,1,0,INCREASE,STABLE,0.4874,0.2538,0.4874,0.2588,random_forest
wheat,APMC Sangli,2026-08-19,3400.0,3750.0,1,0,INCREASE,STABLE,0.3913,0.2195,0.3913,0.3892,random_forest
wheat,APMC Shevgaon,2026-08-19,2650.0,2650.0,0,-1,STABLE,DECREASE,0.3352,0.3352,0.3334,0.3314,random_forest
wheat,APMC Sillod,2026-08-19,2600.0,2600.0,0,0,STABLE,STABLE,0.4937,0.3076,0.4937,0.1987,random_forest
wheat,Shevgaon(Bodhegaon),2026-08-19,2600.0,2600.0,0,0,STABLE,STABLE,0.3942,0.2457,0.3942,0.3601,random_forest
wheat,APMC Ulhasnagar,2026-08-19,3400.0,3600.0,1,-1,INCREASE,DECREASE,0.4879,0.4879,0.2832,0.2289,random_forest
wheat,Lasalgaon(Niphad),2026-08-19,2700.0,2711.0,0,0,STABLE,STABLE,0.5931,0.1932,0.5931,0.2137,random_forest
wheat,APMC Paithan,2026-08-19,2611.0,2600.0,0,1,STABLE,INCREASE,0.4938,0.2481,0.2581,0.4938,random_forest
wheat,APMC Solapur,2026-08-19,3735.0,3710.0,0,0,STABLE,STABLE,0.8383,0.075,0.8383,0.0867,random_forest
wheat,APMC Nagpur,2026-08-19,3425.0,3425.0,0,-1,STABLE,DECREASE,0.4107,0.4107,0.3916,0.1977,random_forest
wheat,APMC Akola,2026-08-19,2665.0,2615.0,-1,0,DECREASE,STABLE,0.5553,0.2515,0.5553,0.1931,random_forest
wheat,APMC Malkapur,2026-08-19,2600.0,2630.0,0,0,STABLE,STABLE,0.4832,0.2229,0.4832,0.294,random_forest
wheat,APMC Amarawati,2026-08-19,2642.0,2642.0,0,0,STABLE,STABLE,0.4109,0.2497,0.4109,0.3394,random_forest
wheat,APMC Chattrapati Sambhajinagar,2026-08-19,2680.0,2693.0,0,0,STABLE,STABLE,0.5049,0.2569,0.5049,0.2382,random_forest
wheat,APMC Hinganghat,2026-08-19,2590.0,2600.0,0,0,STABLE,STABLE,0.569,0.2038,0.569,0.2272,random_forest
wheat,APMC Mumbai,2026-08-19,3750.0,3750.0,0,0,STABLE,STABLE,0.8402,0.0912,0.8402,0.0686,random_forest
wheat,APMC Kalyan,2026-08-19,3300.0,3300.0,0,0,STABLE,STABLE,0.6387,0.1833,0.6387,0.1781,random_forest
wheat,APMC Kopargaon,2026-08-19,2677.0,2651.0,0,0,STABLE,STABLE,0.5472,0.2764,0.5472,0.1764,random_forest
wheat,APMC Majalgaon,2026-08-19,2601.0,2610.0,0,0,STABLE,STABLE,0.502,0.2279,0.502,0.2702,random_forest
wheat,APMC Jalana,2026-08-19,2585.0,2672.0,1,1,INCREASE,INCREASE,0.4512,0.2116,0.3373,0.4512,random_forest
wheat,APMC Nagpur,2026-08-20,3425.0,3425.0,0,0,STABLE,STABLE,0.6219,0.2428,0.6219,0.1353,random_forest
wheat,Lasalgaon(Niphad),2026-08-20,2700.0,2700.0,0,0,STABLE,STABLE,0.5942,0.2083,0.5942,0.1975,random_forest
wheat,APMC Ulhasnagar,2026-08-20,3400.0,3600.0,1,0,INCREASE,STABLE,0.4355,0.3238,0.4355,0.2407,random_forest
wheat,APMC Solapur,2026-08-20,3725.0,3700.0,0,0,STABLE,STABLE,0.9241,0.0404,0.9241,0.0355,random_forest
wheat,APMC Sillod,2026-08-20,2650.0,2600.0,-1,-1,DECREASE,DECREASE,0.6044,0.6044,0.2733,0.1223,random_forest
wheat,APMC Sangli,2026-08-20,3400.0,3600.0,1,1,INCREASE,INCREASE,0.4751,0.1724,0.3525,0.4751,random_forest
wheat,APMC Rahata,2026-08-20,2625.0,2650.0,0,1,STABLE,INCREASE,0.4793,0.1788,0.3419,0.4793,random_forest
wheat,APMC Paithan,2026-08-20,2615.0,2626.0,0,0,STABLE,STABLE,0.3659,0.2816,0.3659,0.3525,random_forest
wheat,Shevgaon(Bodhegaon),2026-08-20,2600.0,2600.0,0,0,STABLE,STABLE,0.4603,0.2622,0.4603,0.2775,random_forest
wheat,APMC Mumbai,2026-08-20,3750.0,3750.0,0,0,STABLE,STABLE,0.8367,0.0931,0.8367,0.0702,random_forest
wheat,APMC Majalgaon,2026-08-20,2610.0,2591.0,0,0,STABLE,STABLE,0.5957,0.1919,0.5957,0.2124,random_forest
wheat,APMC Kopargaon,2026-08-20,2674.0,2644.0,0,0,STABLE,STABLE,0.5082,0.2514,0.5082,0.2405,random_forest
wheat,APMC Kalyan,2026-08-20,3300.0,3300.0,0,0,STABLE,STABLE,0.6387,0.1833,0.6387,0.1781,random_forest
wheat,APMC Jalana,2026-08-20,2595.0,2590.0,0,1,STABLE,INCREASE,0.3837,0.2489,0.3674,0.3837,random_forest
wheat,APMC Hinganghat,2026-08-20,2590.0,2600.0,0,0,STABLE,STABLE,0.5652,0.2083,0.5652,0.2265,random_forest
wheat,APMC Chattrapati Sambhajinagar,2026-08-20,2720.0,2690.0,0,-1,STABLE,DECREASE,0.4247,0.4247,0.3694,0.2059,random_forest
wheat,APMC Amarawati,2026-08-20,2642.0,2642.0,0,0,STABLE,STABLE,0.4046,0.2687,0.4046,0.3267,random_forest
wheat,APMC Akola,2026-08-20,2630.0,2600.0,0,0,STABLE,STABLE,0.5215,0.2239,0.5215,0.2546,random_forest
wheat,APMC Malkapur,2026-08-20,2650.0,2600.0,-1,-1,DECREASE,DECREASE,0.4511,0.4511,0.3743,0.1746,random_forest
wheat,APMC Rahata,2026-08-21,2625.0,2640.0,0,0,STABLE,STABLE,0.4696,0.2508,0.4696,0.2795,random_forest
wheat,APMC Sangli,2026-08-21,3600.0,3500.0,-1,-1,DECREASE,DECREASE,0.4527,0.4527,0.3672,0.1801,random_forest
wheat,Lasalgaon(Niphad),2026-08-21,2710.0,2700.0,0,0,STABLE,STABLE,0.5977,0.2023,0.5977,0.2,random_forest
wheat,APMC Paithan,2026-08-21,2600.0,2625.0,0,1,STABLE,INCREASE,0.4362,0.2096,0.3542,0.4362,random_forest
wheat,APMC Sillod,2026-08-21,2600.0,2600.0,0,1,STABLE,INCREASE,0.4063,0.2439,0.3498,0.4063,random_forest
wheat,APMC Solapur,2026-08-21,3720.0,3690.0,0,0,STABLE,STABLE,0.8367,0.0741,0.8367,0.0892,random_forest
wheat,APMC Ulhasnagar,2026-08-21,3400.0,3400.0,0,0,STABLE,STABLE,0.4157,0.3295,0.4157,0.2548,random_forest
wheat,APMC Shevgaon,2026-08-21,2600.0,2700.0,1,1,INCREASE,INCREASE,0.4103,0.2425,0.3472,0.4103,random_forest
wheat,APMC Nagpur,2026-08-21,3425.0,3425.0,0,0,STABLE,STABLE,0.6201,0.2431,0.6201,0.1367,random_forest
wheat,APMC Kalyan,2026-08-21,3300.0,3400.0,1,0,INCREASE,STABLE,0.6387,0.1921,0.6387,0.1693,random_forest
wheat,APMC Malkapur,2026-08-21,2600.0,2650.0,1,0,INCREASE,STABLE,0.4177,0.207,0.4177,0.3753,random_forest
wheat,APMC Majalgaon,2026-08-21,2601.0,2610.0,0,0,STABLE,STABLE,0.6527,0.1762,0.6527,0.1712,random_forest
wheat,APMC Kopargaon,2026-08-21,2635.0,2617.0,0,1,STABLE,INCREASE,0.42,0.2032,0.3769,0.42,random_forest
wheat,APMC Jalana,2026-08-21,2600.0,2590.0,0,0,STABLE,STABLE,0.5028,0.2273,0.5028,0.2699,random_forest
wheat,APMC Hinganghat,2026-08-21,2600.0,2600.0,0,0,STABLE,STABLE,0.5672,0.207,0.5672,0.2258,random_forest
wheat,APMC Amarawati,2026-08-21,2642.0,2642.0,0,0,STABLE,STABLE,0.5291,0.2494,0.5291,0.2215,random_forest
wheat,APMC Akola,2026-08-21,2600.0,2650.0,1,0,INCREASE,STABLE,0.4246,0.1611,0.4246,0.4143,random_forest
wheat,APMC Mumbai,2026-08-21,3750.0,3750.0,0,0,STABLE,STABLE,0.7713,0.1209,0.7713,0.1078,random_forest
wheat,Lasalgaon(Niphad),2026-08-22,2711.0,2600.0,-1,0,DECREASE,STABLE,0.5952,0.1994,0.5952,0.2054,random_forest
wheat,APMC Solapur,2026-08-22,3710.0,3695.0,0,0,STABLE,STABLE,0.9008,0.0507,0.9008,0.0485,random_forest
wheat,APMC Shevgaon,2026-08-22,2650.0,2700.0,1,-1,INCREASE,DECREASE,0.4141,0.4141,0.2589,0.3269,random_forest
wheat,APMC Sangli,2026-08-22,3750.0,3500.0,-1,-1,DECREASE,DECREASE,0.6956,0.6956,0.2137,0.0907,random_forest
wheat,APMC Rahata,2026-08-22,2700.0,2600.0,-1,-1,DECREASE,DECREASE,0.5593,0.5593,0.2669,0.1738,random_forest
wheat,APMC Paithan,2026-08-22,2600.0,2650.0,1,0,INCREASE,STABLE,0.3938,0.2877,0.3938,0.3185,random_forest
wheat,APMC Nagpur,2026-08-22,3425.0,3425.0,0,0,STABLE,STABLE,0.5321,0.3073,0.5321,0.1605,random_forest
wheat,APMC Mumbai,2026-08-22,3750.0,3750.0,0,0,STABLE,STABLE,0.85,0.0873,0.85,0.0627,random_forest
wheat,APMC Jalana,2026-08-22,2672.0,2600.0,-1,-1,DECREASE,DECREASE,0.5404,0.5404,0.3039,0.1557,random_forest
wheat,APMC Majalgaon,2026-08-22,2610.0,2600.0,0,0,STABLE,STABLE,0.5979,0.1933,0.5979,0.2088,random_forest
wheat,APMC Kopargaon,2026-08-22,2651.0,2675.0,0,0,STABLE,STABLE,0.5581,0.2222,0.5581,0.2197,random_forest
wheat,Shevgaon(Bodhegaon),2026-08-22,2600.0,2600.0,0,0,STABLE,STABLE,0.4613,0.2498,0.4613,0.2889,random_forest
wheat,APMC Hinganghat,2026-08-22,2600.0,2600.0,0,0,STABLE,STABLE,0.5738,0.2054,0.5738,0.2208,random_forest
wheat,APMC Chattrapati Sambhajinagar,2026-08-22,2693.0,2721.0,0,0,STABLE,STABLE,0.5189,0.2393,0.5189,0.2419,random_forest
wheat,APMC Amarawati,2026-08-22,2642.0,2642.0,0,0,STABLE,STABLE,0.5774,0.2179,0.5774,0.2046,random_forest
wheat,APMC Akola,2026-08-22,2615.0,2620.0,0,0,STABLE,STABLE,0.4132,0.2047,0.4132,0.3821,random_forest
wheat,APMC Malkapur,2026-08-22,2630.0,2650.0,0,0,STABLE,STABLE,0.496,0.2754,0.496,0.2286,random_forest
wheat,APMC Ulhasnagar,2026-08-23,3600.0,3400.0,-1,-1,DECREASE,DECREASE,0.7284,0.7284,0.184,0.0876,random_forest
wheat,APMC Sillod,2026-08-23,2600.0,2600.0,0,0,STABLE,STABLE,0.4298,0.2556,0.4298,0.3147,random_forest
wheat,APMC Kalyan,2026-08-23,3300.0,3400.0,1,0,INCREASE,STABLE,0.6909,0.1948,0.6909,0.1143,random_forest
wheat,APMC Paithan,2026-08-23,2626.0,2650.0,0,0,STABLE,STABLE,0.3759,0.3265,0.3759,0.2975,random_forest
wheat,APMC Shevgaon,2026-08-24,2650.0,2600.0,-1,0,DECREASE,STABLE,0.4354,0.2941,0.4354,0.2705,random_forest
wheat,Shevgaon(Bodhegaon),2026-08-24,2600.0,2600.0,0,0,STABLE,STABLE,0.4683,0.2578,0.4683,0.274,random_forest
wheat,Lasalgaon(Niphad),2026-08-24,2700.0,2600.0,-1,0,DECREASE,STABLE,0.5943,0.2083,0.5943,0.1974,random_forest
wheat,APMC Ulhasnagar,2026-08-24,3600.0,3500.0,-1,-1,DECREASE,DECREASE,0.5331,0.5331,0.3444,0.1225,random_forest
wheat,APMC Solapur,2026-08-24,3700.0,3690.0,0,0,STABLE,STABLE,0.8367,0.0741,0.8367,0.0892,random_forest
wheat,APMC Sillod,2026-08-24,2600.0,2600.0,0,1,STABLE,INCREASE,0.3732,0.2783,0.3485,0.3732,random_forest
wheat,APMC Rahata,2026-08-24,2650.0,2621.0,0,0,STABLE,STABLE,0.3945,0.2642,0.3945,0.3412,random_forest
wheat,APMC Nagpur,2026-08-24,3425.0,3425.0,0,0,STABLE,STABLE,0.4071,0.3233,0.4071,0.2697,random_forest
wheat,APMC Mumbai,2026-08-24,3750.0,4200.0,1,0,INCREASE,STABLE,0.7733,0.1154,0.7733,0.1113,random_forest
wheat,APMC Malkapur,2026-08-24,2600.0,2650.0,1,0,INCREASE,STABLE,0.4102,0.2003,0.4102,0.3895,random_forest
wheat,APMC Majalgaon,2026-08-24,2591.0,2612.0,0,0,STABLE,STABLE,0.6453,0.1783,0.6453,0.1764,random_forest
wheat,APMC Kopargaon,2026-08-24,2644.0,2675.0,0,0,STABLE,STABLE,0.5603,0.2254,0.5603,0.2143,random_forest
wheat,APMC Kalyan,2026-08-24,3300.0,3400.0,1,0,INCREASE,STABLE,0.678,0.1768,0.678,0.1452,random_forest
wheat,APMC Jalana,2026-08-24,2590.0,2625.0,0,1,STABLE,INCREASE,0.4296,0.206,0.3644,0.4296,random_forest
wheat,APMC Hinganghat,2026-08-24,2600.0,2595.0,0,0,STABLE,STABLE,0.6081,0.196,0.6081,0.1959,random_forest
wheat,APMC Chattrapati Sambhajinagar,2026-08-24,2693.0,2695.0,0,0,STABLE,STABLE,0.4719,0.2493,0.4719,0.2788,random_forest
wheat,APMC Akola,2026-08-24,2600.0,2655.0,1,0,INCREASE,STABLE,0.5499,0.1962,0.5499,0.2539,random_forest
wheat,APMC Sangli,2026-08-25,3600.0,3750.0,1,-1,INCREASE,DECREASE,0.4605,0.4605,0.2646,0.2749,random_forest
wheat,APMC Shevgaon,2026-08-25,2700.0,2600.0,-1,-1,DECREASE,DECREASE,0.6139,0.6139,0.2373,0.1488,random_forest
wheat,APMC Sillod,2026-08-25,2600.0,2600.0,0,0,STABLE,STABLE,0.4571,0.2949,0.4571,0.248,random_forest
wheat,APMC Rahata,2026-08-25,2640.0,2650.0,0,0,STABLE,STABLE,0.4555,0.2562,0.4555,0.2883,random_forest
wheat,APMC Ulhasnagar,2026-08-25,3400.0,3600.0,1,0,INCREASE,STABLE,0.3853,0.3508,0.3853,0.264,random_forest
wheat,Lasalgaon(Niphad),2026-08-25,2700.0,2660.0,0,0,STABLE,STABLE,0.5953,0.2079,0.5953,0.1967,random_forest
wheat,Shevgaon(Bodhegaon),2026-08-25,2600.0,2650.0,1,0,INCREASE,STABLE,0.5068,0.2728,0.5068,0.2204,random_forest
wheat,APMC Solapur,2026-08-25,3690.0,3680.0,0,0,STABLE,STABLE,0.8923,0.0429,0.8923,0.0648,random_forest
wheat,APMC Paithan,2026-08-25,2625.0,2660.0,0,0,STABLE,STABLE,0.3828,0.2568,0.3828,0.3604,random_forest
wheat,APMC Amarawati,2026-08-25,2642.0,2642.0,0,0,STABLE,STABLE,0.6163,0.2174,0.6163,0.1664,random_forest
wheat,APMC Mumbai,2026-08-25,3750.0,4200.0,1,0,INCREASE,STABLE,0.8432,0.0906,0.8432,0.0663,random_forest
wheat,APMC Malkapur,2026-08-25,2650.0,2650.0,0,-1,STABLE,DECREASE,0.4844,0.4844,0.3227,0.193,random_forest
wheat,APMC Majalgaon,2026-08-25,2610.0,2651.0,1,0,INCREASE,STABLE,0.5963,0.1935,0.5963,0.2102,random_forest
wheat,APMC Kopargaon,2026-08-25,2617.0,2690.0,1,0,INCREASE,STABLE,0.5473,0.1988,0.5473,0.2539,random_forest
wheat,APMC Kalyan,2026-08-25,3400.0,3400.0,0,-1,STABLE,DECREASE,0.6183,0.6183,0.2455,0.1362,random_forest
wheat,APMC Jalana,2026-08-25,2590.0,2650.0,1,0,INCREASE,STABLE,0.4751,0.2429,0.4751,0.282,random_forest
wheat,APMC Hinganghat,2026-08-25,2600.0,2600.0,0,0,STABLE,STABLE,0.5629,0.2094,0.5629,0.2277,random_forest
wheat,APMC Chattrapati Sambhajinagar,2026-08-25,2690.0,2642.0,-1,0,DECREASE,STABLE,0.5477,0.2332,0.5477,0.2191,random_forest
wheat,APMC Nagpur,2026-08-25,3425.0,3425.0,0,0,STABLE,STABLE,0.7391,0.1679,0.7391,0.093,random_forest
wheat,Lasalgaon(Niphad),2026-08-26,2600.0,2712.0,1,1,INCREASE,INCREASE,0.6864,0.109,0.2046,0.6864,random_forest
wheat,APMC Ulhasnagar,2026-08-26,3400.0,3400.0,0,1,STABLE,INCREASE,0.3717,0.2656,0.3627,0.3717,random_forest
wheat,APMC Sillod,2026-08-26,2600.0,2600.0,0,0,STABLE,STABLE,0.5181,0.2141,0.5181,0.2678,random_forest
wheat,APMC Rahata,2026-08-26,2600.0,2730.0,1,1,INCREASE,INCREASE,0.5868,0.1617,0.2515,0.5868,random_forest
wheat,APMC Paithan,2026-08-26,2650.0,2680.0,0,0,STABLE,STABLE,0.3817,0.3145,0.3817,0.3038,random_forest
wheat,APMC Mumbai,2026-08-26,3750.0,4200.0,1,0,INCREASE,STABLE,0.7759,0.1128,0.7759,0.1113,random_forest
wheat,APMC Kalyan,2026-08-26,3400.0,3400.0,0,0,STABLE,STABLE,0.4058,0.4024,0.4058,0.1917,random_forest
wheat,Lasalgaon(Niphad),2026-08-27,2600.0,2735.0,1,1,INCREASE,INCREASE,0.4897,0.1661,0.3442,0.4897,random_forest
wheat,APMC Ulhasnagar,2026-08-27,3500.0,3400.0,-1,-1,DECREASE,DECREASE,0.5104,0.5104,0.2614,0.2282,random_forest
wheat,Shevgaon(Bodhegaon),2026-08-27,2600.0,2625.0,0,0,STABLE,STABLE,0.5019,0.2434,0.5019,0.2547,random_forest
wheat,APMC Solapur,2026-08-27,3695.0,3670.0,0,0,STABLE,STABLE,0.9278,0.0431,0.9278,0.0291,random_forest
wheat,APMC Sillod,2026-08-27,2600.0,2600.0,0,0,STABLE,STABLE,0.5125,0.2216,0.5125,0.2659,random_forest
wheat,APMC Sangli,2026-08-27,3500.0,3600.0,1,1,INCREASE,INCREASE,0.5448,0.1838,0.2714,0.5448,random_forest
wheat,APMC Rahata,2026-08-27,2621.0,2822.0,1,0,INCREASE,STABLE,0.4497,0.2473,0.4497,0.303,random_forest
wheat,APMC Paithan,2026-08-27,2650.0,2685.0,0,0,STABLE,STABLE,0.5228,0.2505,0.5228,0.2267,random_forest
wheat,APMC Nagpur,2026-08-27,3425.0,3425.0,0,0,STABLE,STABLE,0.7416,0.1668,0.7416,0.0917,random_forest
wheat,APMC Chattrapati Sambhajinagar,2026-08-27,2721.0,2664.0,-1,0,DECREASE,STABLE,0.4967,0.3085,0.4967,0.1948,random_forest
wheat,APMC Malkapur,2026-08-27,2650.0,2650.0,0,0,STABLE,STABLE,0.5214,0.2503,0.5214,0.2283,random_forest
wheat,APMC Majalgaon,2026-08-27,2600.0,2661.0,1,0,INCREASE,STABLE,0.6034,0.1761,0.6034,0.2205,random_forest
wheat,APMC Kopargaon,2026-08-27,2675.0,2645.0,0,-1,STABLE,DECREASE,0.4886,0.4886,0.3414,0.17,random_forest
wheat,APMC Kalyan,2026-08-27,3400.0,3300.0,-1,0,DECREASE,STABLE,0.4879,0.3874,0.4879,0.1247,random_forest
wheat,APMC Jalana,2026-08-27,2600.0,2725.0,1,1,INCREASE,INCREASE,0.4381,0.198,0.3638,0.4381,random_forest
wheat,APMC Hinganghat,2026-08-27,2600.0,2620.0,0,0,STABLE,STABLE,0.5683,0.2023,0.5683,0.2294,random_forest
wheat,APMC Amarawati,2026-08-27,2642.0,2642.0,0,0,STABLE,STABLE,0.5774,0.2205,0.5774,0.2021,random_forest
wheat,APMC Akola,2026-08-27,2650.0,2670.0,0,-1,STABLE,DECREASE,0.5137,0.5137,0.3166,0.1697,random_forest
wheat,APMC Mumbai,2026-08-27,4200.0,4200.0,0,-1,STABLE,DECREASE,0.666,0.666,0.2859,0.0481,random_forest
wheat,Shevgaon(Bodhegaon),2026-08-28,2600.0,2600.0,0,0,STABLE,STABLE,0.562,0.2035,0.562,0.2345,random_forest
wheat,APMC Solapur,2026-08-28,3690.0,3675.0,0,0,STABLE,STABLE,0.9243,0.0404,0.9243,0.0353,random_forest
wheat,APMC Nagpur,2026-08-28,3425.0,3425.0,0,0,STABLE,STABLE,0.5988,0.1986,0.5988,0.2026,random_forest
wheat,APMC Chattrapati Sambhajinagar,2026-08-28,2695.0,2775.0,1,0,INCREASE,STABLE,0.5824,0.2365,0.5824,0.1811,random_forest
wheat,APMC Paithan,2026-08-28,2660.0,2700.0,1,0,INCREASE,STABLE,0.5508,0.2393,0.5508,0.2099,random_forest
wheat,Shevgaon(Bodhegaon),2026-08-29,2650.0,2600.0,-1,-1,DECREASE,DECREASE,0.5904,0.5904,0.2616,0.148,random_forest
wheat,APMC Solapur,2026-08-29,3680.0,3670.0,0,0,STABLE,STABLE,0.8358,0.069,0.8358,0.0952,random_forest
wheat,APMC Shevgaon,2026-08-29,2700.0,2700.0,0,-1,STABLE,DECREASE,0.3922,0.3922,0.3786,0.2292,random_forest
wheat,APMC Paithan,2026-08-29,2680.0,2700.0,0,0,STABLE,STABLE,0.4575,0.3097,0.4575,0.2328,random_forest
wheat,APMC Mumbai,2026-08-29,4200.0,4200.0,0,-1,STABLE,DECREASE,0.4986,0.4986,0.3303,0.1711,random_forest
wheat,APMC Malkapur,2026-08-29,2650.0,2700.0,1,0,INCREASE,STABLE,0.4685,0.318,0.4685,0.2135,random_forest
wheat,Lasalgaon(Niphad),2026-08-29,2660.0,2671.0,0,0,STABLE,STABLE,0.4013,0.3601,0.4013,0.2386,random_forest
wheat,APMC Kopargaon,2026-08-29,2675.0,2718.0,1,0,INCREASE,STABLE,0.5267,0.2454,0.5267,0.2279,random_forest
wheat,APMC Jalana,2026-08-29,2625.0,2750.0,1,0,INCREASE,STABLE,0.4771,0.2552,0.4771,0.2677,random_forest
wheat,APMC Hinganghat,2026-08-29,2595.0,2630.0,0,0,STABLE,STABLE,0.5767,0.2067,0.5767,0.2166,random_forest
wheat,APMC Chattrapati Sambhajinagar,2026-08-29,2642.0,2828.0,1,1,INCREASE,INCREASE,0.5154,0.1763,0.3082,0.5154,random_forest
wheat,APMC Amarawati,2026-08-29,2642.0,2642.0,0,0,STABLE,STABLE,0.5776,0.2159,0.5776,0.2064,random_forest
wheat,APMC Akola,2026-08-29,2620.0,2665.0,1,0,INCREASE,STABLE,0.5233,0.2172,0.5233,0.2595,random_forest
wheat,APMC Ulhasnagar,2026-08-30,3600.0,3400.0,-1,-1,DECREASE,DECREASE,0.6995,0.6995,0.1774,0.1232,random_forest
wheat,APMC Sillod,2026-08-30,2600.0,2600.0,0,0,STABLE,STABLE,0.4771,0.1935,0.4771,0.3294,random_forest
wheat,APMC Kalyan,2026-08-30,3400.0,3300.0,-1,0,DECREASE,STABLE,0.5127,0.2961,0.5127,0.1912,random_forest
wheat,APMC Paithan,2026-08-30,2685.0,2600.0,-1,0,DECREASE,STABLE,0.4132,0.3095,0.4132,0.2774,random_forest
wheat,Lasalgaon(Niphad),2026-08-31,2712.0,2740.0,0,-1,STABLE,DECREASE,0.5323,0.5323,0.328,0.1396,random_forest
wheat,APMC Ulhasnagar,2026-08-31,3400.0,3000.0,-1,1,DECREASE,INCREASE,0.3612,0.3095,0.3293,0.3612,random_forest
wheat,Shevgaon(Bodhegaon),2026-08-31,2625.0,2725.0,1,0,INCREASE,STABLE,0.552,0.2074,0.552,0.2406,random_forest
wheat,APMC Solapur,2026-08-31,3670.0,3665.0,0,0,STABLE,STABLE,0.9179,0.0416,0.9179,0.0404,random_forest
wheat,APMC Sillod,2026-08-31,2600.0,2600.0,0,0,STABLE,STABLE,0.5286,0.1994,0.5286,0.272,random_forest
wheat,APMC Mumbai,2026-08-31,4200.0,4200.0,0,-1,STABLE,DECREASE,0.4761,0.4761,0.3797,0.1442,random_forest
wheat,APMC Chattrapati Sambhajinagar,2026-08-31,2664.0,2826.0,1,1,INCREASE,INCREASE,0.4739,0.2115,0.3147,0.4739,random_forest
wheat,APMC Kalyan,2026-08-31,3400.0,3300.0,-1,0,DECREASE,STABLE,0.5281,0.2824,0.5281,0.1894,random_forest
wheat,APMC Jalana,2026-08-31,2650.0,2725.0,1,0,INCREASE,STABLE,0.436,0.3261,0.436,0.2379,random_forest
wheat,APMC Hinganghat,2026-08-31,2600.0,2600.0,0,0,STABLE,STABLE,0.5876,0.1866,0.5876,0.2258,random_forest
wheat,APMC Amarawati,2026-08-31,2642.0,2642.0,0,0,STABLE,STABLE,0.5664,0.2079,0.5664,0.2257,random_forest
wheat,APMC Malkapur,2026-08-31,2650.0,2700.0,1,0,INCREASE,STABLE,0.5378,0.2129,0.5378,0.2493,random_forest
cotton,APMC Hinganghat,2026-02-13,7900.0,7790.0,-1,0,DECREASE,STABLE,0.6337,0.0731,0.6337,0.2933,gradient_boosting
cotton,APMC Hinganghat,2026-02-16,7880.0,7780.0,-1,0,DECREASE,STABLE,0.7167,0.0494,0.7167,0.2339,gradient_boosting
cotton,APMC Hinganghat,2026-02-17,7890.0,7885.0,0,0,STABLE,STABLE,0.5529,0.0851,0.5529,0.362,gradient_boosting
cotton,APMC Hinganghat,2026-02-18,7790.0,7800.0,0,0,STABLE,STABLE,0.7152,0.0788,0.7152,0.206,gradient_boosting
cotton,APMC Hinganghat,2026-02-19,7780.0,7780.0,0,0,STABLE,STABLE,0.7323,0.1259,0.7323,0.1418,gradient_boosting
cotton,APMC Hinganghat,2026-02-20,7885.0,7820.0,0,0,STABLE,STABLE,0.7706,0.1198,0.7706,0.1097,gradient_boosting
cotton,APMC Hinganghat,2026-02-21,7800.0,7800.0,0,0,STABLE,STABLE,0.7462,0.0756,0.7462,0.1782,gradient_boosting
cotton,APMC Hinganghat,2026-02-23,7780.0,7830.0,0,0,STABLE,STABLE,0.5257,0.2806,0.5257,0.1937,gradient_boosting
cotton,APMC Hinganghat,2026-02-24,7820.0,7860.0,0,0,STABLE,STABLE,0.5958,0.2364,0.5958,0.1678,gradient_boosting
cotton,APMC Hinganghat,2026-02-25,7800.0,7800.0,0,0,STABLE,STABLE,0.4626,0.2495,0.4626,0.2878,gradient_boosting
cotton,APMC Hinganghat,2026-02-26,7830.0,7850.0,0,0,STABLE,STABLE,0.4794,0.2892,0.4794,0.2314,gradient_boosting
cotton,APMC Hinganghat,2026-02-27,7860.0,7870.0,0,0,STABLE,STABLE,0.5186,0.3128,0.5186,0.1686,gradient_boosting
cotton,APMC Hinganghat,2026-02-28,7800.0,7900.0,1,0,INCREASE,STABLE,0.4267,0.2764,0.4267,0.2969,gradient_boosting
cotton,APMC Hinganghat,2026-03-05,7850.0,7830.0,0,0,STABLE,STABLE,0.5793,0.1922,0.5793,0.2285,gradient_boosting
cotton,APMC Hinganghat,2026-03-06,7870.0,7800.0,0,0,STABLE,STABLE,0.5793,0.1922,0.5793,0.2285,gradient_boosting
cotton,APMC Hinganghat,2026-03-09,7900.0,7830.0,0,0,STABLE,STABLE,0.549,0.2463,0.549,0.2047,gradient_boosting
cotton,APMC Hinganghat,2026-03-10,7830.0,7800.0,0,0,STABLE,STABLE,0.5451,0.214,0.5451,0.2409,gradient_boosting
cotton,APMC Hinganghat,2026-03-11,7800.0,7800.0,0,0,STABLE,STABLE,0.6412,0.0422,0.6412,0.3166,gradient_boosting
cotton,APMC Hinganghat,2026-03-12,7830.0,7900.0,0,0,STABLE,STABLE,0.6631,0.0437,0.6631,0.2932,gradient_boosting
cotton,APMC Hinganghat,2026-03-13,7800.0,8000.0,1,1,INCREASE,INCREASE,0.5954,0.0224,0.3822,0.5954,gradient_boosting
cotton,APMC Hinganghat,2026-03-16,7800.0,7900.0,1,1,INCREASE,INCREASE,0.8022,0.013,0.1848,0.8022,gradient_boosting
cotton,APMC Hinganghat,2026-03-17,7900.0,7900.0,0,0,STABLE,STABLE,0.6203,0.1429,0.6203,0.2368,gradient_boosting
cotton,APMC Hinganghat,2026-03-18,8000.0,7900.0,-1,-1,DECREASE,DECREASE,0.6741,0.6741,0.244,0.0819,gradient_boosting
cotton,APMC Hinganghat,2026-03-20,7900.0,7950.0,0,0,STABLE,STABLE,0.7033,0.0832,0.7033,0.2135,gradient_boosting
cotton,APMC Hinganghat,2026-03-21,7900.0,7900.0,0,0,STABLE,STABLE,0.6532,0.0876,0.6532,0.2592,gradient_boosting
cotton,APMC Hinganghat,2026-03-23,7900.0,7900.0,0,0,STABLE,STABLE,0.6391,0.0732,0.6391,0.2877,gradient_boosting
cotton,APMC Hinganghat,2026-03-24,7950.0,8000.0,0,0,STABLE,STABLE,0.5235,0.2802,0.5235,0.1963,gradient_boosting
cotton,APMC Hinganghat,2026-03-25,7900.0,8000.0,1,0,INCREASE,STABLE,0.7181,0.0428,0.7181,0.2391,gradient_boosting
cotton,APMC Hinganghat,2026-03-27,7900.0,8100.0,1,0,INCREASE,STABLE,0.6352,0.0855,0.6352,0.2794,gradient_boosting
cotton,APMC Hinganghat,2026-03-28,8000.0,8000.0,0,0,STABLE,STABLE,0.6358,0.1702,0.6358,0.194,gradient_boosting
cotton,APMC Hinganghat,2026-03-30,8000.0,8000.0,0,0,STABLE,STABLE,0.6594,0.1267,0.6594,0.2139,gradient_boosting
cotton,APMC Hinganghat,2026-03-31,8100.0,8100.0,0,-1,STABLE,DECREASE,0.8224,0.8224,0.156,0.0216,gradient_boosting
cotton,APMC Hinganghat,2026-04-01,8000.0,8100.0,1,-1,INCREASE,DECREASE,0.5588,0.5588,0.3985,0.0427,gradient_boosting
cotton,APMC Hinganghat,2026-04-02,8000.0,8200.0,1,0,INCREASE,STABLE,0.6556,0.2776,0.6556,0.0668,gradient_boosting
cotton,APMC Hinganghat,2026-04-03,8100.0,8200.0,1,-1,INCREASE,DECREASE,0.675,0.675,0.2697,0.0552,gradient_boosting
cotton,APMC Hinganghat,2026-04-04,8100.0,8000.0,-1,-1,DECREASE,DECREASE,0.6477,0.6477,0.297,0.0553,gradient_boosting
cotton,APMC Hinganghat,2026-04-06,8200.0,8000.0,-1,-1,DECREASE,DECREASE,0.9085,0.9085,0.0811,0.0104,gradient_boosting
cotton,APMC Hinganghat,2026-04-07,8200.0,8000.0,-1,-1,DECREASE,DECREASE,0.8295,0.8295,0.1562,0.0143,gradient_boosting
cotton,APMC Hinganghat,2026-04-08,8000.0,8000.0,0,-1,STABLE,DECREASE,0.4993,0.4993,0.4528,0.0479,gradient_boosting
cotton,APMC Hinganghat,2026-04-09,8000.0,8000.0,0,0,STABLE,STABLE,0.498,0.4011,0.498,0.101,gradient_boosting
cotton,APMC Hinganghat,2026-04-10,8000.0,8100.0,1,0,INCREASE,STABLE,0.6525,0.2145,0.6525,0.133,gradient_boosting
cotton,APMC Hinganghat,2026-04-11,8000.0,8000.0,0,0,STABLE,STABLE,0.4909,0.4446,0.4909,0.0645,gradient_boosting
cotton,APMC Hinganghat,2026-04-13,8000.0,8200.0,1,-1,INCREASE,DECREASE,0.474,0.474,0.4651,0.0609,gradient_boosting
cotton,APMC Hinganghat,2026-04-15,8100.0,8000.0,-1,-1,DECREASE,DECREASE,0.6026,0.6026,0.353,0.0444,gradient_boosting
cotton,APMC Hinganghat,2026-04-16,8000.0,8200.0,1,0,INCREASE,STABLE,0.5,0.4037,0.5,0.0963,gradient_boosting
cotton,APMC Hinganghat,2026-04-20,8200.0,8200.0,0,0,STABLE,STABLE,0.539,0.4089,0.539,0.0521,gradient_boosting
cotton,APMC Hinganghat,2026-04-21,8000.0,8200.0,1,0,INCREASE,STABLE,0.7132,0.2312,0.7132,0.0555,gradient_boosting
cotton,APMC Hinganghat,2026-04-23,8200.0,8200.0,0,0,STABLE,STABLE,0.6701,0.2393,0.6701,0.0907,gradient_boosting
cotton,APMC Hinganghat,2026-04-24,8200.0,8200.0,0,-1,STABLE,DECREASE,0.5412,0.5412,0.4119,0.0469,gradient_boosting
cotton,APMC Hinganghat,2026-04-25,8200.0,8300.0,1,0,INCREASE,STABLE,0.703,0.2173,0.703,0.0798,gradient_boosting
cotton,APMC Hinganghat,2026-04-27,8200.0,8300.0,1,0,INCREASE,STABLE,0.6281,0.3059,0.6281,0.066,gradient_boosting
cotton,APMC Hinganghat,2026-04-28,8200.0,8000.0,-1,-1,DECREASE,DECREASE,0.513,0.513,0.4431,0.0439,gradient_boosting
cotton,APMC Hinganghat,2026-04-29,8300.0,8200.0,-1,-1,DECREASE,DECREASE,0.8778,0.8778,0.0988,0.0234,gradient_boosting
cotton,APMC Hinganghat,2026-04-30,8300.0,8000.0,-1,-1,DECREASE,DECREASE,0.8431,0.8431,0.1388,0.0181,gradient_boosting
cotton,APMC Hinganghat,2026-05-01,8000.0,8500.0,1,0,INCREASE,STABLE,0.4458,0.3029,0.4458,0.2513,gradient_boosting
cotton,APMC Hinganghat,2026-05-02,8200.0,8200.0,0,-1,STABLE,DECREASE,0.8772,0.8772,0.1139,0.0089,gradient_boosting
cotton,APMC Hinganghat,2026-05-05,8000.0,8500.0,1,1,INCREASE,INCREASE,0.4027,0.2295,0.3678,0.4027,gradient_boosting
cotton,APMC Hinganghat,2026-05-06,8500.0,8500.0,0,-1,STABLE,DECREASE,0.5716,0.5716,0.3625,0.0659,gradient_boosting
cotton,APMC Hinganghat,2026-05-07,8200.0,8500.0,1,-1,INCREASE,DECREASE,0.8761,0.8761,0.1016,0.0223,gradient_boosting
cotton,APMC Hinganghat,2026-05-11,8500.0,8500.0,0,-1,STABLE,DECREASE,0.6661,0.6661,0.1924,0.1414,gradient_boosting
cotton,APMC Hinganghat,2026-05-12,8500.0,8500.0,0,-1,STABLE,DECREASE,0.8956,0.8956,0.0551,0.0493,gradient_boosting
cotton,APMC Hinganghat,2026-05-13,8500.0,8500.0,0,-1,STABLE,DECREASE,0.5957,0.5957,0.1609,0.2434,gradient_boosting
cotton,APMC Hinganghat,2026-05-14,8500.0,8500.0,0,-1,STABLE,DECREASE,0.912,0.912,0.0343,0.0537,gradient_boosting
cotton,APMC Hinganghat,2026-05-15,8500.0,8000.0,-1,-1,DECREASE,DECREASE,0.912,0.912,0.0343,0.0537,gradient_boosting
cotton,APMC Hinganghat,2026-05-16,8500.0,8200.0,-1,-1,DECREASE,DECREASE,0.8214,0.8214,0.1334,0.0452,gradient_boosting
cotton,APMC Hinganghat,2026-05-18,8500.0,8200.0,-1,-1,DECREASE,DECREASE,0.8568,0.8568,0.0978,0.0454,gradient_boosting
cotton,APMC Hinganghat,2026-05-19,8000.0,8500.0,1,1,INCREASE,INCREASE,0.4867,0.2681,0.2451,0.4867,gradient_boosting
cotton,APMC Hinganghat,2026-05-20,8200.0,8200.0,0,1,STABLE,INCREASE,0.5334,0.3804,0.0862,0.5334,gradient_boosting
cotton,APMC Hinganghat,2026-05-21,8200.0,8210.0,0,-1,STABLE,DECREASE,0.5355,0.5355,0.0574,0.4071,gradient_boosting
cotton,APMC Hinganghat,2026-05-23,8500.0,8400.0,-1,-1,DECREASE,DECREASE,0.6638,0.6638,0.1793,0.1568,gradient_boosting
cotton,APMC Hinganghat,2026-05-25,8200.0,8200.0,0,-1,STABLE,DECREASE,0.8604,0.8604,0.0521,0.0875,gradient_boosting
cotton,APMC Hinganghat,2026-05-26,8210.0,8200.0,0,-1,STABLE,DECREASE,0.6717,0.6717,0.0843,0.2439,gradient_boosting
cotton,APMC Hinganghat,2026-05-27,8400.0,8100.0,-1,-1,DECREASE,DECREASE,0.94,0.94,0.0281,0.0319,gradient_boosting
cotton,APMC Hinganghat,2026-05-29,8200.0,8000.0,-1,-1,DECREASE,DECREASE,0.7237,0.7237,0.0936,0.1827,gradient_boosting
cotton,APMC Hinganghat,2026-05-30,8200.0,8200.0,0,-1,STABLE,DECREASE,0.5818,0.5818,0.2325,0.1857,gradient_boosting
cotton,APMC Hinganghat,2026-06-02,8100.0,8000.0,-1,1,DECREASE,INCREASE,0.4968,0.3521,0.1511,0.4968,gradient_boosting
cotton,APMC Hinganghat,2026-06-03,8000.0,8200.0,1,1,INCREASE,INCREASE,0.5333,0.3932,0.0734,0.5333,gradient_boosting
cotton,APMC Hinganghat,2026-06-04,8200.0,8000.0,-1,-1,DECREASE,DECREASE,0.8155,0.8155,0.0952,0.0893,gradient_boosting
cotton,APMC Hinganghat,2026-06-05,8000.0,8000.0,0,-1,STABLE,DECREASE,0.511,0.511,0.2291,0.2599,gradient_boosting
cotton,APMC Hinganghat,2026-06-06,8200.0,8000.0,-1,-1,DECREASE,DECREASE,0.5238,0.5238,0.1079,0.3683,gradient_boosting
